arrival_s,arrived,clearance_p05_m,collision_events,collision_free_success,collision_samples,command_acc_peak_mps2,command_acc_rms_mps2,command_active_fraction,command_jerk_p95_mps3,command_jerk_rms_mps3,condition,duration_s,experiment,final_error_m,lane_order,map_seed,max_speed_mps,maze_type,mean_speed_mps,min_clearance_m,model,path_efficiency,path_length_m,role,scenario,source,timeout_penalized_s,turn_response_penalized_s,turn_response_s,valid_start
8.7894,True,0.7284370779991151,0,True,0,5.9822662471726735,3.6260861974947014,1.0,15.222695900389656,8.682631776571808,maze1_seed1_dynamic.json,8.76998,inner_topk3,1.0205670617789142,normal,1,6.006592600030583,1,4.079440647599576,0.5916079878807068,minco-baseline,0.4728497670137898,35.77664346304815,baseline,dynamic,maze1_seed1_dynamic.json,8.7894,8.106993224000112,8.106993224000112,True
,False,0.0,1,False,886,4.674202838148764,3.285050454211993,0.4228571428571429,16.047773098925532,9.100937641507173,maze1_seed1_dynamic.json,17.48998,inner_topk3,3.518921437963851,normal,1,5.739473713849763,1,2.0952960473638065,0.0,inner_topk3,0.4610513525976224,36.646648282928,variant,dynamic,maze1_seed1_dynamic.json,17.499873224000112,17.499873224000112,,True
7.783,True,0.7620990335941314,0,True,0,5.525228958816068,3.517358897787986,1.0,14.8455584136695,8.30298927118375,maze1_seed1_dynamic.json,7.77999,inner_topk3,0.9914418316982918,swapped,1,6.00440550767157,1,4.258392250682251,0.6480740904808044,minco-baseline,0.5119649933527249,33.130183686962894,baseline,dynamic,maze1_seed1_dynamic_swapped.json,7.783,7.783000000000001,,True
9.6608,True,0.8645772337913513,0,True,0,5.7963387680335545,3.5645204907500263,0.9420289855072463,13.956211212815836,8.643459629166443,maze1_seed1_dynamic.json,9.650020000000001,inner_topk3,1.0054055837341345,swapped,1,5.828243797129162,1,3.9740778734453146,0.800000011920929,inner_topk3,0.43602161283127217,38.34973733958557,variant,dynamic,maze1_seed1_dynamic_swapped.json,9.6608,8.576742435999856,8.576742435999856,True
9.7955,True,0.8124038577079773,0,True,0,6.184008547317713,3.450437861079249,0.9918032786885246,20.31021964530754,11.35184546077336,maze1_seed1_straight.json,9.78,inner_topk3,1.0005916167702926,normal,1,6.033505372523736,1,3.4077065456551603,0.7483315467834473,minco-baseline,0.6001100596567135,33.32722269546075,baseline,straight,maze1_seed1_straight.json,9.7955,1.09929,1.09929,True
19.5989,True,0.5588932186365128,0,True,0,6.164143827370534,3.5812100011722965,0.9754010695187165,20.23660203609388,11.158465150614564,maze1_seed1_straight.json,19.59873,inner_topk3,0.9799162573769336,normal,1,5.855767301856422,1,3.1392533110434724,0.37416577339172363,inner_topk3,0.3250700251272222,61.5252101209213,variant,straight,maze1_seed1_straight.json,19.5989,1.89688,1.89688,True
9.8437,True,0.8246211409568787,0,True,0,6.473940638688449,3.4600399524447787,1.0,19.86099295384437,11.21761889400833,maze1_seed1_straight.json,9.82997,inner_topk3,1.005565023126295,swapped,1,6.025811907560728,1,3.402346349525346,0.7211102843284607,minco-baseline,0.5979997532577903,33.44483252878012,baseline,straight,maze1_seed1_straight_swapped.json,9.8437,1.09343,1.09343,True
19.9501,True,0.6480740904808044,0,True,0,6.33478910140809,3.319196471486033,1.0,18.249157483163298,10.368783289349535,maze1_seed1_straight.json,19.93998,inner_topk3,1.001660203438206,swapped,1,5.932284443897472,1,2.9311251087049532,0.41231057047843933,inner_topk3,0.34219461600369194,58.44627783314641,variant,straight,maze1_seed1_straight_swapped.json,19.9501,1.01042,1.01042,True
,False,0.4242640733718872,0,False,0,6.874321662592693,3.81444025659522,1.0,21.50625369253882,11.80991243313121,maze1_seed2_dynamic.json,17.490000000000002,inner_topk3,2.3236746107073913,normal,2,5.996007320560503,1,3.2519016378478054,0.2828427255153656,minco-baseline,0.31517699187302217,56.87548315272109,baseline,dynamic,maze1_seed2_dynamic.json,17.499872761000006,3.735862761000006,3.735862761000006,True
,False,0.5069314002990722,0,False,0,7.3811560578394975,3.9001753456566175,1.0,21.0131052362721,12.074697809404348,maze1_seed2_dynamic.json,17.490009999999998,inner_topk3,2.116632860666461,normal,2,5.774077992380085,1,3.297987947356874,0.33166247606277466,inner_topk3,0.29234644822630707,57.68149050383926,variant,dynamic,maze1_seed2_dynamic.json,17.499872761000006,3.531922761000006,3.531922761000006,True
,False,0.4324021518230438,0,False,0,7.117826667003347,3.8587894955012856,1.0,21.02396619328203,11.824759853392994,maze1_seed2_dynamic.json,17.48999,inner_topk3,2.564810991943353,swapped,2,6.005431905484657,1,3.2715748896383348,0.24494898319244385,minco-baseline,0.31835179311702416,57.219483692254535,baseline,dynamic,maze1_seed2_dynamic_swapped.json,17.499644473000444,3.838054473000444,3.838054473000444,True
,False,0.5489504158496857,0,False,0,7.274166032769183,3.8134021886755254,1.0,20.96684515383613,11.43828229319476,maze1_seed2_dynamic.json,17.490000000000002,inner_topk3,1.7765297734504621,swapped,2,5.801205974437299,1,3.2570403706214064,0.30000001192092896,inner_topk3,0.31778714094687527,56.96535528189193,variant,dynamic,maze1_seed2_dynamic_swapped.json,17.499644473000444,1.8407744730004438,1.8407744730004438,True
,False,0.4937082886695863,0,False,0,6.017875990506228,3.6606302733329974,0.985985985985986,18.645306238297916,10.669828668726725,maze1_seed2_straight.json,19.98998,inner_topk3,2.093625267375441,normal,2,5.949875659380562,1,3.160775249480152,0.1414213627576828,minco-baseline,0.31653817867651346,63.18353660714267,baseline,straight,maze1_seed2_straight.json,20.0,0.30505,0.30505,True
,False,0.22360680997371674,0,False,0,5.846654343814334,3.655059703091118,0.9874213836477987,15.773304010614758,9.268369178144322,maze1_seed2_straight.json,19.98998,inner_topk3,2.2206086395049125,normal,2,5.93741455406668,1,3.3520136062277244,0.1414213627576828,inner_topk3,0.298478510523107,67.0065043038239,variant,straight,maze1_seed2_straight.json,20.0,1.22388,1.22388,True
,False,0.4937082886695863,0,False,0,5.734255109480967,3.657235224217744,0.987987987987988,18.961835985915002,10.17832320408675,maze1_seed2_straight.json,19.98997,inner_topk3,2.343889076087971,swapped,2,6.127159186422003,1,3.248160584810677,0.1414213627576828,minco-baseline,0.3080219395663591,64.93044498103998,baseline,straight,maze1_seed2_straight_swapped.json,20.0,0.31806,0.31806,True
,False,0.4937082886695863,0,False,0,5.963001704340937,3.7226492380381164,0.9879759519038076,16.395017511801267,10.021130669757994,maze1_seed2_straight.json,19.990009999999998,inner_topk3,2.42184400071667,swapped,2,6.098067348581979,1,3.496634233323481,0.1414213627576828,inner_topk3,0.2861334507913873,69.89746058928202,variant,straight,maze1_seed2_straight_swapped.json,20.0,0.44142,0.44142,True
8.1156,True,0.7681145668029785,0,True,0,5.636541961226343,3.7602968826895866,1.0,14.561838919579397,8.62881838498643,maze1_seed3_dynamic.json,8.10002,inner_topk3,1.0044356923396789,normal,3,6.0071192472300465,1,4.371912572227833,0.6633249521255493,minco-baseline,0.45051881625239787,35.41235313322028,baseline,dynamic,maze1_seed3_dynamic.json,8.1156,7.048684518000828,7.048684518000828,True
,False,0.6934699416160583,0,False,0,5.567039284567376,3.4754885425580695,1.0,16.285561429864902,9.429299969017633,maze1_seed3_dynamic.json,17.48998,inner_topk3,4.565681237247519,normal,3,5.969646223238591,1,3.7901164813152683,0.5830951929092407,inner_topk3,0.2417873765725713,66.28890538248804,variant,dynamic,maze1_seed3_dynamic.json,17.499844518000828,17.499844518000828,,True
8.1627,True,0.7681145668029785,0,True,0,5.749982586916363,3.763212120670294,1.0,14.575716680486698,8.73031631127617,maze1_seed3_dynamic.json,8.150030000000001,inner_topk3,1.0039943255529935,swapped,3,6.014904493223239,1,4.37231893554492,0.6782330274581909,minco-baseline,0.4475632094682957,35.63428662905764,baseline,dynamic,maze1_seed3_dynamic_swapped.json,8.1627,7.064947183000131,7.064947183000131,True
,False,0.7147772133350373,0,False,0,5.796849010244424,3.5333134152165036,1.0,19.12961751055422,10.153704005288528,maze1_seed3_dynamic.json,17.490009999999998,inner_topk3,3.2516775238610927,swapped,3,5.957909621482051,1,3.7352329542021323,0.5744562745094299,inner_topk3,0.24533640301607598,65.32893352756241,variant,dynamic,maze1_seed3_dynamic_swapped.json,17.49985718300013,17.49985718300013,,True
4.3037,True,0.783545070886612,0,True,0,5.488668158964413,3.1547000559567198,1.0,16.792276191367055,8.947447880505148,maze1_seed3_straight.json,4.28999,inner_topk3,1.0151642770237577,normal,3,5.993023569789403,1,4.5332808568303795,0.7483315467834473,minco-baseline,1.0,19.44774731373886,baseline,straight,maze1_seed3_straight.json,4.3037,0.35326,0.35326,True
4.309,True,0.7810249924659729,0,True,0,5.195542515227619,3.1819518636773187,1.0,17.05545436300626,9.283473429630412,maze1_seed3_straight.json,4.28999,inner_topk3,1.0049744432298993,normal,3,6.087911280871275,1,4.546753962059426,0.7483315467834473,inner_topk3,1.0,19.505624293674078,variant,straight,maze1_seed3_straight.json,4.309,0.69326,0.69326,True
4.2999,True,0.785988736152649,0,True,0,5.465629195224824,3.167517738468326,1.0,18.007494829291083,9.281286087590404,maze1_seed3_straight.json,4.29976,inner_topk3,0.9751992194025465,swapped,3,5.991751245618774,1,4.530698344633145,0.7483315467834473,minco-baseline,1.0,19.48092194522193,baseline,straight,maze1_seed3_straight_swapped.json,4.2999,0.3378,0.3378,True
4.2842,True,0.785988736152649,0,True,0,5.17942541705715,3.148910585830537,1.0,16.429627925274467,8.99884938102469,maze1_seed3_straight.json,4.26999,inner_topk3,1.020106101299421,swapped,3,6.090237953345302,1,4.561380119884936,0.7483315467834473,inner_topk3,1.0,19.47709737230356,variant,straight,maze1_seed3_straight_swapped.json,4.2842,0.71818,0.71818,True
9.014,True,0.7000000476837158,0,True,0,5.721892599617182,3.5225583446526776,1.0,17.0397720356402,9.350265341036527,maze1_seed4_dynamic.json,9.00996,inner_topk3,0.9923258889285307,normal,4,5.976812749131075,1,3.833012693306708,0.6000000238418579,minco-baseline,0.4114713257481133,34.535381799691535,baseline,dynamic,maze1_seed4_dynamic.json,9.014,8.20635872000045,8.20635872000045,True
,False,0.5744562745094299,0,False,0,5.937564321077985,3.1800634913721417,0.9931428571428571,16.191877452975387,9.09531483125279,maze1_seed4_dynamic.json,17.49025,inner_topk3,2.3820859008432707,normal,4,5.821418236773312,1,3.1391916023829345,0.5099020004272461,inner_topk3,0.260808022712948,54.90422178090736,variant,dynamic,maze1_seed4_dynamic.json,17.49986872000045,2.10669872000045,2.10669872000045,True
,False,0.5518643856048584,0,False,0,5.200303882452922,3.045466839888476,0.8982857142857142,16.696759039217756,9.455199474616819,maze1_seed4_dynamic.json,17.48991,inner_topk3,2.709268455599253,swapped,4,5.742815375770923,1,3.0500238041978127,0.36055514216423035,minco-baseline,0.26635735520288,53.34488947628938,baseline,dynamic,maze1_seed4_dynamic_swapped.json,17.49983321700165,2.384943217001651,2.384943217001651,True
,False,0.5269615650177002,0,False,0,5.778575556845646,3.04842620809319,0.968,16.740494322224727,8.926379891621664,maze1_seed4_dynamic.json,17.48999,inner_topk3,2.8218815520064746,swapped,4,5.893083797369138,1,3.1928123310541054,0.30000001192092896,inner_topk3,0.2538594403068258,55.842214004252384,variant,dynamic,maze1_seed4_dynamic_swapped.json,17.49983321700165,2.662323217001651,2.662323217001651,True
4.4334,True,0.5943538576364518,0,True,0,4.906250641800649,3.0898581075869287,1.0,14.895516189556062,8.967206199538179,maze1_seed4_straight.json,4.4299800000000005,inner_topk3,0.984677257515287,normal,4,5.956181143095903,1,4.4828604927898805,0.5099020004272461,minco-baseline,1.0,19.859061927627252,baseline,straight,maze1_seed4_straight.json,4.4334,0.36326,0.36326,True
4.438,True,0.5780437469482422,0,True,0,5.080514403090548,3.1142311082819654,1.0,15.882606276428206,8.781763531278953,maze1_seed4_straight.json,4.42,inner_topk3,1.001665949663426,normal,4,5.990382254102989,1,4.486379453899146,0.4000000059604645,inner_topk3,1.0,19.829831095324913,variant,straight,maze1_seed4_straight.json,4.438,0.34575,0.34575,True
4.4266,True,0.596253976225853,0,True,0,4.908407807652804,3.077886372013119,1.0,14.986397192966171,8.893981949043551,maze1_seed4_straight.json,4.40999,inner_topk3,1.0128156469268297,swapped,4,5.946011227434259,1,4.495977573831428,0.4898979663848877,minco-baseline,1.0,19.82728334779496,baseline,straight,maze1_seed4_straight_swapped.json,4.4266,0.35551,0.35551,True
4.4021,True,0.5780437469482422,0,True,0,5.054574631406414,3.0772781334737287,1.0,15.405335617097336,8.755769178280637,maze1_seed4_straight.json,4.390020000000001,inner_topk3,1.0081513913145508,swapped,4,5.977561667347639,1,4.494482995620885,0.41231057047843933,inner_topk3,1.0,19.730772247890293,variant,straight,maze1_seed4_straight_swapped.json,4.4021,0.31549,0.31549,True
,False,0.7442861676216126,0,False,0,6.276910922657206,3.829076398198246,1.0,19.450313475892145,11.267933150049224,maze1_seed5_dynamic.json,17.490000000000002,inner_topk3,3.115341450457992,normal,5,6.103143202795477,1,3.1712989046887454,0.6782330274581909,minco-baseline,0.2907610096609858,55.4656168982482,baseline,dynamic,maze1_seed5_dynamic.json,17.4998673959999,1.4313073959998994,1.4313073959998994,True
,False,0.5805035173892975,0,False,0,6.08547403058363,3.581336311647679,1.0,19.72034982895201,11.034173864797,maze1_seed5_dynamic.json,17.48994,inner_topk3,1.8224493424939787,normal,5,5.724737190592846,1,3.33738459598922,0.4242640733718872,inner_topk3,0.277752237313747,58.370742136659246,variant,dynamic,maze1_seed5_dynamic.json,17.4998673959999,3.8323173959998993,3.8323173959998993,True
,False,0.7327961683273315,0,False,0,6.2553779791678865,3.7808966990604342,1.0,19.28955207069232,11.163653960174619,maze1_seed5_dynamic.json,17.48998,inner_topk3,3.101502328414839,swapped,5,6.184584321142887,1,3.157671704748282,0.6557438969612122,minco-baseline,0.2908410318199153,55.22734076934765,baseline,dynamic,maze1_seed5_dynamic_swapped.json,17.499852541999644,1.450512541999644,1.450512541999644,True
,False,0.7000000476837158,0,False,0,5.940620447549967,3.561578916129161,0.9748571428571429,17.551625796466443,10.183541046922288,maze1_seed5_dynamic.json,17.49003,inner_topk3,3.916981732581193,swapped,5,5.763237352369865,1,3.4971875657704152,0.6082763075828552,inner_topk3,0.2643893586811178,61.165552226684746,variant,dynamic,maze1_seed5_dynamic_swapped.json,17.499852541999644,3.850872541999644,3.850872541999644,True
,False,0.6399195909500122,0,False,0,5.8358521285062235,3.192886094404995,1.0,18.266715510159052,10.23687415526456,maze1_seed5_straight.json,19.98997,inner_topk3,1.5886155835863205,normal,5,5.922553228342706,1,2.934202229866319,0.4690415859222412,minco-baseline,0.3409798788692114,58.65449206647837,baseline,straight,maze1_seed5_straight.json,20.0,1.48398,1.48398,True
,False,0.670820415019989,0,False,0,5.697651750835689,3.0100441825276603,1.0,16.22365178932182,8.570192758090013,maze1_seed5_straight.json,19.989990000000002,inner_topk3,2.4258134817540644,normal,5,5.884988935507364,1,2.905359570746816,0.5196152329444885,inner_topk3,0.34436450720147344,58.077999276091475,variant,straight,maze1_seed5_straight.json,20.0,1.46497,1.46497,True
,False,0.6070172518491745,0,False,0,5.963476297736375,3.1666161287625774,0.996,18.629443286910846,10.318819267236103,maze1_seed5_straight.json,19.98997,inner_topk3,1.5607128176531262,swapped,5,5.918181034023083,1,2.9169817373837414,0.41231057047843933,minco-baseline,0.3429931550615923,58.310206209143644,baseline,straight,maze1_seed5_straight_swapped.json,20.0,1.49988,1.49988,True
19.4151,True,0.6375625371932984,0,True,0,5.697915048140017,2.8917281801011057,1.0,14.967509610210422,8.412257484627762,maze1_seed5_straight.json,19.41,inner_topk3,0.9937368034344201,swapped,5,5.88384957311343,1,2.8620876057678726,0.5099020004272461,inner_topk3,0.36001727401717587,55.552894384196385,variant,straight,maze1_seed5_straight_swapped.json,19.4151,1.44119,1.44119,True
6.2923,True,1.3662591218948363,0,True,0,5.5546505801166965,3.268371848129972,1.0,13.260289718838441,8.017725559400485,maze2_seed1_dynamic.json,6.28002,inner_topk3,1.0017466275089284,normal,1,5.7162343757365415,2,4.026381901673023,1.3601471185684204,minco-baseline,0.6141225817977939,25.285634855103044,baseline,dynamic,maze2_seed1_dynamic.json,6.2923,5.638356362999961,5.638356362999961,True
6.5649,True,1.3000000715255737,0,True,0,5.907682598258068,3.3444016709874163,1.0,14.356470836264482,8.488901705035008,maze2_seed1_dynamic.json,6.549989999999999,inner_topk3,1.023908620304367,normal,1,5.716659634712405,2,4.034679672435946,1.2000000476837158,inner_topk3,0.5877045332589209,26.42697984969115,variant,dynamic,maze2_seed1_dynamic.json,6.5649,6.119246362999961,6.119246362999961,True
6.314,True,1.3634162902832032,0,True,0,5.49261268892805,3.2696757227597955,1.0,13.498149387669345,7.901231062729861,maze2_seed1_dynamic.json,6.300040000000001,inner_topk3,1.0162924132772282,swapped,1,5.7597308493887525,2,4.036235373347961,1.3601471185684204,minco-baseline,0.6120958513040027,25.428272760826047,baseline,dynamic,maze2_seed1_dynamic_swapped.json,6.314,5.698399215000217,5.698399215000217,True
7.0588,True,1.2020797729492188,0,True,0,5.710023490514287,3.265341309362976,1.0,13.59670564975984,8.26078024431062,maze2_seed1_dynamic.json,7.049989999999999,inner_topk3,0.9949190488643709,swapped,1,5.722343950206422,2,3.976782425835263,1.2000000476837158,inner_topk3,0.5538251919548965,28.036236426141166,variant,dynamic,maze2_seed1_dynamic_swapped.json,7.0588,5.9381092150002175,5.9381092150002175,True
5.1875,True,1.1933913826942444,0,True,0,5.04868802026644,2.7574264674656823,1.0,15.068910475072473,7.566797411486327,maze2_seed1_straight.json,5.17003,inner_topk3,1.0037389092511242,normal,1,6.043877313628333,2,3.851407081786939,1.0049875974655151,minco-baseline,1.0,19.9118234076347,baseline,straight,maze2_seed1_straight.json,5.1875,1.01786,1.01786,True
8.7192,True,1.167688250541687,0,True,0,5.0642579777217485,2.9027063285635846,1.0,14.370096253853436,7.922895346461187,maze2_seed1_straight.json,8.70913,inner_topk3,1.0084184627025017,normal,1,5.998409895720453,2,3.0735172716761388,1.0,inner_topk3,0.7471711774128849,26.767629799194665,variant,straight,maze2_seed1_straight.json,8.7192,1.03879,1.03879,True
5.1768,True,1.1933913826942444,0,True,0,5.052523076389482,2.7414970027012626,1.0,14.96005455619703,7.588306245380091,maze2_seed1_straight.json,5.17001,inner_topk3,0.9961620071571288,swapped,1,6.050203514345805,2,3.8388244930666913,1.0198040008544922,minco-baseline,1.0,19.84684366116565,baseline,straight,maze2_seed1_straight_swapped.json,5.1768,1.0536,1.0536,True
8.4638,True,1.3090725421905518,0,True,0,5.022106991393913,3.004737536612597,1.0,16.521270309318226,8.454002577923598,maze2_seed1_straight.json,8.44998,inner_topk3,1.0034853225258795,swapped,1,6.011323930934271,2,3.106765953489056,1.0,inner_topk3,0.7618449146652856,26.25206396227245,variant,straight,maze2_seed1_straight_swapped.json,8.4638,1.03125,1.03125,True
3.5043,True,1.8000000715255737,0,True,0,5.203788784952632,3.537498377594863,1.0,12.855289429255764,7.848459970750704,maze2_seed2_dynamic.json,3.49005,inner_topk3,1.0023194775813489,normal,2,5.696331549082507,2,5.094702437110078,1.8000000715255737,minco-baseline,0.8340399387895735,17.780593849112606,baseline,dynamic,maze2_seed2_dynamic.json,3.5043,2.7273634390010217,2.7273634390010217,True
3.6867,True,1.8000000715255737,0,True,0,5.336521034173056,3.5385892495756597,1.0,13.287417352916968,8.04616039011287,maze2_seed2_dynamic.json,3.68,inner_topk3,0.9979195178409656,normal,2,5.6952123027588435,2,5.068211557095437,1.8000000715255737,inner_topk3,0.7950180934533669,18.651018870144256,variant,dynamic,maze2_seed2_dynamic.json,3.6867,3.6867,,True
3.5163,True,1.8000000715255737,0,True,0,5.207284482669443,3.519977412194751,1.0,12.655915630150457,7.90630293705714,maze2_seed2_dynamic.json,3.5099899999999997,inner_topk3,0.9812400280076969,swapped,2,5.72260666729022,2,5.083473830898946,1.8000000715255737,minco-baseline,0.8332281679073087,17.843017223974606,baseline,dynamic,maze2_seed2_dynamic_swapped.json,3.5163,2.666208085000597,2.666208085000597,True
3.6101,True,1.8000000715255737,0,True,0,5.2964425467609635,3.544268421383389,1.0,13.962390376585779,8.19664989409364,maze2_seed2_dynamic.json,3.60995,inner_topk3,0.9828798628882915,swapped,2,5.6802725123367015,2,5.099383967172399,1.8000000715255737,inner_topk3,0.8084242059903295,18.408779816179784,variant,dynamic,maze2_seed2_dynamic_swapped.json,3.6101,3.1248280850005967,3.1248280850005967,True
,False,0.9219545125961304,0,False,0,5.343597869656227,3.377830555482892,0.9968847352024922,15.594852948120133,8.487284901072488,maze2_seed2_straight.json,19.99,inner_topk3,1.6192805940946267,normal,2,5.80004598725893,2,3.0912730739114402,0.8062257766723633,minco-baseline,0.32365430382236704,61.79433176980642,baseline,straight,maze2_seed2_straight.json,20.0,1.04184,1.04184,True
,False,0.7950000137090684,0,False,0,5.341216240206652,2.620273462436277,0.9646936656282451,12.505916439372252,6.744116656713899,maze2_seed2_straight.json,19.98998,inner_topk3,3.543186637884228,normal,2,5.674820949135729,2,2.630868025707017,0.5,inner_topk3,0.38029457384498383,52.59081436832093,variant,straight,maze2_seed2_straight.json,20.0,1.06294,1.06294,True
,False,0.9219545125961304,0,False,0,5.478705278995909,3.352632194729916,1.0,15.677062314139555,8.451851210539312,maze2_seed2_straight.json,19.990000000000002,inner_topk3,1.5027310501053412,swapped,2,5.801818477572097,2,3.0722864383798396,0.7810249924659729,minco-baseline,0.32565420554241226,61.41484077791915,baseline,straight,maze2_seed2_straight_swapped.json,20.0,1.03938,1.03938,True
,False,0.7000000476837158,0,False,0,5.967730859926609,2.716672977964414,0.9221991701244814,14.167934969996999,7.481710540381697,maze2_seed2_straight.json,19.99003,inner_topk3,1.0217878118718258,swapped,2,5.670916032771064,2,2.5877337060190833,0.5,inner_topk3,0.3866330997971253,51.72863159553964,variant,straight,maze2_seed2_straight_swapped.json,20.0,1.02929,1.02929,True
,False,0.940664678812027,0,False,0,5.333387830173669,3.1697803147178494,1.0,11.032294107358846,6.506161239548171,maze2_seed3_dynamic.json,17.49003,inner_topk3,5.57152644359006,normal,3,5.889210357033702,2,3.815591248086736,0.8246211409568787,minco-baseline,0.19764117067305856,66.73460197665156,baseline,dynamic,maze2_seed3_dynamic.json,17.4998705779999,17.4998705779999,,True
2.6308,True,0.8520394802093506,0,True,0,4.801010403418311,2.7430977446591815,1.0,20.191694505577782,9.540599886000011,maze2_seed3_dynamic.json,2.6300099999999995,inner_topk3,0.9977076601257944,normal,3,5.642486276741319,2,5.030019527015648,0.7615773677825928,inner_topk3,0.9817737016037065,13.22895631627004,variant,dynamic,maze2_seed3_dynamic.json,2.6308,0.8678605779998998,0.8678605779998998,True
,False,0.9219545125961304,0,False,0,5.338321415418388,3.1770949956177885,1.0,11.018548026610885,6.412122660509941,maze2_seed3_dynamic.json,17.48998,inner_topk3,5.5561244782260815,swapped,3,5.895786040051466,2,3.825837561875106,0.8246211409568787,minco-baseline,0.19974189639979237,66.91373578198325,baseline,dynamic,maze2_seed3_dynamic_swapped.json,17.49986610199994,17.49986610199994,,True
2.6171,True,0.6552343368530273,0,True,0,4.1070978496875545,2.5966611477782933,1.0,14.89143500539094,8.597612224377505,maze2_seed3_dynamic.json,2.59999,inner_topk3,1.0174652339295434,swapped,3,5.444289649603973,2,4.965067131834718,0.6082763075828552,inner_topk3,1.0,12.909190064461205,variant,dynamic,maze2_seed3_dynamic_swapped.json,2.6171,1.1193961019999419,1.1193961019999419,True
5.5874,True,0.7000000476837158,0,True,0,5.453644137136143,3.151135515930216,1.0,15.89478197973293,7.407622886520497,maze2_seed3_straight.json,5.57,inner_topk3,1.0104964704732988,normal,3,5.903711869690226,2,3.880925055578014,0.5830951929092407,minco-baseline,0.9252075302663276,21.616773709406736,baseline,straight,maze2_seed3_straight.json,5.5874,3.77315,3.77315,True
,False,0.7000000476837158,0,False,0,4.997248298779637,2.624454676499934,1.0,10.804343278386945,5.781196498493951,maze2_seed3_straight.json,19.99002,inner_topk3,3.469644281376523,normal,3,6.019693685113193,2,3.214089882881771,0.670820415019989,inner_topk3,0.3112864353301159,64.24951230235352,variant,straight,maze2_seed3_straight.json,20.0,20.0,,True
5.5764,True,0.7000000476837158,0,True,0,5.421545183426649,3.144787303416892,1.0,15.79553068972361,7.39938088715521,maze2_seed3_straight.json,5.57,inner_topk3,0.9995852751217726,swapped,3,5.906366920989095,2,3.8898527545116783,0.632455587387085,minco-baseline,0.9230829347328506,21.666527527989118,baseline,straight,maze2_seed3_straight_swapped.json,5.5764,3.75357,3.75357,True
,False,0.7000000476837158,0,False,0,5.005665233078375,2.622845690739551,1.0,10.565522123918752,5.697028118440424,maze2_seed3_straight.json,19.990009999999998,inner_topk3,3.4338903816108446,swapped,3,6.015086647629417,2,3.218337702334346,0.7000000476837158,inner_topk3,0.31087559482840904,64.33442201825171,variant,straight,maze2_seed3_straight_swapped.json,20.0,20.0,,True
4.6475,True,0.8721628248691559,0,True,0,5.873928998683667,3.5616862212975944,1.0,14.697276808578337,8.708756007197284,maze2_seed4_dynamic.json,4.64002,inner_topk3,0.9842283243711013,normal,4,5.916365487311073,2,4.769298731135057,0.800000011920929,minco-baseline,0.7680344959476773,22.129547546018934,baseline,dynamic,maze2_seed4_dynamic.json,4.6475,1.7572685609996554,1.7572685609996554,True
,False,0.7000000476837158,0,False,0,6.08139286530855,2.8541504187075515,0.9965714285714286,14.139866158684953,7.329751955658848,maze2_seed4_dynamic.json,17.49003,inner_topk3,3.7154627865684304,normal,4,5.905106182917438,2,2.9750420078186925,0.6082763075828552,inner_topk3,0.33391487399508907,52.03330421402757,variant,dynamic,maze2_seed4_dynamic.json,17.499768560999655,1.820368560999655,1.820368560999655,True
4.6083,True,0.9054886549711227,0,True,0,6.220030180726679,3.5570336716670266,1.0,14.64467878428676,8.618356740217154,maze2_seed4_dynamic.json,4.60001,inner_topk3,0.9874720688767858,swapped,4,5.970010595036922,2,4.7895358745811745,0.800000011920929,minco-baseline,0.7735927882899382,22.031830817704567,baseline,dynamic,maze2_seed4_dynamic_swapped.json,4.6083,1.7345367910003864,1.7345367910003864,True
16.7162,True,0.7000000476837158,0,True,0,6.0633795788818,2.9487039087036426,0.9581339712918661,15.204617578400397,7.883430616592212,maze2_seed4_dynamic.json,16.70997,inner_topk3,0.9830943958178118,swapped,4,5.93829339785344,2,2.95149457880416,0.632455587387085,inner_topk3,0.35236794898967844,49.31933037599862,variant,dynamic,maze2_seed4_dynamic_swapped.json,16.7162,1.8950167910003861,1.8950167910003861,True
,False,0.8927175074815751,0,False,0,5.8726912612190185,3.13617505508433,1.0,14.532209490984446,8.098108574144547,maze2_seed4_straight.json,19.99,inner_topk3,2.6458636133930975,normal,4,5.900935553245592,2,3.0717566111337975,0.7810249924659729,minco-baseline,0.32571058492606814,61.40421107258551,baseline,straight,maze2_seed4_straight.json,20.0,1.03992,1.03992,True
,False,0.800000011920929,0,False,0,5.7499327276504575,3.098907325362554,1.0,13.117663611909782,7.304445987101643,maze2_seed4_straight.json,19.990019999999998,inner_topk3,2.1077129323178783,normal,4,5.934180294688744,2,3.1023041932081026,0.6403124332427979,inner_topk3,0.3225029441310802,62.014942170045295,variant,straight,maze2_seed4_straight.json,20.0,20.0,,True
,False,0.9052616328001022,0,False,0,5.860379875383942,3.1344843390460415,1.0,14.2840558098251,7.991174608273228,maze2_seed4_straight.json,19.99004,inner_topk3,2.5689374939049596,swapped,4,5.894083098222501,2,3.074741958790224,0.7810249924659729,minco-baseline,0.32539410922892187,61.463932288664395,baseline,straight,maze2_seed4_straight_swapped.json,20.0,1.03249,1.03249,True
,False,0.9211337149143219,0,False,0,5.733082322835751,3.1496839032902364,1.0,13.993854003650924,7.461725260069073,maze2_seed4_straight.json,19.990009999999998,inner_topk3,2.0606157999449164,swapped,4,5.9155574728269045,2,3.11887534029068,0.7615773677825928,inner_topk3,0.3207896364008403,62.34615836724116,variant,straight,maze2_seed4_straight_swapped.json,20.0,20.0,,True
3.3836,True,1.5000001192092896,0,True,0,5.444134284464889,3.8703853167767557,1.0,22.156138061381927,11.251914164100858,maze2_seed5_dynamic.json,3.37002,inner_topk3,1.0000013683620919,normal,5,5.698684128448886,2,4.4162578531044625,1.5000001192092896,minco-baseline,0.8877583805424306,14.882798937194096,baseline,dynamic,maze2_seed5_dynamic.json,3.3836,1.1238608679998143,1.1238608679998143,True
10.1854,True,1.002201533317566,0,True,0,5.416233492914356,2.8937877702441344,1.0,17.32742629337937,9.22231073958379,maze2_seed5_dynamic.json,10.17011,inner_topk3,1.0045084651244203,normal,5,5.609325365460656,2,2.743251956740121,0.8246211409568787,inner_topk3,0.4741474478314114,27.898713985417103,variant,dynamic,maze2_seed5_dynamic.json,10.1854,0.8847508679998142,0.8847508679998142,True
4.6371,True,1.5000001192092896,0,True,0,5.275219054416015,3.41865235548717,1.0,20.273284233009477,11.096405230432872,maze2_seed5_dynamic.json,4.629999999999999,inner_topk3,0.994788264816183,swapped,5,5.721476034798534,2,3.664959166402604,1.5000001192092896,minco-baseline,0.7868410360200936,16.968740878223016,baseline,dynamic,maze2_seed5_dynamic_swapped.json,4.6371,1.0616308589994041,1.0616308589994041,True
4.9539,True,1.1704699993133545,0,True,0,5.355453865120412,3.278224354805115,1.0,18.98470701410546,10.875322195542237,maze2_seed5_dynamic.json,4.950010000000001,inner_topk3,0.9974076925031408,swapped,5,5.639396449319179,2,3.568072060918273,1.1180340051651,inner_topk3,0.7571320126972139,17.66190322597146,variant,dynamic,maze2_seed5_dynamic_swapped.json,4.9539,0.8222908589994038,0.8222908589994038,True
5.7335,True,0.10000000149011612,0,True,0,5.445616124108725,3.0818371227147154,1.0,15.202707431384258,7.610921504576787,maze2_seed5_straight.json,5.72,inner_topk3,1.0143876929557987,normal,5,5.867434837552945,2,3.8462381577271416,0.10000000149011612,minco-baseline,0.9090675072806017,22.000567638673292,baseline,straight,maze2_seed5_straight.json,5.7335,3.29748,3.29748,True
6.026,True,0.10000000149011612,0,True,0,4.941379373160635,3.221349498772869,1.0,14.367894369779876,7.422609205765445,maze2_seed5_straight.json,6.01997,inner_topk3,0.9879059683684598,normal,5,5.916734578448333,2,3.803845595849109,0.10000000149011612,inner_topk3,0.8733956107555803,22.899131774597393,variant,straight,maze2_seed5_straight.json,6.026,3.27741,3.27741,True
5.7096,True,0.10000000149011612,0,True,0,5.453759744274047,3.09341618680277,1.0,15.154405192559647,7.638032494807821,maze2_seed5_straight.json,5.699459999999999,inner_topk3,1.034888454180414,swapped,5,5.864259110932488,2,3.8518473178500674,0.10000000149011612,minco-baseline,0.9110153551049278,21.953528428149472,baseline,straight,maze2_seed5_straight_swapped.json,5.7096,3.28894,3.28894,True
6.0073,True,0.10000000149011612,0,True,0,4.9598466976162126,3.2106599440827517,1.0,15.108598660072522,7.431998384672531,maze2_seed5_straight.json,6.00001,inner_topk3,0.9984486445970602,swapped,5,5.911556916430593,2,3.8098055979476273,0.10000000149011612,inner_topk3,0.8749379717294555,22.858765098153697,variant,straight,maze2_seed5_straight_swapped.json,6.0073,3.26886,3.26886,True
,False,0.8485281467437744,0,False,0,5.723515818562328,3.261394059997645,1.0,19.337588689611,10.449879146152732,maze5_seed1_dynamic.json,17.490000000000002,inner_topk3,1.6266888341875665,normal,1,5.90036173136159,5,2.738413824926647,0.8062257766723633,minco-baseline,0.32142603897323185,47.89460786668399,baseline,dynamic,maze5_seed1_dynamic.json,17.499858040000618,1.7534080400006173,1.7534080400006173,True
,False,0.7442861676216126,0,False,0,6.0593576078247695,3.5090727020133494,1.0,18.862422212547628,10.356571251782995,maze5_seed1_dynamic.json,17.48997,inner_topk3,2.0574694177634676,normal,1,5.867876143866602,5,3.290439583078348,0.6164414286613464,inner_topk3,0.20026546651046873,57.54952379351083,variant,dynamic,maze5_seed1_dynamic.json,17.499858040000618,17.499858040000618,,True
,False,0.9884304106235504,0,False,0,6.261776331242051,3.730880683932467,1.0,20.900058344962574,11.702270762381053,maze5_seed1_dynamic.json,17.489990000000002,inner_topk3,2.49311016692657,swapped,1,5.8859002470943205,5,2.9756168720222,0.7071068286895752,minco-baseline,0.2958691572910557,52.043253403458436,baseline,dynamic,maze5_seed1_dynamic_swapped.json,17.4998407639996,1.8219207639996,1.8219207639996,True
,False,0.6307015955448151,0,False,0,7.283468032819348,3.696168808369277,1.0,21.64492607810426,11.388451313324078,maze5_seed1_dynamic.json,17.48999,inner_topk3,1.977841313557733,swapped,1,5.866776571604674,5,3.2350573669173683,0.17320507764816284,inner_topk3,0.2042567544632763,56.58081242014275,variant,dynamic,maze5_seed1_dynamic_swapped.json,17.4998407639996,5.261470763999601,5.261470763999601,True
,False,0.7000000476837158,0,False,0,7.5807636285389615,3.6172193535410555,1.0,24.185978342531794,12.421084896604263,maze5_seed1_straight.json,19.98998,inner_topk3,1.7145425244219215,normal,1,5.99414247896702,5,2.9532629324528115,0.5,minco-baseline,0.33878035338660045,59.03530528508736,baseline,straight,maze5_seed1_straight.json,20.0,1.06304,1.06304,True
,False,0.7000000476837158,0,False,0,5.711130787788633,2.819662041648475,1.0,15.956224880154082,8.297573576612214,maze5_seed1_straight.json,19.98994,inner_topk3,5.019541330545816,normal,1,5.994744980206448,5,3.0479640046227123,0.5,inner_topk3,0.3282535601496779,60.92851386003733,variant,straight,maze5_seed1_straight.json,20.0,20.0,,True
,False,0.7000000476837158,0,False,0,7.628276398732315,3.5921007471957402,1.0,22.723343714550182,11.74347691884158,maze5_seed1_straight.json,19.98997,inner_topk3,2.175515147278514,swapped,1,6.004458461734253,5,3.0150443906917213,0.6000000238418579,minco-baseline,0.3318385827213834,60.2702719266765,baseline,straight,maze5_seed1_straight_swapped.json,20.0,1.05661,1.05661,True
,False,0.670445641875267,0,False,0,6.475299839536238,2.963441500182798,1.0,16.757299387055927,8.711336939851723,maze5_seed1_straight.json,19.99002,inner_topk3,1.6052031118835954,swapped,1,5.970339225950065,5,2.911029234809455,0.5830951929092407,inner_topk3,0.3436941176841736,58.191282869848614,variant,straight,maze5_seed1_straight_swapped.json,20.0,20.0,,True
9.6699,True,0.8612233251333237,0,True,0,6.044007147577078,3.413108131902959,1.0,19.015090052244968,10.28690642794943,maze5_seed2_dynamic.json,9.65,inner_topk3,1.0011780302744342,normal,2,5.8956814175642736,5,3.4889059832659033,0.7348469495773315,minco-baseline,0.47004986398874377,33.66789592802978,baseline,dynamic,maze5_seed2_dynamic.json,9.6699,1.5942047560015444,1.5942047560015444,True
,False,0.800000011920929,0,False,0,6.616691269139702,3.3989958117002517,1.0,14.291208753189581,8.18096971753087,maze5_seed2_dynamic.json,17.490009999999998,inner_topk3,5.107040780400804,normal,2,5.939496803602689,5,4.281248311753336,0.3162277936935425,inner_topk3,0.20092289410687594,74.87888226067079,variant,dynamic,maze5_seed2_dynamic.json,17.499824756001544,17.499824756001544,,True
9.5171,True,0.8288500428199768,0,True,0,6.042316097580955,3.4080420508371345,1.0,18.835928480171024,9.84298384759262,maze5_seed2_dynamic.json,9.50999,inner_topk3,0.9964061796711781,swapped,2,5.901797609281311,5,3.519870815445512,0.7000000476837158,minco-baseline,0.47327293522760505,33.473912149636085,baseline,dynamic,maze5_seed2_dynamic_swapped.json,9.5171,1.593683367999498,1.593683367999498,True
10.3426,True,0.8275990664958954,0,True,0,6.473156087193672,3.2965864360131953,1.0,17.726551396343556,9.285265184876739,maze5_seed2_dynamic.json,10.33999,inner_topk3,0.9905546759557726,swapped,2,5.925233593366676,5,3.4561952412072943,0.632455587387085,inner_topk3,0.4519350464467483,35.73690008691404,variant,dynamic,maze5_seed2_dynamic_swapped.json,10.3426,1.6673633679994984,1.6673633679994984,True
,False,0.6476860076189042,0,False,0,5.931047418215526,3.4303674132910227,1.0,18.592218781798945,9.933210933427489,maze5_seed2_straight.json,19.99001,inner_topk3,2.3287511675462254,normal,2,5.867203552465402,5,3.163172633137735,0.5099020004272461,minco-baseline,0.31629817965777296,63.23147873824385,baseline,straight,maze5_seed2_straight.json,20.0,0.81273,0.81273,True
,False,0.7539766579866409,0,False,0,5.905790964831481,2.9130914642091423,1.0,16.645662819580217,9.01222923820641,maze5_seed2_straight.json,19.98999,inner_topk3,2.1908768776989604,normal,2,5.869093813352034,5,2.7517367873950787,0.6164414286613464,inner_topk3,0.3635905452132352,55.00693537079269,variant,straight,maze5_seed2_straight.json,20.0,0.75152,0.75152,True
,False,0.7000000476837158,0,False,0,5.749708872858743,3.432241167039941,1.0,18.55604121964364,9.9929584445772,maze5_seed2_straight.json,19.99001,inner_topk3,2.2734131841859315,swapped,2,5.859215679108082,5,3.167557717582817,0.5385165214538574,minco-baseline,0.3158601088096153,63.319175368520845,baseline,straight,maze5_seed2_straight_swapped.json,20.0,0.7953,0.7953,True
,False,0.7000000476837158,0,False,0,6.010335574152152,3.384912060699519,1.0,17.917287813628825,9.698989708904307,maze5_seed2_straight.json,19.99896,inner_topk3,2.358244142818784,swapped,2,5.919603410946802,5,3.304936029168787,0.5,inner_topk3,0.30259406615764706,66.09515476596609,variant,straight,maze5_seed2_straight_swapped.json,20.0,0.90014,0.90014,True
,False,0.7033699095249176,0,False,0,6.289851836565134,3.548464066908346,1.0,16.090532738334716,8.956188380714508,maze5_seed3_dynamic.json,17.48999,inner_topk3,3.7455209085273484,normal,3,5.881314064314547,5,3.589731851760016,0.36055514216423035,minco-baseline,0.21887150813186698,62.78415442614113,baseline,dynamic,maze5_seed3_dynamic.json,17.499833902998944,1.4445939029989439,1.4445939029989439,True
,False,0.7000000476837158,0,False,0,6.099287094560543,3.565784167422455,1.0,16.245049915273867,9.163190844596928,maze5_seed3_dynamic.json,17.489810000000002,inner_topk3,4.561703243057664,normal,3,5.920724364326147,5,3.8819081453032185,0.5,inner_topk3,0.19460847791481645,67.89471574220121,variant,dynamic,maze5_seed3_dynamic.json,17.499833902998944,17.499833902998944,,True
,False,0.6912461578845978,0,False,0,6.28529524560851,3.5156821998580514,1.0,16.74054116838525,9.351289705090261,maze5_seed3_dynamic.json,17.49004,inner_topk3,3.9127660065005574,swapped,3,5.886786243756229,5,3.559045095552468,0.41231057047843933,minco-baseline,0.22089084128227812,62.24743257771065,baseline,dynamic,maze5_seed3_dynamic_swapped.json,17.499830613000086,1.4417606130000857,1.4417606130000857,True
,False,0.5,0,False,0,6.061979376462872,3.6540777164958707,1.0,16.525751145336187,9.2314554131755,maze5_seed3_dynamic.json,17.48998,inner_topk3,4.125233245559182,swapped,3,5.891998497047181,5,3.944525209895782,0.4000000059604645,inner_topk3,0.19155344195590018,68.98954576608709,variant,dynamic,maze5_seed3_dynamic_swapped.json,17.499830613000086,17.499830613000086,,True
4.4233,True,0.44721361994743347,0,True,0,5.355779749886281,2.9616184370425147,1.0,12.591194842123473,6.4389870919165535,maze5_seed3_straight.json,4.41001,inner_topk3,1.0213907398224653,normal,3,5.946293838402569,5,4.434287974480607,0.44721361994743347,minco-baseline,1.0,19.55526694949812,baseline,straight,maze5_seed3_straight.json,4.4233,0.35713,0.35713,True
,False,0.800000011920929,0,False,0,5.246446640963738,2.9204160232306724,1.0,13.867805625357628,8.01694710099436,maze5_seed3_straight.json,19.989990000000002,inner_topk3,2.987089114546436,normal,3,5.947447879834604,5,3.075302520784231,0.4358898997306824,inner_topk3,0.325335095683957,61.475081814828606,variant,straight,maze5_seed3_straight.json,20.0,0.37724,0.37724,True
4.4236,True,0.44721361994743347,0,True,0,5.353797137593518,2.9931024615238018,1.0,12.45769886522496,6.479036346633015,maze5_seed3_straight.json,4.420050000000001,inner_topk3,0.9910707357443752,swapped,3,5.954865855700687,5,4.435502691982562,0.44721361994743347,minco-baseline,1.0,19.60514281354268,baseline,straight,maze5_seed3_straight_swapped.json,4.4236,0.38457,0.38457,True
,False,0.590311861038208,0,False,0,5.332353063593383,2.848762536561185,1.0,12.645340974784272,7.311806070077407,maze5_seed3_straight.json,19.990009999999998,inner_topk3,2.3001336767040375,swapped,3,5.792870230035429,5,3.1010702907752177,0.4358898997306824,inner_topk3,0.32263180720669565,61.99017325675321,variant,straight,maze5_seed3_straight_swapped.json,20.0,0.36751,0.36751,True
,False,0.9303786933422089,0,False,0,5.672182302613792,3.1404352006663427,1.0,19.95491846694929,9.964881289848465,maze5_seed4_dynamic.json,17.490000000000002,inner_topk3,1.8764807457331096,normal,4,5.93595662932629,5,2.688432083994587,0.6633249521255493,minco-baseline,0.3187528152939336,47.02045453869042,baseline,dynamic,maze5_seed4_dynamic.json,17.49984245899941,1.69539245899941,1.69539245899941,True
,False,1.0,0,False,0,5.74529507782424,3.4926422527848415,1.0,20.75468778761593,10.43654662423247,maze5_seed4_dynamic.json,17.49002,inner_topk3,2.082317981435131,normal,4,6.045473873304312,5,3.5800481841946143,0.7483315467834473,inner_topk3,0.2407146134380398,62.61474126793319,variant,dynamic,maze5_seed4_dynamic.json,17.49984245899941,17.49984245899941,,True
,False,0.8893480122089387,0,False,0,5.680417837345666,3.2033553544012734,1.0,19.635187975905055,10.129499382907802,maze5_seed4_dynamic.json,17.490009999999998,inner_topk3,1.8162580553241658,swapped,4,5.941466917109322,5,2.677384777113013,0.6633249521255493,minco-baseline,0.31996890976289083,46.827134806615334,baseline,dynamic,maze5_seed4_dynamic_swapped.json,17.499840739999854,1.6516507399998543,1.6516507399998543,True
,False,0.9000000357627869,0,False,0,5.98385084956888,3.5754506040104554,1.0,17.213240450446097,8.786140384780964,maze5_seed4_dynamic.json,17.48001,inner_topk3,2.3142638693864606,swapped,4,5.881958977743086,5,4.249017833363998,0.7681145668029785,inner_topk3,0.20176605121338512,74.27264548276386,variant,dynamic,maze5_seed4_dynamic_swapped.json,17.499840739999854,17.499840739999854,,True
,False,0.6985410660505295,0,False,0,6.001727838834742,3.4180988622533803,1.0,21.968916532717312,11.392306980474844,maze5_seed4_straight.json,19.99,inner_topk3,3.182212180896434,normal,4,5.964210449407946,5,3.152532531552646,0.41231057047843933,minco-baseline,0.31736614779775746,63.01869860927134,baseline,straight,maze5_seed4_straight.json,20.0,0.86211,0.86211,True
,False,0.8237013727426529,0,False,0,5.719201151356339,3.3081112578087706,1.0,17.176057647227722,8.984033724490995,maze5_seed4_straight.json,19.99002,inner_topk3,3.251757928774773,normal,4,6.147465724654997,5,3.6166844259681454,0.6082763075828552,inner_topk3,0.27663540143743015,72.29733255009259,variant,straight,maze5_seed4_straight.json,20.0,0.92411,0.92411,True
,False,0.6403124332427979,0,False,0,6.1156097834476535,3.46169043442662,0.9989949748743718,20.648127818167996,10.895719245923653,maze5_seed4_straight.json,19.98986,inner_topk3,2.84728601511188,swapped,4,5.983234206933928,5,3.223364073263939,0.41231057047843933,minco-baseline,0.3103934761472327,64.43434905420713,baseline,straight,maze5_seed4_straight_swapped.json,20.0,0.96145,0.96145,True
,False,0.7582207322120667,0,False,0,5.732498784136083,3.4681367509510186,1.0,16.07944111981778,8.365894061904626,maze5_seed4_straight.json,19.989919999999998,inner_topk3,5.5402032366053,swapped,4,5.911307667211882,5,3.911920340338505,0.670820415019989,inner_topk3,0.2557581411884261,78.19888543786097,variant,straight,maze5_seed4_straight_swapped.json,20.0,1.00707,1.00707,True
13.8696,True,0.9531508684158325,0,True,0,6.734394903476716,3.4297602049104783,1.0,15.817086749347986,9.471519620763036,maze5_seed5_dynamic.json,13.85998,inner_topk3,0.9919223822211259,normal,5,5.9297354320454065,5,2.822953785008461,0.9000000357627869,minco-baseline,0.3359306280100904,39.12594421088238,baseline,dynamic,maze5_seed5_dynamic.json,13.8696,1.1623930090001622,1.1623930090001622,True
,False,0.6042738676071168,0,False,0,6.233711628700296,3.3377011605612545,1.0,20.608526500653024,11.113139986285066,maze5_seed5_dynamic.json,17.490009999999998,inner_topk3,5.322644348487058,normal,5,5.9107405812455625,5,3.3626566625708936,0.20000000298023224,inner_topk3,0.21552359468667226,58.81271618594833,variant,dynamic,maze5_seed5_dynamic.json,17.499763009000162,3.5256030090001618,3.5256030090001618,True
,False,0.8983281970024108,0,False,0,6.114002521389249,3.7999724582159815,1.0,19.922061509570298,11.259307767733103,maze5_seed5_dynamic.json,17.489980000000003,inner_topk3,2.812821480938355,swapped,5,5.788554522334439,5,3.0626928313277975,0.5830951929092407,minco-baseline,0.24979862093046235,53.565933168165174,baseline,dynamic,maze5_seed5_dynamic_swapped.json,17.499848015999305,2.1375080159993054,2.1375080159993054,True
,False,0.9443438351154327,0,False,0,5.686653633250722,3.304140863614905,1.0,18.188874718331743,9.083727187303992,maze5_seed5_dynamic.json,17.490009999999998,inner_topk3,2.895970501190346,swapped,5,5.905642456761434,5,3.7067002703800154,0.7280110120773315,inner_topk3,0.19532602018231685,64.82996308198582,variant,dynamic,maze5_seed5_dynamic_swapped.json,17.499848015999305,17.499848015999305,,True
,False,0.5186439096927643,0,False,0,5.854365161293115,2.9498037936561894,0.9859154929577465,16.2424114660542,9.056836533532781,maze5_seed5_straight.json,19.98994,inner_topk3,2.0747989371860793,normal,5,6.0710918152500915,5,2.7837584083580045,0.1414213627576828,minco-baseline,0.3594092058855412,55.64688176533295,baseline,straight,maze5_seed5_straight.json,20.0,1.34254,1.34254,True
,False,0.5900000214576722,0,False,0,5.864788729420144,2.6317591539755565,0.9859154929577465,14.121991142083118,7.6638672940717445,maze5_seed5_straight.json,19.989880000000003,inner_topk3,2.3989882831858664,normal,5,6.001254670274549,5,2.7964407834100196,0.10000000149011612,inner_topk3,0.35777929098680433,55.900389119142034,variant,straight,maze5_seed5_straight.json,20.0,20.0,,True
,False,0.5463172107934952,0,False,0,6.013543277270284,2.995449567184487,0.990990990990991,15.978389333447755,9.250468493754928,maze5_seed5_straight.json,19.990009999999998,inner_topk3,2.404853605276488,swapped,5,6.140538844744274,5,2.8174679543562124,0.10000000149011612,minco-baseline,0.3551079339006146,56.32090896978675,baseline,straight,maze5_seed5_straight_swapped.json,20.0,20.0,,True
,False,0.5830951929092407,0,False,0,5.922543479968695,2.666287853634338,0.9889779559118237,15.545122632892824,8.060744876491608,maze5_seed5_straight.json,19.98998,inner_topk3,2.3037139326420366,swapped,5,5.999661576824928,5,2.813626229970305,0.10000000149011612,inner_topk3,0.35559261919752716,56.2441415758594,variant,straight,maze5_seed5_straight_swapped.json,20.0,20.0,,True
,False,0.8841688454151154,0,False,0,5.205014590404144,2.9438086702833868,1.0,12.565352714344638,7.275974780652406,maze7_seed1_dynamic.json,17.489980000000003,inner_topk3,2.1354757792949988,normal,1,5.856474826326545,7,3.264149005590573,0.7348469495773315,minco-baseline,0.25936278640556154,57.08978659344898,baseline,dynamic,maze7_seed1_dynamic.json,17.499855133999517,7.5629151339995175,7.5629151339995175,True
,False,0.7000000476837158,0,False,0,6.09088855649706,2.8979066370960584,1.0,13.19425035866478,7.110019313660754,maze7_seed1_dynamic.json,17.49004,inner_topk3,4.13433374170966,normal,1,5.781704565472507,7,3.2034823838628164,0.4582575857639313,inner_topk3,0.2640586552340509,56.02870837371301,variant,dynamic,maze7_seed1_dynamic.json,17.499855133999517,7.843605133999517,7.843605133999517,True
,False,0.8526387214660645,0,False,0,5.240065700056858,2.9348568441267484,1.0,12.718186693239074,7.39130767586965,maze7_seed1_dynamic.json,17.48999,inner_topk3,2.285379329966894,swapped,1,5.857056005014852,7,3.229226033772146,0.6633249521255493,minco-baseline,0.2628293371832782,56.478983302289365,baseline,dynamic,maze7_seed1_dynamic_swapped.json,17.499866555999688,17.499866555999688,,True
,False,0.8794375896453859,0,False,0,6.134574899734396,2.875583300007783,1.0,12.516741594914865,6.949832838711269,maze7_seed1_dynamic.json,17.490019999999998,inner_topk3,4.195930105324775,swapped,1,5.76765306178628,7,3.208771184435258,0.6403124332427979,inner_topk3,0.26414554682272895,56.12123151837326,variant,dynamic,maze7_seed1_dynamic_swapped.json,17.499866555999688,7.779526555999688,7.779526555999688,True
5.0861,True,0.7449152171611786,0,True,0,5.092690028457406,2.741085911719717,1.0,14.34175099109369,7.282974653130086,maze7_seed1_straight.json,5.07,inner_topk3,1.013077810848516,normal,1,5.870017209139161,7,3.8882136102669245,0.7280110120773315,minco-baseline,1.0,19.713204999841533,baseline,straight,maze7_seed1_straight.json,5.0861,0.93091,0.93091,True
5.2585,True,0.7549834847450256,0,True,0,5.09039640052697,2.854406904406697,1.0,12.827835819157706,6.878160850455606,maze7_seed1_straight.json,5.24999,inner_topk3,0.9939614018542943,normal,1,5.9048383865559595,7,3.799526880520922,0.7280110120773315,inner_topk3,1.0,19.947493456349488,variant,straight,maze7_seed1_straight.json,5.2585,0.93106,0.93106,True
5.0743,True,0.7449152171611786,0,True,0,5.082228073445918,2.7469294411774454,1.0,15.699870185020309,7.316572181495068,maze7_seed1_straight.json,5.05999,inner_topk3,1.0046662024233055,swapped,1,5.878796532197501,7,3.899590692680239,0.7280110120773315,minco-baseline,1.0,19.73194265737903,baseline,straight,maze7_seed1_straight_swapped.json,5.0743,0.93738,0.93738,True
9.1204,True,0.7549834847450256,0,True,0,5.103415660014797,2.8352804849519373,1.0,13.326926222099447,7.3764917783795445,maze7_seed1_straight.json,9.12,inner_topk3,0.997672920543563,swapped,1,5.905715141014835,7,3.028185077009473,0.7280110120773315,inner_topk3,0.7241922924979908,27.616978961283728,variant,straight,maze7_seed1_straight_swapped.json,9.1204,0.93475,0.93475,True
7.7635,True,1.4688326001167298,0,True,0,6.585768601616885,3.717008691813922,1.0,18.439252739583583,9.515575416469467,maze7_seed2_dynamic.json,7.74999,inner_topk3,1.0046122647616809,normal,2,5.651990148315531,7,3.535421754965495,1.1489125490188599,minco-baseline,0.5440137455054397,27.39943765775805,baseline,dynamic,maze7_seed2_dynamic.json,7.7635,1.4067689850001734,1.4067689850001734,True
5.0051,True,1.4586294531822204,0,True,0,6.124465407299034,3.50465577395284,1.0,12.927733740017606,7.134717996974232,maze7_seed2_dynamic.json,5.0,inner_topk3,0.999756232810656,normal,2,5.8382552713668066,7,5.019334448198858,1.334166407585144,inner_topk3,0.5761673646453958,25.096658831028364,variant,dynamic,maze7_seed2_dynamic.json,5.0051,3.8647889850001738,3.8647889850001738,True
7.7026,True,1.4668333768844606,0,True,0,6.551489305621895,3.695733365412676,1.0,18.37622759107106,9.478140473169326,maze7_seed2_dynamic.json,7.69001,inner_topk3,1.0020211895706816,swapped,2,5.656640484235359,7,3.543486473553194,1.1575837135314941,minco-baseline,0.5494426915587333,27.249278748253865,baseline,dynamic,maze7_seed2_dynamic_swapped.json,7.7026,1.4097432579990952,1.4097432579990952,True
5.0504,True,1.4482120871543884,0,True,0,6.075666282568812,3.5018434884534755,1.0,12.81138197452211,7.301320829030134,maze7_seed2_dynamic.json,5.049989999999999,inner_topk3,0.9734248328050847,swapped,2,5.987506459451857,7,5.04086896533357,1.334166407585144,inner_topk3,0.574175532665217,25.456416268693854,variant,dynamic,maze7_seed2_dynamic_swapped.json,5.0504,3.8974332579990953,3.8974332579990953,True
10.5087,True,1.1045360565185547,0,True,0,5.6229806436355085,2.9883144706765004,0.9393939393939394,17.064824354406266,8.760869678237567,maze7_seed2_straight.json,10.50859,inner_topk3,0.988543967705666,normal,2,5.753492480482131,7,2.955532506183681,1.0816653966903687,minco-baseline,0.6439496926942591,31.05833134098501,baseline,straight,maze7_seed2_straight.json,10.5087,0.92692,0.92692,True
15.4407,True,0.7806506454944611,0,True,0,5.560085713620849,3.025954959271944,0.9433198380566802,15.081065490286072,8.55817961435737,maze7_seed2_straight.json,15.43998,inner_topk3,0.9982427080542706,normal,2,5.949526386736982,7,2.743987334144593,0.5916079878807068,inner_topk3,0.4720648966476744,42.36706286420754,variant,straight,maze7_seed2_straight.json,15.4407,0.92304,0.92304,True
10.4183,True,1.1601609706878662,0,True,0,5.618685249173599,3.0329844527786225,0.9569672131147541,15.996826384349461,8.817491578115236,maze7_seed2_straight.json,10.41815,inner_topk3,0.9970136196447108,swapped,2,5.753555627911269,7,2.9638945069001252,1.1045360565185547,minco-baseline,0.647704582770079,30.87827909516345,baseline,straight,maze7_seed2_straight_swapped.json,10.4183,0.97712,0.97712,True
,False,0.8988748580217362,0,False,0,5.591713649150502,2.898415353903781,0.9307135470527405,14.997753663571082,8.256700899075497,maze7_seed2_straight.json,19.990000000000002,inner_topk3,2.946382628081844,swapped,2,5.951609355762774,7,2.60968421415335,0.6403124332427979,inner_topk3,0.3833817600168974,52.16733116146834,variant,straight,maze7_seed2_straight_swapped.json,20.0,0.95769,0.95769,True
,False,1.0,0,False,0,6.2194221420801075,2.829130862418101,1.0,13.393989691130848,7.236706215673758,maze7_seed3_dynamic.json,17.490009999999998,inner_topk3,1.9389241784859395,normal,3,5.83244018126925,7,2.8940096222976477,0.9219545125961304,minco-baseline,0.3347724666593892,50.61605464124895,baseline,dynamic,maze7_seed3_dynamic.json,17.49982220200036,1.6929522020003596,1.6929522020003596,True
,False,1.100000023841858,0,False,0,5.592785933457137,2.7094868721919867,1.0,12.950775754659468,6.382427521088323,maze7_seed3_dynamic.json,17.490000000000002,inner_topk3,1.9042082530585773,normal,3,5.928917999422321,7,2.8858686858151197,1.029563069343567,inner_topk3,0.3453931196836142,50.47363827046315,variant,dynamic,maze7_seed3_dynamic.json,17.49982220200036,1.9120022020003598,1.9120022020003598,True
,False,1.0034913182258607,0,False,0,6.234413691676426,2.7981427963195653,1.0,12.752140695029372,6.993558710556002,maze7_seed3_dynamic.json,17.48999,inner_topk3,1.9674874612939675,swapped,3,5.847812804831407,7,2.892484323088734,0.943398118019104,minco-baseline,0.33537391367386443,50.5893759667182,baseline,dynamic,maze7_seed3_dynamic_swapped.json,17.499853563000215,1.6637935630002154,1.6637935630002154,True
,False,1.1180340051651,0,False,0,5.474913740605621,2.713110283832296,1.0,13.839730878166934,6.634554449441793,maze7_seed3_dynamic.json,17.49,inner_topk3,1.8218483900056581,swapped,3,5.961160916377919,7,2.8911655417734505,1.0770330429077148,inner_topk3,0.34564458197037046,50.56628354361932,variant,dynamic,maze7_seed3_dynamic_swapped.json,17.499853563000215,1.9440135630002153,1.9440135630002153,True
8.4122,True,0.9313942074775696,0,True,0,6.598830264553065,3.291710014952984,1.0,12.634714352991654,7.77441412159255,maze7_seed3_straight.json,8.400020000000001,inner_topk3,1.0074244849743044,normal,3,6.14900871352751,7,3.99801954966145,0.7280110120773315,minco-baseline,0.5955337171843977,33.583326014675734,baseline,straight,maze7_seed3_straight.json,8.4122,0.94677,0.94677,True
12.8957,True,0.7568066120147705,0,True,0,7.218538877050843,3.5295651858926016,0.9706840390879479,18.012393449390792,9.909250326985633,maze7_seed3_straight.json,12.87999,inner_topk3,1.0050098679701467,normal,3,6.158035994637971,7,3.491842179568809,0.4898979663848877,inner_topk3,0.4446940999494362,44.97474268799422,variant,straight,maze7_seed3_straight.json,12.8957,0.94367,0.94367,True
8.4161,True,0.9313942074775696,0,True,0,6.606912120341337,3.2948552114705474,1.0,13.13460857903691,7.8458013346281135,maze7_seed3_straight.json,8.39997,inner_topk3,1.0178836566197345,swapped,3,6.1516821821905605,7,3.996859783663158,0.7280110120773315,minco-baseline,0.595706302944202,33.573596451526846,baseline,straight,maze7_seed3_straight_swapped.json,8.4161,0.95306,0.95306,True
13.4234,True,0.8485281467437744,0,True,0,6.263687288848237,3.3948300741449713,0.9421875,17.881262705802104,9.427592660087228,maze7_seed3_straight.json,13.409970000000001,inner_topk3,1.01341193731628,swapped,3,5.983008759363585,7,3.396058196956418,0.6000000238418579,inner_topk3,0.43916523861877704,45.540951924113685,variant,straight,maze7_seed3_straight_swapped.json,13.4234,0.95363,0.95363,True
,False,0.5385165214538574,0,False,0,6.498921696665659,3.3566716945755917,0.5017142857142857,14.375955469194905,8.423154835977382,maze7_seed4_dynamic.json,17.49,inner_topk3,2.909535893041679,normal,4,6.152514437408478,7,1.8953604583640693,0.5385165214538574,minco-baseline,0.481380918297052,33.14973453113284,baseline,dynamic,maze7_seed4_dynamic.json,17.49986347599952,1.4547834759995184,1.4547834759995184,True
,False,0.7452362060546875,0,False,0,5.86176357439043,3.3510517453646713,0.8765714285714286,17.3139640932119,9.316033006904341,maze7_seed4_dynamic.json,17.49003,inner_topk3,2.7653125717359504,normal,4,5.828835476793132,7,3.0134033696774636,0.3162277936935425,inner_topk3,0.30444394545008874,52.70413462267303,variant,dynamic,maze7_seed4_dynamic.json,17.49986347599952,3.2750334759995186,3.2750334759995186,True
,False,0.6403124332427979,0,False,0,6.381144307605627,3.3610479188258844,0.504,14.15738643439639,8.182168606292723,maze7_seed4_dynamic.json,17.48998,inner_topk3,3.0440199163280397,swapped,4,5.9860642621874955,7,1.881029258530134,0.5744562745094299,minco-baseline,0.47707169819326745,32.89924748642939,baseline,dynamic,maze7_seed4_dynamic_swapped.json,17.499868648999836,1.4238786489998363,1.4238786489998363,True
,False,0.723850566148758,0,False,0,6.094634170946886,3.6123162599787575,0.8617142857142858,18.996218337739887,10.137369827174533,maze7_seed4_dynamic.json,17.489990000000002,inner_topk3,2.9370217534609466,swapped,4,5.823209889092562,7,2.980365760206094,0.4000000059604645,inner_topk3,0.30378389000228295,52.12619576496099,variant,dynamic,maze7_seed4_dynamic_swapped.json,17.499868648999836,3.1787786489998364,3.1787786489998364,True
10.3557,True,1.1072302460670471,0,True,0,4.904692341516983,2.753991336286655,1.0,13.576880334704294,6.873560487183988,maze7_seed4_straight.json,10.340019999999999,inner_topk3,1.006508957848792,normal,4,5.830920472588959,7,3.039068650919811,1.0198040008544922,minco-baseline,0.6364580568454065,31.42391378942098,baseline,straight,maze7_seed4_straight.json,10.3557,1.1418,1.1418,True
10.991,True,1.2503857374191285,0,True,0,5.190640953169869,2.5366143734073465,1.0,9.420286365884792,5.5128947246048146,maze7_seed4_straight.json,10.97998,inner_topk3,1.0067155499370808,normal,4,5.940870134568888,7,2.990813516216378,1.0630146265029907,inner_topk3,0.6090303107875937,32.83909259704204,variant,straight,maze7_seed4_straight.json,10.991,1.14334,1.14334,True
10.3293,True,1.1072302460670471,0,True,0,4.8988319114843595,2.756926193589781,1.0,14.757174959062198,7.280056737799454,maze7_seed4_straight.json,10.32913,inner_topk3,0.997065088614104,swapped,4,5.839801998475346,7,3.039457145990138,0.943398118019104,minco-baseline,0.6370456703783131,31.394928053752757,baseline,straight,maze7_seed4_straight_swapped.json,10.3293,1.11089,1.11089,True
11.4167,True,1.1755262970924378,0,True,0,5.2193731602923235,2.5818484259314056,1.0,12.329072861563485,6.383543107710835,maze7_seed4_straight.json,11.40002,inner_topk3,1.0160822917737637,swapped,4,5.943153849001761,7,2.9873204990548987,0.943398118019104,inner_topk3,0.5872767064209601,34.05550207539877,variant,straight,maze7_seed4_straight_swapped.json,11.4167,1.09087,1.09087,True
,False,0.5099020004272461,0,False,0,5.481004975357779,3.3169558144869016,0.9794285714285714,18.05378041038702,9.376860763793223,maze7_seed5_dynamic.json,17.490000000000002,inner_topk3,3.220020131417302,normal,5,5.7016922967221415,7,3.2947070873739848,0.22360680997371674,minco-baseline,0.22959106357103884,57.62422234421031,baseline,dynamic,maze7_seed5_dynamic.json,17.499858084000152,17.499858084000152,,True
9.7413,True,0.8320948898792268,0,True,0,5.011537576133461,3.117758262802004,0.891170431211499,16.667198779647812,8.416652019260852,maze7_seed5_dynamic.json,9.74,inner_topk3,0.9888438693129219,normal,5,5.627110154026368,7,3.2890868343499937,0.5099020004272461,inner_topk3,0.4098459700267518,32.035636985624265,variant,dynamic,maze7_seed5_dynamic.json,9.7413,6.168118084000152,6.168118084000152,True
,False,0.5167012631893158,0,False,0,5.313055465228938,3.262306162415774,0.9794285714285714,18.035043883428116,9.242842844762485,maze7_seed5_dynamic.json,17.48997,inner_topk3,3.223565959169192,swapped,5,5.69384027943371,7,3.277953390670322,0.20000000298023224,minco-baseline,0.23156962792279606,57.331186061242676,baseline,dynamic,maze7_seed5_dynamic_swapped.json,17.499858366998524,17.499858366998524,,True
9.8152,True,0.9291676223278046,0,True,0,5.357408294983434,3.100674003647705,0.9020408163265307,14.864159806448829,8.076870466333567,maze7_seed5_dynamic.json,9.799999999999999,inner_topk3,1.0045466246209889,swapped,5,5.702282850546922,7,3.3209336267665743,0.5656854510307312,inner_topk3,0.41097391175738,32.54506431535113,variant,dynamic,maze7_seed5_dynamic_swapped.json,9.8152,6.2762083669985245,6.2762083669985245,True
,False,0.9219545125961304,0,False,0,5.701621425468369,2.9672399833471195,0.8833849329205367,19.420825029782797,9.844308882000607,maze7_seed5_straight.json,19.99,inner_topk3,1.5687951602378387,normal,5,5.965149200431284,7,2.4083666488660795,0.8544003963470459,minco-baseline,0.41542871865217096,48.14304351756364,baseline,straight,maze7_seed5_straight.json,20.0,2.45437,2.45437,True
,False,1.0097023725509644,0,False,0,4.978118445861071,2.9391492307818203,0.8679050567595459,17.649083076100904,9.389549002988003,maze7_seed5_straight.json,19.98997,inner_topk3,1.6719099440609142,normal,5,5.9089275187191665,7,2.3414131640404725,0.8602325916290283,inner_topk3,0.42730888130316547,46.80455710683569,variant,straight,maze7_seed5_straight.json,20.0,2.59858,2.59858,True
,False,0.9423259377479554,0,False,0,5.691451092024194,3.0381796717497713,0.9019607843137255,19.478177360777075,9.970797688897783,maze7_seed5_straight.json,19.99002,inner_topk3,1.632728991106957,swapped,5,5.94489839618373,7,2.45870340782047,0.8062257766723633,minco-baseline,0.4069234596341494,49.14929922816067,baseline,straight,maze7_seed5_straight_swapped.json,20.0,2.46164,2.46164,True
,False,0.9484190613031387,0,False,0,5.293036662201008,2.993015814687585,0.8586171310629515,19.153275180404894,9.890022018708512,maze7_seed5_straight.json,19.98999,inner_topk3,1.727699598517998,swapped,5,5.908595260784703,7,2.3366864468972235,0.800000011920929,inner_topk3,0.4281733260351256,46.71006264149311,variant,straight,maze7_seed5_straight_swapped.json,20.0,2.58453,2.58453,True
7.8539,True,0.8092659711837769,0,True,0,5.595438086527888,3.610655264062317,1.0,15.189998645557942,8.96452271335963,maze1_seed1_dynamic.json,7.839979999999999,jerk_topk3,1.0200104324974133,normal,1,6.019736679520837,1,4.295063569696976,0.7071068286895752,minco-baseline,0.5028881641705679,33.67321914379379,baseline,dynamic,maze1_seed1_dynamic.json,7.8539,7.853899999999999,,True
7.8976,True,0.9690189182758331,0,True,0,5.9253590456817005,3.606102899924824,1.0,13.338662128231979,8.153317170598369,maze1_seed1_dynamic.json,7.89001,jerk_topk3,0.988623576066629,normal,1,5.872035606792474,1,4.221574760675411,0.9000000357627869,jerk_topk3,0.5068795149691457,33.30810746361338,variant,dynamic,maze1_seed1_dynamic.json,7.8976,7.897600000000001,,True
9.3761,True,0.8485281467437744,0,True,0,5.840151123929634,3.59329664800462,0.9530916844349681,15.50483143009151,9.122141044337711,maze1_seed1_dynamic.json,9.35998,jerk_topk3,1.0268456474836951,swapped,1,6.032649437466863,1,3.9938611204671557,0.7810249924659729,minco-baseline,0.45300931841358566,37.38250270375076,baseline,dynamic,maze1_seed1_dynamic_swapped.json,9.3761,8.515978672999582,8.515978672999582,True
7.8939,True,0.9000000357627869,0,True,0,5.7894172162074184,3.600930681075655,1.0,13.127209092051356,8.111846297282353,maze1_seed1_dynamic.json,7.890009999999999,jerk_topk3,0.9973156954806548,swapped,1,5.90807838480972,1,4.2293559340166595,0.8774964809417725,jerk_topk3,0.5045679680846161,33.369529106396115,variant,dynamic,maze1_seed1_dynamic_swapped.json,7.8939,7.8939,,True
10.0219,True,0.8240102767944336,0,True,0,6.635757703194011,3.4721160938099946,0.992,20.479514580969965,11.42151518279755,maze1_seed1_straight.json,10.01998,jerk_topk3,0.999050139837895,normal,1,6.051383719147349,1,3.4131857092149316,0.7483315467834473,minco-baseline,0.5847933855872888,34.20011596040973,baseline,straight,maze1_seed1_straight.json,10.0219,1.10278,1.10278,True
8.9745,True,0.8062257766723633,0,True,0,6.14492869467077,3.40972292242066,1.0,16.911927902145752,9.60282711816309,maze1_seed1_straight.json,8.97001,jerk_topk3,0.9928085532684231,normal,1,5.887294179116688,1,3.3640296541994426,0.6082763075828552,jerk_topk3,0.6627921314029444,30.175375736020925,variant,straight,maze1_seed1_straight.json,8.9745,1.1637,1.1637,True
9.6484,True,0.817309033870697,0,True,0,6.234875587712542,3.526544388136605,0.9875259875259875,19.51941577305105,10.93488084677633,maze1_seed1_straight.json,9.64001,jerk_topk3,0.9787218603225485,swapped,1,6.005696856494592,1,3.4299229613844027,0.7810249924659729,minco-baseline,0.6048812913134779,33.06434152811926,baseline,straight,maze1_seed1_straight_swapped.json,9.6484,1.0926,1.0926,True
,False,0.6156193584203721,0,False,0,6.327781944814833,3.7835637558693507,1.0,20.297163415978865,11.171068052325944,maze1_seed1_straight.json,19.989990000000002,jerk_topk3,2.598539940517647,swapped,1,5.955421009761935,1,3.196402501808227,0.4582575857639313,jerk_topk3,0.3130100410877834,63.89571890556016,variant,straight,maze1_seed1_straight_swapped.json,20.0,1.19283,1.19283,True
,False,0.4242640733718872,0,False,0,6.912400150896043,3.827847094797115,1.0,21.433615023037845,11.798717096293423,maze1_seed2_dynamic.json,17.49002,jerk_topk3,2.3701543102992413,normal,2,5.989688759801077,1,3.2548782451976495,0.2828427255153656,minco-baseline,0.31979789170900036,56.927444251949936,baseline,dynamic,maze1_seed2_dynamic.json,17.499866088001,3.7882160880009996,3.7882160880009996,True
,False,0.4403287559747696,0,False,0,6.963197017677715,3.883966854820726,1.0,19.689200614875762,11.356110819533498,maze1_seed2_dynamic.json,17.49003,jerk_topk3,2.4003937123980794,normal,2,5.900530802812409,1,3.308652999373972,0.24494898319244385,jerk_topk3,0.313537146266251,57.86795873874487,variant,dynamic,maze1_seed2_dynamic.json,17.499866088001,2.0874460880009993,2.0874460880009993,True
10.1038,True,0.6480740904808044,0,True,0,7.1159021720882345,3.8145705923622075,1.0,21.515221697025684,11.499345407310615,maze1_seed2_dynamic.json,10.09,jerk_topk3,1.0026739851241242,swapped,2,5.997234506670127,1,3.7637783971003014,0.30000001192092896,minco-baseline,0.4790220226452454,37.976389124664884,baseline,dynamic,maze1_seed2_dynamic_swapped.json,10.1038,3.825339344001379,3.825339344001379,True
,False,0.4969693899154663,0,False,0,7.012487891147057,3.8993552195527426,1.0,19.734538841826687,11.322993289694857,maze1_seed2_dynamic.json,17.49002,jerk_topk3,1.9028845456968326,swapped,2,5.905771708783015,1,3.330465275812274,0.24494898319244385,jerk_topk3,0.31281024300069554,58.24930840097804,variant,dynamic,maze1_seed2_dynamic_swapped.json,17.49985934400138,2.144379344001379,2.144379344001379,True
,False,0.46361726373434076,0,False,0,5.76619540231619,3.566107183123006,0.9869739478957916,18.565738766233373,10.244846280004447,maze1_seed2_straight.json,19.98997,jerk_topk3,2.4348866501904074,normal,2,6.130039420739286,1,3.2572157776253428,0.1414213627576828,minco-baseline,0.3071659710800106,65.11138434259739,baseline,straight,maze1_seed2_straight.json,20.0,0.32904,0.32904,True
,False,0.46361726373434076,0,False,0,6.024101177556466,3.7763686211947483,0.985985985985986,15.830848481029554,9.52300480124699,maze1_seed2_straight.json,19.99005,jerk_topk3,2.340386077878584,normal,2,6.028814969613874,1,3.495428237204246,0.1414213627576828,jerk_topk3,0.28623240733703936,69.8732955713721,variant,straight,maze1_seed2_straight.json,20.0,0.30766,0.30766,True
,False,0.49561552852392204,0,False,0,5.859539345710107,3.588126269138114,0.986986986986987,18.526523518777303,10.27822969365869,maze1_seed2_straight.json,19.999670000000002,jerk_topk3,2.462998933114314,swapped,2,6.103136835099031,1,3.2319352695787558,0.1414213627576828,minco-baseline,0.30941869049816817,64.6373416155501,baseline,straight,maze1_seed2_straight_swapped.json,20.0,0.30456,0.30456,True
,False,0.4937082886695863,0,False,0,5.785922864901041,3.6977861954279923,0.986986986986987,15.288613084102002,8.773154113596082,maze1_seed2_straight.json,19.989980000000003,jerk_topk3,2.674013654867065,swapped,2,5.967375537709909,1,3.4946659677853242,0.1414213627576828,jerk_topk3,0.2862949616082426,69.85802854374424,variant,straight,maze1_seed2_straight_swapped.json,20.0,0.31343,0.31343,True
,False,0.5890541493892669,0,False,0,6.574108212274725,3.774009108413375,0.9154285714285715,20.315855969514423,11.073100263926364,maze1_seed3_dynamic.json,17.48999,jerk_topk3,2.9333721954320957,normal,3,6.014794970090968,1,3.272457016877713,0.41231057047843933,minco-baseline,0.27849805024517016,57.23484939031912,baseline,dynamic,maze1_seed3_dynamic.json,17.499873466998906,7.063503466998906,7.063503466998906,True
,False,0.6257010996341705,0,False,0,6.5173197299742665,3.8065025576018545,1.0,15.700680639824764,9.188180980992533,maze1_seed3_dynamic.json,17.490000000000002,jerk_topk3,2.6706958616594263,normal,3,5.9458428733022375,1,3.924484017744105,0.3464101552963257,jerk_topk3,0.2322981378366476,68.63891730727983,variant,dynamic,maze1_seed3_dynamic.json,17.499873466998906,17.499873466998906,,True
,False,0.5328461349010468,0,False,0,6.717634099656661,3.784007897128215,0.9165714285714286,20.82559859574221,11.064860313238075,maze1_seed3_dynamic.json,17.48999,jerk_topk3,2.931341383042383,swapped,3,6.020351710266973,1,3.2793601323422377,0.37416577339172363,minco-baseline,0.27814258731007424,57.35563022266227,baseline,dynamic,maze1_seed3_dynamic_swapped.json,17.499851993001357,7.055151993001358,7.055151993001358,True
,False,0.6164414286613464,0,False,0,6.694916053178529,3.8148026449958556,0.9622857142857143,15.713798293357078,9.2697864271121,maze1_seed3_dynamic.json,17.48999,jerk_topk3,5.227639305140022,swapped,3,5.947012961553359,1,3.942063170728612,0.4242640733718872,jerk_topk3,0.23261859128261234,68.94643686701205,variant,dynamic,maze1_seed3_dynamic_swapped.json,17.499851993001357,17.499851993001357,,True
4.3211,True,0.785988736152649,0,True,0,5.4707552222228175,3.2234041333147987,1.0,17.134151574430177,9.103050051400526,maze1_seed3_straight.json,4.31999,jerk_topk3,0.9811728287534486,normal,3,5.9883887766115915,1,4.5138540104311415,0.7483315467834473,minco-baseline,1.0,19.49972257921618,baseline,straight,maze1_seed3_straight.json,4.3211,0.35022,0.35022,True
4.3944,True,0.7848051100969314,0,True,0,5.139973707862442,3.0622340299905253,1.0,15.050189618768524,8.866775352718374,maze1_seed3_straight.json,4.3800099999999995,jerk_topk3,1.0098497690475272,normal,3,5.917714589771406,1,4.425506793169768,0.7483315467834473,jerk_topk3,1.0,19.38373105833891,variant,straight,maze1_seed3_straight.json,4.3944,0.69053,0.69053,True
4.3095,True,0.785988736152649,0,True,0,5.443064349163634,3.267433468550775,1.0,15.856932111261377,8.71999776925457,maze1_seed3_straight.json,4.29938,jerk_topk3,1.0204913842476067,swapped,3,6.000826469978565,1,4.531269895301475,0.7483315467834473,minco-baseline,1.0,19.48181638231265,baseline,straight,maze1_seed3_straight_swapped.json,4.3095,0.36085,0.36085,True
4.3466,True,0.785988736152649,0,True,0,5.454632645036061,3.121391521305037,1.0,16.048519776578946,8.683512205878158,maze1_seed3_straight.json,4.34003,jerk_topk3,0.9938525046618698,swapped,3,5.947252470804051,1,4.468665885579807,0.7483315467834473,jerk_topk3,1.0,19.39414829602203,variant,straight,maze1_seed3_straight_swapped.json,4.3466,0.44085,0.44085,True
9.0429,True,0.6582207381725311,0,True,0,5.685067845265075,3.5998604078308603,1.0,17.49389355287964,9.808323638842976,maze1_seed4_dynamic.json,9.04002,jerk_topk3,0.9995941158568812,normal,4,6.004755470550712,1,3.8604770591477435,0.6000000238418579,minco-baseline,0.40690356726078825,34.89860792597869,baseline,dynamic,maze1_seed4_dynamic.json,9.0429,8.225384600999496,8.225384600999496,True
,False,0.5069314002990722,0,False,0,5.515675422834667,3.0886965245651696,0.9485714285714286,15.463248394054155,8.802317197881457,maze1_seed4_dynamic.json,17.489939999999997,jerk_topk3,2.6250557860763064,normal,4,5.92609319896381,1,3.162452291549056,0.4000000059604645,jerk_topk3,0.254585375751859,55.31112310461351,variant,dynamic,maze1_seed4_dynamic.json,17.499844600999495,2.2451646009994954,2.2451646009994954,True
9.035,True,0.7000000476837158,0,True,0,5.953336879305534,3.5753453049517994,1.0,18.496940218414117,9.929469832586642,maze1_seed4_dynamic.json,9.01998,jerk_topk3,1.0037864939604733,swapped,4,5.99700001091706,1,3.84858081916978,0.6000000238418579,minco-baseline,0.40882442059655794,34.714109369879914,baseline,dynamic,maze1_seed4_dynamic_swapped.json,9.035,8.22126497699865,8.22126497699865,True
,False,0.5,0,False,0,5.894044835486622,3.427806402228305,0.5291428571428571,18.345862174305765,9.788371303803313,maze1_seed4_dynamic.json,17.49003,jerk_topk3,2.9675387229542785,swapped,4,5.845731288694763,1,2.1428784429177683,0.30000001192092896,jerk_topk3,0.3778445837537689,37.47880938287116,variant,dynamic,maze1_seed4_dynamic_swapped.json,17.49986497699865,2.8400949769986514,2.8400949769986514,True
4.4382,True,0.596253976225853,0,True,0,4.905368672185123,3.0892615796256493,1.0,14.829654938135693,8.864669693797588,maze1_seed4_straight.json,4.429989999999999,jerk_topk3,0.9982481224637914,normal,4,5.948803058829998,1,4.486878329581063,0.5,minco-baseline,1.0,19.876779572582905,baseline,straight,maze1_seed4_straight.json,4.4382,0.34795,0.34795,True
9.4227,True,0.670820415019989,0,True,0,5.070691792614382,3.415755871997759,1.0,16.764827889801712,9.633977624677904,maze1_seed4_straight.json,9.409980000000001,jerk_topk3,1.0138716815333972,normal,4,5.838453283638765,1,3.3266889911626683,0.5,jerk_topk3,0.6388958547888363,31.304009018146978,variant,straight,maze1_seed4_straight.json,9.4227,0.306,0.306,True
4.4272,True,0.6200220793485641,0,True,0,4.9006707692440585,3.0841879248356774,1.0,14.830784911648218,8.88024244853171,maze1_seed4_straight.json,4.4099900000000005,jerk_topk3,1.0140088778713972,swapped,4,5.931995000414866,1,4.486516306697518,0.5,minco-baseline,1.0,19.78556076821665,baseline,straight,maze1_seed4_straight_swapped.json,4.4272,0.34094,0.34094,True
,False,0.7204101115465165,0,False,0,6.283385708895735,3.557579460893036,1.0,17.367014795290554,9.814372960661297,maze1_seed4_straight.json,19.99916,jerk_topk3,1.9015165393776445,swapped,4,5.951381007948636,1,2.913081858856022,0.4582575857639313,jerk_topk3,0.343294998782914,58.2589366896365,variant,straight,maze1_seed4_straight_swapped.json,20.0,0.34097,0.34097,True
,False,0.7147772133350373,0,False,0,6.313372629474222,3.815620815669082,1.0,19.923745796895435,11.40846814017122,maze1_seed5_dynamic.json,17.48999,jerk_topk3,2.986007337305925,normal,5,6.191149841479927,1,3.188313865785145,0.6403124332427979,minco-baseline,0.28887339107530036,55.76330546219326,baseline,dynamic,maze1_seed5_dynamic.json,17.499868916000196,1.437168916000196,1.437168916000196,True
,False,0.5636743485927582,0,False,0,5.882981717235243,3.665667325799124,1.0,19.97341916266181,11.236956210440407,maze1_seed5_dynamic.json,17.49001,jerk_topk3,2.9158475210865515,normal,5,5.842568578918612,1,3.1736414847745507,0.4358898997306824,jerk_topk3,0.2836746445304067,55.50664271884866,variant,dynamic,maze1_seed5_dynamic.json,17.499868916000196,3.9219889160001955,3.9219889160001955,True
,False,0.7049747943878174,0,False,0,6.31320231893424,3.8289772088789644,1.0,19.58096472701513,11.35113459537509,maze1_seed5_dynamic.json,17.489990000000002,jerk_topk3,3.096335557403288,swapped,5,6.187743640994452,1,3.171206824426384,0.6403124332427979,minco-baseline,0.28982293076561944,55.46385586561581,baseline,dynamic,maze1_seed5_dynamic_swapped.json,17.499839977999727,1.429989977999727,1.429989977999727,True
8.4208,True,0.6000000238418579,0,True,0,6.00433300275052,3.8052650873694325,1.0,17.523702083387196,10.426266254212287,maze1_seed5_dynamic.json,8.420029999999999,jerk_topk3,0.9959806848471493,swapped,5,5.928682486594627,1,3.5793572073935533,0.547722578048706,jerk_topk3,0.5215321036174252,30.13802087222226,variant,dynamic,maze1_seed5_dynamic_swapped.json,8.4208,1.486329977999727,1.486329977999727,True
,False,0.6164414286613464,0,False,0,5.706841917311693,3.138205092331315,0.995995995995996,18.60315982327974,10.289113654300888,maze1_seed5_straight.json,19.98998,jerk_topk3,1.6036821401947772,normal,5,5.922402579835445,1,2.901764179919439,0.41231057047843933,minco-baseline,0.3447922672271708,58.00594590130203,baseline,straight,maze1_seed5_straight.json,20.0,1.49359,1.49359,True
,False,0.5,0,False,0,6.462561540011655,3.469175636876457,0.966933867735471,18.63947007761525,10.088922002196808,maze1_seed5_straight.json,19.99,jerk_topk3,5.1931238501222525,normal,5,5.992791096548914,1,3.235387266617518,0.4000000059604645,jerk_topk3,0.30923808253994606,64.67509252319448,variant,straight,maze1_seed5_straight.json,20.0,1.34384,1.34384,True
,False,0.6403124332427979,0,False,0,5.8143419667915355,3.1884448220574093,1.0,18.01867670690952,10.043846442375996,maze1_seed5_straight.json,19.990009999999998,jerk_topk3,1.609557421106274,swapped,5,5.9132741567940466,1,2.932127061249312,0.4358898997306824,minco-baseline,0.34122103231615797,58.61303878077405,baseline,straight,maze1_seed5_straight_swapped.json,20.0,1.51723,1.51723,True
,False,0.4000000059604645,0,False,0,6.353093744274571,3.215706684786347,0.9099099099099099,19.524888214134204,10.475679026802135,maze1_seed5_straight.json,19.98997,jerk_topk3,1.4653567639451608,swapped,5,5.990283639081469,1,2.7551412993924003,0.2828427255153656,jerk_topk3,0.3631413976734646,55.07497004774845,variant,straight,maze1_seed5_straight_swapped.json,20.0,1.33716,1.33716,True
6.3361,True,1.4047674000263215,0,True,0,5.350950370535775,3.2495808299702285,1.0,12.855129510115889,7.7520454913487775,maze2_seed1_dynamic.json,6.33,jerk_topk3,0.993333633552156,normal,1,5.767783111925857,2,4.023622736914976,1.26491117477417,minco-baseline,0.609935365116385,25.469475233029314,baseline,dynamic,maze2_seed1_dynamic.json,6.3361,5.658693001999984,5.658693001999984,True
6.4304,True,1.1200000286102294,0,True,0,4.710790158530309,3.3167163319511745,1.0,14.048164393599087,7.767330574946812,maze2_seed1_dynamic.json,6.43,jerk_topk3,0.9976555663198784,normal,1,5.697734936967479,2,3.969326442830586,1.0198040008544922,jerk_topk3,0.6078451034400052,25.52267657363484,variant,dynamic,maze2_seed1_dynamic.json,6.4304,3.1184830019999836,3.1184830019999836,True
6.4057,True,1.403190153837204,0,True,0,5.236668875409253,3.260980168017759,1.0,14.655381942407029,8.051110290007472,maze2_seed1_dynamic.json,6.39999,jerk_topk3,0.993793312715849,swapped,1,5.7963215430279735,2,4.002530287568836,1.26491117477417,minco-baseline,0.6067592850963806,25.61624909244488,baseline,dynamic,maze2_seed1_dynamic_swapped.json,6.4057,5.705896512998779,5.705896512998779,True
6.5131,True,1.3000000715255737,0,True,0,5.124083956507086,3.269082717959899,1.0,14.73034961810207,7.878349229171366,maze2_seed1_dynamic.json,6.50999,jerk_topk3,0.9794629864858753,swapped,1,5.69472423943439,2,3.9147493738785633,1.2000000476837158,jerk_topk3,0.6100495631602618,25.48492837917965,variant,dynamic,maze2_seed1_dynamic_swapped.json,6.5131,3.1267265129987782,3.1267265129987782,True
5.1935,True,1.1907011568546295,0,True,0,5.103489306326903,2.736543836794126,1.0,14.610791602544678,7.583235043275812,maze2_seed1_straight.json,5.180009999999999,jerk_topk3,1.0117078194645184,normal,1,6.048059916894953,2,3.8329266051991646,1.0049875974655151,minco-baseline,1.0,19.854650649342126,baseline,straight,maze2_seed1_straight.json,5.1935,1.03811,1.03811,True
8.218,True,1.2815936267375947,0,True,0,5.019304395853049,2.9787772295450052,1.0,14.480346716792024,8.069439471525623,maze2_seed1_straight.json,8.21003,jerk_topk3,0.9994133373174003,normal,1,6.073756412459728,2,3.1403049244355423,1.0049875974655151,jerk_topk3,0.7757387447149554,25.781877947664015,variant,straight,maze2_seed1_straight.json,8.218,1.03815,1.03815,True
5.1577,True,1.1933913826942444,0,True,0,5.093190536057424,2.732455701392116,1.0,13.522422593312854,7.5282675521176525,maze2_seed1_straight.json,5.14999,jerk_topk3,0.9903847181690771,swapped,1,6.048266185305209,2,3.840463123189677,1.0049875974655151,minco-baseline,1.0,19.778374240461893,baseline,straight,maze2_seed1_straight_swapped.json,5.1577,1.03142,1.03142,True
8.6333,True,1.3000000715255737,0,True,0,5.064477308914592,2.8991576703498745,1.0,15.631222795264025,7.586341535097792,maze2_seed1_straight.json,8.62998,jerk_topk3,0.9993566832566559,swapped,1,6.080261941817914,2,3.091378846298008,0.9055385589599609,jerk_topk3,0.7496668326360523,26.678519878558248,variant,straight,maze2_seed1_straight_swapped.json,8.6333,1.05301,1.05301,True
3.4912,True,1.8000000715255737,0,True,0,5.221388419704531,3.5575460770393983,1.0,12.964086723457006,7.974349385425478,maze2_seed2_dynamic.json,3.4899999999999998,jerk_topk3,0.9953546879677484,normal,2,5.734607007108422,2,5.112488792665374,1.8000000715255737,minco-baseline,0.8317578701122889,17.842576986435617,baseline,dynamic,maze2_seed2_dynamic.json,3.4912,2.7412076730013153,2.7412076730013153,True
5.6568,True,1.8800000905990601,0,True,0,5.192128480233771,3.332482336591221,1.0,12.473268011971918,7.33877749516628,maze2_seed2_dynamic.json,5.64999,jerk_topk3,0.9932470047221539,normal,2,5.715179885853244,2,4.0280296785958685,1.8000000715255737,jerk_topk3,0.6507988118996979,22.75834647014024,variant,dynamic,maze2_seed2_dynamic.json,5.6568,5.084147673001316,5.084147673001316,True
3.4965,True,1.8000000715255737,0,True,0,5.1586820581227,3.5185121726554,1.0,12.902505431573582,7.93076318381837,maze2_seed2_dynamic.json,3.4900100000000003,jerk_topk3,0.9634337592917072,swapped,2,5.713589511822941,2,5.096202073125526,1.8000000715255737,minco-baseline,0.8354580806281099,17.785759261026413,baseline,dynamic,maze2_seed2_dynamic_swapped.json,3.4965,2.704380854000619,2.704380854000619,True
5.4131,True,1.8650000870227814,0,True,0,5.258758524646097,3.429646393902663,1.0,11.852721723272813,7.588929952023476,maze2_seed2_dynamic.json,5.40999,jerk_topk3,0.9982737696172947,swapped,2,5.705197805143244,2,4.086360551569347,1.8000000715255737,jerk_topk3,0.6721643649564639,22.10712785593257,variant,dynamic,maze2_seed2_dynamic_swapped.json,5.4131,5.4131,,True
,False,0.9219545125961304,0,False,0,5.352798907417194,3.3791503268610796,1.0,16.019175763259334,8.539699694461197,maze2_seed2_straight.json,19.99004,jerk_topk3,1.5964305024574847,normal,2,5.801969812633348,2,3.0887536829583184,0.7810249924659729,minco-baseline,0.323918718194366,61.74388914790704,baseline,straight,maze2_seed2_straight.json,20.0,1.03257,1.03257,True
,False,0.7000000476837158,0,False,0,6.041347429865977,3.0917478554950564,0.9336099585062241,14.593187115111325,8.103507386517002,maze2_seed2_straight.json,19.98998,jerk_topk3,2.3063027770189413,normal,2,5.675797714699623,2,2.7775029221685474,0.5385165214538574,jerk_topk3,0.3602175648155733,55.522005172114405,variant,straight,maze2_seed2_straight.json,20.0,1.04807,1.04807,True
,False,0.9052616328001022,0,False,0,5.343417872140586,3.3833077546275967,0.9948132780082988,15.521648712177138,8.467848468991603,maze2_seed2_straight.json,19.990000000000002,jerk_topk3,1.5703108967055286,swapped,2,5.791136449467102,2,3.091797542445904,0.7810249924659729,minco-baseline,0.32359959755552004,61.80477808361347,baseline,straight,maze2_seed2_straight_swapped.json,20.0,1.02789,1.02789,True
,False,0.800000011920929,0,False,0,5.928673245043681,3.0888282011415633,0.921161825726141,14.527400571980117,8.034890933674255,maze2_seed2_straight.json,19.98999,jerk_topk3,2.3038028149398166,swapped,2,5.675205031366469,2,2.776575335499904,0.5385165214538574,jerk_topk3,0.3603376551231024,55.50350126451288,variant,straight,maze2_seed2_straight_swapped.json,20.0,1.02992,1.02992,True
,False,0.943398118019104,0,False,0,5.327375634862261,3.166829587344509,1.0,10.927138850792872,6.309545706867966,maze2_seed3_dynamic.json,17.489980000000003,jerk_topk3,5.5743327587546165,normal,3,5.917593390318534,2,3.8230288366468694,0.8246211409568787,minco-baseline,0.198011350882866,66.86461623911961,baseline,dynamic,maze2_seed3_dynamic.json,17.499868630000492,17.499868630000492,,True
,False,0.9660064220428467,0,False,0,5.3937172260323445,3.377701026064336,1.0,12.439660509942735,7.293660405828668,maze2_seed3_dynamic.json,17.49001,jerk_topk3,5.448591768896249,normal,3,5.965010479882417,2,3.962409841673757,0.7615773677825928,jerk_topk3,0.18740847101602373,69.30238784257286,variant,dynamic,maze2_seed3_dynamic.json,17.499868630000492,17.499868630000492,,True
,False,0.9170297265052796,0,False,0,5.322541191732656,3.162421943917972,1.0,10.892974575287232,6.381093250167761,maze2_seed3_dynamic.json,17.49,jerk_topk3,5.568114139066328,swapped,3,5.90889780253557,2,3.814249963767806,0.8544003963470459,minco-baseline,0.1982920264988191,66.71104791898927,baseline,dynamic,maze2_seed3_dynamic_swapped.json,17.499822353998752,17.499822353998752,,True
,False,0.8246211409568787,0,False,0,5.041893898328761,3.599603589371322,1.0,11.444080936039,6.758338688759964,maze2_seed3_dynamic.json,17.48999,jerk_topk3,5.380612699363717,swapped,3,5.96598094512147,2,4.150482744996392,0.632455587387085,jerk_topk3,0.17850723877357363,72.59172419855228,variant,dynamic,maze2_seed3_dynamic_swapped.json,17.499822353998752,17.499822353998752,,True
5.6135,True,0.7000000476837158,0,True,0,5.443319823614336,3.149175589678487,1.0,15.473651686680673,7.424994694337326,maze2_seed3_straight.json,5.60001,jerk_topk3,1.0092918020746828,normal,3,5.894754728308367,2,3.8895397496498694,0.5830951929092407,minco-baseline,0.9182128496382763,21.781443882185837,baseline,straight,maze2_seed3_straight.json,5.6135,3.80569,3.80569,True
19.5091,True,0.6616680204868317,0,True,0,5.003843642320112,2.755544006613281,0.9936170212765958,11.705225173198235,6.059674331094324,maze2_seed3_straight.json,19.49999,jerk_topk3,0.9833372074194809,normal,3,5.837905806174951,2,3.005944486130739,0.4000000059604645,jerk_topk3,0.34120571147542755,58.615670792305565,variant,straight,maze2_seed3_straight.json,19.5091,19.5091,,True
5.5875,True,0.7000000476837158,0,True,0,5.450887081147862,3.156142048864588,1.0,15.894719845798384,7.399033373478086,maze2_seed3_straight.json,5.57,jerk_topk3,1.0124444471634284,swapped,3,5.903656150828929,2,3.8807834247744535,0.5830951929092407,minco-baseline,0.9252417882433782,21.61597306277071,baseline,straight,maze2_seed3_straight_swapped.json,5.5875,3.77449,3.77449,True
12.5157,True,0.7000000476837158,0,True,0,4.949508368280176,2.904402237051327,1.0,11.236206591119219,6.149702505790066,maze2_seed3_straight.json,12.50999,jerk_topk3,0.9803762297155346,swapped,3,5.84001363206048,2,3.370670105180214,0.5830951929092407,jerk_topk3,0.4743044774484097,42.16700996236651,variant,straight,maze2_seed3_straight_swapped.json,12.5157,12.5157,,True
4.6831,True,0.8365863621234895,0,True,0,5.7081971041831485,3.4971241098904873,1.0,13.811423716057883,8.241163541995805,maze2_seed4_dynamic.json,4.68,jerk_topk3,0.9881044059426612,normal,4,5.886614671072106,2,4.752027403394051,0.7280110120773315,minco-baseline,0.7646944321558461,22.23947515065182,baseline,dynamic,maze2_seed4_dynamic.json,4.6831,1.7834276590005542,1.7834276590005542,True
,False,0.7259407937526703,0,False,0,6.034777281578613,3.0510338185771255,0.9577142857142857,15.021245466010503,7.9378786588974615,maze2_seed4_dynamic.json,17.490009999999998,jerk_topk3,2.1171477724120304,normal,4,5.921232286250987,2,2.9783790334577143,0.44721361994743347,jerk_topk3,0.3327203717829528,52.09161558004276,variant,dynamic,maze2_seed4_dynamic.json,17.499857659000554,1.8829976590005542,1.8829976590005542,True
4.6832,True,0.9065863788127899,0,True,0,5.685997442526222,3.473254183787058,1.0,13.184378788004876,8.214226151434195,maze2_seed4_dynamic.json,4.66999,jerk_topk3,1.006634595294573,swapped,4,5.9124560300027,2,4.738564771166033,0.800000011920929,minco-baseline,0.7682379196802666,22.129113468012903,baseline,dynamic,maze2_seed4_dynamic_swapped.json,4.6832,1.7775617980006908,1.7775617980006908,True
,False,0.7651207983493805,0,False,0,6.131002777066162,2.9167207613159376,1.0,12.193517088127724,6.678615162641827,maze2_seed4_dynamic.json,17.49003,jerk_topk3,1.632181078464446,swapped,4,5.920406899280468,2,3.034843627761936,0.670820415019989,jerk_topk3,0.3265750621587485,53.079190360278744,variant,dynamic,maze2_seed4_dynamic_swapped.json,17.49976179800069,1.8774917980006904,1.8774917980006904,True
,False,0.8997213959693908,0,False,0,5.801440026660181,3.155522634347718,1.0,14.525562813487824,7.9325980527244075,maze2_seed4_straight.json,19.990029999999997,jerk_topk3,2.5952128220537145,normal,4,5.900098212146073,2,3.09274724489916,0.7615773677825928,minco-baseline,0.3235001444050933,61.823779062721115,baseline,straight,maze2_seed4_straight.json,20.0,1.02924,1.02924,True
,False,0.800000011920929,0,False,0,6.131021967312259,3.1102427879520813,0.9263485477178424,14.27156562846214,7.7448754805074485,maze2_seed4_straight.json,19.99,jerk_topk3,2.857719673404717,normal,4,5.925321911275713,2,2.924647305068524,0.5830951929092407,jerk_topk3,0.34209369194639355,58.463520280025335,variant,straight,maze2_seed4_straight.json,20.0,20.0,,True
,False,0.9052616328001022,0,False,0,5.844655783889968,3.134160454509694,1.0,14.509980112558265,8.035956928763168,maze2_seed4_straight.json,19.99945,jerk_topk3,2.6135523414180724,swapped,4,5.901456729848066,2,3.0709229160965132,0.8062257766723633,minco-baseline,0.32564526617769257,61.41652701451447,baseline,straight,maze2_seed4_straight_swapped.json,20.0,20.0,,True
,False,0.9055385589599609,0,False,0,5.767634747345772,3.293316609261339,1.0,14.069796535285182,7.6267746972317285,maze2_seed4_straight.json,19.99,jerk_topk3,2.110124514913298,swapped,4,5.906392727475381,2,3.181092560623077,0.7211102843284607,jerk_topk3,0.31451593561452146,63.58978745448758,variant,straight,maze2_seed4_straight_swapped.json,20.0,20.0,,True
3.3515,True,1.5086285769939423,0,True,0,5.5460969394827435,3.843113900739658,1.0,20.33586998502983,10.798614160296363,maze2_seed5_dynamic.json,3.35,jerk_topk3,0.9916468790565794,normal,5,5.717742581972693,2,4.421261499529496,1.5000001192092896,minco-baseline,0.891943024429522,14.811209355644905,baseline,dynamic,maze2_seed5_dynamic.json,3.3515,1.0356957249993308,1.0356957249993308,True
4.8533,True,1.288374948501587,0,True,0,5.4099753158750925,3.288014514137504,1.0,20.581436736606257,11.10151423876906,maze2_seed5_dynamic.json,4.84,jerk_topk3,1.0002530698151533,normal,5,5.607818279974296,2,3.537513166203345,1.2083046436309814,jerk_topk3,0.7642295217068776,17.121503551770118,variant,dynamic,maze2_seed5_dynamic.json,4.8533,0.8576157249993308,0.8576157249993308,True
4.587,True,1.5000001192092896,0,True,0,5.267649444056084,3.413601228338495,1.0,19.69764660041241,10.793447373293601,maze2_seed5_dynamic.json,4.58,jerk_topk3,0.9873588561432954,swapped,5,5.695339052123597,2,3.6407947031388113,1.5000001192092896,minco-baseline,0.7911162457614149,16.674756547349112,baseline,dynamic,maze2_seed5_dynamic_swapped.json,4.587,1.0822062979996878,1.0822062979996878,True
9.2935,True,0.800000011920929,0,True,0,5.4066797024614255,3.288781750581534,1.0,18.923141764963233,9.903626458638568,maze2_seed5_dynamic.json,9.28001,jerk_topk3,1.0102221410827819,swapped,5,5.747961361701451,2,2.8952195248396313,0.5656854510307312,jerk_topk3,0.487279841307159,26.867525285772484,variant,dynamic,maze2_seed5_dynamic_swapped.json,9.2935,0.8785762979996878,0.8785762979996878,True
5.7305,True,0.10000000149011612,0,True,0,5.470016299923734,3.068731626872355,1.0,14.884268499954398,7.581454979005649,maze2_seed5_straight.json,5.72,jerk_topk3,1.0027392991802853,normal,5,5.864286480620025,2,3.8429526868218034,0.10000000149011612,minco-baseline,0.9098478873026157,21.981697839244696,baseline,straight,maze2_seed5_straight.json,5.7305,3.294,3.294,True
6.0552,True,0.10000000149011612,0,True,0,5.250679126586194,3.1294351722356253,1.0,13.533453529438932,6.974749336033345,maze2_seed5_straight.json,6.04999,jerk_topk3,0.9954987564631913,normal,5,5.893231315611205,2,3.8180470152500723,0.10000000149011612,jerk_topk3,0.8658325106562249,23.099157276045243,variant,straight,maze2_seed5_straight.json,6.0552,3.31203,3.31203,True
5.6998,True,0.10000000149011612,0,True,0,5.485071279857687,3.081164223165837,1.0,15.24995321118181,7.610711632599372,maze2_seed5_straight.json,5.6899999999999995,jerk_topk3,0.9657945387625598,swapped,5,5.866165089547586,2,3.8664306711893905,0.10000000149011612,minco-baseline,0.9090908379329086,22.000003689813475,baseline,straight,maze2_seed5_straight_swapped.json,5.6998,3.27275,3.27275,True
6.0586,True,0.10000000149011612,0,True,0,5.038761863950397,3.094023999671445,1.0,13.385616957192388,6.972499935144642,maze2_seed5_straight.json,6.039969999999999,jerk_topk3,1.0010280968815797,swapped,5,5.869725532591172,2,3.8183265829399207,0.10000000149011612,jerk_topk3,0.8672080420521748,23.062518763946645,variant,straight,maze2_seed5_straight_swapped.json,6.0586,3.37268,3.37268,True
,False,0.7943075060844421,0,False,0,6.376400638695893,3.7016424722828503,1.0,20.805126502705853,11.107320680236764,maze5_seed1_dynamic.json,17.48999,jerk_topk3,2.3494952611191104,normal,1,5.94753161160776,5,3.15642463374602,0.5,minco-baseline,0.27888553132752036,55.20554737556827,baseline,dynamic,maze5_seed1_dynamic.json,17.499848638999538,1.8031386389995374,1.8031386389995374,True
,False,0.8233314335346222,0,False,0,5.874135859691215,3.4956490396922164,1.0,18.157743789614017,8.895895308335406,maze5_seed1_dynamic.json,17.49001,jerk_topk3,4.148321765669746,normal,1,5.889645832796787,5,3.876963104929927,0.670820415019989,jerk_topk3,0.16993196740865366,67.8077290757867,variant,dynamic,maze5_seed1_dynamic.json,17.499848638999538,17.499848638999538,,True
,False,0.8005782961845398,0,False,0,6.206509126451856,3.7039996404205,1.0,21.67243519376068,11.738369053840524,maze5_seed1_dynamic.json,17.49001,jerk_topk3,1.6450552583694726,swapped,1,5.898436329105175,5,3.1265417321555087,0.5385165214538574,minco-baseline,0.28153216735390413,54.682780432323554,baseline,dynamic,maze5_seed1_dynamic_swapped.json,17.49985714199829,1.835017141998291,1.835017141998291,True
,False,0.800000011920929,0,False,0,6.2080830999000485,3.744316871360893,1.0,19.6194176461346,10.616385901372029,maze5_seed1_dynamic.json,17.49,jerk_topk3,1.7125747795852988,swapped,1,5.975549662490291,5,3.250504582286032,0.41231057047843933,jerk_topk3,0.20240195087817134,56.8509578644494,variant,dynamic,maze5_seed1_dynamic_swapped.json,17.49985714199829,17.49985714199829,,True
,False,0.7071068286895752,0,False,0,7.558889636801015,3.5985290714468183,1.0,22.512065890299873,11.885043770129101,maze5_seed1_straight.json,19.989980000000003,jerk_topk3,2.588565399510682,normal,1,5.991995875530035,5,3.0303287041728866,0.547722578048706,minco-baseline,0.330164739747773,60.57582537415845,baseline,straight,maze5_seed1_straight.json,20.0,1.01589,1.01589,True
5.5336,True,0.7633126378059387,0,True,0,5.877268385310104,3.5071228853795526,1.0,14.246098787101399,7.708347474535355,maze5_seed1_straight.json,5.53,jerk_topk3,0.9991659886824286,normal,1,5.992535783162595,5,4.364635376475956,0.6164414286613464,jerk_topk3,0.8286234701232218,24.13641701060125,variant,straight,maze5_seed1_straight.json,5.5336,5.5336,,True
,False,0.7141428589820862,0,False,0,7.552020078465718,3.695621484680985,1.0,24.156634070321914,12.303647842315026,maze5_seed1_straight.json,19.989890000000003,jerk_topk3,1.175627480671423,swapped,1,5.996766146006049,5,2.986095650869209,0.547722578048706,minco-baseline,0.3350557912800429,59.69155616200176,baseline,straight,maze5_seed1_straight_swapped.json,20.0,1.06302,1.06302,True
8.772,True,0.8520394802093506,0,True,0,6.427875315221981,3.4575847932353807,1.0,19.26079725975985,9.558273338949933,maze5_seed1_straight.json,8.75994,jerk_topk3,1.002393785461269,swapped,1,6.06307170181325,5,3.508866740340427,0.5916079878807068,jerk_topk3,0.6506737235687694,30.737373983541275,variant,straight,maze5_seed1_straight_swapped.json,8.772,8.2001,8.2001,True
9.7313,True,0.8257750988006592,0,True,0,6.0841849763257425,3.389848360853464,1.0,18.739820060967716,10.166173334536381,maze5_seed2_dynamic.json,9.72999,jerk_topk3,0.9971872064601425,normal,2,5.903163819362464,5,3.4807550237476157,0.7280110120773315,minco-baseline,0.46717637132358897,33.867619777310665,baseline,dynamic,maze5_seed2_dynamic.json,9.7313,1.6180741779987136,1.6180741779987136,True
,False,0.800000011920929,0,False,0,6.470415626231653,3.2815125449962608,1.0,16.933144290324474,8.94307629731953,maze5_seed2_dynamic.json,17.49,jerk_topk3,1.5828597604350612,normal,2,5.972331993658958,5,3.145518657218056,0.6782330274581909,jerk_topk3,0.2926211275335649,55.014902268565336,variant,dynamic,maze5_seed2_dynamic.json,17.499854177998714,1.6177541779987132,1.6177541779987132,True
9.4726,True,0.8233314335346222,0,True,0,6.060364448436202,3.4647477186459095,1.0,18.64450067741788,10.59868655564017,maze5_seed2_dynamic.json,9.47001,jerk_topk3,0.9878924404464404,swapped,2,5.913132593373862,5,3.528034527697837,0.7549834847450256,minco-baseline,0.47323677037541756,33.41031557568455,baseline,dynamic,maze5_seed2_dynamic_swapped.json,9.4726,1.6129986479996443,1.6129986479996443,True
,False,0.800000011920929,0,False,0,6.8146210447024504,3.6025143209246204,1.0,15.60072102534396,8.289016342355193,maze5_seed2_dynamic.json,17.49002,jerk_topk3,5.531749550169223,swapped,2,5.931799635400793,5,4.307859532199687,0.30000001192092896,jerk_topk3,0.20004306078919618,75.34424728953647,variant,dynamic,maze5_seed2_dynamic_swapped.json,17.499858647999645,17.499858647999645,,True
,False,0.6308328092098237,0,False,0,5.898748064192524,3.4389052295813025,1.0,17.6667485876196,9.838025335422742,maze5_seed2_straight.json,19.98991,jerk_topk3,2.3299394549466683,normal,2,5.800939718270081,5,3.172508263207074,0.5,minco-baseline,0.31536854615524296,63.41787052231038,baseline,straight,maze5_seed2_straight.json,20.0,0.84145,0.84145,True
,False,0.6000000238418579,0,False,0,6.483973677807174,3.6353910494220756,1.0,19.965371428459175,10.065657622751667,maze5_seed2_straight.json,19.98999,jerk_topk3,2.347782501735371,normal,2,5.819944655680905,5,3.3078179457021153,0.5,jerk_topk3,0.3024666011829183,66.1230084537505,variant,straight,maze5_seed2_straight.json,20.0,0.76052,0.76052,True
,False,0.6379253327846527,0,False,0,5.861439484698907,3.4217552288310693,1.0,18.29077817910277,9.879620560457461,maze5_seed2_straight.json,19.98994,jerk_topk3,2.3355878142065785,swapped,2,5.861571815794798,5,3.1595692315992685,0.5099020004272461,minco-baseline,0.31665968538286887,63.15929214886165,baseline,straight,maze5_seed2_straight_swapped.json,20.0,0.8492,0.8492,True
,False,0.7000000476837158,0,False,0,5.633223796974513,3.082098150189317,1.0,16.698122390926354,9.08094992105448,maze5_seed2_straight.json,19.989929999999998,jerk_topk3,2.3568731981625493,swapped,2,5.877627435009032,5,2.745157726952232,0.5,jerk_topk3,0.3644632098361875,54.87522758151078,variant,straight,maze5_seed2_straight_swapped.json,20.0,0.84856,0.84856,True
,False,0.7962202608585358,0,False,0,6.055965259299802,3.5586329619006514,1.0,15.612068190463305,9.171745674986587,maze5_seed3_dynamic.json,17.48997,jerk_topk3,3.876682683238028,normal,3,5.885699829542669,5,3.6009531614474244,0.5,minco-baseline,0.21842067486459557,62.980371679018795,baseline,dynamic,maze5_seed3_dynamic.json,17.499820353999894,1.5497403539998942,1.5497403539998942,True
,False,0.7000000476837158,0,False,0,5.994014792839745,3.746025042560621,1.0,16.302754292044888,9.140377746292286,maze5_seed3_dynamic.json,17.49016,jerk_topk3,4.202014462607288,normal,3,5.9795130978155475,5,3.9225102906561435,0.44721361994743347,jerk_topk3,0.1989510180488035,68.60084475321814,variant,dynamic,maze5_seed3_dynamic.json,17.499820353999894,1.5098803539998942,1.5098803539998942,True
,False,0.8043580472469329,0,False,0,5.98893205150207,3.534216463939415,1.0,15.930725439160982,8.933383827838727,maze5_seed3_dynamic.json,17.48999,jerk_topk3,3.4368531422538857,swapped,3,5.886039867575556,5,3.6045916715280435,0.670820415019989,minco-baseline,0.218622761149969,63.04399792960136,baseline,dynamic,maze5_seed3_dynamic_swapped.json,17.49982872200053,1.6178987220005299,1.6178987220005299,True
,False,0.800000011920929,0,False,0,5.993793016963593,3.687297429207612,1.0,15.68600698065112,8.977306261128529,maze5_seed3_dynamic.json,17.49001,jerk_topk3,4.004044594601985,swapped,3,5.899805453584158,5,3.9298093528537645,0.7549834847450256,jerk_topk3,0.19888069918512105,68.73212654949639,variant,dynamic,maze5_seed3_dynamic_swapped.json,17.49982872200053,17.49982872200053,,True
4.4105,True,0.44721361994743347,0,True,0,5.312915875344132,2.9930614583622654,1.0,12.159117648685736,6.432733594588791,maze5_seed3_straight.json,4.40997,jerk_topk3,0.99066133960786,normal,3,5.957546487277691,5,4.444608224772475,0.44721361994743347,minco-baseline,1.0,19.600677176541794,baseline,straight,maze5_seed3_straight.json,4.4105,0.37219,0.37219,True
4.6127,True,0.44721361994743347,0,True,0,5.219833331550428,3.1609509045069455,1.0,17.997521435367275,9.33760831356225,maze5_seed3_straight.json,4.60998,jerk_topk3,0.993506078404054,normal,3,5.907041563109401,5,4.3071604446311005,0.44721361994743347,jerk_topk3,1.0,19.855988253424208,variant,straight,maze5_seed3_straight.json,4.6127,0.37199,0.37199,True
4.4883,True,0.44721361994743347,0,True,0,5.409508857601479,2.976966525328937,1.0,12.457577651725787,6.522601286138441,maze5_seed3_straight.json,4.479920000000001,jerk_topk3,0.9995331823818678,swapped,3,5.940347336544722,5,4.373693693780509,0.44721361994743347,minco-baseline,1.0,19.593775816953737,baseline,straight,maze5_seed3_straight_swapped.json,4.4883,0.44565,0.44565,True
4.5952,True,0.44721361994743347,0,True,0,5.225815396894915,2.8979268686062998,1.0,12.86385408671471,6.476127863580135,maze5_seed3_straight.json,4.57985,jerk_topk3,1.0115229784636806,swapped,3,5.901257707472511,5,4.301313760695791,0.4358898997306824,jerk_topk3,1.0,19.69945964905757,variant,straight,maze5_seed3_straight_swapped.json,4.5952,0.45469,0.45469,True
6.3835,True,1.0,0,True,0,5.777293556712164,3.6671945447047265,1.0,17.82501764651227,10.053748394767073,maze5_seed4_dynamic.json,6.370000000000001,jerk_topk3,1.0009890068984775,normal,4,5.926363398105703,5,3.8184364681096747,0.9273619055747986,minco-baseline,0.6164846233102241,24.323353048855456,baseline,dynamic,maze5_seed4_dynamic.json,6.3835,1.6526827250006395,1.6526827250006395,True
,False,0.9000000357627869,0,False,0,6.27371421948577,3.479540138957816,1.0,13.235032452286749,7.034098911350693,maze5_seed4_dynamic.json,17.48999,jerk_topk3,8.048880079211965,normal,4,5.881108328366323,5,4.601092767669266,0.8944272398948669,jerk_topk3,0.18591407671174337,80.47294803852307,variant,dynamic,maze5_seed4_dynamic.json,17.49986272500064,17.49986272500064,,True
,False,0.8919467687606812,0,False,0,5.701017433760127,3.179194356020125,1.0,20.502449717913397,10.410516738000757,maze5_seed4_dynamic.json,17.48999,jerk_topk3,1.5456296111639107,swapped,4,5.932912764105363,5,2.7025770641177123,0.7000000476837158,minco-baseline,0.31716221483471363,47.26777794999078,baseline,dynamic,maze5_seed4_dynamic_swapped.json,17.499839977999727,1.662969977999727,1.662969977999727,True
,False,0.9000000357627869,0,False,0,5.9479450298348855,3.4434318680657365,1.0,12.261999835079234,6.800998899936029,maze5_seed4_dynamic.json,17.48998,jerk_topk3,8.108038786082155,swapped,4,5.940697979656679,5,4.651558997343052,0.6000000238418579,jerk_topk3,0.1893162435680094,81.35558864884487,variant,dynamic,maze5_seed4_dynamic_swapped.json,17.499839977999727,17.499839977999727,,True
,False,0.6974037498235703,0,False,0,6.194605415142074,3.490256545590597,1.0,20.604204484803557,10.693585444251925,maze5_seed4_straight.json,19.990029999999997,jerk_topk3,2.796929220489097,normal,4,5.985824629227164,5,3.2549215497466477,0.5099020004272461,minco-baseline,0.3073821862464386,65.06558455921183,baseline,straight,maze5_seed4_straight.json,20.0,0.84632,0.84632,True
13.2384,True,0.800000011920929,0,True,0,6.260141019799487,3.5162811933392444,1.0,16.05960999725468,8.905682007083238,maze5_seed4_straight.json,13.23001,jerk_topk3,0.9956543054331146,normal,4,5.951556648247188,5,3.541772461115217,0.7071068286895752,jerk_topk3,0.4268265819153791,46.85744159241387,variant,straight,maze5_seed4_straight.json,13.2384,0.80539,0.80539,True
,False,0.6403124332427979,0,False,0,6.290468964389496,3.4967438246382248,1.0,18.711821110678695,10.235212889404394,maze5_seed4_straight.json,19.989990000000002,jerk_topk3,2.4759591977558455,swapped,4,5.99848702915027,5,3.3393457783252103,0.5099020004272461,minco-baseline,0.2996106655946012,66.75330324325449,baseline,straight,maze5_seed4_straight_swapped.json,20.0,0.90072,0.90072,True
18.9167,True,0.7000000476837158,0,True,0,6.739778045017969,3.7343104368577165,1.0,17.856394612667323,9.779065604666972,maze5_seed4_straight.json,18.900009999999998,jerk_topk3,1.000003745469408,swapped,4,6.008812520207628,5,3.371083045157888,0.5,jerk_topk3,0.31390721317625514,63.71309984549045,variant,straight,maze5_seed4_straight_swapped.json,18.9167,1.21899,1.21899,True
7.2895,True,0.9839643061161041,0,True,0,6.786786219351744,3.780920200437823,1.0,14.939532865083576,9.842464182837462,maze5_seed5_dynamic.json,7.279999999999999,jerk_topk3,0.9874844450461756,normal,5,5.823858342829789,5,3.317370733904632,0.9000000357627869,minco-baseline,0.5442793715402763,24.150321884721258,baseline,dynamic,maze5_seed5_dynamic.json,7.2895,1.1470842920004891,1.1470842920004891,True
,False,0.7196077227592469,0,False,0,6.117194731501146,3.4660345967333552,1.0,16.142629369846976,8.92960628325503,maze5_seed5_dynamic.json,17.49003,jerk_topk3,1.5074700822445783,normal,5,5.978240759668317,5,3.525663770988994,0.5744562745094299,jerk_topk3,0.20583399200089153,61.663595870902405,variant,dynamic,maze5_seed5_dynamic.json,17.49984429200049,17.49984429200049,,True
,False,0.8513615429401398,1,False,12,6.0772073472109245,3.6434026436455604,0.9862857142857143,19.16094476264414,10.65490066082974,maze5_seed5_dynamic.json,17.490009999999998,jerk_topk3,2.871561738924672,swapped,5,5.843069174437027,5,3.059749692350845,0.0,minco-baseline,0.24426316774451168,53.514537890523485,baseline,dynamic,maze5_seed5_dynamic_swapped.json,17.49985281299996,1.8856928129999613,1.8856928129999613,True
,False,0.8841688454151154,0,False,0,5.553126996492858,3.418686357075864,1.0,15.948570809060298,8.43227806258113,maze5_seed5_dynamic.json,17.49,jerk_topk3,1.8181662181762324,swapped,5,5.985638227533001,5,3.4433191179351903,0.5196152329444885,jerk_topk3,0.2093134155904337,60.22337500062754,variant,dynamic,maze5_seed5_dynamic_swapped.json,17.49985281299996,15.272732812999962,15.272732812999962,True
,False,0.5056201040744782,0,False,0,5.863155710360636,2.9646865870208865,0.9879759519038076,16.01531820822497,9.267726516319057,maze5_seed5_straight.json,19.98998,jerk_topk3,2.094261313642709,normal,5,6.092389487822476,5,2.7972140930484306,0.10000000149011612,minco-baseline,0.3576793132660617,55.91601436784368,baseline,straight,maze5_seed5_straight.json,20.0,1.31143,1.31143,True
18.4254,True,0.4551315769553185,0,True,0,6.659276484672112,2.879020529664132,0.9869565217391304,16.84935509060966,8.889027494542779,maze5_seed5_straight.json,18.42001,jerk_topk3,0.9963512060560007,normal,5,5.989457296389153,5,2.8246166473317147,0.1414213627576828,jerk_topk3,0.38439934833313255,52.029228734424684,variant,straight,maze5_seed5_straight.json,18.4254,17.50492,17.50492,True
,False,0.5463172107934952,0,False,0,5.874546669021362,2.9675720988557304,0.9889779559118237,16.031776721860908,9.27851816866819,maze5_seed5_straight.json,19.989990000000002,jerk_topk3,2.339487866808709,swapped,5,6.146892074900395,5,2.7990901617259767,0.10000000149011612,minco-baseline,0.35743949022217414,55.95353107051568,baseline,straight,maze5_seed5_straight_swapped.json,20.0,1.36967,1.36967,True
,False,0.4236663982272148,0,False,0,5.866010415242757,2.7408164357004625,0.988988988988989,14.569978627142305,7.981405582138771,maze5_seed5_straight.json,19.990000000000002,jerk_topk3,2.415283647158649,swapped,5,5.997518526985452,5,2.829118708288292,0.1414213627576828,jerk_topk3,0.3536456224630282,56.55379383117205,variant,straight,maze5_seed5_straight_swapped.json,20.0,20.0,,True
,False,0.8544003963470459,0,False,0,5.191768640047615,2.928491593902259,1.0,13.060527414709856,7.416147451306987,maze7_seed1_dynamic.json,17.489980000000003,jerk_topk3,2.2463544812103344,normal,1,5.8643871024124525,7,3.2248455955429143,0.7000000476837158,minco-baseline,0.2627994067816978,56.4023157648782,baseline,dynamic,maze7_seed1_dynamic.json,17.499710602998675,17.499710602998675,,True
8.7496,True,1.1791791439056396,0,True,0,6.099298303271182,3.3691402285720016,0.9908466819221968,15.93929155312259,8.866921482388303,maze7_seed1_dynamic.json,8.73999,jerk_topk3,0.9957563677220207,normal,1,5.7872115572644995,7,3.5344641201171143,1.0770330429077148,jerk_topk3,0.4792894781031188,30.891099542445275,variant,dynamic,maze7_seed1_dynamic.json,8.7496,8.7496,,True
,False,0.9098887920379639,0,False,0,5.16552661804252,2.957955678160125,1.0,12.69805814562335,7.255195419416702,maze7_seed1_dynamic.json,17.48999,jerk_topk3,2.14480648454444,swapped,1,5.871166313415701,7,3.2629399690060024,0.7348469495773315,minco-baseline,0.26005574321143976,57.0686147258868,baseline,dynamic,maze7_seed1_dynamic_swapped.json,17.499864715999138,17.499864715999138,,True
,False,0.7884732186794281,0,False,0,6.106336643458228,2.835045386395322,1.0,11.838680979810109,6.695855771258437,maze7_seed1_dynamic.json,17.48997,jerk_topk3,4.3012598406848905,swapped,1,5.781625383390624,7,3.229993525805509,0.4898979663848877,jerk_topk3,0.26214418506053505,56.49246334976176,variant,dynamic,maze7_seed1_dynamic_swapped.json,17.499864715999138,7.803254715999138,7.803254715999138,True
5.095,True,0.7549834847450256,0,True,0,5.094101464943496,2.7512416723468878,1.0,15.579172117869865,7.3252498374965205,maze7_seed1_straight.json,5.08,jerk_topk3,1.0233558597435453,normal,1,5.878007015430943,7,3.87747747822742,0.7348469495773315,minco-baseline,1.0,19.697638423839972,baseline,straight,maze7_seed1_straight.json,5.095,0.96791,0.96791,True
5.1883,True,0.7549834847450256,0,True,0,5.144915164499558,2.9270068956460693,1.0,11.920083230843167,7.166272435503765,maze7_seed1_straight.json,5.17998,jerk_topk3,0.9984368909453881,normal,1,5.912911178100513,7,3.8150934095635565,0.7348469495773315,jerk_topk3,1.0,19.762098907210763,variant,straight,maze7_seed1_straight.json,5.1883,0.96743,0.96743,True
5.0207,True,0.7439083904027939,0,True,0,5.096640684489268,2.7519631919508787,1.0,15.658022603345785,7.348217640176178,maze7_seed1_straight.json,5.010009999999999,jerk_topk3,1.023290664477704,swapped,1,5.879242879527701,7,3.931436281087424,0.7280110120773315,minco-baseline,1.0,19.696538382730694,baseline,straight,maze7_seed1_straight_swapped.json,5.0207,0.89523,0.89523,True
5.1285,True,0.7449152171611786,0,True,0,5.12008008729717,2.9230430303422756,1.0,11.756575430502284,7.0595446639757995,maze7_seed1_straight.json,5.118390000000001,jerk_topk3,1.0090887474959187,swapped,1,5.908193819579841,7,3.858470993933392,0.7280110120773315,jerk_topk3,1.0,19.749223238779397,variant,straight,maze7_seed1_straight_swapped.json,5.1285,0.8952,0.8952,True
7.5645,True,1.4021271467208862,0,True,0,6.587164203869146,3.6885778937691036,1.0,17.297613810509315,9.190609046181738,maze7_seed2_dynamic.json,7.559989999999999,jerk_topk3,0.9876191274378776,normal,2,5.656020818337593,7,3.5060739988327283,1.1575837135314941,minco-baseline,0.5640053367522837,26.505891782247343,baseline,dynamic,maze7_seed2_dynamic.json,7.5645,1.3668183829996177,1.3668183829996177,True
4.9787,True,1.4409349024295808,0,True,0,6.081908008498644,3.4561752892852806,1.0,10.596828794431167,6.207168726429807,maze7_seed2_dynamic.json,4.960000000000001,jerk_topk3,1.0199316664146238,normal,2,6.067905221325135,7,5.096706423766014,1.2688578367233276,jerk_topk3,0.5746904537326595,25.279638653613716,variant,dynamic,maze7_seed2_dynamic.json,4.9787,4.9787,,True
7.6419,True,1.3982042074203491,0,True,0,6.581101370727287,3.691722387876302,1.0,17.87789212208166,9.248217550153887,maze7_seed2_dynamic.json,7.64001,jerk_topk3,0.9952788496299924,swapped,2,5.6598659475632145,7,3.5201961858606423,1.1832159757614136,minco-baseline,0.5567061770740124,26.894162589748863,baseline,dynamic,maze7_seed2_dynamic_swapped.json,7.6419,1.374431805999646,1.374431805999646,True
4.9867,True,1.3881914436817169,0,True,0,6.087720577804329,3.4723483311831767,1.0,10.431359167711104,6.368537276669442,maze7_seed2_dynamic.json,4.97001,jerk_topk3,1.0078095408544299,swapped,2,6.045142052627947,7,5.115984035701868,1.2688578367233276,jerk_topk3,0.5715328117816313,25.426412026070608,variant,dynamic,maze7_seed2_dynamic_swapped.json,4.9867,4.9867,,True
10.4128,True,1.1575837135314941,0,True,0,5.6159557683160966,2.993431144702636,0.9447852760736196,16.262164879515772,8.58674332056707,maze7_seed2_straight.json,10.41,jerk_topk3,0.9846129175087234,normal,2,5.737678469037257,7,2.9405866670744008,1.1357816457748413,minco-baseline,0.653349510902563,30.611491256525117,baseline,straight,maze7_seed2_straight.json,10.4128,0.9457,0.9457,True
12.1584,True,0.9222248822450638,0,True,0,5.587242341718567,2.9211116309475185,1.0,12.214724340217177,7.026006080453293,maze7_seed2_straight.json,12.15001,jerk_topk3,0.9954132437783353,normal,2,5.956006611118839,7,3.0826713643208534,0.7071068286895752,jerk_topk3,0.5339844957945327,37.454276394594885,variant,straight,maze7_seed2_straight.json,12.1584,0.94351,0.94351,True
10.4581,True,1.1575837135314941,0,True,0,5.662500434947878,2.985807428566632,0.943089430894309,15.778170723194046,8.729092920752706,maze7_seed2_straight.json,10.450009999999999,jerk_topk3,0.990620745966105,swapped,2,5.818158138043194,7,2.950543215173978,1.0630146265029907,minco-baseline,0.6486526935707145,30.833145319907786,baseline,straight,maze7_seed2_straight_swapped.json,10.4581,0.93594,0.93594,True
5.8708,True,1.4572990179061889,0,True,0,5.557645829766054,3.2952940564443325,1.0,10.291876262312972,6.518863429049973,maze7_seed2_straight.json,5.859999999999999,jerk_topk3,1.0078647263205291,swapped,2,5.94997965386139,7,3.820043080906299,1.3304134607315063,jerk_topk3,0.8934374870113143,22.38545302192528,variant,straight,maze7_seed2_straight_swapped.json,5.8708,0.93273,0.93273,True
,False,1.0034913182258607,0,False,0,6.260237753301203,2.808981404969353,1.0,13.98653205183563,7.211456131837522,maze7_seed3_dynamic.json,17.490009999999998,jerk_topk3,1.8956299835676338,normal,3,5.872673625679943,7,2.9034008453354456,0.9486833214759827,minco-baseline,0.3335397927785485,50.78021875860936,baseline,dynamic,maze7_seed3_dynamic.json,17.49985581799956,1.7030158179995594,1.7030158179995594,True
,False,1.0756372928619384,0,False,0,6.303264378929605,2.808453993010862,1.0,12.205262452547862,6.105121480770467,maze7_seed3_dynamic.json,17.49001,jerk_topk3,2.1162997469296436,normal,3,5.915079863602607,7,2.9244277284815916,0.9165151715278625,jerk_topk3,0.34100658249631716,51.148031349100904,variant,dynamic,maze7_seed3_dynamic.json,17.49985581799956,1.62454581799956,1.62454581799956,True
,False,0.9899495244026184,0,False,0,6.247418743923888,2.8149164339091035,1.0,12.916088739044124,6.961242381429506,maze7_seed3_dynamic.json,17.490009999999998,jerk_topk3,1.9945303281011848,swapped,3,5.892446858107593,7,2.8926740339412627,0.9000000357627869,minco-baseline,0.334920352097155,50.59260686244821,baseline,dynamic,maze7_seed3_dynamic_swapped.json,17.49985955000011,1.6971395500001103,1.6971395500001103,True
,False,0.943398118019104,0,False,0,5.990549262499391,2.6989659708359883,1.0,9.544516422814663,5.2815665360607635,maze7_seed3_dynamic.json,17.48997,jerk_topk3,2.0109142750699505,swapped,3,5.920378909844443,7,2.876821374574167,0.7681145668029785,jerk_topk3,0.34535487081940025,50.31543965539386,variant,dynamic,maze7_seed3_dynamic_swapped.json,17.49985955000011,1.8156595500001105,1.8156595500001105,True
8.405,True,0.9313942074775696,0,True,0,6.561408515653743,3.3176468007057447,1.0,13.39462868965213,7.947062377809048,maze7_seed3_straight.json,8.39002,jerk_topk3,1.0242968523300156,normal,3,6.15990742290119,7,4.010582640471968,0.800000011920929,minco-baseline,0.5943757849016411,33.648751228876904,baseline,straight,maze7_seed3_straight.json,8.405,0.92302,0.92302,True
10.6174,True,0.9013846665620804,0,True,0,6.7409251439945,3.5146006506759204,1.0,15.234966683856614,8.39994782298201,maze7_seed3_straight.json,10.59999,jerk_topk3,1.0213631929162925,normal,3,6.160637704634548,7,3.828743449631596,0.7615773677825928,jerk_topk3,0.4927986528054982,40.58453237266592,variant,straight,maze7_seed3_straight.json,10.6174,0.96637,0.96637,True
8.4835,True,0.9345407724380493,0,True,0,6.540573686687828,3.2887945991729204,1.0,15.91107828950726,8.501060957078119,maze7_seed3_straight.json,8.479999999999999,jerk_topk3,0.9827008103755326,swapped,3,5.905061354258415,7,3.966160150893195,0.7280110120773315,minco-baseline,0.5946529654447397,33.63306651147472,baseline,straight,maze7_seed3_straight_swapped.json,8.4835,0.93599,0.93599,True
10.7591,True,0.8390467673540116,0,True,0,6.707219830423969,3.4291554929617343,1.0,16.361192741211877,8.6336883672322,maze7_seed3_straight.json,10.75892,jerk_topk3,0.9951827343089436,swapped,3,6.082904567121308,7,3.754767532597559,0.670820415019989,jerk_topk3,0.4950843678367481,40.39716056295162,variant,straight,maze7_seed3_straight_swapped.json,10.7591,0.97484,0.97484,True
,False,0.6403124332427979,0,False,0,6.347662060901123,3.3135398805602123,0.49942857142857144,14.192214215823173,7.9717986068681626,maze7_seed4_dynamic.json,17.48998,jerk_topk3,3.039298622169377,normal,4,6.063129659298518,7,1.8826396826484628,0.5656854510307312,minco-baseline,0.4824125530181592,32.92724047861876,baseline,dynamic,maze7_seed4_dynamic.json,17.499851705000765,1.4322617050007649,1.4322617050007649,True
,False,0.6007219731807709,0,False,0,5.654009789697414,3.326225965849858,0.8777142857142857,18.305184551245073,10.131996715004322,maze7_seed4_dynamic.json,17.49001,jerk_topk3,2.4718584744108827,normal,4,5.7027888339223605,7,2.9979574546991072,0.4000000059604645,jerk_topk3,0.3056978797593287,52.433985290245715,variant,dynamic,maze7_seed4_dynamic.json,17.499851705000765,3.1722817050007652,3.1722817050007652,True
,False,0.6403124332427979,0,False,0,6.369067535806576,3.298634094807782,0.5017142857142857,13.660319085913612,7.963640226285381,maze7_seed4_dynamic.json,17.49002,jerk_topk3,3.038290862913745,swapped,4,6.063473288464774,7,1.8839436712638264,0.5099020004272461,minco-baseline,0.4819959813382378,32.95000979429837,baseline,dynamic,maze7_seed4_dynamic_swapped.json,17.499850256001082,1.429350256001082,1.429350256001082,True
,False,0.6000000238418579,0,False,0,6.335125434511035,3.4063462265612503,0.7931428571428571,17.221908865537806,9.359506160202598,maze7_seed4_dynamic.json,17.490009999999998,jerk_topk3,3.655618755193826,swapped,4,5.701444643353541,7,2.8128297650512764,0.36055514216423035,jerk_topk3,0.32646484682591614,49.19616524162912,variant,dynamic,maze7_seed4_dynamic_swapped.json,17.499850256001082,3.1875002560010817,3.1875002560010817,True
10.3785,True,1.0968087911605835,0,True,0,4.900685262765935,2.7478818165319585,1.0,13.899070685587867,7.087384224305725,maze7_seed4_straight.json,10.37,jerk_topk3,0.9842637237152033,normal,4,5.820138696229068,7,3.0352354323350164,0.9695360064506531,minco-baseline,0.6354195230156178,31.475273103571652,baseline,straight,maze7_seed4_straight.json,10.3785,1.13827,1.13827,True
,False,0.8052845299243927,0,False,0,5.2133706032821445,2.8770129624872043,0.9504643962848297,14.412405869729195,7.657209094336929,maze7_seed4_straight.json,19.98998,jerk_topk3,2.6224558672675653,normal,4,5.746868123500383,7,2.817607550030222,0.5385165214538574,jerk_topk3,0.3550900086321316,56.323755442160184,variant,straight,maze7_seed4_straight.json,20.0,1.21882,1.21882,True
10.3221,True,1.0963542461395264,0,True,0,4.905411155946248,2.7596535487647214,1.0,14.445657901739352,7.038490709205567,maze7_seed4_straight.json,10.31997,jerk_topk3,0.9749400320403258,swapped,4,5.831084180143251,7,3.0397813610056446,1.0198040008544922,minco-baseline,0.6375436067291366,31.370407713127598,baseline,straight,maze7_seed4_straight_swapped.json,10.3221,1.12834,1.12834,True
10.717,True,1.2124386429786682,0,True,0,5.2123907723592895,2.6250429130058675,1.0,9.035070758978064,5.438919826276999,maze7_seed4_straight.json,10.69997,jerk_topk3,1.0264790676433728,swapped,4,5.808429332255716,7,3.056026358906623,0.9899495244026184,jerk_topk3,0.6116322128905007,32.699394856183986,variant,straight,maze7_seed4_straight_swapped.json,10.717,1.10802,1.10802,True
,False,0.670820415019989,0,False,0,5.246574817881478,3.3050237723430844,0.5017142857142857,17.447989918527984,8.990211074979902,maze7_seed5_dynamic.json,17.48999,jerk_topk3,2.782833593337877,normal,5,5.719293630020812,7,2.0538754806790944,0.670820415019989,minco-baseline,0.37126861098314856,35.922204053901716,baseline,dynamic,maze7_seed5_dynamic.json,17.499866024998482,17.499866024998482,,True
15.6124,True,0.7193684279918671,0,True,0,5.697553178279241,3.4139788977827394,0.95,17.146971283161893,9.248081500912393,maze7_seed5_dynamic.json,15.599979999999999,jerk_topk3,1.0210336682185939,normal,5,5.624537542363042,7,3.2065832574876807,0.22360680997371674,jerk_topk3,0.26461186997975006,50.02247437958265,variant,dynamic,maze7_seed5_dynamic.json,15.6124,14.834116024998483,14.834116024998483,True
,False,0.5099020004272461,0,False,0,5.330485784149311,3.2925939725998736,0.9794285714285714,17.982436256050633,9.359790825061472,maze7_seed5_dynamic.json,17.490000000000002,jerk_topk3,3.231999782812468,swapped,5,5.716962333095671,7,3.2936869323505706,0.1414213627576828,minco-baseline,0.23053572255712107,57.60633935585975,baseline,dynamic,maze7_seed5_dynamic_swapped.json,17.49985603999994,17.49985603999994,,True
9.489,True,0.7661534070968627,0,True,0,5.700488129023629,3.3467033291996433,0.9071729957805907,18.77541240673692,10.210376001290948,maze7_seed5_dynamic.json,9.479980000000001,jerk_topk3,0.9980397680214812,swapped,5,5.62003090353228,7,3.327656302468258,0.632455587387085,jerk_topk3,0.41789740933407726,31.546111532334557,variant,dynamic,maze7_seed5_dynamic_swapped.json,9.489,5.83113603999994,5.83113603999994,True
,False,0.9486833214759827,0,False,0,5.6185461611869645,2.9888804714465502,0.8854489164086687,18.971095704201154,9.722864053684086,maze7_seed5_straight.json,19.99787,jerk_topk3,1.6723446587145254,normal,5,5.9547743759781735,7,2.4210989498941062,0.8944272398948669,minco-baseline,0.4130803031945009,48.416742723225596,baseline,straight,maze7_seed5_straight.json,20.0,2.47942,2.47942,True
,False,0.9896963387727737,0,False,0,5.680760341287504,3.202241771290033,0.9318885448916409,15.44048074115562,9.011725576489178,maze7_seed5_straight.json,19.98999,jerk_topk3,1.7256970857673664,normal,5,5.948523615484007,7,2.573093530491353,0.5099020004272461,jerk_topk3,0.38883328788029187,51.43593242469237,variant,straight,maze7_seed5_straight.json,20.0,2.63158,2.63158,True
,False,0.9219545125961304,0,False,0,5.613202877478546,3.025237787341043,0.9020618556701031,19.426359646169747,9.868615760014189,maze7_seed5_straight.json,19.99003,jerk_topk3,1.6089262176120402,swapped,5,5.963748698194203,7,2.4573121918771323,0.8246211409568787,minco-baseline,0.4071541886043003,49.12144767665294,baseline,straight,maze7_seed5_straight_swapped.json,20.0,2.42836,2.42836,True
,False,0.9270915359258651,0,False,0,5.474834937521162,3.1562104642753392,0.8835051546391752,17.967867167026395,9.504170752685589,maze7_seed5_straight.json,19.99857,jerk_topk3,1.7278051438404554,swapped,5,5.886238993581078,7,2.4664752582352434,0.5,jerk_topk3,0.4054686975466369,49.32564115640193,variant,straight,maze7_seed5_straight_swapped.json,20.0,2.58938,2.58938,True
9.1066,True,0.8573164939880371,0,True,0,6.03655462242785,3.6238402353773522,0.9868131868131869,16.245523722567498,9.016092508327914,maze1_seed1_dynamic.json,9.10002,corridor_calibrated,0.9762784184755366,normal,1,6.02895354063367,1,4.044241912225761,0.818535327911377,minco-baseline,0.4602077689689784,36.802517979671734,baseline,dynamic,maze1_seed1_dynamic.json,9.1066,8.3105667939999,8.3105667939999,True
8.5026,True,0.8887495517730712,0,True,0,5.736064237030831,3.446511804983009,0.9905882352941177,15.18587291490831,8.820750161741545,maze1_seed1_dynamic.json,8.49999,corridor_calibrated,0.9886836062402058,normal,1,6.013325139570113,1,4.276897562605215,0.8602325916290283,corridor_calibrated,0.4644095531599848,36.3534149893282,variant,dynamic,maze1_seed1_dynamic.json,8.5026,8.5026,,True
7.7381,True,0.7849806308746338,0,True,0,5.863196586990494,3.566132362170111,1.0,15.911620851311362,8.423277900986484,maze1_seed1_dynamic.json,7.730030000000001,corridor_calibrated,0.981701680727718,swapped,1,5.99733962727504,1,4.267971562396436,0.670820415019989,minco-baseline,0.5126918747070445,32.99129707946404,baseline,dynamic,maze1_seed1_dynamic_swapped.json,7.7381,7.738099999999999,,True
8.553,True,0.9000000357627869,0,True,0,5.573485882765373,3.444419838830229,0.9742990654205608,15.164597428898677,8.918130244424837,maze1_seed1_dynamic.json,8.54,corridor_calibrated,1.006974284702759,swapped,1,5.990321689874435,1,4.255709280117443,0.866025447845459,corridor_calibrated,0.465779529580784,36.34361332200376,variant,dynamic,maze1_seed1_dynamic_swapped.json,8.553,8.553,,True
,False,0.5643270045518876,0,False,0,6.359717066515804,3.61852042532129,1.0,20.921755832767886,11.8829111693144,maze1_seed1_straight.json,19.99,corridor_calibrated,2.148296352319218,normal,1,6.068717864344452,1,3.0333829543171427,0.33166247606277466,minco-baseline,0.3298317323082742,60.63698437986723,baseline,straight,maze1_seed1_straight.json,20.0,1.1479,1.1479,True
,False,0.6391188830137253,0,False,0,6.200389857491811,3.687178485450497,0.5495495495495496,20.832714469600795,11.926858273756133,maze1_seed1_straight.json,19.98996,corridor_calibrated,3.557677154328139,normal,1,6.053521492415439,1,2.130532309757103,0.37416577339172363,corridor_calibrated,0.4696031845935324,42.5891524080646,variant,straight,maze1_seed1_straight.json,20.0,1.08514,1.08514,True
9.8576,True,0.8246211409568787,0,True,0,6.531518465752644,3.4611452319320763,0.9959266802443992,19.980496970321923,11.272714201789315,maze1_seed1_straight.json,9.85001,corridor_calibrated,0.9933562667341095,swapped,1,6.004827245737258,1,3.399298234833792,0.7874008417129517,minco-baseline,0.5973179026282404,33.48301049065478,baseline,straight,maze1_seed1_straight_swapped.json,9.8576,1.10127,1.10127,True
10.4037,True,0.6825640976428986,0,True,0,6.188177807480732,3.7049196904520176,0.8554913294797688,20.874885827559254,11.823690222870775,maze1_seed1_straight.json,10.40001,corridor_calibrated,0.9793537953983991,swapped,1,6.050393976787792,1,3.3774957411186235,0.5830951929092407,corridor_calibrated,0.5693804194849619,35.12590337765861,variant,straight,maze1_seed1_straight_swapped.json,10.4037,1.09747,1.09747,True
,False,0.4444734811782837,0,False,0,6.881242804708973,3.8009582282191707,1.0,20.827495074104384,11.716556730732611,maze1_seed2_dynamic.json,17.49001,corridor_calibrated,1.9570649263666993,normal,2,5.990293529424023,1,3.232372052132424,0.2828427255153656,minco-baseline,0.3212430141360773,56.53383697708759,baseline,dynamic,maze1_seed2_dynamic.json,17.499860533000174,3.756730533000174,3.756730533000174,True
,False,0.1414213627576828,0,False,0,6.038891494547504,3.2043896478551206,0.856,19.18821388835051,10.723707468980425,maze1_seed2_dynamic.json,17.48999,corridor_calibrated,2.6779948566098173,normal,2,5.976845210929029,1,2.5817434083290993,0.1414213627576828,corridor_calibrated,0.3982708496671808,45.154442421585074,variant,dynamic,maze1_seed2_dynamic.json,17.499860533000174,1.074730533000174,1.074730533000174,True
15.0098,True,0.5044559001922607,0,True,0,6.931055400491957,3.8060886692867433,1.0,21.432996106576876,11.721259056805595,maze1_seed2_dynamic.json,14.999999999999998,corridor_calibrated,0.9967609647488995,swapped,2,5.992257558327156,1,3.333484038458102,0.24494898319244385,minco-baseline,0.35736513663243136,50.00185431557175,baseline,dynamic,maze1_seed2_dynamic_swapped.json,15.0098,3.701975884999963,3.701975884999963,True
,False,0.1414213627576828,0,False,0,5.879994113062763,3.4930519825348325,0.5451428571428572,20.709974479494093,11.93077985514795,maze1_seed2_dynamic.json,17.49001,corridor_calibrated,2.058253914801067,swapped,2,5.932109082997538,1,1.9506253519575065,0.1414213627576828,corridor_calibrated,0.5271277778199656,34.1163021551183,variant,dynamic,maze1_seed2_dynamic_swapped.json,17.499865884999963,2.001765884999963,2.001765884999963,True
,False,0.4937082886695863,0,False,0,6.046646807688299,3.694291830509763,0.987987987987988,19.444166923716523,10.434896114649282,maze1_seed2_straight.json,19.98999,corridor_calibrated,2.2583065838119083,normal,2,6.137502327382608,1,3.2559495095201374,0.1414213627576828,minco-baseline,0.30728533330746827,65.08609241024524,baseline,straight,maze1_seed2_straight.json,20.0,0.30731,0.30731,True
,False,0.1414213627576828,0,False,0,,,0.001002004008016032,,,maze1_seed2_straight.json,19.99002,corridor_calibrated,19.920347237003448,normal,2,0.11479117423381818,1,0.004741222614908824,0.1414213627576828,corridor_calibrated,1.0,0.09477636333552864,variant,straight,maze1_seed2_straight.json,20.0,20.0,,True
,False,0.46361726373434076,0,False,0,5.770555203959766,3.666136745493336,0.9879759519038076,19.82027958802448,10.73150633654907,maze1_seed2_straight.json,19.990000000000002,corridor_calibrated,2.69587384128682,swapped,2,6.137071720951481,1,3.2507587059386855,0.1414213627576828,minco-baseline,0.3077760837612576,64.98231232116353,baseline,straight,maze1_seed2_straight_swapped.json,20.0,0.32815,0.32815,True
,False,0.1414213627576828,0,False,0,,,0.001002004008016032,,,maze1_seed2_straight.json,19.99895,corridor_calibrated,19.92034723933679,swapped,2,0.11503435617788256,1,0.0047391622032646324,0.1414213627576828,corridor_calibrated,1.0,0.09477725820036056,variant,straight,maze1_seed2_straight_swapped.json,20.0,20.0,,True
8.1172,True,0.800000011920929,0,True,0,5.6344387190523655,3.752945512311119,1.0,14.248676375654584,8.60836388100735,maze1_seed3_dynamic.json,8.09999,corridor_calibrated,1.0064065454440707,normal,3,6.003018728955513,1,4.371348379528394,0.7071068286895752,minco-baseline,0.45019632703354906,35.40785052021724,baseline,dynamic,maze1_seed3_dynamic.json,8.1172,7.044767546999667,7.044767546999667,True
,False,0.7854880869388581,0,False,0,5.8480974780052435,3.5753847187252736,0.9531428571428572,18.177338947365303,9.807424945166382,maze1_seed3_dynamic.json,17.490029999999997,corridor_calibrated,2.3978519748424785,normal,3,6.011183836651851,1,3.7434643460608017,0.670820415019989,corridor_calibrated,0.24366404531867764,65.47294526502782,variant,dynamic,maze1_seed3_dynamic.json,17.499867546999667,17.499867546999667,,True
,False,0.529932165145874,0,False,0,6.087009872326333,3.6547264075442776,0.9177142857142857,18.64223577020245,10.569461072856043,maze1_seed3_dynamic.json,17.48999,corridor_calibrated,3.054631304890958,swapped,3,6.00561558473542,1,3.240822317118108,0.41231057047843933,minco-baseline,0.28136093471560825,56.68163104926032,baseline,dynamic,maze1_seed3_dynamic_swapped.json,17.499868164000873,6.993898164000873,6.993898164000873,True
,False,0.7071068286895752,0,False,0,5.747466779018275,3.557051316397775,0.592,17.278857740772207,9.787579181174548,maze1_seed3_dynamic.json,17.490009999999998,corridor_calibrated,2.6694172919259915,swapped,3,6.01933561529164,1,2.4179765196954706,0.6403124332427979,corridor_calibrated,0.37717527686627267,42.29022248251543,variant,dynamic,maze1_seed3_dynamic_swapped.json,17.499868164000873,7.414648164000873,7.414648164000873,True
4.2918,True,0.785988736152649,0,True,0,5.46750645729751,3.2167899155352724,1.0,17.60270787992004,9.180522148740568,maze1_seed3_straight.json,4.28998,corridor_calibrated,0.9839431352703847,normal,3,5.998369769058308,1,4.547413229908994,0.7483315467834473,minco-baseline,1.0,19.508249099273467,baseline,straight,maze1_seed3_straight.json,4.2918,0.32722,0.32722,True
4.3035,True,0.785988736152649,0,True,0,5.452899688140735,3.1895411895407273,1.0,17.121050860185086,9.148275464864412,maze1_seed3_straight.json,4.3,corridor_calibrated,0.9786001955407593,normal,3,5.9930958196867765,1,4.528181855027737,0.7483315467834473,corridor_calibrated,1.0,19.471207291330053,variant,straight,maze1_seed3_straight.json,4.3035,0.33947,0.33947,True
4.2966,True,0.785988736152649,0,True,0,5.463970262524452,3.1932135229515053,1.0,18.913762401989402,9.262136163537198,maze1_seed3_straight.json,4.289980000000001,corridor_calibrated,0.9746383688685969,swapped,3,6.000091394521203,1,4.544590203970944,0.7483315467834473,minco-baseline,1.0,19.49626986529767,baseline,straight,maze1_seed3_straight_swapped.json,4.2966,0.33198,0.33198,True
4.28,True,0.7516008913516998,0,True,0,5.4737911043942535,3.1890469865762707,1.0,17.984726160553258,9.327209027875197,maze1_seed3_straight.json,4.27982,corridor_calibrated,0.9768636330954781,swapped,3,6.001944865586651,1,4.556762773542072,0.7483315467834473,corridor_calibrated,1.0,19.50220960901734,variant,straight,maze1_seed3_straight_swapped.json,4.28,0.31831,0.31831,True
,False,0.5385165214538574,0,False,0,5.48510566529812,3.2541657118513942,0.5394285714285715,17.4937477063275,9.690097720275737,maze1_seed4_dynamic.json,17.489990000000002,corridor_calibrated,3.2828031615026094,normal,4,5.716945641999587,1,2.0917140178188567,0.36055514216423035,minco-baseline,0.3884682629798479,36.58397607472601,baseline,dynamic,maze1_seed4_dynamic.json,17.499857969000004,2.4225479690000045,2.4225479690000045,True
,False,0.605793422460556,0,False,0,5.955092075808582,3.5662186143473775,0.9268571428571428,20.840974448559784,11.081110802291265,maze1_seed4_dynamic.json,17.48988,corridor_calibrated,2.9616861637777907,normal,4,5.915091132503937,1,3.1479186634186846,0.5196152329444885,corridor_calibrated,0.2575120131240271,55.057428366942816,variant,dynamic,maze1_seed4_dynamic.json,17.499857969000004,2.1418879690000043,2.1418879690000043,True
,False,0.6115090072155,0,False,0,6.018055277684433,3.642201180985207,1.0,17.261104022922133,9.925902439430404,maze1_seed4_dynamic.json,17.48999,corridor_calibrated,3.2291720505022647,swapped,4,5.995620842744251,1,3.5028254616230847,0.547722578048706,minco-baseline,0.23142261503133593,61.26416981387597,baseline,dynamic,maze1_seed4_dynamic_swapped.json,17.499829838998266,17.499829838998266,,True
,False,0.670820415019989,0,False,0,6.02668629753649,3.5742594627868747,0.31085714285714283,18.728244082993335,9.824547885864842,maze1_seed4_dynamic.json,17.49,corridor_calibrated,2.930909299701151,swapped,4,5.979798479540135,1,1.5047521138451685,0.6000000238418579,corridor_calibrated,0.5409350341596323,26.318002251795956,variant,dynamic,maze1_seed4_dynamic_swapped.json,17.499829838998266,2.203389838998267,2.203389838998267,True
4.44,True,0.5880971282720566,0,True,0,4.905073374299345,3.080906359603917,1.0,14.962721043453346,8.870107069294207,maze1_seed4_straight.json,4.42994,corridor_calibrated,1.0132699384008657,normal,4,5.9474443353525634,1,4.476182146122147,0.4898979663848877,minco-baseline,1.0,19.829248675072527,baseline,straight,maze1_seed4_straight.json,4.44,0.36845,0.36845,True
4.413,True,0.596253976225853,0,True,0,4.89578452223987,3.074386913267419,1.0,15.276475676045715,8.836975264038351,maze1_seed4_straight.json,4.39999,corridor_calibrated,1.0100917130034737,normal,4,5.938473377622018,1,4.500072587547462,0.4582575857639313,corridor_calibrated,1.0,19.80033708907602,variant,straight,maze1_seed4_straight.json,4.413,0.32604,0.32604,True
4.4558,True,0.5837802648544312,0,True,0,4.870542316947022,3.0945218902616785,1.0,15.79306954030334,9.115396752030302,maze1_seed4_straight.json,4.449990000000001,corridor_calibrated,0.9861845929450584,swapped,4,5.923409679679925,1,4.469765748081789,0.5099020004272461,minco-baseline,1.0,19.89051169931732,baseline,straight,maze1_seed4_straight_swapped.json,4.4558,0.36498,0.36498,True
4.4323,True,0.596253976225853,0,True,0,4.938808338700127,3.099819270224484,1.0,15.234879565839522,8.89095825314421,maze1_seed4_straight.json,4.429970000000001,corridor_calibrated,0.9927841326144088,swapped,4,5.954910927038481,1,4.483491461185972,0.4898979663848877,corridor_calibrated,1.0,19.861797174599317,variant,straight,maze1_seed4_straight_swapped.json,4.4323,0.36316,0.36316,True
,False,0.7442861676216126,0,False,0,6.2498984211046915,3.8115919464818875,1.0,18.889669719397393,11.401970677139392,maze1_seed5_dynamic.json,17.490000000000002,corridor_calibrated,3.104478349072268,normal,5,6.161656594191237,1,3.1829159470915034,0.6557438969612122,minco-baseline,0.28884750651629504,55.66884466123668,baseline,dynamic,maze1_seed5_dynamic.json,17.499715431000368,1.4422654310003682,1.4422654310003682,True
,False,0.670820415019989,0,False,0,,,0.0,,,maze1_seed5_dynamic.json,17.490009999999998,corridor_calibrated,18.0171582199258,normal,5,0.013086053730393258,1,0.000657642515492271,0.670820415019989,corridor_calibrated,1.0,0.01150130554062131,variant,dynamic,maze1_seed5_dynamic.json,17.499715431000368,17.499715431000368,,True
,False,0.7000000476837158,0,False,0,6.366166314775985,3.698485377504141,1.0,20.584168341562535,11.613406490512535,maze1_seed5_dynamic.json,17.48999,corridor_calibrated,2.4545852049056296,swapped,5,6.057713453421538,1,3.123084905304307,0.5656854510307312,minco-baseline,0.2942990121344502,54.62238008645142,baseline,dynamic,maze1_seed5_dynamic_swapped.json,17.499852465000004,1.4227924650000037,1.4227924650000037,True
,False,0.670820415019989,0,False,0,,,0.0,,,maze1_seed5_dynamic.json,17.490000000000002,corridor_calibrated,18.017158230009002,swapped,5,0.012968989453219152,1,0.0006577814067977366,0.670820415019989,corridor_calibrated,1.0,0.011504084053880287,variant,dynamic,maze1_seed5_dynamic_swapped.json,17.499852465000004,17.499852465000004,,True
,False,0.6549723237752915,0,False,0,5.8144950612296515,3.1534740669331445,0.998,18.128269124728725,10.065437471005952,maze1_seed5_straight.json,19.99,corridor_calibrated,1.6073157165357281,normal,5,5.92278862949911,1,2.9135693298149734,0.4358898997306824,minco-baseline,0.3433949278737766,58.24198314109701,baseline,straight,maze1_seed5_straight.json,20.0,1.47964,1.47964,True
,False,0.670820415019989,0,False,0,,,0.0010030090270812437,,,maze1_seed5_straight.json,19.990000000000002,corridor_calibrated,19.924481241628655,normal,5,0.1134584413562037,1,0.004611948718862017,0.5830951929092407,corridor_calibrated,1.0,0.09219274376510934,variant,straight,maze1_seed5_straight.json,20.0,20.0,,True
,False,0.6147741168737412,0,False,0,5.717247684951291,3.112866737890791,0.995995995995996,18.432741621358087,10.09509859346713,maze1_seed5_straight.json,19.98999,corridor_calibrated,1.587925698592789,swapped,5,5.927845484162048,1,2.9072624626286205,0.4358898997306824,minco-baseline,0.3441396320673244,58.11594985390615,baseline,straight,maze1_seed5_straight_swapped.json,20.0,1.49541,1.49541,True
,False,0.670820415019989,0,False,0,,,0.001002004008016032,,,maze1_seed5_straight.json,19.99003,corridor_calibrated,19.924481239572597,swapped,5,0.11407759462102683,1,0.004612489709634601,0.5830951929092407,corridor_calibrated,1.0,0.09220434789875824,variant,straight,maze1_seed5_straight_swapped.json,20.0,20.0,,True
6.282,True,1.3497506260871888,0,True,0,5.591082425508226,3.252761707145175,1.0,12.911780030227769,7.654563627533704,maze2_seed1_dynamic.json,6.28,corridor_calibrated,0.9816999855502094,normal,1,5.763945105616309,2,4.05628895870975,1.3000000715255737,minco-baseline,0.610882052080639,25.473420250444676,baseline,dynamic,maze2_seed1_dynamic.json,6.282,5.635556559999646,5.635556559999646,True
6.1762,True,1.3894241571426391,0,True,0,5.031247793232783,3.283291007921521,1.0,14.000232583646861,7.894674445982715,maze2_seed1_dynamic.json,6.160030000000001,corridor_calibrated,1.0053024148222842,normal,1,5.759703349082464,2,4.061834203723531,1.26491117477417,corridor_calibrated,0.6216599849489965,25.02090497052949,variant,dynamic,maze2_seed1_dynamic.json,6.1762,5.741346559999645,5.741346559999645,True
6.2489,True,1.4223186492919921,0,True,0,5.63325934776474,3.2803164483309355,1.0,13.428532120392495,7.849139463379596,maze2_seed1_dynamic.json,6.229990000000001,corridor_calibrated,1.0171624016592944,swapped,1,5.787417564441299,2,4.0555607011252,1.26491117477417,minco-baseline,0.6144936512401422,25.266041391160826,baseline,dynamic,maze2_seed1_dynamic_swapped.json,6.2489,5.645036779999391,5.645036779999391,True
6.0159,True,1.402850830554962,0,True,0,5.0913340362475905,3.3399333769773216,1.0,13.056877092436185,7.877188496526551,maze2_seed1_dynamic.json,6.01003,corridor_calibrated,0.9965673327453346,swapped,1,5.791328029192717,2,4.115735692291775,1.3000000715255737,corridor_calibrated,0.6268566683292373,24.73550856001556,variant,dynamic,maze2_seed1_dynamic_swapped.json,6.0159,5.67436677999939,5.67436677999939,True
5.1973,True,1.1907011568546295,0,True,0,5.038842632007489,2.746139862090925,1.0,15.196057043783588,7.556707257106796,maze2_seed1_straight.json,5.18001,corridor_calibrated,1.0059164697653935,normal,1,6.040322543254156,2,3.8381398339619297,1.0,minco-baseline,1.0,19.881619178730325,baseline,straight,maze2_seed1_straight.json,5.1973,1.03324,1.03324,True
5.1603,True,1.1933913826942444,0,True,0,5.090745222937862,2.7327987220663794,1.0,13.477987889213685,7.534775099694529,maze2_seed1_straight.json,5.15999,corridor_calibrated,0.9907481314228339,normal,1,6.048768978399501,2,3.833184931912902,1.0049875974655151,corridor_calibrated,1.0,19.7793054134857,variant,straight,maze2_seed1_straight.json,5.1603,1.03344,1.03344,True
5.14,True,1.165403026342392,0,True,0,5.053053264179498,2.744208191788955,1.0,13.737741752429322,7.512235569236872,maze2_seed1_straight.json,5.139880000000001,corridor_calibrated,0.9992384063386858,swapped,1,6.059979217268103,2,3.853337602005378,0.9219545125961304,minco-baseline,1.0,19.80584586243854,baseline,straight,maze2_seed1_straight_swapped.json,5.14,1.01717,1.01717,True
5.1575,True,1.1933913826942444,0,True,0,5.0672314610264495,2.7390235588741714,1.0,14.998180027544588,7.608567156277748,maze2_seed1_straight.json,5.149990000000001,corridor_calibrated,0.9940486004626853,swapped,1,6.0464451387247555,2,3.853529437451153,1.0198040008544922,corridor_calibrated,1.0,19.84570692149859,variant,straight,maze2_seed1_straight_swapped.json,5.1575,1.03614,1.03614,True
3.5189,True,1.8000000715255737,0,True,0,5.238637192260243,3.537794133861964,1.0,12.92508002240898,7.915774845248784,maze2_seed2_dynamic.json,3.50999,corridor_calibrated,0.9878765484013754,normal,2,5.719686029541616,2,5.077814825350838,1.8000000715255737,minco-baseline,0.8311257044255747,17.823146933451937,baseline,dynamic,maze2_seed2_dynamic.json,3.5189,2.6879026410015276,2.6879026410015276,True
3.4929,True,1.8000000715255737,0,True,0,5.111277190829391,3.513092163284305,1.0,13.044010263249966,7.8320997898537845,maze2_seed2_dynamic.json,3.48999,corridor_calibrated,0.9879515464694345,normal,2,5.69949334751629,2,5.097781507916653,1.8000000715255737,corridor_calibrated,0.8337780165252182,17.79125014283106,variant,dynamic,maze2_seed2_dynamic.json,3.4929,2.8492426410015277,2.8492426410015277,True
3.4849,True,1.8000000715255737,0,True,0,5.073342312849829,3.507099909928292,1.0,12.955600350169842,7.632788523500907,maze2_seed2_dynamic.json,3.4799999999999995,corridor_calibrated,0.9834034591075492,swapped,2,5.692750060834889,2,5.105859634556664,1.8000000715255737,minco-baseline,0.8379901718983066,17.768384415773404,baseline,dynamic,maze2_seed2_dynamic_swapped.json,3.4849,2.769444352001421,2.769444352001421,True
3.5001,True,1.8000000715255737,0,True,0,5.116046327552617,3.525302963425743,1.0,12.839531434065181,7.7031665104145475,maze2_seed2_dynamic.json,3.4899599999999995,corridor_calibrated,1.0121852132892302,swapped,2,5.709733489519558,2,5.107090588007437,1.8000000715255737,corridor_calibrated,0.8338374627388772,17.823766109117866,variant,dynamic,maze2_seed2_dynamic_swapped.json,3.5001,2.8194743520014205,2.8194743520014205,True
,False,0.9000000357627869,0,False,0,5.354690541931011,3.3813724842892245,0.9968879668049793,15.833957509734208,8.536761891503915,maze2_seed2_straight.json,19.99,corridor_calibrated,1.4855578405770318,normal,2,5.795288980655152,2,3.0908750401683434,0.8062257766723633,minco-baseline,0.3236962593608394,61.786322364726914,baseline,straight,maze2_seed2_straight.json,20.0,1.03087,1.03087,True
,False,0.9055385589599609,0,False,0,5.348030164149759,2.891578463007623,0.27074688796680496,14.780994493083325,7.957705553143782,maze2_seed2_straight.json,19.99003,corridor_calibrated,3.062296714557506,normal,2,5.799187858785091,2,1.1922395031574609,0.9000000357627869,corridor_calibrated,0.8391796253094895,23.83280157618307,variant,straight,maze2_seed2_straight.json,20.0,1.03108,1.03108,True
,False,0.9211337149143219,0,False,0,5.35022066467365,3.3624213744159053,0.9979253112033195,15.44574449777841,8.450418407462822,maze2_seed2_straight.json,19.99002,corridor_calibrated,1.5922789017137509,swapped,2,5.799273744892409,2,3.080272992581152,0.7810249924659729,minco-baseline,0.3248098071412426,61.57450008299712,baseline,straight,maze2_seed2_straight_swapped.json,20.0,1.03621,1.03621,True
8.0683,True,0.800000011920929,0,True,0,5.352302878761549,3.020167277464284,0.8773841961852861,16.665897448996443,8.936082349816756,maze2_seed2_straight.json,8.049990000000001,corridor_calibrated,1.015848040197782,swapped,2,5.7958583868717675,2,3.160298199734792,0.670820415019989,corridor_calibrated,0.7861527766204681,25.44034982904281,variant,straight,maze2_seed2_straight_swapped.json,8.0683,1.03544,1.03544,True
,False,0.9219545125961304,0,False,0,5.316586665613096,3.176324587619545,1.0,11.072683556632475,6.444594180830727,maze2_seed3_dynamic.json,17.49004,corridor_calibrated,5.560483444501175,normal,3,5.890980005557793,2,3.823856104232643,0.8246211409568787,minco-baseline,0.1990701423680795,66.87911126036485,baseline,dynamic,maze2_seed3_dynamic.json,17.499860837000597,17.499860837000597,,True
8.8908,True,0.800000011920929,0,True,0,6.078969507839369,3.0743887014149998,0.9797752808988764,16.507458199219315,7.9265422830939904,maze2_seed3_dynamic.json,8.89001,corridor_calibrated,0.9928737629141298,normal,3,5.607931872523611,2,3.563922972545668,0.7071068286895752,corridor_calibrated,0.5666470887739287,31.68323768725434,variant,dynamic,maze2_seed3_dynamic.json,8.8908,1.0285408370005968,1.0285408370005968,True
,False,0.9219545125961304,0,False,0,5.324067792560054,3.1767734608953115,1.0,11.152027449615922,6.476520862034255,maze2_seed3_dynamic.json,17.490019999999998,corridor_calibrated,5.557287862424042,swapped,3,5.889684594910828,2,3.8231457100648836,0.8246211409568787,minco-baseline,0.19879573385531038,66.86666319700036,baseline,dynamic,maze2_seed3_dynamic_swapped.json,17.49986604500009,17.49986604500009,,True
8.9237,True,0.800000011920929,0,True,0,6.0982476243758805,3.0777299232949074,0.9798206278026906,16.509341897121597,7.931342570091066,maze2_seed3_dynamic.json,8.91,corridor_calibrated,1.0107231163572887,swapped,3,5.623111687983236,2,3.556232092658419,0.7071068286895752,corridor_calibrated,0.5665972975171306,31.686061856263393,variant,dynamic,maze2_seed3_dynamic_swapped.json,8.9237,0.9399860450000896,0.9399860450000896,True
5.5744,True,0.7000000476837158,0,True,0,5.4657985008676375,3.1544647236518712,1.0,15.899173255042635,7.447087695044962,maze2_seed3_straight.json,5.56999,corridor_calibrated,0.9973002873621383,normal,3,5.902819160463968,2,3.882633281403484,0.5830951929092407,minco-baseline,0.9248023022121634,21.62624562485725,baseline,straight,maze2_seed3_straight.json,5.5744,3.76854,3.76854,True
,False,0.7000000476837158,0,False,0,,,0.001037344398340249,,,maze2_seed3_straight.json,19.98999,corridor_calibrated,19.981234618365775,normal,3,0.10419756448114172,2,0.0046729680902678665,0.7000000476837158,corridor_calibrated,1.0,0.09340760094666077,variant,straight,maze2_seed3_straight.json,20.0,20.0,,True
5.6113,True,0.7000000476837158,0,True,0,5.438006548651169,3.1459943395445826,1.0,15.473459457335041,7.473386459716226,maze2_seed3_straight.json,5.59999,corridor_calibrated,1.0053818457079127,swapped,3,5.898632306857022,2,3.8876024261517146,0.6403124332427979,minco-baseline,0.9186699344476716,21.770606510947353,baseline,straight,maze2_seed3_straight_swapped.json,5.6113,3.80912,3.80912,True
,False,0.7000000476837158,0,False,0,,,0.001037344398340249,,,maze2_seed3_straight.json,19.99001,corridor_calibrated,19.98123527419608,swapped,3,0.10587603448586934,2,0.004670958825396907,0.7000000476837158,corridor_calibrated,1.0,0.09336898759865438,variant,straight,maze2_seed3_straight_swapped.json,20.0,20.0,,True
4.7045,True,0.9065863788127899,0,True,0,5.901564627115141,3.52435567842674,1.0,14.434367009492309,8.230970488197281,maze2_seed4_dynamic.json,4.699999999999999,corridor_calibrated,0.9854538848459705,normal,4,5.90644587599106,2,4.7562928018316635,0.800000011920929,minco-baseline,0.7605969497807913,22.354589732017544,baseline,dynamic,maze2_seed4_dynamic.json,4.7045,1.785401913998757,1.785401913998757,True
4.7984,True,0.9170391857624054,0,True,0,6.083734828073368,3.5338809991284648,1.0,14.319187661819516,8.162347546412507,maze2_seed4_dynamic.json,4.780009999999999,corridor_calibrated,1.0135846442470957,normal,4,5.854043087039774,2,4.710492049108882,0.8062257766723633,corridor_calibrated,0.7562712569934534,22.51610702315881,variant,dynamic,maze2_seed4_dynamic.json,4.7984,1.7254919139987566,1.7254919139987566,True
4.6857,True,0.9065863788127899,0,True,0,5.635486150525118,3.491437197318579,1.0,12.346623287339863,8.201701745158923,maze2_seed4_dynamic.json,4.66999,corridor_calibrated,1.0009524614599,swapped,4,5.8771068654082805,2,4.728900974114077,0.800000011920929,minco-baseline,0.7698673939659684,22.083825542720998,baseline,dynamic,maze2_seed4_dynamic_swapped.json,4.6857,1.7740707720008295,1.7740707720008295,True
4.8126,True,0.8722987532615661,0,True,0,6.015090054392025,3.5604921121681223,1.0,13.571265639296469,8.242418067369206,maze2_seed4_dynamic.json,4.80001,corridor_calibrated,1.0024508848953528,swapped,4,5.889578890737533,2,4.699140858982066,0.800000011920929,corridor_calibrated,0.7560699128434292,22.55591035721363,variant,dynamic,maze2_seed4_dynamic_swapped.json,4.8126,1.7170307720008298,1.7170307720008298,True
,False,0.9000000357627869,0,False,0,5.874902727821806,3.136452760820352,1.0,14.15925226715027,7.964005995785825,maze2_seed4_straight.json,19.990009999999998,corridor_calibrated,2.7023546980461197,normal,4,5.901908114063884,2,3.0760215662775456,0.8062257766723633,minco-baseline,0.3252589895891385,61.48946573941083,baseline,straight,maze2_seed4_straight.json,20.0,1.01536,1.01536,True
,False,1.0,0,False,0,5.8321140573966845,3.057622543575174,0.39689119170984455,12.448728289450143,7.319793566577948,maze2_seed4_straight.json,19.999560000000002,corridor_calibrated,3.5245098416048273,normal,4,5.89965380930511,2,1.600335843573018,0.8602325916290283,corridor_calibrated,0.6248821456513892,32.00603742248528,variant,straight,maze2_seed4_straight.json,20.0,1.01542,1.01542,True
,False,0.9052616328001022,0,False,0,5.845580165289079,3.133498105606078,1.0,14.1108420224928,7.973356702109501,maze2_seed4_straight.json,19.99003,corridor_calibrated,2.634267708156651,swapped,4,5.906430585864544,2,3.0709099811215075,0.7810249924659729,minco-baseline,0.3258002975579979,61.38730273325298,baseline,straight,maze2_seed4_straight_swapped.json,20.0,1.04496,1.04496,True
,False,1.0,0,False,0,5.792226694206767,3.041099396638409,0.39771547248182765,12.579235785919707,7.374243925882111,maze2_seed4_straight.json,19.990000000000002,corridor_calibrated,3.538564196596442,swapped,4,5.905877658697363,2,1.601198017155013,0.8246211409568787,corridor_calibrated,0.6248459229071707,32.007892976492606,variant,straight,maze2_seed4_straight_swapped.json,20.0,1.04507,1.04507,True
3.2459,True,1.5000001192092896,0,True,0,5.345059028706164,3.783335238969347,1.0,23.62838413555519,11.527411599198505,maze2_seed5_dynamic.json,3.2299900000000004,corridor_calibrated,1.0025796220452823,normal,5,5.725495727768565,2,4.506798528114974,1.5000001192092896,minco-baseline,0.9082929210658023,14.556939537249367,baseline,dynamic,maze2_seed5_dynamic.json,3.2459,1.0554591559997295,1.0554591559997295,True
11.54,True,1.0148530006408691,0,True,0,6.787177850691193,3.484820325605508,0.9930675909878682,17.27124230093214,9.11774500519675,maze2_seed5_dynamic.json,11.52991,corridor_calibrated,1.0139939143325845,normal,5,6.018650087075579,2,3.9117539997871846,0.632455587387085,corridor_calibrated,0.39916358751597103,45.1025211302561,variant,dynamic,maze2_seed5_dynamic.json,11.54,5.5165391559997285,5.5165391559997285,True
3.885,True,1.5000001192092896,0,True,0,5.381412843885415,3.7230939208095157,1.0,19.607298644348255,11.290014683235116,maze2_seed5_dynamic.json,3.87003,corridor_calibrated,1.00933043245137,swapped,5,5.726339324344879,2,4.005027842212242,1.5000001192092896,minco-baseline,0.8540136358693681,15.49931246024001,baseline,dynamic,maze2_seed5_dynamic_swapped.json,3.885,1.0503418350005522,1.0503418350005522,True
11.7622,True,1.0374260663986206,0,True,0,6.740625626736034,3.546700788341238,0.9880952380952381,17.776615776388798,9.140553267015031,maze2_seed5_dynamic.json,11.76001,corridor_calibrated,0.9930988624552385,swapped,5,6.014578026629227,2,3.919029449159299,0.7071068286895752,corridor_calibrated,0.38970675476545796,46.087672382453576,variant,dynamic,maze2_seed5_dynamic_swapped.json,11.7622,5.488701835000552,5.488701835000552,True
5.7145,True,0.10000000149011612,0,True,0,5.443211396427364,3.099516823783176,1.0,14.347063767474513,7.5497507250333475,maze2_seed5_straight.json,5.71002,corridor_calibrated,0.9709560855627128,normal,5,5.885516063719978,2,3.8625753910639213,0.10000000149011612,minco-baseline,0.9068081449821024,22.05538396040877,baseline,straight,maze2_seed5_straight.json,5.7145,3.29541,3.29541,True
,False,0.10000000149011612,0,False,0,5.464588904024476,2.9779666427328273,0.7160621761658031,16.172656184591634,8.575941316259152,maze2_seed5_straight.json,19.99006,corridor_calibrated,3.0797188089038654,normal,5,5.784089655555416,2,2.1551398874580165,0.10000000149011612,corridor_calibrated,0.4642398577915062,43.08118180117153,variant,straight,maze2_seed5_straight.json,20.0,2.15454,2.15454,True
5.7355,True,0.10000000149011612,0,True,0,5.458934275700272,3.074946187592723,1.0,15.1756483112855,7.595912718255266,maze2_seed5_straight.json,5.73,corridor_calibrated,0.9657158757938661,swapped,5,5.861495618802134,2,3.83604672268996,0.10000000149011612,minco-baseline,0.9098949547066232,21.980560761335187,baseline,straight,maze2_seed5_straight_swapped.json,5.7355,3.31469,3.31469,True
,False,0.10000000149011612,0,False,0,5.575887703961294,2.9531909874700055,1.0,16.704907686335677,8.550943954744692,maze2_seed5_straight.json,19.99002,corridor_calibrated,1.86203372666698,swapped,5,5.806590182574949,2,2.680336607780505,0.10000000149011612,corridor_calibrated,0.3732764064856411,53.57960211484892,variant,straight,maze2_seed5_straight_swapped.json,20.0,2.18759,2.18759,True
,False,0.7060233235359192,0,False,0,6.259724313443884,3.697354533030715,1.0,21.154273698265673,11.022591051488863,maze5_seed1_dynamic.json,17.48001,corridor_calibrated,2.302239623374836,normal,1,5.941544979804492,5,3.152814169757767,0.5,minco-baseline,0.2797944484663238,55.11091363149895,baseline,dynamic,maze5_seed1_dynamic.json,17.49985566199939,1.7805656619993906,1.7805656619993906,True
,False,1.0,0,False,0,6.218838276475147,3.831427572395783,0.9977142857142857,21.442013195831663,11.369601045888206,maze5_seed1_dynamic.json,17.48998,corridor_calibrated,2.2388645793156883,normal,1,5.954797896718765,5,3.0223620946909553,0.670820415019989,corridor_calibrated,0.29113068012898236,52.860548475242055,variant,dynamic,maze5_seed1_dynamic.json,17.49985566199939,1.760495661999391,1.760495661999391,True
,False,0.7348469495773315,0,False,0,6.397078819850475,3.6713349978162815,1.0,19.84369673476079,11.220211769290339,maze5_seed1_dynamic.json,17.48999,corridor_calibrated,1.6915761575739827,swapped,1,5.9701048160939845,5,3.1423848769724065,0.5099020004272461,minco-baseline,0.27940946729229693,54.9599087783363,baseline,dynamic,maze5_seed1_dynamic_swapped.json,17.49982018299852,1.9053801829985195,1.9053801829985195,True
,False,1.0049875974655151,0,False,0,5.976626500975031,3.730390510258786,0.9771428571428571,20.656400239008647,11.430389856265244,maze5_seed1_dynamic.json,17.489970000000003,corridor_calibrated,2.3712111979351147,swapped,1,5.9583032136040925,5,3.036693383441012,0.7810249924659729,corridor_calibrated,0.28968936925307476,53.11148397080602,variant,dynamic,maze5_seed1_dynamic_swapped.json,17.49982018299852,1.8149001829985192,1.8149001829985192,True
,False,0.7071068286895752,0,False,0,7.531482825760325,3.6622373231726355,1.0,21.986649656424873,12.128842535757192,maze5_seed1_straight.json,19.98236,corridor_calibrated,1.3150390753371002,normal,1,5.988799689102522,5,2.9706196668479503,0.5656854510307312,minco-baseline,0.33692905126964445,59.35968281942897,baseline,straight,maze5_seed1_straight.json,20.0,1.02806,1.02806,True
,False,0.7280110120773315,0,False,0,7.273793721535017,3.617482775613944,0.9899799599198397,22.84034472717125,11.909779690293382,maze5_seed1_straight.json,19.98604,corridor_calibrated,3.1928070966593562,normal,1,6.015982899681506,5,2.971246746660252,0.547722578048706,corridor_calibrated,0.33679581444422063,59.38316558956029,variant,straight,maze5_seed1_straight.json,20.0,1.008,1.008,True
,False,0.7067514896392822,0,False,0,7.596631394615906,3.6603932599391893,1.0,23.1778959804081,12.106262342381527,maze5_seed1_straight.json,19.98999,corridor_calibrated,2.234984025404419,swapped,1,5.991964400646264,5,3.0258209953110073,0.5196152329444885,minco-baseline,0.3306562625420696,60.48577899570542,baseline,straight,maze5_seed1_straight_swapped.json,20.0,1.02745,1.02745,True
,False,0.7273176044225693,0,False,0,7.2244928451336765,3.5923973810506395,0.98998998998999,22.245016707818824,11.779383646679415,maze5_seed1_straight.json,19.989890000000003,corridor_calibrated,3.095647206497334,swapped,1,5.996345794766253,5,2.9722212139096005,0.5,corridor_calibrated,0.3366213316878727,59.413945968804384,variant,straight,maze5_seed1_straight_swapped.json,20.0,1.02802,1.02802,True
9.487,True,0.8233314335346222,0,True,0,6.131337126862795,3.441753493828655,1.0,18.12468074857908,10.188189331280325,maze5_seed2_dynamic.json,9.47999,corridor_calibrated,0.9888197121058651,normal,2,5.888232876101023,5,3.533729266299951,0.7348469495773315,minco-baseline,0.4717270504674081,33.4996641102776,baseline,dynamic,maze5_seed2_dynamic.json,9.487,1.6133425100011953,1.6133425100011953,True
9.5014,True,0.8062257766723633,0,True,0,5.864754014705563,3.4028670705398563,1.0,19.43361249410439,9.591051925626463,maze5_seed2_dynamic.json,9.49,corridor_calibrated,1.0059204631836371,normal,2,5.887420093005329,5,3.5610576257967894,0.7681145668029785,corridor_calibrated,0.46930612753775724,33.79432438987284,variant,dynamic,maze5_seed2_dynamic.json,9.5014,1.6344225100011949,1.6344225100011949,True
9.7901,True,0.8227885484695434,0,True,0,5.924232628979084,3.388145846068732,1.0,19.367868088447427,10.25552500331742,maze5_seed2_dynamic.json,9.780000000000001,corridor_calibrated,1.0002272551303684,swapped,2,5.8843482087598895,5,3.527641296367509,0.7483315467834473,minco-baseline,0.45616461942894193,34.50022313680431,baseline,dynamic,maze5_seed2_dynamic_swapped.json,9.7901,1.7396057440020094,1.7396057440020094,True
9.7165,True,0.827010715007782,0,True,0,5.896413613524047,3.384592837994365,1.0,18.209722748842527,10.206202681503422,maze5_seed2_dynamic.json,9.69999,corridor_calibrated,1.0000288899632856,swapped,2,5.8731035090824575,5,3.519269657153607,0.6633249521255493,corridor_calibrated,0.46100574696951013,34.13682202480854,variant,dynamic,maze5_seed2_dynamic_swapped.json,9.7165,1.7398357440020096,1.7398357440020096,True
,False,0.7000000476837158,0,False,0,5.839331600406891,3.4564502778959203,1.0,18.18291124069103,9.90025177077238,maze5_seed2_straight.json,19.99,corridor_calibrated,2.3605681648868413,normal,2,5.817134077560395,5,3.180430294882671,0.6000000238418579,minco-baseline,0.31458159653339235,63.57651519709618,baseline,straight,maze5_seed2_straight.json,20.0,0.84069,0.84069,True
,False,0.7000000476837158,0,False,0,5.89754619174632,3.4514785056667745,0.998998998998999,18.557410887429075,10.009727420963873,maze5_seed2_straight.json,19.990000000000002,corridor_calibrated,2.2350266218810537,normal,2,5.851949386201625,5,3.1872789626685574,0.5196152329444885,corridor_calibrated,0.31390537736338103,63.713472547169836,variant,straight,maze5_seed2_straight.json,20.0,0.83023,0.83023,True
,False,0.7000000476837158,0,False,0,5.8488950567757865,3.460447922215709,1.0,18.25312166703153,9.931729918576503,maze5_seed2_straight.json,19.989970000000003,corridor_calibrated,2.333663657900777,swapped,2,5.859140142704685,5,3.1654731926627835,0.6000000238418579,minco-baseline,0.31606847352668427,63.277432771129426,baseline,straight,maze5_seed2_straight_swapped.json,20.0,0.88175,0.88175,True
,False,0.7052925080060959,0,False,0,5.976550280114415,3.442025952026062,1.0,18.211406891922895,10.039047733731058,maze5_seed2_straight.json,19.98991,corridor_calibrated,2.280582364912443,swapped,2,5.859330417991153,5,3.1710507531370262,0.5830951929092407,corridor_calibrated,0.3155134611808063,63.38874262427693,variant,straight,maze5_seed2_straight_swapped.json,20.0,0.82178,0.82178,True
,False,0.7422353863716126,0,False,0,6.296735183121172,3.576910396199017,1.0,16.245101692550346,9.142267240198242,maze5_seed3_dynamic.json,17.48997,corridor_calibrated,3.8160465106384613,normal,3,5.879254467015427,5,3.5949431171502293,0.36055514216423035,minco-baseline,0.21880766185149111,62.87539590116922,baseline,dynamic,maze5_seed3_dynamic.json,17.49987670000155,1.4415267000015506,1.4415267000015506,True
,False,0.7468917429447174,0,False,0,5.916935582940525,3.5541098341218316,0.9268571428571428,18.00976800291795,9.932411331976622,maze5_seed3_dynamic.json,17.48998,corridor_calibrated,3.5101699528497994,normal,3,5.917531377976707,5,3.6034997570840996,0.4242640733718872,corridor_calibrated,0.21810535601181477,63.024954461757986,variant,dynamic,maze5_seed3_dynamic.json,17.49987670000155,1.5414667000015507,1.5414667000015507,True
,False,0.7756800532341004,0,False,0,6.217542715579238,3.544848101878059,1.0,16.903611602441433,9.450684351341518,maze5_seed3_dynamic.json,17.49002,corridor_calibrated,3.869253272856115,swapped,3,5.882872062881828,5,3.5869355838639145,0.41231057047843933,minco-baseline,0.21902126486188586,62.735299371862894,baseline,dynamic,maze5_seed3_dynamic_swapped.json,17.499845914000616,1.449515914000616,1.449515914000616,True
,False,0.8841688454151154,0,False,0,6.004448002126086,3.4740989763313026,0.9668571428571429,18.252983755220757,9.802511854434268,maze5_seed3_dynamic.json,17.49,corridor_calibrated,3.3203128101905444,swapped,3,5.928606425182124,5,3.244017118769696,0.5,corridor_calibrated,0.2423431370309374,56.73756849766089,variant,dynamic,maze5_seed3_dynamic_swapped.json,17.499845914000616,1.5291159140006165,1.5291159140006165,True
4.5318,True,0.44721361994743347,0,True,0,5.325829797488014,2.9738153380493815,1.0,12.018906482581498,6.4008902324146595,maze5_seed3_straight.json,4.52998,corridor_calibrated,0.9834226184376523,normal,3,5.95855789305185,5,4.332023480403961,0.44721361994743347,minco-baseline,1.0,19.623978108904886,baseline,straight,maze5_seed3_straight.json,4.5318,0.47653,0.47653,True
4.5085,True,0.44721361994743347,0,True,0,5.374293994914796,2.971851848724999,1.0,12.382034872681748,6.419844943896795,maze5_seed3_straight.json,4.4899000000000004,corridor_calibrated,1.004855632430593,normal,3,5.941919704379732,5,4.362601447076131,0.4358898997306824,corridor_calibrated,1.0,19.587622104668363,variant,straight,maze5_seed3_straight.json,4.5085,0.45714,0.45714,True
4.5094,True,0.44721361994743347,0,True,0,5.3399234597917085,2.9590342234680285,1.0,12.771874939283139,6.400611002746662,maze5_seed3_straight.json,4.49988,corridor_calibrated,0.9817621049578249,swapped,3,5.929960385840351,5,4.359079267907551,0.44721361994743347,minco-baseline,1.0,19.615505881168716,baseline,straight,maze5_seed3_straight_swapped.json,4.5094,0.45803,0.45803,True
4.5067,True,0.44721361994743347,0,True,0,5.395836687626679,2.9697505153928803,1.0,11.776654296865903,6.4278901741807735,maze5_seed3_straight.json,4.49979,corridor_calibrated,0.9874745341847031,swapped,3,5.940021179803236,5,4.358354239887785,0.44721361994743347,corridor_calibrated,1.0,19.61178942730191,variant,straight,maze5_seed3_straight_swapped.json,4.5067,0.43008,0.43008,True
,False,0.800000011920929,0,False,0,5.703306456213042,3.1247257645559223,1.0,20.736967262247852,10.293944321064666,maze5_seed4_dynamic.json,17.48999,corridor_calibrated,1.8867817744745023,normal,4,5.936806886061586,5,2.699651944280054,0.6633249521255493,minco-baseline,0.31969342434987347,47.216694166371184,baseline,dynamic,maze5_seed4_dynamic.json,17.499829530999705,1.896759530999705,1.896759530999705,True
,False,0.8932489693164826,0,False,0,6.012906100080135,3.7472600569422854,1.0,19.270850878920353,10.574922506144715,maze5_seed4_dynamic.json,17.48999,corridor_calibrated,2.389772261091592,normal,4,5.944352785860188,5,3.135833602237394,0.7280110120773315,corridor_calibrated,0.2754829948836335,54.84527368759257,variant,dynamic,maze5_seed4_dynamic.json,17.499829530999705,2.319759530999705,2.319759530999705,True
,False,0.8513615429401398,0,False,0,5.99095190856193,3.7882016644993763,1.0,20.329202038518634,11.194431584388015,maze5_seed4_dynamic.json,17.49001,corridor_calibrated,2.485686226189961,swapped,4,5.932200844026132,5,3.0715812830601785,0.7071068286895752,minco-baseline,0.2791348449283434,53.721597072920574,baseline,dynamic,maze5_seed4_dynamic_swapped.json,17.499856833001104,1.7844668330011038,1.7844668330011038,True
,False,0.943398118019104,0,False,0,5.672467873125851,3.158733500615638,1.0,19.024110030321697,9.66895902907269,maze5_seed4_dynamic.json,17.490000000000002,corridor_calibrated,1.818324378775825,swapped,4,5.932612470578353,5,2.68672684399396,0.7483315467834473,corridor_calibrated,0.31917338499670406,46.99049413520491,variant,dynamic,maze5_seed4_dynamic_swapped.json,17.499856833001104,1.7266168330011036,1.7266168330011036,True
,False,0.6312466233968735,0,False,0,6.083592836977749,3.524468724054031,1.0,21.213756630402997,10.88700832322498,maze5_seed4_straight.json,19.99003,corridor_calibrated,2.0554833237881978,normal,4,5.987206533887735,5,3.2524335150528056,0.41231057047843933,minco-baseline,0.30761695884641804,65.01592657403917,baseline,straight,maze5_seed4_straight.json,20.0,0.88762,0.88762,True
,False,0.4994948983192444,0,False,0,6.70285996518249,3.4716513776161286,0.8968968968968969,20.05299851543581,11.004023695712693,maze5_seed4_straight.json,19.989990000000002,corridor_calibrated,2.2728894975647895,normal,4,5.978706401281683,5,2.9626968608996624,0.3162277936935425,corridor_calibrated,0.33769932526627616,59.22428657370987,variant,straight,maze5_seed4_straight.json,20.0,0.90815,0.90815,True
19.3748,True,0.5762480944395065,0,True,0,5.9645602191944675,3.280940809264537,0.9896587383660806,21.27977084776014,10.856000309203734,maze5_seed4_straight.json,19.35998,corridor_calibrated,1.0032877406183722,swapped,4,5.9856656375547175,5,3.078826250851872,0.22360680997371674,minco-baseline,0.3355378664162564,59.6057959922322,baseline,straight,maze5_seed4_straight_swapped.json,19.3748,0.87843,0.87843,True
,False,0.5987228363752365,0,False,0,7.096143278602804,3.5030481064145125,0.9159159159159159,21.131840808120675,10.905182218375288,maze5_seed4_straight.json,19.989990000000002,corridor_calibrated,1.2154008719247924,swapped,4,5.9675013173244595,5,3.0559908928186124,0.30000001192092896,corridor_calibrated,0.3273914287188577,61.08895914453194,variant,straight,maze5_seed4_straight_swapped.json,20.0,0.89884,0.89884,True
,False,0.8949528515338898,0,False,0,6.080997034481235,3.5912118358241125,1.0,19.96924773956232,11.204207412264635,maze5_seed5_dynamic.json,17.49004,corridor_calibrated,3.0841007712007085,normal,5,5.748685552293165,5,3.0373417851332065,0.7549834847450256,minco-baseline,0.2553239437481593,53.12279360761943,baseline,dynamic,maze5_seed5_dynamic.json,17.499838907000594,2.2446689070005945,2.2446689070005945,True
,False,0.1414213627576828,0,False,0,6.103820540977883,3.5396688779693357,0.9657142857142857,19.052997175411974,10.839514815138005,maze5_seed5_dynamic.json,17.490109999999998,corridor_calibrated,1.9447567373740626,normal,5,5.889298631081985,5,2.881119225067254,0.10000000149011612,corridor_calibrated,0.3561101890231299,50.390516112226074,variant,dynamic,maze5_seed5_dynamic.json,17.499838907000594,0.885928907000594,0.885928907000594,True
,False,0.9000000357627869,0,False,0,5.878341411051097,3.479175629010058,1.0,18.59938155458687,10.275147411313988,maze5_seed5_dynamic.json,17.48997,corridor_calibrated,2.172149246081215,swapped,5,5.818372525624816,5,3.313166093962886,0.7549834847450256,minco-baseline,0.22704311749436965,57.94701878880455,baseline,dynamic,maze5_seed5_dynamic_swapped.json,17.49986100300157,17.49986100300157,,True
,False,0.1414213627576828,0,False,0,6.129681842725894,3.6100276031078073,0.9645714285714285,19.067721416125888,11.027653289614745,maze5_seed5_dynamic.json,17.48997,corridor_calibrated,2.015873766991904,swapped,5,5.947333603541919,5,2.9197694320128322,0.1414213627576828,corridor_calibrated,0.3513988328074106,51.066476125208005,variant,dynamic,maze5_seed5_dynamic_swapped.json,17.49986100300157,0.9340510030015698,0.9340510030015698,True
7.6707,True,0.1414213627576828,0,True,0,5.8710407249399434,2.9808627207984246,0.9712041884816754,16.55389132163932,8.55099843887446,maze5_seed5_straight.json,7.66,corridor_calibrated,1.0019854755291533,normal,5,6.057871264472758,5,3.524936116128643,0.10000000149011612,minco-baseline,0.7407125820663172,27.001028595755542,baseline,straight,maze5_seed5_straight.json,7.6707,7.6707,,True
,False,0.1414213627576828,0,False,0,,,0.001002004008016032,,,maze5_seed5_straight.json,19.99359,corridor_calibrated,19.945082615073364,normal,5,0.1160865210439016,5,0.0046921217535199,0.10000000149011612,corridor_calibrated,1.0,0.09381611753915108,variant,straight,maze5_seed5_straight.json,20.0,20.0,,True
7.8561,True,0.1414213627576828,0,True,0,5.783250645801111,2.936622662436165,0.9641943734015346,18.692886933488026,8.688472341306875,maze5_seed5_straight.json,7.84002,corridor_calibrated,1.0002177779869927,swapped,5,6.064984843698171,5,3.4532708455118377,0.10000000149011612,minco-baseline,0.7387262723143188,27.073629789540714,baseline,straight,maze5_seed5_straight_swapped.json,7.8561,1.17971,1.17971,True
,False,0.1414213627576828,0,False,0,,,0.001002004008016032,,,maze5_seed5_straight.json,19.992130000000003,corridor_calibrated,19.945083630691276,swapped,5,0.11543632307793332,5,0.0046894701493055,0.10000000149011612,corridor_calibrated,1.0,0.09375483094631534,variant,straight,maze5_seed5_straight_swapped.json,20.0,20.0,,True
,False,0.8944272398948669,0,False,0,5.292164113414632,2.9447924228552522,1.0,12.707343481794055,7.268450731766044,maze7_seed1_dynamic.json,17.490000000000002,corridor_calibrated,2.168878623256114,normal,1,5.85701795063527,7,3.2659708410693575,0.7280110120773315,minco-baseline,0.2601592656856608,57.121603240864935,baseline,dynamic,maze7_seed1_dynamic.json,17.49987165699895,7.538581656998948,7.538581656998948,True
,False,0.8762930393218994,0,False,0,5.277808201441861,2.9576869637337984,0.7108571428571429,13.898141381576606,8.0608847893465,maze7_seed1_dynamic.json,17.490000000000002,corridor_calibrated,4.912513844758907,normal,1,5.853997933952814,7,2.412090650965307,0.6164414286613464,corridor_calibrated,0.3528676342719778,42.187240101081905,variant,dynamic,maze7_seed1_dynamic.json,17.49987165699895,17.49987165699895,,True
,False,0.8705676555633545,0,False,0,5.3166476474169375,2.927117123894014,1.0,12.422382829007251,7.354650395711411,maze7_seed1_dynamic.json,17.49004,corridor_calibrated,2.2860437775694518,swapped,1,5.8409713635115885,7,3.2267260856324342,0.7071068286895752,minco-baseline,0.2634333039615296,56.43524028007401,baseline,dynamic,maze7_seed1_dynamic_swapped.json,17.499833578000107,17.499833578000107,,True
,False,0.9110434055328369,0,False,0,5.236119797685999,3.003386197073671,0.7131428571428572,14.047870805704754,8.1127248891812,maze7_seed1_dynamic.json,17.49004,corridor_calibrated,4.9903548088722625,swapped,1,5.858827741247142,7,2.427490688764265,0.6557438969612122,corridor_calibrated,0.34984790999958437,42.45668096839563,variant,dynamic,maze7_seed1_dynamic_swapped.json,17.499833578000107,17.499833578000107,,True
5.0577,True,0.7449152171611786,0,True,0,5.119646837560891,2.760420777930078,1.0,16.141996766270054,7.513388237726032,maze7_seed1_straight.json,5.0476,corridor_calibrated,1.0094111170153808,normal,1,5.868470114559511,7,3.897479486011816,0.7280110120773315,minco-baseline,1.0,19.672939360743698,baseline,straight,maze7_seed1_straight.json,5.0577,0.94622,0.94622,True
5.0715,True,0.7449152171611786,0,True,0,5.100842469717996,2.7436765739276723,1.0,14.17939625826173,7.3460024763113205,maze7_seed1_straight.json,5.07,corridor_calibrated,0.9978153945519017,normal,1,5.86592088658549,7,3.89169063646363,0.7280110120773315,corridor_calibrated,1.0,19.73087670520557,variant,straight,maze7_seed1_straight.json,5.0715,0.94613,0.94613,True
5.0464,True,0.7549834847450256,0,True,0,5.128610192207837,2.763821201482602,1.0,16.191016898768375,7.499031713669524,maze7_seed1_straight.json,5.03999,corridor_calibrated,0.9819096536122678,swapped,1,5.870565993915181,7,3.91018418783725,0.7280110120773315,minco-baseline,1.0,19.707287176927004,baseline,straight,maze7_seed1_straight_swapped.json,5.0464,0.93597,0.93597,True
5.062,True,0.7549834847450256,0,True,0,5.100812097810603,2.7440096265838405,1.0,14.117103031033722,7.350350243308982,maze7_seed1_straight.json,5.05999,corridor_calibrated,0.9995425279876219,swapped,1,5.865432460391797,7,3.8985143790238124,0.7280110120773315,corridor_calibrated,1.0,19.726437702525107,variant,straight,maze7_seed1_straight_swapped.json,5.062,0.93601,0.93601,True
7.6847,True,1.4668333768844606,0,True,0,6.537663022983662,3.7019156464778167,1.0,17.154284833302604,9.009368320988443,maze7_seed2_dynamic.json,7.679969999999999,corridor_calibrated,0.9928201355245744,normal,2,5.658068084755382,7,3.537710531999515,1.1575837135314941,minco-baseline,0.550327131253471,27.169501379440717,baseline,dynamic,maze7_seed2_dynamic.json,7.6847,1.4264915860004064,1.4264915860004064,True
7.719,True,1.4373763799667358,0,True,0,6.545384316901839,3.7185804590815486,1.0,18.309842034649282,9.615597879158269,maze7_seed2_dynamic.json,7.69999,corridor_calibrated,1.003010154277363,normal,2,5.647089487139997,7,3.529459241515909,1.1357816457748413,corridor_calibrated,0.5491845236818818,27.176728870614916,variant,dynamic,maze7_seed2_dynamic.json,7.719,1.4032015860004066,1.4032015860004066,True
7.7426,True,1.4812160193920136,0,True,0,6.526237460518668,3.7078391100214896,1.0,18.628191094171534,9.563523171287827,maze7_seed2_dynamic.json,7.73001,corridor_calibrated,1.0006431749873228,swapped,2,5.659268156573249,7,3.5419999012755135,1.1357816457748413,minco-baseline,0.5465005057574427,27.379461099518046,baseline,dynamic,maze7_seed2_dynamic_swapped.json,7.7426,1.422168832999406,1.422168832999406,True
7.6399,True,1.4640026330947877,0,True,0,6.556980180122716,3.7071894382081108,1.0,16.880417784309046,9.029134443526289,maze7_seed2_dynamic.json,7.61998,corridor_calibrated,1.0078342850356201,swapped,2,5.661711356950986,7,3.5326824030552593,1.1489125490188599,corridor_calibrated,0.5561712304312492,26.918950476913743,variant,dynamic,maze7_seed2_dynamic_swapped.json,7.6399,1.4021588329994064,1.4021588329994064,True
10.6211,True,1.2206555604934692,0,True,0,5.591340545335015,2.9039968833520153,0.9401197604790419,16.150183794350998,8.681554384420231,maze7_seed2_straight.json,10.60999,corridor_calibrated,1.0122124216924575,normal,2,5.7684224658340835,7,2.915027377295717,1.0630146265029907,minco-baseline,0.6466559423739081,30.928352516194806,baseline,straight,maze7_seed2_straight.json,10.6211,0.91556,0.91556,True
10.1449,True,1.1231615364551544,0,True,0,5.594990208530612,2.9971273789188366,0.9140461215932913,15.705473008913557,8.444228008400518,maze7_seed2_straight.json,10.13003,corridor_calibrated,1.0210403234659688,normal,2,5.7833741101124625,7,2.960422284741217,1.0049875974655151,corridor_calibrated,0.6669092715915527,29.989091669496027,variant,straight,maze7_seed2_straight.json,10.1449,0.93639,0.93639,True
10.5108,True,1.100000023841858,0,True,0,5.600622327400706,3.0016836329945957,0.9393939393939394,16.308651045927654,8.658482056952142,maze7_seed2_straight.json,10.5,corridor_calibrated,1.0113677221327937,swapped,2,5.775537251072193,7,2.968095801064571,1.0630146265029907,minco-baseline,0.641746648743411,31.164951127643654,baseline,straight,maze7_seed2_straight_swapped.json,10.5108,0.94254,0.94254,True
10.1275,True,1.1431666910648346,0,True,0,5.623438873233391,2.970421064776517,0.9159663865546218,15.74267392967879,8.295846323466908,maze7_seed2_straight.json,10.11,corridor_calibrated,1.0194491938194554,swapped,2,5.751407067755818,7,2.9496216073276162,0.9949874877929688,corridor_calibrated,0.6706782872039453,29.82056193899504,variant,straight,maze7_seed2_straight_swapped.json,10.1275,0.91406,0.91406,True
,False,1.0,0,False,0,6.2200783394982295,2.8021351790926197,1.0,12.902632560873327,6.995197548900089,maze7_seed3_dynamic.json,17.49001,corridor_calibrated,1.9917460444597022,normal,3,5.892761706431504,7,2.896883780931449,0.9055385589599609,minco-baseline,0.3339872262032133,50.66628945226936,baseline,dynamic,maze7_seed3_dynamic.json,17.499868555998546,1.6864585559985459,1.6864585559985459,True
,False,1.0,0,False,0,6.3301716045162015,2.8015941757122365,1.0,14.064216374346577,7.16682111945475,maze7_seed3_dynamic.json,17.490000000000002,corridor_calibrated,1.9096624301294238,normal,3,5.8424163444961215,7,2.8900821304274062,0.9219545125961304,corridor_calibrated,0.33528919663471285,50.54728668927835,variant,dynamic,maze7_seed3_dynamic.json,17.499868555998546,1.6497685559985458,1.6497685559985458,True
,False,1.0,0,False,0,6.230525372155614,2.8180968049767485,1.0,13.483760831930978,7.065906705454744,maze7_seed3_dynamic.json,17.489630000000002,corridor_calibrated,1.9537933050189924,swapped,3,5.84533913211386,7,2.891248848662477,0.8944272398948669,minco-baseline,0.3357387374921528,50.56867473301655,baseline,dynamic,maze7_seed3_dynamic_swapped.json,17.499869348001084,1.6718793480010845,1.6718793480010845,True
,False,1.0,0,False,0,6.263354345213646,2.8152554278446695,1.0,13.467157528264899,7.102048592594414,maze7_seed3_dynamic.json,17.49002,corridor_calibrated,1.9771928998787818,swapped,3,5.861055735130295,7,2.8983492698929516,0.8944272398948669,corridor_calibrated,0.33427018991374846,50.69189313088493,variant,dynamic,maze7_seed3_dynamic_swapped.json,17.499869348001084,1.673819348001084,1.673819348001084,True
8.4226,True,0.9313942074775696,0,True,0,6.6109107979945545,3.303004156569261,1.0,13.104855968590003,7.853019419411855,maze7_seed3_straight.json,8.410010000000002,corridor_calibrated,1.016148261624716,normal,3,6.151093271469999,7,3.993432894526319,0.7280110120773315,minco-baseline,0.595510008893461,33.58466353598092,baseline,straight,maze7_seed3_straight.json,8.4226,0.96924,0.96924,True
8.3872,True,0.9871529400348663,0,True,0,6.793161230205335,3.3484188172934948,1.0,12.816207768929509,7.949294141113575,maze7_seed3_straight.json,8.37,corridor_calibrated,1.019108520075414,normal,3,6.154827997516254,7,4.015810712615758,0.800000011920929,corridor_calibrated,0.5950208468226701,33.6122727415986,variant,straight,maze7_seed3_straight.json,8.3872,0.92948,0.92948,True
8.3955,True,0.9541136950254441,0,True,0,6.573955938235925,3.344688814470004,1.0,12.146958971542714,7.6363758016508285,maze7_seed3_straight.json,8.37997,corridor_calibrated,1.0112763519195282,swapped,3,6.138564934996787,7,4.016432820163181,0.800000011920929,minco-baseline,0.5942203839876411,33.65755080286158,baseline,straight,maze7_seed3_straight_swapped.json,8.3955,0.95642,0.95642,True
8.3813,True,0.9313942074775696,0,True,0,6.624415893191048,3.312352765109543,1.0,12.545346776570838,7.867226852774396,maze7_seed3_straight.json,8.38001,corridor_calibrated,0.9783846368163518,swapped,3,6.1526308902352325,7,4.011668585679491,0.7615773677825928,corridor_calibrated,0.5949241419818597,33.61773638956672,variant,straight,maze7_seed3_straight_swapped.json,8.3813,0.91642,0.91642,True
,False,0.5385165214538574,0,False,0,6.428598632612411,3.3538592137151975,0.5017142857142857,14.058118318857488,8.21048776599557,maze7_seed4_dynamic.json,17.490019999999998,corridor_calibrated,2.9586362138507067,normal,4,6.123250759594176,7,1.8941939172895736,0.5385165214538574,minco-baseline,0.48051657308723034,33.129306724102065,baseline,dynamic,maze7_seed4_dynamic.json,17.499857433000216,1.4586974330002156,1.4586974330002156,True
,False,0.8773863673210145,0,False,0,6.346376187172169,3.2456760390129356,0.6114285714285714,17.535972165691504,9.232321660462006,maze7_seed4_dynamic.json,17.489990000000002,corridor_calibrated,3.4400069620191935,normal,4,6.066113292801817,7,2.3133578491639804,0.5830951929092407,corridor_calibrated,0.3929622580159399,40.460506455714665,variant,dynamic,maze7_seed4_dynamic.json,17.499857433000216,1.4396474330002156,1.4396474330002156,True
,False,0.632455587387085,0,False,0,6.459118399123184,3.3226221833690963,0.4982857142857143,14.140506283165525,8.10263183763059,maze7_seed4_dynamic.json,17.48999,corridor_calibrated,3.025295427940845,swapped,4,6.10709010130834,7,1.883135595333734,0.547722578048706,minco-baseline,0.48311156737098987,32.935934085998475,baseline,dynamic,maze7_seed4_dynamic_swapped.json,17.499775628999487,1.4217556289994868,1.4217556289994868,True
,False,0.8983281970024108,0,False,0,6.591954769184389,3.299781198290918,0.6091428571428571,16.430085778033355,9.319956071428336,maze7_seed4_dynamic.json,17.48999,corridor_calibrated,3.4361197337221663,swapped,4,6.141120136041324,7,2.321669902342782,0.5385165214538574,corridor_calibrated,0.39273271014351924,40.60595598672158,variant,dynamic,maze7_seed4_dynamic_swapped.json,17.499775628999487,1.4284056289994869,1.4284056289994869,True
10.33,True,1.1065607488155365,0,True,0,4.913978174614224,2.7811179579111274,1.0,14.315453223615618,6.991093095560896,maze7_seed4_straight.json,10.32983,corridor_calibrated,0.995929695732576,normal,4,5.836658397159175,7,3.0497123677773748,0.943398118019104,minco-baseline,0.6348614514031442,31.502941414289182,baseline,straight,maze7_seed4_straight.json,10.33,1.1201,1.1201,True
10.3153,True,1.1180340051651,0,True,0,4.9178008991825415,2.7831308442065548,0.9587628865979382,13.215621491509403,6.974895709863766,maze7_seed4_straight.json,10.299990000000001,corridor_calibrated,1.0029258330073343,normal,4,5.833302534708412,7,3.0558843989229434,0.9273619055747986,corridor_calibrated,0.6354155563010664,31.47546979913953,variant,straight,maze7_seed4_straight.json,10.3153,1.11615,1.11615,True
10.4494,True,1.1027051210403442,0,True,0,4.905324424476047,2.758793339141784,1.0,12.637157925202342,6.8285742267310106,maze7_seed4_straight.json,10.440000000000001,corridor_calibrated,0.9864942438889702,swapped,4,5.819795170831974,7,3.051610419854576,0.9273619055747986,minco-baseline,0.6277696381490905,31.8588247385756,baseline,straight,maze7_seed4_straight_swapped.json,10.4494,1.13068,1.13068,True
10.2569,True,1.1184803366661071,0,True,0,4.897778138122288,2.7720710835935023,0.9605809128630706,14.323783438013011,7.329772760767697,maze7_seed4_straight.json,10.250010000000001,corridor_calibrated,0.9895898473462814,swapped,4,5.820062790301865,7,3.048491536722832,1.0099505186080933,corridor_calibrated,0.6400610892036563,31.24702197958501,variant,straight,maze7_seed4_straight_swapped.json,10.2569,1.09109,1.09109,True
,False,0.5099020004272461,0,False,0,5.446891363086131,3.2619075105732045,0.9817142857142858,17.756892691577924,9.231322308146801,maze7_seed5_dynamic.json,17.49,corridor_calibrated,3.210641425811914,normal,5,5.749663869335827,7,3.283153734194184,0.22360680997371674,minco-baseline,0.23191784444727995,57.42212499773914,baseline,dynamic,maze7_seed5_dynamic.json,17.499867332000576,17.499867332000576,,True
,False,0.8845584690570831,0,False,0,5.333068319845359,3.2364775020843575,0.6537142857142857,17.56114145757996,9.492302491866955,maze7_seed5_dynamic.json,17.490009999999998,corridor_calibrated,2.7215672207598978,normal,5,5.828721421091153,7,2.1907284532944735,0.4898979663848877,corridor_calibrated,0.46810669753060413,38.3156861208191,variant,dynamic,maze7_seed5_dynamic.json,17.499867332000576,0.4564973320005765,0.4564973320005765,True
,False,0.5167012631893158,0,False,0,5.460031936643427,3.3326622145086136,0.9794285714285714,17.633755575681256,9.362596609161741,maze7_seed5_dynamic.json,17.49002,corridor_calibrated,3.2244231854417245,swapped,5,5.7223114493761855,7,3.2976338690844633,0.22360680997371674,minco-baseline,0.2302703247680477,57.67538947735092,baseline,dynamic,maze7_seed5_dynamic_swapped.json,17.49985988700064,17.49985988700064,,True
,False,0.800000011920929,0,False,0,5.268354919235771,3.2419149100127527,0.6525714285714286,17.824238891014602,9.543756124038453,maze7_seed5_dynamic.json,17.48997,corridor_calibrated,2.7228618222875753,swapped,5,5.826157639477978,7,2.188604303986653,0.4898979663848877,corridor_calibrated,0.46856400842303186,38.27845845706053,variant,dynamic,maze7_seed5_dynamic_swapped.json,17.49985988700064,0.452749887000639,0.452749887000639,True
,False,0.9484190613031387,0,False,0,5.618649320449576,2.9672790530008792,0.8863636363636364,18.997957216705917,9.80640295235762,maze7_seed5_straight.json,19.98998,corridor_calibrated,1.5392764483317711,normal,5,5.964261035983161,7,2.4124992720413783,0.8944272398948669,minco-baseline,0.41471777832214757,48.22557438091858,baseline,straight,maze7_seed5_straight.json,20.0,2.46265,2.46265,True
,False,2.023227846622467,0,False,0,,,0.0010330578512396695,,,maze7_seed5_straight.json,19.990009999999998,corridor_calibrated,19.95649817737962,normal,5,0.12370794281223527,7,0.005229349377134183,1.9924860000610352,corridor_calibrated,1.0,0.10453221135867564,variant,straight,maze7_seed5_straight.json,20.0,20.0,,True
,False,0.9219545125961304,0,False,0,5.616774137582907,2.978912610164754,0.890608875128999,19.805213142859085,9.870190589340165,maze7_seed5_straight.json,19.990000000000002,corridor_calibrated,1.6658939128023016,swapped,5,5.959650370337234,7,2.425589688631952,0.8062257766723633,minco-baseline,0.4124794249035076,48.48727368084871,baseline,straight,maze7_seed5_straight_swapped.json,20.0,2.47505,2.47505,True
,False,2.023227846622467,0,False,0,,,0.0010319917440660474,,,maze7_seed5_straight.json,19.990009999999998,corridor_calibrated,19.956494625684876,swapped,5,0.12379221977357238,7,0.00520301183813159,1.9924860000610352,corridor_calibrated,1.0,0.10400484910877116,variant,straight,maze7_seed5_straight_swapped.json,20.0,20.0,,True
