t_s,wall_time_s,ros_time_s,x,y,z,body_yaw_rad,camera_pitch_rad,camera_yaw_rad,target_pitch_rad,target_yaw_rad,qx,qy,qz,qw,vx,vy,vz,path_length_m,goal_x,goal_y,goal_z,goal_distance_m,center_obstacle_distance_m,clearance_m,collision,collision_active,sim_collision_counter
0.002342463,1787250876.015021324,1787250876.014983416,-20.0,0.0,1.9999999140868348,0.0,0.0,0.0,0.0,0.0,0.0,0.0,0.0,1.0,0.0,0.0,-3.643150587334184e-09,4.709121981250064e-11,20.0,0.0,2.0,40.0,1.999999914131696,1.549999914131696,0,0,0
0.012349844,1787250876.025028706,1787250876.024983168,-20.0,0.0,1.9999999140633393,0.0,0.0,0.0,0.0,0.0,0.0,0.0,0.0,1.0,0.0,0.0,-9.581628464099086e-10,7.05866476380379e-11,20.0,0.0,2.0,40.0,1.9999999141082005,1.5499999141082006,0,0,0
0.022356987,1787250876.035035849,1787250876.034983158,-20.0,0.0,1.9999999140693578,0.0,0.0,0.0,0.0,0.0,0.0,0.0,0.0,1.0,0.0,0.0,2.2343370974409835e-09,7.660516665453088e-11,20.0,0.0,2.0,40.0,1.999999914114219,1.5499999141142191,0,0,0
0.032382488,1787250876.045061350,1787250876.044982910,-20.0,0.0,1.9999999141092748,0.0,0.0,0.0,0.0,0.0,0.0,0.0,0.0,1.0,0.0,0.0,5.802811345242414e-09,1.1652212528190375e-10,20.0,0.0,2.0,40.0,1.999999914154136,1.549999914154136,0,0,0
0.042518139,1787250876.055197001,1787250876.054983139,-20.0,0.0,1.999999914182343,0.0,0.0,0.0,0.0,0.0,0.0,0.0,0.0,1.0,0.0,0.0,8.346617115751887e-09,1.895903434245838e-10,20.0,0.0,2.0,40.0,1.9999999142272042,1.5499999142272043,0,0,0
0.052478313,1787250876.065157175,1787250876.064983130,-19.999999995982073,6.837960233370355e-10,1.9999994386222453,2.153441312719844e-05,0.0,0.0,0.0,0.0,-8.367211185234935e-06,4.9690977653550455e-05,1.0767622298793048e-05,0.9999999986724274,2.21430780849666e-06,3.752514919135783e-07,-0.00014792226770578767,4.7576715277138816e-07,20.0,0.0,2.0,39.99999999598208,1.9999994386670799,1.54999943866708,0,0,0
0.062367439,1787250876.075046301,1787250876.074983120,-19.999999839236708,2.6755170858740205e-08,1.9999963314413036,0.0001871936894899438,0.0,0.0,0.0,0.0,-7.072417105559982e-05,0.00043404461463580234,9.362751584053349e-05,0.9999998989186211,4.151193070144211e-05,6.85163340923037e-06,-0.0004864602531542116,3.5870084211795715e-06,20.0,0.0,2.0,39.99999983923688,1.9999963314851128,1.5499963314851128,0,0,0
0.072364807,1787250876.085043669,1787250876.084983110,-19.999998733892944,2.0648730069434972e-07,1.9999887413575381,0.0006349269415311033,0.0,0.0,0.0,0.0,-0.00023054442271415717,0.0014584674187117204,0.0003177987027520738,0.9999988593623707,0.000212416649919955,3.4240332424141244e-05,-0.0011263730182402508,1.1259261026546496e-05,20.0,0.0,2.0,39.99999873389453,1.9999887413944708,1.5499887413944708,0,0,0
0.082363367,1787250876.095042229,1787250876.094982862,-19.999994625018275,8.595892882560891e-07,1.9999729457145414,0.0015578122189295904,0.0,0.0,0.0,0.0,-0.0005350477975455205,0.0035030393805471536,0.0007807661072906625,0.9999934163999473,0.0006754586916834629,0.00010630776485534742,-0.0020350656029256343,2.7593633709257407e-05,20.0,0.0,2.0,39.99999462502743,1.9999729457313957,1.5499729457313958,0,0,0
0.092379332,1787250876.105058193,1787250876.104983330,-19.99998350628078,2.5847786041497513e-06,1.9999473829302017,0.003122021179245285,0.0,0.0,0.0,0.0,-0.0010057037002440873,0.006843446967158712,0.0015677836861070734,0.9999748486076979,0.0016553365333386574,0.00025408375945076063,-0.003152784072685281,5.5523161897579554e-05,20.0,0.0,2.0,39.99998350631547,1.9999473829360424,1.5499473829360424,0,0,0
0.102420330,1787250876.115099192,1787250876.114983082,-19.9999588780095,6.3096557706052366e-06,1.9999096977907334,0.00551464935488604,0.0,0.0,0.0,0.0,-0.0016469755808037462,0.011725972595519498,0.00277606957914754,0.9999260385027571,0.003428653404518988,0.0005124221866970916,-0.004348869775174182,0.0001006961205443301,20.0,0.0,2.0,39.99995887811193,1.9999096979972242,1.5499096979972242,0,0,0
0.112363815,1787250876.125042677,1787250876.124982834,-19.999911251458098,1.3321456502243352e-05,1.9998608572769065,0.00886525908383621,0.0,0.0,0.0,0.0,-0.002432107668416305,0.01817460822176227,0.004474639473387271,0.9998218571674946,0.006305466622059325,0.0009169831126497256,-0.005417352415576659,0.00016927344579780032,20.0,0.0,2.0,39.99991125170233,1.9998608587500963,1.5498608587500964,0,0,0
0.122456551,1787250876.135135412,1787250876.134982824,-19.99982810903304,2.5237904922774937e-05,1.9998021084652209,0.01329235312600119,0.0,0.0,0.0,0.0,-0.0032957390140180842,0.025941728655687914,0.006724969979296859,0.9996354033333772,0.010577558940483803,0.001497736949850017,-0.006278994943185512,0.0002717726529266338,20.0,0.0,2.0,39.99982810953051,1.9998021149228158,1.5498021149228158,0,0,0
0.132362604,1787250876.145041466,1787250876.144983053,-19.999694279394053,4.39336099964088e-05,1.999736207998658,0.018831763802467056,0.0,0.0,0.0,0.0,-0.004173671196444152,0.03461164295837991,0.009543411019896276,0.9993465554784141,0.016472688342485112,0.002275405885263968,-0.006870658279788671,0.00042211483979623555,20.0,0.0,2.0,39.99969428028801,1.9997362298782073,1.5497362298782074,0,0,0
0.142362118,1787250876.155040979,1787250876.154983282,-19.999492776484647,7.144249449141e-05,1.999664885998405,0.02540167498044994,0.0,0.0,0.0,0.0,-0.0050241313664808745,0.04385037150337438,0.012884434620816084,0.998942387912101,0.02412902766152831,0.00326184429031711,-0.007403392709013143,0.0006376304748324832,20.0,0.0,2.0,39.99949277795223,1.9996649483014102,1.5496649483014102,0,0,0
0.152367830,1787250876.165046692,1787250876.164983511,-19.99920560075766,0.00010988869230609773,1.9995877428578488,0.03285356159967595,0.0,0.0,0.0,0.0,-0.0058121528866635986,0.05330809336128647,0.016666301746984333,0.9984221053477756,0.03361328581494422,0.004463643395940184,-0.008048386830706942,0.0009374622150347914,20.0,0.0,2.0,39.999205603033104,1.9995878984777822,1.5495878984777822,0,0,0
0.162376165,1787250876.175055027,1787250876.174983263,-19.9988143628587,0.00016144247783731765,1.9995033347146662,0.040992317343039895,0.0,0.0,0.0,0.0,-0.006512563048305484,0.06277632868504644,0.020783061380979323,0.9977899495580237,0.04494086765311343,0.00588345923898049,-0.008866234500262605,0.0013410085209533385,20.0,0.0,2.0,39.99881436626804,1.999503684969078,1.549503684969078,0,0,0
0.172369957,1787250876.185048819,1787250876.184983015,-19.998300701363966,0.00022828092888438445,1.9994097719455568,0.04959527812743519,0.0,0.0,0.0,0.0,-0.007105961050063142,0.0720610697116379,0.025114867545870605,0.9970586497181211,0.058092816543622215,0.007520142902938417,-0.009873105532504783,0.0018673824388792315,20.0,0.0,2.0,39.998300706370195,1.999410495916068,1.549410495916068,0,0,0
0.182349682,1787250876.195028543,1787250876.194983244,-19.997646523806168,0.0003125584228226607,1.9993055131165245,0.058412949130970636,0.0,0.0,0.0,0.0,-0.0075877149860089895,0.08110099911272112,0.029530522616146332,0.9962394304373958,0.07303952829649495,0.00937070790972694,-0.010987739189969146,0.002535155511519234,20.0,0.0,2.0,39.99764653105665,1.99930690723959,1.54930690723959,0,0,0
0.192363501,1787250876.205042362,1787250876.204983234,-19.996833995494278,0.00041639835613610163,1.9991902135951596,0.067197464317823,0.0,0.0,0.0,0.0,-0.00796039120405891,0.08983899919338993,0.033901763398079016,0.9953473046300517,0.08976215941002975,0.011432375151237096,-0.012037297480133014,0.0033623670739386727,20.0,0.0,2.0,39.99683400585937,1.9991927429967045,1.5491927429967045,0,0,0
0.202372074,1787250876.215050936,1787250876.214983463,-19.995845389297475,0.0005419005970665236,1.9990656042134545,0.07571364241986885,0.0,0.0,0.0,0.0,-0.008238528833128518,0.09832677055055301,0.038109600191966936,0.9943900800033019,0.10825233440863449,0.01370243175526962,-0.012837730719448876,0.004366668086008179,20.0,0.0,2.0,39.995845403883386,1.999069967463361,1.549069967463361,0,0,0
0.212367058,1787250876.225045919,1787250876.224982977,-19.99466306368141,0.0006911321117020906,1.9989346988430892,0.08375285438022174,0.0,0.0,0.0,0.0,-0.00844096047944874,0.10659089644094467,0.042050583803281374,0.9933775110117521,0.12850987741648218,0.01617823915021743,-0.01326015812212807,0.005565542609614298,20.0,0.0,2.0,39.994663083840734,1.9989419076009316,1.5489419076009316,0,0,0
0.222382307,1787250876.235061169,1787250876.234983206,-19.993269256492535,0.0008661469187963026,1.9988020337684251,0.09113551149525348,0.0,0.0,0.0,0.0,-0.00859352789250185,0.11472189367674246,0.04563796127046351,0.9923115513187674,0.1505479256903342,0.018858512316593263,-0.01319537952744096,0.006976545332680446,20.0,0.0,2.0,39.99326928381381,1.9988135094723085,1.5488135094723086,0,0,0
0.232399225,1787250876.245078087,1787250876.244982958,-19.991646128470393,0.001068980255446019,1.9986724882589726,0.09771977176251116,0.0,0.0,0.0,0.0,-0.00872100114749056,0.12275666142652576,0.04880539619374819,0.9911976490674149,0.17438099219064743,0.02174242221855839,-0.012614781982842412,0.008617419483168626,20.0,0.0,2.0,39.99164616479055,1.9986901772521628,1.5486901772521628,0,0,0
0.242379427,1787250876.255058289,1787250876.254983425,-19.98977558343857,0.0013016762292444581,1.9985514853554136,0.10340006725002662,0.0,0.0,0.0,0.0,-0.008848569028179355,0.1307622733270113,0.0515057418573292,0.9900353979814215,0.2000296404196542,0.024830573875156272,-0.011512001570368784,0.010506262471607467,20.0,0.0,2.0,39.98977563085764,1.998577995140873,1.5485779951408731,0,0,0
0.252374649,1787250876.265053511,1787250876.264982939,-19.987639534874333,0.0015662623757003692,1.9984434570582994,0.10811112688839329,0.0,0.0,0.0,0.0,-0.008991782549558295,0.13871792720905354,0.05371264825212842,0.9888333711678365,0.22747779569114465,0.028119802702482617,-0.010046234884669498,0.012661344699886948,20.0,0.0,2.0,39.98763959584322,1.9984822137967624,1.5484822137967624,0,0,0
0.262357473,1787250876.275036335,1787250876.274982929,-19.985220161386984,0.0018647194261480773,1.9983512205561822,0.11182774551633175,0.0,0.0,0.0,0.0,-0.009143851462748305,0.14650236944884512,0.055419015145821426,0.9876143875453458,0.2566845529714967,0.031602918372177255,-0.008381858357639752,0.01510080206876493,20.0,0.0,2.0,39.98522023886127,1.9984066480769997,1.5484066480769998,0,0,0
0.272341967,1787250876.285020828,1787250876.284982920,-19.982500150815856,0.0021989294317018016,1.998276248429837,0.11455670130219354,0.0,0.0,0.0,0.0,-0.009291068991096715,0.15395923030721068,0.05663401217955366,0.9864090531339725,0.2876010409902373,0.03526872069118978,-0.006579892946711789,0.01784229338820936,20.0,0.0,2.0,39.98250024844119,1.9983539683244103,1.5483539683244103,0,0,0
0.282345533,1787250876.295024395,1787250876.294982910,-19.97946265999548,0.0025706454078622126,1.9982200119878581,0.11632446517145559,0.0,0.0,0.0,0.0,-0.00941541725803464,0.1610143120572864,0.05737486357994977,0.9852379744304206,0.3201610251221321,0.03909975927808473,-0.004660984837553391,0.020902960927849074,20.0,0.0,2.0,39.97946278226544,1.998327066380013,1.548327066380013,0,0,0
0.292346001,1787250876.305024862,1787250876.304982901,-19.976091768518693,0.00298139132131901,1.9981832201217533,0.11718217265649987,0.0,0.0,0.0,0.0,-0.009503381459177819,0.16761274268712384,0.05767071905816164,0.9841187643740241,0.3542723084566196,0.04307101613312961,-0.0026757458619620558,0.024298984366389168,20.0,0.0,2.0,39.97609192097711,1.9983283117771027,1.5483283117771027,0,0,0
0.302343130,1787250876.315021992,1787250876.314983130,-19.9723723299622,0.003432440490033,1.9981667003952381,0.11719835348117066,0.0,0.0,0.0,0.0,-0.009543326947807565,0.17376844447398296,0.05755729121431101,0.9830567688815995,0.3898488159766529,0.04715463103527252,-0.0006291091445092031,0.0280457084594434,20.0,0.0,2.0,39.972372519375966,1.9983604535409532,1.5483604535409532,0,0,0
0.312335730,1787250876.325014591,1787250876.324983120,-19.968290376349216,0.003924737191050203,1.9981703177449628,0.11646611069778036,0.0,0.0,0.0,0.0,-0.00953022443165866,0.17948725460120935,0.057082286980955015,0.9820565731010749,0.4267492788010016,0.051314119713501534,0.0013203545095626448,0.03215724277470999,20.0,0.0,2.0,39.96829061092642,1.9984255514005969,1.548425551400597,0,0,0
0.322336912,1787250876.335015774,1787250876.334983349,-19.96383337172127,0.004458855382762638,1.9981924240593576,0.11511537478697324,0.0,0.0,0.0,0.0,-0.009453198627301766,0.1847473778437863,0.056309378421859436,0.9811260353885742,0.4648416980294001,0.05551338542539,0.0030661074418194636,0.036646191558709885,20.0,0.0,2.0,39.963833661342164,1.998524434198245,1.5485244341982451,0,0,0
0.332345486,1787250876.345024347,1787250876.344983339,-19.95898980995904,0.005035040222388396,1.9982312180261206,0.11328415215308886,0.0,0.0,0.0,0.0,-0.009307898170513246,0.18952610156316144,0.055306081274345845,0.9802726443352344,0.5040566615199061,0.05972355274601549,0.004692191252241486,0.04152405835535696,20.0,0.0,2.0,39.95899016632715,1.9986580758235502,1.5486580758235502,0,0,0
0.342362404,1787250876.355041265,1787250876.354982615,-19.953748708443143,0.005653268045581062,1.99828618397959,0.11109303019822778,0.0,0.0,0.0,0.0,-0.009081708027533816,0.19386403132574737,0.054127502484041294,0.9794919465785681,0.544330864940137,0.0639162012258885,0.006292908881145974,0.046801782485826206,20.0,0.0,2.0,39.95374914515567,1.998829055204516,1.548829055204516,0,0,0
0.352351427,1787250876.365030289,1787250876.364983320,-19.948099930582476,0.006313202180549177,1.9983570673935516,0.10865465736927153,0.0,0.0,0.0,0.0,-0.008770695090983325,0.19781613070710974,0.05282531389539325,0.9787754285593513,0.5855866161813862,0.06806052921153836,0.007896717683381764,0.052489420733819486,20.0,0.0,2.0,39.948100463220435,1.9989461632755905,1.5489461632755905,0,0,0
0.362366915,1787250876.375045776,1787250876.374983311,-19.942033892420667,0.007014221634253177,1.9984442713913977,0.10606750271494086,0.0,0.0,0.0,0.0,-0.008367024459537131,0.2014749300494481,0.05144207628185968,0.9781061078692204,0.6277680687992065,0.07212782581401966,0.009546331131594574,0.05859645371164341,20.0,0.0,2.0,39.94203453860204,1.9988988776872383,1.5488988776872383,0,0,0
0.372351646,1787250876.385030508,1787250876.384982824,-19.935541753766852,0.00775539854922061,1.99854793571092,0.1034304993642187,0.0,0.0,0.0,0.0,-0.007871525952522869,0.20492255028840903,0.05002196460684499,0.9774674370634271,0.6707955173401735,0.07608724686204173,0.011180293353467584,0.06513158598350945,20.0,0.0,2.0,39.93554253320659,1.9988792377348532,1.5488792377348533,0,0,0
0.382364273,1787250876.395043135,1787250876.394983053,-19.92861530867316,0.008535517616405423,1.9986677609663572,0.10087188410553533,0.0,0.0,0.0,0.0,-0.007272987770453682,0.20824829036922043,0.04861963166729004,0.9768397435729798,0.7146253592739599,0.07991202075323034,0.012778789276524063,0.07210285455434903,20.0,0.0,2.0,39.92861624321497,1.9988910211364765,1.5488910211364766,0,0,0
0.392355680,1787250876.405034542,1787250876.404982805,-19.921246564764452,0.009353115755936225,1.9988035403779336,0.09850520879046593,0.0,0.0,0.0,0.0,-0.006572328746680011,0.21151387039205002,0.047285454559858366,0.9762083655212591,0.7592616331081568,0.08358005162239598,0.01438907178026325,0.0795180611973546,20.0,0.0,2.0,39.921247678360544,1.9989384919022535,1.5489384919022535,0,0,0
0.402368069,1787250876.415046930,1787250876.414983034,-19.913427364160203,0.010206528600602848,1.9989556569603768,0.09639617244263146,0.0,0.0,0.0,0.0,-0.005770776919688635,0.2147742187441337,0.04604730444875958,0.9755605459681083,0.8047116062352844,0.08707116799114047,0.016033453832296533,0.08738516682951614,20.0,0.0,2.0,39.913428682812636,1.999026907526914,1.549026907526914,0,0,0
0.412341833,1787250876.425020695,1787250876.424982786,-19.905149665215777,0.011093884183412105,1.999124177937024,0.09458319124617447,0.0,0.0,0.0,0.0,-0.00488169763332809,0.21804775412952382,0.044923687944242334,0.9748913827749099,0.8509632288858942,0.09036603804508263,0.01767134139695499,0.0957119969025065,20.0,0.0,2.0,39.90515121691185,1.9991616337594025,1.5491616337594025,0,0,0
0.422342777,1787250876.435021639,1787250876.434983015,-19.896405443459308,0.012013144140056187,1.9993089654549039,0.09307703900810835,0.0,0.0,0.0,0.0,-0.003915375145094936,0.2213403201962492,0.043919913692228266,0.9741992474202401,0.898011676118963,0.09344946599994244,0.019273976624146375,0.1045063473288293,20.0,0.0,2.0,39.89640725807338,1.9993482696656364,1.5493482696656364,0,0,0
0.432351589,1787250876.445030451,1787250876.444983006,-19.887186833286094,0.012962126839221395,1.9995093757073488,0.09187181205146644,0.0,0.0,0.0,0.0,-0.002890680144862066,0.22462582577633342,0.04303652363404699,0.9734899794019949,0.9458405351009604,0.09630909514797319,0.02079457300304069,0.11377584062448914,20.0,0.0,2.0,39.88718894245264,1.9995923619529745,1.5495923619529746,0,0,0
0.442347288,1787250876.455026150,1787250876.454982996,-19.87748608122647,0.013938552292487845,1.9997244952462636,0.09094039689594034,0.0,0.0,0.0,0.0,-0.0018213329717011622,0.22787245035721512,0.04226365871851211,0.9727716136206535,0.9944346329180276,0.09893670315465225,0.02220700825844949,0.12352798262530837,20.0,0.0,2.0,39.877488518179696,1.999899654687028,1.549899654687028,0,0,0
0.452358723,1787250876.465037584,1787250876.464982748,-19.867295758857292,0.01494006545645828,1.9999529028524665,0.09025979912774129,0.0,0.0,0.0,0.0,-0.0007284192717469446,0.23102275356329133,0.04159637774065057,0.9720584849175776,1.043741872957089,0.10132582733360923,0.023434195137430846,0.13376994867875308,20.0,0.0,2.0,39.86729855824163,2.0002758612293174,1.5502758612293175,0,0,0
0.462357759,1787250876.475036621,1787250876.474982738,-19.856609063718082,0.015964270762461655,2.0001923896660636,0.08985774835826195,0.0,0.0,0.0,0.0,0.0003656995801288886,0.23399159399450842,0.04105492042946714,0.9713713469689419,1.0937024876391048,0.10347572994213088,0.02442484795391224,0.14450828204297428,20.0,0.0,2.0,39.85661226136774,2.0007263856219657,1.5507263856219657,0,0,0
0.472357750,1787250876.485036612,1787250876.484982729,-19.84541969522129,0.01700880423323324,2.000440663622468,0.08975378644210792,0.0,0.0,0.0,0.0,0.001437138963758378,0.23669428317633653,0.04065687831539243,0.9707320789944497,1.1442666783372788,0.10539301420461297,0.025194739797913552,0.15574904080233007,20.0,0.0,2.0,39.84542332792982,2.0010288394112763,1.5510288394112763,0,0,0
0.482357502,1787250876.495036364,1787250876.494982719,-19.833721944996046,0.01807138904858176,2.000695600873399,0.08992051976364898,0.0,0.0,0.0,0.0,0.002477173180918892,0.23907720080255115,0.04039440643300662,0.970156815983052,1.1953661983015111,0.10708771537293066,0.025759838762888634,0.1674977190183621,20.0,0.0,2.0,39.83372605029841,2.0010616241073835,1.5510616241073836,0,0,0
0.492364645,1787250876.505043507,1787250876.504982948,-19.821510857578343,0.01914985189104768,2.0009552177679124,0.09031142501083649,0.0,0.0,0.0,0.0,0.0034801557742578587,0.24111184839212121,0.04024983443818063,0.9696560812517089,1.2469196395003597,0.10857039239523518,0.026132060608137105,0.179759086762513,20.0,0.0,2.0,39.82151547354142,2.0011626286788644,1.5511626286788645,0,0,0
0.502346992,1787250876.515025854,1787250876.514982939,-19.80878230684004,0.020242122298841172,2.0012176702523217,0.09086473619171544,0.0,0.0,0.0,0.0,0.004452889208940797,0.24280213906524678,0.04019459759083066,0.9692325249224485,1.2988468472314156,0.10985058504292156,0.026332758652261323,0.1925371124256523,20.0,0.0,2.0,39.808787471858736,2.0013393835906235,1.5513393835906235,0,0,0
0.512359619,1787250876.525038481,1787250876.524982929,-19.795532941702422,0.02134621139915861,2.00148135233477,0.09152261720517048,0.0,0.0,0.0,0.0,0.0053996898437001385,0.24416868321474933,0.040201950149039184,0.9688840491467394,1.3510668809080573,0.11093505476198179,0.026375367511793705,0.20583501517503242,20.0,0.0,2.0,39.79553869429673,2.0016001447931107,1.5516001447931107,0,0,0
0.522359848,1787250876.535038710,1787250876.534983158,-19.781760259027966,0.02246018825358764,2.0017446729338086,0.09224943703662092,0.0,0.0,0.0,0.0,0.006323202656879621,0.24523086348772638,0.04025564798058775,0.9686079307474657,1.403500229557745,0.11182896601209183,0.02626668498088278,0.21965518414004026,20.0,0.0,2.0,39.78176663762831,2.0019536503138196,1.5519536503138196,0,0,0
0.532360554,1787250876.545039415,1787250876.544982910,-19.767462457040832,0.02358217155405962,2.0020062326876205,0.09301338690031284,0.0,0.0,0.0,0.0,0.007222581462527523,0.2460189418689547,0.04034148037614661,0.9683982029721855,1.4560769648407192,0.11253707690452246,0.026020238377098968,0.23399932586043026,20.0,0.0,2.0,39.767469499780056,2.002409273662024,1.5524092736620239,0,0,0
0.542360067,1787250876.555038929,1787250876.554983139,-19.752638447502832,0.02471032155578071,2.002264658035251,0.09376736119245438,0.0,0.0,0.0,0.0,0.00810729510549339,0.24657480609911897,0.04043499134555264,0.9682459131016973,1.508735686911996,0.1130626092390292,0.025647709067801058,0.24886844704728547,20.0,0.0,2.0,39.752646192002715,2.0029768332321987,1.5529768332321987,0,0,0
0.552361012,1787250876.565039873,1787250876.564983130,-19.73728762003147,0.02584281723540603,2.0025188344227556,0.09446546944415798,0.0,0.0,0.0,0.0,0.008983907752519954,0.24694739324125559,0.04051241796716625,0.9681399787031297,1.5614306995329381,0.11340610177670828,0.02516738563592625,0.26426309079619587,20.0,0.0,2.0,39.737296103192975,2.003032959662364,1.553032959662364,0,0,0
0.562357664,1787250876.575036526,1787250876.574983120,-19.72140983891934,0.026977829453990673,2.0027676792189117,0.09505982404957226,0.0,0.0,0.0,0.0,0.009863967789079282,0.24718352844833796,0.04054764029619087,0.9680696742847058,1.614124309160509,0.11356524804072986,0.02458875757674562,0.2801833329273212,20.0,0.0,2.0,39.72141909668798,2.003063963287137,1.5530639632871373,0,0,0
0.572359324,1787250876.585038185,1787250876.584983110,-19.705005224013586,0.028113491168205156,2.0030103160068866,0.09551337677628967,0.0,0.0,0.0,0.0,0.010752955714329522,0.24732515897121557,0.040520953887695,0.9680251504890253,1.6667896171401062,0.11353502485953577,0.02391923073495776,0.2966290007564503,20.0,0.0,2.0,39.70501529113589,2.00321390599387,1.5532139059938699,0,0,0
0.582359076,1787250876.595037937,1787250876.594983339,-19.688074230089207,0.02924787465765907,2.0032457351851423,0.09580316790317477,0.0,0.0,0.0,0.0,0.011661665211991723,0.24739441022202438,0.040418454114381934,0.968001218967406,1.7193999703947338,0.11330813775952775,0.02315101385325941,0.31359958717407344,20.0,0.0,2.0,39.68808513982553,2.0034946607842956,1.5534946607842957,0,0,0
0.592357874,1787250876.605036736,1787250876.604983330,-19.67061746555037,0.030378968063181355,2.003473009855911,0.09591575786474901,0.0,0.0,0.0,0.0,0.012591970978379165,0.24740556919829249,0.04023308484103396,0.9679944346331351,1.7719366164845063,0.11287550002715693,0.022282154826684546,0.33109443367903935,20.0,0.0,2.0,39.67062924937703,2.0039185439297773,1.5539185439297774,0,0,0
0.602357864,1787250876.615036726,1787250876.614982843,-19.652635814022975,0.03150466664558589,2.0036910116968185,0.09583318260859461,0.0,0.0,0.0,0.0,0.013545742639425746,0.24735594862266821,0.0399565461486456,0.9680056931429679,1.8243782843065142,0.11222745442539717,0.021303225723696247,0.3491126054440598,20.0,0.0,2.0,39.65264850129339,2.0044980109922803,1.5544980109922804,0,0,0
0.612356663,1787250876.625035524,1787250876.624982834,-19.634130261277832,0.03262276754597406,2.003898730213908,0.09554430928127705,0.0,0.0,0.0,0.0,0.014515069209594868,0.24724080292969183,0.039586206141484157,0.9680362753615414,1.8767099584665012,0.11135462020386998,0.020218331487838144,0.367653068734093,20.0,0.0,2.0,39.634143878895614,2.004455119821687,1.554455119821687,0,0,0
0.622355461,1787250876.635034323,1787250876.634982824,-19.61510205508364,0.033730983766242506,2.0040950118403673,0.09503732254987744,0.0,0.0,0.0,0.0,0.015492584146734064,0.24704386986650356,0.03911959124269453,0.9680903696343864,1.9289093750011572,0.11024926411475701,0.019023400509654963,0.3867145298700204,20.0,0.0,2.0,39.61511662715484,2.0044358784405754,1.5544358784405754,0,0,0
0.632367849,1787250876.645046711,1787250876.644982815,-19.5955525716774,0.034826958780691614,2.0042788718899986,0.0943094346910895,0.0,0.0,0.0,0.0,0.01646350511551586,0.24675392665444534,0.03855992421164788,0.9681707416177768,1.9809578448440335,0.10890584976060785,0.01772788622755625,0.4062955734377426,20.0,0.0,2.0,39.59556811920081,2.0045863505074077,1.5545863505074078,0,0,0
0.642358780,1787250876.655037642,1787250876.654983282,-19.575483490796724,0.03590829912255862,2.0044492380900736,0.09335779831597672,0.0,0.0,0.0,0.0,0.017415799767632564,0.2463537700560354,0.0379099993975599,0.9682816438636586,2.0328283566889684,0.1073220384596982,0.016332833419239128,0.4263944870644069,20.0,0.0,2.0,39.575500031357656,2.0049205874829337,1.5549205874829337,0,0,0
0.652363300,1787250876.665042162,1787250876.664982796,-19.554896664179104,0.036972600003421896,2.004605263221201,0.09219445444151274,0.0,0.0,0.0,0.0,0.0183321289423934,0.2458372458509809,0.03718003654531598,0.9684243008533671,2.0844995975138456,0.10549857867195755,0.014855717333412578,0.4470093969693886,20.0,0.0,2.0,39.55491421170684,2.0054531368278954,1.5554531368278954,0,0,0
0.662363529,1787250876.675042391,1787250876.674983025,-19.533794257164512,0.03801749013558365,2.0047461051222992,0.0908558080216355,0.0,0.0,0.0,0.0,0.019194359553609406,0.24519715846125975,0.0363914771236375,0.9685998092280477,2.135943327917004,0.10344112197933285,0.01330442267476108,0.4681381265487761,20.0,0.0,2.0,39.533812821721156,2.0053915930907684,1.5553915930907685,0,0,0
0.672357082,1787250876.685035944,1787250876.684983015,-19.51217864329852,0.039040678123967505,2.0048711458960065,0.0893854217064849,0.0,0.0,0.0,0.0,0.0199853980880567,0.24443701311255484,0.03556805964254733,0.9688065047351503,2.1871315816036745,0.10116056926815124,0.011688098484358663,0.48977830472868916,20.0,0.0,2.0,39.512198230958326,2.005288324002252,1.555288324002252,0,0,0
0.682355404,1787250876.695034266,1787250876.694982767,-19.490052590546124,0.0400400057723404,2.004979645937756,0.08781173182982685,0.0,0.0,0.0,0.0,0.020702445639848875,0.24354788836634444,0.034723684262208086,0.9690459744346923,2.238030305573074,0.09867129716385124,0.010005473131383755,0.5119271791562895,20.0,0.0,2.0,39.490073203313194,2.005404028472758,1.555404028472758,0,0,0
0.692368269,1787250876.705047131,1787250876.704982758,-19.46741908665412,0.04101345736003181,2.005071088989017,0.08616172021536864,0.0,0.0,0.0,0.0,0.021347084182801818,0.24253212501248733,0.03386980584947007,0.9693169278339974,2.2886123909072644,0.09598808690386716,0.008269531720188735,0.5345817916723866,20.0,0.0,2.0,39.467440722464104,2.0057549169003055,1.5557549169003055,0,0,0
0.702383995,1787250876.715062857,1787250876.714982986,-19.44428150866914,0.04195916848548451,2.0051448646741687,0.0844521320337272,0.0,0.0,0.0,0.0,0.021931097699971442,0.24138340841082523,0.03301114420119091,0.9696202047483207,2.3388446667431784,0.09312507431618844,0.006481990530973661,0.5577388063201274,20.0,0.0,2.0,39.444304161394335,2.006072986917126,1.556072986917126,0,0,0
0.712387562,1787250876.725066423,1787250876.724982977,-19.420643398352407,0.04287539537508161,2.0052006937806195,0.08270229441581065,0.0,0.0,0.0,0.0,0.022464083555542556,0.2401131618392474,0.032153150982329834,0.9699521685853775,2.3887147082649696,0.09009304305957012,0.0046822731461663636,0.5813947325955521,20.0,0.0,2.0,39.42066705786205,2.0057654426733884,1.5557654426733885,0,0,0
0.722409725,1787250876.735088587,1787250876.734983206,-19.39650847270544,0.043760499849804735,2.005238558414285,0.08092931574881454,0.0,0.0,0.0,0.0,0.02294874851302496,0.2387406944889641,0.031301554307320505,0.9703073989383771,2.4382073628106453,0.08690218118046772,0.0028967566266007863,0.6055459122695599,20.0,0.0,2.0,39.39653312493109,2.005719031792435,1.555719031792435,0,0,0
0.732416153,1787250876.745095015,1787250876.744982719,-19.371880586498094,0.044612947437836836,2.0052586713614855,0.07915171805860347,0.0,0.0,0.0,0.0,0.02338571870227524,0.23729603370216668,0.03046268149308034,0.9706779721340385,2.487297534825944,0.08356397795053425,0.0011200279794183919,0.6301885551972792,20.0,0.0,2.0,39.37190621351942,2.005951787376699,1.555951787376699,0,0,0
0.742412090,1787250876.755090952,1787250876.754982710,-19.34676395175885,0.04543132633528067,2.005260930421745,0.07737486486824596,0.0,0.0,0.0,0.0,0.023782524580873904,0.23578374349364792,0.029636627248505135,0.971062350291687,2.5359588051853432,0.08008978468440907,-0.0006652604266862474,0.6553185191795012,20.0,0.0,2.0,39.34679053186207,2.006320978619357,1.5563209786193573,0,0,0
0.752391577,1787250876.765070438,1787250876.764983177,-19.321162880464016,0.04621431971578698,2.0052453596033235,0.07560441535996264,0.0,0.0,0.0,0.0,0.02414674977496395,0.23421289769590603,0.028823416092100672,0.9714579063001001,2.584177089251687,0.07648865286101103,-0.0024564161210608756,0.6809315660995268,20.0,0.0,2.0,39.321190388251544,2.00588966845118,1.55588966845118,0,0,0
0.762399912,1787250876.775078773,1787250876.774982929,-19.295081953526942,0.04696070155888923,2.0052117508416134,0.0738360958151056,0.0,0.0,0.0,0.0,0.024488821901426698,0.2325725849244505,0.028018976656241652,0.9718668773502761,2.6319321922396295,0.07276808968750663,-0.004263001992524002,0.7070231924440368,20.0,0.0,2.0,39.29511035999564,2.005767585045247,1.555767585045247,0,0,0
0.772389889,1787250876.785068750,1787250876.784982681,-19.268525827592867,0.04766929976464537,2.005160064460231,0.07206717853785527,0.0,0.0,0.0,0.0,0.024815589607996964,0.23086039638965572,0.027220372817114598,0.9722894194605409,2.679207689892549,0.06893314292097807,-0.006084568152568052,0.7335888207544244,20.0,0.0,2.0,39.26855510024189,2.0059733211584314,1.5559733211584315,0,0,0
0.782409668,1787250876.795088530,1787250876.794982910,-19.24149948191077,0.04833899721676037,2.005089973483833,0.07028038169325176,0.0,0.0,0.0,0.0,0.02513001744896095,0.2290502304084885,0.026420153416023908,0.972731437585065,2.7259782805050596,0.06498801383576683,-0.007932018180282628,0.7606235533839635,20.0,0.0,2.0,39.241529584807026,2.0061022242896143,1.5561022242896143,0,0,0
0.792401314,1787250876.805080175,1787250876.804982662,-19.214007995555665,0.04896870123899776,2.0050013983043686,0.06846400812398343,0.0,0.0,0.0,0.0,0.0254306961820066,0.2271313482998072,0.02561357154916543,0.9731950345453403,2.7722265299787945,0.060935444165919984,-0.009791597122365077,0.7881223932636905,20.0,0.0,2.0,39.214038889448624,2.0056483568162977,1.5556483568162978,0,0,0
0.802417040,1787250876.815095901,1787250876.814982891,-19.186056787247388,0.0495573600040155,2.0048940988943524,0.06660255629989321,0.0,0.0,0.0,0.0,0.02571395406368555,0.22507937534086656,0.02479526269109856,0.9736854021246572,2.8179237564525437,0.05677907324111164,-0.011664132835885905,0.8160800054327889,20.0,0.0,2.0,39.18608842966483,2.0055548717382417,1.5555548717382417,0,0,0
0.812404156,1787250876.825083017,1787250876.824983120,-19.157651421404584,0.05010394792436377,2.0047681547512024,0.06469015106607169,0.0,0.0,0.0,0.0,0.02597392427432549,0.22289277027836663,0.023963501999652047,0.9742021960493312,2.8630486386138236,0.052522502089533935,-0.013529183104419341,0.8444909087789589,20.0,0.0,2.0,39.15768376680528,2.005835704884297,1.555835704884297,0,0,0
0.822371721,1787250876.835050583,1787250876.834983349,-19.128797822786012,0.05060749435662751,2.0046235548872136,0.06271822595358652,0.0,0.0,0.0,0.0,0.02620417327735517,0.22056149521617632,0.023115766836625376,0.9747469566274161,2.907570879024476,0.04817127332985374,-0.015382573371431826,0.8733492632256653,20.0,0.0,2.0,39.12883082270934,2.005438952129099,1.555438952129099,0,0,0
0.832378864,1787250876.845057726,1787250876.844982862,-19.099502076423132,0.0510670774183389,2.0044606297492567,0.06068813070431823,0.0,0.0,0.0,0.0,0.026398364425731038,0.21810029296196995,0.022252746316733057,0.9753154381260005,2.9514695473825348,0.04373148790635777,-0.017202112681333186,0.9026490672548632,20.0,0.0,2.0,39.09953567969613,2.005057847622321,1.5550578476223211,0,0,0
0.842369556,1787250876.855048418,1787250876.854982853,-19.069770598434904,0.05148185611488303,2.0042796414079946,0.05859853035389227,0.0,0.0,0.0,0.0,0.02655110754543157,0.21551519829965565,0.021374043301829477,0.9759054197323134,2.9947181883169653,0.03921134514009999,-0.01898330171912996,0.932383989173565,20.0,0.0,2.0,39.06980475138272,2.0050944087647267,1.5550944087647267,0,0,0
0.852360010,1787250876.865038872,1787250876.864983559,-19.039609881709172,0.05185105998958408,2.004081261536441,0.056458714377845734,0.0,0.0,0.0,0.0,0.02665798003581218,0.2128402421554478,0.02048259888230329,0.9765084979469699,3.0373157085532694,0.0346180259830353,-0.020676792107420777,0.9625476179254967,20.0,0.0,2.0,39.039644528417035,2.0050511767982346,1.5550511767982347,0,0,0
0.862361908,1787250876.875040770,1787250876.874983072,-19.00902645623992,0.05217400389916503,2.003866500076306,0.05428166540562319,0.0,0.0,0.0,0.0,0.026712321928925635,0.21012418816862236,0.019582954046566597,0.9771134966391841,3.0792618391598183,0.029960961449653108,-0.0222524532293346,0.9931335023934474,20.0,0.0,2.0,39.00906153882879,2.004457522431379,1.554457522431379,0,0,0
0.872356892,1787250876.885035753,1787250876.884983540,-18.978026837567658,0.05245010967012491,2.003636565562046,0.05208614829295018,0.0,0.0,0.0,0.0,0.026710076933933225,0.20742574023884733,0.018681496546594515,0.9777075921579669,3.120548567136362,0.025253278470495022,-0.023726581733875474,1.024135203348447,20.0,0.0,2.0,38.978062296486186,2.004320942712454,1.5543209427124542,0,0,0
0.882396221,1787250876.895075083,1787250876.894983292,-18.946617701212762,0.052678950046230556,2.0033922044434176,0.049879248080326614,0.0,0.0,0.0,0.0,0.026648030276557204,0.20475727402339253,0.017781275467873114,0.978288386652742,3.161170396143403,0.02050978064741527,-0.02512994939230805,1.0555461238512664,20.0,0.0,2.0,38.94665347553301,2.00449353957998,1.55449353957998,0,0,0
0.892360926,1787250876.905039787,1787250876.904983044,-18.91480561404407,0.05286023186754976,2.0031341936000593,0.04767054827162371,0.0,0.0,0.0,0.0,0.026527231761051803,0.2021284273250846,0.016885801627025566,0.9788540619242464,3.2011351022623415,0.01574444823627699,-0.026469345211146293,1.087359773794687,20.0,0.0,2.0,38.91484164179675,2.0037435911354806,1.5537435911354807,0,0,0
0.902371407,1787250876.915050268,1787250876.914983034,-18.882597187127953,0.05299381388864723,2.0028629654135477,0.04546073436807347,0.0,0.0,0.0,0.0,0.026349756224796923,0.19951322881338557,0.01599578837752248,0.9794101779282942,3.240443161315406,0.010971551935001293,-0.027764417155204724,1.1195696197008131,20.0,0.0,2.0,38.88263340563924,2.003489901417586,1.553489901417586,0,0,0
0.912344933,1787250876.925023794,1787250876.924982786,-18.849998868418382,0.05307967272213181,2.0025791882566693,0.04325496149487008,0.0,0.0,0.0,0.0,0.026120582058796093,0.1969036865437428,0.015112650765672375,0.9799582956459055,3.279115522693896,0.006201627166240825,-0.02897561874070585,1.1521692866301672,20.0,0.0,2.0,38.85003521465557,2.003752274878331,1.5537522748783312,0,0,0
0.922371149,1787250876.935050011,1787250876.934983492,-18.817016943635927,0.0531178914812511,2.0022838249836132,0.041051320377679196,0.0,0.0,0.0,0.0,0.02583947608352008,0.19431011574335802,0.01423481078548258,0.9804964408693352,3.3171677381270035,0.0014452370549878633,-0.03007572504916252,1.185152556063201,20.0,0.0,2.0,38.81705335453441,2.002905023440736,1.5529050234407362,0,0,0
0.932396173,1787250876.945075035,1787250876.944982767,-18.783657580178843,0.053108664742541015,2.001977977896809,0.0388523376784204,0.0,0.0,0.0,0.0,0.025508251381907033,0.19175443348665358,0.013361983404627638,0.9810203992523012,3.3545982708003073,-0.0032847611370137027,-0.03108894042885564,1.2185133228085119,20.0,0.0,2.0,38.78369399295574,2.0025935704554834,1.5525935704554834,0,0,0
0.942375422,1787250876.955054283,1787250876.954982758,-18.749927068923277,0.05305232903306025,2.001662220348973,0.03665199866896126,0.0,0.0,0.0,0.0,0.025122783477265848,0.18921048233853788,0.012492915317807156,0.9815356163636827,3.3914013471498605,-0.007974907112236551,-0.03204985936822481,1.2522453590071028,20.0,0.0,2.0,38.74996342139519,2.0028355317187656,1.5528355317187656,0,0,0
0.952376604,1787250876.965055466,1787250876.964987278,-18.715831637277557,0.05294934038582777,2.0013371499353085,0.03445017509908873,0.0,0.0,0.0,0.0,0.024682840301431665,0.1866564791929866,0.011628058749077654,0.9820462842553095,3.427577370630219,-0.012612720772622389,-0.0329641030413042,1.286342495786359,20.0,0.0,2.0,38.715867868183445,2.001952864306942,1.5519528643069422,0,0,0
0.962368250,1787250876.975047112,1787250876.974983454,-18.681377649571306,0.052800293210862166,2.0010030402080456,0.03224200906241929,0.0,0.0,0.0,0.0,0.024185055328810184,0.18404220557327028,0.010767076962378322,0.9825617638195345,3.4631145954471023,-0.01718494310576162,-0.03384778606161925,1.3207984258018535,20.0,0.0,2.0,38.681413698904635,2.0016460693635,1.5516460693635,0,0,0
0.972354650,1787250876.985033512,1787250876.984982729,-18.646571518643253,0.052605901993846974,2.0006603058222496,0.030026978679023122,0.0,0.0,0.0,0.0,0.02362932582640748,0.1813366448693291,0.009910125092472808,0.9830872115988367,3.497997888339208,-0.021678789668945767,-0.03470241087254425,1.3556067869380128,20.0,0.0,2.0,38.646607327973,2.001763823377072,1.5517638233770719,0,0,0
0.982381821,1787250876.995060682,1787250876.994982719,-18.611419960808504,0.052367026456116565,2.0003090594597754,0.027785878411943382,0.0,0.0,0.0,0.0,0.02300132855399275,0.17848632950635623,0.009051560185767566,0.9836318611768852,3.5322000219967,-0.026079817868895704,-0.03553704045138392,1.3907609112158172,20.0,0.0,2.0,38.61145547361429,2.0009087867312263,1.5509087867312263,0,0,0
0.992365837,1787250877.005044699,1787250877.004983187,-18.575929866003737,0.05208466579640197,1.9999497104279491,0.025508671167418902,0.0,0.0,0.0,0.0,0.02229233498508744,0.17546995815856511,0.008187559633707259,0.9841983079908178,3.5656960614478526,-0.030372543119402396,-0.036332459595622014,1.4262539483994712,20.0,0.0,2.0,38.575965028003885,2.000668161203856,1.5506681612038562,0,0,0
1.002364635,1787250877.015043497,1787250877.014983416,-18.540108514430973,0.05175999785655436,1.9995825489806396,0.023188764008917426,0.0,0.0,0.0,0.0,0.021488272801766704,0.17225772416834012,0.0073167867810135035,0.984790330592021,3.5984493953229255,-0.03453849879773658,-0.03708654280020875,1.4620786527987977,20.0,0.0,2.0,38.540143273939165,2.000566816305379,1.550566816305379,0,0,0
1.012362003,1787250877.025040865,1787250877.024983406,-18.503963452651988,0.051394382350430916,1.999208209242063,0.020833027734047115,0.0,0.0,0.0,0.0,0.020586741856192265,0.16885816416516217,0.006440825973509009,0.9854042937877309,3.6304290352745303,-0.038558321384642165,-0.03777580166974342,1.498227501963672,20.0,0.0,2.0,38.50399776091607,1.9998029215109,1.5498029215109,0,0,0
1.022363901,1787250877.035042763,1787250877.034982920,-18.467502631684162,0.05098938773918459,1.9988272672420229,0.018450601954513698,0.0,0.0,0.0,0.0,0.019584193842393356,0.16527414084251188,0.005562639066122164,0.9860375118457376,3.66159927013741,-0.042411235613675456,-0.0383950745244606,1.5346925619950271,20.0,0.0,2.0,38.46753644323473,1.9996917806353742,1.5496917806353743,0,0,0
1.032363653,1787250877.045042515,1787250877.044983387,-18.430734245887898,0.05054677936399423,1.9984406259977556,0.01606033973270904,0.0,0.0,0.0,0.0,0.018490437900881923,0.161543448708229,0.004686769182098844,0.9866812312395119,3.691934953232527,-0.04607756855552665,-0.0389226376526602,1.5714656443745139,20.0,0.0,2.0,38.4307675188333,1.999288933432288,1.5492889334322881,0,0,0
1.042374372,1787250877.055053234,1787250877.054982901,-18.393666794594925,0.05006852043168959,1.9980491309757729,0.013680611756426344,0.0,0.0,0.0,0.0,0.017314227819920255,0.15769309476484555,0.0038183630107601605,0.9873289854361632,3.7214121733956302,-0.04953874556608956,-0.03935555809359405,1.6085382480774575,20.0,0.0,2.0,38.39369949089315,1.9986828756484196,1.5486828756484197,0,0,0
1.052372217,1787250877.065051079,1787250877.064983130,-18.356308862764582,0.04955673591776381,1.997653998152665,0.011333683834531186,0.0,0.0,0.0,0.0,0.016077834344621816,0.15378661999314933,0.0029620089899949132,0.9879688280794151,3.7500316039453163,-0.05278063471848065,-0.03964431961603027,1.645901774730828,20.0,0.0,2.0,38.356340948395896,1.998745779247218,1.5487457792472181,0,0,0
1.062363625,1787250877.075042486,1787250877.074983358,-18.31866898613208,0.04901367171255318,1.9972568300135174,0.009031304397200453,0.0,0.0,0.0,0.0,0.014809697548108364,0.14991684653113685,0.0021166878243882147,0.9885854194845012,3.777804473509816,-0.05579353037032187,-0.03975812261350367,1.6835476639376403,20.0,0.0,2.0,38.318700431170114,1.997945585788768,1.547945585788768,0,0,0
1.072364807,1787250877.085043669,1787250877.084983110,-18.28075554087412,0.048441645112349566,1.9968593529709513,0.0067854410401741345,0.0,0.0,0.0,0.0,0.013542568174759616,0.14618291248819207,0.0012819572826654592,0.9891640468239973,3.804746518547766,-0.058572567230023936,-0.039720357458566564,1.7214675074731698,20.0,0.0,2.0,38.28078631946855,1.9975393763418203,1.5475393763418204,0,0,0
1.082369566,1787250877.095048428,1787250877.094983339,-18.24257673800849,0.047843001250366925,1.996462804565941,0.004603537984885651,0.0,0.0,0.0,0.0,0.012288811255436627,0.1426163925826707,0.000460304705058001,0.9897016408010104,3.8308839585615817,-0.061117390652952214,-0.03956812743111731,1.7596530625085973,20.0,0.0,2.0,38.24260682833989,1.997490247165976,1.547490247165976,0,0,0
1.092349291,1787250877.105028152,1787250877.104983330,-18.204140416444645,0.04722006956738227,1.9960683280845644,0.0024954489152438386,0.0,0.0,0.0,0.0,0.01105853161571809,0.13923220078139426,-0.00034372201020555436,0.9901979524313578,3.8562540160094394,-0.06343049125034815,-0.0393178040996089,1.7980964555812105,20.0,0.0,2.0,38.20416980059157,1.9966311424402097,1.5466311424402097,0,0,0
1.102361679,1787250877.115040541,1787250877.114983082,-18.165454108044845,0.04657515454814585,1.995676688592856,0.00046871064279068743,0.0,0.0,0.0,0.0,0.009845834459113398,0.13599286789727813,-0.0011237726340039924,0.9906602528414796,3.8808886194170484,-0.065514594182017,-0.03899542948405965,1.8367901211413244,20.0,0.0,2.0,38.16548277186232,1.99651867356959,1.54651867356959,0,0,0
1.112352371,1787250877.125031233,1787250877.124983549,-18.126524966622995,0.04591053191060824,1.9952887471450007,-0.0014682092055659265,0.0,0.0,0.0,0.0,0.00864930139436769,0.1328737984283639,-0.0018741356750180977,0.9910934521487264,3.9048262307503134,-0.067372415241715,-0.0385752245892703,1.8757268682275883,20.0,0.0,2.0,38.12655289956555,1.9959934189220552,1.5459934189220552,0,0,0
1.122359037,1787250877.135037899,1787250877.134985924,-18.087359797995518,0.04522845348255678,1.9949055660909718,-0.0033170527258252285,0.0,0.0,0.0,0.0,0.0074674144839905485,0.12987525999228386,-0.0025944474954658556,0.9914988267290357,3.928099449239162,-0.06900606786619173,-0.03804076602512105,1.9148998498899648,20.0,0.0,2.0,38.08738699291705,1.995458138722726,1.545458138722726,0,0,0
1.132356882,1787250877.145035744,1787250877.144982815,-18.047965113706827,0.04453115198879561,1.9945282353889329,-0.0050787045413151445,0.0,0.0,0.0,0.0,0.006302059006200877,0.1270069141438917,-0.003284482240238658,0.9918763733391083,3.9507309754093494,-0.07041721453996312,-0.037418281415869996,1.9543025117040802,20.0,0.0,2.0,38.047991566672174,1.9956023319820795,1.5456023319820795,0,0,0
1.142365217,1787250877.155044079,1787250877.154982805,-18.00834725780842,0.043820850201069385,1.9941573862687312,-0.006753613390858628,0.0,0.0,0.0,0.0,0.005134302027461121,0.12422260238048675,-0.003940939419767065,0.9922332654154465,3.972738338254387,-0.07160591473401022,-0.036739944164587084,1.9939284699093587,20.0,0.0,2.0,38.00837296798168,1.9946563791482894,1.5446563791482895,0,0,0
1.152363300,1787250877.165042162,1787250877.164982796,-17.96851237867327,0.043099785431342394,1.9937936015770488,-0.00833832793486484,0.0,0.0,0.0,0.0,0.003949312294764361,0.1214783956172396,-0.004559643744963893,0.9925757462176773,3.9941351140801746,-0.0725689511517399,-0.03601489412708302,2.033771535421641,20.0,0.0,2.0,37.96853734818278,1.994507648625447,1.544507648625447,0,0,0
1.162365913,1787250877.175044775,1787250877.174982786,-17.928466589532434,0.042370247074900454,1.9934371939976725,-0.009827933265612206,0.0,0.0,0.0,0.0,0.0027226629262755786,0.118701668116566,-0.00513496115568901,0.9929129535195238,4.0149212070446,-0.07329906518751915,-0.035258119975715,2.073825554951378,20.0,0.0,2.0,37.92849082341054,1.9940909557567774,1.5440909557567775,0,0,0
1.172372580,1787250877.185051441,1787250877.184983015,-17.888216018062806,0.04163461701082594,1.9930885552141575,-0.011216933151425142,0.0,0.0,0.0,0.0,0.0014427889755243882,0.11584325700061172,-0.005663170296414399,0.993250314205667,4.035087207384691,-0.07378524104590134,-0.03446945189653938,2.1140843577679562,20.0,0.0,2.0,37.88823952416889,1.9935580954815695,1.5435580954815695,0,0,0
1.182373524,1787250877.195052385,1787250877.194982767,-17.847766986351814,0.04089539980037447,1.9927478889797168,-0.012509209134110437,0.0,0.0,0.0,0.0,9.741005796741715e-05,0.11284029681003535,-0.006145530399924743,0.9935941275909431,4.054610532540939,-0.07401410304302944,-0.03365565032842645,2.154541577913739,20.0,0.0,2.0,37.84778977536233,1.9937403126929536,1.5437403126929536,0,0,0
1.192384720,1787250877.205063581,1787250877.204982996,-17.807126039546407,0.040155240117441,1.992415572770132,-0.013706965636356955,0.0,0.0,0.0,0.0,-0.001309817177418,0.10966798685833251,-0.006584674022830796,0.9939456016832187,4.073463471536473,-0.07397146613869758,-0.03280547848095282,2.195190622523168,20.0,0.0,2.0,37.80714812488497,1.992833017614352,1.542833017614352,0,0,0
1.202394962,1787250877.215073824,1787250877.214982748,-17.766300068093216,0.0394169198561754,1.992091902555319,-0.014806844840680405,0.0,0.0,0.0,0.0,-0.002774731128793024,0.10630059910248336,-0.0069807099782250685,0.9943056638608754,4.091610939997605,-0.0736440716309387,-0.03191851057991581,2.2360245523403304,20.0,0.0,2.0,37.766321465888545,1.992766455937256,1.542766455937256,0,0,0
1.212362051,1787250877.225040913,1787250877.224988699,-17.725296282013545,0.03868334524439882,1.9917773789003053,-0.015802993589384046,0.0,0.0,0.0,0.0,-0.004279261238549276,0.10275378214663002,-0.007333812006382626,0.9946705803326397,4.1090196475984735,-0.07302086292633002,-0.03098123017422805,2.2770361059527944,20.0,0.0,2.0,37.725317010972915,1.9881268950931679,1.538126895093168,0,0,0
1.222375154,1787250877.235054016,1787250877.234983206,-17.684122246038598,0.0379575138837156,1.9914724516313977,-0.016687291367145737,0.0,0.0,0.0,0.0,-0.005807630577753207,0.09904163528641799,-0.00764247297059643,0.9950369935403197,4.125657209098598,-0.07209438954686737,-0.02999205990062561,2.3182176679711266,20.0,0.0,2.0,37.68414232732811,1.9825259402763897,1.5325259402763898,0,0,0
1.232361794,1787250877.245040655,1787250877.244982719,-17.642785787914924,0.03724248044536536,1.9911777564402173,-0.01745276318194446,0.0,0.0,0.0,0.0,-0.00733502005571677,0.09521250415374544,-0.007905937177523772,0.9953985496728938,4.141499640043401,-0.0708612161645375,-0.02893963413805138,2.3595613602141263,20.0,0.0,2.0,37.64280524494928,1.9777360887120816,1.5277360887120817,0,0,0
1.242364883,1787250877.255043745,1787250877.254983664,-17.60129496194036,0.03654130829212967,1.9908938673758962,-0.01809200492168856,0.0,0.0,0.0,0.0,-0.008842987111783655,0.0913046668613723,-0.008122062489905824,0.9957506171171498,4.156529704225268,-0.06932254932390239,-0.02782492178637638,2.401059081542421,20.0,0.0,2.0,37.6013138201806,1.9737712053257679,1.523771205325768,0,0,0
1.252367258,1787250877.265046120,1787250877.264983416,-17.55965791137696,0.03585703149275025,1.9906215438903025,-0.018604094867958266,0.0,0.0,0.0,0.0,-0.010306018407069944,0.08738928750044356,-0.008291561930677064,0.9960864161384331,4.170744932998063,-0.0674834915086087,-0.026625420582687544,2.4427026449638944,20.0,0.0,2.0,37.55967619804261,1.9706436325856056,1.5206436325856056,0,0,0
1.262346745,1787250877.275025606,1787250877.274983406,-17.51788274025238,0.03519260350084479,1.9903616726864342,-0.01900378885905116,0.0,0.0,0.0,0.0,-0.011694286219504682,0.0835658919918742,-0.008422058437560954,0.9963980400909533,4.18415773989044,-0.06535514486351438,-0.025332140939398007,2.4844839077510223,20.0,0.0,2.0,37.51790048400925,1.968364151542631,1.518364151542631,0,0,0
1.272369146,1787250877.285048008,1787250877.284983158,-17.475977334056655,0.034550833593359746,1.9901151675039535,-0.019309497718262618,0.0,0.0,0.0,0.0,-0.01297974615516448,0.07993503298781117,-0.008521914719216947,0.9966791327506077,4.1967974485034825,-0.06295549739970766,-0.023961108503858172,2.5263949528566716,20.0,0.0,2.0,37.47599456469092,1.9669419790371652,1.5169419790371652,0,0,0
1.282359362,1787250877.295038223,1787250877.294983864,-17.433949229768167,0.03393432413201298,1.9898826292055714,-0.019531589494779383,0.0,0.0,0.0,0.0,-0.014154871122978122,0.07652734255051746,-0.008594344229050109,0.9969299587799136,4.208705673499641,-0.060306687759218644,-0.02253649882407497,2.568428221918929,20.0,0.0,2.0,37.43396597792447,1.966384799351653,1.516384799351653,0,0,0
1.292351723,1787250877.305030584,1787250877.304983139,-17.391805500510657,0.033345454942636465,1.989664582567427,-0.019677347296065715,0.0,0.0,0.0,0.0,-0.015219780270148175,0.07335159328009533,-0.008640796514421883,0.9971525654018026,4.219929547779269,-0.05743136313298527,-0.021070303324983032,2.6105766290891763,20.0,0.0,2.0,37.391821797396254,1.9666987730759407,1.5166987730759407,0,0,0
1.302378654,1787250877.315057516,1787250877.314983368,-17.34955277650033,0.03278638041933788,1.9894613037189204,-0.019746642204019654,0.0,0.0,0.0,0.0,-0.01618972831947598,0.0703638969673852,-0.008659097275229026,0.9973524125076767,4.230511740496358,-0.054350846162189895,-0.01957994605715828,2.652833540629249,20.0,0.0,2.0,37.34956865367315,1.9678658598730672,1.5178658598730672,0,0,0
1.312344074,1787250877.325022936,1787250877.324983358,-17.30719728032646,0.03225906420216875,1.9892730931582219,-0.019740058735487023,0.0,0.0,0.0,0.0,-0.017078322215187968,0.06752875224458516,-0.008647856870912995,0.997533665147269,4.240489271349186,-0.051082439160769724,-0.01805754573869974,2.695192737289986,20.0,0.0,2.0,37.30721276947598,1.9677833388795056,1.5177833388795057,0,0,0
1.322354078,1787250877.335032940,1787250877.334983110,-17.26474490362321,0.03176530589133685,1.9891002643995592,-0.01966183927846606,0.0,0.0,0.0,0.0,-0.017890679749307643,0.06483225614923602,-0.008607992711806903,0.9976986542048562,4.249892990561749,-0.0476417456637065,-0.01650178694738581,2.7376483370950044,20.0,0.0,2.0,37.26476003640714,1.968580575784312,1.518580575784312,0,0,0
1.332381487,1787250877.345060349,1787250877.344983339,-17.22220124112506,0.031306751469232084,1.9889431216041882,-0.0195175435165664,0.0,0.0,0.0,0.0,-0.018629339874874525,0.06226845238679359,-0.00854125293642406,0.9978490038735601,4.258750097503339,-0.04404443504504626,-0.014928763870109756,2.7801947609726083,20.0,0.0,2.0,37.22221604904871,1.9688494667196264,1.5188494667196264,0,0,0
1.342371702,1787250877.355050564,1787250877.354982853,-17.179571654242036,0.030884890492706683,1.9888016819099112,-0.019304669756899456,0.0,0.0,0.0,0.0,-0.019304787855178463,0.05977886840305511,-0.008446127699097196,0.9979892158661873,4.267080994302766,-0.040305048935782545,-0.013357858639950627,2.8228266697932076,20.0,0.0,2.0,37.17958616864511,1.9692529206021603,1.5192529206021603,0,0,0
1.352377176,1787250877.365056038,1787250877.364983082,-17.136861338667444,0.030501084690900033,1.9886759477727927,-0.019020769467061292,0.0,0.0,0.0,0.0,-0.01992746694045761,0.05730937517928091,-0.008321325335107318,0.9981228817748669,4.274896037618383,-0.036435398262444386,-0.011793821683890105,2.8655388948868263,20.0,0.0,2.0,37.13687559068128,1.9698763772704362,1.5198763772704362,0,0,0
1.362396955,1787250877.375075817,1787250877.374983311,-17.09407546248242,0.030156584775129433,1.9885657530504983,-0.01865849345446509,0.0,0.0,0.0,0.0,-0.020511055826484395,0.05478252927806365,-0.008163687201881242,0.9982542388019452,4.282191896060645,-0.03244498273907469,-0.010245546660069308,2.9083262998559185,20.0,0.0,2.0,37.094089483069254,1.9698855111841118,1.5198855111841119,0,0,0
1.372399807,1787250877.385078669,1787250877.384983778,-17.051219282202783,0.029852565110031603,1.9884709838951773,-0.018213269183392878,0.0,0.0,0.0,0.0,-0.02106422975676765,0.05214716080702397,-0.00797138166157133,0.9983854110106608,4.28895276132489,-0.02834060463502137,-0.008715308460261676,2.9511836632525412,20.0,0.0,2.0,37.0512331021753,1.9707849778861108,1.520784977886111,0,0,0
1.382354498,1787250877.395033360,1787250877.394983053,-17.008298280680524,0.029590132412509036,1.988391361575429,-0.017676117604348243,0.0,0.0,0.0,0.0,-0.021587827226846268,0.049342762317601936,-0.007741144303408327,0.99851856878446,4.295151264867849,-0.02412832194343177,-0.007210748579932419,2.9941055409177637,20.0,0.0,2.0,37.00831193081147,1.9704615368574134,1.5204615368574135,0,0,0
1.392342329,1787250877.405021191,1787250877.404983044,-16.965318245388357,0.029370339096544962,1.9883267082759954,-0.017043602281314518,0.0,0.0,0.0,0.0,-0.022077382828789464,0.046347857427340274,-0.007471881610519725,0.9986534114819438,4.300752948545925,-0.019814046605023415,-0.005726392510514489,3.0370861868280663,20.0,0.0,2.0,36.96533175646338,1.9709693935409252,1.5209693935409252,0,0,0
1.402363300,1787250877.415042162,1787250877.414983273,-16.922285340902217,0.029194166383425712,1.9882767600375826,-0.016311971037318265,0.0,0.0,0.0,0.0,-0.022524310888951293,0.04314265703105077,-0.0071624210342496174,0.9987893002471578,4.305718825425847,-0.015405369181448848,-0.004264302346017585,3.080119480917231,20.0,0.0,2.0,36.922298743831064,1.9723723371643147,1.5223723371643147,0,0,0
1.412346840,1787250877.425025702,1787250877.424983263,-16.879206115041146,0.029062516712178726,1.9882413800209329,-0.015484697363480234,0.0,0.0,0.0,0.0,-0.0229192970521726,0.03974877441167009,-0.006814102172732655,0.9989235750381427,4.310010907083887,-0.010911341854693566,-0.00281668449460402,3.123198922466196,20.0,0.0,2.0,36.879219440908855,1.9725634483311751,1.5225634483311752,0,0,0
1.422353029,1787250877.435031891,1787250877.434983253,-16.83608748278162,0.02897618617839374,1.988220376611008,-0.014565234916989486,0.0,0.0,0.0,0.0,-0.023252666768487508,0.03618751645058474,-0.006428081673335506,0.9990537807882484,4.313595184292141,-0.006343391980229941,-0.0013841789570849046,3.1663176462649902,20.0,0.0,2.0,36.836100762947666,1.9713893566868725,1.5213893566868726,0,0,0
1.432395935,1787250877.445074797,1787250877.444982767,-16.79293665806891,0.028935852807727484,1.9882136740204321,-0.013563641822799353,0.0,0.0,0.0,0.0,-0.023517720184957236,0.03251308749817378,-0.0060077217648732886,0.9991765225713793,4.3164457241888385,-0.00171437714022158,4.001534043828042e-05,3.2094684903481867,20.0,0.0,2.0,36.792949924214135,1.9711120388879244,1.5211120388879245,0,0,0
1.442353964,1787250877.455032825,1787250877.454982758,-16.749761069617165,0.028942053956258696,1.9882211449819485,-0.012488836360228914,0.0,0.0,0.0,0.0,-0.02370960224002883,0.02876949015679363,-0.005555854814020015,0.9992893993608776,4.318546181536899,0.00296120488137868,0.0014544434980527854,3.2526440798916316,20.0,0.0,2.0,36.749774353836,1.971721140579562,1.521721140579562,0,0,0
1.452392817,1787250877.465071678,1787250877.464983225,-16.706568251326868,0.02899518404841938,1.9882427742831799,-0.011355784753556171,0.0,0.0,0.0,0.0,-0.023828406443697697,0.02503141910222671,-0.005077367847111841,0.999389741512203,4.3198921514301425,0.007668900946493505,0.0028714791106863617,3.295836936274279,20.0,0.0,2.0,36.706581586172966,1.9710508234859394,1.5210508234859395,0,0,0
1.462380171,1787250877.475059032,1787250877.474985600,-16.66336570042086,0.029095490203581834,1.9882785965452727,-0.01018198392094928,0.0,0.0,0.0,0.0,-0.0238773185157357,0.021402442321705694,-0.004577659376781546,0.9994752894182999,4.320496701559303,0.012394089990900385,0.004294924812552977,3.3390396184751014,20.0,0.0,2.0,36.66337911897437,1.9712798141919248,1.5212798141919248,0,0,0
1.472376347,1787250877.485055208,1787250877.484982967,-16.620160676909627,0.029243076911779162,1.9883286733421546,-0.008986933033580755,0.0,0.0,0.0,0.0,-0.02386349582695334,0.017984704923890153,-0.004063202298782509,0.9995451837424844,4.320393815179025,0.017122577805005736,0.005717183063602934,3.382244923081461,20.0,0.0,2.0,36.62017421285829,1.9724080483265516,1.5224080483265516,0,0,0
1.482370138,1787250877.495049000,1787250877.494982719,-16.576960023850447,0.029437908668968744,1.988392896265407,-0.0077818130132123195,0.0,0.0,0.0,0.0,-0.02379210736507287,0.0148119104267686,-0.0035381857325047033,0.9996009324617302,4.3196310957945485,0.021841176632458947,0.007126216867049513,3.425446063213837,20.0,0.0,2.0,36.576973711635546,1.972098508168163,1.522098508168163,0,0,0
1.492369413,1787250877.505048275,1787250877.504983187,-16.533770081685216,0.02967982905451805,1.988471144943099,-0.006576805670657056,0.0,0.0,0.0,0.0,-0.023670654190528623,0.011892895015519454,-0.0030070167892556634,0.9996445453401781,4.318260253562802,0.02653834988185356,0.008518229107607883,3.4686367537913734,20.0,0.0,2.0,36.53378395660912,1.9706432728808587,1.5206432728808588,0,0,0
1.502381563,1787250877.515060425,1787250877.514983892,-16.490596684037335,0.0299685694729469,1.9885631790437814,-0.005375317636178213,0.0,0.0,0.0,0.0,-0.023503978092316823,0.009184602338942274,-0.002472118508303443,0.9996784956793822,4.316329473805946,0.031203700849923934,0.009885654539832405,3.5118112150591982,20.0,0.0,2.0,36.49061078240684,1.9700870692660124,1.5200870692660124,0,0,0
1.512368917,1787250877.525047779,1787250877.524982691,-16.447445227106964,0.030303768389622024,1.9886687961665628,-0.004181415518139758,0.0,0.0,0.0,0.0,-0.02329923172222276,0.006650085819225235,-0.0019361495088738748,0.9997045430950239,4.313878062772135,0.0358286653870851,0.011233870863941193,3.554964103125978,20.0,0.0,2.0,36.44745958633498,1.9703001615930633,1.5203001615930634,0,0,0
1.522365332,1787250877.535044193,1787250877.534982920,-16.404320743391306,0.030684983272102003,1.9887877965187497,-0.0029947024972703466,0.0,0.0,0.0,0.0,-0.023061790575736676,0.004278935396263862,-0.0013990013770799573,0.9997239055471578,4.310940461820605,0.04040581380585002,0.012563997056825274,3.5980904359356725,20.0,0.0,2.0,36.40433540211133,1.9693516752314635,1.5193516752314635,0,0,0
1.532395124,1787250877.545073986,1787250877.544982672,-16.361227925880133,0.031111703656570514,1.9889199991092785,-0.0018164755354415352,0.0,0.0,0.0,0.0,-0.022797859511566022,0.0020670366776474654,-0.0008613316706269128,0.9997375871041447,4.307550303781851,0.044928627412805816,0.013869836489827645,3.641185568942344,20.0,0.0,2.0,36.361242924057606,1.9693011791112165,1.5193011791112165,0,0,0
1.542392254,1787250877.555071115,1787250877.554982901,-16.318171149923923,0.031583354208832085,1.9890650820851672,-0.0006443039099146091,0.0,0.0,0.0,0.0,-0.022505206001242336,-3.447076065260667e-05,-0.0003230095301501801,0.999746673002442,4.303735991955134,0.049390938352970384,0.015142302644017842,3.6842451725059693,20.0,0.0,2.0,36.31818652900857,1.968530894417121,1.518530894417121,0,0,0
1.552399397,1787250877.565078259,1787250877.564982891,-16.275154557661686,0.03209930038062532,1.9892227335109571,0.000521481447770846,0.0,0.0,0.0,0.0,-0.02218266851642221,-0.0020739808649983017,0.0002147853686401007,0.9997517600325131,4.299515835671242,0.05378657075025856,0.016380180676580272,3.7272651476835517,20.0,0.0,2.0,36.275170360686126,1.9680870334235303,1.5180870334235304,0,0,0
1.562398434,1787250877.575077295,1787250877.574982643,-16.23218216204008,0.032658840084307514,1.9893925550513039,0.0016823758105965999,0.0,0.0,0.0,0.0,-0.021823821348267665,-0.00411964512222542,0.0007514383561594922,0.9997530618538873,4.2948966079926425,0.05810850205929533,0.017578810871480433,3.7702415215358847,20.0,0.0,2.0,36.232198433727135,1.9676329433699862,1.5176329433699862,0,0,0
1.572384357,1787250877.585063219,1787250877.584983110,-16.189257971845077,0.033261198782426345,1.989574176641425,0.0028381755800862725,0.0,0.0,0.0,0.0,-0.0214250367256092,-0.0062210334412723745,0.0012860123445507458,0.9997502751769957,4.289873158387119,0.06234884886517774,0.01873634588178898,3.8131703221981432,20.0,0.0,2.0,36.18927475866143,1.9667957742399034,1.5167957742399034,0,0,0
1.582387209,1787250877.595066071,1787250877.594983816,-16.14638609833529,0.033905513657016134,1.9897671306904614,0.003999347368648403,0.0,0.0,0.0,0.0,-0.02097429797194361,-0.008439322298465148,0.001822846309255989,0.999742733854595,4.284429528138964,0.06649809448126993,0.019848364456528416,3.856047471254041,20.0,0.0,2.0,36.14640344855069,1.9666682169526513,1.5166682169526513,0,0,0
1.592385292,1787250877.605064154,1787250877.604982853,-16.103570866287274,0.034590820051681466,1.9899710047502406,0.005171656333373717,0.0,0.0,0.0,0.0,-0.020465280695070743,-0.010805115910570061,0.0023647287184979564,0.9997293782891044,4.278540261094226,0.0705450640358874,0.020917507618091764,3.898868672834711,20.0,0.0,2.0,36.10358882995712,1.9654380106563203,1.5154380106563203,0,0,0
1.602372646,1787250877.615051508,1787250877.614995956,-16.060816881662586,0.035316030910128964,1.9901853293051592,0.006356712461486003,0.0,0.0,0.0,0.0,-0.019888161943327296,-0.013347427248920834,0.002912604780493436,0.9997088695884134,4.272174331584958,0.074476774021703,0.02194107815245936,3.9416293448019775,20.0,0.0,2.0,36.06083551060072,1.9650991763309844,1.5150991763309845,0,0,0
1.612355947,1787250877.625034809,1787250877.624983072,-16.018129080476175,0.03607992500044358,1.990409686471227,0.007548806758572565,0.0,0.0,0.0,0.0,-0.019242235015867283,-0.0160590191753333,0.0034645353330608067,0.9996798694030237,4.26529828653695,0.07827929228663928,0.022921769697921108,3.9843245698330003,20.0,0.0,2.0,36.018148428159726,1.9640271634218187,1.5140271634218188,0,0,0
1.622365952,1787250877.635044813,1787250877.634982824,-15.975512721029517,0.036881138417947656,1.9906436159894505,0.00874004470208998,0.0,0.0,0.0,0.0,-0.018525724573093993,-0.01892970610569184,0.00401761602921278,0.9996410968528834,4.257880863035471,0.08193831707270219,0.02385774996670125,4.02694910218758,20.0,0.0,2.0,35.9755328424924,1.9632938734311642,1.5132938734311643,0,0,0
1.632386684,1787250877.645065546,1787250877.644983292,-15.932973357016726,0.03771816763001795,1.9908867036354472,0.00991796895239269,0.0,0.0,0.0,0.0,-0.01774656834290429,-0.021918528129013147,0.004567060827209677,0.9995918063850407,4.249895631053454,0.08544026380261276,0.02475162896309419,4.069497394751656,20.0,0.0,2.0,35.932994308690915,1.9625800134643416,1.5125800134643417,0,0,0
1.642371178,1787250877.655050039,1787250877.654982805,-15.890516763044241,0.03858937930912024,1.9911385045117818,0.011070184797940424,0.0,0.0,0.0,0.0,-0.0169112390509632,-0.024989104792300838,0.005107912264350341,0.9995316222450095,4.241324296754745,0.08877295561585918,0.025602205637056456,4.111963672964087,20.0,0.0,2.0,35.890538602599115,1.9614535614205701,1.5114535614205702,0,0,0
1.652394772,1787250877.665073633,1787250877.664983034,-15.848148857225556,0.03949302945761846,1.9913986188658257,0.012184001170221673,0.0,0.0,0.0,0.0,-0.01603702839643751,-0.028078033648403864,0.005635057061760462,0.9994611967848285,4.2321576595748995,0.0919266060268527,0.02641365534480699,4.154342012791515,20.0,0.0,2.0,35.84817164337583,1.9611169927843453,1.5111169927843453,0,0,0
1.662393093,1787250877.675071955,1787250877.674983263,-15.805875576902677,0.04042729617907706,1.9916666506237395,0.013255825617573228,0.0,0.0,0.0,0.0,-0.015150824634010024,-0.031101457132837195,0.006147560391548985,0.9993824890292785,4.222401507976007,0.0948958845002473,0.02718692986862163,4.196626465307621,20.0,0.0,2.0,35.805899369232776,1.9595992310762143,1.5095992310762143,0,0,0
1.672395229,1787250877.685074091,1787250877.684983253,-15.76370271668872,0.041390334207707206,1.9919422349461977,0.014283060158174087,0.0,0.0,0.0,0.0,-0.01428256991397684,-0.03397576144417123,0.006644296087376624,0.9992985085350845,4.212078896942968,0.0976814355938906,0.027923021845061066,4.238811219989726,20.0,0.0,2.0,35.76372757550632,1.9589625461286364,1.5089625461286365,0,0,0
1.682405949,1787250877.695084810,1787250877.694983482,-15.721635773447224,0.04238032984688977,1.992224985154094,0.015264589342878143,0.0,0.0,0.0,0.0,-0.013447839822074766,-0.03667443620459725,0.007124006237230426,0.9992113839765472,4.201224018762282,0.10028855371773879,0.02862129027774336,4.280890760775349,20.0,0.0,2.0,35.72166175969475,1.9577546676670994,1.5077546676670994,0,0,0
1.692347527,1787250877.705026388,1787250877.704982519,-15.67967988716914,0.043395537101357566,1.992514542929244,0.016198256281906263,0.0,0.0,0.0,0.0,-0.012657790906783973,-0.03918914073937899,0.007584630312324466,0.9991228477822408,4.1898738465892285,0.10272525176626081,0.029283887159269096,4.322859926633799,20.0,0.0,2.0,35.67970706235647,1.9567242921618853,1.5067242921618853,0,0,0
1.702381372,1787250877.715060234,1787250877.714983225,-15.63783983156874,0.04443429691621715,1.9928105462815757,0.01708302660736353,0.0,0.0,0.0,0.0,-0.011910699682285747,-0.04155414266699217,0.008024563813555798,0.999033029902361,4.178062888852614,0.10500053072204246,0.02991143183496455,4.364713921575526,20.0,0.0,2.0,35.63786825773302,1.9559449714412045,1.5059449714412045,0,0,0
1.712380171,1787250877.725059032,1787250877.724984407,-15.596120073661448,0.04549503789732292,1.993112657242806,0.017918095627236466,0.0,0.0,0.0,0.0,-0.01120475746205101,-0.0437970587704224,0.008442552923652692,0.9989419374285015,4.165818572370508,0.10712284868072373,0.030504280865787096,4.40644825566995,20.0,0.0,2.0,35.59614981332232,1.9545209487654331,1.5045209487654332,0,0,0
1.722367525,1787250877.735046387,1787250877.734982729,-15.554524824866288,0.046576271013678755,1.9934205115297312,0.018709867446464967,0.0,0.0,0.0,0.0,-0.010537969993631557,-0.04592751420507697,0.008841276922672711,0.9988500620462175,4.1531648277864015,0.10910029615709478,0.031060975782290796,4.448058693803249,20.0,0.0,2.0,35.55455594098629,1.9539640684730484,1.5039640684730484,0,0,0
1.732358694,1787250877.745037556,1787250877.744982958,-15.513058065538392,0.04767658753457872,1.993733767247343,0.01946395959259084,0.0,0.0,0.0,0.0,-0.009908635800575685,-0.04794926323973015,0.009223140150364191,0.9987580391551827,4.140124421543636,0.11094081173101969,0.03158471374022366,4.489541231752951,20.0,0.0,2.0,35.513090621473275,1.9523771371354313,1.5023771371354313,0,0,0
1.742354631,1787250877.755033493,1787250877.754982948,-15.471723564420444,0.04879465242131936,1.9940521028280216,0.020184099691698213,0.0,0.0,0.0,0.0,-0.00930304635879957,-0.04990839724858652,0.009589789457646663,0.998664428699992,4.126715289726568,0.11265077623420208,0.03207747560632582,4.530892076838663,20.0,0.0,2.0,35.47175762386531,1.951419289314701,1.5014192893147011,0,0,0
1.752351761,1787250877.765030622,1787250877.764983177,-15.43052495916909,0.04992918006547614,1.9943752192241628,0.020871066879720186,0.0,0.0,0.0,0.0,-0.008708452832074913,-0.05184797934947127,0.00994159717329746,0.9985675312828333,4.112946012246662,0.11423374539454242,0.03254093781861177,4.572107567031523,20.0,0.0,2.0,35.43056058607434,1.9503178298267176,1.5003178298267177,0,0,0
1.762366533,1787250877.775045395,1787250877.774982929,-15.389465848809879,0.05107890586298647,1.9947028257378774,0.02152420411052355,0.0,0.0,0.0,0.0,-0.00810688998290376,-0.053829061947552874,0.010278510436346387,0.9984643522168739,4.098814988055406,0.11569016287684818,0.03297555512951781,4.613184077824519,20.0,0.0,2.0,35.38950310725993,1.9489567597901962,1.4989567597901963,0,0,0
1.772376537,1787250877.785055399,1787250877.784982681,-15.348549903867124,0.05224255265655366,1.9950346310471163,0.02214213925883231,0.0,0.0,0.0,0.0,-0.007486030192997971,-0.05589116377685286,0.010600272139735132,0.9983525286161107,4.084310381316624,0.11701729456573069,0.03338038968861964,4.654117911253383,20.0,0.0,2.0,35.34858885790749,1.948368754424049,1.4983687544240492,0,0,0
1.782374620,1787250877.795053482,1787250877.794983387,-15.307780951855339,0.05341880257400134,1.9953703289021687,0.022729306765139897,0.0,0.0,0.0,0.0,-0.0068302647082830095,-0.05807725776006761,0.010909863743494353,0.9982291092170094,4.069412374434016,0.11820958427622719,0.03375374056017434,4.694905209583347,20.0,0.0,2.0,35.30782166527017,1.9466022532275364,1.4966022532275365,0,0,0
1.792374849,1787250877.805053711,1787250877.804982901,-15.267163052816038,0.05460626839858619,1.9957095939287692,0.023288382774066526,0.0,0.0,0.0,0.0,-0.006132769897400355,-0.06039952015230975,0.01120936195213581,0.998092499372369,4.054095390467024,0.11925905641654568,0.03409359985087971,4.735541878962242,20.0,0.0,2.0,35.26720558884763,1.9456755783441981,1.4956755783441982,0,0,0
1.802387476,1787250877.815066338,1787250877.814983130,-15.226700531885866,0.05580347668631751,1.9960520806320734,0.023817919612246167,0.0,0.0,0.0,0.0,-0.005386733454096984,-0.06286637510071114,0.011498941777146398,0.997941168768178,4.0383320912563985,0.12015640463476417,0.03439731626395595,4.776023556358945,20.0,0.0,2.0,35.226744952908234,1.9443838705154946,1.4943838705154946,0,0,0
1.812401772,1787250877.825080633,1787250877.824983120,-15.186397986243133,0.0570088568251819,1.996397408616275,0.024313756949550503,0.0,0.0,0.0,0.0,-0.004595311427556097,-0.06545553748385845,0.011777121302195985,0.9977754031541449,4.0220963783029955,0.12089189139296733,0.034661738569695656,4.816345602164936,20.0,0.0,2.0,35.18644435339718,1.9430420918523579,1.493042091852358,0,0,0
1.822415113,1787250877.835093975,1787250877.834983587,-15.14626025098789,0.05822074512710544,1.9967451760257684,0.024769954026789925,0.0,0.0,0.0,0.0,-0.003762098659169419,-0.06814372814493594,0.012041461029971771,0.9975957508652749,4.005366887302601,0.12145661245753064,0.03488431219206111,4.856503134544894,20.0,0.0,2.0,35.146308623797374,1.9423329385204984,1.4923329385204984,0,0,0
1.832397461,1787250877.845076323,1787250877.844983101,-15.106292344073674,0.059437395204719884,1.9970949453927356,0.02518013522351186,0.0,0.0,0.0,0.0,-0.0028990585278357147,-0.07088528487238345,0.012288769997086174,0.9974045608378639,3.9881289981884516,0.12184326554329089,0.03506232999958761,4.896491084718976,20.0,0.0,2.0,35.10634278005695,1.940574979552587,1.490574979552587,0,0,0
1.842373371,1787250877.855052233,1787250877.854983330,-15.06649938718257,0.06065700051063773,1.9974462700448847,0.025537641979594176,0.0,0.0,0.0,0.0,-0.0020166388252219037,-0.07364181655499463,0.01251555502114903,0.9972041801480988,3.9703765478224096,0.12204702905100194,0.035194556074574494,4.936304277058333,20.0,0.0,2.0,35.06655194148013,1.9396340138859465,1.4896340138859465,0,0,0
1.852395296,1787250877.865074158,1787250877.864983082,-15.026886518289022,0.06187771892509779,1.9977986647313832,0.02583859940474188,0.0,0.0,0.0,0.0,-0.0011323946053932237,-0.07635796315681137,0.012719014421148549,0.9969986990047456,3.9521129818480176,0.12206588208555814,0.03527521645143058,4.975937517115638,20.0,0.0,2.0,35.02694124332116,1.938310013166535,1.488310013166535,0,0,0
1.862394333,1787250877.875073195,1787250877.874983072,-14.987458780633183,0.06309770865206799,1.9981515882673087,0.026087548818983813,0.0,0.0,0.0,0.0,-0.00026838966540676035,-0.07896812405166535,0.012899841515102163,0.9967936383422767,3.9333539407926006,0.12190204957410196,0.035300118374551985,5.015385703723057,20.0,0.0,2.0,34.987515725812386,1.936943774361561,1.486943774361561,0,0,0
1.872391701,1787250877.885070562,1787250877.884982586,-14.948221000994772,0.06431517385029684,1.9985045025524173,0.02629089204222005,0.0,0.0,0.0,0.0,0.0005530212836442033,-0.08141072409819368,0.013059191791887532,0.9965949255735804,3.914126611547894,0.1215625107369974,0.035276322805446104,5.05464395280467,20.0,0.0,2.0,34.948280212515066,1.9362859510995811,1.4862859510995812,0,0,0
1.882379770,1787250877.895058632,1787250877.894982815,-14.909177694531975,0.06552840709961229,1.9988569839511185,0.02645211069710789,0.0,0.0,0.0,0.0,0.001323195328669421,-0.0836718128136293,0.013197456835104131,0.9964050903260625,3.894465464774323,0.1210574783867024,0.035213247227601656,5.093707695042219,20.0,0.0,2.0,34.9092392152426,1.9344937030921927,1.4844937030921928,0,0,0
1.892384052,1787250877.905062914,1787250877.904983282,-14.87033301726977,0.06673580987183832,1.999208652323306,0.02657359939725569,0.0,0.0,0.0,0.0,0.0020379191738867292,-0.08575310681819662,0.013314774811142032,0.996225360211331,3.874406433976767,0.12039837733550704,0.035116238558674344,5.132572723585926,20.0,0.0,2.0,34.87039688661207,1.9334919607522014,1.4834919607522015,0,0,0
1.902369499,1787250877.915048361,1787250877.914983273,-14.831690784605629,0.06793589865973822,1.9995592189073113,0.026655406679780246,0.0,0.0,0.0,0.0,0.002703532958388619,-0.08768958900144397,0.013411044129395708,0.9960538995384036,3.8539815234839687,0.11959642498262536,0.03499221192175621,5.171235176370227,20.0,0.0,2.0,34.831757038584705,1.9323240358996745,1.4823240358996745,0,0,0
1.912360668,1787250877.925039530,1787250877.924982786,-14.793254514558548,0.06912729520977229,1.9999083799615496,0.026698513728324928,0.0,0.0,0.0,0.0,0.0033253895175045568,-0.08950951971709134,0.013486710668710605,0.9958890983939482,3.833218228018806,0.1186615070198492,0.03483291426717702,5.209691491772425,20.0,0.0,2.0,34.79332318572323,1.930884490238926,1.480884490238926,0,0,0
1.922368765,1787250877.935047626,1787250877.934983015,-14.755027468109594,0.07030871632788833,2.000255733678959,0.026708353642709345,0.0,0.0,0.0,0.0,0.003904942398116231,-0.0912204913732276,0.013544186109317747,0.9957309518143596,3.8121405074047643,0.11760284820991902,0.034630630430032734,5.2479383673398985,20.0,0.0,2.0,34.75509858553193,1.930215288888824,1.480215288888824,0,0,0
1.932389975,1787250877.945068836,1787250877.944987774,-14.717012681949624,0.07147896985844257,2.0006008707039213,0.026690838841580727,0.0,0.0,0.0,0.0,0.00444253650645984,-0.09282351861605048,0.013586055888620394,0.9955799703421699,3.7907693290116447,0.1164294607702004,0.03439238799759491,5.285972727853518,20.0,0.0,2.0,34.71708627121275,1.928596163685087,1.478596163685087,0,0,0
1.942373991,1787250877.955052853,1787250877.954983473,-14.679212999527328,0.07263695019791566,2.000943488349768,0.026648159011837712,0.0,0.0,0.0,0.0,0.004946732915590791,-0.09434672419616955,0.013613903550834111,0.9954340194593625,3.769122555300027,0.11514940359575652,0.03412614054942305,5.323791695271261,20.0,0.0,2.0,34.67928908272616,1.9274753714047124,1.4774753714047124,0,0,0
1.952388048,1787250877.965066910,1787250877.964987993,-14.641631105230257,0.07378162336208163,2.0012833064376947,0.026581430089567346,0.0,0.0,0.0,0.0,0.00542600884907679,-0.09581690875101992,0.013628892737922541,0.9952908779387596,3.747213155992272,0.11376890191106108,0.03383430990611552,5.361392553398994,20.0,0.0,2.0,34.64170970096133,1.926668627069496,1.476668627069496,0,0,0
1.962411404,1787250877.975090265,1787250877.974983215,-14.604269590117852,0.0749120073437635,2.001620100031938,0.02648931585189093,0.0,0.0,0.0,0.0,0.0058922978078233355,-0.09727212328952572,0.01363144575928771,0.9951470235818438,3.7250474233389474,0.11229205724805838,0.033520056280308054,5.398772681934964,20.0,0.0,2.0,34.60435071344532,1.9250934082105764,1.4750934082105764,0,0,0
1.972385645,1787250877.985064507,1787250877.984983206,-14.567131010226671,0.07602715007314209,2.0019536334157904,0.02637095027510904,0.0,0.0,0.0,0.0,0.0063533744926846355,-0.09873863113100204,0.013621914396950362,0.9949998798005424,3.702625335072756,0.11072083057272712,0.03318424724888537,5.435929496978218,20.0,0.0,2.0,34.56721467261148,1.9242545932139834,1.4742545932139834,0,0,0
1.982387066,1787250877.995065928,1787250877.994982719,-14.530217957562837,0.0771261114835575,2.002283719806699,0.026225672924524563,0.0,0.0,0.0,0.0,0.006814145891696517,-0.10024793556389872,0.013600570912783497,0.9948461907761368,3.6799408455184257,0.10905584536257389,0.03282882436255348,5.472860380127286,20.0,0.0,2.0,34.53030416676407,1.923112667389451,1.473112667389451,0,0,0
1.992358208,1787250878.005037069,1787250878.004983187,-14.4935331000354,0.07820795500650328,2.0026101309090603,0.026053848372462465,0.0,0.0,0.0,0.0,0.0072741573813359,-0.10181340069772332,0.013567668067129978,0.9946843903751464,3.6569841406261228,0.10729727016583805,0.03245036646884437,5.509562637570449,20.0,0.0,2.0,34.49362185999387,1.9218046981363117,1.4718046981363118,0,0,0
2.002354622,1787250878.015033484,1787250878.014982700,-14.457079224006124,0.07927174633343577,2.0029326456664394,0.025854676482896723,0.0,0.0,0.0,0.0,0.007730811381807654,-0.10344590188246724,0.013522674863825995,0.9945131055967182,3.6337426459408895,0.10544555885774425,0.03204744642080073,5.5460334580344,20.0,0.0,2.0,34.45717053473212,1.9212099879647542,1.4712099879647542,0,0,0
2.012359381,1787250878.025038242,1787250878.024983406,-14.420859236809784,0.08031656024788623,2.00325097850374,0.02562849112786288,0.0,0.0,0.0,0.0,0.008178027683654679,-0.10513661064464092,0.013465169556122958,0.994332993606361,3.6102042001908328,0.10350210270496911,0.031614759087536914,5.582269909908365,20.0,0.0,2.0,34.42095309428524,1.9197995211465457,1.4697995211465458,0,0,0
2.022392988,1787250878.035071850,1787250878.034983635,-14.38487616527424,0.08134149138463029,2.00356483358604,0.025375096987109397,0.0,0.0,0.0,0.0,0.00860928198351088,-0.1068738421199527,0.013394351626558283,0.9941450867347039,3.5863582951494295,0.10146959578473322,0.031149910382889015,5.61826894358956,20.0,0.0,2.0,34.384972561389425,1.9187214231250556,1.4687214231250556,0,0,0
2.032393217,1787250878.045072079,1787250878.044982910,-14.349133116456551,0.08234566930777144,2.003873851099744,0.025095797378107968,0.0,0.0,0.0,0.0,0.009016958452712606,-0.10863086342468925,0.013309893785116048,0.9939521501054754,3.562198795649134,0.099352273178302,0.03064796453265163,5.654027430748679,20.0,0.0,2.0,34.34923203898492,1.9182875652870648,1.4682875652870648,0,0,0
2.042362690,1787250878.055041552,1787250878.054983377,-14.31363323988386,0.08332827298636789,2.00417766434997,0.02479152616423183,0.0,0.0,0.0,0.0,0.00939470179033722,-0.11038243798687161,0.013211335256497836,0.9937569710865356,3.5377243263198768,0.09715583460644737,0.030107502163220758,5.689542203015392,20.0,0.0,2.0,34.31373467250717,1.9167247642898393,1.4667247642898393,0,0,0
2.052371979,1787250878.065050840,1787250878.064983368,-14.27837966147306,0.08428854595213182,2.004475851097687,0.024465334000414247,0.0,0.0,0.0,0.0,0.00973560709035614,-0.11209347415925901,0.01309905088589686,0.9935636295031026,3.512940606790057,0.09488744040218601,0.029522283859609123,5.724810118041257,20.0,0.0,2.0,34.27848358385055,1.9158386820655873,1.4658386820655873,0,0,0
2.062355995,1787250878.075034857,1787250878.074983120,-14.243375416950563,0.08522581179773182,2.0047679515436827,0.02412292479632898,0.0,0.0,0.0,0.0,0.010028532553152954,-0.1137252074102914,0.012974114385701478,0.9933769063604324,3.487860380937274,0.09255612286128215,0.028889618850885097,5.7598281266157985,20.0,0.0,2.0,34.2434818048424,1.9152713563643293,1.4652713563643294,0,0,0
2.072364092,1787250878.085042953,1787250878.084982634,-14.208623380510637,0.086139495274029,2.005053505959109,0.02377120405558442,0.0,0.0,0.0,0.0,0.010264244175431871,-0.11524197691193201,0.012838318287448627,0.9932014446387435,3.462502131039287,0.09017290012825795,0.028216529998250583,5.794593344802097,20.0,0.0,2.0,34.20873220597611,1.9138866046486278,1.4638866046486279,0,0,0
2.082383633,1787250878.095062494,1787250878.094982862,-14.174126226495762,0.087029138781801,2.0053321815521277,0.023415610522962316,0.0,0.0,0.0,0.0,0.010435379927693755,-0.11663503701755143,0.012693062908659085,0.9930389001140267,3.436888249373498,0.08775040568465486,0.027513244633938845,5.8291030935810015,20.0,0.0,2.0,34.17423745817341,1.9131532584493398,1.4631532584493399,0,0,0
2.092350483,1787250878.105029345,1787250878.104983091,-14.139886385899949,0.08789441824890111,2.005603683599244,0.02306133598538059,0.0,0.0,0.0,0.0,0.010539618605699868,-0.11790483903939297,0.012540276320164273,0.99288977577602,3.4110430375345,0.08530235440444522,0.026784463813985204,5.863354941793097,20.0,0.0,2.0,34.139999989340744,1.9125297515027042,1.4625297515027043,0,0,0
2.102376699,1787250878.115055561,1787250878.114982843,-14.105906063352407,0.08873514666786024,2.005867808906877,0.02271225564496557,0.0,0.0,0.0,0.0,0.010577176740462229,-0.11906952568076899,0.012381696191704157,0.9927523684110626,3.384988407163574,0.08284252230113137,0.026037076647587788,5.897346689422302,20.0,0.0,2.0,34.10602200139521,1.9112829847624848,1.4612829847624849,0,0,0
2.112380028,1787250878.125058889,1787250878.124983072,-14.072187246309046,0.08955127434885038,2.0061243476841,0.022371694157761156,0.0,0.0,0.0,0.0,0.01055248762218441,-0.1201453012696916,0.012219334866415552,0.992625024590465,3.3587451188196513,0.0803843552161264,0.025266504499476917,5.931076357362256,20.0,0.0,2.0,34.07230547946406,1.9106609881044108,1.4606609881044108,0,0,0
2.122360945,1787250878.135039806,1787250878.134982824,-14.038731730026601,0.09034288153169401,2.0063730514667935,0.022040376538195912,0.0,0.0,0.0,0.0,0.010467755918901709,-0.12114092073154935,0.012053665181880198,0.992506933258412,3.3323310691717185,0.07794049183710487,0.02446971866189947,5.964542161778531,20.0,0.0,2.0,34.038852216852845,1.910060489307217,1.460060489307217,0,0,0
2.132363796,1787250878.145042658,1787250878.144983053,-14.005541145747129,0.09111017089613761,2.0066136741167657,0.021719330245626764,0.0,0.0,0.0,0.0,0.010327691374466095,-0.12206247311926487,0.011885635694930147,0.9923975126485405,3.3057605226933457,0.07552260304162395,0.02365322614708265,5.997742485828775,20.0,0.0,2.0,34.00566384323392,1.9089093285532672,1.4589093285532673,0,0,0
2.142380953,1787250878.155059814,1787250878.154982805,-13.972617003249317,0.09185345731136205,2.0068460764219207,0.021411064951464907,0.0,0.0,0.0,0.0,0.010131522271673563,-0.12292989595388887,0.011716368553805066,0.9922944722435655,3.2790447402060656,0.07314182841621356,0.02282480870547348,6.030675837385256,20.0,0.0,2.0,33.97274186720652,1.9083552933476577,1.4583552933476578,0,0,0
2.152377129,1787250878.165055990,1787250878.164982796,-13.93996070520955,0.09257316827362978,2.0070701332840555,0.02111895927674086,0.0,0.0,0.0,0.0,0.009881642023460663,-0.12376126308276184,0.011547796972261581,0.9921956214860894,3.2521924116327003,0.07080926809777673,0.021985832360062678,6.0633408337423464,20.0,0.0,2.0,33.94008769065627,1.9078584836467671,1.4578584836467672,0,0,0
2.162377357,1787250878.175056219,1787250878.174983025,-13.907573595383957,0.0932698393162453,2.007285766771077,0.020847436617341054,0.0,0.0,0.0,0.0,0.009577056927040138,-0.12457779633593329,0.011381961298222871,0.992098333633166,3.2252078520317604,0.06853569374717539,0.021138936192888615,6.095736153330173,20.0,0.0,2.0,33.90770265694364,1.906759123010539,1.456759123010539,0,0,0
2.172374010,1787250878.185052872,1787250878.184982777,-13.875456988573276,0.0939441139298395,2.007492900818577,0.020600306976573658,0.0,0.0,0.0,0.0,0.009217128830980683,-0.12539512942154715,0.011220594004444518,0.992000607017785,3.1980907720955902,0.06633169429893003,0.02028972912807994,6.127860505211573,20.0,0.0,2.0,33.87558808087002,1.9062286130132944,1.4562286130132944,0,0,0
2.182347775,1787250878.195026636,1787250878.194982767,-13.843612237714892,0.0945967473006493,2.0076915783800047,0.02037835314566557,0.0,0.0,0.0,0.0,0.008778954301781846,-0.12623799995794743,0.011061137341763404,0.9918994649502999,3.1708362232604537,0.06421008683462015,0.01944555456481428,6.159712562607018,20.0,0.0,2.0,33.8437453158155,1.9062529350772053,1.4562529350772053,0,0,0
2.192348480,1787250878.205027342,1787250878.204983234,-13.812040744253563,0.09522864811206731,2.0078818177099755,0.02018341866328438,0.0,0.0,0.0,0.0,0.00824369480376869,-0.12712142980732435,0.01090189755016331,0.9917929885865949,3.1434373075398527,0.06218833569878338,0.01860402092720023,6.191290952195735,20.0,0.0,2.0,33.812175764205634,1.906817450514711,1.4568174505147111,0,0,0
2.202351570,1787250878.215030432,1787250878.214982748,-13.78074400834216,0.09584091964661647,2.008063670700303,0.02002490177719508,0.0,0.0,0.0,0.0,0.007583437737137468,-0.12805904930410592,0.010743564274935316,0.9916793570454545,3.115883312595745,0.06028842662555861,0.017766014855047283,6.222594204832646,20.0,0.0,2.0,33.78088092785338,1.907906896742801,1.457906896742801,0,0,0
2.212347269,1787250878.225026131,1787250878.224982977,-13.749723629485956,0.09643491047771498,2.0082371277316216,0.019913773544625056,0.0,0.0,0.0,0.0,0.006785134129578344,-0.12905047131291095,0.010589298286009513,0.9915582708901021,3.0881637060177582,0.05853672170609039,0.01692568186805129,6.253620755024885,20.0,0.0,2.0,33.7498624087405,1.9095053739658603,1.4595053739658603,0,0,0
2.222349167,1787250878.235028028,1787250878.234987259,-13.718981323093976,0.09701224374400119,2.0084021714272136,0.019865869690299645,0.0,0.0,0.0,0.0,0.005835318996747937,-0.13009031276213293,0.01044445813883768,0.9914299636746121,3.06026752441836,0.05696194969771147,0.01608143453678715,6.284368924977261,20.0,0.0,2.0,33.71912192568308,1.9115963538957683,1.4615963538957684,0,0,0
2.232364416,1787250878.245043278,1787250878.244982958,-13.688518892515448,0.09757483814525929,2.0085587215650627,0.019895535508765896,0.0,0.0,0.0,0.0,0.004739726034084189,-0.1311609535429836,0.01031610852374785,0.9912960794675542,3.032187269409896,0.05559370240180245,0.015227351018223586,6.314836952434869,20.0,0.0,2.0,33.6886612864347,1.914162700934438,1.464162700934438,0,0,0
2.242342710,1787250878.255021572,1787250878.254983425,-13.658338206984832,0.09812489968185582,2.0087066810299397,0.020019949910645107,0.0,0.0,0.0,0.0,0.0035052906385383076,-0.13224149853933972,0.010212912295289991,0.9911587135388852,3.0039184143878543,0.05445992128319251,0.014361985367460754,6.345023012773961,20.0,0.0,2.0,33.65848236563863,1.9171867257350923,1.4671867257350923,0,0,0
2.252352715,1787250878.265031576,1787250878.264983177,-13.6284411526247,0.09866490112622821,2.0088459212919987,0.020247891877482212,0.0,0.0,0.0,0.0,0.002158077769158584,-0.13330565356479676,0.010142137371396718,0.991020727572105,2.9754610373592585,0.05358528254755214,0.0134852788198709,6.374925267685978,20.0,0.0,2.0,33.628587055786035,1.9206502567978974,1.4706502567978974,0,0,0
2.262342453,1787250878.275021315,1787250878.274983168,-13.59882959947259,0.09919753173493703,2.008976353379113,0.020569063793150075,0.0,0.0,0.0,0.0,0.000731239987131051,-0.13433330381277633,0.010102976934612316,0.9908844325307994,2.9468198143872684,0.052988304708674196,0.012598653219464274,6.404541897946271,20.0,0.0,2.0,33.59897723413047,1.9245347434280704,1.4745347434280704,0,0,0
2.272344351,1787250878.285023212,1787250878.284982681,-13.569505344246208,0.09972563019937496,2.009097880056774,0.020969324038116452,0.0,0.0,0.0,0.0,-0.0007354517049710325,-0.1353068308038787,0.01009393738073372,0.990752054288435,2.9180018970328816,0.052680022404658355,0.011709170181509179,6.433871159807141,20.0,0.0,2.0,33.569654705255985,1.928821380345324,1.478821380345324,0,0,0
2.282344818,1787250878.295023680,1787250878.294983149,-13.540470124576599,0.10025211377728317,2.0092105676982968,0.02144824707926563,0.0,0.0,0.0,0.0,-0.0022296538103166986,-0.13622524565981967,0.010116610837013701,0.9906237253740596,2.8890150808206148,0.05266615218894859,0.010828856002243745,6.462911370975878,20.0,0.0,2.0,33.540621215154765,1.9334912264573612,1.4834912264573612,0,0,0
2.292357445,1787250878.305036306,1787250878.304982662,-13.51172556741882,0.10077994644895553,2.0093144808074492,0.02200769013052422,0.0,0.0,0.0,0.0,-0.0037392493656881417,-0.13709013012671273,0.010173714379634269,0.9904992729789073,2.8598704749625066,0.05295020916141297,0.00995677358426904,6.491660961780972,20.0,0.0,2.0,33.51187839950413,1.9385252926205643,1.4885252926205643,0,0,0
2.302359819,1787250878.315038681,1787250878.314982653,-13.483273213403427,0.10131212047609013,2.0094097482483244,0.022659288511504935,0.0,0.0,0.0,0.0,-0.005272284382063062,-0.13791091995413884,0.010269870768794244,0.9903773578435596,2.830576350069017,0.0535350646882668,0.009098044849008226,6.520118451728219,20.0,0.0,2.0,33.48342780798491,1.9439046025829156,1.4939046025829157,0,0,0
2.312376261,1787250878.325055122,1787250878.324983120,-13.455114502527215,0.1018516624142956,2.0094964508309547,0.02340673343864296,0.0,0.0,0.0,0.0,-0.0068222397624496875,-0.13869309270829497,0.010407843489718271,0.990257219046408,2.801143567467737,0.054424179265695136,0.00824209848746354,6.548282464600164,20.0,0.0,2.0,33.45527088996474,1.9496102329693525,1.4996102329693526,0,0,0
2.322380304,1787250878.335059166,1787250878.334983349,-13.427250770131486,0.10240161710231681,2.0095745659708926,0.024231252931688867,0.0,0.0,0.0,0.0,-0.008357377917728292,-0.1394365461621997,0.010583108382330508,0.9901391829665489,2.771582351892677,0.05561693926828678,0.00737900052947851,6.5761517332513995,20.0,0.0,2.0,33.427408990419146,1.9556233708850517,1.5056233708850517,0,0,0
2.332378387,1787250878.345057249,1787250878.344983101,-13.399683263476579,0.10296498779025362,2.0096440294188076,0.025110047466796313,0.0,0.0,0.0,0.0,-0.009839325519105803,-0.14013816764218132,0.010790282330970263,0.9900242681118676,2.741898350314456,0.05710551399929183,0.006516834377820336,6.603725083335693,20.0,0.0,2.0,33.39984336634786,1.9619254063259586,1.5119254063259586,0,0,0
2.342370272,1787250878.355049133,1787250878.354982853,-13.372413197331259,0.10354467048340456,2.009704945021741,0.026036195700489713,0.0,0.0,0.0,0.0,-0.01125471759549034,-0.14080287822937834,0.011028129416461571,0.9899122492300731,2.7120960738729707,0.05887696081267326,0.005667290272455224,6.631001377994344,20.0,0.0,2.0,33.37257524222775,1.9684980148944415,1.5184980148944416,0,0,0
2.352379799,1787250878.365058661,1787250878.364982843,-13.345441709796106,0.10414341979800835,2.009757405054783,0.027006265332983927,0.0,0.0,0.0,0.0,-0.01259648226535886,-0.14143446291592274,0.011296223313545453,0.9898030191270754,2.6821831344708524,0.060916269001705874,0.004827718281025647,6.657979561636979,20.0,0.0,2.0,33.34560576568148,1.9753232276739439,1.525323227673944,0,0,0
2.362365007,1787250878.375043869,1787250878.374982834,-13.318769886642736,0.10476384001229756,2.0098015430768257,0.02802775907905868,0.0,0.0,0.0,0.0,-0.013876681140235266,-0.1420380589259035,0.011596652407132561,0.9896959862452924,2.652164598768227,0.0632089105818776,0.004001138752665554,6.684658636203611,20.0,0.0,2.0,33.31893603180437,1.9823834577602986,1.5323834577602986,0,0,0
2.372354984,1787250878.385033846,1787250878.384982824,-13.292398753638357,0.1054084018073396,2.0098374737529534,0.029104221897702703,0.0,0.0,0.0,0.0,-0.015104724561842902,-0.14261663205898767,0.011929940926331182,0.9895908346713588,2.6220449687665828,0.06574277248503588,0.003189408642779923,6.711037669674452,20.0,0.0,2.0,33.29256707552487,1.9896615066009251,1.5396615066009252,0,0,0
2.382354736,1787250878.395033598,1787250878.394982576,-13.266329314888296,0.10607946498251236,2.009865393778411,0.03023212361772508,0.0,0.0,0.0,0.0,-0.016288948048972792,-0.1431780231924989,0.012293177341725598,0.9894865343383865,2.5918270108029615,0.06850752490141561,0.002396404633168532,6.7371157589843715,20.0,0.0,2.0,33.26649991005188,1.9971405490533325,1.5471405490533325,0,0,0
2.392374754,1787250878.405053616,1787250878.404983282,-13.24056252735789,0.10677929026159072,2.0098854455913755,0.03140434113604812,0.0,0.0,0.0,0.0,-0.017430620762958832,-0.1437265655536929,0.012682752606098788,0.9893826335651391,2.5615145463028597,0.07149369953541704,0.001617555459168228,6.762892056180314,20.0,0.0,2.0,33.24073550140027,2.0048041438082778,1.5548041438082778,0,0,0
2.402375698,1787250878.415054560,1787250878.414983273,-13.215099334152578,0.10751004692777576,2.0098977956257964,0.03262370232788022,0.0,0.0,0.0,0.0,-0.018531749810135847,-0.1442650660703886,0.013099782547867204,0.9892788083537823,2.5311090415563267,0.07469225347337922,0.0008538553236974528,6.78836573604875,20.0,0.0,2.0,33.21527480172596,2.009968841541279,1.5599688415412791,0,0,0
2.412391424,1787250878.425070286,1787250878.424983025,-13.189940643440822,0.10827381180673194,2.009902546949029,0.033891755523514394,0.0,0.0,0.0,0.0,-0.01958922319982273,-0.14479114089933884,0.013545630834703712,0.9891755677010959,2.5006142845203283,0.07809374811508882,9.814786087137207e-05,6.813536017685934,20.0,0.0,2.0,33.1901187282282,2.0099445574136965,1.5599445574136965,0,0,0
2.422392607,1787250878.435071468,1787250878.434982777,-13.165087335661102,0.10907256542012114,2.0098997797504046,0.03521622187725486,0.0,0.0,0.0,0.0,-0.02060149798911999,-0.14529844017228333,0.014024552196031461,0.9890739373271377,2.470033453906767,0.0816882750845767,-0.0006512998574706116,6.838402157768098,20.0,0.0,2.0,33.16526817036453,2.010222775698646,1.560222775698646,0,0,0
2.432411909,1787250878.445090771,1787250878.444994688,-13.140540239713498,0.10990818476528012,2.0098895180343503,0.03660094476963784,0.0,0.0,0.0,0.0,-0.021563906710812406,-0.145776932095251,0.01453952663120266,0.9889755740975631,2.439372971596302,0.08546502234396713,-0.0014011728906900248,6.862963474598709,20.0,0.0,2.0,33.14072396601672,2.010323555465906,1.5603235554659058,0,0,0
2.442388296,1787250878.455067158,1787250878.454982758,-13.1163001168283,0.11078243498118277,2.009871748948284,0.038054094717007214,0.0,0.0,0.0,0.0,-0.02247428292969721,-0.14621285377687424,0.015095433181145092,0.9888826198767434,2.4086404455046804,0.08941247863508929,-0.0021533613909724752,6.887219364330276,20.0,0.0,2.0,33.11648688534413,2.0099670943272483,1.5599670943272483,0,0,0
2.452392340,1787250878.465071201,1787250878.464982748,-13.092367644036207,0.11169696393677286,2.0098464622936367,0.039575030333792956,0.0,0.0,0.0,0.0,-0.023328452876083032,-0.1465964548483963,0.015693113837573092,0.9887967379043943,2.377843701306206,0.09351882337475512,-0.002901236800494558,6.911169317494528,20.0,0.0,2.0,33.092557614252584,2.0098948468042566,1.5598948468042566,0,0,0
2.462369919,1787250878.475048780,1787250878.474983215,-13.068743429716491,0.11265329916345251,2.009813761361859,0.041149670104852216,0.0,0.0,0.0,0.0,-0.024122244772178086,-0.1469352522618687,0.016326359279667583,0.9887171480977577,2.3469908036910954,0.0977714589209019,-0.003637976483220941,6.934812903276735,20.0,0.0,2.0,33.06893676996801,2.010096013506843,1.5600960135068431,0,0,0
2.472368717,1787250878.485047579,1787250878.484982729,-13.045427991026747,0.11365283614746284,2.0097737484878695,0.04275982182401004,0.0,0.0,0.0,0.0,-0.02485184189896269,-0.147240797681375,0.016986734825498402,0.9886424956941461,2.316088525070767,0.102157056702772,-0.004359776570680746,6.958149791597754,20.0,0.0,2.0,33.04562487839287,2.010334373395831,1.560334373395831,0,0,0
2.482364178,1787250878.495043039,1787250878.494983196,-13.022421814429578,0.11469683952018084,2.00972664295667,0.044400764926659286,0.0,0.0,0.0,0.0,-0.02551929274984369,-0.1475272678141961,0.017671299117208522,0.9885707845856747,2.2851396184641044,0.10666243910384741,-0.0050585453214113596,6.981179692240038,20.0,0.0,2.0,33.02262243466884,2.0099059042604273,1.5599059042604273,0,0,0
2.492377758,1787250878.505056620,1787250878.504987717,-12.999725340021225,0.11578644031080608,2.009672635705244,0.04606824788483006,0.0,0.0,0.0,0.0,-0.026128022372182005,-0.14780543807155405,0.018377188834118558,0.9885004592077588,2.2541479941401676,0.11127450694958518,-0.005739064383130875,7.003902370278402,20.0,0.0,2.0,32.999929887447955,2.0097346600331587,1.5597346600331587,0,0,0
2.502377510,1787250878.515056372,1787250878.514982939,-12.977338994875092,0.11692264558396263,2.009611922905553,0.04776619950916463,0.0,0.0,0.0,0.0,-0.026684687871060115,-0.14808162471047817,0.019105135420194187,0.9884304495799922,2.223114275748906,0.11598139250907476,-0.006401317900605131,7.026317612803714,20.0,0.0,2.0,32.97754767227274,2.009810488777515,1.5598104887775148,0,0,0
2.512368441,1787250878.525047302,1787250878.524982929,-12.955263183263703,0.11810634698282547,2.0095446305666345,0.04949516956615366,0.0,0.0,0.0,0.0,-0.02719536058016355,-0.14835607257125116,0.0198545284273236,0.9883606051411991,2.1920419326788956,0.12077196576253522,-0.007057111572828159,7.048425238989311,20.0,0.0,2.0,32.955476201799094,2.0101232056641387,1.5601232056641388,0,0,0
2.522369385,1787250878.535048246,1787250878.534983158,-12.93349827443075,0.11933833100735597,2.0094707755344317,0.05125890988646459,0.0,0.0,0.0,0.0,-0.027665475445112508,-0.14862008774565885,0.020626752763625474,0.988292076289847,2.1609342213160527,0.12563640132853846,-0.0077144931715711264,7.070225112743745,20.0,0.0,2.0,32.93371585358642,2.0098436894126546,1.5598436894126546,0,0,0
2.532368183,1787250878.545047045,1787250878.544983387,-12.912044602870314,0.1206192922958189,2.0093903227171754,0.05305685004889432,0.0,0.0,0.0,0.0,-0.028099332846603466,-0.14886136748331455,0.021421445440882425,0.9882266149217986,2.129795310810077,0.1305660684293807,-0.008376962161143942,7.091717142845655,20.0,0.0,2.0,32.91226697043459,2.009532462340953,1.5595324623409532,0,0,0
2.542387009,1787250878.555065870,1787250878.554983139,-12.89090245242332,0.12194984472125715,2.0093032218397977,0.05489442488928952,0.0,0.0,0.0,0.0,-0.02850179160688822,-0.1490626802486302,0.02224130604282008,0.9881666304514648,2.0986313032552952,0.13555346250287148,-0.009043906138216455,7.112901299232988,20.0,0.0,2.0,32.891129844524805,2.0094435329070968,1.5594435329070968,0,0,0
2.552382946,1787250878.565061808,1787250878.564983130,-12.870072024876725,0.12333053122725003,2.0092094197482773,0.0567727654360635,0.0,0.0,0.0,0.0,-0.028876617714387914,-0.14920821359607728,0.023087105642747567,0.9881143838128686,2.067452987494063,0.14059178373930684,-0.00971827898136569,7.133777644838341,20.0,0.0,2.0,32.870304686052556,2.0095671478676036,1.5595671478676036,0,0,0
2.562370777,1787250878.575049639,1787250878.574982882,-12.849553395923419,0.12476183020669492,2.0091088329792184,0.05869770754279887,0.0,0.0,0.0,0.0,-0.029226589367721253,-0.14927926819644097,0.023962207494141484,0.9880725272836368,2.036273866067782,0.14567505502997108,-0.010399797895307233,7.154346380059305,20.0,0.0,2.0,32.84979157919786,2.0098734016773605,1.5598734016773605,0,0,0
2.572384119,1787250878.585062981,1787250878.584982872,-12.829346494387568,0.12624416378550543,2.0090014015240527,0.06067362339469648,0.0,0.0,0.0,0.0,-0.029553894979266825,-0.14926478966801307,0.024869067845179813,0.9880425695897066,2.0051106072427354,0.15079780042905785,-0.011087567011376007,7.174607863816325,20.0,0.0,2.0,32.82959046139133,2.0093877322615694,1.5593877322615695,0,0,0
2.582382441,1787250878.595061302,1787250878.594983101,-12.809451080977837,0.1277779027352239,2.008887097742901,0.06272549799706924,0.0,0.0,0.0,0.0,-0.029862138495047038,-0.14916148222875497,0.025819573900460704,0.988024521207557,1.973978367771469,0.155955483275908,-0.011771127871413836,7.194562635056918,20.0,0.0,2.0,32.80970110208278,2.0091015752921972,1.5591015752921973,0,0,0
2.592385530,1787250878.605064392,1787250878.604983091,-12.789866772098623,0.1293633757810851,2.008766020919213,0.06487228168412143,0.0,0.0,0.0,0.0,-0.03015425501155853,-0.14897502135495477,0.026822392179047125,0.9880170662467234,1.9428925852001593,0.1611438672987945,-0.01244220727038241,7.2142113891816155,20.0,0.0,2.0,32.7901231266077,2.0090059868465167,1.5590059868465167,0,0,0
2.602392435,1787250878.615071297,1787250878.614986658,-12.770593024360414,0.13100086847502349,2.008638312048295,0.06713008819494294,0.0,0.0,0.0,0.0,-0.030431636341448874,-0.14871242593748746,0.027884971593919245,0.9880187033860115,1.9118683460576962,0.16635874717749083,-0.013096201590537189,7.233554993906551,20.0,0.0,2.0,32.7708560006637,2.009092173367289,1.559092173367289,0,0,0
2.612369061,1787250878.625047922,1787250878.624983311,-12.75162915148366,0.13269062436766446,2.008504152814239,0.0695036830027254,0.0,0.0,0.0,0.0,-0.030694650363336844,-0.14838569045102892,0.029009172839724196,0.9880273241158865,1.8809201445362773,0.17159571383839733,-0.013733446846189094,7.25259447258015,20.0,0.0,2.0,32.75189904721137,2.0093515052720963,1.5593515052720963,0,0,0
2.622368097,1787250878.635046959,1787250878.634982824,-12.732974326794174,0.1344328412133966,2.0083636982512023,0.07199819817189437,0.0,0.0,0.0,0.0,-0.030941833700535173,-0.14800192224043227,0.03019750725668756,0.9880415702266114,1.8500603987195678,0.17685018881074444,-0.014354501746170548,7.271331001907037,20.0,0.0,2.0,32.73325144892899,2.0089301791606755,1.5589301791606756,0,0,0
2.632387161,1787250878.645066023,1787250878.644983053,-12.714627610160349,0.1362276697576355,2.008217105773664,0.07460893518992893,0.0,0.0,0.0,0.0,-0.031171464857386037,-0.14757042153990738,0.03144763785246008,0.9880598952182399,1.8193006421211957,0.1821171292154254,-0.014962757004389766,7.289765884876548,20.0,0.0,2.0,32.71491227514298,2.008597431204502,1.558597431204502,0,0,0
2.642405272,1787250878.655084133,1787250878.654983044,-12.696587946830348,0.13807520731275635,2.0080644776631686,0.07733215102479256,0.0,0.0,0.0,0.0,-0.03138004708488956,-0.14709164932484484,0.032758356306868894,0.9880820965061149,1.788651100686999,0.1873910924128981,-0.015560907878563717,7.307900551772233,20.0,0.0,2.0,32.69688048061292,2.0084282693806075,1.5584282693806075,0,0,0
2.652401924,1787250878.665080786,1787250878.664983034,-12.678854197905817,0.13997549736424156,2.0079059454327353,0.08015616123247898,0.0,0.0,0.0,0.0,-0.03156799265260451,-0.14657177471531116,0.03412373568370879,0.9881071537842835,1.7581183324503773,0.19266687355976095,-0.01614098974911206,7.325736529055975,20.0,0.0,2.0,32.67915493601116,2.0084147522930373,1.5584147522930374,0,0,0
2.662385464,1787250878.675064325,1787250878.674982786,-12.661425177492667,0.1419285386356403,2.0077417494868732,0.08307448355867098,0.0,0.0,0.0,0.0,-0.031748425233418906,-0.14602434739544384,0.03553810975002363,0.9881325671276745,1.727706344986667,0.1979409052915767,-0.01669391486158198,7.343275402539709,20.0,0.0,2.0,32.66173446511554,2.0085491943790625,1.5585491943790626,0,0,0
2.672382593,1787250878.685061455,1787250878.684983253,-12.644299649607703,0.14393430495583975,2.007572132561458,0.08607435838320719,0.0,0.0,0.0,0.0,-0.03193622886765999,-0.1454647267749642,0.03699241191234655,0.988155682071861,1.6974206886480907,0.20321189692219455,-0.017227129003953415,7.360518823713343,20.0,0.0,2.0,32.644617841762404,2.0085423397833986,1.5585423397833986,0,0,0
2.682408810,1787250878.695087671,1787250878.694982767,-12.627476333199926,0.14599277351759007,2.0073972601582626,0.08914956281442316,0.0,0.0,0.0,0.0,-0.03214705338544336,-0.14489010791375326,0.038481577244899305,0.9881763971073785,1.667264306642472,0.20848205907705253,-0.01774463678977519,7.377468509496073,20.0,0.0,2.0,32.62780379496754,2.0081126539089444,1.5581126539089445,0,0,0
2.692402840,1787250878.705081701,1787250878.704983234,-12.610953917028988,0.1481039598491957,2.0072172682749594,0.09228772919949842,0.0,0.0,0.0,0.0,-0.03239170749387631,-0.14429536774904653,0.03999843524913133,0.9881951979793363,1.6372419853379865,0.21375638996817878,-0.018253792354585272,7.394126232657732,20.0,0.0,2.0,32.61129102397623,2.007823736906457,1.557823736906457,0,0,0
2.702392817,1787250878.715071678,1787250878.714983225,-12.594731026506315,0.15026793909550246,2.0070322000108263,0.0954827177678026,0.0,0.0,0.0,0.0,-0.03267679979540497,-0.14366073260354328,0.041540279486818585,0.9882146658712879,1.6073599854344764,0.21904207175374055,-0.01875851944115028,7.410493860260763,20.0,0.0,2.0,32.595078165202345,2.0076550369784143,1.5576550369784143,0,0,0
2.712357998,1787250878.725036860,1787250878.724983931,-12.578806227871548,0.15248486831615504,2.0068421368626295,0.09872519430356179,0.0,0.0,0.0,0.0,-0.03300274521334418,-0.14297600441641264,0.04310330070012934,0.9882361997206212,1.5776245761899677,0.2243479003797028,-0.019250706847093603,7.426573353745558,20.0,0.0,2.0,32.57916379656028,2.00751596809629,1.55751596809629,0,0,0
2.722356796,1787250878.735035658,1787250878.734982967,-12.563178031039927,0.15475499427852304,2.006647278990379,0.10202488568589073,0.0,0.0,0.0,0.0,-0.03336658889157854,-0.14224679684535002,0.04469256570142516,0.9882586170147983,1.5480404661888274,0.2296828015938517,-0.019715655482947347,7.442366769388897,20.0,0.0,2.0,32.56354644039517,2.0074942370170725,1.5574942370170726,0,0,0
2.732382536,1787250878.745061398,1787250878.744983196,-12.547844884508969,0.1570786431268721,2.006447890253142,0.10538585977315275,0.0,0.0,0.0,0.0,-0.03376110586289443,-0.14148602865979137,0.046310562529292214,0.9882799316100755,1.5186166594913342,0.23505325515651143,-0.020161109551988833,7.457876265911312,20.0,0.0,2.0,32.54822455836066,2.007478128421998,1.5574781284219978,0,0,0
2.742405176,1787250878.755084038,1787250878.754983425,-12.532805138374643,0.1594561948059731,2.006244102471525,0.10881502127035621,0.0,0.0,0.0,0.0,-0.03417932858799655,-0.14068764761854988,0.047962159481932484,0.988300759163253,1.4893609057704342,0.2404642563429142,-0.02059337412238007,7.473104143151154,20.0,0.0,2.0,32.53319651430417,2.006922530358283,1.556922530358283,0,0,0
2.752408266,1787250878.765087128,1787250878.764995813,-12.518057076506965,0.16188807503625594,2.0060360471643404,0.11230980314793323,0.0,0.0,0.0,0.0,-0.03461216367856789,-0.13984654248395437,0.04964787274651993,0.9883218258302894,1.4602823331136943,0.24591920219892716,-0.02101881113075456,7.488052810560597,20.0,0.0,2.0,32.518460606456586,2.006479661956059,1.556479661956059,0,0,0
2.762399197,1787250878.775078058,1787250878.774982929,-12.503598865769906,0.16437473158757127,2.005823739484627,0.11587327647841573,0.0,0.0,0.0,0.0,-0.035050660147522075,-0.13894287445770917,0.05137181175874088,0.9883457218085566,1.4313918427547725,0.25141988235551477,-0.021440830971092468,7.502724838132554,20.0,0.0,2.0,32.50401501653611,2.0061433677487432,1.5561433677487433,0,0,0
2.772386789,1787250878.785065651,1787250878.784983158,-12.489428549054576,0.1669166225027532,2.005607177445442,0.11950527874350989,0.0,0.0,0.0,0.0,-0.03548545239953557,-0.1379631842904483,0.05313622484673275,0.9883741619738334,1.4027088471489386,0.2569654075041838,-0.021879460425353044,7.517122962467142,20.0,0.0,2.0,32.48985780275792,2.0059076395624205,1.5559076395624205,0,0,0
2.782383680,1787250878.795062542,1787250878.794983149,-12.47554394139197,0.1695141851010153,2.005386106436903,0.12323545795359993,0.0,0.0,0.0,0.0,-0.03590903962623253,-0.13687922417796852,0.05495852557434383,0.9884099247418823,1.374250719291805,0.2625544050727884,-0.022332799102008798,7.531250189151357,20.0,0.0,2.0,32.47598679575993,2.005766387889775,1.555766387889775,0,0,0
2.792373180,1787250878.805052042,1787250878.804982901,-12.461942725299416,0.17216784895476875,2.0051605273479347,0.12708334390317613,0.0,0.0,0.0,0.0,-0.036314933949002356,-0.13567520185537194,0.05685036945353828,0.9884540963882844,1.3460360021197624,0.26818476575198413,-0.02278608661232273,7.545109694805256,20.0,0.0,2.0,32.462399694105734,2.005713955853915,1.5557139558539153,0,0,0
2.802371025,1787250878.815049887,1787250878.814983130,-12.448622322243823,0.17487800474592927,2.0049303897706188,0.13105989671961052,0.0,0.0,0.0,0.0,-0.03669673538788483,-0.13432733307810749,0.05881976524642954,0.988508852978237,1.318091426725335,0.27385234030663447,-0.023238849962794354,7.558704952996269,20.0,0.0,2.0,32.44909393553088,2.0056782338212837,1.5556782338212838,0,0,0
2.812368155,1787250878.825047016,1787250878.824982882,-12.435579900424683,0.1776450039578973,2.0046957668459906,0.13516096251334092,0.0,0.0,0.0,0.0,-0.03704958890658708,-0.1328308869927711,0.06086595180433569,0.9885740333093516,1.2904460026499869,0.27955230300678596,-0.023687492882820026,7.572039723315408,20.0,0.0,2.0,32.43606670474229,2.0051368430095757,1.5551368430095758,0,0,0
2.822369099,1787250878.835047960,1787250878.834982872,-12.422812303260057,0.1804691404760085,2.0044566640961654,0.13938624288158452,0.0,0.0,0.0,0.0,-0.037368675546250736,-0.13117542936845802,0.06299035399593661,0.9886499907051971,1.2631305382184204,0.2852790996383445,-0.02412979996524679,7.585118119798007,20.0,0.0,2.0,32.42331486176191,2.0046820858186405,1.5546820858186405,0,0,0
2.832371235,1787250878.845050097,1787250878.844983339,-12.410316088925704,0.18335065608061527,2.0042132082731836,0.14372494601454006,0.0,0.0,0.0,0.0,-0.03765133613976005,-0.1293713463868682,0.0651875708942363,0.9887345509396588,1.2361753924419139,0.2910268860730182,-0.024561559354635585,7.597944568082993,20.0,0.0,2.0,32.41083498150403,2.0043091193384055,1.5543091193384055,0,0,0
2.842360020,1787250878.855038881,1787250878.854983091,-12.398087497623289,0.18628972759206572,2.003965479260831,0.14817010369577666,0.0,0.0,0.0,0.0,-0.03789401874746189,-0.12742151821177672,0.06745455902495302,0.9888264167721865,1.209609733174792,0.29678943890425447,-0.02498019892723693,7.610523835003386,20.0,0.0,2.0,32.39862332092657,2.0040132438158706,1.5540132438158707,0,0,0
2.852350235,1787250878.865029097,1787250878.864982843,-12.386122524374958,0.18928647660553113,2.00371372111552,0.15270500813641505,0.0,0.0,0.0,0.0,-0.038095090474035254,-0.12535604775112932,0.0697813407896821,0.9889212253013816,1.1834545724239631,0.30256152945178416,-0.025363227324495217,7.622860952642718,20.0,0.0,2.0,32.38667589188148,2.003790119602858,1.5537901196028578,0,0,0
2.862351894,1787250878.875030756,1787250878.874982834,-12.374416991287829,0.1923409691231859,2.0034583888971724,0.15731507722621546,0.0,0.0,0.0,0.0,-0.038248694853754574,-0.12323099973440574,0.07215756172037575,0.9890118524734743,1.15772354538751,0.30833682573022436,-0.02569450995577825,7.634961143712945,20.0,0.0,2.0,32.374988533351534,2.0036358166539117,1.5536358166539117,0,0,0
2.872345686,1787250878.885024548,1787250878.884982824,-12.362966613917065,0.19545319313508958,2.0031999675765904,0.16197810629192805,0.0,0.0,0.0,0.0,-0.03835032791602252,-0.12111188565487334,0.074568126768104,0.9890908744762286,1.1324241134729927,0.31410605238991846,-0.025985080029927398,7.646829751963794,20.0,0.0,2.0,32.363556977625464,2.003546633084924,1.5535466330849241,0,0,0
2.882362127,1787250878.895040989,1787250878.894983292,-12.35176707993462,0.19862303407548862,2.002938801173581,0.16667984401562885,0.0,0.0,0.0,0.0,-0.03838828086977319,-0.11902117272286351,0.07700543342258684,0.9891564403869274,1.1075534365473003,0.31985835347696784,-0.02624192729749057,7.65847215982907,20.0,0.0,2.0,32.35237692875995,2.003518920799091,1.553518920799091,0,0,0
2.892374516,1787250878.905053377,1787250878.904983044,-12.340814134500933,0.20185026070520365,2.0026752106149734,0.17139875748221173,0.0,0.0,0.0,0.0,-0.03835513703068974,-0.11697328687369772,0.07945824273915274,0.9892080273037247,1.0831061417691183,0.3255807133692007,-0.026475030203814358,7.669893695863047,20.0,0.0,2.0,32.34144414782423,2.003092786075644,1.5530927860756438,0,0,0
2.902388096,1787250878.915066957,1787250878.914982796,-12.33010356394612,0.20513450048954018,2.002409355967737,0.17611743206536906,0.0,0.0,0.0,0.0,-0.038239415324795,-0.11494734939875427,0.08192013006213673,0.9892491831042476,1.0590770755993881,0.33125865412417854,-0.026691899206565787,7.6810996421088635,20.0,0.0,2.0,32.330754436353146,2.0026428542845855,1.5526428542845856,0,0,0
2.912384748,1787250878.925063610,1787250878.924983025,-12.31963121741499,0.20847523795801873,2.0021414662476915,0.18081968976692375,0.0,0.0,0.0,0.0,-0.03804224156160194,-0.11293553878441517,0.08438291978750762,0.989281494209094,1.035460245538399,0.33687801574810583,-0.02687904809237493,7.692095201831018,20.0,0.0,2.0,32.32030365792415,2.0022560682666963,1.5522560682666964,0,0,0
2.922394991,1787250878.935073853,1787250878.934983015,-12.30939302384889,0.21187182890414824,2.0018719873278195,0.18553089867000722,0.0,0.0,0.0,0.0,-0.037784212670560445,-0.11095545186792077,0.08685499312253243,0.989301496583997,1.0122441678189207,0.3424278686813185,-0.027004165535285042,7.702885477844195,20.0,0.0,2.0,32.31008775515404,2.0019294325916523,1.5519294325916524,0,0,0
2.932407856,1787250878.945086718,1787250878.944983482,-12.299385023057487,0.21532353400390156,2.0016015644457865,0.19026959252410286,0.0,0.0,0.0,0.0,-0.037492217710320026,-0.10903285625811515,0.0893403910072262,0.9893050411283848,0.9894216447353358,0.3478993790493981,-0.02707634465154524,7.713475448404658,20.0,0.0,2.0,32.300102780904815,2.0016603093947225,1.5516603093947225,0,0,0
2.942385435,1787250878.955064297,1787250878.954983234,-12.28960330404089,0.2188295376132828,2.001330582876975,0.1950451481863257,0.0,0.0,0.0,0.0,-0.03718116746594142,-0.10715370960846987,0.09184288133858795,0.9892929436978916,0.9669855329320624,0.3532872720880995,-0.027112646053940388,7.723870039269108,20.0,0.0,2.0,32.2903448366429,2.0014459520611707,1.5514459520611708,0,0,0
2.952406406,1787250878.965085268,1787250878.964982748,-12.280044043176051,0.22238899390039155,2.0010593966051484,0.19985162852785862,0.0,0.0,0.0,0.0,-0.036863242688205046,-0.10530092493568949,0.09435932963828171,0.9892669677374318,0.9449305383668124,0.3585895236064924,-0.027124239697230556,7.7340740943128585,20.0,0.0,2.0,32.28081011090512,2.00128372830626,1.5512837283062602,0,0,0
2.962407112,1787250878.975085974,1787250878.974983215,-12.270703424604818,0.2260010425310764,2.0007881570494908,0.2046877111185372,0.0,0.0,0.0,0.0,-0.03653858050545409,-0.10343089680832585,0.09689193469736634,0.9892314869183417,0.9232566441571751,0.3638060761335459,-0.027119027081893524,7.744092458525656,20.0,0.0,2.0,32.271494799764355,2.0011709441727543,1.5511709441727544,0,0,0
2.972394228,1787250878.985073090,1787250878.984983444,-12.261577580294468,0.22966482367758276,2.000516889624145,0.20955369116066627,0.0,0.0,0.0,0.0,-0.036209980959650445,-0.10151075354899682,0.09944266656600584,0.9891893449987514,0.9019821200943636,0.3689351260887734,-0.027152530624696317,7.753930035091168,20.0,0.0,2.0,32.262395046985716,2.001104917987362,1.551104917987362,0,0,0
2.982391357,1787250878.995070219,1787250878.994983673,-12.252662414677754,0.2333794648752626,2.000245021456899,0.21450793104672866,0.0,0.0,0.0,0.0,-0.03588575677051976,-0.09949158930901911,0.10204255705644315,0.9891415230729904,0.8811190184652514,0.3739799906237012,-0.027215431506893695,7.76359195257691,20.0,0.0,2.0,32.25350676856438,2.001082509745634,1.551082509745634,0,0,0
2.992386103,1787250879.005064964,1787250879.004983425,-12.243953802688717,0.23714417164536813,1.9999727048295053,0.21959478594805673,0.0,0.0,0.0,0.0,-0.03557823863313141,-0.09734530961757407,0.10471402454524636,0.9890869793373888,0.8606759288733946,0.3789492265682454,-0.02724442110105064,7.773083374819442,20.0,0.0,2.0,32.24482585142638,2.0008014189621366,1.5508014189621366,0,0,0
3.002389669,1787250879.015068531,1787250879.014983416,-12.235447407739597,0.24095822452493015,1.999700268579871,0.22482866520388234,0.0,0.0,0.0,0.0,-0.03529628390567237,-0.09503758484619523,0.10746557503981126,0.9890263798253387,0.8406798401675187,0.38385099453290605,-0.027234380395895055,7.782409680406791,20.0,0.0,2.0,32.23634797139637,2.000434554228223,1.5504345542282232,0,0,0
3.012353659,1787250879.025032520,1787250879.024951458,-12.227138608663218,0.24482100048970482,1.999428142769226,0.23020126992220757,0.0,0.0,0.0,0.0,-0.035047366677406246,-0.09256405961497374,0.11029269946838956,0.9889585923589272,0.8211628633660505,0.38869550437393147,-0.02718649921451692,7.79157653552196,20.0,0.0,2.0,32.22806852033322,2.0001151874439764,1.5501151874439765,0,0,0
3.022384167,1787250879.035063028,1787250879.034983158,-12.219022447408797,0.24873198310709949,1.9991566775621217,0.23571198805700413,0.0,0.0,0.0,0.0,-0.034832122114209475,-0.08991737858531901,0.11319547214003153,0.9888823860218973,0.8021570838693569,0.3934944915648546,-0.027098478635793562,7.800589945082165,20.0,0.0,2.0,32.21998255395625,1.9998414508853197,1.5498414508853198,0,0,0
3.032373905,1787250879.045052767,1787250879.044982910,-12.21109365912315,0.25269077814972674,1.9988863076866585,0.24134701009553036,0.0,0.0,0.0,0.0,-0.034648857184043966,-0.08711979298811952,0.11616568776198691,0.9887947872801168,0.78369344531113,0.3982598043580543,-0.026969903400473852,7.809456220610124,20.0,0.0,2.0,32.21208482210483,1.9994770711021306,1.5494770711021306,0,0,0
3.042393208,1787250879.055072069,1787250879.054983139,-12.20334668068929,0.25669710309179244,1.9986174119274598,0.2470920203667614,0.0,0.0,0.0,0.0,-0.0344881105650594,-0.08418648908829497,0.11919592917025539,0.9886938534014855,0.7657991733145203,0.40300216942081396,-0.02680256810130819,7.818181965238833,20.0,0.0,2.0,32.20436977726699,1.999089316746307,1.5490893167463071,0,0,0
3.052389860,1787250879.065068722,1787250879.064983368,-12.195775721991835,0.26075078001400787,1.9983504777421346,0.25292593077252346,0.0,0.0,0.0,0.0,-0.0343525408014107,-0.08117046235590115,0.1222719957773457,0.9885751453632857,0.7484897514738402,0.4077324061937169,-0.02656479134171655,7.826773994454773,20.0,0.0,2.0,32.19683164584678,1.9987402356830328,1.5487402356830329,0,0,0
3.062386990,1787250879.075065851,1787250879.074983120,-12.188374944414313,0.26485176257248755,1.998086504104963,0.2588562463123356,0.0,0.0,0.0,0.0,-0.03429702918192451,-0.07817442011291957,0.12538703946113264,0.98842833031256,0.7317621382668562,0.4124662978929297,-0.02621233256936057,7.835239173057615,20.0,0.0,2.0,32.189464606914534,1.99842916846189,1.54842916846189,0,0,0
3.072384834,1787250879.085063696,1787250879.084983110,-12.18113859213226,0.2690001902344753,1.9978265522968597,0.26488104465896006,0.0,0.0,0.0,0.0,-0.03437863590568693,-0.07531101078924962,0.12852972019069328,0.9882441358666734,0.715599599473761,0.4172258904875723,-0.025761323412955884,7.843584340602923,20.0,0.0,2.0,32.182262924043194,1.9981556451198286,1.5481556451198286,0,0,0
3.082382679,1787250879.095061541,1787250879.094983101,-12.174061198009381,0.2731964737508891,1.9975716007712283,0.2710049250653744,0.0,0.0,0.0,0.0,-0.0346624524319447,-0.0726447422383515,0.13169522814782275,0.9880170153897248,0.6999632259925602,0.42204374616863255,-0.025214851600063985,7.8518161874917505,20.0,0.0,2.0,32.17522115205497,1.997919232056779,1.547919232056779,0,0,0
3.092392445,1787250879.105071306,1787250879.104983330,-12.167137731321144,0.2774413944010049,1.9973224882149399,0.2772168128914021,0.0,0.0,0.0,0.0,-0.035188961902600374,-0.07021573291410652,0.13487471338194582,0.9877450579485023,0.6848052320783085,0.4269606634677215,-0.024596359158345668,7.859941198222488,20.0,0.0,2.0,32.168334285787644,1.9977194649996164,1.5477194649996164,0,0,0
3.102399588,1787250879.115078449,1787250879.114982843,-12.160363684247713,0.2817361759973005,1.9970799000718908,0.2835155334357528,0.0,0.0,0.0,0.0,-0.03598712182006469,-0.0680160609151034,0.13806804209906146,0.9874289636584662,0.6700703258789149,0.4320242918264919,-0.023911522449590918,7.867965642858729,20.0,0.0,2.0,32.16159784747841,1.9975558257402195,1.5475558257402195,0,0,0
3.112390518,1787250879.125069380,1787250879.124983311,-12.153735083762207,0.2860825343759798,1.9968444128612466,0.2898861769645999,0.0,0.0,0.0,0.0,-0.03704832873759836,-0.0660271659754672,0.14127110848672172,0.9870715823069429,0.6557075740768421,0.437284073124377,-0.02317813041048025,7.8758956258208,20.0,0.0,2.0,32.155007899407615,1.997427778518848,1.547427778518848,0,0,0
3.122395992,1787250879.135074854,1787250879.134983540,-12.147248455718007,0.2904826616586824,1.9966164901754835,0.2963275495701247,0.0,0.0,0.0,0.0,-0.038326713061116444,-0.06422806317812152,0.14448844485637574,0.9866756854556132,0.6416683308450459,0.4427846274668849,-0.022400403624955316,7.883737144311404,20.0,0.0,2.0,32.14856100820886,1.9971991627543193,1.5471991627543193,0,0,0
3.132394552,1787250879.145073414,1787250879.144983053,-12.140900773010245,0.2949391369329829,1.9963964671847758,0.3028261405977409,0.0,0.0,0.0,0.0,-0.0397548136665137,-0.06259254234489661,0.147719448346402,0.9862457569051325,0.627912369881989,0.4485579028870205,-0.02160182333306625,7.891496117036276,20.0,0.0,2.0,32.14225419258012,1.996822698177365,1.546822698177365,0,0,0
3.142389536,1787250879.155068398,1787250879.154983282,-12.134689376344335,0.2994548031366629,1.9961845302572874,0.30938155927450234,0.0,0.0,0.0,0.0,-0.041278323654942065,-0.06105604465155858,0.15097128137145055,0.9857869605593326,0.6144067683150362,0.45462580411808023,-0.020782098716451092,7.899178408820995,20.0,0.0,2.0,32.136084843226755,1.996486750951324,1.546486750951324,0,0,0
3.152398348,1787250879.165077209,1787250879.164983034,-12.12861185778008,0.3040326752653873,1.9959808414133304,0.3159800236017544,0.0,0.0,0.0,0.0,-0.04284226534579671,-0.05955415243495536,0.15424435217798646,0.9853052943372363,0.6011354017474995,0.4610002187456448,-0.019955802084427147,7.9067898892467054,20.0,0.0,2.0,32.130050605767046,1.996190601964996,1.546190601964996,0,0,0
3.162391901,1787250879.175070763,1787250879.174983025,-12.122665899851315,0.3086758487559763,1.995785454470808,0.32261909587938453,0.0,0.0,0.0,0.0,-0.04440798195569062,-0.058008185616019455,0.15754474878766106,0.9848058862890662,0.5880953508562607,0.46768672328151184,-0.01911936001512957,7.914336521065713,20.0,0.0,2.0,32.12414921916952,1.9959335123778021,1.5459335123778022,0,0,0
3.172394514,1787250879.185073376,1787250879.184983253,-12.11684912447747,0.3133874413105456,1.995598376503567,0.3292856568376406,0.0,0.0,0.0,0.0,-0.04591477859116027,-0.05636273955255756,0.16087272228245814,0.9842941846432328,0.5753036480620031,0.47468199068593825,-0.018306621189303873,7.921824443228494,20.0,0.0,2.0,32.118378364218664,1.9957147825869008,1.5457147825869009,0,0,0
3.182390213,1787250879.195069075,1787250879.194983244,-12.111158906565738,0.3181704454733666,1.9954191852662577,0.3359867110324169,0.0,0.0,0.0,0.0,-0.04720305181150401,-0.05457501485351439,0.16424152561150157,0.9837774956351796,0.5627886567898356,0.48196311591278507,-0.01753663701987109,7.929260021094678,20.0,0.0,2.0,32.112735475803866,1.9955333681228726,1.5455333681228727,0,0,0
3.192391157,1787250879.205070019,1787250879.204982758,-12.10559230393324,0.32302748178214413,1.9952474795201622,0.34271771985142013,0.0,0.0,0.0,0.0,-0.04811503883005302,-0.05263602613685569,0.1676548091982286,0.9832630658901047,0.5505882114225876,0.48947652701272487,-0.016817010309483293,7.936649699669296,20.0,0.0,2.0,32.10721767028115,1.995388328579364,1.5453883285793641,0,0,0
3.202392817,1787250879.215071678,1787250879.214982986,-12.100145943888043,0.32796046469606344,1.9950826355820483,0.34947250118609174,0.0,0.0,0.0,0.0,-0.0484717973861214,-0.05054936532476686,0.1711136547858452,0.9827590567729472,0.5387474970258055,0.49713545895454564,-0.016160911178791638,7.943999824273332,20.0,0.0,2.0,32.10182162846508,1.9952785788628824,1.5452785788628824,0,0,0
3.212391615,1787250879.225070477,1787250879.224982738,-12.094816001627953,0.3329702936343316,1.9949240623813,0.35623165320767375,0.0,0.0,0.0,0.0,-0.04815418250795826,-0.04834661378846471,0.17460650789727994,0.9822710150676831,0.527312422294223,0.5048245080676765,-0.01556465604492823,7.95131636826258,20.0,0.0,2.0,32.09654357029647,1.9952031354497821,1.5452031354497822,0,0,0
3.222405434,1787250879.235084295,1787250879.234983683,-12.089598197113837,0.3380566027701434,1.9947711697586392,0.3629788316507787,0.0,0.0,0.0,0.0,-0.047066316649401856,-0.04606200964590488,0.17812113798695375,0.9818023799658827,0.5163267496066315,0.5124074976039372,-0.015020622747495226,7.958604674014031,20.0,0.0,2.0,32.091379248320784,1.9951610718019968,1.5451610718019968,0,0,0
3.232378006,1787250879.245056868,1787250879.244983196,-12.084487839498152,0.3432175993993155,1.9946235171298374,0.36968429137595743,0.0,0.0,0.0,0.0,-0.045196190736852694,-0.04374561852523966,0.18163432990176442,0.9813524318020816,0.5058289774311137,0.5197372642056562,-0.014516938168741025,7.965869207203803,20.0,0.0,2.0,32.086323989357375,1.995151650905226,1.545151650905226,0,0,0
3.242393732,1787250879.255072594,1787250879.254982948,-12.07947988826297,0.34845001504029977,1.994480738022645,0.37631310076154295,0.0,0.0,0.0,0.0,-0.0425642958580074,-0.04143855368364319,0.1851205415885353,0.9809187081856923,0.49584972471534705,0.526667455492035,-0.014041277899950296,7.973113386583652,20.0,0.0,2.0,32.08137275393157,1.995174232024676,1.545174232024676,0,0,0
3.252395868,1787250879.265074730,1787250879.264982939,-12.074569054701657,0.35374917167319153,1.994342752220206,0.38282458387390034,0.0,0.0,0.0,0.0,-0.039294818787614295,-0.03918657782015863,0.18854933056057496,0.9804945075217669,0.4864068687406271,0.5330660179252759,-0.013544893424906179,7.980339477322669,20.0,0.0,2.0,32.076520237172495,1.9950404943302393,1.5450404943302394,0,0,0
3.262394190,1787250879.275073051,1787250879.274982929,-12.06974994826147,0.35910924320432297,1.9942100999803882,0.38920888383226965,0.0,0.0,0.0,0.0,-0.035655006540936174,-0.037018829920567826,0.1919045187729954,0.9800668254840498,0.4775043855558984,0.5388388059321564,-0.012971930793943393,7.987548620844436,20.0,0.0,2.0,32.07176101674982,1.9948579708050882,1.5448579708050882,0,0,0
3.272408485,1787250879.285087347,1787250879.284982681,-12.065017182735671,0.36452371629006547,1.994083534695436,0.39544660937365245,0.0,0.0,0.0,0.0,-0.03194650818364833,-0.03495691139915542,0.1951673048801242,0.9796260297001772,0.46913690300348426,0.5439439085749084,-0.012333948364783458,7.99474108962016,20.0,0.0,2.0,32.067089663289266,1.9947050882263262,1.5447050882263262,0,0,0
3.282389641,1787250879.295068502,1787250879.294982672,-12.060365475992391,0.3699859284535472,1.9939635618042346,0.4014987223016926,0.0,0.0,0.0,0.0,-0.028411860458200145,-0.032974366607192336,0.19831511356252343,0.9791713706317408,0.4612896172714894,0.5483925695183555,-0.011653788705172738,8.001916640528556,20.0,0.0,2.0,32.06250084569269,1.9945823910354057,1.5445823910354057,0,0,0
3.292387962,1787250879.305066824,1787250879.304983377,-12.055789720246956,0.375489560407913,1.9938505751162472,0.4073202913721747,0.0,0.0,0.0,0.0,-0.025240883785270018,-0.031041151329423724,0.20132470394071916,0.9787071616643378,0.45394341399745763,0.5522400679714455,-0.010938944075496474,8.009074871547647,20.0,0.0,2.0,32.057989406918395,1.994490293110687,1.544490293110687,0,0,0
3.302392960,1787250879.315071821,1787250879.314983130,-12.051284996563322,0.38102900917283233,1.993744878585727,0.41288030760353084,0.0,0.0,0.0,0.0,-0.022537534731746887,-0.02910100665227401,0.20418300787789861,0.9782405073569452,0.44708079786816407,0.5555718725898343,-0.010195548832745222,8.01621554377382,20.0,0.0,2.0,32.053550383121376,1.9944290948108099,1.54442909481081,0,0,0
3.312388897,1787250879.325067759,1787250879.324983120,-12.046846526533251,0.3865996132450801,1.9936466498261385,0.4181648981423857,0.0,0.0,0.0,0.0,-0.020354663461237266,-0.02712517640158518,0.20688526131123183,0.9777772758316416,0.4406914028259825,0.5584885586764899,-0.009456300412935669,8.023338836188623,20.0,0.0,2.0,32.0491789586129,1.9942430179221597,1.5442430179221598,0,0,0
3.322395086,1787250879.335073948,1787250879.334982872,-12.042469641091772,0.39219776144583807,1.993555770922224,0.42323046541002723,0.0,0.0,0.0,0.0,-0.018719910344657024,-0.025134442052876058,0.20946003445266304,0.9773148513894935,0.4347600988870887,0.5610994716272815,-0.008713624513784442,8.030445498444609,20.0,0.0,2.0,32.04487043681811,1.9940242897550258,1.5440242897550258,0,0,0
3.332389355,1787250879.345068216,1787250879.344983101,-12.038149879265026,0.39782094887965064,1.9934725174178796,0.4281255227968853,0.0,0.0,0.0,0.0,-0.017613373040774052,-0.02316756466556611,0.21193280021385635,0.9768508183090737,0.4292623739840387,0.5635138028131859,-0.007931060275140196,8.0375368671631,20.0,0.0,2.0,32.0406203404623,1.993839558137433,1.5438395581374331,0,0,0
3.342387915,1787250879.355066776,1787250879.354983091,-12.033883032242462,0.40346770635130585,1.9933972561768345,0.43285261766815347,0.0,0.0,0.0,0.0,-0.016954952484608776,-0.02123224762728939,0.21430862779620424,0.9763880034592017,0.4241731591443138,0.5658281234419777,-0.007116613247439952,8.0446148271596,20.0,0.0,2.0,32.03642445576107,1.9936889647478346,1.5436889647478347,0,0,0
3.352392435,1787250879.365071297,1787250879.364982605,-12.029665129687473,0.4091374371499608,1.993330243892569,0.4373985047967142,0.0,0.0,0.0,0.0,-0.01663228869637317,-0.019334447722716273,0.21658490364777602,0.9759305946714969,0.41947003690647355,0.5681193603097272,-0.00628446003539078,8.051681724635781,20.0,0.0,2.0,32.03227881759339,1.9935725716969313,1.5435725716969313,0,0,0
3.362392902,1787250879.375071764,1787250879.374983072,-12.025492401658267,0.4148301950448606,1.993271605840959,0.4417659403492818,0.0,0.0,0.0,0.0,-0.016507425794266166,-0.017455203438872323,0.21876704273814063,0.9754813180057129,0.41513620479535746,0.570440153235134,-0.005440932203997146,8.058740236524045,20.0,0.0,2.0,32.02817966932683,1.9934903468508323,1.5434903468508323,0,0,0
3.372390270,1787250879.385069132,1787250879.384982824,-12.02136120047178,0.42054642781009954,1.9932214078911425,0.44595985191149007,0.0,0.0,0.0,0.0,-0.01643176198410555,-0.015586746148541926,0.22086030923521904,0.9750424474591464,0.4111641875634253,0.5728160553489363,-0.004603368240517904,8.065793225968514,20.0,0.0,2.0,32.0241233818872,1.993442238601353,1.543442238601353,0,0,0
3.382431507,1787250879.395110369,1787250879.394983053,-12.017267911775388,0.4262866739440763,1.9931794927780995,0.45000632371380583,0.0,0.0,0.0,0.0,-0.016195989862480067,-0.01373082920055484,0.22287954354265274,0.9746147255772706,0.40755428580052705,0.5752379372461998,-0.0037800696222565575,8.072843558932805,20.0,0.0,2.0,32.02010636119285,1.9934280110082214,1.5434280110082215,0,0,0
3.392380953,1787250879.405059814,1787250879.404983282,-12.013208885609362,0.43205118454707764,1.993145775070938,0.4539217098970868,0.0,0.0,0.0,0.0,-0.015622464541373183,-0.011905456821925542,0.22483290930886243,0.9741993438671717,0.40431329238293684,0.5776580672296638,-0.0029676688577133866,8.07989383643035,20.0,0.0,2.0,32.01612497414585,1.9934475325232748,1.5434475325232748,0,0,0
3.402359009,1787250879.415037870,1787250879.414983273,-12.009180378619437,0.4378395588209917,1.9931200770728492,0.4576954404183127,0.0,0.0,0.0,0.0,-0.014543915858861351,-0.010130506080770074,0.22671448851255113,0.9737999733294976,0.4014525724376906,0.5799943430746426,-0.002173909985918026,8.086946127241845,20.0,0.0,2.0,32.01217548564301,1.9935006003479288,1.5435006003479288,0,0,0
3.412347078,1787250879.425025940,1787250879.424983263,-12.0051785230486,0.443650432426016,1.9931022522463109,0.461305194386196,0.0,0.0,0.0,0.0,-0.012867727093081734,-0.008431422022934783,0.22851171598134504,0.9734196055049386,0.3989851703195844,0.5821384485738675,-0.0013941751561460896,8.0940017220281,20.0,0.0,2.0,32.00825402263183,1.993587047832495,1.5435870478324951,0,0,0
3.422359943,1787250879.435038805,1787250879.434983015,-12.0011993214243,0.44948127691736517,1.9930921587790724,0.46472790860450325,0.0,0.0,0.0,0.0,-0.0105383664095822,-0.006825513375433223,0.23021191697976393,0.9730595194956378,0.39692385656084295,0.5839671493597631,-0.0006249561562659692,8.101060963837757,20.0,0.0,2.0,32.00435656510058,1.9937066996452684,1.5437066996452684,0,0,0
3.432364941,1787250879.445043802,1787250879.444983006,-11.997238655483962,0.4553283001339609,1.9930897262182912,0.46793550089156366,0.0,0.0,0.0,0.0,-0.007583836439045204,-0.005328881835756844,0.23180032526831082,0.9727192285797335,0.3952795437146415,0.5853535852586901,0.00013532158257842678,8.10812315621008,20.0,0.0,2.0,32.00047895249044,1.9935921106591514,1.5435921106591515,0,0,0
3.442345381,1787250879.455024242,1787250879.454982758,-11.99329231565002,0.46118647794080325,1.9930948410692702,0.4708884830592224,0.0,0.0,0.0,0.0,-0.004063923089582737,-0.0039451419634703305,0.23325756801866504,0.9723984920525267,0.3940595809945187,0.5861793724217976,0.0008881507502618463,8.115186574041642,20.0,0.0,2.0,31.996616912468824,1.9934838489010431,1.5434838489010432,0,0,0
3.452361345,1787250879.465040207,1787250879.464983463,-11.98935603891046,0.4670496798968458,1.9931074813866336,0.47355893004954297,0.0,0.0,0.0,0.0,-0.00011366262205297645,-0.002680063006597942,0.23457047440534917,0.972095415522745,0.3932667700446203,0.5863439451135886,0.0016376285131607287,8.12224855475001,20.0,0.0,2.0,31.992766099455697,1.9934079976862968,1.5434079976862969,0,0,0
3.462352276,1787250879.475031137,1787250879.474982977,-11.985425578267206,0.4729109183943259,1.993127585531346,0.47597170109182274,0.0,0.0,0.0,0.0,0.004070828130749173,-0.0015506606033463192,0.23575209592933535,0.9718034642225498,0.39289410341274766,0.5857783302227264,0.002384286335534863,8.129305681769495,20.0,0.0,2.0,31.988922166739023,1.9933646098419002,1.5433646098419003,0,0,0
3.472377539,1787250879.485056400,1787250879.484982729,-11.981496822262867,0.4787627101890663,1.9931551934051293,0.47815173930397287,0.0,0.0,0.0,0.0,0.008276484893678956,-0.0005696316728365415,0.2368160393859044,0.9715190882361168,0.3929215064525168,0.5844529875306902,0.003138371492323747,8.136354039957421,20.0,0.0,2.0,31.985080890572327,1.9933537936652928,1.5433537936652928,0,0,0
3.482409716,1787250879.495088577,1787250879.494982719,-11.977565909630615,0.48459745598862186,1.9931903893478886,0.4800785937059073,0.0,0.0,0.0,0.0,0.012368840222916249,0.0002734395910368229,0.23775398891582955,0.9712466101752643,0.39332038610468406,0.582371736095182,0.0039031386981220216,8.143389491003532,20.0,0.0,2.0,31.981238290127507,1.9933756431229483,1.5433756431229484,0,0,0
3.492389202,1787250879.505068064,1787250879.504982948,-11.973629280740484,0.4904077121149991,1.9932333043933337,0.48172809853746307,0.0,0.0,0.0,0.0,0.016244420347023242,0.0009977088703585018,0.23855542584337247,0.9709924985216346,0.3940594307897206,0.5795611509466393,0.004682279869026959,8.150407892885289,20.0,0.0,2.0,31.977390683020033,1.9934302344501302,1.5434302344501303,0,0,0
3.502413511,1787250879.515092373,1787250879.514982700,-11.969683688196753,0.4961863829103009,1.9932840838925887,0.48308727424362696,0.0,0.0,0.0,0.0,0.019873117972650747,0.0016336398446788988,0.23921473599298118,0.9707619175094949,0.3951084916635915,0.5760618624774141,0.005475929581756137,8.157405272054604,20.0,0.0,2.0,31.973534699083057,1.9935175933905747,1.5435175933905747,0,0,0
3.512390852,1787250879.525069714,1787250879.524983168,-11.96572616411293,0.5019268068934197,1.993342823266924,0.4841591672286925,0.0,0.0,0.0,0.0,0.023232413667736495,0.002206671182383683,0.23973362473238574,0.9705581768910794,0.39644161042783593,0.5719201202373372,0.006268691236402684,8.16437792683554,20.0,0.0,2.0,31.9696672493871,1.9936376347112121,1.5436376347112122,0,0,0
3.522410393,1787250879.535089254,1787250879.534984112,-11.961753991905255,0.507622820476484,1.9934094007679963,0.48497887070611945,0.0,0.0,0.0,0.0,0.026283229690460753,0.0027230259698535013,0.24012932922312602,0.9703812045858358,0.3980338855400827,0.5671891888718276,0.007044433841019252,8.171322504241655,20.0,0.0,2.0,31.965785499545262,1.9937900006531795,1.5437900006531795,0,0,0
3.532403946,1787250879.545082808,1787250879.544983149,-11.957764709701156,0.5132688250914373,1.9934836848865505,0.48558050571547184,0.0,0.0,0.0,0.0,0.028999073550780886,0.003184622682862911,0.2404186041716546,0.9702308007271865,0.39985921443159467,0.5619285336698236,0.007812599168018462,8.1782360603994,20.0,0.0,2.0,31.961886874679255,1.9939742748896554,1.5439742748896554,0,0,0
3.542384624,1787250879.555063486,1787250879.554982901,-11.95375611408452,0.5188598202043003,1.9935656664002073,0.48595749492048557,0.0,0.0,0.0,0.0,0.03142114536889784,0.003600704561645605,0.24059838640412834,0.970109356212018,0.4018927485835606,0.5561962549033893,0.008584522509307184,8.185116088461722,20.0,0.0,2.0,31.957969064257902,1.9941901218848843,1.5441901218848844,0,0,0
3.552403212,1787250879.565082073,1787250879.564982891,-11.949726230632981,0.5243913421306883,1.9936553877848575,0.486099028799115,0.0,0.0,0.0,0.0,0.03361016778034264,0.003981613704513653,0.24066350335861797,0.9700183408189981,0.4041137017350999,0.5500410817984709,0.00936030910706436,8.191960483641864,20.0,0.0,2.0,31.95402999225924,1.9944257061617423,1.5444257061617424,0,0,0
3.562385321,1787250879.575064182,1787250879.574983358,-11.945673266026656,0.5298593481337153,1.9937528846017587,0.48599512235787684,0.0,0.0,0.0,0.0,0.035662246596167055,0.0043408864906045,0.2406091348504942,0.9699570119849057,0.40650708926003765,0.5434972082827133,0.010139418298979349,8.198767473973763,20.0,0.0,2.0,31.950067767924775,1.9945005145893746,1.5445005145893747,0,0,0
3.572402000,1787250879.585080862,1787250879.584983349,-11.94159554326429,0.5352600505003906,1.9938581545070948,0.4856409984619442,0.0,0.0,0.0,0.0,0.03766042334147884,0.00468746739957543,0.24043302326389446,0.96992354414526,0.40906429185826765,0.5365821024261739,0.01091213888392007,8.205535523229871,20.0,0.0,2.0,31.946080618651937,1.9946046128599582,1.5446046128599582,0,0,0
3.582400560,1787250879.595079422,1787250879.594982624,-11.93749144839899,0.5405897605955847,1.9939710947235318,0.4850177161379645,0.0,0.0,0.0,0.0,0.039680338923912165,0.005019454146126159,0.24012636353970648,0.9699173188041108,0.4117810777374538,0.5292977446844874,0.011674502997569851,8.212263239027575,20.0,0.0,2.0,31.942066834403786,1.9947373946125977,1.5447373946125977,0,0,0
3.592385530,1787250879.605064392,1787250879.604982853,-11.933359397996727,0.5458447425864763,1.9940915901408864,0.48411284838217716,0.0,0.0,0.0,0.0,0.04176505621985027,0.005330546077129817,0.23968358546920096,0.969937649652853,0.4146549690814846,0.5216343198085359,0.012420627791445685,8.218949283852211,20.0,0.0,2.0,31.938024732815617,1.9948982217475306,1.5448982217475307,0,0,0
3.602400780,1787250879.615079641,1787250879.614983082,-11.929197833646967,0.551021126387545,1.9942194440403713,0.4829075874013474,0.0,0.0,0.0,0.0,0.043942344583005714,0.005610741601415043,0.23909616646225795,0.9699848520024851,0.4176833985000903,0.5135746635076189,0.013147072518561325,8.225592318829747,20.0,0.0,2.0,31.933952652258988,1.995035115463969,1.545035115463969,0,0,0
3.612372637,1787250879.625051498,1787250879.624983072,-11.925005228772047,0.55611484922683,1.9943544419064554,0.48139409944266554,0.0,0.0,0.0,0.0,0.04620700581419161,0.005851285509372021,0.2383607982055662,0.9700591760044232,0.42086213318416216,0.50509907151792,0.013847009162054731,8.232190968117632,20.0,0.0,2.0,31.929848957597333,1.9949944675403508,1.5449944675403509,0,0,0
3.622410536,1787250879.635089397,1787250879.634984016,-11.920780110965811,0.5611216598004586,1.994496292290971,0.47955739853477714,0.0,0.0,0.0,0.0,0.048542479782252415,0.006045512084836478,0.23747060362347525,0.9701622502730788,0.42418476050582077,0.49618931525325793,0.014518475373602164,8.238743822009514,20.0,0.0,2.0,31.92571206254492,1.994983847835776,1.544983847835776,0,0,0
3.632391214,1787250879.645070076,1787250879.644983053,-11.916521083921696,0.5660371451111855,1.9946446947362448,0.477395718407797,0.0,0.0,0.0,0.0,0.05090890008708604,0.006191124764678175,0.23642482261114547,0.9702954483657851,0.4276422254737092,0.48683265738043047,0.015155637417910517,8.245249460370832,20.0,0.0,2.0,31.921540452010742,1.995002573620244,1.545002573620244,0,0,0
3.642378330,1787250879.655057192,1787250879.654982805,-11.912226853620597,0.5708568043726985,1.9947992931424912,0.4749013811098066,0.0,0.0,0.0,0.0,0.05326595301126116,0.006290510360633739,0.2352195312997058,0.9704611995460466,0.4312234563280214,0.4770238158084249,0.015758229273652773,8.251706505356209,20.0,0.0,2.0,31.91733270960144,1.995049889389094,1.545049889389094,0,0,0
3.652413845,1787250879.665092707,1787250879.664983034,-11.907896246212216,0.5755761305902046,1.994959695561059,0.4720886257397479,0.0,0.0,0.0,0.0,0.05555655453380135,0.006347423056513777,0.23386119313461806,0.9706606625461481,0.43491511159671675,0.46676828536774395,0.01631078115563829,8.258113683316017,20.0,0.0,2.0,31.91308753702496,1.9951249859706108,1.5451249859706109,0,0,0
3.662375927,1787250879.675054789,1787250879.674982786,-11.903528240150262,0.5801907464868133,1.9951252577747498,0.46899928852331935,0.0,0.0,0.0,0.0,0.05770223262584974,0.006356408979738938,0.2323699433411137,0.9708935357939728,0.4386999863032913,0.4560861796737516,0.016788309802883213,8.264469906068337,20.0,0.0,2.0,31.908803788852474,1.995226783977999,1.545226783977999,0,0,0
3.672412872,1787250879.685091734,1787250879.684983015,-11.899122003697165,0.5846965377507326,1.995295235801797,0.46568488442250777,0.0,0.0,0.0,0.0,0.059629471203101844,0.006314810509786698,0.230770444247157,0.9711588188315203,0.44255770256583715,0.44500927268568474,0.017200394514476355,8.270774346338836,20.0,0.0,2.0,31.904480512661863,1.9953540876674545,1.5453540876674545,0,0,0
3.682412624,1787250879.695091486,1787250879.694982767,-11.894676917774575,0.5890897526563357,1.99546914036881,0.46215979780513833,0.0,0.0,0.0,0.0,0.06129455730475262,0.0062232066706435114,0.22906921682387252,0.9714584617199269,0.4464658604246872,0.4335788865834769,0.017574042584321232,8.277026495478488,20.0,0.0,2.0,31.9001169739955,1.99550594224519,1.54550594224519,0,0,0
3.692381382,1787250879.705060244,1787250879.704982758,-11.890192599241413,0.593367107083314,1.9956465786671427,0.45844162145455686,0.0,0.0,0.0,0.0,0.06267743994950124,0.006087758199229554,0.22727412354579335,0.9717926478873854,0.4504002714242929,0.4218459516977309,0.01790707920813686,8.283226201757866,20.0,0.0,2.0,31.89571268200097,1.9956814792475477,1.5456814792475477,0,0,0
3.702415228,1787250879.715094090,1787250879.714983225,-11.885668900655823,0.5975258369572048,1.9958271577090358,0.4545416906034204,0.0,0.0,0.0,0.0,0.06378562557833845,0.00591605089885029,0.22539005146314256,0.9721603360623103,0.45433826335319394,0.409862566350332,0.018202250666923724,8.28937368025296,20.0,0.0,2.0,31.891267390630528,1.9958798244125842,1.5458798244125842,0,0,0
3.712389946,1787250879.725068808,1787250879.724983215,-11.881105890913709,0.6015636960010763,1.996010446149909,0.4504757120388304,0.0,0.0,0.0,0.0,0.06464315954618105,0.0057189395975242915,0.22342394535310528,0.9725586338605089,0.4582593577996485,0.39768010235764506,0.018445764593525746,8.295469495064562,20.0,0.0,2.0,31.88678107969726,1.9961000643560707,1.5461000643560707,0,0,0
3.722414970,1787250879.735093832,1787250879.734986544,-11.876503822605091,0.6054789177250163,1.9961959666006606,0.4462206818176641,0.0,0.0,0.0,0.0,0.06527992491252427,0.00550543649529225,0.22136401557252222,0.9729882805984971,0.4621477503447033,0.38534129674072876,0.01865533349985055,8.301514527049791,20.0,0.0,2.0,31.882253921939654,1.9963412435346344,1.5463412435346344,0,0,0
3.732413292,1787250879.745092154,1787250879.744983196,-11.871863087776742,0.6092701272315993,1.996383469286809,0.4417648189004905,0.0,0.0,0.0,0.0,0.065733933272941,0.005285512758737776,0.21920396403075693,0.9734478596846101,0.46599069778926844,0.3728838476717893,0.01883962810123775,8.307509929165343,20.0,0.0,2.0,31.87768623744855,1.9966026419645189,1.546602641964519,0,0,0
3.742370129,1787250879.755048990,1787250879.754983187,-11.867184192343705,0.6129363038450286,1.996572672886614,0.4371001048978281,0.0,0.0,0.0,0.0,0.06604984166917467,0.0050650548899176355,0.2169396571440609,0.9739347764571591,0.4697785972392799,0.3603390120426157,0.01899680359503232,8.313457089112438,20.0,0.0,2.0,31.873078467695947,1.9968835193167347,1.5468835193167347,0,0,0
3.752388239,1787250879.765067101,1787250879.764987469,-11.862467721517788,0.6164766955827979,1.996763285476298,0.4322353463394209,0.0,0.0,0.0,0.0,0.066273201040904,0.004850343388687283,0.2145752009256398,0.9744443648256811,0.47350494913232166,0.3477301624618906,0.019119358282790842,8.319357580945153,20.0,0.0,2.0,31.868431139566322,1.9971831384480465,1.5471831384480466,0,0,0
3.762357473,1787250879.775036335,1787250879.774983168,-11.857714308303384,0.6198907384050619,1.9969549719615904,0.42716230913778797,0.0,0.0,0.0,0.0,0.06644432822630258,0.004645336873514772,0.21210649073390803,0.9749740553883645,0.47716683398539417,0.3350706821166327,0.019213820740417286,8.325213122703843,20.0,0.0,2.0,31.863744832477465,1.997500734662341,1.547500734662341,0,0,0
3.772384405,1787250879.785063267,1787250879.784987450,-11.85292461313449,0.6231780014576062,1.9971471873946642,0.4218744612827068,0.0,0.0,0.0,0.0,0.06659259065777354,0.004452157686178037,0.2095302796026112,0.9755217409627913,0.4807602706980839,0.3223786363684258,0.01919692081924413,8.331025542592347,20.0,0.0,2.0,31.85902015709318,1.9978353503360993,1.5478353503360993,0,0,0
3.782386065,1787250879.795064926,1787250879.794987679,-11.848099331839743,0.6263382071214891,1.9973386111851952,0.41629604371417583,0.0,0.0,0.0,0.0,0.06671872021750982,0.004260652618191171,0.20680990036004382,0.9760943214284538,0.48428468628697585,0.30965619588128557,0.019084176205751043,8.336796754118453,20.0,0.0,2.0,31.854257763812697,1.9980923723733304,1.5480923723733304,0,0,0
3.792365313,1787250879.805044174,1787250879.804983139,-11.843239155003786,0.6293710147769943,1.9975287436831992,0.4103708512328642,0.0,0.0,0.0,0.0,0.066812177243121,0.004061157819460265,0.20391805809463828,0.9766970182979525,0.4877382374865946,0.29690096480008143,0.0189310452255496,8.342528716393176,20.0,0.0,2.0,31.84945829781278,1.9982135245485486,1.5482135245485487,0,0,0
3.802381039,1787250879.815059900,1787250879.814983368,-11.838344825725494,0.6322761369001454,1.997717143878857,0.4040538495422193,0.0,0.0,0.0,0.0,0.0668457400586822,0.0038385937023670694,0.20083305664843404,0.977334638489623,0.4911139125893511,0.28411960602427194,0.01874718189276516,8.348223423432918,20.0,0.0,2.0,31.8446224591614,1.9983466561106966,1.5483466561106967,0,0,0
3.812364578,1787250879.825043440,1787250879.824983358,-11.833417172242163,0.6350533601405368,1.9979035997628403,0.39733902530799864,0.0,0.0,0.0,0.0,0.06679342525088718,0.0035838519605649963,0.19755193108280805,0.9780076834431478,0.49440089634741274,0.27132425997402587,0.018538073875789197,8.353882884853887,20.0,0.0,2.0,31.83975103588472,1.9984912564401125,1.5484912564401125,0,0,0
3.822380066,1787250879.835058928,1787250879.834983110,-11.828457149531532,0.6377026382192125,1.9980878007775005,0.39022808867429004,0.0,0.0,0.0,0.0,0.06662440539411177,0.0032883240925925773,0.19407540899557235,0.9787160523633729,0.4975852158109039,0.25853426257729456,0.018295004153650353,8.359509111799357,20.0,0.0,2.0,31.834844947492087,1.9986467380934658,1.5486467380934659,0,0,0
3.832383871,1787250879.845062733,1787250879.844987392,-11.82346586244053,0.6402241460228335,1.9982693418134978,0.38275465638368683,0.0,0.0,0.0,0.0,0.0663200430296966,0.0029519065499004787,0.19041946434120138,0.9794556476636754,0.5006513023624105,0.2457741319029094,0.018007854699750272,8.365104101126985,20.0,0.0,2.0,31.829905269262834,1.9988124416492454,1.5488124416492455,0,0,0
3.842363358,1787250879.855042219,1787250879.854982853,-11.818444567761038,0.6426183085934722,1.9984478175585,0.37495091031950983,0.0,0.0,0.0,0.0,0.06586454863717657,0.002577004734009421,0.18659925949898165,0.9802223914162814,0.5035841049420716,0.23307060811980249,0.017676948106993492,8.370669823745343,20.0,0.0,2.0,31.824933234988755,1.9989877300114798,1.5489877300114798,0,0,0
3.852385283,1787250879.865064144,1787250879.864987612,-11.813394673166798,0.644885854793692,1.9986226426391829,0.3668631981120102,0.0,0.0,0.0,0.0,0.06525643756934997,0.002171003557085456,0.1826367895446732,0.9810100342015505,0.5063693028164523,0.2204552114169585,0.017281474534900615,8.37620821385366,20.0,0.0,2.0,31.819930237093605,1.9991718090447204,1.5491718090447204,0,0,0
3.862364292,1787250879.875043154,1787250879.874983072,-11.808317711179997,0.6470277832103164,1.9987934195701993,0.3584838035254106,0.0,0.0,0.0,0.0,0.06448373735129506,0.0017312801876610605,0.1785279825149336,0.9818180125386112,0.5089955130201922,0.20795157475325063,0.016873210880679695,8.381721159084435,20.0,0.0,2.0,31.814897799984355,1.9993640937981152,1.5493640937981152,0,0,0
3.872377157,1787250879.885056019,1787250879.884982824,-11.803215337224533,0.6490453688394971,1.9989600309825255,0.3498287961770617,0.0,0.0,0.0,0.0,0.06354528695569538,0.0012579549882382375,0.17428040286952834,0.9826427403846226,0.5114494293778593,0.1955927178297306,0.016442381457600182,8.387210478815987,20.0,0.0,2.0,31.8098375783062,1.9995642999960026,1.5495642999960026,0,0,0
3.882382154,1787250879.895061016,1787250879.894983292,-11.798089345311874,0.6509402464351574,1.999122078100475,0.34093736468929997,0.0,0.0,0.0,0.0,0.0624210598523047,0.0007393143073924148,0.1699135515860368,0.9834797657749188,0.5137164606348064,0.18341671314368774,0.015954019254839778,8.392677892597622,20.0,0.0,2.0,31.80475137440336,1.9986915466462811,1.5486915466462812,0,0,0
3.892361164,1787250879.905040026,1787250879.904983282,-11.792941681601246,0.6527144363486512,1.9992788893300877,0.3318777259320854,0.0,0.0,0.0,0.0,0.06110859924072614,0.00017002867218780622,0.16546104227974173,0.9843212654803251,0.5157815024439097,0.17146016333238295,0.015403388653626305,8.398124981846808,20.0,0.0,2.0,31.79964115245825,1.9935025029880868,1.5435025029880869,0,0,0
3.902383327,1787250879.915062189,1787250879.914982796,-11.787774439054838,0.6543702966769237,1.9994300024423155,0.3227066200524979,0.0,0.0,0.0,0.0,0.059598019387721184,-0.0004597030734710805,0.16095102200950895,0.9851612219693991,0.517629389015478,0.15975779494693285,0.01480901342485814,8.403553158716885,20.0,0.0,2.0,31.794509032194508,1.988297979659666,1.538297979659666,0,0,0
3.912366867,1787250879.925045729,1787250879.924983025,-11.782589870058214,0.6559105649315103,1.9995749024188327,0.3134841646440999,0.0,0.0,0.0,0.0,0.057910651347709695,-0.0011450825955404789,0.15641278114764212,0.9859919305653537,0.5192447044745528,0.14834605468614925,0.014172559208267243,8.408963628010767,20.0,0.0,2.0,31.78935730237753,1.9830799011892848,1.5330799011892848,0,0,0
3.922379255,1787250879.935058117,1787250879.934983253,-11.777390352330258,0.6573382539916253,1.9997136068904386,0.30420078810906426,0.0,0.0,0.0,0.0,0.056097419419279905,-0.0018622829256899225,0.15184048980654194,0.986810051171,0.5206180010289841,0.13724533593730254,0.013577519633644126,8.414357376205311,20.0,0.0,2.0,31.784188384581316,1.9778503372982046,1.5278503372982046,0,0,0
3.932389021,1787250879.945067883,1787250879.944995880,-11.772178329384271,0.6586565835311308,1.9998465020904133,0.29485299018935196,0.0,0.0,0.0,0.0,0.054225806122758825,-0.002580033447979502,0.1472312826827906,0.9876111860329067,0.5217457739208874,0.12647758816156182,0.012999312021685637,8.419735185898709,20.0,0.0,2.0,31.77900477222007,1.9726114445647593,1.5226114445647594,0,0,0
3.942385674,1787250879.955064535,1787250879.954982996,-11.766956243075205,0.6598689445904167,1.999973681251619,0.28541280079478476,0.0,0.0,0.0,0.0,0.05233195626852789,-0.0032780167236609874,0.1425706532104114,0.9883947742691809,0.5226317644140696,0.11605181130447184,0.012443046037797247,8.425097664737498,20.0,0.0,2.0,31.773808962322764,1.967365399000009,1.517365399000009,0,0,0
3.952411652,1787250879.965090513,1787250879.964983225,-11.761726472655937,0.6609787703373212,2.000095451093762,0.27588282465714087,0.0,0.0,0.0,0.0,0.05044893634989119,-0.0039387183049218455,0.1378595006953075,0.9891583035021845,0.5232843073556636,0.10597103423481948,0.011913423999759528,8.430445284742808,20.0,0.0,2.0,31.76860339183579,1.9621143365575922,1.5121143365575922,0,0,0
3.962413073,1787250879.975091934,1787250879.974982977,-11.75649129777696,0.6619895233979586,2.000211955796458,0.26628695324984314,0.0,0.0,0.0,0.0,0.04858176341085009,-0.004555357580958348,0.13310962320157502,0.9898994338781776,0.5237146333840832,0.09623779913816358,0.01138435576155011,8.435778412446963,20.0,0.0,2.0,31.763390400267376,1.9568603149651076,1.5068603149651076,0,0,0
3.972376347,1787250879.985055208,1787250879.984982967,-11.751252879222125,0.6629047036105133,2.000322925159687,0.25666497037424185,0.0,0.0,0.0,0.0,0.04671713037582626,-0.005126317732804549,0.12834080927797603,0.9906159029966279,0.5239351179744557,0.08685764476059797,0.010796265514934523,8.441097331319877,20.0,0.0,2.0,31.758172210482467,1.9516052927626606,1.5016052927626606,0,0,0
3.982388973,1787250879.995067835,1787250879.994982719,-11.746013262601855,0.6637278812910274,2.0004278027284372,0.2469914529005315,0.0,0.0,0.0,0.0,0.04472752820069973,-0.005670938123039756,0.12354014038622746,0.991314845241012,0.5239551652225483,0.07784040535028891,0.010179748319931887,8.446402253857062,20.0,0.0,2.0,31.752950932987492,1.9463511308659651,1.4963511308659652,0,0,0
3.992377996,1787250880.005056858,1787250880.004983187,-11.740774435796922,0.6644628534989149,2.000526346025143,0.23725008698822278,0.0,0.0,0.0,0.0,0.04248561138933606,-0.006208863477746599,0.11869902267045215,0.9920014943820743,0.5237770237948405,0.06922645394388535,0.009512025279493503,8.45169330301765,20.0,0.0,2.0,31.747728626546806,1.9410996458890282,1.4910996458890282,0,0,0
4.002358675,1787250880.015037537,1787250880.014983177,-11.735538399903632,0.665113965274143,2.000617945674616,0.22739658870629023,0.0,0.0,0.0,0.0,0.03982568387269836,-0.006769835560270765,0.11379469073977402,0.9926826545225811,0.5233952855915174,0.061080470240077754,0.008809313554317334,8.456970462188591,20.0,0.0,2.0,31.742507375763772,1.9358526740421769,1.485852674042177,0,0,0
4.012384415,1787250880.025063276,1787250880.024983168,-11.730307249773405,0.6656863337319764,2.000702380028555,0.21743454845311708,0.0,0.0,0.0,0.0,0.03663768821194381,-0.007373321506524643,0.10882803525640475,0.9933578271069679,0.5227975809320204,0.053496880698744885,0.008053752786610064,8.462233509451975,20.0,0.0,2.0,31.73728937627279,1.9306121470627864,1.4806121470627864,0,0,0
4.022405624,1787250880.035084486,1787250880.034987450,-11.725083220566292,0.6661861770419509,2.0007785326157976,0.2074552018438737,0.0,0.0,0.0,0.0,0.03281292378908786,-0.008036486741222051,0.10384312117856016,0.9940197850632374,0.5219681438698827,0.046595853534996616,0.007153165542059397,8.467481949573367,20.0,0.0,2.0,31.732076988127513,1.92538013173369,1.47538013173369,0,0,0
4.032395601,1787250880.045074463,1787250880.044982910,-11.719868713974874,0.6666209540392048,2.000844722291698,0.1975954497640317,0.0,0.0,0.0,0.0,0.028341309705769827,-0.008761924012757816,0.09890706271814388,0.9946544082223863,0.5208907574662247,0.040505860913200985,0.006031754048600025,8.472714968883716,20.0,0.0,2.0,31.72687276492472,1.9201588528027995,1.4701588528027996,0,0,0
4.042420387,1787250880.055099249,1787250880.054982662,-11.71466627925767,0.6669994050824035,2.0008983756110466,0.18803274057702585,0.0,0.0,0.0,0.0,0.02323674624958075,-0.009548339474326858,0.0941071361871157,0.9952450601513555,0.5195513154490997,0.03534883128077979,0.004673217344937309,8.477931426576205,20.0,0.0,2.0,31.72167943565004,1.9149506719746294,1.4649506719746295,0,0,0
4.052393436,1787250880.065072298,1787250880.064983130,-11.70947860931419,0.6673313590602022,2.0009383406055834,0.17892178668259795,0.0,0.0,0.0,0.0,0.01764824765338312,-0.010383377817425118,0.08952057059798191,0.9957744685719138,0.5179354280268494,0.03121880718549972,0.0033681707667085384,8.483129860002409,20.0,0.0,2.0,31.716499896707113,1.9097580869904094,1.4597580869904094,0,0,0
4.062393904,1787250880.075072765,1787250880.074983120,-11.704308519094521,0.6676274079507383,2.00096664809802,0.17029219025957779,0.0,0.0,0.0,0.0,0.011894868269370838,-0.011255543034812741,0.08516458081664398,0.9962323117798233,0.5160353513025097,0.028174487000927662,0.002333813176424491,8.488308496805585,20.0,0.0,2.0,31.71133718347722,1.9045837150969935,1.4545837150969936,0,0,0
4.072392941,1787250880.085071802,1787250880.084982872,-11.699158828427722,0.6678984966733236,2.0009854087865624,0.16213236341108023,0.0,0.0,0.0,0.0,0.006333017403397403,-0.012151028151048661,0.08103686672418962,0.9966169131802683,0.5138576973865628,0.02622219185771557,0.0014163556044676662,8.493465351954091,20.0,0.0,2.0,31.706194344367095,1.8994301797919142,1.4494301797919142,0,0,0
4.082382679,1787250880.095061541,1787250880.094983101,-11.694032255276683,0.6681552910796146,2.0009952260964785,0.15434715234448368,0.0,0.0,0.0,0.0,0.0012459279408699802,-0.013068447571329503,0.07709342224846713,0.9969374441697237,0.5114131529670253,0.025300285536090004,0.0005698126085278057,8.498598361989112,20.0,0.0,2.0,31.701074320628177,1.8943000123302853,1.4443000123302854,0,0,0
4.092397690,1787250880.105076551,1787250880.104983568,-11.688931421568332,0.6684075670697599,2.0009973772058784,0.14686295190966586,0.0,0.0,0.0,0.0,-0.003146318603316896,-0.01399958075660681,0.07330090762374479,0.9972066432587686,0.5087119195492149,0.025296648253967813,-0.00010839047928644126,8.503705430847344,20.0,0.0,2.0,31.695979939281546,1.889195667643922,1.4391956676439221,0,0,0
4.102394342,1787250880.115073204,1787250880.114982843,-11.683858821897092,0.6686638029091283,2.00099358177095,0.13968959767404693,0.0,0.0,0.0,0.0,-0.006713178599767782,-0.014935272442221864,0.06966724741730984,0.9974358854119194,0.5057692332053204,0.026066047109302347,-0.0006292317595903206,8.508784499525298,20.0,0.0,2.0,31.690913873134548,1.8841194988402847,1.4341194988402848,0,0,0
4.112394094,1787250880.125072956,1787250880.124983311,-11.678816775766318,0.6689309173494532,2.000984964472629,0.1328467384757569,0.0,0.0,0.0,0.0,-0.009411637453447646,-0.015859533618290275,0.06620482959316107,0.9976356132438315,0.5026049372264674,0.027444185833880756,-0.0010972190532191712,8.513833623564862,20.0,0.0,2.0,31.68587858739149,1.8790737126308463,1.4290737126308464,0,0,0
4.122398853,1787250880.135077715,1787250880.134983301,-11.673807398464623,0.6692141656006456,2.0009717844404142,0.1262594343317629,0.0,0.0,0.0,0.0,-0.01128446602618629,-0.01675030186453062,0.06287811449804812,0.9978168323550778,0.49923820517313244,0.029266522318184537,-0.0015244280622990344,8.5188510197258,20.0,0.0,2.0,31.680876308253186,1.8740603413366046,1.4240603413366046,0,0,0
4.132396698,1787250880.145075560,1787250880.144983053,-11.668832623903182,0.669517230791636,2.000954800359668,0.11985520543310685,0.0,0.0,0.0,0.0,-0.01244124945935601,-0.017583950628363768,0.059651767691041725,0.997986816848561,0.49568787478854964,0.03138464844122202,-0.0018555730006862034,8.523835046100745,20.0,0.0,2.0,31.675909047646368,1.8690812645247366,1.4190812645247366,0,0,0
4.142402887,1787250880.155081749,1787250880.154983282,-11.663894182540163,0.6698424342711728,2.0009350235020453,0.11358710267988495,0.0,0.0,0.0,0.0,-0.013050510879406018,-0.01834505860983808,0.05650168227307297,0.9981486376741197,0.4919751042969559,0.03367666083550854,-0.0020830233394892234,8.528784222953835,20.0,0.0,2.0,31.67097858551453,1.8641381829168462,1.4141381829168462,0,0,0
4.152395964,1787250880.165074825,1787250880.164983034,-11.658993589312868,0.6701910482480279,2.0009133750223405,0.10744807275782492,0.0,0.0,0.0,0.0,-0.013306847163583902,-0.019022489088119217,0.05342245213795257,0.9983021157620701,0.48812212658639054,0.03605521389724016,-0.002241878569879874,8.53369724792232,20.0,0.0,2.0,31.666086464284767,1.8592326005920778,1.4092326005920779,0,0,0
4.162393808,1787250880.175072670,1787250880.174982786,-11.654132135202074,0.6705636609900308,2.000890254611863,0.10149539425000718,0.0,0.0,0.0,0.0,-0.01341590268881519,-0.01961133124022678,0.050439752109049746,0.9984444103950946,0.484150500360975,0.03847179742561167,-0.0023793987593447134,8.538573015644456,20.0,0.0,2.0,31.661233988093805,1.8543658100276568,1.4043658100276568,0,0,0
4.172393560,1787250880.185072422,1787250880.184983015,-11.649310912824458,0.6709605740064725,2.0008658091001505,0.09580803926621702,0.0,0.0,0.0,0.0,-0.013555605524572868,-0.02011203270094704,0.04758991371178528,0.9985724569666455,0.48007872509439836,0.0409163582710824,-0.0025103320477019154,8.543410610371186,20.0,0.0,2.0,31.65642225675741,1.8495389111966838,1.3995389111966838,0,0,0
4.182390928,1787250880.195069790,1787250880.194982767,-11.644530844859265,0.6713821502137172,2.0008400814831124,0.09047493470119855,0.0,0.0,0.0,0.0,-0.013866749911325173,-0.02053806840958629,0.04491436035315006,0.998683433940389,0.4759215617943567,0.043410268381372394,-0.002631283378954737,8.548209301667848,20.0,0.0,2.0,31.651652201561483,1.8447528344972337,1.3947528344972338,0,0,0
4.192394257,1787250880.205073118,1787250880.204982758,-11.639792725599866,0.6718290835744612,2.0008131224075,0.08558464153738272,0.0,0.0,0.0,0.0,-0.014433318642978064,-0.020906349355682727,0.042455216260377016,0.9987753293318038,0.4716911598304983,0.04599573440187441,-0.002772688491057816,8.552968529581804,20.0,0.0,2.0,31.646924632539367,1.8400083783433299,1.39000837834333,0,0,0
4.202393532,1787250880.215072393,1787250880.214983225,-11.635097242955709,0.6723025501261265,2.0007845694964925,0.08124565661576412,0.0,0.0,0.0,0.0,-0.015289308839072539,-0.021237609122496805,0.04026545310262045,0.9988462816071471,0.46739429785413433,0.048726763958273876,-0.002933128402753291,8.55768790910732,20.0,0.0,2.0,31.64224026370003,1.8353062291312827,1.3853062291312828,0,0,0
4.212393999,1787250880.225072861,1787250880.224983215,-11.630445055164264,0.6728042905303974,2.0007544927854437,0.07755335199005883,0.0,0.0,0.0,0.0,-0.016414983354360493,-0.021550310130185744,0.038392630485605615,0.9988954591843756,0.46303278766216044,0.05165893415339913,-0.0030861186677712893,8.562367171793758,20.0,0.0,2.0,31.637599791551523,1.8306470377821307,1.3806470377821307,0,0,0
4.222396612,1787250880.235075474,1787250880.234983206,-11.625836806906864,0.6733365597346889,2.0007229621365203,0.07460258045376539,0.0,0.0,0.0,0.0,-0.0177540365357255,-0.021860228811428354,0.03688487480723762,0.9989226349389899,0.45860541632402146,0.05483983179306746,-0.0032076020061459843,8.567006164862246,20.0,0.0,2.0,31.63300391019567,1.8260314373087203,1.3760314373087204,0,0,0
4.232398272,1787250880.245077133,1787250880.244983196,-11.621273178296274,0.6739020305758321,2.0006905355562257,0.0724613683431034,0.0,0.0,0.0,0.0,-0.019223690854919102,-0.02217724727913483,0.03577761142778912,0.9989287171432989,0.4541086390610229,0.05830309924726481,-0.0032719983798148713,8.571604807580558,20.0,0.0,2.0,31.62845335833058,1.8214600943874841,1.3714600943874842,0,0,0
4.242422104,1787250880.255100965,1787250880.254982948,-11.61675487852832,0.6745036174720775,2.000657749906165,0.07118954009159652,0.0,0.0,0.0,0.0,-0.020732435386323415,-0.02250451396941392,0.03510254718545086,0.9989151736534218,0.449538699736552,0.06206437285290383,-0.003271452511233262,8.576163098322237,20.0,0.0,2.0,31.623948909197946,1.8169337063218818,1.3669337063218818,0,0,0
4.252388000,1787250880.265066862,1787250880.264983177,-11.612282660928273,0.6751443057127038,2.000625358220992,0.07080869055000476,0.0,0.0,0.0,0.0,-0.022191463567650248,-0.022843406687401854,0.034872352551365726,0.9988841958621495,0.44489177247386047,0.06612134942631491,-0.0031963473827684523,8.58068109133962,20.0,0.0,2.0,31.619491382042114,1.8124530194708848,1.3624530194708848,0,0,0
4.262395859,1787250880.275074720,1787250880.274982929,-11.607857310010099,0.6758269623485268,2.0005939463193707,0.07130249273294509,0.0,0.0,0.0,0.0,-0.023525062390403344,-0.023210857951719132,0.035080141656610365,0.9988379303841164,0.44016468869460057,0.07045319916669723,-0.003084896188982684,8.585158896330794,20.0,0.0,2.0,31.615081625163775,1.8080188194981135,1.3580188194981135,0,0,0
4.272396326,1787250880.285075188,1787250880.284983158,-11.60347965709833,0.6765541744543973,2.000563706548951,0.07262580614161424,0.0,0.0,0.0,0.0,-0.024675813445150088,-0.023620839687245692,0.035704295158554854,0.9987784356254997,0.4353502976048349,0.07502639860262729,-0.0029546768230463067,8.58959664315847,20.0,0.0,2.0,31.6107205280956,1.8036319495773658,1.3536319495773659,0,0,0
4.282393456,1787250880.295072317,1787250880.294983149,-11.599150631912956,0.6773281566744174,2.000534938819548,0.07474546345465792,0.0,0.0,0.0,0.0,-0.0256109852449651,-0.024090032991815672,0.036728547162468435,0.9987065442704227,0.4304375326966738,0.07979929195173444,-0.002799877183522622,8.593994407944674,20.0,0.0,2.0,31.606409071204347,1.7992933635430621,1.3492933635430622,0,0,0
4.292395592,1787250880.305074453,1787250880.304983139,-11.594871273772547,0.6781506677731649,2.0005077099988755,0.07760955589724709,0.0,0.0,0.0,0.0,-0.026320541365114115,-0.024624456377703476,0.03812706139338828,0.9986226476702071,0.425414318585715,0.08472467153260764,-0.0026400765025240613,8.598352179394638,20.0,0.0,2.0,31.60214833507729,1.7950041379596153,1.3450041379596154,0,0,0
4.302394152,1787250880.315073013,1787250880.314982891,-11.590642759277403,0.6790230040795149,2.0004821551695495,0.08116945665583036,0.0,0.0,0.0,0.0,-0.02681650150179527,-0.025226164116039437,0.039875273648874124,0.9985261531089821,0.42026705474727416,0.08975633489052869,-0.0024757099331885225,8.602669812833957,20.0,0.0,2.0,31.59793952802664,1.7907654996140472,1.3407654996140472,0,0,0
4.312394619,1787250880.325073481,1787250880.324982643,-11.586466385482655,0.6799460038783203,2.0004581427697876,0.08536318465300087,0.0,0.0,0.0,0.0,-0.027125862378197883,-0.025882409490912642,0.04194205192806102,0.9984163223571857,0.4149837116899336,0.09485140508721501,-0.0023200906404880124,8.606947031941905,20.0,0.0,2.0,31.593783969308117,1.786578807988547,1.336578807988547,0,0,0
4.322396278,1787250880.335075140,1787250880.334982872,-11.58234357436943,0.6809201291796202,2.0004358498459904,0.09016461155865227,0.0,0.0,0.0,0.0,-0.0272827646438997,-0.02656395577399336,0.04431449703517036,0.9982916569618033,0.40955394052983923,0.0999756925474151,-0.002138054859100404,8.61118342056341,20.0,0.0,2.0,31.589683095305045,1.7824455582616339,1.332445558261634,0,0,0
4.332396507,1787250880.345075369,1787250880.344983578,-11.578275796803542,0.6819455141731428,2.0004153753806904,0.0955285566791163,0.0,0.0,0.0,0.0,-0.027326588014109282,-0.027235543931675727,0.046970225849665884,0.9981509307804528,0.4039771444039105,0.10509937383272652,-0.0019543708375694157,8.615378494807594,20.0,0.0,2.0,31.585638384490917,1.7783673039346097,1.3283673039346098,0,0,0
4.342428684,1787250880.355107546,1787250880.354982615,-11.574264504723514,0.6830220426441893,2.000396709036926,0.10140042428802098,0.0,0.0,0.0,0.0,-0.027296664759180436,-0.027871002682985903,0.049881817010847915,0.9979929376674799,0.398258571099579,0.11020108662374337,-0.0017873366172165433,8.619531773769168,20.0,0.0,2.0,31.581651291253902,1.7743455875062408,1.3243455875062409,0,0,0
4.352396011,1787250880.365074873,1787250880.364982843,-11.570311065833517,0.6841494175473147,2.000379519141699,0.10770395002393351,0.0,0.0,0.0,0.0,-0.027230124689989123,-0.028448854199373565,0.05301087798837513,0.9978171324541447,0.39240763731970046,0.11526782344342563,-0.0016474735998997026,8.623642850115047,20.0,0.0,2.0,31.577723182063888,1.7703818738095802,1.3203818738095803,0,0,0
4.362393618,1787250880.375072479,1787250880.374983311,-11.566416756239603,0.6853272666278579,2.0003637240291057,0.1143745139872557,0.0,0.0,0.0,0.0,-0.027156577576070817,-0.02895695806856114,0.05632468494002132,0.9976229471800344,0.38643552011706556,0.12029497176960352,-0.0015188318288634616,8.627711415606147,20.0,0.0,2.0,31.573855330372364,1.7664775413062896,1.3164775413062897,0,0,0
4.372393370,1787250880.385072231,1787250880.384983063,-11.56258270754634,0.6865551799913596,2.000349010858298,0.12134707094801059,0.0,0.0,0.0,0.0,-0.02709836283988791,-0.029386672367969928,0.05979036551853821,0.9974102538121888,0.3803572929268815,0.12528158689500174,-0.001420989830687551,8.631737321353674,20.0,0.0,2.0,31.570048864512152,1.7626338284631258,1.3126338284631258,0,0,0
4.382396460,1787250880.395075321,1787250880.394982815,-11.558809926716272,0.6878327873876533,2.000335442794727,0.12862888752768742,0.0,0.0,0.0,0.0,-0.027065976526055552,-0.029726479974189753,0.06341153252229034,0.9971773898591011,0.3741845067386778,0.13023472748767018,-0.0012860706398903025,8.63572057880746,20.0,0.0,2.0,31.56630478922949,1.7588518529647474,1.3088518529647475,0,0,0
4.392401218,1787250880.405080080,1787250880.404994965,-11.555099270439673,0.6891597768045968,2.00032335123189,0.1362178518305095,0.0,0.0,0.0,0.0,-0.02706185869865946,-0.029968105443676635,0.06718724610776888,0.996922987206306,0.36793566829894064,0.1351586920119446,-0.0011294910593013473,8.639661393078855,20.0,0.0,2.0,31.562623960466652,1.7551325859652778,1.3051325859652778,0,0,0
4.402368069,1787250880.415046930,1787250880.414983273,-11.551451403056936,0.6905358796080403,2.0003129248944234,0.14411862460236363,0.0,0.0,0.0,0.0,-0.027076307900197768,-0.030103399003145598,0.07112029104397304,0.9966456557477044,0.3616301687660639,0.14005793475103845,-0.0009546190169278347,8.6435602011116,20.0,0.0,2.0,31.559007042972876,1.751476810127841,1.301476810127841,0,0,0
4.412365198,1787250880.425044060,1787250880.424982786,-11.547866783646342,0.6919608586011211,2.000304249570069,0.15230452634590305,0.0,0.0,0.0,0.0,-0.02709622913852571,-0.030130553678728262,0.07519772572686619,0.9963449433539535,0.35528954097891163,0.1449341441069625,-0.0007799104469091851,8.647417679136264,20.0,0.0,2.0,31.555454497140428,1.7478851068610155,1.2978851068610155,0,0,0
4.422367573,1787250880.435046434,1787250880.434983253,-11.544345654900985,0.693434481483814,2.000297253317646,0.16073418043609206,0.0,0.0,0.0,0.0,-0.027101483993677865,-0.030048555957630514,0.07939945394864242,0.9960212450358973,0.34893617522306913,0.14978588920091845,-0.0006281341132840244,8.651234740963027,20.0,0.0,2.0,31.551966567305136,1.7443578453383093,1.2943578453383093,0,0,0
4.432384729,1787250880.445063591,1787250880.444983006,-11.5408880287558,0.6949564796538741,2.000291546121956,0.16934089277059503,0.0,0.0,0.0,0.0,-0.027074296302015903,-0.029863582536078823,0.0836924452018448,0.9956760133366666,0.34259188255050327,0.15460874762907273,-0.0005137087215725903,8.655012529940937,20.0,0.0,2.0,31.548543266466726,1.740895168166535,1.290895168166535,0,0,0
4.442406654,1787250880.455085516,1787250880.454983234,-11.537493721659914,0.696526538744572,2.000286888414843,0.17806393828235992,0.0,0.0,0.0,0.0,-0.026994761740547383,-0.02958076002798412,0.0880467078015127,0.9953110261220123,0.33627626238697,0.15939617646012727,-0.00042695243023652336,8.658752373240288,20.0,0.0,2.0,31.545184411336365,1.737497026518791,1.287497026518791,0,0,0
4.452368021,1787250880.465046883,1787250880.464982748,-11.534162340801291,0.6981442492204198,2.000282864623323,0.18684005459462635,0.0,0.0,0.0,0.0,-0.026845333104865636,-0.02921360862438094,0.09243059393408651,0.9949283785613025,0.3300088850879406,0.1641376109172075,-0.0003754444680309795,8.662455763821871,20.0,0.0,2.0,31.541889607452852,1.7341631660550638,1.2841631660550639,0,0,0
4.462364197,1787250880.475043058,1787250880.474982738,-11.530893341397803,0.6998090970311831,2.0002794752598287,0.19567009830104312,0.0,0.0,0.0,0.0,-0.026589026221976973,-0.02878201261412798,0.09684458106999785,0.9945279013440618,0.32380236438232585,0.16882046572838785,-0.00029851971600463586,8.666124290340896,20.0,0.0,2.0,31.538658306227905,1.730893183751583,1.2808931837515831,0,0,0
4.472364187,1787250880.485043049,1787250880.484982967,-11.527686042116603,0.7015203856026898,2.000276899624751,0.20453811735151786,0.0,0.0,0.0,0.0,-0.02619724562760675,-0.028309292602947275,0.10128033439908124,0.9941099446931702,0.31767119996057985,0.17342121258743767,-0.0002205072991556359,8.669759573533174,20.0,0.0,2.0,31.535489818589525,1.7276865425610857,1.2776865425610857,0,0,0
4.482362986,1787250880.495041847,1787250880.494983196,-11.524539622106246,0.7032771448819773,2.00027492069893,0.21339097694364842,0.0,0.0,0.0,0.0,-0.025630957573064703,-0.02780759595085473,0.10571160083544148,0.9936774371344708,0.31162857306848196,0.17790884950975935,-0.00018545662322765242,8.67336320586224,20.0,0.0,2.0,31.5323833099219,1.7245425670863663,1.2745425670863664,0,0,0
4.492365837,1787250880.505044699,1787250880.504982710,-11.521453143517506,0.705078069500884,2.000273040890962,0.22215242988222725,0.0,0.0,0.0,0.0,-0.024869488845937714,-0.027287102973982784,0.11010022485890895,0.993234545825832,0.3056838911338638,0.18224859284935307,-0.00019210156113435453,8.67693667519825,20.0,0.0,2.0,31.52933782110896,1.721460464287907,1.271460464287907,0,0,0
4.502397060,1787250880.515075922,1787250880.514982939,-11.518425590092141,0.7069214987827164,2.0002710073042023,0.23075566036420603,0.0,0.0,0.0,0.0,-0.02389287425396217,-0.026746886041646142,0.11441311774848752,0.9927856632395686,0.29984549971492613,0.18640290578975782,-0.0002200543045899308,8.680481293005016,20.0,0.0,2.0,31.526352306555566,1.7184393599750907,1.2684393599750907,0,0,0
4.512408733,1787250880.525087595,1787250880.524983168,-11.515455841659266,0.7088053757539594,2.0002685203178756,0.23914586771066007,0.0,0.0,0.0,0.0,-0.022719507059330363,-0.02619177906857314,0.11862212579842012,0.9923339185875226,0.29412425906350836,0.19033220470032902,-0.00027875028321665025,8.68399816723968,20.0,0.0,2.0,31.52342560763941,1.715478270699962,1.265478270699962,0,0,0
4.522385120,1787250880.535063982,1787250880.534982681,-11.512542703364279,0.7107273023699513,2.000265553421039,0.24735886026190376,0.0,0.0,0.0,0.0,-0.02143360282268297,-0.02564290127511362,0.1227422208647494,0.991875692565063,0.28852345393968654,0.19400983927733065,-0.0003047575669082283,8.687488179481129,20.0,0.0,2.0,31.52055648303516,1.712576130673783,1.262576130673783,0,0,0
4.532385826,1787250880.545064688,1787250880.544982672,-11.509684972521747,0.7126846967198652,2.000262579581385,0.2554290351585716,0.0,0.0,0.0,0.0,-0.020136591124355206,-0.02512422726637942,0.12678748510559062,0.9914071941048025,0.2830424785411636,0.19742532776556931,-0.0002848670340597517,8.690951996314213,20.0,0.0,2.0,31.517743678973112,1.7097318572966351,1.2597318572966352,0,0,0
4.542419672,1787250880.555098534,1787250880.554983139,-11.506881473136055,0.7146749563552858,2.0002600007175144,0.2633841927925376,0.0,0.0,0.0,0.0,-0.01891558431548485,-0.02464884525968214,0.13076962855535315,0.9909257991115495,0.27767567525243625,0.200585474796105,-0.00022355172628015613,8.69439012791037,20.0,0.0,2.0,31.514985967362982,1.7069443852995962,1.2569443852995963,0,0,0
4.552385807,1787250880.565064669,1787250880.564982891,-11.504131110485867,0.716695626152133,2.0002582264366024,0.27122607944496807,0.0,0.0,0.0,0.0,-0.017839181270815876,-0.024223081849108406,0.1346881998233128,0.9904312670476805,0.27241333361762465,0.2035119817048482,-0.000126303419841253,8.69780298657775,20.0,0.0,2.0,31.512282204148747,1.7042127222453658,1.2542127222453658,0,0,0
4.562405825,1787250880.575084686,1787250880.574983120,-11.501432895584232,0.7187445236472316,2.000257553181059,0.27894680860698806,0.0,0.0,0.0,0.0,-0.016948116298214095,-0.023840818835623362,0.13853897369354456,0.9899249110306946,0.2672443153922267,0.20623695634717287,-6.238387106157388e-06,8.701190957217248,20.0,0.0,2.0,31.509631356644,1.7015359746647574,1.2515359746647574,0,0,0
4.572391987,1787250880.585070848,1787250880.584982872,-11.49878593805998,0.7208198141080685,2.0002579153997035,0.2865363591643597,0.0,0.0,0.0,0.0,-0.016261920970510445,-0.02349688067979838,0.14231708199639423,0.9894085580268143,0.2621609614911883,0.2087967177611676,6.027986531062899e-05,8.704554469483204,20.0,0.0,2.0,31.507032498200402,1.6989133429905086,1.2489133429905086,0,0,0
4.582385063,1787250880.595063925,1787250880.594982624,-11.496189438607036,0.7229200441482918,2.0002586682056163,0.294063568672115,0.0,0.0,0.0,0.0,-0.01578304733669503,-0.0232024978578442,0.14605656332032696,0.9888781622732801,0.25714909017426596,0.2112321059327239,9.464176979341577e-05,8.707894046731557,20.0,0.0,2.0,31.504484801528847,1.6963441161735506,1.2463441161735507,0,0,0
4.592386246,1787250880.605065107,1787250880.604982853,-11.49364277711686,0.7250441725971172,2.000259821674994,0.3015887975765797,0.0,0.0,0.0,0.0,-0.015496171344586113,-0.02297106497708984,0.14978746491672495,0.9883298610288462,0.2521909413764967,0.2135821974938828,0.00013166844768255665,8.711210280701462,20.0,0.0,2.0,31.501987627646123,1.6938277625225575,1.2438277625225576,0,0,0
4.602399826,1787250880.615078688,1787250880.614986181,-11.491145505874895,0.7271915158461738,2.000261373952889,0.3091735773176154,0.0,0.0,0.0,0.0,-0.015371832397639135,-0.022819097143254637,0.1535404773540319,0.9877592405987411,0.2472670989481662,0.21588025853229387,0.00018628379018650762,8.71450382728452,20.0,0.0,2.0,31.499540517938033,1.6913639242985912,1.2413639242985912,0,0,0
4.612408638,1787250880.625087500,1787250880.624983072,-11.48869739366294,0.7293616920181858,2.00026368242858,0.3168443613446824,0.0,0.0,0.0,0.0,-0.015371644883862298,-0.022756643486648704,0.15732914385114236,0.9871643167202979,0.2423556936111524,0.21815230706753302,0.0002812515330840008,8.717775359547689,20.0,0.0,2.0,31.497143237077662,1.688952463026637,1.238952463026637,0,0,0
4.622406721,1787250880.635085583,1787250880.634983301,-11.486298419575638,0.7315545321237663,2.0002670947469787,0.32460552771685447,0.0,0.0,0.0,0.0,-0.015453112081360508,-0.02278924915851435,0.1611561756681518,0.9865447473347612,0.23743612552736115,0.22041507522767126,0.0004033964953477553,8.721025534319006,20.0,0.0,2.0,31.494795764878074,1.6865934534383225,1.2365934534383225,0,0,0
4.632408381,1787250880.645087242,1787250880.644982576,-11.483948763058523,0.7337699906788491,2.0002717791896334,0.33243302304823874,0.0,0.0,0.0,0.0,-0.01557491559590722,-0.022912164548089663,0.16501042125271076,0.9859026400197459,0.23248893923606045,0.22267680473545506,0.0005371336858038171,8.724254955985762,20.0,0.0,2.0,31.492498284321282,1.6842871730113036,1.2342871730113036,0,0,0
4.642425537,1787250880.655104399,1787250880.654983044,-11.48164879111491,0.7360080688598044,2.000277875217286,0.34030835176325397,0.0,0.0,0.0,0.0,-0.01569989222409841,-0.02311364815218078,0.16888356184290662,0.9852398769804753,0.22749685452045276,0.22493849553419729,0.0006810778869377513,8.727464146233633,20.0,0.0,2.0,31.49025116701593,1.6820340883157865,1.2320340883157865,0,0,0
4.652391195,1787250880.665070057,1787250880.664983034,-11.479399017324283,0.7382687432942621,2.0002853841566446,0.3481957335617885,0.0,0.0,0.0,0.0,-0.015803142421152144,-0.023371330960643165,0.17275884771855718,0.9845600144804283,0.22244741951614577,0.2271950255717295,0.0008231354705790618,8.730653532913195,20.0,0.0,2.0,31.488054930571472,1.6798348126586011,1.2298348126586012,0,0,0
4.662385464,1787250880.675064325,1787250880.674982548,-11.477200057988695,0.7405519322101971,2.0002943497462216,0.3560671214345628,0.0,0.0,0.0,0.0,-0.015887675725212404,-0.023647604978286215,0.17662330047996116,0.9838661404207418,0.21733370482365952,0.22944050771529165,0.000967919630891073,8.733823462591786,20.0,0.0,2.0,31.485910193951607,1.6776900612243182,1.2276900612243182,0,0,0
4.672386169,1787250880.685065031,1787250880.684983015,-11.475052553882817,0.7428575059910313,2.0003047149082933,0.3638825354301196,0.0,0.0,0.0,0.0,-0.01596806162775855,-0.023903226287467376,0.18045800031404782,0.9831625333095019,0.2121568487523818,0.23167201836602283,0.0011075480350116861,8.736974264359626,20.0,0.0,2.0,31.483817599470743,1.675600572624721,1.225600572624721,0,0,0
4.682405472,1787250880.695084333,1787250880.694982767,-11.47295711000286,0.7451853367260561,2.000316524807467,0.3716179928268779,0.0,0.0,0.0,0.0,-0.016075809471589524,-0.02410269344722057,0.18425157094643568,0.9824520278986619,0.20692350424227574,0.2338930118288647,0.0012535522891626574,8.740106327650604,20.0,0.0,2.0,31.481777753715548,1.6735670496418624,1.2235670496418625,0,0,0
4.692403793,1787250880.705082655,1787250880.704982758,-11.470914230107862,0.7475353648458618,2.000329769105307,0.3792422116144524,0.0,0.0,0.0,0.0,-0.01624055910548229,-0.024219855787824075,0.18798891748420457,0.9817381574170759,0.20164622603897123,0.23611388060506935,0.0013971636780805952,8.743220194353064,20.0,0.0,2.0,31.47979116368545,1.6715900956172884,1.2215900956172885,0,0,0
4.702389002,1787250880.715067863,1787250880.714982748,-11.468924283574792,0.7499076728638336,2.000344499233018,0.3867436309247654,0.0,0.0,0.0,0.0,-0.016494531032125392,-0.02423595939828404,0.19166446498021592,0.9810225693539995,0.1963396175082888,0.23835248608886694,0.0015491076289284454,8.746316635780458,20.0,0.0,2.0,31.47785820544122,1.6696701840009824,1.2196701840009825,0,0,0
4.712410688,1787250880.725089550,1787250880.724982738,-11.46698747929293,0.7523025508634801,2.0003607494643063,0.3941038093917845,0.0,0.0,0.0,0.0,-0.0168582285923304,-0.02414723250768728,0.19526914951259708,0.980307436746032,0.1910203632287711,0.24063214526693202,0.0017025580783421779,8.749396719469166,20.0,0.0,2.0,31.475979099626972,1.6676695710318874,1.2176695710318874,0,0,0
4.722386837,1787250880.735065699,1787250880.734982729,-11.465103872562558,0.7547205438268728,2.0003785836846206,0.40132054567509307,0.0,0.0,0.0,0.0,-0.01735072393851693,-0.02397003575737132,0.198801390475661,0.9795929751225984,0.1857021086853485,0.24298025262407916,0.0018649949198323186,8.752461843014006,20.0,0.0,2.0,31.474153919585373,1.665719257495882,1.215719257495882,0,0,0
4.732385635,1787250880.745064497,1787250880.744982958,-11.463273400149134,0.7571624788987862,2.0003980219555295,0.40838668943427053,0.0,0.0,0.0,0.0,-0.01797850638678547,-0.02373030940457044,0.20225717065057675,0.9788798101115822,0.18039464692055948,0.24542533135683287,0.002021147959419407,8.755513736524291,20.0,0.0,2.0,31.472382627160687,1.663824805023699,1.213824805023699,0,0,0
4.742394924,1787250880.755073786,1787250880.754983187,-11.461495934590467,0.7596294753712819,2.000419028182378,0.4153236891681556,0.0,0.0,0.0,0.0,-0.018759596531335822,-0.023452918305185,0.20564630229978303,0.9781654443453716,0.17510060284649337,0.24799789453216806,0.002182001635486493,8.758554443131171,20.0,0.0,2.0,31.470665127348198,1.6619861800436875,1.2119861800436875,0,0,0
4.752389431,1787250880.765068293,1787250880.764982700,-11.459771348438547,0.7621229656050987,2.0004416388845208,0.4221458484329345,0.0,0.0,0.0,0.0,-0.01969657480484755,-0.0231614870867823,0.20897538788960984,0.9774481457925392,0.16981826140118694,0.250729096301752,0.0023368517243109624,8.761586307604624,20.0,0.0,2.0,31.46900133314978,1.660203349480883,1.210203349480883,0,0,0
4.762408733,1787250880.775087595,1787250880.774983168,-11.458099553296057,0.7646446906191616,2.000465771294879,0.42888530802060826,0.0,0.0,0.0,0.0,-0.020793763030790804,-0.022871416006639063,0.21225992562977772,0.9767242403670096,0.16454076246828545,0.2536501981658997,0.0024914526521704647,8.764611960991619,20.0,0.0,2.0,31.46739120462516,1.6584763223552776,1.2084763223552777,0,0,0
4.772395372,1787250880.785074234,1787250880.784982920,-11.456480544577248,0.7671966994535052,2.000491415757002,0.4355619493960187,0.0,0.0,0.0,0.0,-0.022029614807821805,-0.02259133889427304,0.21550999413180744,0.975991685368114,0.1592598739328572,0.25679000999758966,0.002630762864826085,8.767634310402356,20.0,0.0,2.0,31.465834793764948,1.6568051971985343,1.2068051971985343,0,0,0
4.782394171,1787250880.795073032,1787250880.794982672,-11.45491439337395,0.7697812942336225,2.0005183478092556,0.44221256180100565,0.0,0.0,0.0,0.0,-0.02335143866168794,-0.022310166139933717,0.2187449731943374,0.9752474575724085,0.1539680290477102,0.2601703867129906,0.002756034040310003,8.770656509122565,20.0,0.0,2.0,31.46433223515351,1.655190157558848,1.205190157558848,0,0,0
4.792392492,1787250880.805071354,1787250880.804983139,-11.453401229516261,0.7724009453809071,2.0005464953751155,0.4488564889940499,0.0,0.0,0.0,0.0,-0.024690721667509723,-0.022012628667857134,0.22197598963902793,0.9744908785958147,0.14866274686715444,0.26380178074188715,0.0028692172591804877,8.773681906497977,20.0,0.0,2.0,31.462883727084165,1.653631458993957,1.203631458993957,0,0,0
4.802389383,1787250880.815068245,1787250880.814982891,-11.451941168979841,0.7750581595198022,2.000575700219972,0.4555156059394495,0.0,0.0,0.0,0.0,-0.02597325860547846,-0.021672330582065108,0.22521575550311032,0.9737215019694891,0.14334867963266168,0.2676815831704358,0.0029708973303931353,8.776713971252054,20.0,0.0,2.0,31.461489455825802,1.6521293602611504,1.2021293602611505,0,0,0
4.812414169,1787250880.825093031,1787250880.824982643,-11.450534243251347,0.7777553550225086,2.0006058622103073,0.46219231127423716,0.0,0.0,0.0,0.0,-0.02713233125976963,-0.021267848597179055,0.22846707337142227,0.9729410627584565,0.13803859765323095,0.27179446118296885,0.0030582488957891572,8.779756209462809,20.0,0.0,2.0,31.460149521978767,1.6506840552770945,1.2006840552770945,0,0,0
4.822397232,1787250880.835076094,1787250880.834983110,-11.449180318500598,0.7804947410803981,2.0006368278168702,0.4688935681632215,0.0,0.0,0.0,0.0,-0.028113687331304177,-0.02077426670398923,0.23173478251903046,0.972150729567389,0.1327523665611756,0.27611472731975906,0.00313285375459664,8.78281207383703,20.0,0.0,2.0,31.458863856661594,1.6492955935664284,1.1992955935664285,0,0,0
4.832412958,1787250880.845091820,1787250880.844982624,-11.447879029424419,0.783278230124094,2.0006684647009667,0.47560859907605846,0.0,0.0,0.0,0.0,-0.028883183463182655,-0.0201784601346109,0.2350142181434549,0.9713531328667493,0.12751613631893297,0.28060908745746255,0.003192343528978447,8.785884884506206,20.0,0.0,2.0,31.457632153134853,1.6479638138722452,1.1979638138722453,0,0,0
4.842394829,1787250880.855073690,1787250880.854983091,-11.44662972994351,0.7861073799633528,2.000700630246546,0.482327615047078,0.0,0.0,0.0,0.0,-0.029425528579919105,-0.01946801298843466,0.2383007827606748,0.9705502932222133,0.12235976680105833,0.28524053645052805,0.003237561486200267,8.788977758999021,20.0,0.0,2.0,31.456453815964103,1.6466882933633586,1.1966882933633587,0,0,0
4.852399826,1787250880.865078688,1787250880.864983082,-11.445431464965784,0.7889833775630436,2.0007332055780425,0.4890214669785075,0.0,0.0,0.0,0.0,-0.029779840304219492,-0.01864499654287298,0.24157923286868624,0.9697448115158691,0.11731380310905205,0.28997388556325526,0.0032821890931530625,8.792093567449887,20.0,0.0,2.0,31.455327932252136,1.6454683169359983,1.1954683169359983,0,0,0
4.862391710,1787250880.875070572,1787250880.874982595,-11.444283003450408,0.7919071558410794,2.000766326976586,0.495643705913697,0.0,0.0,0.0,0.0,-0.030154138309345116,-0.017712547706133272,0.24482450088840624,0.9689365084262858,0.11240253739994722,0.2947981931115524,0.0033424655641644506,8.795234990741719,20.0,0.0,2.0,31.45425330749102,1.64430290693908,1.19430290693908,0,0,0
4.872393847,1787250880.885072708,1787250880.884982586,-11.443182922136018,0.7948797447678055,2.000800115550094,0.5021433033751829,0.0,0.0,0.0,0.0,-0.030776767187541045,-0.01668482082459218,0.24800958698274692,0.9681248122634718,0.10763820533159404,0.29974532361182465,0.0034254474607647435,8.79840478655427,20.0,0.0,2.0,31.45322855803094,1.6431909037283436,1.1931909037283437,0,0,0
4.882390022,1787250880.895068884,1787250880.894982815,-11.44212975916452,0.7979027412935623,2.0008350507392554,0.5085101000425056,0.0,0.0,0.0,0.0,-0.0319291121386044,-0.015556516169551705,0.25112889482722633,0.9673018168005076,0.10301758865775733,0.30489771643598185,0.003571118355545242,8.801606173863972,20.0,0.0,2.0,31.45225227664964,1.6421311200281143,1.1921311200281144,0,0,0
4.892405748,1787250880.905084610,1787250880.904983044,-11.44112213525368,0.8009788059708917,2.0008717291206275,0.5147306233188439,0.0,0.0,0.0,0.0,-0.03381263636848747,-0.014328197595308062,0.2541771823078304,0.9664602259635594,0.09852708705245954,0.31038343445380456,0.003776353126878425,8.804843275213708,20.0,0.0,2.0,31.451323166624725,1.641122467925741,1.191122467925741,0,0,0
4.902390242,1787250880.915069103,1787250880.914983273,-11.440158860311838,0.8041120658770851,2.0009107839412588,0.5207877449721628,0.0,0.0,0.0,0.0,-0.036597758647389615,-0.012984501990997653,0.25715002360736533,0.9655909445146866,0.09414358938671423,0.31636663442578516,0.004042332807070289,8.80812149752654,20.0,0.0,2.0,31.450440159172043,1.6401640771287602,1.1901640771287603,0,0,0
4.912418842,1787250880.925097704,1787250880.924982786,-11.439238996903638,0.8073084093799541,2.000952676296985,0.5266538014013175,0.0,0.0,0.0,0.0,-0.04030483770537585,-0.011530133866535832,0.2600393941967676,0.9646875605792485,0.0898399830714109,0.32303057931088636,0.00433915219423654,8.811447834167284,20.0,0.0,2.0,31.44960248524414,1.6392553748318708,1.1892553748318708,0,0,0
4.922402382,1787250880.935081244,1787250880.934983253,-11.438361889499284,0.8105755147440138,2.0009975752598854,0.5323102444590948,0.0,0.0,0.0,0.0,-0.0447800606092073,-0.00999248955238017,0.2628415182964464,0.9637474942037464,0.08558783175623735,0.33054418172037364,0.0046382070686277425,8.814830926063097,20.0,0.0,2.0,31.448809706495727,1.6383961341490638,1.1883961341490639,0,0,0
4.932414770,1787250880.945093632,1787250880.944983244,-11.437527157600886,0.8139225573290337,2.0010454209193678,0.5377417931647466,0.0,0.0,0.0,0.0,-0.04977507469008542,-0.008409490105814245,0.26555234718241766,0.9627739471556473,0.08136057087382143,0.33903584639770845,0.004935109998544545,8.818280818904226,20.0,0.0,2.0,31.448061701909822,1.6375864854684703,1.1875864854684703,0,0,0
4.942394495,1787250880.955073357,1787250880.954983234,-11.436734663226012,0.817359782766924,2.00109633925058,0.542954868378192,0.0,0.0,0.0,0.0,-0.055085015566550564,-0.006780272661818856,0.26817803824338543,0.9617693116161451,0.07713819343307403,0.3485914603632768,0.005249525395277077,8.821808588556788,20.0,0.0,2.0,31.447358625209215,1.6368268989250077,1.1868268989250077,0,0,0
4.952383995,1787250880.965062857,1787250880.964982748,-11.435984405704597,0.8208980893172115,2.001150466725116,0.5479536268601137,0.0,0.0,0.0,0.0,-0.06050161764681356,-0.005103967768822594,0.2707216223797122,0.9607410197088652,0.07291248720895446,0.3592570769557154,0.005583387946437863,8.825425967355828,20.0,0.0,2.0,31.446700789626895,1.636118090127568,1.186118090127568,0,0,0
4.962397814,1787250880.975076675,1787250880.974982977,-11.435276415332483,0.8245486740534117,2.0012081025470425,0.5527329365375787,0.0,0.0,0.0,0.0,-0.06588708792903207,-0.003357056769137592,0.2731816066817535,0.9596975729806013,0.06868661981473176,0.37104678611451886,0.005945475462521967,8.82914501846749,20.0,0.0,2.0,31.44608855301011,1.635460921898932,1.185460921898932,0,0,0
4.972371817,1787250880.985050678,1787250880.984982967,-11.43461062500136,0.8283227360130192,2.001269434559608,0.5572841421584978,0.0,0.0,0.0,0.0,-0.07111506587641508,-0.0015305359033885163,0.2755528394830152,0.9586505815562255,0.06447537580565829,0.3839495114118078,0.00632803434865224,8.832977847977881,20.0,0.0,2.0,31.445522182210755,1.6348562811381933,1.1848562811381933,0,0,0
4.982388735,1787250880.995067596,1787250880.994982719,-11.433986786141086,0.832231282265923,2.0013347566110897,0.5616068642527037,0.0,0.0,0.0,0.0,-0.07611473027314684,0.00038631325157432984,0.27783388937563097,0.9576088598754334,0.06030080414643368,0.39793716751663377,0.006738211847152493,8.836936405253592,20.0,0.0,2.0,31.44500176435119,1.6343049991756375,1.1843049991756376,0,0,0
4.992371082,1787250881.005049944,1787250881.004982948,-11.43340439608411,0.8362849566873487,2.0014042652924235,0.5657006983932698,0.0,0.0,0.0,0.0,-0.08082815837122567,0.0023839122715146907,0.2800214977504619,0.9565819811046964,0.056189992714463614,0.4129681784597738,0.007171052587634278,8.841032291720545,20.0,0.0,2.0,31.44452712998722,1.633807781604164,1.1838077816041641,0,0,0
5.002380371,1787250881.015059233,1787250881.014983177,-11.43286268166968,0.8404939676823732,2.0014782736083765,0.5695619964325297,0.0,0.0,0.0,0.0,-0.0852523605767174,0.004455563073575321,0.2821115331990011,0.9555758817644487,0.05217050418710379,0.4289956926755252,0.007632477245694222,8.845276665089356,20.0,0.0,2.0,31.444097835042207,1.6333651949420032,1.1833651949420032,0,0,0
5.012397051,1787250881.025075912,1787250881.024983168,-11.432360594163226,0.8448680279579389,2.001556986280812,0.5731861584157444,0.0,0.0,0.0,0.0,-0.08939201503189438,0.006577832657041987,0.2840983533182986,0.9545962106607719,0.0482683017526496,0.4459709874219832,0.008118060259483334,8.849680151304076,20.0,0.0,2.0,31.443713154307606,1.6329776635796902,1.1829776635796903,0,0,0
5.022381067,1787250881.035059929,1787250881.034982920,-11.431896853756358,0.8494164004516381,2.001640737898447,0.5765663156032127,0.0,0.0,0.0,0.0,-0.09329226872686364,0.008735253307427174,0.2859768662969085,0.9536443151869831,0.04450447364189114,0.4638503983247691,0.008634411480158533,8.854252870608807,20.0,0.0,2.0,31.443372127342762,1.6326455188610172,1.1826455188610172,0,0,0
5.032365799,1787250881.045044661,1787250881.044982910,-11.43146998940908,0.854147918384946,2.00172974633132,0.5796958507445505,0.0,0.0,0.0,0.0,-0.09699195309292215,0.010900902548947222,0.2877415441691088,0.9527216461894921,0.040894917830131564,0.48259527118336454,0.00917481971937839,8.859004438521119,20.0,0.0,2.0,31.443073599023798,1.6321149185061998,1.1821149185061999,0,0,0
5.042356014,1787250881.055034876,1787250881.054983616,-11.431078409798953,0.8590710934564416,2.0018243242748595,0.5825622547911935,0.0,0.0,0.0,0.0,-0.10055160216246464,0.013060255865219042,0.28938601594689045,0.9518269479236667,0.03744884669010467,0.5021766989270663,0.009742133501367708,8.863944067288857,20.0,0.0,2.0,31.44281629362582,1.631592675364643,1.181592675364643,0,0,0
5.052367926,1787250881.065046787,1787250881.064983606,-11.430720450972094,0.8641941423702374,2.0019245380180553,0.5851606894481545,0.0,0.0,0.0,0.0,-0.10399902816051353,0.015182752436846563,0.2909058618651093,0.9509613376487123,0.0341709594785416,0.5225649218682288,0.010293800319586766,8.869080584347058,20.0,0.0,2.0,31.44259886343222,1.6311144437862146,1.1811144437862147,0,0,0
5.062371492,1787250881.075050354,1787250881.074982643,-11.430394441318363,0.8695249759991035,2.0020300277115726,0.5875081116037542,0.0,0.0,0.0,0.0,-0.10731099769839224,0.01721316136958391,0.29230350040078507,0.9501298440224307,0.031057548296609946,0.5437280131065344,0.010794010084171185,8.874422419008335,20.0,0.0,2.0,31.44241995365107,1.6306803055727799,1.18068030557278,0,0,0
5.072387457,1787250881.085066319,1787250881.084984064,-11.430098795965073,0.8750711646892348,2.002140239811858,0.5896285878113958,0.0,0.0,0.0,0.0,-0.11044305968596971,0.019095307083430928,0.2935833972743049,0.9493400279454504,0.028095111568767258,0.5656297196940047,0.0112422107116868,8.879977575339934,20.0,0.0,2.0,31.44227829607807,1.6302906149031156,1.1802906149031156,0,0,0
5.082383633,1787250881.095062494,1787250881.094982624,-11.429832100212245,0.8808398861274607,2.002254723538322,0.5915425644223891,0.0,0.0,0.0,0.0,-0.11337528755234279,0.020803039290039866,0.29475104969233,0.94859638225854,0.025264271845759072,0.5882259823847469,0.011645890643501735,8.885753593014773,20.0,0.0,2.0,31.44217279127356,1.6299460868319866,1.1799460868319867,0,0,0
5.092378139,1787250881.105057001,1787250881.104983330,-11.429593142479119,0.8868378305126201,2.0023730067989804,0.5932658301822478,0.0,0.0,0.0,0.0,-0.11609192599681428,0.022325691380970944,0.2958109105377826,0.9479030190001084,0.02254384571069742,0.6114663384463556,0.01200560599591866,8.891757460816068,20.0,0.0,2.0,31.442102538961354,1.6296478336173792,1.1796478336173792,0,0,0
5.102385759,1787250881.115064621,1787250881.114983320,-11.429380923165914,0.8930711912313058,2.002494711041755,0.5948020629122539,0.0,0.0,0.0,0.0,-0.11859932736755907,0.023678862812924233,0.29676464582456835,0.9472614507053836,0.01991359179932501,0.6353002833856958,0.012327932757203862,8.897995620385112,20.0,0.0,2.0,31.44206684665714,1.6293973741421366,1.1793973741421366,0,0,0
5.112385273,1787250881.125064135,1787250881.124983549,-11.429194622689957,0.8995456266278709,2.0026193527066742,0.5961563116091728,0.0,0.0,0.0,0.0,-0.12089813465102493,0.02488201843525952,0.29761479807929475,0.9466730999456522,0.01735788199207152,0.6596710417100211,0.012585434284289158,8.904473934758178,20.0,0.0,2.0,31.442065196585244,1.6291966009526226,1.1791966009526227,0,0,0
5.122383833,1787250881.135062695,1787250881.134982824,-11.429033556794364,0.9062662110267963,2.0027461309726298,0.5973522294894004,0.0,0.0,0.0,0.0,-0.12296782833484216,0.02594913212483704,0.2983714522424985,0.9461395416233713,0.01486491640415408,0.6845213814277019,0.01275649109641467,8.911197644271127,20.0,0.0,2.0,31.442097199464772,1.6290477324713035,1.1790477324713036,0,0,0
5.132367611,1787250881.145046473,1787250881.144983053,-11.428897144602763,0.9132374732060037,2.0028742222368288,0.5984132363291235,0.0,0.0,0.0,0.0,-0.12478790886192988,0.026894321337665138,0.29904462399902254,0.9456621945171205,0.012426038581952487,0.709797350376727,0.012849463544000564,8.918171417426976,20.0,0.0,2.0,31.442162563501274,1.6289532770468529,1.178953277046853,0,0,0
5.142390728,1787250881.155069590,1787250881.154987097,-11.428784868867115,0.9204633919632087,2.003002888447594,0.5993487650230344,0.0,0.0,0.0,0.0,-0.12635393289641084,0.027745473187612727,0.29963964487494343,0.9452412155521058,0.010037497966450351,0.7354435701427647,0.012872895456559057,8.925399353696779,20.0,0.0,2.0,31.442261054301007,1.628915988147892,1.1789159881478921,0,0,0
5.152364016,1787250881.165042877,1787250881.164983034,-11.428696221235967,0.9279473973232771,2.0031314653823444,0.6001640294466546,0.0,0.0,0.0,0.0,-0.12767307734520367,0.028530834312193356,0.300160665751383,0.944875204220294,0.007701155218814611,0.7614056899597209,0.012831677246677635,8.932884988383309,20.0,0.0,2.0,31.44239243990518,1.6289388030847796,1.1789388030847796,0,0,0
5.162364483,1787250881.175043344,1787250881.174982786,-11.428630648619338,0.9356923923724397,2.0032593254540987,0.6008641784578056,0.0,0.0,0.0,0.0,-0.12876409649763607,0.029284955680751026,0.3006131215564485,0.9445601886444357,0.005424115773743133,0.7876340054844271,0.012731449119200433,8.940631316305463,20.0,0.0,2.0,31.442556437473097,1.6290247819252546,1.1790247819252546,0,0,0
5.172367334,1787250881.185046196,1787250881.184983253,-11.428587501797152,0.9437008111875903,2.0033858849693056,0.6014562913264858,0.0,0.0,0.0,0.0,-0.12964999753185413,0.030035074884933243,0.3010032112986898,0.9442911834834227,0.0032183606744362304,0.8140822905558591,0.01256718754237166,8.948640851303077,20.0,0.0,2.0,31.44275266326683,1.6291770489889645,1.1791770489889646,0,0,0
5.182382822,1787250881.195061684,1787250881.194982767,-11.42856599124212,0.951974633021055,2.0035104351699764,0.6019522858519195,0.0,0.0,0.0,0.0,-0.13034293359723245,0.030807462045599233,0.301338864214842,0.9440638266861439,0.0010997628339081253,0.8407091524687428,0.012332719182679927,8.956915638502055,20.0,0.0,2.0,31.442980588534088,1.629277547138727,1.1792775471387271,0,0,0
5.192385435,1787250881.205064297,1787250881.204982996,-11.42856515405101,0.960515473673387,2.0036323217499654,0.6023657609231838,0.0,0.0,0.0,0.0,-0.13085607329309926,0.03161633888360032,0.3016279746648089,0.9438737522028642,-0.0009130221150802779,0.8674796052609741,0.012031762316059015,8.965457348874562,20.0,0.0,2.0,31.44323950885717,1.6290475933260673,1.1790475933260673,0,0,0
5.202375412,1787250881.215054274,1787250881.214982986,-11.42858383131586,0.9693245918256785,2.0037508465050147,0.6027074701924708,0.0,0.0,0.0,0.0,-0.13119466761243,0.03247243331644556,0.30187636318346694,0.9437182638985518,-0.0027996788586534768,0.8943601244197056,0.011663632159431522,8.974267284151216,20.0,0.0,2.0,31.443528521386025,1.6288768289481619,1.178876828948162,0,0,0
5.212386847,1787250881.225065708,1787250881.224982977,-11.428620658668118,0.9784029422859144,2.003865387462993,0.6029894600417729,0.0,0.0,0.0,0.0,-0.13136853191631168,0.033374198199298724,0.302089779615719,0.943594317897492,-0.004539676679333197,0.921320186172293,0.011232192416479854,8.983346431851512,20.0,0.0,2.0,31.443846516689945,1.6287682470791474,1.1787682470791474,0,0,0
5.222368956,1787250881.235047817,1787250881.234983206,-11.428674070901533,0.987751159843217,2.0039752805061966,0.6032258078267375,0.0,0.0,0.0,0.0,-0.13138126404140715,0.03431872710364503,0.30227447164905663,0.9434995136289956,-0.00611355030450942,0.9483295584159039,0.010737780667658738,8.992695447887774,20.0,0.0,2.0,31.444192182525295,1.6287247910182505,1.1787247910182506,0,0,0
5.232367754,1787250881.245046616,1787250881.244982958,-11.428742317911716,0.9973696071826774,2.004079960277964,0.6034308474116674,0.0,0.0,0.0,0.0,-0.13124348759793397,0.035293747105816134,0.3024365398361164,0.9434307805824013,-0.007503988843749332,0.9753607450588317,0.010187298955293298,9.002314706940892,20.0,0.0,2.0,31.444564020909915,1.628749361283934,1.1787493612839341,0,0,0
5.242388248,1787250881.255067110,1787250881.254983425,-11.428823490633082,1.0072583545602236,2.0041788468927235,0.6036148623203367,0.0,0.0,0.0,0.0,-0.1309602986730983,0.036289210154846596,0.30258004173042985,0.9433863533803113,-0.008696508254258021,1.00238589951678,0.009582918281377778,9.012204281869582,20.0,0.0,2.0,31.444960373022614,1.6288448326232914,1.1788448326232914,0,0,0
5.252374411,1787250881.265053272,1787250881.264982939,-11.428915550588355,1.0174172200161855,2.0042714630065555,0.6037907423238219,0.0,0.0,0.0,0.0,-0.1305455426055508,0.03728493010082396,0.30271014331202467,0.9433632727794805,-0.00967999224485811,1.02937920108691,0.008930616023462012,9.02236398659621,20.0,0.0,2.0,31.445379449626557,1.6290140743762591,1.1790140743762592,0,0,0
5.262384892,1787250881.275063753,1787250881.274983168,-11.429016377062,1.0278457461237511,2.004357308838659,0.6039873363360988,0.0,0.0,0.0,0.0,-0.1300102232118387,0.03824554560837838,0.3028384745927994,0.9433575559711344,-0.010449737149345315,1.056314755383325,0.00823312152229901,9.032793353415958,20.0,0.0,2.0,31.445819377042735,1.629259987550579,1.1792599875505791,0,0,0
5.272388697,1787250881.285067558,1787250881.284983635,-11.42912384432004,1.0385432381444015,2.00443598449742,0.6042292265911129,0.0,0.0,0.0,0.0,-0.12937020381119776,0.039135092790140436,0.3029751204931101,0.9433651844542186,-0.011009383182727962,1.0831666673303086,0.007491399940932941,9.043491674527361,20.0,0.0,2.0,31.44627827513234,1.6295855724188997,1.1795855724188997,0,0,0
5.282386065,1787250881.295064926,1787250881.294984102,-11.429235896221517,1.0495087062763477,2.004506970777299,0.6045249726945834,0.0,0.0,0.0,0.0,-0.128619863745344,0.03993254825599336,0.30312243600955696,0.9433870420074382,-0.011368556927702642,1.1099065615562105,0.006699911710588405,9.054457944906725,20.0,0.0,2.0,31.446754329464188,1.6299939904230747,1.1799939904230747,0,0,0
5.292372465,1787250881.305051327,1787250881.304982901,-11.429350588619963,1.0607409073738077,2.0045698406889927,0.6048748525918299,0.0,0.0,0.0,0.0,-0.12775872148406872,0.04062728516254124,0.30328000679953265,0.943423749044274,-0.011539688137249565,1.1365073269742558,0.005864013699974483,9.065690907493053,20.0,0.0,2.0,31.44724583454656,1.6298297091285663,1.1798297091285663,0,0,0
5.302386284,1787250881.315065145,1787250881.314982891,-11.429466104945908,1.0722382892991809,2.0046241040115422,0.6052807239115064,0.0,0.0,0.0,0.0,-0.12677254643716468,0.04122495450503775,0.30344844212843314,0.9434766915858184,-0.011535212718513483,1.1629389814414546,0.0049839841197745005,9.077188997754815,20.0,0.0,2.0,31.447751206935624,1.6297089500332145,1.1797089500332145,0,0,0
5.312384844,1787250881.325063705,1787250881.324983120,-11.42958074161872,1.083999036600139,2.0046694352739394,0.6057403298019842,0.0,0.0,0.0,0.0,-0.1256627147549011,0.04173456521625222,0.30362763254680053,0.9435451069984221,-0.011365341929411741,1.189175253273731,0.004077232466874906,9.088950391106247,20.0,0.0,2.0,31.448268971581033,1.629665796118155,1.1796657961181551,0,0,0
5.322375298,1787250881.335054159,1787250881.334983110,-11.429692892048385,1.0960210537470376,2.004705595119713,0.6062518758550063,0.0,0.0,0.0,0.0,-0.12443691446818586,0.042157171415924836,0.30381759984656403,0.9436276242455595,-0.011039578918100583,1.2151894119331519,0.0031543079121684535,9.100972985731936,20.0,0.0,2.0,31.448797744609553,1.6297043521887669,1.179704352188767,0,0,0
5.332369804,1787250881.345048666,1787250881.344983101,-11.429801047685457,1.10830199591685,2.004732467476671,0.60680882655235,0.0,0.0,0.0,0.0,-0.12311405841347493,0.04249589770330625,0.30401701187873414,0.943721719463783,-0.0105681478785149,1.24095435522343,0.002212873081853652,9.113254433543316,20.0,0.0,2.0,31.449336234768,1.6298288720922944,1.1798288720922945,0,0,0
5.342386484,1787250881.355065346,1787250881.354983807,-11.429903800407574,1.1208392198953583,2.004749761556698,0.6074035033221039,0.0,0.0,0.0,0.0,-0.1216851275805205,0.0427618263932054,0.30422267987416873,0.9438287540541499,-0.009960222950225068,1.266442984605115,0.0012441620567750819,9.125792090513196,20.0,0.0,2.0,31.449883243343923,1.6300437445513956,1.1800437445513956,0,0,0
5.352371454,1787250881.365050316,1787250881.364983082,-11.429999817736993,1.1336298581641477,2.004757286228702,0.6080247130999146,0.0,0.0,0.0,0.0,-0.12014926591081322,0.0429702174909167,0.3044304969356252,0.9439490382671113,-0.00922186792716756,1.2916318205715713,0.0002539358858320045,9.13858309138378,20.0,0.0,2.0,31.45043764131178,1.6303534529530366,1.1803534529530366,0,0,0
5.362340927,1787250881.375019789,1787250881.374983072,-11.430087810567157,1.1466707708847406,2.0047547639354684,0.6086637056547659,0.0,0.0,0.0,0.0,-0.11848824771385134,0.043140710056041205,0.3046365968340221,0.9440847197995248,-0.008355191126929135,1.3164949692548287,-0.0007592222777195205,9.151624301208264,20.0,0.0,2.0,31.45099833462435,1.6307625255505889,1.180762525550589,0,0,0
5.372374058,1787250881.385052919,1787250881.384983778,-11.430166486220585,1.1599585888820059,2.004742044683184,0.6093110493948757,0.0,0.0,0.0,0.0,-0.11669823571986447,0.0432899679711163,0.3048374777562565,0.9442359941286577,-0.0073578483540604365,1.3410068336185232,-0.0017920749693089515,9.164912358205669,20.0,0.0,2.0,31.45156421811883,1.6306648816812082,1.1806648816812082,0,0,0
5.382368565,1787250881.395047426,1787250881.394983053,-11.430234514701311,1.1734896389897782,2.004718841952365,0.6099650417180261,0.0,0.0,0.0,0.0,-0.11475416126542258,0.04342319597945341,0.305031270674997,0.9444055444741926,-0.006224599404658491,1.3651379932295147,-0.0028490805243937363,9.17844359921527,20.0,0.0,2.0,31.45213413823309,1.6304566907087208,1.1804566907087208,0,0,0
5.392376661,1787250881.405055523,1787250881.404984713,-11.430290502173484,1.1872599870465672,2.0046850266600194,0.6106227081262445,0.0,0.0,0.0,0.0,-0.11265159057174087,0.04354075535551115,0.30521658408140834,0.9445933826607114,-0.004948578343284826,1.3888600298183738,-0.003919377518048941,9.192214102607528,20.0,0.0,2.0,31.45270686725283,1.6303468214433638,1.180346821443364,0,0,0
5.402382374,1787250881.415061235,1787250881.414986372,-11.430332987497849,1.2012653681458199,2.0046404177329515,0.6112846491350669,0.0,0.0,0.0,0.0,-0.11037504044596402,0.04363712411938322,0.3053927770059536,0.9448007216327332,-0.0035229503054337854,1.4121405516148078,-0.005000750044763155,9.206219619188307,20.0,0.0,2.0,31.45328109630502,1.630339891775217,1.180339891775217,0,0,0
5.412368298,1787250881.425047159,1787250881.424983025,-11.43036044184679,1.2155012268410352,2.004585030280175,0.6119478377193495,0.0,0.0,0.0,0.0,-0.10793542782260063,0.04370660828319025,0.3055592227177774,0.9450255219967553,-0.001941622785705509,1.4349492661591199,-0.0060786984340689115,9.2204556121042,20.0,0.0,2.0,31.45385543553226,1.630440387583577,1.180440387583577,0,0,0
5.422346830,1787250881.435025692,1787250881.434983015,-11.43037128640689,1.2299626764715306,2.004518872200506,0.61261041836063,0.0,0.0,0.0,0.0,-0.10533606441095723,0.04374271811378506,0.30571541024547777,0.9452666164024137,-0.00020028890114623206,1.4572549115273936,-0.007148245068821034,9.234917217129622,20.0,0.0,2.0,31.454428429191168,1.6306526573530753,1.1806526573530753,0,0,0
5.432337046,1787250881.445015907,1787250881.444982767,-11.430363905280961,1.2446445614224806,2.004442148172042,0.6132663878357371,0.0,0.0,0.0,0.0,-0.10260589640621609,0.04374211067357776,0.30586063219436965,0.9455199265219945,0.0017036358599056434,1.4790312176878544,-0.008194892975751527,9.249599304405296,20.0,0.0,2.0,31.454998569946675,1.6309809033204232,1.1809809033204233,0,0,0
5.442340612,1787250881.455019474,1787250881.454983234,-11.43033666995296,1.2595414569138081,2.0043550665819962,0.613910243747968,0.0,0.0,0.0,0.0,-0.0997640820780388,0.043703713842903086,0.3059939094651037,0.945782660389651,0.0037706345628581352,1.5002544745239608,-0.009214028444297416,9.264496479313511,20.0,0.0,2.0,31.45556432230837,1.6308442267501895,1.1808442267501895,0,0,0
5.452339172,1787250881.465018034,1787250881.464983463,-11.430287951275588,1.2746477613003597,2.0042580404715045,0.614534533086422,0.0,0.0,0.0,0.0,-0.09685649077987099,0.04362831481499308,0.3061149522822308,0.9460491669725524,0.005999879186385227,1.5209110344251773,-0.01018211650000011,9.279603173849205,20.0,0.0,2.0,31.45612413738215,1.6304904313325044,1.1804904313325044,0,0,0
5.462343693,1787250881.475022554,1787250881.474982977,-11.430216147096832,1.2899577684445798,2.0041516405029713,0.6151382792214232,0.0,0.0,0.0,0.0,-0.09394297954474554,0.04350924690176801,0.3062269287571815,0.9463121737208291,0.008386517690046108,1.5409952093174,-0.011085591716044603,9.294913719089315,20.0,0.0,2.0,31.456676482643804,1.6302521725036738,1.1802521725036739,0,0,0
5.472350836,1787250881.485029697,1787250881.484983206,-11.430119730759676,1.3054657664409763,2.0040365311523716,0.6157188114379293,0.0,0.0,0.0,0.0,-0.09109043539275347,0.043342309787894766,0.3063325401174466,0.9465644994544227,0.01092003013272086,1.5605096091997481,-0.011930134295429938,9.310422443992701,20.0,0.0,2.0,31.45721989386255,1.6301337011050652,1.1801337011050652,0,0,0
5.482361794,1787250881.495040655,1787250881.494983196,-11.429997304397016,1.3211660925180273,2.003913192291776,0.6162719476821894,0.0,0.0,0.0,0.0,-0.08831706237014238,0.04312187621045845,0.30643078672164414,0.9468055625288397,0.013586133566918636,1.5794636074965063,-0.012728376297534429,9.326123731825696,20.0,0.0,2.0,31.457753030238777,1.6301392299775812,1.1801392299775812,0,0,0
5.492348909,1787250881.505027771,1787250881.504983187,-11.42984761706644,1.3370532181460124,2.003782117867629,0.6167925335802382,0.0,0.0,0.0,0.0,-0.08563421444318642,0.04284831393080311,0.30651997084160215,0.947035538290538,0.016369516736091345,1.5978711669482357,-0.013481886436722618,9.342012103281606,20.0,0.0,2.0,31.45827469592996,1.6302729470993118,1.1802729470993119,0,0,0
5.502345562,1787250881.515024424,1787250881.514982700,-11.42966957274334,1.353121733917916,2.0036436797728583,0.6172835923874985,0.0,0.0,0.0,0.0,-0.08301656242389778,0.04252364469962718,0.30660026177703653,0.9472572351178067,0.019255381615274125,1.6157439552221646,-0.014197872958349258,9.35808220172558,20.0,0.0,2.0,31.458783847361804,1.630347552104676,1.180347552104676,0,0,0
5.512369156,1787250881.525048018,1787250881.524983168,-11.429462207810952,1.3693663524115876,2.0034983284585874,0.6177456847648284,0.0,0.0,0.0,0.0,-0.08045176004879034,0.04215468018378048,0.3066715388578072,0.947471933356466,0.022231759874665274,1.633093180861109,-0.014863977003806993,9.374328793898238,20.0,0.0,2.0,31.459279570861693,1.6297536998882758,1.1797536998882758,0,0,0
5.522348166,1787250881.535027027,1787250881.534982681,-11.429224672109976,1.3857818830228088,2.003346589921268,0.6181735429585922,0.0,0.0,0.0,0.0,-0.07793994647266965,0.04174340934741306,0.30673143428906297,0.9476806844812581,0.025287765475880217,1.6499280850126308,-0.015473323358067236,9.390746744228315,20.0,0.0,2.0,31.459761062616874,1.6292899571741402,1.1792899571741402,0,0,0
5.532385111,1787250881.545063972,1787250881.544983387,-11.42895622412373,1.4023632281479836,2.003189030865186,0.6185608068112457,0.0,0.0,0.0,0.0,-0.07549117558599325,0.041294812987221374,0.3067776108728231,0.9478835995501547,0.028412269813699462,1.666256930091223,-0.016033428152257823,9.407331010728152,20.0,0.0,2.0,31.460227623643558,1.6289608692635373,1.1789608692635374,0,0,0
5.542386293,1787250881.555065155,1787250881.554982901,-11.428656232733335,1.419105355115444,2.0030260485070293,0.6189089914238728,0.0,0.0,0.0,0.0,-0.07307371781592784,0.040807504745459425,0.30680914334572895,0.9480839250195456,0.031595036019860426,1.6820855911692567,-0.016555376413145056,9.424076618315754,20.0,0.0,2.0,31.460678660213524,1.6287709094936575,1.1787709094936576,0,0,0
5.552387953,1787250881.565066814,1787250881.564983606,-11.428324155934625,1.4360032801249436,2.002858053527289,0.6192193497123457,0.0,0.0,0.0,0.0,-0.07066165998840347,0.040284343421785634,0.3068254807425145,0.9482838319036574,0.03482808561742424,1.697415908538258,-0.01703946899304375,9.44097864088526,20.0,0.0,2.0,31.461113661781006,1.6287244524505569,1.178724452450557,0,0,0
5.562348366,1787250881.575027227,1787250881.574983120,-11.427959522206672,1.4530519947984661,2.0026853734705723,0.6194936963296381,0.0,0.0,0.0,0.0,-0.0682074335573273,0.03972584879758839,0.30682533806686973,0.9484871189768393,0.03810587907588122,1.7122424025272394,-0.0174892932381812,9.458032128744838,20.0,0.0,2.0,31.461532178841505,1.628638361131537,1.178638361131537,0,0,0
5.572373390,1787250881.585052252,1787250881.584982634,-11.427561898367502,1.4702464078202993,2.0025083764442404,0.619731709987217,0.0,0.0,0.0,0.0,-0.06568172291795321,0.03913371213576479,0.30680749643548316,0.9486957488995065,0.041425638721674665,1.7265523221336483,-0.017908081172421167,9.475232049437393,20.0,0.0,2.0,31.46193378779158,1.6278355814860583,1.1778355814860584,0,0,0
5.582379818,1787250881.595058680,1787250881.594983339,-11.427130876609848,1.4875812499351717,2.002327294761025,0.619933792165479,0.0,0.0,0.0,0.0,-0.06303363784484156,0.038488247854429496,0.3067698810462013,0.948913934643201,0.04478519932048962,1.7403245210251193,-0.01830203040813959,9.492573194770937,20.0,0.0,2.0,31.46231807300638,1.627179741322413,1.177179741322413,0,0,0
5.592386007,1787250881.605064869,1787250881.604983330,-11.42666607112648,1.5050510146741967,2.002142444454608,0.6200987626287646,0.0,0.0,0.0,0.0,-0.060240907845097086,0.03777415336160248,0.3067113883733028,0.9491429136868345,0.048181620242932224,1.7535313023861512,-0.018664794071377718,9.510050119380548,20.0,0.0,2.0,31.462684619926065,1.6266751332849818,1.1766751332849819,0,0,0
5.602377415,1787250881.615056276,1787250881.614983082,-11.426167138243667,1.5226498779299131,2.0019541072210862,0.6202313784095627,0.0,0.0,0.0,0.0,-0.05727494129385782,0.03696915805083031,0.3066336211199131,0.9493833181869626,0.05160974186983145,1.7661385122403261,-0.01899515096148751,9.52765706098971,20.0,0.0,2.0,31.463033030369484,1.6263258519360044,1.1763258519360045,0,0,0
5.612378836,1787250881.625057697,1787250881.624983311,-11.425633794539635,1.5403716659041111,2.0017626861240223,0.6203330679640321,0.0,0.0,0.0,0.0,-0.05414323949058344,0.036064543983829356,0.30653862045454344,0.9496325249561164,0.05506228425075818,1.7781099496422548,-0.01928322952052879,9.545387906049816,20.0,0.0,2.0,31.46336293794251,1.6261357853173073,1.1761357853173073,0,0,0
5.622389555,1787250881.635068417,1787250881.634983301,-11.425065842396515,1.558209837746671,2.001568598330049,0.6204016061694857,0.0,0.0,0.0,0.0,-0.050851162763726095,0.03505298123394613,0.3064267040928675,0.9498884791231926,0.05852982762738177,1.789409717858825,-0.019524761253294224,9.563236172475252,20.0,0.0,2.0,31.463674031458996,1.6256036578345598,1.17560365783456,0,0,0
5.632363558,1787250881.645042419,1787250881.644982815,-11.424463182708983,1.5761575162611612,2.0013723797194687,0.6204318656810768,0.0,0.0,0.0,0.0,-0.04743686804468086,0.033943728920512395,0.30629827180563896,0.9501467968192921,0.06200192032638936,1.8000064743646613,-0.01971056315129308,9.581195038377686,20.0,0.0,2.0,31.46396606788351,1.6246385323779995,1.1746385323779995,0,0,0
5.642391443,1787250881.655070305,1787250881.654983282,-11.423825824777566,1.5942075412136953,2.0011745834322534,0.6204212289846506,0.0,0.0,0.0,0.0,-0.04393164571546664,0.03274902684220417,0.30615440090725077,0.9504035956112233,0.06546780091455519,1.809875684900925,-0.019837628451936182,9.599257395623933,20.0,0.0,2.0,31.464238883692488,1.6238363902423862,1.1738363902423863,0,0,0
5.652388096,1787250881.665066957,1787250881.664983273,-11.423153879850833,1.6123525546317026,2.00097585462014,0.6203663797876344,0.0,0.0,0.0,0.0,-0.04039707680605801,0.03149429751132216,0.3059966537496215,0.9506535821758776,0.06891773569550452,1.8190027788284182,-0.01989692568234841,9.61741593397549,20.0,0.0,2.0,31.464492391734275,1.623200984413186,1.173200984413186,0,0,0
5.662386656,1787250881.675065517,1787250881.674982786,-11.422447554964672,1.630585120368422,2.0007768801066437,0.6202628150984439,0.0,0.0,0.0,0.0,-0.03691205494651747,0.030203762620487844,0.3058259662362611,0.9508920608033531,0.07234218629175737,1.827387527354137,-0.01988584941195057,9.635663260876864,20.0,0.0,2.0,31.46472658045537,1.6227358076312026,1.1727358076312027,0,0,0
5.672376871,1787250881.685055733,1787250881.684982777,-11.421707154008562,1.6488978845085798,2.0005783565983344,0.6201083937527274,0.0,0.0,0.0,0.0,-0.03355962680591897,0.028905465743681403,0.3056437736916127,0.951115192341253,0.07573125554547736,1.835046444557327,-0.01980977973670962,9.653992061590829,20.0,0.0,2.0,31.464941522912547,1.6224440853245263,1.1724440853245264,0,0,0
5.682389498,1787250881.695068359,1787250881.694982767,-11.420933080831992,1.6672837224577473,2.0003808733366006,0.6199057760393635,0.0,0.0,0.0,0.0,-0.030365503846193992,0.02760699728249855,0.30545135777390425,0.9513228988683544,0.07907503395391369,1.842007402813013,-0.01967713547606393,9.672395246804655,20.0,0.0,2.0,31.46513738769242,1.6212630684745208,1.1712630684745209,0,0,0
5.692373991,1787250881.705052853,1787250881.704983234,-11.420125835918542,1.6857358125130186,2.0001849925146313,0.6196593448951779,0.0,0.0,0.0,0.0,-0.027342162886240202,0.02631672526263899,0.3052502511160302,0.9515156962939464,0.0823640556340848,1.8483022975858932,-0.019491367345017063,9.690866024835223,20.0,0.0,2.0,31.465314440011035,1.6201884485482134,1.1701884485482135,0,0,0
5.702388525,1787250881.715067387,1787250881.714982748,-11.419286011030234,1.7042476501219317,1.9999912060859721,0.6193741384909445,0.0,0.0,0.0,0.0,-0.024459336972763777,0.025030113357345608,0.30504114141415717,0.9516959263887387,0.0855897261250395,1.8539614662020643,-0.019257635182416494,9.709397916014531,20.0,0.0,2.0,31.46547303785442,1.6192913913232103,1.1692913913232104,0,0,0
5.712387085,1787250881.725065947,1787250881.724983215,-11.418414276508296,1.7228130057049449,1.9997999969717888,0.6190536840343916,0.0,0.0,0.0,0.0,-0.021696571099873812,0.02374838251722754,0.3048244654057109,0.9518651786994029,0.08874487899978627,1.8590097146913154,-0.018977044647521143,9.727984709980296,20.0,0.0,2.0,31.46561361777214,1.6185748744141386,1.1685748744141387,0,0,0
5.722388268,1787250881.735067129,1787250881.734983683,-11.417511370697284,1.741425882215474,1.9996118121432769,0.6186949379875126,0.0,0.0,0.0,0.0,-0.01904819448667003,0.022467337141487978,0.3045980370580919,0.9520254307889711,0.09182283739904612,1.8634693140603835,-0.018652461497598884,9.74662042366208,20.0,0.0,2.0,31.465736682649474,1.6180416149654144,1.1680416149654145,0,0,0
5.732388258,1787250881.745067120,1787250881.744983196,-11.416578100595391,1.7600805046235568,1.999427080785056,0.6182961079041673,0.0,0.0,0.0,0.0,-0.01651645715299176,0.021186900208759255,0.30436047163909163,0.9521780428083223,0.09481651217440028,1.8673625775931548,-0.018288327600821865,9.765299290221535,20.0,0.0,2.0,31.46584280234366,1.6170708176173212,1.1670708176173212,0,0,0
5.742387056,1787250881.755065918,1787250881.754982948,-11.415615347918878,1.7787713071070097,1.9992461605554415,0.6178603142563451,0.0,0.0,0.0,0.0,-0.014059142303284847,0.019884360658288747,0.3041120151382425,0.9523249629026137,0.09771789346424796,1.8707075007144653,-0.017889746851811963,9.784015746144627,20.0,0.0,2.0,31.465932619575373,1.6157547956834475,1.1657547956834475,0,0,0
5.752386808,1787250881.765065670,1787250881.764983177,-11.414624081071706,1.797492857754399,1.9990693980034404,0.6173914854373402,0.0,0.0,0.0,0.0,-0.011638554429028473,0.018544225196336115,0.30385367433967897,0.9524671124784029,0.10051774885003416,1.8735130481080375,-0.01745769752061443,9.802764354455775,20.0,0.0,2.0,31.466006858111953,1.6146261049511426,1.1646261049511426,0,0,0
5.762387753,1787250881.775066614,1787250881.774982691,-11.41360536454935,1.8162397678570565,1.998897115032318,0.6168895521788053,0.0,0.0,0.0,0.0,-0.009196776348546935,0.017143327358379357,0.30358458154750495,0.9526058615600183,0.10320610939844124,1.8757781647822993,-0.016993206733849277,9.821539713391683,20.0,0.0,2.0,31.46606632724123,1.613687269865177,1.163687269865177,0,0,0
5.772388220,1787250881.785067081,1787250881.784982920,-11.412560364445804,1.8350065830320812,1.9987296388087135,0.6163523879288814,0.0,0.0,0.0,0.0,-0.006698216652293734,0.01567397841205008,0.30330352326352994,0.9527415352918895,0.10577282578646269,1.877491654792237,-0.016497389023344966,9.840336346742244,20.0,0.0,2.0,31.466111920978417,1.6129406039437066,1.1629406039437067,0,0,0
5.782387495,1787250881.795066357,1787250881.794983149,-11.411490345326188,1.8537877006630603,1.9985672708052284,0.6157685981125944,0.0,0.0,0.0,0.0,-0.004102546482891838,0.014125846917843304,0.3030051145504186,0.9528754011503797,0.10820838354279655,1.878634862455918,-0.015970671572324336,9.859148621558267,20.0,0.0,2.0,31.46614460982411,1.6121532636397042,1.1621532636397043,0,0,0
5.792386532,1787250881.805065393,1787250881.804983139,-11.410396661932522,1.87257730031903,1.9984103361407104,0.6151295680006275,0.0,0.0,0.0,0.0,-0.001400569536714722,0.012506759701561452,0.302685778742645,0.9530073130431366,0.11050446714705756,1.8791840853466373,-0.015410833077155845,9.877970678488532,20.0,0.0,2.0,31.466165427847148,1.6106307226137322,1.1606307226137322,0,0,0
5.802390099,1787250881.815068960,1787250881.814982653,-11.409280742313952,1.8913693203997535,1.9982591633429105,0.6144352169736731,0.0,0.0,0.0,0.0,0.0014147530472546136,0.010825051894629381,0.3023460959410007,0.9531356960026883,0.11265472700465769,1.8791147779010442,-0.014818334553962146,9.896796409510838,20.0,0.0,2.0,31.46617545374963,1.6093046363015862,1.1593046363015862,0,0,0
5.812386513,1787250881.825065374,1787250881.824983120,-11.408144066938535,1.9101574590024706,1.9981140769896188,0.6136894027102429,0.0,0.0,0.0,0.0,0.004320043986562833,0.009104556376362087,0.30198860123372445,0.9532582698293481,0.11465523439969022,1.8784046411018025,-0.014193430259634453,9.915619460090218,20.0,0.0,2.0,31.466175789321053,1.6081770604428802,1.1581770604428803,0,0,0
5.822379112,1787250881.835057974,1787250881.834984064,-11.40698814003143,1.928935222056675,1.9979754016356612,0.6128913502910501,0.0,0.0,0.0,0.0,0.007292596940557258,0.007368448850456631,0.301613387634979,0.9533739499224597,0.11650512326244998,1.8770374065904545,-0.013536575805957612,9.934433279032373,20.0,0.0,2.0,31.46616753304991,1.6072497057514525,1.1572497057514526,0,0,0
5.832371473,1787250881.845050335,1787250881.844982624,-11.405814459283942,1.9476959874210455,1.9978434450068383,0.6120439385727771,0.0,0.0,0.0,0.0,0.010287790435576791,0.005649516162351758,0.30122195570641674,0.953481818251133,0.11820668693287369,1.8750046099297826,-0.0128496854525897,9.95323118466321,20.0,0.0,2.0,31.46615175329061,1.6065238950279084,1.1565238950279084,0,0,0
5.842387438,1787250881.855066299,1787250881.854982853,-11.404624482397534,1.9664330989373908,1.9977185004959166,0.6111545827819043,0.0,0.0,0.0,0.0,0.013269155192957552,0.003975311791175471,0.3008175618864294,0.9535811034607032,0.11976551453747039,1.8723075292703795,-0.012135084294854697,9.97200646106855,20.0,0.0,2.0,31.466129460393425,1.6049769654050678,1.154976965405068,0,0,0
5.852390289,1787250881.865069151,1787250881.864983082,-11.403419597134686,1.9851399595050792,1.9976008095203523,0.6102338625955942,0.0,0.0,0.0,0.0,0.0161824871032697,0.0023768997030471748,0.30040448623072136,0.9536716531969537,0.12118996378513325,1.8689573741514893,-0.011400735203087512,9.990752453492567,20.0,0.0,2.0,31.466101582633996,1.603490059132899,1.1534900591328991,0,0,0
5.862388611,1787250881.875067472,1787250881.874983311,-11.402201097125054,2.0038101506097306,1.997490526373615,0.6092875132575439,0.0,0.0,0.0,0.0,0.01895954085164457,0.0008804955847694558,0.29998418660420617,0.9537553398674279,0.12249022619971137,1.8649789819131004,-0.010654220901747266,10.009462689742548,20.0,0.0,2.0,31.466068949924875,1.6022074020372958,1.1522074020372959,0,0,0
5.872387648,1787250881.885066509,1787250881.884983301,-11.400970170556976,2.022437574859065,1.9973877595719063,0.6083240538446364,0.0,0.0,0.0,0.0,0.021535412017021773,-0.0004925066678261847,0.2995589837735143,0.9538345761750403,0.12367709589889365,1.860411612500431,-0.00989709479355014,10.02813102323529,20.0,0.0,2.0,31.466032292302295,1.601129334206711,1.151129334206711,0,0,0
5.882389069,1787250881.895067930,1787250881.894983292,-11.399727898531001,2.041016579825533,1.9972926180953647,0.6073537890573987,0.0,0.0,0.0,0.0,0.023889625825947867,-0.0017422069658416287,0.29913231155977504,0.9539109553169468,0.12476092022307383,1.8553033752272188,-0.009129901446574332,10.046751756766252,20.0,0.0,2.0,31.465992247358507,1.600255738570572,1.150255738570572,0,0,0
5.892378330,1787250881.905057192,1787250881.904983282,-11.398475265466686,2.0595420059330647,1.9972051898307726,0.6063872442693393,0.0,0.0,0.0,0.0,0.02601925259619176,-0.002874988301978334,0.29870796361464835,0.9539854744228494,0.12575070782812553,1.8497041025999568,-0.008353902138129239,10.06531969003199,20.0,0.0,2.0,31.4659493751784,1.5989894361971153,1.1489894361971154,0,0,0
5.902388096,1787250881.915066957,1787250881.914982796,-11.397213172340809,2.078009181276555,1.9971255705979978,0.6054271556686314,0.0,0.0,0.0,0.0,0.027954085063001146,-0.003908895028815791,0.29828668373031497,0.9540588786742228,0.12665405573607375,1.843660386222072,-0.007568778704771073,10.083830113675111,20.0,0.0,2.0,31.46590417275857,1.5973669468436682,1.1473669468436682,0,0,0
5.912387133,1787250881.925065994,1787250881.924982548,-11.395942452271564,2.096413865092848,1.997053823121905,0.6044754247482417,0.0,0.0,0.0,0.0,0.029723858445933827,-0.004862973679294507,0.2978691382747713,0.954131448066526,0.12747693160013768,1.8372119100699273,-0.00678114228293137,10.102278752204077,20.0,0.0,2.0,31.465857087326565,1.5959490097733875,1.1459490097733875,0,0,0
5.922391176,1787250881.935070038,1787250881.934983730,-11.394663891586259,2.114752182400545,1.9969899362628798,0.6035305780216386,0.0,0.0,0.0,0.0,0.0313502444006396,-0.0057668559235782785,0.29745475345645533,0.9542036340294121,0.12822229489842146,1.8303921464672424,-0.005996943300118716,10.120661697578377,20.0,0.0,2.0,31.465808534330108,1.5947347770071716,1.1447347770071716,0,0,0
5.932380915,1787250881.945059776,1787250881.944983482,-11.393378268358758,2.133020564374299,1.9969338751818422,0.6025924584364453,0.0,0.0,0.0,0.0,0.032851743805567546,-0.006646908875859718,0.29704368428513167,0.9542754482630497,0.1288889343640333,1.8232290320434326,-0.005215210015718677,10.138975346856085,20.0,0.0,2.0,31.465758932996117,1.5937231451364433,1.1437231451364434,0,0,0
5.942387342,1787250881.955066204,1787250881.954982758,-11.392086392452422,2.151215687221194,1.996885629473284,0.6016583023353933,0.0,0.0,0.0,0.0,0.03427131756507111,-0.007539352657915847,0.29663555227037464,0.9543458409209439,0.1294715848698188,1.8157428262681508,-0.004434307058439179,10.157216338233184,20.0,0.0,2.0,31.465708743065786,1.5928364909270998,1.1428364909270998,0,0,0
5.952417850,1787250881.965096712,1787250881.964990139,-11.390789145689988,2.1693343798970703,1.996845183247584,0.6007271741160725,0.0,0.0,0.0,0.0,0.03564769769958223,-0.008469169373952517,0.29623079571173766,0.9544133436257193,0.12996147159461288,1.8079440090717065,-0.0036549212066896595,10.175381456161308,20.0,0.0,2.0,31.4656584992884,1.5910876265173957,1.1410876265173957,0,0,0
5.962394953,1787250881.975073814,1787250881.974982977,-11.389487507607209,2.187373530232663,1.9968125255154017,0.5997953542245509,0.0,0.0,0.0,0.0,0.03702610905206145,-0.009457713805926,0.29582874649711516,0.95447628134175,0.13034796953353397,1.7998337645858493,-0.0028772485561011185,10.193467535699343,20.0,0.0,2.0,31.465608831087078,1.589540663032745,1.1395406630327451,0,0,0
5.972377300,1787250881.985056162,1787250881.984983206,-11.388182567927664,2.2053299951608345,1.9967876236794082,0.5988602134950444,0.0,0.0,0.0,0.0,0.038436559355978984,-0.01051390163232912,0.29542893862586295,0.9545333053381303,0.1306199527653212,1.7914052886727165,-0.002103708988104131,10.211471371967908,20.0,0.0,2.0,31.465560468939305,1.5881945696064796,1.1381945696064797,0,0,0
5.982397795,1787250881.995076656,1787250881.994982719,-11.386875530904382,2.2232005305022016,1.996770434938913,0.5979095846055458,0.0,0.0,0.0,0.0,0.03991081372577298,-0.011660423475870435,0.2950268344224493,0.9545838509228923,0.13076515492801324,1.782644979324327,-0.001335186416500515,10.229389649636817,20.0,0.0,2.0,31.465514243714498,1.5870482153140841,1.1370482153140842,0,0,0
5.992377758,1787250882.005056620,1787250882.004982710,-11.385567734696567,2.240981726222758,1.996760895642749,0.5969359670654633,0.0,0.0,0.0,0.0,0.04146002944675731,-0.012905492911951144,0.2946195784460379,0.9546275808959495,0.13076937141393724,1.7735340505367807,-0.0005737739596523194,10.247218876854284,20.0,0.0,2.0,31.465471101165598,1.586100383405055,1.1361003834050551,0,0,0
6.002376318,1787250882.015055180,1787250882.014983177,-11.384260664361262,2.258669973566029,1.9967589279330624,0.5959379378243839,0.0,0.0,0.0,0.0,0.04309043849054805,-0.01425832138807284,0.29420721849639625,0.9546633055514916,0.13061730433723096,1.7640517539067453,0.00017814537056138843,10.264955351442262,20.0,0.0,2.0,31.46543211212283,1.584802801608636,1.134802801608636,0,0,0
6.012376070,1787250882.025054932,1787250882.024983168,-11.382955961843134,2.27626145633333,1.9967644134386535,0.5949199774532437,0.0,0.0,0.0,0.0,0.04478765652722781,-0.015708923781803455,0.29379177530228756,0.9546903625265873,0.1302933238928207,1.7541780972119851,0.0009167745194836938,10.282595151461079,20.0,0.0,2.0,31.46539848134129,1.5831370624481345,1.1331370624481345,0,0,0
6.022375584,1787250882.035054445,1787250882.034983635,-11.381655418622032,2.2937521765467297,1.9967772109723214,0.5938833258678108,0.0,0.0,0.0,0.0,0.04653404385904939,-0.017243543184052523,0.29337347545598264,0.954708985439784,0.1297832063487223,1.7438969474932835,0.0016396399832814047,10.300134161411194,20.0,0.0,2.0,31.465371541536125,1.5816708510224224,1.1316708510224225,0,0,0
6.032378197,1787250882.045057058,1787250882.044982910,-11.380360957284369,2.311138002511604,1.9967971403077696,0.5928342161367263,0.0,0.0,0.0,0.0,0.048297629332058827,-0.01883198382520094,0.29295405861397705,0.9547201762441753,0.1290753658857254,1.733198231516807,0.0023429052481604724,10.31756812171326,20.0,0.0,2.0,31.465352738121666,1.5804032608550584,1.1304032608550585,0,0,0
6.042377234,1787250882.055056095,1787250882.054982901,-11.3790745956667,2.3284147408477125,1.9968239949308684,0.5917824124927012,0.0,0.0,0.0,0.0,0.05004872109870063,-0.020443059246529085,0.2925367617007672,0.9547248032279543,0.12816237668074637,1.7220796882125824,0.003023940217467783,10.334892703523986,20.0,0.0,2.0,31.46534359851836,1.579333233844687,1.129333233844687,0,0,0
6.052375555,1787250882.065054417,1787250882.064983130,-11.377798402651454,2.3455782181745097,1.9968575189334408,0.5907410190070358,0.0,0.0,0.0,0.0,0.051747284759972874,-0.02203578889315506,0.29212565933519286,0.9547246941845621,0.12704170868575204,1.7105481369947784,0.003674676337282282,10.352103593867556,20.0,0.0,2.0,31.465345694115584,1.5784595183383978,1.1284595183383979,0,0,0
6.062376738,1787250882.075055599,1787250882.074983120,-11.376534444842182,2.3626243860581893,1.9968973658974625,0.5897186708004787,0.0,0.0,0.0,0.0,0.053341208114138755,-0.023568215971697584,0.2917219995287603,0.9547237976000063,0.12571620037460482,1.6986217476336218,0.004288707412738439,10.369196604621742,20.0,0.0,2.0,31.465360595173596,1.5769802866106042,1.1269802866106042,0,0,0
6.072375298,1787250882.085054159,1787250882.084982872,-11.37528473630407,2.3795494347103565,1.9969431776708622,0.5887256185746583,0.0,0.0,0.0,0.0,0.05478298602316491,-0.025001530228509778,0.29132769552312915,0.954726097763019,0.12419350927421087,1.6863301130459174,0.004868196636710193,10.386167790261732,20.0,0.0,2.0,31.465389829788354,1.5754202528827816,1.1254202528827817,0,0,0
6.082375288,1787250882.095054150,1787250882.094982862,-11.374051195792926,2.3963498964538092,1.9969946251167288,0.5877727806566782,0.0,0.0,0.0,0.0,0.05605101023213,-0.02632089434262029,0.29094618582985177,0.9547333720594581,0.12248450871069151,1.67371101127204,0.005416280674116548,10.403013554828101,20.0,0.0,2.0,31.465434849922985,1.574058106536921,1.124058106536921,0,0,0
6.092367887,1787250882.105046749,1787250882.104982615,-11.372835627106966,2.4130226997512843,1.9970514077345092,0.5868697226817678,0.0,0.0,0.0,0.0,0.057139266644732525,-0.027520065043478776,0.2905809749440941,0.9547462737438909,0.12060122489728059,1.6608053309846782,0.005935713973041243,10.419730707734391,20.0,0.0,2.0,31.465497017037304,1.572892110835676,1.122892110835676,0,0,0
6.102372646,1787250882.115051508,1787250882.114983320,-11.371639711643057,2.429565181666515,1.9971132542557994,0.5860171810328743,0.0,0.0,0.0,0.0,0.05806192209112031,-0.028607718972026505,0.29023249659043576,0.9547646356779167,0.11855580232772447,1.647653076395542,0.006429585865913582,10.43631647713785,20.0,0.0,2.0,31.4655775968344,1.5719202305808655,1.1219202305808655,0,0,0
6.112367630,1787250882.125046492,1787250882.124983072,-11.370465013413435,2.445975061769322,1.99717990505629,0.5852144326851012,0.0,0.0,0.0,0.0,0.05883770443674925,-0.02959313952916981,0.28990081427390546,0.9547878761865106,0.11635966956807284,1.6342909277765398,0.006894641418119809,10.452768483801124,20.0,0.0,2.0,31.465677763454092,1.5711401623477088,1.1211401623477089,0,0,0
6.122370720,1787250882.135049582,1787250882.134983778,-11.369312984322121,2.4622504129477036,1.9972510381562303,0.5844601794691934,0.0,0.0,0.0,0.0,0.05947568500080306,-0.030482445822353387,0.28958540565675384,0.9548160850242239,0.11402370001635315,1.6207525337139643,0.007327052016766979,10.469084711518486,20.0,0.0,2.0,31.465798603582474,1.569769165269366,1.119769165269366,0,0,0
6.132369518,1787250882.145048380,1787250882.144983053,-11.368184971145034,2.478389628135356,1.9973263449775105,0.5837539794833435,0.0,0.0,0.0,0.0,0.05998677417294284,-0.03128131771426143,0.28928630479617207,0.9548489409030939,0.11155818953618245,1.6070687788432936,0.007728784508331454,10.485263473885192,20.0,0.0,2.0,31.46594112181057,1.568335953204352,1.118335953204352,0,0,0
6.142369986,1787250882.155048847,1787250882.154983044,-11.367082221167365,2.49439139647002,1.997405514297784,0.5830954656876254,0.0,0.0,0.0,0.0,0.060389367567935955,-0.03200444584414081,0.28900416276396484,0.9548850368688652,0.10897242753866934,1.5932672422248972,0.008100639592326184,10.501303390192042,20.0,0.0,2.0,31.466106245285793,1.5670942147471763,1.1170942147471763,0,0,0
6.152369738,1787250882.165048599,1787250882.164983034,-11.366005897929098,2.510254656418648,1.9974882633430053,0.5824844001576068,0.0,0.0,0.0,0.0,0.06070503085192733,-0.03266591001519436,0.2887398846888953,0.9549225709668765,0.10627403462491308,1.5793706281200228,0.008443732451294803,10.517203337843386,20.0,0.0,2.0,31.466294836504275,1.566041296315079,1.116041296315079,0,0,0
6.162370920,1787250882.175049782,1787250882.174983025,-11.364957094775846,2.5259785523345477,1.9975742910907546,0.5819184826466259,0.0,0.0,0.0,0.0,0.06095545102703434,-0.03327952661179243,0.28849345621492645,0.9549599111060905,0.10346931446373803,1.5653968449958284,0.008757455072978296,10.532962407980982,20.0,0.0,2.0,31.466507704034264,1.5651743930791386,1.1151743930791387,0,0,0
6.172368765,1787250882.185047626,1787250882.184983015,-11.36393684831639,2.541562381248019,1.997663307233815,0.5813956182454376,0.0,0.0,0.0,0.0,0.06115880910628636,-0.033854129894295606,0.28826475702044385,0.9549957737172168,0.10056360256019439,1.551359450962184,0.009038869276689053,10.548579851764012,20.0,0.0,2.0,31.466745612202846,1.5644905754255498,1.1144905754255499,0,0,0
6.182368994,1787250882.195047855,1787250882.194982767,-11.362946142745837,2.5570055665257536,1.9977549446002456,0.5809131706040875,0.0,0.0,0.0,0.0,0.06132096298037743,-0.034392790488111946,0.2880527997398264,0.9550300833081896,0.09756188378056392,1.5372695863361692,0.009283142440519438,10.56405505342528,20.0,0.0,2.0,31.467009283697323,1.563538807414284,1.113538807414284,0,0,0
6.192368031,1787250882.205046892,1787250882.204982996,-11.361985914308633,2.572307630932473,1.997848844425509,0.5804702344322854,0.0,0.0,0.0,0.0,0.06144316084107195,-0.034893379147077956,0.28785713032997384,0.9550630673394029,0.09446912118029605,1.5231372506755063,0.00948890745165587,10.579387503684002,20.0,0.0,2.0,31.467299402155835,1.5622326619749247,1.1122326619749248,0,0,0
6.202370167,1787250882.215049028,1787250882.214982986,-11.361057044252817,2.5874682072623325,1.9979445827550044,0.5800706907429043,0.0,0.0,0.0,0.0,0.0615172594907496,-0.03534713126295807,0.2876790455950224,0.9550952695002547,0.09129122548331843,1.508973705476452,0.009652700266966912,10.594576810450995,20.0,0.0,2.0,31.467616606301988,1.561108506188601,1.111108506188601,0,0,0
6.212369919,1787250882.225048780,1787250882.224982738,-11.360160349842488,2.602487043324319,1.9980417627211147,0.5797188943056353,0.0,0.0,0.0,0.0,0.06153533283395104,-0.03574320671795154,0.2875200392222695,0.9551272444193796,0.08803541289168322,1.494791854662582,0.009774907029299491,10.609622704956413,20.0,0.0,2.0,31.467961481691137,1.5601633704900395,1.1101633704900395,0,0,0
6.222371101,1787250882.235049963,1787250882.234983683,-11.35929656495118,2.617364036348822,1.9981399357690988,0.5794185614217833,0.0,0.0,0.0,0.0,0.0614842884447959,-0.03606538399271229,0.2873809760943357,0.9551602718554422,0.08471098886528503,1.4806077027332682,0.009853598495463432,10.62452507670513,20.0,0.0,2.0,31.46833454454128,1.5593941629855337,1.1093941629855337,0,0,0
6.232371807,1787250882.245050669,1787250882.244983196,-11.358466321031992,2.6320992503575376,1.9982386997545967,0.5791721107088128,0.0,0.0,0.0,0.0,0.06135600509503986,-0.03630000532227796,0.28726239054223063,0.9551953042348685,0.08132938483123567,1.4664396542162357,0.009890871923626655,10.639283992355434,20.0,0.0,2.0,31.46873622459613,1.5587976614871581,1.1087976614871582,0,0,0
6.242369890,1787250882.255048752,1787250882.254983187,-11.357670121727475,2.646692954068511,1.9983376132403128,0.5789835854468556,0.0,0.0,0.0,0.0,0.06114025640061861,-0.036430127865071424,0.2871654639285799,0.9552333281233882,0.07790451522116915,1.4523090674768906,0.009886166267318022,10.653899734047659,20.0,0.0,2.0,31.469166843431452,1.558370500976547,1.108370500976547,0,0,0
6.252375841,1787250882.265054703,1787250882.264983416,-11.356908323018338,2.6611456284152863,1.9984363228203545,0.5788540569930485,0.0,0.0,0.0,0.0,0.06083613262786718,-0.03644948095085572,0.28709061548087933,0.9552745044269253,0.07445196409807088,1.4382375226155433,0.009851007583882559,10.668372808241774,20.0,0.0,2.0,31.46962659579705,1.557393669999152,1.107393669999152,0,0,0
6.262370825,1787250882.275049686,1787250882.274983168,-11.356181122880834,2.675457973321694,1.998534560196448,0.5787807728501094,0.0,0.0,0.0,0.0,0.06044771355636416,-0.03636706648312265,0.2870369828479015,0.9553184185803147,0.07098720109755012,1.4242465420387662,0.009793822028429275,10.68270395220665,20.0,0.0,2.0,31.470115540388992,1.5563751329620088,1.1063751329620088,0,0,0
6.272367954,1787250882.285046816,1787250882.284982681,-11.355488574587543,2.6896308952715735,1.9986321278723436,0.5787583555292253,0.0,0.0,0.0,0.0,0.05998647454329693,-0.036200088925193157,0.28700294121831893,0.9553640605369812,0.06752371813050234,1.4103564136291873,0.009714208373349206,10.69689411990077,20.0,0.0,2.0,31.47063361254367,1.5555235461723251,1.1055235461723252,0,0,0
6.282368422,1787250882.295047283,1787250882.294982672,-11.354830606097687,2.703665499053893,1.9987287579627178,0.5787830637924612,0.0,0.0,0.0,0.0,0.05945619609193425,-0.03595841318510361,0.2869871690670712,0.9554110728154427,0.06407290665408676,1.3965854729875018,0.009608680291880818,10.710944470901179,20.0,0.0,2.0,31.471180643310966,1.554835255622729,1.104835255622729,0,0,0
6.292369604,1787250882.305048466,1787250882.304982901,-11.354207042395023,2.717563055013932,1.998824222632108,0.5788501105880703,0.0,0.0,0.0,0.0,0.05886506980143664,-0.03565309188888466,0.2869880588320497,0.955458850335192,0.06064431264636237,1.3829497005594784,0.009478454115173961,10.724856336586873,20.0,0.0,2.0,31.471756379296703,1.5543065268557186,1.1043065268557186,0,0,0
6.302372217,1787250882.315051079,1787250882.314983130,-11.353617616682367,2.731324994069474,1.9989182371931058,0.5789565419360678,0.0,0.0,0.0,0.0,0.058214001885974115,-0.03528494472765012,0.2870043729045336,0.9555075052523982,0.057246666742076145,1.3694642151629086,0.009321266850461769,10.738631213282396,20.0,0.0,2.0,31.47236049371852,1.5539335663678127,1.1039335663678127,0,0,0
6.312367916,1787250882.325046778,1787250882.324983120,-11.353061979049745,2.744952882212011,1.9990105950433377,0.579098300311162,0.0,0.0,0.0,0.0,0.0575112434437771,-0.03486022618418257,0.28703476152819835,0.9555565222331898,0.05388799342906442,1.3561415613375898,0.009147803314811208,10.752270736674978,20.0,0.0,2.0,31.472992593120548,1.5537125392356574,1.1037125392356575,0,0,0
6.322370768,1787250882.335049629,1787250882.334984064,-11.352539703674106,2.7584484037853514,1.9991011630128797,0.5792737005889346,0.0,0.0,0.0,0.0,0.05676731192222848,-0.034390844869288145,0.28707918858873804,0.9556046680325148,0.05057519450391533,1.3429923495514011,0.008965180501929085,10.765776664138933,20.0,0.0,2.0,31.473652223323477,1.553095708039549,1.1030957080395491,0,0,0
6.332370281,1787250882.345049143,1787250882.344983101,-11.352050304658084,2.771813335702681,1.9991898613582562,0.579479517854369,0.0,0.0,0.0,0.0,0.055996731592468464,-0.03389107639068403,0.28713705882828183,0.955650600606459,0.04731355256603009,1.3300251578089846,0.008770256684337717,10.779150847626093,20.0,0.0,2.0,31.474338883130095,1.5523062512950925,1.1023062512950925,0,0,0
6.342369795,1787250882.355048656,1787250882.354983330,-11.351593246585715,2.785049537843217,1.9992765060442137,0.5797122910364142,0.0,0.0,0.0,0.0,0.05519841575608816,-0.03335741080696203,0.28720668558444945,0.9556948978611682,0.04410775212996126,1.317247261826974,0.008556721479065485,10.792395222148443,20.0,0.0,2.0,31.475052034127653,1.5516652504006796,1.1016652504006796,0,0,0
6.352373838,1787250882.365052700,1787250882.364982843,-11.351167946359592,2.7981589343292383,1.999360937331845,0.5799676784328183,0.0,0.0,0.0,0.0,0.05437287073223461,-0.032785614804268545,0.2872860198241565,0.9557381635175171,0.04096301504213154,1.304665554569827,0.008324563692211883,10.80551178744399,20.0,0.0,2.0,31.47579110095587,1.5511689797820802,1.1011689797820803,0,0,0
6.362371683,1787250882.375050545,1787250882.374983549,-11.350773759350774,2.81114353208917,1.9994429244102536,0.5802462677025687,0.0,0.0,0.0,0.0,0.05350917656336779,-0.03215730349680044,0.28737469020743023,0.9557815981088507,0.03788645157115207,1.2922888924339317,0.008070535433303811,10.818502625918322,20.0,0.0,2.0,31.47655545923564,1.5508137060334153,1.1008137060334153,0,0,0
6.372368097,1787250882.385046959,1787250882.384982824,-11.350409958678865,2.824005431200222,1.9995222831141288,0.580548410021016,0.0,0.0,0.0,0.0,0.052601539695465827,-0.031459401804597095,0.2874725453301385,0.9558257789687276,0.034887599899228613,1.2801281628672578,0.007795888366209692,10.831369913801774,20.0,0.0,2.0,31.4773444159588,1.5505956725613688,1.1005956725613688,0,0,0
6.382369280,1787250882.395048141,1787250882.394983053,-11.35007570737916,2.8367468629022756,1.999598766956389,0.5808807393017905,0.0,0.0,0.0,0.0,0.051632102721189926,-0.030668296001993174,0.287581846702166,0.9558714678429807,0.03197884009366207,1.268197841759902,0.007498660074731419,10.844115958503076,20.0,0.0,2.0,31.47815718531787,1.5505110782337719,1.100511078233772,0,0,0
6.392367840,1787250882.405046701,1787250882.404982805,-11.349770032112776,2.8493702135768335,1.999672197846649,0.5812458577581548,0.0,0.0,0.0,0.0,0.05059257935368502,-0.029771734039730817,0.2877035474435088,0.9559187745593395,0.029175103650546985,1.2565153926479502,0.007182750590759711,10.856743223120443,20.0,0.0,2.0,31.47899286489054,1.5505560587723706,1.1005560587723706,0,0,0
6.402370691,1787250882.415049553,1787250882.414983034,-11.349491798022807,2.8618780661714096,1.9997423597479935,0.5816410219242659,0.0,0.0,0.0,0.0,0.04946840447723764,-0.028750960308487533,0.28783577112739045,0.955969051852264,0.02649361538041195,1.245101662147563,0.00684814522675807,10.86925436669043,20.0,0.0,2.0,31.47985041461142,1.549960514511353,1.0999605145113531,0,0,0
6.412369251,1787250882.425048113,1787250882.424983025,-11.349239690187607,2.874273216821298,1.999809121582822,0.5820590144458495,0.0,0.0,0.0,0.0,0.04825874018313377,-0.027603174603309334,0.2879753120303504,0.956022687183091,0.02395304999444891,1.2339790498741705,0.0065007196228571386,10.88165226067032,20.0,0.0,2.0,31.480728640141177,1.5494531084801781,1.0994531084801782,0,0,0
6.422370911,1787250882.435049772,1787250882.434983730,-11.349012202326064,2.8865586960220377,1.999872336772429,0.58249560635602,0.0,0.0,0.0,0.0,0.04695891009140088,-0.026320382812024045,0.28812020506691094,0.9560799368483043,0.021572906918726212,1.2231711016998397,0.006142025718446451,10.893940008473686,20.0,0.0,2.0,31.481626183910304,1.5490703339642389,1.099070333964239,0,0,0
6.432369947,1787250882.445048809,1787250882.444983006,-11.348807632302313,2.8987377634078646,1.9999319462493905,0.5829432182374822,0.0,0.0,0.0,0.0,0.0455786959288043,-0.02491148875869279,0.28826764745885286,0.9561400334855735,0.019372670304675342,1.2127005384481573,0.005777544779554719,10.906120939660294,20.0,0.0,2.0,31.482541520543315,1.5488079574847222,1.0988079574847223,0,0,0
6.442370415,1787250882.455049276,1787250882.454983234,-11.348624086375478,2.9108139024774737,1.9999878727377123,0.583391834064878,0.0,0.0,0.0,0.0,0.04412323051967077,-0.023378294150135953,0.28841337504458453,0.9562030751814854,0.017371170400959226,1.2025886180278116,0.005408504100952282,10.91819860299837,20.0,0.0,2.0,31.48347296096611,1.5486616508199582,1.0986616508199583,0,0,0
6.452370405,1787250882.465049267,1787250882.464982986,-11.348459488715218,2.9227907885434257,2.0000401542020727,0.5838309894069623,0.0,0.0,0.0,0.0,0.042615267207299,-0.02174689866663574,0.28855376928446663,0.9562676056580398,0.015585519284707599,1.1928522554763097,0.005050674204563572,10.930176734137161,20.0,0.0,2.0,31.48441865924835,1.5486270095828802,1.0986270095828803,0,0,0
6.462370634,1787250882.475049496,1787250882.474983215,-11.34831161817732,2.9346722309935394,2.000088961614974,0.5842621328071381,0.0,0.0,0.0,0.0,0.041093840767226386,-0.020073051123443333,0.2886916783820076,0.956329171207578,0.014026889602509437,1.183500520875688,0.004715270669836274,10.942059196952373,20.0,0.0,2.0,31.48537664411258,1.548699596839859,1.098699596839859,0,0,0
6.472369194,1787250882.485048056,1787250882.484983206,-11.348178186412504,2.9464620765890417,2.0001345322372366,0.5846845971825545,0.0,0.0,0.0,0.0,0.03960379958016495,-0.01842116974363684,0.288828983112641,0.9563838236180117,0.012697355103099363,1.1745318113119347,0.004400902406829614,10.953849885646562,20.0,0.0,2.0,31.48634488780724,1.5488750240411253,1.0988750240411254,0,0,0
6.482368708,1787250882.495047569,1787250882.494982719,-11.348056925205745,2.9581641095156344,2.0001770328210973,0.5850850551741708,0.0,0.0,0.0,0.0,0.038165969268376294,-0.016826131292017706,0.2889602032173742,0.9564320368181541,0.011591439073427755,1.1659356477103973,0.004102434922007011,10.965552624009653,20.0,0.0,2.0,31.48732138363165,1.5486219442504,1.0986219442504,0,0,0
6.492369652,1787250882.505048513,1787250882.504982948,-11.347945645553803,2.9697819790540425,2.0002166332212616,0.5854506110306916,0.0,0.0,0.0,0.0,0.03679505827117961,-0.01531221505973336,0.2890796460262589,0.956475100569857,0.010699088538203007,1.1576963220823069,0.003819062129371625,10.97717109395901,20.0,0.0,2.0,31.488304197696003,1.5482403905125517,1.0982403905125517,0,0,0
6.502372503,1787250882.515051365,1787250882.514982939,-11.347842270247686,2.9813191690949314,2.000253452092915,0.585782447203139,0.0,0.0,0.0,0.0,0.03548432745186336,-0.013873128614314776,0.2891873473287752,0.9565140233957293,0.010008753783936036,1.1497970282162178,0.0035470760998441825,10.988708805869212,20.0,0.0,2.0,31.489291498104215,1.5479548251779978,1.0979548251779978,0,0,0
6.512368202,1787250882.525047064,1787250882.524983168,-11.347744831687484,2.992779001163957,2.0002876295047822,0.5860842362684151,0.0,0.0,0.0,0.0,0.034229775777724986,-0.012503708214422626,0.28928465459402575,0.9565491980800102,0.00951005700793785,1.142222205438142,0.0032914756935041424,11.000169103134937,20.0,0.0,2.0,31.49028155264935,1.5477615123630895,1.0977615123630895,0,0,0
6.522371292,1787250882.535050154,1787250882.534983873,-11.347651464355245,3.004164644679083,2.0003193464548468,0.5863598347243266,0.0,0.0,0.0,0.0,0.03303212137219739,-0.01120693122507946,0.2893732554512228,0.9565805782471909,0.00919275157506077,1.1349567924729003,0.0030552693603953123,11.011555173645748,20.0,0.0,2.0,31.491272721898927,1.5476569099727013,1.0976569099727014,0,0,0
6.532369375,1787250882.545048237,1787250882.544982910,-11.347560408837436,3.015479116879288,2.0003487866314966,0.586611298607967,0.0,0.0,0.0,0.0,0.03189403678508546,-0.009986464677908032,0.28945402730771647,0.9566082829539646,0.009045832204862842,1.1279854189503042,0.0028341810266259725,11.022870050534188,20.0,0.0,2.0,31.49226346282051,1.547637668630859,1.097637668630859,0,0,0
6.542369843,1787250882.555048704,1787250882.554983139,-11.3474700119113,3.0267252882707623,2.0003760648115914,0.5868370600625176,0.0,0.0,0.0,0.0,0.030796640652284175,-0.008817370548033738,0.2895253050875439,0.9566341613255913,0.009059794635010684,1.1212948009428283,0.0026235113119156077,11.034116618307058,20.0,0.0,2.0,31.493252329026937,1.5477006267071582,1.0977006267071583,0,0,0
6.552371264,1787250882.565050125,1787250882.564983130,-11.347378695813502,3.0379059203861356,2.000401288841052,0.5870347226589815,0.0,0.0,0.0,0.0,0.029721581596967493,-0.0076731589465280125,0.28958509798491777,0.956659929778718,0.0092290576111064,1.1148766522138485,0.0024220802736592607,11.045297651773634,20.0,0.0,2.0,31.49423794348567,1.5478427755468112,1.0978427755468112,0,0,0
6.562371016,1787250882.575049877,1787250882.574982882,-11.347284915204227,3.04902372283407,2.000424530962096,0.5872045369926774,0.0,0.0,0.0,0.0,0.02863886844051789,-0.006510477239149702,0.2896323275787459,0.9566872758231308,0.00955319298022788,1.1087292146038976,0.0022279935028581004,11.056415874035766,20.0,0.0,2.0,31.49521896094107,1.548061214617589,1.098061214617589,0,0,0
6.572368383,1787250882.585047245,1787250882.584983110,-11.347187098313677,3.0600814237089007,2.0004458783103423,0.5873469811113134,0.0,0.0,0.0,0.0,0.027527624195211216,-0.0052988041277404144,0.2896664778780057,0.9567170345377645,0.010037546374130481,1.1028576841733706,0.00204251205503164,11.067474028153455,20.0,0.0,2.0,31.496194016027065,1.5477018481962261,1.0977018481962262,0,0,0
6.582369089,1787250882.595047951,1787250882.594983101,-11.347083599067307,3.0710818330471907,2.0004654104731494,0.5874650452021248,0.0,0.0,0.0,0.0,0.026361978520216205,-0.00401047271952808,0.2896883294561898,0.9567495147497843,0.010691544966406145,1.0972732814617068,0.00186577957670762,11.078474941715942,20.0,0.0,2.0,31.497161681789585,1.5473537229116867,1.0973537229116868,0,0,0
6.592368126,1787250882.605046988,1787250882.604982853,-11.34697266271161,3.082027898931581,2.0004832272211215,0.587559133506404,0.0,0.0,0.0,0.0,0.025130856387544493,-0.0026376910372708927,0.28969802822301605,0.9567844768216702,0.011526960487426779,1.09199182903905,0.0016988202943277696,11.089421584244906,20.0,0.0,2.0,31.49812044106902,1.5470769391181898,1.0970769391181898,0,0,0
6.602386951,1787250882.615065813,1787250882.614983082,-11.346852413942015,3.0929227401126207,2.000499421856603,0.5876219795708134,0.0,0.0,0.0,0.0,0.023822516772878964,-0.0011744131097738413,0.28969214333094284,0.9568226432002841,0.012556130666781332,1.0870315564740025,0.0015422804191280864,11.100317101047375,20.0,0.0,2.0,31.499068678092538,1.5468684934798889,1.096868493479889,0,0,0
6.612385035,1787250882.625063896,1787250882.624983072,-11.346720855153096,3.1037696634690612,2.00051411573029,0.587645007811202,0.0,0.0,0.0,0.0,0.02244156280184718,0.0003675801529517872,0.28966710605578,0.956864258300576,0.01379071053312719,1.0824112423424384,0.0013984301187217813,11.11116483214311,20.0,0.0,2.0,31.500004678715143,1.5467253437941235,1.0967253437941236,0,0,0
6.622389078,1787250882.635067940,1787250882.634984016,-11.346575881922059,3.114572156080307,2.000527435470093,0.587621879190394,0.0,0.0,0.0,0.0,0.02099174370053923,0.0019796181392662962,0.28962035333495223,0.9569093367412459,0.015240564885262238,1.0781481831231199,0.0012680118545561714,11.121968305717346,20.0,0.0,2.0,31.500926645334044,1.5466444314294032,1.0966444314294033,0,0,0
6.632375240,1787250882.645054102,1787250882.644983292,-11.346415300250289,3.125333866916529,2.0005395232574177,0.5875469535854638,0.0,0.0,0.0,0.0,0.019490655585392046,0.003640175537728336,0.2895499160437141,0.956957527576843,0.016913406225654373,1.074256906173293,0.0011516956819534992,11.132731221340464,20.0,0.0,2.0,31.50183271250335,1.5466227050150132,1.0966227050150132,0,0,0
6.642377377,1787250882.655056238,1787250882.654983044,-11.346236852622662,3.136058568825638,2.0005505179719103,0.5874113906320125,0.0,0.0,0.0,0.0,0.0179514837407811,0.005336637475737123,0.2894520330968721,0.9570092920489562,0.018814535595564345,1.0707478865728,0.0010498543983220971,11.143457413371133,20.0,0.0,2.0,31.502720969320947,1.5466571516982512,1.0966571516982513,0,0,0
6.652372837,1787250882.665051699,1787250882.664983034,-11.346038238055362,3.1467501197448624,2.000560566341409,0.5872110705080471,0.0,0.0,0.0,0.0,0.016402095007993202,0.007039740707737163,0.2893254165374291,0.9570643743633757,0.020946904597131347,1.0676270815576738,0.0009615895233505877,11.154150813661706,20.0,0.0,2.0,31.50358947567686,1.5467448207801604,1.0967448207801604,0,0,0
6.662372828,1787250882.675051689,1787250882.674982786,-11.345817152660754,3.1574123948997914,2.0005697863042413,0.5869581017982958,0.0,0.0,0.0,0.0,0.014886195808489612,0.008695293079208528,0.2891767962453972,0.9571204592766085,0.02330754554072112,1.064891189422019,0.0008842753505330524,11.164815384691,20.0,0.0,2.0,31.504436295927665,1.5464036059851471,1.0964036059851472,0,0,0
6.672369242,1787250882.685048103,1787250882.684983253,-11.345571362514997,3.1680491760989558,2.000578292575374,0.5866650366949397,0.0,0.0,0.0,0.0,0.013449310624251148,0.01024665063350384,0.28901289318430967,0.957175882357972,0.025885358532175686,1.0625247542916063,0.0008193107774262328,11.175455008717783,20.0,0.0,2.0,31.505259560256345,1.5459014973972776,1.0959014973972776,0,0,0
6.682369947,1787250882.695048809,1787250882.694983006,-11.34529877935217,3.1786640410071274,2.0005862194632487,0.5863260603000234,0.0,0.0,0.0,0.0,0.012112369431253519,0.011663455494666679,0.28883104022723255,0.9572324088297155,0.028662900896106205,1.0605034984428419,0.0007683416585266946,11.186073375891457,20.0,0.0,2.0,31.5060575286103,1.545445986379596,1.095445986379596,0,0,0
6.692369699,1787250882.705048561,1787250882.704982996,-11.344997508242976,3.18926030223032,2.000593704158128,0.5859360934459288,0.0,0.0,0.0,0.0,0.010886275986040807,0.01293027307123377,0.28862862431913594,0.9572919169496326,0.03161930307659633,1.0587990712459503,0.0007308313320880183,11.19667392173646,20.0,0.0,2.0,31.50682863157803,1.5450347587430824,1.0950347587430824,0,0,0
6.702398062,1787250882.715076923,1787250882.714982748,-11.344665868175161,3.199840982859797,2.0006008764453447,0.5855013105600233,0.0,0.0,0.0,0.0,0.009760981369746924,0.014059047349731561,0.28840805294954547,0.9573546163382561,0.034733330979098,1.0573828992964995,0.0007054260584354078,11.207259800970576,20.0,0.0,2.0,31.507571487885045,1.5446658025010507,1.0946658025010507,0,0,0
6.712369204,1787250882.725048065,1787250882.724983215,-11.344302379497437,3.2104088363243712,2.000607844690287,0.5850304423155364,0.0,0.0,0.0,0.0,0.008726915933771619,0.015065024418081257,0.28817296259010033,0.9574200904564371,0.03798605375605071,1.056229604648368,0.0006896584565402766,11.217833906106424,20.0,0.0,2.0,31.508284893392617,1.544337386251142,1.094337386251142,0,0,0
6.722372055,1787250882.735050917,1787250882.734983444,-11.343905742395359,3.2209663712651357,2.000614695506496,0.5845251191812929,0.0,0.0,0.0,0.0,0.007784650997725159,0.01595355011539123,0.2879237345195164,0.9574888023094026,0.04136021067628799,1.0553151854185394,0.0006816462986984751,11.228398891290981,20.0,0.0,2.0,31.508967801736002,1.5440480293770609,1.094048029377061,0,0,0
6.732369900,1787250882.745048761,1787250882.744983196,-11.34347482511673,3.231515855442574,2.0006215008531236,0.5839872218688983,0.0,0.0,0.0,0.0,0.006935311487969846,0.016731021184001167,0.28766086351240744,0.9575610695866877,0.04483949890391013,1.0546154484982848,0.000680736468570521,11.238957174883677,20.0,0.0,2.0,31.509619312568127,1.543796482500928,1.093796482500928,0,0,0
6.742376328,1787250882.755055189,1787250882.754982948,-11.343008648731235,3.242059321376451,2.0006283339109316,0.5834182954483985,0.0,0.0,0.0,0.0,0.006165030321590702,0.01742037621498041,0.2873845745246704,0.9576370028455128,0.0484100242780096,1.0541082095725582,0.0006869036387569347,11.249510943926625,20.0,0.0,2.0,31.51023865654731,1.5435817045933802,1.0935817045933802,0,0,0
6.752374172,1787250882.765053034,1787250882.764982700,-11.34250635467041,3.2525986014853743,2.0006352595857426,0.5828209380634365,0.0,0.0,0.0,0.0,0.005457174632829878,0.01804780168179189,0.2870956377352809,0.957716341560931,0.05206169480874245,1.0537757073823146,0.000699423997361598,11.260062188995471,20.0,0.0,2.0,31.510825166258254,1.5432344466718249,1.093234446671825,0,0,0
6.762371778,1787250882.775050640,1787250882.774982929,-11.341967162986398,3.263135376815453,2.0006423447409047,0.5821936434698979,0.0,0.0,0.0,0.0,0.004786940008936934,0.018648761582318735,0.2867928596397228,0.9577991253683974,0.05578908861636803,1.0536058105347466,0.000718595838926274,11.27061275354094,20.0,0.0,2.0,31.51137823938758,1.542407712976108,1.092407712976108,0,0,0
6.772368908,1787250882.785047770,1787250882.784982920,-11.341390322817244,3.2736712396507404,2.000649647682367,0.5815350160554127,0.0,0.0,0.0,0.0,0.0041330937094440495,0.0192528100422529,0.2864752389368014,0.9578852667819714,0.05959164797774813,1.0535926890591973,0.000742736292014826,11.281164398133026,20.0,0.0,2.0,31.511897295696762,1.5416151148823347,1.0916151148823348,0,0,0
6.782369852,1787250882.795048714,1787250882.794983387,-11.340775067437969,3.284207752767687,2.0006572157180043,0.5808375041421259,0.0,0.0,0.0,0.0,0.003471397330027674,0.019888878746129508,0.28613894494051034,0.9579754099616182,0.06347309136407589,1.0537363966987312,0.0007716512325580314,11.29171886188636,20.0,0.0,2.0,31.512381738342363,1.5408559459529474,1.0908559459529474,0,0,0
6.792372704,1787250882.805051565,1787250882.804983139,-11.340120574988878,3.294746507292792,2.0006650968597226,0.5800961606128977,0.0,0.0,0.0,0.0,0.0027862046467432675,0.02057386507825501,0.2857815535153421,0.9580698600883789,0.06744040255810936,1.054042128642835,0.0008055133287458723,11.302277922896637,20.0,0.0,2.0,31.51283092082514,1.5401294877487357,1.0901294877487357,0,0,0
6.802377939,1787250882.815056801,1787250882.814983368,-11.339425943155264,3.305289164491182,2.000673341575391,0.5793085349766728,0.0,0.0,0.0,0.0,0.0020632785006167074,0.02132201778424028,0.28540190867721954,0.9581684950794602,0.07150261771042886,1.054518682226343,0.0008439926957032849,11.312843442389893,20.0,0.0,2.0,31.513244126252772,1.5394349860807457,1.0894349860807457,0,0,0
6.812375546,1787250882.825054407,1787250882.824983120,-11.338690172818264,3.3158374868612035,2.000681987520036,0.5784752079731661,0.0,0.0,0.0,0.0,0.0012991272541761436,0.02213484662136107,0.2850004071528343,0.9582709057235042,0.07566978083624666,1.0551770187754224,0.0008859344976507279,11.323417398015062,20.0,0.0,2.0,31.51362055448845,1.5387716378888894,1.0887716378888894,0,0,0
6.822390556,1787250882.835069418,1787250882.834984064,-11.337912163896794,3.326393348886741,2.0006910725411204,0.5775925983657391,0.0,0.0,0.0,0.0,0.0004920948763135023,0.02301296097980397,0.2845754523689973,0.9583772604661253,0.07995201294525059,1.056028536346591,0.0009314717590832275,11.334001896280057,20.0,0.0,2.0,31.51395931934307,1.5381385913364913,1.0881385913364914,0,0,0
6.832370758,1787250882.845049620,1787250882.844982624,-11.337090717411163,3.3369587370231373,2.0007006262720894,0.5766600336902188,0.0,0.0,0.0,0.0,-0.00034994187297431305,0.023946353765589228,0.284126870668833,0.9584875435006733,0.08435875130971919,1.0570838074302988,0.0009800347299313442,11.344599173858532,20.0,0.0,2.0,31.514259450837955,1.5375349523969224,1.0875349523969224,0,0,0
6.842370749,1787250882.855049610,1787250882.854983091,-11.336224546210378,3.3475357328768216,2.0007106834289012,0.575677357857966,0.0,0.0,0.0,0.0,-0.0012194075443626225,0.024928018997115525,0.28365466132402134,0.9586016586795972,0.08889824251491428,1.0583513460677223,0.0010315957336822486,11.355211581454563,20.0,0.0,2.0,31.514519904299288,1.5369597996891773,1.0869597996891773,0,0,0
6.852373600,1787250882.865052462,1787250882.864982843,-11.335312288263303,3.3581264907533868,2.0007212479397607,0.5746494405875201,0.0,0.0,0.0,0.0,-0.0020979195692301393,0.025936735189697024,0.2831612476279198,0.9587192458394587,0.0935768465485256,1.05983668450223,0.0010798913827488276,11.365841561631916,20.0,0.0,2.0,31.51473957136697,1.535883184288161,1.085883184288161,0,0,0
6.862371445,1787250882.875050306,1787250882.874982834,-11.334352540053096,3.368733188572489,2.000732249838155,0.5735867396648249,0.0,0.0,0.0,0.0,-0.002950486446700455,0.026926431049694492,0.2826517684172741,0.9588400490964286,0.09839596380384864,1.0615382832867488,0.0011188241852815484,11.376491598077605,20.0,0.0,2.0,31.5149173080989,1.5346710681799962,1.0846710681799963,0,0,0
6.872370720,1787250882.885049582,1787250882.884983063,-11.333343918457045,3.379357940964878,2.000743597536978,0.5725014317892889,0.0,0.0,0.0,0.0,-0.0037410091497196572,0.027848675780341663,0.282132079302519,0.9589639961626611,0.10335004846858988,1.0634449822946657,0.0011499654683549737,11.387164124006075,20.0,0.0,2.0,31.51505198723951,1.5334828459492564,1.0834828459492565,0,0,0
6.882370710,1787250882.895049572,1787250882.894982815,-11.332285126981445,3.3900027090926583,2.000755234387272,0.571395534934439,0.0,0.0,0.0,0.0,-0.004446269662194715,0.02867178761855712,0.28160303942205334,0.9590922205237142,0.10842763694193111,1.065537784161294,0.0011766228036346634,11.397861425689177,20.0,0.0,2.0,31.515142554278526,1.5323177359671512,1.0823177359671512,0,0,0
6.892369747,1787250882.905048609,1787250882.904983282,-11.331175004967125,3.400669237734437,2.000767118042999,0.570272227986041,0.0,0.0,0.0,0.0,-0.005052826933782555,0.029377447295891656,0.2810659925778495,0.9592253866253659,0.11361341410250396,1.0677928559650323,0.0011998509963195327,11.408585573458293,20.0,0.0,2.0,31.51518806932334,1.5311751526069124,1.0811751526069124,0,0,0
6.902375698,1787250882.915054560,1787250882.914983273,-11.330012553332077,3.4113590219381127,2.0007792249887855,0.5691362547439401,0.0,0.0,0.0,0.0,-0.005560949415080502,0.029967558722928365,0.2805229778222873,0.9593632680999973,0.11889084345607293,1.0701846946735738,0.0012211332552718361,11.419338383635317,20.0,0.0,2.0,31.515187728707815,1.5300547251993077,1.0800547251993078,0,0,0
6.912368774,1787250882.925047636,1787250882.924983025,-11.328796935185604,3.4220733059326482,2.000791525245054,0.5679940597872375,0.0,0.0,0.0,0.0,-0.005976511303848205,0.03045038797958283,0.27997690063744646,0.9595050756999555,0.12424416631844347,1.072688867967132,0.0012377005436237979,11.430121414762505,20.0,0.0,2.0,31.515140865047453,1.5289562907356293,1.0789562907356294,0,0,0
6.922358751,1787250882.935037613,1787250882.934987545,-11.327527467191423,3.432813096563556,2.0008039578698904,0.5668454112851188,0.0,0.0,0.0,0.0,-0.006303790042241152,0.030827989528740576,0.27942758356933567,0.9596510422196816,0.12965833310862646,1.0752822556607315,0.0012478980351841818,11.440935979310103,20.0,0.0,2.0,31.515046939675013,1.52787987738387,1.07787987738387,0,0,0
6.932363987,1787250882.945042849,1787250882.944983006,-11.32620361465503,3.443579175513199,2.0008164673755324,0.5656916393979335,0.0,0.0,0.0,0.0,-0.006550848218254527,0.031106799447566464,0.2788756448319876,0.9598009315140789,0.13511871682186113,1.077943082813445,0.0012533996081215016,11.451783153964168,20.0,0.0,2.0,31.514905538672856,1.5268256920915917,1.0768256920915917,0,0,0
6.942368507,1787250882.955047369,1787250882.954983234,-11.324824982514617,3.4543721196844466,2.000829015783306,0.5645335166743235,0.0,0.0,0.0,0.0,-0.00673289304833532,0.031304303863903954,0.27832144528329095,0.9599541040102991,0.14061229923307209,1.0806524968480071,0.0012558308949539448,11.462663798610732,20.0,0.0,2.0,31.51471636575034,1.5255075340211952,1.0755075340211953,0,0,0
6.952384710,1787250882.965063572,1787250882.964982986,-11.323391292272447,3.465192338466002,2.0008415770437136,0.5633737868943028,0.0,0.0,0.0,0.0,-0.006868130849297632,0.03144325775406847,0.2777663020020035,0.9601093853267866,0.14612893470044244,1.0833959908225461,0.0012562849175197961,11.473578594072695,20.0,0.0,2.0,31.51447922304325,1.5237889387304526,1.0737889387304527,0,0,0
6.962382078,1787250882.975060940,1787250882.974982977,-11.321902348369338,3.4760401213569887,2.0008541405634874,0.5622103822468197,0.0,0.0,0.0,0.0,-0.006977178456773766,0.03155259263334118,0.27720919690656276,0.9602660121181607,0.15166234789015678,1.0861642206841982,0.0012563865395272891,11.48452809202642,20.0,0.0,2.0,31.514193982642556,1.5220909903002384,1.0720909903002385,0,0,0
6.972376823,1787250882.985055685,1787250882.984983206,-11.320357997285031,3.4869156909172516,2.0008666952404965,0.5610412033466492,0.0,0.0,0.0,0.0,-0.007077964551419076,0.03165858663170033,0.2766490940905125,0.9604232999303958,0.15721029515831791,1.0889530017666338,0.0012536452363094215,11.495512771864796,20.0,0.0,2.0,31.513860551586216,1.520414354787158,1.070414354787158,0,0,0
6.982381105,1787250882.995059967,1787250882.994982958,-11.318758088849851,3.4978192497892118,2.0008792047045496,0.5598530830944575,0.0,0.0,0.0,0.0,-0.0071827424812898584,0.0317828916543366,0.276079594335908,0.9605822784123474,0.16277441440496285,1.091762387367936,0.0012480936976540036,11.506533092166945,20.0,0.0,2.0,31.513478838508053,1.5187597182434915,1.0687597182434916,0,0,0
6.992364645,1787250883.005043507,1787250883.004983187,-11.317102439779998,3.5087510167418996,2.0008916554621003,0.5586372489916673,0.0,0.0,0.0,0.0,-0.007298437172825212,0.031939545173303954,0.27549641154580645,0.9607436315138084,0.1683593591096725,1.0945952407253938,0.001241981801336491,11.517589531809604,20.0,0.0,2.0,31.513048721382244,1.5171277498619833,1.0671277498619833,0,0,0
7.002369404,1787250883.015048265,1787250883.014982700,-11.315390810758691,3.519711246807724,2.0009040409152554,0.5573925754263536,0.0,0.0,0.0,0.0,-0.007426808662869954,0.03213795535283607,0.2748988770062377,0.9609071764533418,0.17397161136239062,1.0974557610038356,0.001234792569536807,11.5286826139062,20.0,0.0,2.0,31.512570027034368,1.5155190799844431,1.0655190799844432,0,0,0
7.012363195,1787250883.025042057,1787250883.024982929,-11.313622891388823,3.5307002390101445,2.0009163435304744,0.5561226369484917,0.0,0.0,0.0,0.0,-0.007565828695882948,0.03238028652947957,0.2742886105114802,0.9610723351673873,0.17961873167226763,1.1003483798244906,0.0012254503989929683,11.539812916681846,20.0,0.0,2.0,31.512042517132112,1.5139342866504253,1.0639342866504253,0,0,0
7.022368193,1787250883.035047054,1787250883.034986734,-11.311798293157096,3.5417183344934395,2.0009285449934104,0.5548241925621041,0.0,0.0,0.0,0.0,-0.007711038137267485,0.03266648119311132,0.273663930597858,0.9612395611849507,0.18530872945821436,1.103276982162036,0.001214524648944893,11.55098107390056,20.0,0.0,2.0,31.511465881079516,1.51237389031819,1.06237389031819,0,0,0
7.032364845,1787250883.045043707,1787250883.044982910,-11.309916547982894,3.552765907747057,2.0009406284665143,0.5534974829893547,0.0,0.0,0.0,0.0,-0.00785660324486815,0.03299113276497792,0.273024882622552,0.9614090037092841,0.19104935411438664,1.106244267871041,0.0012020595289111843,11.562187767690657,20.0,0.0,2.0,31.510839733680292,1.5106552687919423,1.0606552687919424,0,0,0
7.042365789,1787250883.055044651,1787250883.054982662,-11.307977113545547,3.563843353257587,2.0009525808067967,0.5521450021381922,0.0,0.0,0.0,0.0,-0.007996716864054985,0.03335002256075247,0.2723725630469339,0.9615804778664329,0.1968477096184219,1.109251528379798,0.0011879394507454625,11.57343371575358,20.0,0.0,2.0,31.51016361900173,1.5084106215971516,1.0584106215971516,0,0,0
7.052363157,1787250883.065042019,1787250883.064982891,-11.305979381339855,3.5749510707584773,2.000964368111396,0.5507741451588413,0.0,0.0,0.0,0.0,-0.008124375621538787,0.03373131680594309,0.2717105268198206,0.9617533895976623,0.2027096822836953,1.1122984178946642,0.0011679598655646643,11.584719656608724,20.0,0.0,2.0,31.509437016760536,1.506187802572963,1.056187802572963,0,0,0
7.062364578,1787250883.075043440,1787250883.074983120,-11.30392269862052,3.586089442904196,2.0009759080637073,0.5493940155881684,0.0,0.0,0.0,0.0,-0.008225900873363525,0.03410678083835376,0.2710432675873747,0.9619275488056389,0.20863786331596446,1.1153815495994537,0.0011384320145026512,11.596046324743487,20.0,0.0,2.0,31.50865936161224,1.503987155220126,1.053987155220126,0,0,0
7.072361946,1787250883.085040808,1787250883.084982634,-11.301806410064623,3.597258798455934,2.000987108480657,0.548015194014246,0.0,0.0,0.0,0.0,-0.008289513129387761,0.03444747347140243,0.27037605927331876,0.9621026151691646,0.2146301147297491,1.1184935893790686,0.0011005793331184594,11.607414407525658,20.0,0.0,2.0,31.507830080324705,1.5018090452729904,1.0518090452729905,0,0,0
7.082363367,1787250883.095042229,1787250883.094982862,-11.299629903206961,3.6084593760263735,2.0009979005327474,0.546640365732474,0.0,0.0,0.0,0.0,-0.00830589725312841,0.03473316423390439,0.26971029158206344,0.962279054114678,0.2206802095655852,1.1216239576287634,0.0010569431477591706,11.618824501148467,20.0,0.0,2.0,31.50694863267412,1.499653904402907,1.049653904402907,0,0,0
7.092361927,1787250883.105040789,1787250883.104983091,-11.29739264288574,3.6196912964990666,2.0010082324663863,0.5452732551814937,0.0,0.0,0.0,0.0,-0.008271590592571805,0.03495266807715773,0.26904786023952204,0.9624568253609569,0.22677917239964884,1.1247599807732975,0.0010089314681887168,11.63027707631734,20.0,0.0,2.0,31.506014542328934,1.497522261338629,1.047522261338629,0,0,0
7.102364302,1787250883.115043163,1787250883.114983320,-11.295094189996185,3.6309545504641867,2.001018070425997,0.5439164029898543,0.0,0.0,0.0,0.0,-0.008186965246048476,0.035106532428576274,0.2683899852332235,0.9626356116451393,0.23291708723137172,1.1278884785501537,0.0009582632927260396,11.641772461145772,20.0,0.0,2.0,31.505027413807102,1.4954147562442888,1.0454147562442888,0,0,0
7.112361193,1787250883.125040054,1787250883.124982834,-11.29273420325443,3.6422489991804388,2.0010273833279046,0.54257384309483,0.0,0.0,0.0,0.0,-0.008057215336553316,0.03519953872287272,0.2677386764165428,0.962814662801432,0.23908436139440475,1.13099694611408,0.0009031711276897697,11.653310840406112,20.0,0.0,2.0,31.503986934086246,1.4933321377508026,1.0433321377508027,0,0,0
7.122370958,1787250883.135049820,1787250883.134986401,-11.29031243692038,3.6535743844797612,2.0010361161157952,0.5412436421104635,0.0,0.0,0.0,0.0,-0.00788713402728052,0.03522884429949695,0.26709322523141116,0.9629942526732131,0.24527135592206908,1.1340739728771996,0.0008427129067931883,11.664892264352089,20.0,0.0,2.0,31.502892871235773,1.4910355484934121,1.0410355484934122,0,0,0
7.132365465,1787250883.145044327,1787250883.144983053,-11.287828744528321,3.6649303394717894,2.0010442240304305,0.539925666751872,0.0,0.0,0.0,0.0,-0.00768437627884832,0.035194905304539156,0.2664538157001228,0.9631742485659874,0.25146783615818963,1.1371093025850063,0.0007781409153971438,11.676516657128385,20.0,0.0,2.0,31.501745079130412,1.4882421779807973,1.0382421779807973,0,0,0
7.142363548,1787250883.155042410,1787250883.154982805,-11.285283082337182,3.6763164021441526,2.0010516688119377,0.5386185243134303,0.0,0.0,0.0,0.0,-0.0074548887676739815,0.035102587486424565,0.2658198841934396,0.9633545672038961,0.25766370723855025,1.140094169377406,0.000710479286162566,11.688183827933475,20.0,0.0,2.0,31.500543502242216,1.485472076196614,1.035472076196614,0,0,0
7.152364016,1787250883.165042877,1787250883.164983273,-11.282675502646887,3.687732030882339,2.001058427161231,0.5373231237020533,0.0,0.0,0.0,0.0,-0.007206496865700289,0.03496241631109921,0.2651919127435957,0.9635346103093585,0.26384996848322667,1.1430215146734388,0.0006408866202371317,11.699893486212206,20.0,0.0,2.0,31.4992881706201,1.4827264430965381,1.0327264430965382,0,0,0
7.162363768,1787250883.175042629,1787250883.174983263,-11.280006138495265,3.699176623706023,2.001064484853228,0.5360363546410821,0.0,0.0,0.0,0.0,-0.006945141658977377,0.03478868760826999,0.26456830844543117,0.9637142327413009,0.2700196557883951,1.145886304651672,0.0005707106836818725,11.711645262527705,20.0,0.0,2.0,31.497979186779627,1.4800065596345224,1.0300065596345225,0,0,0
7.172363520,1787250883.185042381,1787250883.184982777,-11.277275180326313,3.7106495377831927,2.001069832655678,0.5347554416082828,0.0,0.0,0.0,0.0,-0.006677285376106334,0.03459707986724703,0.26394761989248267,0.9638932046019201,0.27616818252604575,1.148685389490671,0.0004978548939417956,11.723438731845157,20.0,0.0,2.0,31.496616704697807,1.477313761884627,1.027313761884627,0,0,0
7.182363033,1787250883.195041895,1787250883.194983006,-11.274482852335652,3.722150107141139,2.001074434708136,0.5334663786087372,0.0,0.0,0.0,0.0,-0.006404488884143028,0.03439894760430878,0.2633229234968666,0.964072991472592,0.28229351320130475,1.1514171845462482,0.0004226386943003802,11.735273435573736,20.0,0.0,2.0,31.495200908321532,1.4746494155918057,1.0246494155918058,0,0,0
7.192363262,1787250883.205042124,1787250883.204982758,-11.271629387306215,3.7336776547411725,2.0010782887867444,0.5321596500116978,0.0,0.0,0.0,0.0,-0.0061286057624305,0.0342041236241642,0.2626894907058053,0.9642545045739928,0.2883957157860045,1.1540809752630796,0.00034829200639591233,11.747148898983607,20.0,0.0,2.0,31.493731987956807,1.4720148899128247,1.0220148899128247,0,0,0
7.202363968,1787250883.215042830,1787250883.214982986,-11.268715010387348,3.7452314988464246,2.0010814038937843,0.5308333033360402,0.0,0.0,0.0,0.0,-0.005848176011567403,0.03401933412134777,0.2620461956389999,0.9644378026054375,0.2944762426263547,1.1566764260039462,0.00027489088976089107,11.759064641349804,20.0,0.0,2.0,31.492210124889755,1.4694115404050345,1.0194115404050346,0,0,0
7.212362766,1787250883.225041628,1787250883.224982738,-11.265739926202874,3.7568109547133375,2.0010837882950927,0.5294903056182738,0.0,0.0,0.0,0.0,-0.005563363731055854,0.03384995730516405,0.26139435732384403,0.9646223195290938,0.30053768159864647,1.1592033239268367,0.00020210148238507917,11.771020181060075,20.0,0.0,2.0,31.490635478773807,1.4663762942167509,1.016376294216751,0,0,0
7.222371101,1787250883.235049963,1787250883.234987020,-11.262704308512891,3.7684153367424646,2.0010854511421976,0.5281273100652923,0.0,0.0,0.0,0.0,-0.005272885156558274,0.03369989460689324,0.2607322399913993,0.9648083813974034,0.3065836076429396,1.1616616452798432,0.00013077008394718698,11.783015040784255,20.0,0.0,2.0,31.489008177615098,1.4630454888040654,1.0130454888040654,0,0,0
7.232363462,1787250883.245042324,1787250883.244983196,-11.259608291852869,3.7800439592082244,2.001086410239599,0.5267445009818523,0.0,0.0,0.0,0.0,-0.004977835045996796,0.033571978743010905,0.260059898582986,0.9649958510535372,0.3126182119199965,1.16405145831223,6.146259566767517e-05,11.795048750957354,20.0,0.0,2.0,31.487328309558286,1.4597449197710701,1.0097449197710702,0,0,0
7.242365122,1787250883.255043983,1787250883.254983187,-11.256451966548545,3.7916961387254426,2.001086687480635,0.5253439860971045,0.0,0.0,0.0,0.0,-0.004678632275756837,0.03346900397374497,0.25937829328259016,0.9651843539691495,0.3186461428015214,1.1663731269022628,-5.767625647277936e-06,11.80712085421259,20.0,0.0,2.0,31.48559591823651,1.4564758526939807,1.0064758526939808,0,0,0
7.252363920,1787250883.265042782,1787250883.264982462,-11.253235375237146,3.803371196722468,2.001086294953362,0.5239326237575628,0.0,0.0,0.0,0.0,-0.0043769269659952115,0.03339031112397553,0.2586907809963258,0.9653729898132066,0.32467216505050966,1.1686272761082157,-7.301455922300712e-05,11.819230909499522,20.0,0.0,2.0,31.483810999624385,1.453239500839747,1.003239500839747,0,0,0
7.262364388,1787250883.275043249,1787250883.274982929,-11.2499585169536,3.815068459838804,2.001085220729869,0.5225186903865098,0.0,0.0,0.0,0.0,-0.004068679489884827,0.03332512603948639,0.25800145441408406,0.9655610448552066,0.33069999991180754,1.1708140548840913,-0.00014219104383314798,11.831378492212853,20.0,0.0,2.0,31.481973506155576,1.450037028973408,1.000037028973408,0,0,0
7.272362947,1787250883.285041809,1787250883.284983158,-11.246621363180747,3.8267872497599855,2.0010834459991944,0.5211119343250831,0.0,0.0,0.0,0.0,-0.0037509405738176895,0.03326156403309206,0.25731518142501025,0.965747635881703,0.3367313965662761,1.1729323726972376,-0.00021277193330399062,11.843563180787868,20.0,0.0,2.0,31.480083361432897,1.446869569010377,0.996869569010377,0,0,0
7.282363653,1787250883.295042515,1787250883.294982910,-11.243223877248955,3.8385268706510813,2.001080966172686,0.5197145148901197,0.0,0.0,0.0,0.0,-0.0034161772854903977,0.03318906187100351,0.2566330210003351,0.9659328695293056,0.3427662759686478,1.174979638433738,-0.0002831386522971142,11.855784539774206,20.0,0.0,2.0,31.478140477942745,1.4437382384766175,0.9937382384766176,0,0,0
7.292361975,1787250883.305040836,1787250883.304982901,-11.239766031041968,3.8502865916724303,2.0010777855198167,0.5183296563664389,0.0,0.0,0.0,0.0,-0.003060327028420901,0.033101034853428024,0.25595656991991733,0.9661165510459604,0.3488031251473193,1.1769516188941613,-0.00035273945879976454,11.8680420986261,20.0,0.0,2.0,31.47614477145951,1.4406242636393727,0.9906242636393727,0,0,0
7.302364826,1787250883.315043688,1787250883.314983368,-11.23624781518957,3.862065634569845,2.0010739168852014,0.5169591879390614,0.0,0.0,0.0,0.0,-0.0026782361707489563,0.03299538337583878,0.25528663137819,0.9662985395655275,0.35483984444717287,1.178843040734632,-0.00042072556484186024,11.880335336984219,20.0,0.0,2.0,31.474096169563918,1.4367489047726005,0.9867489047726006,0,0,0
7.312361717,1787250883.325040579,1787250883.324982643,-11.232669242096259,3.873863164382338,2.00106936955134,0.5156064975769177,0.0,0.0,0.0,0.0,-0.0022707379216659416,0.032871058664336775,0.2546249137640032,0.9664783963142947,0.36087413397991924,1.1806480427814503,-0.0004892311293748791,11.892663674898921,20.0,0.0,2.0,31.47199461340344,1.4329078454113224,0.9829078454113225,0,0,0
7.322371006,1787250883.335049868,1787250883.334986448,-11.229030352320887,3.885678288637979,2.001064126352525,0.5142693187952787,0.0,0.0,0.0,0.0,-0.0018423399497053989,0.03271636281657551,0.25397073990254987,0.9666566653475862,0.36690238553079807,1.1823610317274968,-0.0005595520962442473,11.905026470192247,20.0,0.0,2.0,31.46984006380294,1.4291023228710626,0.9791023228710627,0,0,0
7.332365274,1787250883.345044136,1787250883.344983101,-11.225331234401137,3.8975100621202867,2.0010581736200646,0.5129471440562862,0.0,0.0,0.0,0.0,-0.001401392988624813,0.03252166435486171,0.25332434845553026,0.9668335699203159,0.3729185597316343,1.1839771782505513,-0.000631397125308102,11.917423016991895,20.0,0.0,2.0,31.46763252140408,1.4253336114874204,0.9753336114874205,0,0,0
7.342363358,1787250883.355042219,1787250883.354983091,-11.221572048482091,3.9093574953780283,2.001051494674335,0.5116375989096714,0.0,0.0,0.0,0.0,-0.000950648792969581,0.032276898660317195,0.2526849312300091,0.967009629532731,0.37891447227109776,1.1854922811395927,-0.0007044110939597981,11.92985254627417,20.0,0.0,2.0,31.465372051047922,1.4216030435093032,0.9716030435093033,0,0,0
7.352363348,1787250883.365042210,1787250883.364982843,-11.21775304454352,3.921219557822685,2.0010440843944393,0.5103407338525149,0.0,0.0,0.0,0.0,-0.000494403549603175,0.03197919877637123,0.2520527296539857,0.9671848364633961,0.3848805000578191,1.1869024291422496,-0.0007777429537182954,11.942314222382784,20.0,0.0,2.0,31.463058800136864,1.4179120248385302,0.9679120248385302,0,0,0
7.362361908,1787250883.375040770,1787250883.374983072,-11.213874571222906,3.933095182578249,2.001035942622366,0.5090531814755601,0.0,0.0,0.0,0.0,-3.3085670536521896e-05,0.03162908109520568,0.25142614482685405,0.9673595473410687,0.39080672409457334,1.1882041732259037,-0.0008503002753174131,11.954807143775401,20.0,0.0,2.0,31.460693007885784,1.4142620414106626,0.9642620414106626,0,0,0
7.372356892,1787250883.385035753,1787250883.384983540,-11.209937069472419,3.9449832723755764,2.0010271242710247,0.5077725088847769,0.0,0.0,0.0,0.0,0.0004135180761591041,0.03126082259550226,0.2508037592937185,0.9675329784031094,0.3966856999627711,1.1893957649270361,-0.0009077785737090862,11.96733034930864,20.0,0.0,2.0,31.45827499966799,1.4106546505868172,0.9606546505868172,0,0,0
7.382362366,1787250883.395041227,1787250883.394982815,-11.205940989823734,3.9568827744665405,2.0010179011713354,0.506486813656213,0.0,0.0,0.0,0.0,0.0007498951156069102,0.03103182984309991,0.25017867767273144,0.9677019646729194,0.40252582176208707,1.1904913040637912,-0.0009314499867423775,11.979882914291027,20.0,0.0,2.0,31.455805114276664,1.406602168988499,0.9566021689884991,0,0,0
7.392362833,1787250883.405041695,1787250883.404982567,-11.201886570366767,3.968792913370871,2.001008628908323,0.5051881506951905,0.0,0.0,0.0,0.0,0.0008759180195387998,0.031107202893962755,0.24954574791146986,0.9678628489590051,0.40836178335102996,1.1915322981227008,-0.0009138525033054132,11.992464242195041,20.0,0.0,2.0,31.453283513118134,1.402234046436471,0.9522340464364711,0,0,0
7.402361870,1787250883.415040731,1787250883.414983034,-11.197773556132601,3.980713472748067,2.000999789997403,0.5038722845961692,0.0,0.0,0.0,0.0,0.0006743589670635829,0.03168806601799288,0.24890129621556553,0.9680101014215886,0.4142581259098371,1.1925899457897278,-0.0008468741505074399,12.0050744245919,20.0,0.0,2.0,31.450709938114667,1.3979067746916445,0.9479067746916445,0,0,0
7.412363291,1787250883.425042152,1787250883.424983025,-11.193600900738279,3.992645094679045,2.000991838285991,0.5025362333332436,0.0,0.0,0.0,0.0,6.730930110316423e-05,0.03291345604525518,0.24824302744074436,0.9681384710916455,0.4203073803888943,1.193762939483154,-0.0007343827029767462,12.017714627049665,20.0,0.0,2.0,31.44808345496348,1.3936204710384708,0.9436204710384708,0,0,0
7.422392607,1787250883.435071468,1787250883.434986353,-11.189366518191063,4.004589508135021,2.0009852656055713,0.501164577712005,0.0,0.0,0.0,0.0,-0.0010045162596564682,0.034903437388454014,0.2475632377360956,0.9682423169471451,0.42662417037646977,1.1951692506800171,-0.0005734611394731002,12.03038739515942,20.0,0.0,2.0,31.445402237934104,1.3893742570676784,0.9393742570676784,0,0,0
7.432350874,1787250883.445029736,1787250883.444983244,-11.185067100477717,4.016549683259085,2.0009805143563693,0.49974046045472764,0.0,0.0,0.0,0.0,-0.0025430206078849303,0.03768253818583066,0.24685495017568174,0.9683161637274383,0.4333361673348242,1.1969365499128106,-0.0003672488210944302,12.043096872105638,20.0,0.0,2.0,31.442663411053378,1.3851661264588437,0.9351661264588438,0,0,0
7.442339182,1787250883.455018044,1787250883.454982758,-11.180698042324462,4.02852986193131,2.000978076845017,0.49824159877620366,0.0,0.0,0.0,0.0,-0.004522799585120414,0.04124109297028183,0.24610918102620935,0.9683537512444189,0.4405736647057241,1.1991902774546435,-0.00011469819952675785,12.055848866306798,20.0,0.0,2.0,31.439862980167756,1.3809929279472315,0.9309929279472315,0,0,0
7.452338219,1787250883.465017080,1787250883.464982986,-11.176253469997667,4.040535486660561,2.0009782806632743,0.49665489397279033,0.0,0.0,0.0,0.0,-0.00685404787435919,0.045467300561649854,0.24532189806428095,0.968350614672966,0.44845750589304006,1.2020422237242632,0.0001558992997806671,12.068650789925897,20.0,0.0,2.0,31.43699585522666,1.3768504535328026,0.9268504535328026,0,0,0
7.462336540,1787250883.475015402,1787250883.474982738,-11.171726408191818,4.052572967375538,2.0009811566230242,0.4949934294413624,0.0,0.0,0.0,0.0,-0.009365866069353126,0.05016998041631921,0.24449972794708089,0.9683052910376978,0.4570854347201774,1.2055708517852182,0.0004152586859171453,12.08151139795307,20.0,0.0,2.0,31.43405598846153,1.3727336577886302,0.9227336577886303,0,0,0
7.472334862,1787250883.485013723,1787250883.484983206,-11.167109049044745,4.06464927617461,2.0009865835125202,0.4932775869197169,0.0,0.0,0.0,0.0,-0.011868930018190754,0.055116668281897846,0.2436509648281127,0.968222850750826,0.46652639416073466,1.2098099510758842,0.0006775205896452854,12.094440329430757,20.0,0.0,2.0,31.43103659103054,1.3686369616250602,0.9186369616250603,0,0,0
7.482342243,1787250883.495021105,1787250883.494983435,-11.162393028795815,4.076771511430277,2.0009948117757617,0.491503191493741,0.0,0.0,0.0,0.0,-0.01420789159849615,0.060153682673367535,0.24276898499585742,0.9681130565183171,0.47682207703857804,1.2147513994239658,0.0009707391919502066,12.107447615938186,20.0,0.0,2.0,31.427930352271083,1.3645545426319658,0.9145545426319659,0,0,0
7.492350578,1787250883.505029440,1787250883.504983187,-11.157569693706682,4.088946505681081,2.0010061073433816,0.4896703269656049,0.0,0.0,0.0,0.0,-0.016261256815996813,0.0651446963541563,0.24184844803832606,0.9679881550128298,0.4879917814336167,1.2203526927189203,0.0012999137836700897,12.120543232532262,20.0,0.0,2.0,31.42472965288266,1.3604805946885137,0.9104805946885137,0,0,0
7.502371550,1787250883.515050411,1787250883.514983177,-11.15263025631424,4.101180547003064,2.0010209800685588,0.4877866320472957,0.0,0.0,0.0,0.0,-0.01795494258332358,0.07003978447011296,0.24088637417264094,0.9678562927243736,0.5000423323157734,1.2265480606844799,0.001679844035930386,12.13373679270455,20.0,0.0,2.0,31.42142668320683,1.3564094661279118,0.9064094661279118,0,0,0
7.512360334,1787250883.525039196,1787250883.524983406,-11.147565928439487,4.113479174926073,2.0010397526619164,0.4858708794819797,0.0,0.0,0.0,0.0,-0.019253579989680778,0.07478334016559517,0.2398871292673722,0.9677246079867542,0.5129680636137529,1.2332555847225584,0.002074709381046887,12.147037319687414,20.0,0.0,2.0,31.418013547487696,1.3523357651348675,0.9023357651348676,0,0,0
7.522367716,1787250883.535046577,1787250883.534982920,-11.142368034459862,4.125847067123408,2.0010624321977177,0.48395620662406197,0.0,0.0,0.0,0.0,-0.020147351639049158,0.0793033639031893,0.23886451585473342,0.9675995058706132,0.5267514420390649,1.2403855544071314,0.0024572644380048522,12.160453107908374,20.0,0.0,2.0,31.414482359953038,1.3482544422076423,0.8982544422076424,0,0,0
7.532371759,1787250883.545050621,1787250883.544983387,-11.137028128351814,4.13828799749065,2.0010889236474867,0.4820726435590369,0.0,0.0,0.0,0.0,-0.020659910224609692,0.08353703395421935,0.23783382220180002,0.9674863332804889,0.5413666551744301,1.2478495212547112,0.00285163521919426,12.173991647247691,20.0,0.0,2.0,31.410825353716863,1.3441608765221966,0.8941608765221967,0,0,0
7.542370796,1787250883.555049658,1787250883.554982662,-11.131538020541722,4.150804900434451,2.0011196367544297,0.4802157515947409,0.0,0.0,0.0,0.0,-0.020839198345815997,0.08752861675182262,0.23679253301341685,0.9673850140305597,0.5567863277688779,1.255566780821372,0.0032970219392730662,12.18765967879455,20.0,0.0,2.0,31.407034914163606,1.3400508810445468,0.8900508810445469,0,0,0
7.552377462,1787250883.565056324,1787250883.564983130,-11.125889799970807,4.163399944648698,2.0011550576533326,0.4783779279013804,0.0,0.0,0.0,0.0,-0.020752894767440685,0.09134059795386389,0.23573808069592136,0.9672919775507318,0.5729876124657217,1.2634684085086696,0.0038040826569138396,12.201463257642683,20.0,0.0,2.0,31.403103608929893,1.3359207057116913,0.8859207057116913,0,0,0
7.562371969,1787250883.575050831,1787250883.574983120,-11.1200756874002,4.176074713113767,2.001195987973786,0.47655378328900194,0.0,0.0,0.0,0.0,-0.020471211291223132,0.09509532454400224,0.23466688654759552,0.9671965989994997,0.5899637446490761,1.2715040073152288,0.004391578371789896,12.215407981946802,20.0,0.0,2.0,31.3990240649198,1.3317668909691238,0.8817668909691239,0,0,0
7.572373390,1787250883.585052252,1787250883.584983349,-11.114087914624944,4.188830359629662,2.0012431413865994,0.4747457012319991,0.0,0.0,0.0,0.0,-0.02006549216617145,0.09889250957943439,0.2335800941271813,0.9670873730954964,0.6077243444978601,1.2796409873409955,0.00505863240299685,12.229499190705845,20.0,0.0,2.0,31.39478886831644,1.3275861539640237,0.8775861539640237,0,0,0
7.582370520,1787250883.595049381,1787250883.594982862,-11.107918485007954,4.201667821999786,2.001297454418641,0.47296112760778597,0.0,0.0,0.0,0.0,-0.019587767863668896,0.1028576617882322,0.23247794743870287,0.9669491324347235,0.6263001490642524,1.2878651553025295,0.005813461060292533,12.243742268035158,20.0,0.0,2.0,31.39039035500699,1.3233751767024857,0.8733751767024858,0,0,0
7.592371941,1787250883.605050802,1787250883.604983330,-11.101559049916835,4.214587943694894,2.001359625998008,0.47120879965737356,0.0,0.0,0.0,0.0,-0.01908162979255042,0.10706279797383392,0.23136265244844545,0.9667702786838732,0.6457356799233067,1.2961743047031353,0.006637030999261787,12.258142817489947,20.0,0.0,2.0,31.38582050415737,1.3191305083565967,0.8691305083565968,0,0,0
7.602372169,1787250883.615051031,1787250883.614983082,-11.095000703713039,4.227591621593721,2.0014304221971875,0.4694769268136696,0.0,0.0,0.0,0.0,-0.018568927836169674,0.11157620348703826,0.23022423772232964,0.9665416421963445,0.6660916383508722,1.3045776114298089,0.0075281771897365395,12.272706901942021,20.0,0.0,2.0,31.381070754978893,1.3148484022658502,0.8648484022658502,0,0,0
7.612376928,1787250883.625055790,1787250883.624983072,-11.088233938020752,4.240679849529228,2.001510329112597,0.46775437681904397,0.0,0.0,0.0,0.0,-0.018062328559520866,0.11639736870192668,0.22905569863808345,0.9662602608861109,0.6874321335182404,1.3130873538808494,0.008465207839544785,12.287441121077803,20.0,0.0,2.0,31.37613196766616,1.3105248027830996,0.8605248027830996,0,0,0
7.622391701,1787250883.635070562,1787250883.634983063,-11.08124855831083,4.253853768444439,2.001599854956943,0.46602769795306276,0.0,0.0,0.0,0.0,-0.01755311589346771,0.12151485172023732,0.2278473749929669,0.9659252572754549,0.7098230976093179,1.3217168311116685,0.009440403245906193,12.302352716705137,20.0,0.0,2.0,31.370994348065285,1.3061553026747654,0.8561553026747655,0,0,0
7.632372856,1787250883.645051718,1787250883.644983292,-11.07403379426776,4.267114608172336,2.0016991547040544,0.4642866942235254,0.0,0.0,0.0,0.0,-0.017029858623852402,0.1268578879751639,0.2265949038377318,0.9655422361183903,0.7333191276367631,1.3304730587248974,0.010425128166731438,12.317449489569757,20.0,0.0,2.0,31.36564754972706,1.3017352741463162,0.8517352741463162,0,0,0
7.642372370,1787250883.655051231,1787250883.654983044,-11.066578336693711,4.280463658165012,2.001808367959472,0.46251007680205714,0.0,0.0,0.0,0.0,-0.016467663090720692,0.13235730226731288,0.22528771043379361,0.9651195822986646,0.7579661811058119,1.3393574822161078,0.0114125338450001,12.332739777692634,20.0,0.0,2.0,31.360080706991063,1.29725993292267,0.84725993292267,0,0,0
7.652388334,1787250883.665067196,1787250883.664983273,-11.058870599549394,4.293902135693617,2.001927136898627,0.460694488807417,0.0,0.0,0.0,0.0,-0.01584743849206307,0.1378982223969385,0.22392861471739553,0.9646703657020635,0.7837734274662739,1.3483548522300859,0.012318847983792852,12.34823222734508,20.0,0.0,2.0,31.354282676921898,1.2927245976660144,0.8427245976660145,0,0,0
7.662389040,1787250883.675067902,1787250883.674983263,-11.050899039619171,4.307431053126301,2.0020542704475597,0.458899390090984,0.0,0.0,0.0,0.0,-0.015143641829780365,0.14334784071999476,0.22255219275303265,0.9642056773188298,0.8107283620695329,1.3574413025430543,0.013083310875433237,12.363935524373437,20.0,0.0,2.0,31.348242337746573,1.2881249949416809,0.8381249949416809,0,0,0
7.672374249,1787250883.685053110,1787250883.684988737,-11.042652237344527,4.321051183885385,2.0021885165630526,0.4571791383553402,0.0,0.0,0.0,0.0,-0.014342188898648094,0.14856936770715376,0.22119392213014336,0.9637399511327608,0.8388228348008256,1.3665946782622997,0.013767639217806594,12.379858329769194,20.0,0.0,2.0,31.341948663924413,1.2834573468651536,0.8334573468651536,0,0,0
7.682389021,1787250883.695067883,1787250883.694983006,-11.034118864053735,4.334763069740984,2.0023295919711646,0.45551757542004306,0.0,0.0,0.0,0.0,-0.013411260291263603,0.15350685682278434,0.21984806126005887,0.9632873989448749,0.8680324938714192,1.3757846279899169,0.01444197181439158,12.396009310411488,20.0,0.0,2.0,31.33539069432524,1.2787183582382364,0.8287183582382365,0,0,0
7.692373037,1787250883.705051899,1787250883.704982996,-11.02528803576078,4.348566850855645,2.0024773461208336,0.4538910645705043,0.0,0.0,0.0,0.0,-0.012331301987131811,0.15812793979690323,0.21850527415367443,0.9628597711058017,0.8983091535194063,1.3849671970714195,0.015118154091748808,12.412396797488213,20.0,0.0,2.0,31.328557858534207,1.2739055262959968,0.8239055262959969,0,0,0
7.702388287,1787250883.715067148,1787250883.714982986,-11.016149271765062,4.362462228290364,2.002632043262219,0.45230272978467234,0.0,0.0,0.0,0.0,-0.011069505144960032,0.1624666713641139,0.21716061239215487,0.9624569160108805,0.9296087994401611,1.3940940314150416,0.01582066400629671,12.429028768286296,20.0,0.0,2.0,31.321439929692318,1.269017092824028,0.8190170928240281,0,0,0
7.712386608,1787250883.725065470,1787250883.724982738,-11.006692655298345,4.376448348625337,2.002793662456631,0.45076656719907315,0.0,0.0,0.0,0.0,-0.0096160697218911,0.16654907786009543,0.21581755637970457,0.9620767735608986,0.9618699883287292,1.4031060480955688,0.016494660165347574,12.445912644552928,20.0,0.0,2.0,31.314027166317455,1.2640521618062104,0.8140521618062104,0,0,0
7.722394705,1787250883.735073566,1787250883.734987497,-10.99690885168079,4.390523770671043,2.002961707653831,0.44929976086245066,0.0,0.0,0.0,0.0,-0.007959566998781592,0.1703796319190972,0.21448266420895132,0.9617196125036316,0.9950372972931276,1.4119445272628441,0.01710041357219518,12.463055239402598,20.0,0.0,2.0,31.306310324149454,1.2590106948786124,0.8090106948786124,0,0,0
7.732388258,1787250883.745067120,1787250883.744982719,-10.986789010495972,4.404686484700856,2.0031355185277087,0.44791571806408514,0.0,0.0,0.0,0.0,-0.006108029156923383,0.17395630564296177,0.21316439277707694,0.9613858940918838,1.0290761741939858,1.4205571133548194,0.01766542420864019,12.480462820064943,20.0,0.0,2.0,31.298280560455343,1.2538934105760104,0.8038934105760105,0,0,0
7.742389917,1787250883.755068779,1787250883.754983425,-10.976324500401171,4.418933987126628,2.0033150246577542,0.44661067963735895,0.0,0.0,0.0,0.0,-0.004029872445879782,0.1773364293102723,0.21185042130217854,0.9610696904812066,1.0639636988210868,1.4288918173069711,0.018232533007312004,12.498141324508117,20.0,0.0,2.0,31.289929180586604,1.248701548197251,0.798701548197251,0,0,0
7.752390862,1787250883.765069723,1787250883.764983416,-10.96550698221312,4.433263200891846,2.0035001910121255,0.44538125718055255,0.0,0.0,0.0,0.0,-0.001713512321528998,0.1805759067304459,0.21053095018881485,0.9607633032108356,1.0996796626927385,1.436890836523847,0.018810645239156452,12.516096250112444,20.0,0.0,2.0,31.281247697705545,1.2434369037334014,0.7934369037334015,0,0,0
7.762373447,1787250883.775052309,1787250883.774982929,-10.954328148202041,4.447670490665638,2.0036913413169573,0.44423282948492426,0.0,0.0,0.0,0.0,0.0008735631404346423,0.1837558131811736,0.20919289559976179,0.9604537315457484,1.1362237202481962,1.44449584542866,0.019419523348802474,12.534332830573492,20.0,0.0,2.0,31.27222757537608,1.2381015821021626,0.7881015821021626,0,0,0
7.772369862,1787250883.785048723,1787250883.784982920,-10.942779737519984,4.462151596845569,2.0038886315610753,0.44317486133250805,0.0,0.0,0.0,0.0,0.003732747413446747,0.18693121644432434,0.20783195031093818,0.9601295055071187,1.1736008754611533,1.451644916145594,0.02004760886211778,12.552855982273899,20.0,0.0,2.0,31.26286023190079,1.2326979810451277,0.7826979810451278,0,0,0
7.782388449,1787250883.795067310,1787250883.794982672,-10.930853278590403,4.47670166536496,2.0040923627484135,0.44222065222297474,0.0,0.0,0.0,0.0,0.006890768673635444,0.19015813311398852,0.20644016449112626,0.9597785474798683,1.2118338663108676,1.4582768594983424,0.02069623181232287,12.571670509185694,20.0,0.0,2.0,31.253136788005794,1.2272285571591788,0.7772285571591788,0,0,0
7.792387486,1787250883.805066347,1787250883.804982901,-10.91854013615546,4.491315196471108,2.004302535027211,0.44137977881209256,0.0,0.0,0.0,0.0,0.010335655836814148,0.19345486954266553,0.2050182401233727,0.959393510966886,1.2509458040122168,1.4643279112721792,0.021342653707846413,12.590781054452648,20.0,0.0,2.0,31.243048104449027,1.221695847415639,0.771695847415639,0,0,0
7.802387238,1787250883.815066099,1787250883.814983130,-10.905831323681815,4.505986084914559,2.0045191887978264,0.44064861447340214,0.0,0.0,0.0,0.0,0.014066790650214368,0.19683243468027203,0.20355942202254218,0.9589695927215254,1.2909692228192946,1.4697374623068702,0.021980779335243367,12.610192283704471,20.0,0.0,2.0,31.232584600515903,1.2161023130433113,0.7661023130433113,0,0,0
7.812386751,1787250883.825065613,1787250883.824983120,-10.89271764203062,4.5207076097293015,2.0047420231493818,0.44001655491607355,0.0,0.0,0.0,0.0,0.01804229422251166,0.20026607379039849,0.202065989493956,0.9585078566175634,1.331926948874932,1.474446677035143,0.022584722343474112,12.629908814699252,20.0,0.0,2.0,31.221736388126747,1.2104504657274688,0.7604504657274689,0,0,0
7.822392464,1787250883.835071325,1787250883.834987640,-10.879189594235555,4.535472511549898,2.0049707457432784,0.43946426814780404,0.0,0.0,0.0,0.0,0.022231934114817668,0.20372694967145014,0.2005356597489991,0.9580117537129252,1.3738413571491943,1.478404073394328,0.023147311366458135,12.64993536499985,20.0,0.0,2.0,31.210493197129765,1.2047428304692163,0.7547428304692163,0,0,0
7.832379103,1787250883.845057964,1787250883.844983101,-10.86523761721994,4.550273032863687,2.0052047369754473,0.4389671011600503,0.0,0.0,0.0,0.0,0.02657074566049882,0.20716222922503605,0.19897493027782612,0.9574898346084375,1.4167162782525575,1.4815644766839438,0.02364412109448402,12.67027664926857,20.0,0.0,2.0,31.19884460890086,1.1989821828403173,0.7489821828403174,0,0,0
7.842366934,1787250883.855045795,1787250883.854982853,-10.850852070591195,4.565101028084182,2.005443400579492,0.4384892298779558,0.0,0.0,0.0,0.0,0.031011554589500702,0.2105253175293836,0.19738287468717267,0.9569521278210956,1.4605500402728402,1.4838933095030233,0.024072546090147928,12.690937490354614,20.0,0.0,2.0,31.186780059966534,1.193171603730685,0.743171603730685,0,0,0
7.852385044,1787250883.865063906,1787250883.864983082,-10.836023618677233,4.579948035348741,2.0056856386355637,0.4380030865007473,0.0,0.0,0.0,0.0,0.035473272689089244,0.21374838402106397,0.19577423045646122,0.9564129473936923,1.5052808160029207,1.4853636600385125,0.024333368806137276,12.711922611039384,20.0,0.0,2.0,31.174289229180534,1.1873148670159137,0.7373148670159138,0,0,0
7.862386227,1787250883.875065088,1787250883.874983072,-10.820743730510317,4.594805412205793,2.0059292468454486,0.4375202302145832,0.0,0.0,0.0,0.0,0.039854168569134284,0.2167250243869266,0.19419526437057671,0.9558923100162439,1.5508279845439,1.4859679964625547,0.024348640547871902,12.733236361868974,20.0,0.0,2.0,31.161362550982822,1.1814169494089635,0.7314169494089635,0,0,0
7.872370243,1787250883.885049105,1787250883.884983063,-10.805004547243989,4.609664558235911,2.00617188803529,0.4370425948783713,0.0,0.0,0.0,0.0,0.044049255478548995,0.21935492512643034,0.19269073812906354,0.9554126644303185,1.597128566111109,1.4857216589932738,0.02414834909959291,12.754882954796788,20.0,0.0,2.0,31.147991116400767,1.1754840374812543,0.7254840374812543,0,0,0
7.882373095,1787250883.895051956,1787250883.894983292,-10.78879891593459,4.624517100004137,2.0064116361040543,0.4365034757778158,0.0,0.0,0.0,0.0,0.04802819292210237,0.22157413584693808,0.19125511778872592,0.9549972120000878,1.6441015982589577,1.4846517226189553,0.023774513543800398,12.776866538723198,20.0,0.0,2.0,31.134166733721386,1.169523679209495,0.719523679209495,0,0,0
7.892369747,1787250883.905048609,1787250883.904983282,-10.77212059258253,4.639354942016528,2.006646923749271,0.4358389542194581,0.0,0.0,0.0,0.0,0.05177982474631744,0.22335459448019623,0.18987421602083984,0.9546619071505363,1.6916518814638952,1.4827864552322827,0.023265385676939428,12.799191040636936,20.0,0.0,2.0,31.119882137052677,1.1635450138111354,0.7135450138111354,0,0,0
7.902369261,1787250883.915048122,1787250883.914983034,-10.754964279830057,4.654170258276048,2.0068766225703536,0.43501290007598126,0.0,0.0,0.0,0.0,0.05535133013714243,0.2247019857250935,0.18852809902604223,0.9544120722941825,1.7396818497587765,1.480149588814803,0.02265970002932564,12.821860081743226,20.0,0.0,2.0,31.105131022623613,1.1575588219232489,0.7075588219232489,0,0,0
7.912389278,1787250883.925068140,1787250883.924983025,-10.73732574133882,4.668955413571707,2.007099765718407,0.434011598071361,0.0,0.0,0.0,0.0,0.05877915494963749,0.2256472487096571,0.18720286626708849,0.9542449459937188,1.7880753989448561,1.4767566039844635,0.021946484309728825,12.844876785462224,20.0,0.0,2.0,31.08990815023042,1.1515775874143959,0.7015775874143959,0,0,0
7.922376394,1787250883.935055256,1787250883.934983492,-10.719201915972436,4.683702907083973,2.0073151660435142,0.4328151363633112,0.0,0.0,0.0,0.0,0.06208753740136068,0.22622235089208678,0.18588256033171757,0.9541573556918259,1.8367260074092364,1.472618587231048,0.02111734384904296,12.868243599710333,20.0,0.0,2.0,31.074209447510736,1.1456155500380785,0.6956155500380785,0,0,0
7.932369471,1787250883.945048332,1787250883.944983006,-10.700590642224475,4.698405332445293,2.007521789653987,0.4314163734645898,0.0,0.0,0.0,0.0,0.06528781995352877,0.22647338884444385,0.18455549977017646,0.9541417987991142,1.8855502477809785,1.467744578262255,0.020190372940180133,12.891962442754274,20.0,0.0,2.0,31.058031731368796,1.1396884429623213,0.6896884429623213,0,0,0
7.942367554,1787250883.955046415,1787250883.954982996,-10.681490568969616,4.713055354244619,2.0077187092801694,0.4297918940132269,0.0,0.0,0.0,0.0,0.06844651152923462,0.22644219909831673,0.18319144839598256,0.9541907035606555,1.9344772925609055,1.4621367907738552,0.01918355280168918,12.916034723792864,20.0,0.0,2.0,31.041372615984915,1.1338133901177563,0.6838133901177563,0,0,0
7.952394724,1787250883.965073586,1787250883.964982748,-10.661900939214345,4.727645588350238,2.007905262779462,0.42793370646314305,0.0,0.0,0.0,0.0,0.07161785691373068,0.2261793461738368,0.181766998849367,0.9542926930794107,1.983451362266606,1.4557847175407335,0.018116170979185803,12.940461416721163,20.0,0.0,2.0,31.024230280676115,1.1280086416577961,0.6780086416577962,0,0,0
7.962381601,1787250883.975060463,1787250883.974983215,-10.641821540366687,4.74216849250628,2.0080808646776616,0.42582956899589397,0.0,0.0,0.0,0.0,0.07487930331772959,0.22572298901020435,0.1802543046164156,0.9544373252520059,2.032425984209961,1.4486653871062765,0.016997832950566484,12.96524301955947,20.0,0.0,2.0,31.006603403523144,1.12229343593328,0.67229343593328,0,0,0
7.972368002,1787250883.985046864,1787250883.984982729,-10.62125257744534,4.756616228099153,2.0082449924681307,0.4234787191046029,0.0,0.0,0.0,0.0,0.07826924490153371,0.22511286592980856,0.17863778391846294,0.9546133589323545,2.0813523257460207,1.440745696070516,0.015809093342440652,12.990379571378542,20.0,0.0,2.0,30.98849101413329,1.1166877715823,0.6666877715823001,0,0,0
7.982389927,1787250883.995068789,1787250883.994982719,-10.600194780834139,4.770980606759576,2.0083967658829582,0.42084332972495825,0.0,0.0,0.0,0.0,0.08181637824084759,0.224362840101154,0.17689199573074263,0.9548175836670005,2.130192225577087,1.4319860529668393,0.0145352761432108,13.015870534631981,20.0,0.0,2.0,30.969892590720136,1.1112123936047529,0.6612123936047529,0,0,0
7.992370129,1787250884.005048990,1787250884.004983187,-10.578649097774765,4.785253005981032,2.0085354405900975,0.4179030538488073,0.0,0.0,0.0,0.0,0.08550345404007217,0.22348870626501147,0.1750079066764878,0.9550466952562698,2.1789213712677333,1.4223439096624413,0.013181694625947094,13.041715013127513,20.0,0.0,2.0,30.950807741153348,1.1058884471693997,0.6558884471693998,0,0,0
8.002374411,1787250884.015053272,1787250884.014983177,-10.556616827528396,4.799424419942163,2.008660105357605,0.41463508062199644,0.0,0.0,0.0,0.0,0.08930833492348894,0.2224835045524555,0.17298116615398604,0.9553023749950895,2.227507877312353,1.4117825534508004,0.011739246112241938,13.067911681754861,20.0,0.0,2.0,30.931236342968145,1.1007375416953058,0.6507375416953058,0,0,0
8.012406826,1787250884.025085688,1787250884.024983168,-10.534099514736994,4.813485495226664,2.0087699328867146,0.4110413793538191,0.0,0.0,0.0,0.0,0.09317274732055374,0.2213489218217306,0.17082377115917444,0.9555850214251246,2.275920971776559,1.4002733492456398,0.010207203750476066,13.094458909022288,20.0,0.0,2.0,30.911178442439596,1.0957816297818619,0.6457816297818619,0,0,0
8.022401094,1787250884.035079956,1787250884.034982920,-10.511099104500778,4.8274266737174765,2.0088639450472288,0.40710805576576287,0.0,0.0,0.0,0.0,0.0970435970264581,0.2200721265655575,0.1685423569917294,0.9558997192617812,2.3241246485705496,1.3878006657977655,0.008583236964135106,13.121354711055938,20.0,0.0,2.0,30.890634428970685,1.091043140787765,0.641043140787765,0,0,0
8.032382488,1787250884.045061350,1787250884.044982910,-10.487617834998975,4.841238285148314,2.0089413239468596,0.4028463378432717,0.0,0.0,0.0,0.0,0.10084790377031345,0.21865575356527198,0.16615519805355336,0.9562488232137706,2.372083355839993,1.3743617528858865,0.00687542807766198,13.148596895535652,20.0,0.0,2.0,30.86960494295007,1.0865449021446487,0.6365449021446488,0,0,0
8.042383432,1787250884.055062294,1787250884.054983139,-10.463658391544683,4.854910728653807,2.0090011888790413,0.3982574941966328,0.0,0.0,0.0,0.0,0.10453156247067155,0.21709170177664538,0.16367442608728283,0.9566373543366152,2.4197554343406997,1.3599692615534544,0.005087679539957047,13.176183019327523,20.0,0.0,2.0,30.848091056033432,1.0823102987917774,0.6323102987917775,0,0,0
8.052382946,1787250884.065061808,1787250884.064982891,-10.439223823552842,4.868434575857237,2.009042836419814,0.39337743062159297,0.0,0.0,0.0,0.0,0.1080266897492356,0.21539289251849972,0.16112572027039182,0.9570656395575404,2.4670969964634444,1.3446494932411701,0.003224886665506174,13.20411050203985,20.0,0.0,2.0,30.826094205601848,1.0783632218264256,0.6283632218264257,0,0,0
8.062383890,1787250884.075062752,1787250884.074983358,-10.414317718021865,4.881800781118163,2.009065416411867,0.38826799845145593,0.0,0.0,0.0,0.0,0.11125229005974532,0.21357383084420004,0.15854860554521732,0.9575340654068984,2.5140587780149373,1.3284491465543249,0.0012811985672351496,13.232376560230787,20.0,0.0,2.0,30.80361639971968,1.0747282557406495,0.6247282557406495,0,0,0
8.072381973,1787250884.085060835,1787250884.084982872,-10.388944046951345,4.895000838108202,2.0090682192387694,0.3830047829255205,0.0,0.0,0.0,0.0,0.11413760026432013,0.21166135732714758,0.1559838984658523,0.9580402399898068,2.5605997404026173,1.3114334243929682,-0.000737216307806415,13.260978390521714,20.0,0.0,2.0,30.780660092441483,1.0714306317208249,0.6214306317208249,0,0,0
8.082384586,1787250884.095063448,1787250884.094982624,-10.3631072552755,4.908026984931153,2.0090504542595835,0.3775951525539871,0.0,0.0,0.0,0.0,0.11666547514533607,0.20964466099088438,0.15343896950648608,0.9585899882973522,2.6066807576046758,1.2936783413403257,-0.002821440494955198,13.28991315543779,20.0,0.0,2.0,30.757228304756243,1.0684963650949113,0.6184963650949113,0,0,0
8.092382431,1787250884.105061293,1787250884.104983091,-10.336812089404665,4.920872193612133,2.00901162285082,0.372051556038705,0.0,0.0,0.0,0.0,0.11884449517671608,0.2075219740345907,0.15091662213670046,0.9591844397308719,2.6522627389613667,1.275260344487233,-0.004959490401840256,13.31917809422315,20.0,0.0,2.0,30.73332445576073,1.0659520725004028,0.6159520725004028,0,0,0
8.102407455,1787250884.115086317,1787250884.114983082,-10.310063814180117,4.933530222764367,2.008951095123467,0.3663594687696738,0.0,0.0,0.0,0.0,0.12072250239883585,0.20526311074564033,0.14840644452053686,0.959827411572705,2.697300318283468,1.2562512274082536,-0.007148705705441712,13.348770316057827,20.0,0.0,2.0,30.70895258716429,1.0638250320802287,0.6138250320802288,0,0,0
8.112406254,1787250884.125085115,1787250884.124983311,-10.28286796911303,4.945995414438486,2.008868663205115,0.36053065982590504,0.0,0.0,0.0,0.0,0.12235246814515141,0.20286772429074426,0.14590264367475753,0.9605139137714773,2.7417720833444794,1.2367007062852318,-0.009334025988562164,13.378686896534324,20.0,0.0,2.0,30.68411709219552,1.0621427722870191,0.6121427722870192,0,0,0
8.122402191,1787250884.135081053,1787250884.134983063,-10.25523032125997,4.958262563889276,2.0087645920095336,0.3545738812902934,0.0,0.0,0.0,0.0,0.12378441718200084,0.20036149177691048,0.14339268648494735,0.9612342212689231,2.785659079945332,1.2166481739198205,-0.01146725566720861,13.40892484231957,20.0,0.0,2.0,30.658822649655477,1.0609328118041448,0.6109328118041448,0,0,0
8.132384062,1787250884.145062923,1787250884.144983053,-10.227156846507674,4.970326839897565,2.008639474748719,0.34851861657830746,0.0,0.0,0.0,0.0,0.1250649106924902,0.19778870900848522,0.14087070299572982,0.9619739288253737,2.828926849395451,1.1961346808968536,-0.013557442263543216,13.439481059274568,20.0,0.0,2.0,30.63307419374206,1.0602224414341264,0.6102224414341264,0,0,0
8.142382860,1787250884.155061722,1787250884.154982805,-10.198653955304263,4.982183827180634,2.0084935175783496,0.34235165014393815,0.0,0.0,0.0,0.0,0.12626160095268726,0.19514099766552864,0.13831948901617738,0.9627282680555662,2.8715430348724937,1.1751916767974393,-0.015625856971220486,13.47035215024784,20.0,0.0,2.0,30.60687714452219,1.0600386946811922,0.6100386946811922,0,0,0
8.152382851,1787250884.165061712,1787250884.164983273,-10.169728223891534,4.993829284788738,2.0083270360016,0.3360759003029496,0.0,0.0,0.0,0.0,0.12743152425547954,0.1924165375347939,0.1357302854148887,0.963490722493081,2.9134861630095106,1.1538324592564722,-0.017674355934239327,13.501534554529403,20.0,0.0,2.0,30.58023710451931,1.0604078485819346,0.6104078485819346,0,0,0
8.162381887,1787250884.175060749,1787250884.174983025,-10.140386565107523,5.005259098330057,2.008140061175211,0.3296611745231462,0.0,0.0,0.0,0.0,0.12863058227659022,0.18957858036221353,0.1330868782349434,0.9642624217570186,2.9547288770552185,1.1320595768790747,-0.019714253455830274,13.533024370936813,20.0,0.0,2.0,30.55316001981016,1.0613552653234728,0.6113552653234728,0,0,0
8.172384501,1787250884.185063362,1787250884.184983015,-10.110636118279155,5.016469089503292,2.0079326686030545,0.3230951231518685,0.0,0.0,0.0,0.0,0.1298859452633909,0.18660982906750906,0.13038213272369012,0.9650424407169109,2.99522764560703,1.109871725011178,-0.02178389564663481,13.564817389042531,20.0,0.0,2.0,30.525652040547637,1.0629049894643072,0.6129049894643073,0,0,0
8.182403564,1787250884.195082426,1787250884.194983006,-10.08048462901996,5.027455120778388,2.0077042227021917,0.31630125201886805,0.0,0.0,0.0,0.0,0.13119272783672217,0.18346017457796795,0.12759044014629733,0.9658423847035579,3.0349401384282815,1.0872607157645706,-0.023903510178687214,13.596908780026007,20.0,0.0,2.0,30.497719912531075,1.0650797624503447,0.6150797624503448,0,0,0
8.192383528,1787250884.205062389,1787250884.204982996,-10.049940027573536,5.038212835147871,2.0074545457141317,0.3092431986789623,0.0,0.0,0.0,0.0,0.13251871259791442,0.18011373900338554,0.12470176873935032,0.9666681440426643,3.073836241380661,1.0642108493941544,-0.026045043638262242,13.629293397278255,20.0,0.0,2.0,30.46937051865802,1.0679004557338327,0.6179004557338328,0,0,0
8.202381372,1787250884.215060234,1787250884.214982986,-10.019010798136577,5.048737875427047,2.0071832301856953,0.30188893727769206,0.0,0.0,0.0,0.0,0.13381670001790932,0.17653523205394467,0.1217140910896232,0.9675298872232339,3.111863469156,1.0407228645692357,-0.02821503082247554,13.661965515644813,20.0,0.0,2.0,30.44061127888545,1.0713861938188327,0.6213861938188328,0,0,0
8.212404966,1787250884.225083828,1787250884.224983215,-9.987705802432666,5.059025847883508,2.006890233772146,0.2942577094545397,0.0,0.0,0.0,0.0,0.13503111398880405,0.17273123513595587,0.11864158337667746,0.9684289820927628,3.1489756933256503,1.0168030288494967,-0.03039277591882694,13.694918982536555,20.0,0.0,2.0,30.41144997033401,1.0755540983463663,0.6255540983463663,0,0,0
8.222402811,1787250884.235081673,1787250884.234983206,-9.956034506739543,5.069072567496206,2.006575381496004,0.28635306358427404,0.0,0.0,0.0,0.0,0.13610794343472593,0.16869695321242564,0.11549229739607991,0.9693696379364218,3.185120699684298,0.9924732733909145,-0.03256957494924811,13.728147083261891,20.0,0.0,2.0,30.381894991905202,1.080419408371488,0.630419408371488,0,0,0
8.232382536,1787250884.245061398,1787250884.244982719,-9.924006746012079,5.078874038140228,2.006238958348331,0.2782222048333651,0.0,0.0,0.0,0.0,0.13700144894748315,0.16446947445636279,0.11228476722598088,0.9703466009665542,3.2202571215592237,0.9677623381641861,-0.03471570058731783,13.761642746630985,20.0,0.0,2.0,30.351955129040245,1.0859952764749923,0.6359952764749923,0,0,0
8.242383242,1787250884.255062103,1787250884.254983187,-9.89163286649312,5.0884266853490905,2.0058812109705224,0.26989876037194416,0.0,0.0,0.0,0.0,0.13767873300536648,0.16007071387560165,0.10903199091155515,0.9713567614400256,3.2543427255938298,0.942713149808026,-0.03681969632801368,13.795398473952305,20.0,0.0,2.0,30.321639733794523,1.0922929027001438,0.6422929027001438,0,0,0
8.252394915,1787250884.265073776,1787250884.264982939,-9.858923452982795,5.097727302309401,2.005502885435454,0.2614611776827987,0.0,0.0,0.0,0.0,0.13811642928144843,0.15556981373513828,0.1057578645375111,0.9723873503421476,3.2873598825847963,0.9173650949282754,-0.03882929216942498,13.829406566198745,20.0,0.0,2.0,30.290958448050876,1.099321364668917,0.6493213646689171,0,0,0
8.262384415,1787250884.275063276,1787250884.274983168,-9.825889251088803,5.106773167023145,2.0051050511811073,0.25300782227920043,0.0,0.0,0.0,0.0,0.13827014951015837,0.1510744028776895,0.10249204083210037,0.9734234803597348,3.31930288054711,0.8917715823662797,-0.04071204495939187,13.863659222085353,20.0,0.0,2.0,30.259921147603634,1.1070876876905524,0.6570876876905525,0,0,0
8.272381783,1787250884.285060644,1787250884.284982681,-9.792540969204197,5.115562170715361,2.0046890078336723,0.2446499661660488,0.0,0.0,0.0,0.0,0.13811201350751387,0.1467038320870111,0.09926725722485007,0.9744480843118025,3.350172751685906,0.8660106172072247,-0.042490762151268624,13.898148750679173,20.0,0.0,2.0,30.228537769977542,1.1155969628461146,0.6655969628461147,0,0,0
8.282383919,1787250884.295062780,1787250884.294982910,-9.758889316923762,5.124093111711557,2.0042554792417495,0.23642709529368516,0.0,0.0,0.0,0.0,0.13761387470554812,0.1424981906760315,0.0960977982297845,0.975459840443455,3.3799862561403677,0.840169632216856,-0.044197116573471584,13.932867601502952,20.0,0.0,2.0,30.196818403658234,1.1248526733961473,0.6748526733961473,0,0,0
8.292381763,1787250884.305060625,1787250884.304982662,-9.724944649166584,5.132365571830148,2.0038053057914844,0.22837253267530497,0.0,0.0,0.0,0.0,0.1367761519233668,0.13848047987086612,0.09299498933226978,0.9764565391858778,3.4087766800528603,0.8143324109766026,-0.045836348787693576,13.967808647876726,20.0,0.0,2.0,30.1647729187421,1.132646685271313,0.6826466852713131,0,0,0
8.302383900,1787250884.315062761,1787250884.314982891,-9.690717097904258,5.140380057129679,2.003338919885042,0.22046712761520892,0.0,0.0,0.0,0.0,0.13560414265203005,0.1346080678320314,0.08995622141046973,0.9774456827873791,3.436572128918647,0.7885843442769,-0.04742590433550906,14.00296508051494,20.0,0.0,2.0,30.132411122708167,1.140422725052118,0.690422725052118,0,0,0
8.312403679,1787250884.325082541,1787250884.324983120,-9.65621637349186,5.148137755652583,2.0028571557913484,0.21270778829084352,0.0,0.0,0.0,0.0,0.13413585963481212,0.13085689369404746,0.08697909377954353,0.9784266358690692,3.4634174658187784,0.7629849931200854,-0.04890513003422962,14.038330515165097,20.0,0.0,2.0,30.099742525574555,1.1489758302689745,0.6989758302689746,0,0,0
8.322401524,1787250884.335080385,1787250884.334983110,-9.621451775083997,5.1556404190200364,2.002361376013538,0.2050822356966057,0.0,0.0,0.0,0.0,0.1324272697168531,0.12723411179888935,0.08404932412545152,0.9793927762364507,3.489354496485901,0.7375842161220063,-0.050218521412818413,14.073898942986036,20.0,0.0,2.0,30.066776331525077,1.1558419080728457,0.7058419080728457,0,0,0
8.332384348,1787250884.345063210,1787250884.344982862,-9.586432231446015,5.162890287391436,2.001853261830017,0.19759397124493314,0.0,0.0,0.0,0.0,0.13055095937283184,0.12375900909490889,0.08115732595263032,0.9803334346633793,3.514405633717771,0.7124385771000117,-0.051394511145135754,14.109664669709236,20.0,0.0,2.0,30.033521467523048,1.1629709152785435,0.7129709152785435,0,0,0
8.342382431,1787250884.355061293,1787250884.354982853,-9.551166559854087,5.1698902008658,2.001333790317222,0.1902072813865211,0.0,0.0,0.0,0.0,0.1285466816063937,0.12037911883246034,0.07829069059556705,0.9812518464508355,3.5385869271314245,0.6875958936345715,-0.05247968976553203,14.145622092199327,20.0,0.0,2.0,29.99998685860118,1.1709097331613656,0.7209097331613656,0,0,0
8.352381229,1787250884.365060091,1787250884.364983082,-9.515663332138166,5.1766433091329604,2.000803951306728,0.18290324196083166,0.0,0.0,0.0,0.0,0.12645511857988145,0.11704456408815402,0.07544426357202162,0.9821495996519255,3.561914858538774,0.6630852185649475,-0.05348438891935668,14.181765755252393,20.0,0.0,2.0,29.96618124707341,1.1767478333265533,0.7267478333265533,0,0,0
8.362381935,1787250884.375060797,1787250884.374983072,-9.479931104137838,5.18315309384566,2.0002643085031604,0.17563504131869656,0.0,0.0,0.0,0.0,0.12428643804008511,0.11366605760055204,0.07260792165378165,0.9830366210787748,3.5843895522654208,0.6389312190631897,-0.054427929269695134,14.218090135897196,20.0,0.0,2.0,29.932113423024685,1.1833233175749849,0.7333233175749849,0,0,0
8.372383833,1787250884.385062695,1787250884.384983301,-9.443978427455837,5.18942318660925,1.9997155602898438,0.168377952691433,0.0,0.0,0.0,0.0,0.12205444063989684,0.11018594956281573,0.06977580600581602,0.9839172256522707,3.6059970532610324,0.6151539792440113,-0.05532498633866352,14.254589589981691,20.0,0.0,2.0,29.897792204895474,1.1902359990288327,0.7402359990288327,0,0,0
8.382381201,1787250884.395060062,1787250884.394983292,-9.407814121296125,5.195457474096975,1.9991579968053872,0.16105943526507208,0.0,0.0,0.0,0.0,0.11974133810934527,0.10653849456439404,0.06692173717437268,0.9848010165598431,3.626716036751476,0.5917676631422505,-0.05616803437261761,14.291258112484474,20.0,0.0,2.0,29.863226725637393,1.1954833113838006,0.7454833113838006,0,0,0
8.392384291,1787250884.405063152,1787250884.404983282,-9.371447135097052,5.2012598629154105,1.9985925540973832,0.1536501552402353,0.0,0.0,0.0,0.0,0.1173391212305357,0.10270821252438933,0.06403138200855024,0.985688863600967,3.6465252198922156,0.5687795842161454,-0.05691009949143755,14.328089418823783,20.0,0.0,2.0,29.828426256714913,1.2015999681531804,0.7515999681531804,0,0,0
8.402380943,1787250884.415059805,1787250884.414982796,-9.334886768533575,5.206834464785522,1.9980201369885775,0.14614570428896895,0.0,0.0,0.0,0.0,0.11482064505489607,0.09867872902438651,0.06110419281857581,0.9865824879488282,3.6653886577601407,0.5462116112844021,-0.057550460026813216,14.365076771400204,20.0,0.0,2.0,29.793400456917002,1.207340224858845,0.757340224858845,0,0,0
8.412405491,1787250884.425084352,1787250884.424983263,-9.298142613246638,5.212185564425885,1.9974419623211963,0.1385863418801973,0.0,0.0,0.0,0.0,0.11218076863630898,0.09447939161946618,0.05815306318880271,0.9874752356130971,3.6832763322555597,0.5240851533214257,-0.05806867851421352,14.402213027283878,20.0,0.0,2.0,29.75815930946847,1.212189686787259,0.7621896867872591,0,0,0
8.422401428,1787250884.435080290,1787250884.434983253,-9.26122458495909,5.217317730093537,1.9968591909467726,0.13100570234419584,0.0,0.0,0.0,0.0,0.10940424946926007,0.09013398843503684,0.05518962635104956,0.9883626254923302,3.7001611431905204,0.5024276331485232,-0.058459449457831755,14.439490628595594,20.0,0.0,2.0,29.72271317314158,1.2179391890750821,0.7679391890750822,0,0,0
8.432391644,1787250884.445070505,1787250884.444983244,-9.224142785367663,5.22223576563387,1.9962732636660179,0.12346422833244906,0.0,0.0,0.0,0.0,0.10650279270804702,0.08570116794455566,0.052232617176784284,0.9892341576498405,3.7160273752755373,0.48126518317860467,-0.058705895297146746,14.476901726485032,20.0,0.0,2.0,29.6870726381027,1.222479872494186,0.7724798724941861,0,0,0
8.442382812,1787250884.455061674,1787250884.454983234,-9.186907458302654,5.226944778301774,1.995685559888252,0.11601192070925641,0.0,0.0,0.0,0.0,0.10348033472409349,0.08122273147621085,0.0492995187354113,0.990082948883269,3.730867570863462,0.4606261543876545,-0.05880680616054522,14.514438239078439,20.0,0.0,2.0,29.651248494950984,1.2270222137553954,0.7770222137553955,0,0,0
8.452381849,1787250884.465060711,1787250884.464983225,-9.14952881462245,5.231450087800528,1.9950977700489396,0.1087154435051785,0.0,0.0,0.0,0.0,0.10037470309821703,0.07677420567802987,0.04641075338381179,0.9908969080034509,3.74469434039431,0.44052635862404005,-0.058714228362913394,14.552092007999311,20.0,0.0,2.0,29.6152515465851,1.2324554419097615,0.7824554419097616,0,0,0
8.462383747,1787250884.475062609,1787250884.474982977,-9.112016853248031,5.235757131322709,1.9945120489542318,0.1016268094963735,0.0,0.0,0.0,0.0,0.09725092457848412,0.07246095112063956,0.0435764346077619,0.9916616169733493,3.7575372027402736,0.4209740288595243,-0.05839068227708101,14.589854965235983,20.0,0.0,2.0,29.579092415413974,1.235827739135034,0.7858277391350341,0,0,0
8.472383022,1787250884.485061884,1787250884.484982729,-9.074381210366612,5.239871413426128,1.993930645262102,0.0947979398038582,0.0,0.0,0.0,0.0,0.09418757278565804,0.06838821490017914,0.04080871716510224,0.9923640470103963,3.769438321425905,0.4019752096948357,-0.057862873296554485,14.62771928831956,20.0,0.0,2.0,29.542781386186814,1.2401509185684818,0.7901509185684819,0,0,0
8.482383490,1787250884.495062351,1787250884.494982958,-9.036631041243627,5.243798466894239,1.9933553483611564,0.08824995662349738,0.0,0.0,0.0,0.0,0.0912209870271738,0.06458404652268057,0.038117564468916926,0.9930028618989486,3.7804531337185754,0.3835256444851619,-0.057168162090354684,14.665677528324592,20.0,0.0,2.0,29.506328282897396,1.2443555001792908,0.7943555001792908,0,0,0
8.492380619,1787250884.505059481,1787250884.504982948,-8.998774896363066,5.247543708400996,1.992787779120159,0.08200116756001186,0.0,0.0,0.0,0.0,0.08837929194971827,0.06105266077334434,0.035514958747262036,0.9935795695726346,3.790642987562477,0.36561088714510664,-0.056326036361385334,14.703722720846187,20.0,0.0,2.0,29.469742321195238,1.2475651571680935,0.7975651571680935,0,0,0
8.502383947,1787250884.515062809,1787250884.514983416,-8.96082074399198,5.251112412014709,1.99222924387676,0.07604156790900743,0.0,0.0,0.0,0.0,0.08565318018615659,0.0577399251741325,0.03300627014826016,0.9941027209980785,3.8000636135600714,0.34821445706708165,-0.05535915146595827,14.741848372175815,20.0,0.0,2.0,29.433032125724015,1.2517498417213124,0.8017498417213125,0,0,0
8.512377501,1787250884.525056362,1787250884.524983406,-8.922776028626469,5.254509659414715,1.9916810296315686,0.07036630318338363,0.0,0.0,0.0,0.0,0.0830374472571607,0.05460528462663298,0.030596781055253378,0.9945787461196401,3.8087627310970675,0.3313165921110525,-0.05426215650428261,14.780048400919235,20.0,0.0,2.0,29.39620577843747,1.254743980136859,0.804743980136859,0,0,0
8.522402525,1787250884.535081387,1787250884.534982920,-8.884647751032766,5.25774034121305,1.9911444623433316,0.06495695565701146,0.0,0.0,0.0,0.0,0.08052513676363306,0.051647397489808164,0.02828085241431622,0.995011779864162,3.8167833270541602,0.3148980715147129,-0.053027408605120285,14.818317066451225,20.0,0.0,2.0,29.35927089723804,1.2578652019582897,0.8078652019582897,0,0,0
8.532383680,1787250884.545062542,1787250884.544982910,-8.846442486413236,5.260809170312857,1.9906208763112865,0.059802438717861735,0.0,0.0,0.0,0.0,0.07811311187020854,0.04887594761081455,0.026055116828829033,0.9954047490273157,3.824166323618015,0.2989448276855955,-0.05167634208940002,14.856648960469458,20.0,0.0,2.0,29.322234655911814,1.2616990999180593,0.8116990999180593,0,0,0
8.542381763,1787250884.555060625,1787250884.554982901,-8.80816642622182,5.263720757784499,1.9901112296441976,0.05488209738582502,0.0,0.0,0.0,0.0,0.07575833512761547,0.04624967068900589,0.02391716577717323,0.9957658418529115,3.8309484510233274,0.28344791544199704,-0.05023712565815254,14.895038983458605,20.0,0.0,2.0,29.285103838719863,1.2637858318704982,0.8137858318704982,0,0,0
8.552381277,1787250884.565060139,1787250884.564982891,-8.769825421583615,5.266479636503107,1.9896163946259526,0.050184414924328714,0.0,0.0,0.0,0.0,0.07342342247919159,0.04372605989068073,0.02186797144440843,0.996101814345695,3.8371588070165226,0.26840388245697827,-0.0487213333711343,14.933482304206768,20.0,0.0,2.0,29.247884887105275,1.2668816067932063,0.8168816067932063,0,0,0
8.562387705,1787250884.575066566,1787250884.574995995,-8.73142509697888,5.26909036288326,1.98913701550796,0.04568669563579624,0.0,0.0,0.0,0.0,0.07105259318735221,0.04123546244662943,0.01990475383216325,0.9964210788682897,3.8428146079297667,0.25381844327199177,-0.04714192298265254,14.971974259552265,20.0,0.0,2.0,29.210584029765123,1.2695258572802406,0.8195258572802406,0,0,0
8.572365522,1787250884.585044384,1787250884.584983349,-8.692970963672309,5.27155758359916,1.9886737144686422,0.04137054704572905,0.0,0.0,0.0,0.0,0.06861399662724299,0.038720010757063106,0.018023803038515876,0.9967286605480142,3.847919468818037,0.23970692373228653,-0.045517237644956875,15.010510245257493,20.0,0.0,2.0,29.173207406181586,1.2716274524493563,0.8216274524493563,0,0,0
8.582381964,1787250884.595060825,1787250884.594983101,-8.65446858049432,5.273886145502935,1.9882267922803474,0.03717960146978985,0.0,0.0,0.0,0.0,0.06607866097863402,0.036080737550667624,0.01620413707148895,0.9970301985811859,3.8524617482079155,0.22608887450790327,-0.04385681054927234,15.049085567036666,20.0,0.0,2.0,29.135761244811917,1.2747539421071485,0.8247539421071486,0,0,0
8.592384815,1787250884.605063677,1787250884.604982853,-8.615923692190332,5.2760810666091835,1.987796765667555,0.03307551235992332,0.0,0.0,0.0,0.0,0.06344714859961513,0.03325150856413398,0.01442917671282562,0.9973267244850995,3.8564143896683016,0.2129827423335117,-0.04214260354962033,15.087695293996557,20.0,0.0,2.0,29.098251993850422,1.2762387548225094,0.8262387548225094,0,0,0
8.602385044,1787250884.615063906,1787250884.614983320,-8.57734239829102,5.278147574140095,1.9873841208900473,0.029035213583574665,0.0,0.0,0.0,0.0,0.06072251598682762,0.030158937072992144,0.012689490971916633,0.9976182593486,3.859734949564123,0.20040871577961888,-0.04037455830232182,15.126334095324145,20.0,0.0,2.0,29.06068649436844,1.278410640556333,0.828410640556333,0,0,0
8.612394810,1787250884.625073671,1787250884.624982834,-8.538731272380252,5.280091067892458,1.9869894876900598,0.025061428930474156,0.0,0.0,0.0,0.0,0.05793395492321469,0.02678063996411095,0.010983886535602441,0.9979007006845123,3.862371591369327,0.18838275526198292,-0.038544251586199854,15.164996117353846,20.0,0.0,2.0,29.02307209093832,1.2807429589846728,0.8307429589846729,0,0,0
8.622382402,1787250884.635061264,1787250884.634982824,-8.50009743252049,5.2819170942823845,1.9866134437804568,0.021158414885511505,0.0,0.0,0.0,0.0,0.0551077621082727,0.02309916359921834,0.009311759929897875,0.9981697522583234,3.864268410806341,0.17691614364424485,-0.03665191713487829,15.203674914694357,20.0,0.0,2.0,28.985416696227105,1.28198699135128,0.8319869913512801,0,0,0
8.632368326,1787250884.645047188,1787250884.644982815,-8.461448550853985,5.283631267998527,1.9862566834451443,0.017347153136889865,0.0,0.0,0.0,0.0,0.05228728699759935,0.019148850472221368,0.007677960258788282,0.9984189551837884,3.865371466874136,0.16601256631685968,-0.03469075075737279,15.242363436552106,20.0,0.0,2.0,28.947728786000297,1.2842835844020943,0.8342835844020944,0,0,0
8.642368317,1787250884.655047178,1787250884.654983044,-8.422792806400183,5.285239213066648,1.9859198525528807,0.013647359577894027,0.0,0.0,0.0,0.0,0.049504708626635884,0.014964923955756356,0.006087966968687442,0.9986432153341745,3.8656338759166062,0.15566904412524027,-0.03266274261868124,15.281054075234735,20.0,0.0,2.0,28.9100173418392,1.285518422571058,0.8355184225710581,0,0,0
8.652366638,1787250884.665045500,1787250884.664982557,-8.384138795229477,5.286746480521486,1.9856036690634722,0.010087843931807899,0.0,0.0,0.0,0.0,0.04680363559106344,0.010637766809859318,0.004550147808385537,0.998837100716468,3.8650205421114197,0.14587478831391223,-0.030563510728458296,15.319738754460037,20.0,0.0,2.0,28.87229174746095,1.2869247550632645,0.8369247550632646,0,0,0
8.662362814,1787250884.675041676,1787250884.674983263,-8.345495354310112,5.288158477809472,1.9853088101186012,0.006689382574147435,0.0,0.0,0.0,0.0,0.04422742956544375,0.006318166263834346,0.00306805279395887,0.9989967979433917,3.86352069516379,0.13661096626295224,-0.028396316683019333,15.358409107499893,20.0,0.0,2.0,28.834561602332442,1.2890453463401845,0.8390453463401846,0,0,0
8.672360659,1787250884.685039520,1787250884.684982777,-8.30687126714489,5.289480378096744,1.9850359403995825,0.003471430418295973,0.0,0.0,0.0,0.0,0.04181640455716613,0.002166382306212863,0.0016465524802295516,0.9991216061934326,3.8611559725707525,0.1278505473394591,-0.026170999034481557,15.397056772210709,20.0,0.0,2.0,28.796836415274218,1.289585507156187,0.8395855071561871,0,0,0
8.682392359,1787250884.695071220,1787250884.694983244,-8.268274964216399,5.290717063594554,1.9847855317025085,0.00044169141910347466,0.0,0.0,0.0,0.0,0.039570333375971045,-0.0017320619817296817,0.0002896099047915393,0.9992152444813425,3.8579728530354407,0.11956264923428277,-0.023903318772242804,15.435673694605999,20.0,0.0,2.0,28.759125299278487,1.2911965413125037,0.8411965413125038,0,0,0
8.692372084,1787250884.705050945,1787250884.704982996,-8.22971433881788,5.291873103957215,1.9845579902254635,-0.002394082759315839,0.0,0.0,0.0,0.0,0.03747934708805887,-0.0053236493260901165,-0.000998162487842461,0.9992827232427035,3.8540312912838575,0.11171680411865811,-0.021601620183473023,15.47425231608952,20.0,0.0,2.0,28.72143678605427,1.292307055486608,0.8423070554866081,0,0,0
8.702385187,1787250884.715064049,1787250884.714982748,-8.191196652406996,5.29295278595831,1.9843535778708739,-0.005041353023723122,0.0,0.0,0.0,0.0,0.03550613090349812,-0.00862072442203645,-0.002215694801288756,0.9993298196667858,3.849395324213563,0.10428711267765986,-0.019276420453443077,15.512785673899105,20.0,0.0,2.0,28.683778738157784,1.2930774194971724,0.8430774194971724,0,0,0
8.712403297,1787250884.725082159,1787250884.724982738,-8.15272854810289,5.293960167811946,1.9841725287831982,-0.007505820860064066,0.0,0.0,0.0,0.0,0.0336255694512121,-0.011640136315780833,-0.003362621346018767,0.9993610564172066,3.8441245936574453,0.09725400117837646,-0.01693180567575737,15.551267392230315,20.0,0.0,2.0,28.646158371942168,1.294920073541571,0.844920073541571,0,0,0
8.722383499,1787250884.735062361,1787250884.734982729,-8.114316083263718,5.294899129359601,1.984014986272164,-0.009803512742891212,0.0,0.0,0.0,0.0,0.031841823730640824,-0.014380841236951136,-0.004444537520550421,0.9993795754131924,3.8382770792140892,0.09059981012931916,-0.014573987343007234,15.58969165440217,20.0,0.0,2.0,28.608582298681245,1.2950769147807348,0.8450769147807349,0,0,0
8.732382774,1787250884.745061636,1787250884.744982958,-8.075964734121596,5.2957733591274,1.9838810784769372,-0.01194947428855525,0.0,0.0,0.0,0.0,0.030169077322403207,-0.0168467234459253,-0.005466368864476806,0.9993878794012307,3.8319111093598854,0.08430414559843373,-0.012208106660858581,15.628053200121881,20.0,0.0,2.0,28.57105652653598,1.2960964972558242,0.8460964972558243,0,0,0
8.742384434,1787250884.755063295,1787250884.754982710,-8.037679415308759,5.296586335877365,1.9837708245637518,-0.013961339875099937,0.0,0.0,0.0,0.0,0.028601863878070517,-0.019099174028630286,-0.006433119612702174,0.9993876974959083,3.825078378236735,0.07834562599895387,-0.009842168295719647,15.666347308333485,20.0,0.0,2.0,28.53358647620671,1.297235233431948,0.847235233431948,0,0,0
8.752370596,1787250884.765049458,1787250884.764982700,-7.999464594831491,5.297341327445093,1.9836842246644382,-0.015852330444844732,0.0,0.0,0.0,0.0,0.027132865647168877,-0.021206904350107077,-0.007347996114282999,0.9993798485874941,3.817816664693027,0.07270395909286656,-0.007480040167765669,15.704569684187422,20.0,0.0,2.0,28.49617709344895,1.2974440300377086,0.8474440300377086,0,0,0
8.762382269,1787250884.775061131,1787250884.774982929,-7.961324438631929,5.298041412366775,1.9836211917412436,-0.017637952038761368,0.0,0.0,0.0,0.0,0.025742064090999,-0.023263680344329084,-0.008215522333077551,0.999364124083893,3.810147361055881,0.06736162957033866,-0.0051276025518746495,15.742716317157765,20.0,0.0,2.0,28.458832994958673,1.2987207446661675,0.8487207446661675,0,0,0
8.772382498,1787250884.785061359,1787250884.784982681,-7.923262991018014,5.298689511874026,1.983581617344743,-0.01932964283848756,0.0,0.0,0.0,0.0,0.024414182850934985,-0.02534243557350354,-0.00903928295235001,0.9993397820554485,3.8020746332249544,0.06230499854113797,-0.0027927374038522724,15.78078330276959,20.0,0.0,2.0,28.421558651349315,1.2990016065635412,0.8490016065635413,0,0,0
8.782380819,1787250884.795059681,1787250884.794982910,-7.885284322732242,5.299288430066557,1.9835652472010148,-0.02094578362284989,0.0,0.0,0.0,0.0,0.023131764994712742,-0.02751215301123953,-0.009826964479103983,0.9993054756449811,3.7935885113719388,0.057523796587089844,-0.0004849341024930007,15.81876669671673,20.0,0.0,2.0,28.38435853997327,1.2994756941046006,0.8494756941046007,0,0,0
8.792382479,1787250884.805061340,1787250884.804982901,-7.847392667674838,5.299840879647137,1.9835718223845535,-0.022498305767688905,0.0,0.0,0.0,0.0,0.021886036720688864,-0.02980493125693452,-0.010584061026143522,0.999260048796921,3.7846682423412665,0.05301023935572619,0.0017930180412433887,15.856662379409636,20.0,0.0,2.0,28.347237283768397,1.3008083042063168,0.8508083042063168,0,0,0
8.802383661,1787250884.815062523,1787250884.814983368,-7.809592489773086,5.300349507608929,1.9836009838553728,-0.023994231964241636,0.0,0.0,0.0,0.0,0.020667880893550972,-0.032239793176496355,-0.011314098273631418,0.99920239472069,3.7752883861142625,0.04875855518214921,0.004033771550979447,15.894465990377359,20.0,0.0,2.0,28.310199721615962,1.3004882859411437,0.8504882859411438,0,0,0
8.812382698,1787250884.825061560,1787250884.824983120,-7.771888519366511,5.300816907205806,1.9836523657939242,-0.02543389344949824,0.0,0.0,0.0,0.0,0.019476997402635726,-0.03479991253477941,-0.012017838525949153,0.9991322155835601,3.7654229423293892,0.044763829062271374,0.006234071172490276,15.932172892754863,20.0,0.0,2.0,28.27325094609717,1.301223323370641,0.851223323370641,0,0,0
8.822370291,1787250884.835049152,1787250884.834983110,-7.734285721273078,5.301245624701898,1.9837255088466,-0.026817732149573753,0.0,0.0,0.0,0.0,0.01831294712458789,-0.0374601363890967,-0.012696176776027128,0.9990496390293098,3.7550506372479977,0.041021243861454726,0.008387376953405586,15.969778205850929,20.0,0.0,2.0,28.2363962732799,1.3017989701295476,0.8517989701295476,0,0,0
8.832357168,1787250884.845036030,1787250884.844982862,-7.696789244418318,5.301638153898486,1.9838199513056305,-0.028142749519132714,0.0,0.0,0.0,0.0,0.017182237807460112,-0.04017064212339906,-0.01334836504147843,0.9989559106217056,3.7441574141501754,0.03752517524765734,0.010491303326433122,16.00727685616088,20.0,0.0,2.0,28.19964119201828,1.3017426724920118,0.8517426724920119,0,0,0
8.842373610,1787250884.855052471,1787250884.854982853,-7.659404323423573,5.301996927184321,1.9839351532505223,-0.029407327458577107,0.0,0.0,0.0,0.0,0.016089643940330214,-0.04288482066234313,-0.01397409151919726,0.9988527120055515,3.7327393985279658,0.034268756843827373,0.012540691156591758,16.044663676131854,20.0,0.0,2.0,28.16299126552071,1.3027287020593397,0.8527287020593397,0,0,0
8.852382660,1787250884.865061522,1787250884.864983082,-7.6221361857226055,5.3023242995974105,1.9840705770714913,-0.030607488216168537,0.0,0.0,0.0,0.0,0.015046802905320978,-0.04553985730484762,-0.014571616519799725,0.998742901407055,3.7208031663274426,0.031243409004676682,0.014532791404922241,16.081933497703822,20.0,0.0,2.0,28.12645203695664,1.3026098198529052,0.8526098198529053,0,0,0
8.862383604,1787250884.875062466,1787250884.874983072,-7.584989919377979,5.302622525916754,1.9842255995782725,-0.03173827209962121,0.0,0.0,0.0,0.0,0.014074394699957167,-0.04806045373395229,-0.015138166423236992,0.9986305323381911,3.7083696607932315,0.028437065080877667,0.01646206879755687,16.119081284640075,20.0,0.0,2.0,28.09002889525486,1.3028045042874825,0.8528045042874826,0,0,0
8.872370243,1787250884.885049105,1787250884.884983063,-7.547970333215414,5.302893714975212,1.9843996107027329,-0.03279539230557903,0.0,0.0,0.0,0.0,0.013192789221141034,-0.0503783408381323,-0.015670817394429257,0.9985201042388451,3.6954743493190327,0.0258328534625817,0.018328233208792115,16.156102273052387,20.0,0.0,2.0,28.053726928951637,1.3038698391852355,0.8538698391852355,0,0,0
8.882383347,1787250884.895062208,1787250884.894983053,-7.511081822543215,5.303139790387867,1.9845919473716673,-0.03378107344543689,0.0,0.0,0.0,0.0,0.012410002463594666,-0.052470980925764694,-0.016169560737611194,0.9984144096040954,3.682162043138093,0.02341083654944701,0.020129320979403023,16.192992105880904,20.0,0.0,2.0,28.017550786804126,1.303277993433792,0.853277993433792,0,0,0
8.892374992,1787250884.905053854,1787250884.904982805,-7.474328327410089,5.303362468854594,1.9848019904320378,-0.03469866056071234,0.0,0.0,0.0,0.0,0.011727284962906311,-0.05433642764091101,-0.016635010970779508,0.9983152306904993,3.668479220257814,0.0211500027472439,0.021867583239461,16.229746875752138,20.0,0.0,2.0,27.981504632486775,1.3037038542119657,0.8537038542119657,0,0,0
8.902381897,1787250884.915060759,1787250884.914982796,-7.437713326640708,5.303563260082852,1.9850290878635644,-0.035554692210942075,0.0,0.0,0.0,0.0,0.011135935474741178,-0.05600633994179668,-0.017069565461000816,0.998222375406602,3.6544695823555537,0.019030144115955872,0.023542445826483908,16.26636313131852,20.0,0.0,2.0,27.94559213859724,1.3041946131851263,0.8541946131851264,0,0,0
8.912383795,1787250884.925062656,1787250884.924983025,-7.401239903262036,5.303743481305806,1.9852726312564275,-0.03635412915298735,0.0,0.0,0.0,0.0,0.010624927146445027,-0.05751172189216797,-0.017475199574216293,0.9981353265805053,3.6401696762389673,0.017033247679459854,0.02515380646296016,16.30283781303109,20.0,0.0,2.0,27.909816553445918,1.3038272498920656,0.8538272498920656,0,0,0
8.922383308,1787250884.935062170,1787250884.934983015,-7.364910791552342,5.3039042820149325,1.985531938939939,-0.03709952965004262,0.0,0.0,0.0,0.0,0.010184497943380966,-0.0588639704962915,-0.017853077124616375,0.9980543956199158,3.625612197946237,0.01514350794244736,0.026697659680848616,16.33916820602316,20.0,0.0,2.0,27.874180751856816,1.304456576774383,0.854456576774383,0,0,0
8.932408094,1787250884.945086956,1787250884.944984198,-7.32872841573549,5.304046661794106,1.9858063634818974,-0.0377927065526454,0.0,0.0,0.0,0.0,0.009803960383721066,-0.06007203225544922,-0.018204209976721616,0.9979798795770475,3.610827800474637,0.013346981413909326,0.02817410622640102,16.375351902636176,20.0,0.0,2.0,27.838687276357614,1.3044402885397426,0.8544402885397426,0,0,0
8.942384720,1787250884.955063581,1787250884.954983234,-7.292694901017339,5.30417149541128,1.986095185305846,-0.038439496536213105,0.0,0.0,0.0,0.0,0.009465474231048213,-0.06116663809795196,-0.01853187441118463,0.9979106256635328,3.595843528682997,0.01163271691608838,0.029579794893802035,16.411386791069766,20.0,0.0,2.0,27.803338352734247,1.3042660773679697,0.8542660773679698,0,0,0
8.952384710,1787250884.965063572,1787250884.964989185,-7.256812144906476,5.304279565547721,1.9863977327127051,-0.03904551660080206,0.0,0.0,0.0,0.0,0.00915167761691738,-0.06217993556820397,-0.018839325072198966,0.9978451694728767,3.58067924374337,0.009993416742041286,0.030916346809640297,16.44727098536474,20.0,0.0,2.0,27.768135966137226,1.3050652911188703,0.8550652911188703,0,0,0
8.962377548,1787250884.975056410,1787250884.974982977,-7.221081871289813,5.304371601550961,1.9867132723500045,-0.03961772447951475,0.0,0.0,0.0,0.0,0.008844338009499512,-0.06315108448695726,-0.019130558487448646,0.9977814088993908,3.565348171517757,0.008425575549192744,0.0321808808516646,16.483002770775073,20.0,0.0,2.0,27.73308192155958,1.3046096218422873,0.8546096218422874,0,0,0
8.972397327,1787250884.985076189,1787250884.984983206,-7.185505717574701,5.304448314386626,1.987041110206821,-0.040160763973615975,0.0,0.0,0.0,0.0,0.008529767568994843,-0.06410936601432217,-0.019408357005116103,0.9977176694500417,3.5498562765892014,0.006929040758648332,0.03337201416799513,16.51858051769194,20.0,0.0,2.0,27.698177935978215,1.3045931995931574,0.8545931995931575,0,0,0
8.982391834,1787250884.995070696,1787250884.994983196,-7.150085277067344,5.30451042871868,1.987380446436754,-0.04067563794894706,0.0,0.0,0.0,0.0,0.008195065116108013,-0.0650788744424327,-0.019673781749198076,0.9976525062970242,3.534204868659164,0.005506483454005848,0.034483272910692864,16.554002638083052,20.0,0.0,2.0,27.66342568615728,1.3055260136406528,0.8555260136406528,0,0,0
8.992385149,1787250885.005064011,1787250885.004982948,-7.114822162067407,5.304558705805471,1.9877305127577936,-0.04116194922326264,0.0,0.0,0.0,0.0,0.007834023684746613,-0.06606903653229111,-0.0199270050398926,0.9975852970822805,3.5183910511095435,0.00416249398194926,0.03551433801223523,16.589267523686228,20.0,0.0,2.0,27.62882687491808,1.3047006003392108,0.8547006003392108,0,0,0
9.002380133,1787250885.015058994,1787250885.014982939,-7.079718008473324,5.304593958985637,1.9880904490329587,-0.041622154296090466,0.0,0.0,0.0,0.0,0.007443675526398506,-0.0670815723381533,-0.02016952674510338,0.9975158367355264,3.5024115322091975,0.0029026215089132256,0.036460136332886965,16.62437354021425,20.0,0.0,2.0,27.594383238723523,1.304805958960132,0.854805958960132,0,0,0
9.012382030,1787250885.025060892,1787250885.024982691,-7.044774495304943,5.304617056690894,1.9884594388478734,-0.04205842506315901,0.0,0.0,0.0,0.0,0.007027733299430702,-0.06810564984132225,-0.020402410856854628,0.9974447218044674,3.4862631262064845,0.0017322598093898215,0.03732165502724314,16.659319009155677,20.0,0.0,2.0,27.560096567403104,1.3054361740775877,0.8554361740775878,0,0,0
9.022392511,1787250885.035071373,1787250885.034982920,-7.00999330863904,5.304628917315279,1.9888365892167932,-0.0424738135353229,0.0,0.0,0.0,0.0,0.006592266834682161,-0.06912542639845808,-0.020627024010541294,0.9973729208895138,3.469946038549598,0.0006557833765591325,0.03809528673183635,16.694102242601744,20.0,0.0,2.0,27.52596866787586,1.3047149496549453,0.8547149496549453,0,0,0
9.032375336,1787250885.045054197,1787250885.044983149,-6.975376127232357,5.304630494154915,1.9892210638924148,-0.042870652196600634,0.0,0.0,0.0,0.0,0.006147716782190443,-0.07011851592881536,-0.020844092880686074,0.9973019217339791,3.453463477205667,-0.00032422053190467694,0.038783454623807036,16.728721559056662,20.0,0.0,2.0,27.492001347130756,1.3049073709856134,0.8549073709856134,0,0,0
9.042398453,1787250885.055077314,1787250885.054982901,-6.940924563300514,5.304622756115539,1.9896119669065147,-0.043252295843011226,0.0,0.0,0.0,0.0,0.005704559725503038,-0.0710625140429567,-0.021054774386035813,0.9972333094977253,3.436823800627855,-0.0012073356922701832,0.03938419050538774,16.763175341467214,20.0,0.0,2.0,27.45819635047756,1.3053058105599864,0.8553058105599864,0,0,0
9.052405357,1787250885.065084219,1787250885.064983130,-6.906640138201887,5.304606663830398,1.9900084894850691,-0.04361998422972897,0.0,0.0,0.0,0.0,0.005276872917794402,-0.07193262312054197,-0.02125886857991022,0.9971689490000727,3.420038337693349,-0.0019956539648138395,0.039906638390061346,16.79746206329156,20.0,0.0,2.0,27.42455533303928,1.3046618212249086,0.8546618212249086,0,0,0
9.062405348,1787250885.075084209,1787250885.074987173,-6.872524224683395,5.3045831401132375,1.9904098557137375,-0.043969169477918305,0.0,0.0,0.0,0.0,0.004886762710105893,-0.07269685755890304,-0.021452711971903588,0.9971113616845043,3.403124640311835,-0.0026950067905627275,0.04035587555640883,16.831580345830634,20.0,0.0,2.0,27.39107979739822,1.3049076840163798,0.8549076840163798,0,0,0
9.072402000,1787250885.085080862,1787250885.084983349,-6.8385779936265285,5.304553026153533,1.9908153694584032,-0.04429536193410664,0.0,0.0,0.0,0.0,0.00455399203787253,-0.07332955965158659,-0.021632691982143504,0.9970627179247197,3.386106806420578,-0.0033157233834083754,0.04073247885152021,16.865529012243528,20.0,0.0,2.0,27.357771032828804,1.3051556238090822,0.8551556238090823,0,0,0
9.082404613,1787250885.095083475,1787250885.094982862,-6.8048023408032385,5.304517042799326,1.9912242524581132,-0.044599676448862334,0.0,0.0,0.0,0.0,0.004290108510591174,-0.07381702233053697,-0.021798428789610566,0.9970243079712373,3.369013337412525,-0.003871342527260237,0.041033247587495186,16.899307159080628,20.0,0.0,2.0,27.324630035933225,1.304555399108867,0.854555399108867,0,0,0
9.092381477,1787250885.105060339,1787250885.104982853,-6.771197883636162,5.304475765905977,1.9916357996331957,-0.04488461446254916,0.0,0.0,0.0,0.0,0.004098941282140253,-0.07415812286158814,-0.021950703409920516,0.9969964584259168,3.3518730190053323,-0.004376972484308288,0.041262198793903214,16.932914161570483,20.0,0.0,2.0,27.291657502536136,1.3048205074177708,0.8548205074177708,0,0,0
9.102407217,1787250885.115086079,1787250885.114983320,-6.737764940643674,5.304429619662422,1.9920492544256523,-0.04515417743898966,0.0,0.0,0.0,0.0,0.003977034320250086,-0.07436064589361763,-0.02209155250956936,0.9969787564677678,3.3347145487629133,-0.004847659793444231,0.04141852505951919,16.96634969284307,20.0,0.0,2.0,27.258853806156658,1.3050004031247946,0.8550004031247946,0,0,0
9.112402439,1787250885.125081301,1787250885.124983072,-6.70450357303852,5.30437888330309,1.9924639747182673,-0.045410781889050775,0.0,0.0,0.0,0.0,0.003913462031082187,-0.07444059359104399,-0.022222768695215306,0.9969701256267729,3.317561966166849,-0.005297049878398513,0.0415154799966663,16.999613684516717,20.0,0.0,2.0,27.226219039957343,1.3044084278983288,0.8544084278983288,0,0,0
9.122390270,1787250885.135069132,1787250885.134987116,-6.671413609228275,5.304323715357085,1.992879393580843,-0.04565152775547758,0.0,0.0,0.0,0.0,0.003885208127987926,-0.07441266793366168,-0.022344469858978727,0.9969696006777328,3.3004369154502813,-0.005735259744957692,0.04156122351034482,17.032706301839873,20.0,0.0,2.0,27.193753045412148,1.3046563640711042,0.8546563640711042,0,0,0
9.132373095,1787250885.145051956,1787250885.144987345,-6.638494677518525,5.304264197850894,1.9932950300682994,-0.045873086929226106,0.0,0.0,0.0,0.0,0.003866236026418026,-0.07429562820228151,-0.022456773099219594,0.9969758799444381,3.283359130329076,-0.006167346909499387,0.04155473525677909,17.065627911170743,20.0,0.0,2.0,27.16145545292828,1.3048493790307607,0.8548493790307607,0,0,0
9.142360926,1787250885.155039787,1787250885.154983282,-6.605746212099732,5.30420039087479,1.9937102946832639,-0.04607516266471018,0.0,0.0,0.0,0.0,0.003824661702106789,-0.0741053887761167,-0.022561752987396034,0.9969878287217657,3.2663455940989525,-0.006592491688969671,0.0414901691624731,17.098379071506166,20.0,0.0,2.0,27.12932569839524,1.3042282162261458,0.8542282162261459,0,0,0
9.152385235,1787250885.165064096,1787250885.164983034,-6.573167509963284,5.304132393109944,1.9941246504518568,-0.04625840693311249,0.0,0.0,0.0,0.0,0.003734276091790704,-0.07385950688109175,-0.022661490823436166,0.9970041550861318,3.2494088782745014,-0.007003942004713138,0.041369234095411246,17.130960479506655,20.0,0.0,2.0,27.09736309082378,1.3044216327149247,0.8544216327149248,0,0,0
9.162382841,1787250885.175061703,1787250885.174983263,-6.540757743068846,5.304060396220829,1.9945374793529278,-0.046423857195306055,0.0,0.0,0.0,0.0,0.003572321836663874,-0.07356865450174112,-0.022758029820371534,0.9970240537069273,3.2325595398714397,-0.007390016732305057,0.041188278828322065,17.163372955521385,20.0,0.0,2.0,27.065566835042617,1.304708607215999,0.8547086072159991,0,0,0
9.172379971,1787250885.185058832,1787250885.184987545,-6.508516000889535,5.303984727644675,1.9949482152870976,-0.0465718339042544,0.0,0.0,0.0,0.0,0.003327280241665841,-0.07324041932148573,-0.02285222197209676,0.9970469127050865,3.2158059661813456,-0.007735575789195635,0.0409452810075626,17.195617402616943,20.0,0.0,2.0,27.033936081914398,1.3040223206412127,0.8540223206412128,0,0,0
9.182381392,1787250885.195060253,1787250885.194987297,-6.476441271899594,5.30390587567559,1.9953561534358768,-0.0466989477995399,0.0,0.0,0.0,0.0,0.0029931773115926983,-0.07285973002103166,-0.022942833215355257,0.9970737821419717,3.1991580630904717,-0.008023843263712695,0.040632843460193996,17.227694822571554,20.0,0.0,2.0,27.002469915318585,1.304126953790139,0.854126953790139,0,0,0
9.192383051,1787250885.205061913,1787250885.204982996,-6.444532450121372,5.3038244974687405,1.9957606562310943,-0.04680226019609029,0.0,0.0,0.0,0.0,0.002575717114945858,-0.0724114904503756,-0.023027950942406193,0.997105638940776,3.1826273947158596,-0.008238168696347008,0.040253875320783936,17.259606311916276,20.0,0.0,2.0,26.97116736030362,1.3045916690118542,0.8545916690118542,0,0,0
9.202387094,1787250885.215065956,1787250885.214983702,-6.412788278551874,5.303741408503539,1.9961609995784442,-0.04688127532742581,0.0,0.0,0.0,0.0,0.0020855154966227182,-0.0718680293097284,-0.023106560821976842,0.9971442843617114,3.1662305283357073,-0.008363733116223867,0.03980549779001881,17.29135311659337,20.0,0.0,2.0,26.940027325780623,1.3038097774599589,0.8538097774599589,0,0,0
9.212390661,1787250885.225069523,1787250885.224987745,-6.381207328699317,5.303657558243805,1.996556561003105,-0.046937023383336794,0.0,0.0,0.0,0.0,0.0015415134712062817,-0.07121179570959497,-0.023177668732647722,0.997190703707246,3.1499872711028587,-0.008388807269999472,0.03929387921676192,17.322936654921058,20.0,0.0,2.0,26.909048579840338,1.3037975512008635,0.8537975512008635,0,0,0
9.222388744,1787250885.235067606,1787250885.234983206,-6.349787940075506,5.3035739935098904,1.9969466668155822,-0.04697117797896529,0.0,0.0,0.0,0.0,0.0009635265252289876,-0.07042051820591144,-0.023240532273464967,0.9972461581234054,3.133922038671931,-0.008305676484679983,0.03871912999371576,17.354358576363,20.0,0.0,2.0,26.878229683415288,1.3045279986965652,0.8545279986965653,0,0,0
9.232390165,1787250885.245069027,1787250885.244987249,-6.318528208643881,5.303491817270449,1.9973307657627697,-0.04698620350267828,0.0,0.0,0.0,0.0,0.0003745581062034049,-0.06948841095199666,-0.02329446296379087,0.9973106779959894,3.118060834193402,-0.008110930863011715,0.03808941052228303,17.38562077548771,20.0,0.0,2.0,26.847568970948743,1.303626223251921,0.853626223251921,0,0,0
9.242370367,1787250885.255049229,1787250885.254982948,-6.287425950249086,5.303412144447276,1.997708277603422,-0.0469849889880495,0.0,0.0,0.0,0.0,-0.0002058810780859213,-0.06840807565955635,-0.023339279459184098,0.9973843646417685,3.1024315797035054,-0.007805438543705558,0.0374064126377248,17.416725426911654,20.0,0.0,2.0,26.817064505938966,1.3034748105767078,0.8534748105767078,0,0,0
9.252369404,1787250885.265048265,1787250885.264982939,-6.256478722794323,5.303336063054291,1.998078798645157,-0.04697039803197915,0.0,0.0,0.0,0.0,-0.0007588492585994789,-0.06719559664671293,-0.0233747940906869,0.9974656860966762,3.087058445177046,-0.007393691894559633,0.03669448715996723,17.447674965863918,20.0,0.0,2.0,26.786714095037073,1.3040639180823175,0.8540639180823175,0,0,0
9.262368202,1787250885.275047064,1787250885.274983406,-6.225683861938312,5.303264599252232,1.9984421306954014,-0.0469435975947413,0.0,0.0,0.0,0.0,-0.0012687854657854071,-0.06588979241546031,-0.023400269255389846,0.9975516792816624,3.0719608339974154,-0.006883434957925274,0.035971380448903786,17.478472052940372,20.0,0.0,2.0,26.75651531614254,1.3035185895040278,0.8535185895040278,0,0,0
9.272392035,1787250885.285070896,1787250885.284982920,-6.1950385452593455,5.303198688699775,1.9987981890799524,-0.046905450377007725,0.0,0.0,0.0,0.0,-0.0017251256991785708,-0.06454097377221568,-0.023415303198020293,0.9976388175196478,3.0571513672422537,-0.006284904968941961,0.035235767983998974,17.509119508889086,20.0,0.0,2.0,26.72646557560126,1.3032086865574657,0.8532086865574657,0,0,0
9.282406807,1787250885.295085669,1787250885.294983149,-6.164539856129094,5.303139159266885,1.9991467829288234,-0.046856879045242925,0.0,0.0,0.0,0.0,-0.0021311142817103845,-0.06317779047574185,-0.02342063392191846,0.9977251620808293,3.042635281604763,-0.005608888598812731,0.03448119606867251,17.539620248225837,20.0,0.0,2.0,26.69656216731842,1.3036218027750932,0.8536218027750933,0,0,0
9.292385578,1787250885.305064440,1787250885.304982901,-6.134184864835369,5.303086737729708,1.999487755069063,-0.04679899762869636,0.0,0.0,0.0,0.0,-0.002494792408297203,-0.06182579603255473,-0.0234174459331701,0.9978090850366855,3.0284116768884113,-0.0048647638812657394,0.03370798169291412,17.569977199760206,20.0,0.0,2.0,26.666802353481938,1.3035351625276508,0.8535351625276508,0,0,0
9.302401543,1787250885.315080404,1787250885.314983130,-6.103970658314856,5.30304206733347,1.9998208654890162,-0.0467324872075755,0.0,0.0,0.0,0.0,-0.002831636196979908,-0.060488250026873004,-0.02340719501544126,0.997890403133853,3.01447736291841,-0.004059527871494367,0.03291162067667015,17.60019327550906,20.0,0.0,2.0,26.637183397089125,1.3030481296616259,0.8530481296616259,0,0,0
9.312400579,1787250885.325079441,1787250885.324983120,-6.073894372618889,5.303005737867848,2.0001459542595486,-0.04665817254011734,0.0,0.0,0.0,0.0,-0.0031547038840932335,-0.05917199037249227,-0.023391182590607736,0.9979687249487201,3.000826513783753,-0.0031970171190500727,0.032104997413261165,17.630271340004708,20.0,0.0,2.0,26.607702599654278,1.303267230087866,0.8532672300878661,0,0,0
9.322388887,1787250885.335067749,1787250885.334982872,-6.043953205485999,5.302978311811091,2.00046295998294,-0.04657624975756673,0.0,0.0,0.0,0.0,-0.0034714373601883422,-0.057885538419272506,-0.023370012266052082,0.9980436143231667,2.9874523719411425,-0.002279028408299197,0.031296631430316114,17.660214197819165,20.0,0.0,2.0,26.578357318679707,1.3037195172484461,0.8537195172484462,0,0,0
9.332405090,1787250885.345083952,1787250885.344983101,-6.014144427095144,5.302960339308756,2.000771867971377,-0.046487126665433705,0.0,0.0,0.0,0.0,-0.003785891489162862,-0.056638345616717725,-0.02334417526434694,0.9981146298460217,2.9743477960837055,-0.0013064099701902536,0.030481475840740683,17.69002458218957,20.0,0.0,2.0,26.549144981144444,1.3030373388393763,0.8530373388393764,0,0,0
9.342401743,1787250885.355080605,1787250885.354983091,-5.984465371154641,5.302952366819975,2.001072540332211,-0.046391238443004024,0.0,0.0,0.0,0.0,-0.004107291761095014,-0.055411167953983535,-0.02331445091359997,0.9981829336343926,2.9615068960566506,-0.0002787732212146972,0.02965159180619056,17.719705162186404,20.0,0.0,2.0,26.520063076467956,1.303045411809543,0.853045411809543,0,0,0
9.352405787,1787250885.365084648,1787250885.364983082,-5.954913419957806,5.302954953768164,2.0013648518333347,-0.046289407336255355,0.0,0.0,0.0,0.0,-0.00444210401281486,-0.054184711967757516,-0.023281584634347513,0.9982495942988528,2.9489270394391944,0.0008058647154505718,0.02880627470499089,17.74925855915268,20.0,0.0,2.0,26.49110914518342,1.303735507712138,0.853735507712138,0,0,0
9.362383842,1787250885.375062704,1787250885.374982834,-5.925485950520917,5.3029686844733614,2.0016486022572266,-0.04618215748850928,0.0,0.0,0.0,0.0,-0.004797523955796881,-0.052922721322282276,-0.02324612887114083,0.9983164762860743,2.936611363105741,0.0019506407144830541,0.027941886239644293,17.77868739977365,20.0,0.0,2.0,26.462280728558753,1.3032189529854716,0.8532189529854717,0,0,0
9.372403622,1787250885.385082483,1787250885.384983301,-5.8961802841939495,5.302994180489876,2.0019236405610563,-0.046070006593841833,0.0,0.0,0.0,0.0,-0.005175576353518753,-0.051600183377113765,-0.023208279122989346,0.9983847005363247,2.924568498560886,0.0031595771046085174,0.027061901796888554,17.807994367801456,20.0,0.0,2.0,26.433575321741436,1.3030011994395454,0.8530011994395454,0,0,0
9.382404327,1787250885.395083189,1787250885.394983292,-5.86699362328604,5.303032103542355,2.002189789682828,-0.045951766673658676,0.0,0.0,0.0,0.0,-0.005577004431405809,-0.05018434078193176,-0.023167234815114658,0.9984556616059005,2.9128129902452335,0.004436758196303439,0.02616670064101419,17.837182266808856,20.0,0.0,2.0,26.40499031231597,1.3034519113646386,0.8534519113646386,0,0,0
9.392401457,1787250885.405080318,1787250885.404983044,-5.837923004396996,5.303083155594051,2.0024469432199568,-0.04582661181701839,0.0,0.0,0.0,0.0,-0.005997305517488745,-0.04866151767409903,-0.02312208656587474,0.9985296481011585,2.9013636321836476,0.005785869200544212,0.02526125800515206,17.8662540678684,20.0,0.0,2.0,26.37652293468235,1.303637157233609,0.853637157233609,0,0,0
9.402406693,1787250885.415085554,1787250885.414982796,-5.808965257413389,5.30314806932123,2.0026949859437306,-0.0456942820727601,0.0,0.0,0.0,0.0,-0.006430844316584626,-0.047015602636813966,-0.023072129060811564,0.9986069568206875,2.8902422990452488,0.007209451083272158,0.024347094782841902,17.895212949914352,20.0,0.0,2.0,26.348170228053146,1.303181693374119,0.853181693374119,0,0,0
9.412401915,1787250885.425080776,1787250885.424982786,-5.780116989612601,5.303227596901742,2.002933876095471,-0.04555508234207521,0.0,0.0,0.0,0.0,-0.006868424123899606,-0.045252138136988244,-0.023016846759999442,0.9986867844871643,2.879471618576893,0.008708644381192118,0.023429464090279892,17.924062316428135,20.0,0.0,2.0,26.319929018716625,1.3033825680290883,0.8533825680290883,0,0,0
9.422403097,1787250885.435081959,1787250885.434983253,-5.7513745829818745,5.3033224921517625,2.0031635694375427,-0.04540906940987921,0.0,0.0,0.0,0.0,-0.007301096712229506,-0.043373838496407566,-0.022955668671174954,0.9987684623558883,2.8690734960116737,0.010282761225847904,0.022510032344586352,17.952805797481513,20.0,0.0,2.0,26.29179591387738,1.304233098970278,0.854233098970278,0,0,0
9.432417393,1787250885.445096254,1787250885.444983482,-5.72273421326298,5.303433494028296,2.0033840885205634,-0.04525650779777361,0.0,0.0,0.0,0.0,-0.007718680311356936,-0.04140257873977224,-0.022888242616796454,0.9988505277557111,2.8590672073994177,0.011929376588350691,0.02159345428908789,17.981447231239578,20.0,0.0,2.0,26.263767317043573,1.3036361373232421,0.8536361373232422,0,0,0
9.442398071,1787250885.455076933,1787250885.454985142,-5.694191879844543,5.303561307430509,2.0035954519747587,-0.04509745658445393,0.0,0.0,0.0,0.0,-0.008112712066475151,-0.03935314191850965,-0.022814277617585282,0.9989319410554734,2.8494684933975822,0.01364426761702375,0.020680843045595993,18.009990633414944,20.0,0.0,2.0,26.23583945345028,1.3035792041717276,0.8535792041717276,0,0,0
9.452356577,1787250885.465035439,1787250885.464983225,-5.665743449391743,5.303706588970843,2.0037977601800923,-0.044931898447621965,0.0,0.0,0.0,0.0,-0.008476259081492722,-0.03726308456325175,-0.02273374830847557,0.9990109069718219,2.840287625220775,0.015422018641432942,0.019784758004110583,18.038440154158952,20.0,0.0,2.0,26.208008409928258,1.304162103152883,0.854162103152883,0,0,0
9.462353468,1787250885.475032330,1787250885.474982977,-5.637384731596969,5.303869937379389,2.003991232089514,-0.04475852409287745,0.0,0.0,0.0,0.0,-0.008808554832980764,-0.03519736309228294,-0.02264652271475611,0.9990849263210982,2.8315250105033543,0.01725665747656951,0.01891403150174172,18.066800002343417,20.0,0.0,2.0,26.180270207132924,1.3044118861856795,0.8544118861856795,0,0,0
9.472352743,1787250885.485031605,1787250885.484983206,-5.60911159548553,5.304051892615566,2.0041761201518993,-0.044576089432375385,0.0,0.0,0.0,0.0,-0.009111512378220036,-0.03322549527554003,-0.02255275212469256,0.9991518504098759,2.823168157798377,0.019142480031947295,0.018066819172849424,18.095074328451734,20.0,0.0,2.0,26.15262091320045,1.3040904115604723,0.8540904115604724,0,0,0
9.482372046,1787250885.495050907,1787250885.494983196,-5.580920091301436,5.30425294257001,2.004352635047032,-0.04438313020110969,0.0,0.0,0.0,0.0,-0.009394047360801822,-0.031383266139980784,-0.022452546748129538,0.9992110515927519,2.81519428280759,0.021075047924815515,0.017239549891398982,18.123267102113687,20.0,0.0,2.0,26.12505676437362,1.3043997557923461,0.8543997557923462,0,0,0
9.492354393,1787250885.505033255,1787250885.504983187,-5.552806527037726,5.304473540974124,2.0045209703771105,-0.04417909283086884,0.0,0.0,0.0,0.0,-0.009665130401922212,-0.029691617008780237,-0.022346332930175242,0.999262545349465,2.807575211715026,0.02305189394134795,0.016429823999432283,18.151382035797567,20.0,0.0,2.0,26.097574243486488,1.3053347743638524,0.8553347743638524,0,0,0
9.502377510,1787250885.515056372,1787250885.514982700,-5.524767501798053,5.304714126037891,2.004681279238519,-0.0439637078660116,0.0,0.0,0.0,0.0,-0.009935592641394677,-0.028139748474142284,-0.022234430859024632,0.999307294399001,2.8002818429636673,0.0250724776809251,0.015634399678217982,18.179422551422196,20.0,0.0,2.0,26.070170116326576,1.3049575832966538,0.8549575832966538,0,0,0
9.512357235,1787250885.525036097,1787250885.524982929,-5.496799892850103,5.304975140508724,2.004833712084601,-0.04373741855418135,0.0,0.0,0.0,0.0,-0.010211461008566045,-0.026714994970547225,-0.022117279875513814,0.999346216803117,2.7932877217680105,0.0271380690352613,0.014855184210426002,18.207391793717832,20.0,0.0,2.0,26.042841422975126,1.3049880163449978,0.8549880163449979,0,0,0
9.522390842,1787250885.535069704,1787250885.534983158,-5.468900832267171,5.305257042910077,2.0049784411717915,-0.04349929481552128,0.0,0.0,0.0,0.0,-0.010490976961512886,-0.02541269830322141,-0.021994450477473445,0.9993799969558809,2.786568140961691,0.029250275888254147,0.014093410349087336,18.235292653863763,20.0,0.0,2.0,26.015585457184752,1.3056369676049062,0.8556369676049063,0,0,0
9.532388210,1787250885.545067072,1787250885.544982672,-5.44106769486394,5.305560303880525,2.0051156307816584,-0.04324917439352063,0.0,0.0,0.0,0.0,-0.010768759204890737,-0.02422777191682073,-0.021865806109906797,0.9994092932409111,2.7800992125377775,0.031409804001295914,0.013346750597154875,18.263127781417133,20.0,0.0,2.0,25.988399753783238,1.3062160711288575,0.8562160711288576,0,0,0
9.542389393,1787250885.555068254,1787250885.554983139,-5.413298081795823,5.305885396000913,2.005245419663828,-0.04298744040954936,0.0,0.0,0.0,0.0,-0.011041518646487601,-0.023130919691981663,-0.021731315565019425,0.9994352381940492,2.7738603664913333,0.033616409866505374,0.012613136860665956,18.290899600586815,20.0,0.0,2.0,25.961282070501262,1.305963635925197,0.855963635925197,0,0,0
9.552386761,1787250885.565065622,1787250885.564983130,-5.385589769652172,5.30623278567939,2.005367932782674,-0.04271553586787125,0.0,0.0,0.0,0.0,-0.011305509147323907,-0.022091018187936243,-0.021591417771519267,0.9994588451041673,2.7678371173797163,0.035869067751664485,0.011891286798558692,18.318610361148426,20.0,0.0,2.0,25.93423033644126,1.3063232994068954,0.8563232994068954,0,0,0
9.562364817,1787250885.575043678,1787250885.574982882,-5.357940645892755,5.306602924911187,2.005483281737685,-0.04243482670746641,0.0,0.0,0.0,0.0,-0.011558249901361343,-0.021064786426779218,-0.02144638556022306,0.9994812325293627,2.762022202795044,0.03816597066699607,0.011180336176831111,18.34626220291522,20.0,0.0,2.0,25.90724258715455,1.307291194438024,0.8572911944380242,0,0,0
9.572384119,1787250885.585062981,1787250885.584982872,-5.330348630582595,5.306996244559339,2.005591577195813,-0.04214668467793085,0.0,0.0,0.0,0.0,-0.011797519878689966,-0.02001863873691095,-0.02129655391856174,0.9995031412752172,2.7564160021003947,0.04050470500531995,0.0104807545409992,18.373857233937635,20.0,0.0,2.0,25.880316886629497,1.3073604999497817,0.8573604999497817,0,0,0
9.582385302,1787250885.595064163,1787250885.594983101,-5.302811607235906,5.3074131496013095,2.0056929382151183,-0.04184942392840593,0.0,0.0,0.0,0.0,-0.012024617237118661,-0.018916887310940197,-0.02114074287252287,0.9995252017560957,2.751025577290879,0.04288262366685654,0.009793561355650548,18.40139759956096,20.0,0.0,2.0,25.853451258611074,1.3074285668282912,0.8574285668282913,0,0,0
9.592382431,1787250885.605061293,1787250885.604982615,-5.275327358387653,5.307854019403905,2.0057874927116885,-0.041541782709230424,0.0,0.0,0.0,0.0,-0.01224087387233754,-0.017740926038035607,-0.02097812877388909,0.9995475669838332,2.7458634417326886,0.04529726430904652,0.00911971610847813,18.42888554676493,20.0,0.0,2.0,25.826643623592158,1.3080995297754952,0.8580995297754952,0,0,0
9.602386713,1787250885.615065575,1787250885.614982843,-5.247893524904926,5.308319210073761,2.005875380484213,-0.04122334403394935,0.0,0.0,0.0,0.0,-0.012448844675731168,-0.016474436390753727,-0.02080833223550827,0.9995702239069666,2.7409454110646423,0.04774647469680255,0.00846022833465611,18.456323464801436,20.0,0.0,2.0,25.799891759483604,1.3092087242077366,0.8592087242077366,0,0,0
9.612382889,1787250885.625061750,1787250885.624983311,-5.2205075787147415,5.3088090582259655,2.005956747105765,-0.040894595036373466,0.0,0.0,0.0,0.0,-0.012649900698113494,-0.015119793803511932,-0.020631598206271754,0.9995927715840697,2.7362887741233606,0.050228493288886636,0.007815775209245635,18.48371391241499,20.0,0.0,2.0,25.773193275718587,1.3089832704577316,0.8589832704577316,0,0,0
9.622386694,1787250885.635065556,1787250885.634983301,-5.193166822647814,5.3093238842639074,2.006031748886759,-0.040555555789110694,0.0,0.0,0.0,0.0,-0.012845026198642025,-0.01368037183929471,-0.02044794338519726,0.9996147929775803,2.7319101054506825,0.052741812964812375,0.007187162770091319,18.511059617990597,20.0,0.0,2.0,25.746545613805598,1.3093556070085282,0.8593556070085282,0,0,0
9.632384300,1787250885.645063162,1787250885.644983292,-5.165868401282655,5.309863994160929,2.006100543843476,-0.0402067862595828,0.0,0.0,0.0,0.0,-0.013033639340833266,-0.012174975795278858,-0.020257825438877195,0.9996356909986785,2.727823899249867,0.055285033020718494,0.006574704385410431,18.53836346864351,20.0,0.0,2.0,25.719946058337655,1.3103228048253126,0.8603228048253126,0,0,0
9.642385721,1787250885.655064583,1787250885.654983044,-5.1386093326201685,5.310429679506442,2.00616329848138,-0.039848605954316704,0.0,0.0,0.0,0.0,-0.013214104589122784,-0.010618538783161732,-0.020061549273335304,0.9996550246533911,2.7240411832901317,0.05785661608595847,0.005978871337743685,18.56562847849865,20.0,0.0,2.0,25.69339176802722,1.3110128218705785,0.8610128218705786,0,0,0
9.652384281,1787250885.665063143,1787250885.664983273,-5.111386541883824,5.311021214965422,2.0062201747394464,-0.039481648033437955,0.0,0.0,0.0,0.0,-0.013385829541081593,-0.00904200287808499,-0.019859821338729686,0.9996722709207471,2.720568912152718,0.06045477364266605,0.005399164693792654,18.592857754739175,20.0,0.0,2.0,25.66687980827219,1.311085417572437,0.861085417572437,0,0,0
9.662384272,1787250885.675063133,1787250885.674982786,-5.084196921721165,5.311638860397677,2.0062713334951856,-0.0391050954017828,0.0,0.0,0.0,0.0,-0.013557049147812594,-0.00749435247735017,-0.019652966943226182,0.9996868519639925,2.7174060836236893,0.06307862617043095,0.004834956474945388,18.620054437398792,20.0,0.0,2.0,25.64040721050655,1.3117490476451747,0.8617490476451748,0,0,0
9.672384977,1787250885.685063839,1787250885.684983015,-5.057037425007657,5.312282876557444,2.0063169259767646,-0.03871878824760119,0.0,0.0,0.0,0.0,-0.01373658855533889,-0.006026024683482969,-0.019441664650870154,0.9996984619558932,2.7145415604982945,0.06572927783761942,0.004286641001179229,18.647221606872616,20.0,0.0,2.0,25.61397106624339,1.313001152442448,0.8630011524424481,0,0,0
9.682386160,1787250885.695065022,1787250885.694983244,-5.029905156873495,5.31295354618624,2.006357122575844,-0.03832244246868591,0.0,0.0,0.0,0.0,-0.013937089567484759,-0.00465936605598057,-0.019226170055850107,0.9997071582355145,2.7119570360459373,0.06841007604331685,0.0037551792481926704,18.674362192489394,20.0,0.0,2.0,25.587568621481466,1.313309463096225,0.863309463096225,0,0,0
9.692393064,1787250885.705071926,1787250885.704982996,-5.002797421917778,5.3136511967627085,2.0063920826401067,-0.03791701585890813,0.0,0.0,0.0,0.0,-0.014167181931911696,-0.0034049496199210637,-0.019007144318301233,0.9997131717343016,2.7096312208991287,0.07112653507369032,0.003239913625707122,18.70147892593873,20.0,0.0,2.0,25.56119732761039,1.3136697267753261,0.8636697267753262,0,0,0
9.702373266,1787250885.715052128,1787250885.714982986,-4.975711740400505,5.314376219226628,2.0064219759111426,-0.03750342206236194,0.0,0.0,0.0,0.0,-0.014434294383206947,-0.002248727068027172,-0.01878485589504711,0.9997168216856386,2.707543146952879,0.07388572392467595,0.0027411511573444515,18.728574325814648,20.0,0.0,2.0,25.53485486116645,1.3146162964901436,0.8646162964901436,0,0,0
9.712414265,1787250885.725093126,1787250885.724983215,-4.948645825851957,5.315129079594648,2.006446949601446,-0.03708331062946499,0.0,0.0,0.0,0.0,-0.014739584756294282,-0.0011773690200966775,-0.018559908249034408,0.9997184044765756,2.705675057938444,0.07669541515243626,0.002255653381881204,18.75565072056669,20.0,0.0,2.0,25.508539104380556,1.316044249350683,0.866044249350683,0,0,0
9.722401619,1787250885.735080481,1787250885.734982967,-4.921597560243024,5.315910321711467,2.0064671249125867,-0.036656356923527464,0.0,0.0,0.0,0.0,-0.015082068636886718,-0.00018868673778281797,-0.01833207846322929,0.9997181755385691,2.7040106559341948,0.07956333789213525,0.0017809416269066796,18.782710273754788,20.0,0.0,2.0,25.48224812152362,1.3161034339976716,0.8661034339976716,0,0,0
9.732397795,1787250885.745076656,1787250885.744982958,-4.894564988416828,5.316720564379173,2.0064826066662835,-0.03622292109865076,0.0,0.0,0.0,0.0,-0.015456554806990696,0.0007185344704036623,-0.018101520393290365,0.9997164165808046,2.7025336146449037,0.08249665532620491,0.0013180665797532414,18.809754989919018,20.0,0.0,2.0,25.45598015293048,1.3167477394078797,0.8667477394078797,0,0,0
9.742395401,1787250885.755074263,1787250885.754982948,-4.867546311005066,5.3175604949391,2.006493533010237,-0.035782927241615504,0.0,0.0,0.0,0.0,-0.015863441225072366,0.0015659651587810772,-0.017867868483751215,0.9997132780259886,2.7012298191320765,0.08550200389170493,0.000869193324729797,18.83678672186152,20.0,0.0,2.0,25.42973360680936,1.3179761272172419,0.8679761272172419,0,0,0
9.752409697,1787250885.765088558,1787250885.764995098,-4.840539846888384,5.318430865666701,2.0065000359423544,-0.03533737246525335,0.0,0.0,0.0,0.0,-0.016299780179932284,0.0023770322946224994,-0.01763124309867806,0.9997088606941281,2.700089747371034,0.0885857049654595,0.0004343068931856715,18.863807208377814,20.0,0.0,2.0,25.40350702183053,1.319069998798754,0.869069998798754,0,0,0
9.762393475,1787250885.775072336,1787250885.774982929,-4.813543984105021,5.319332489813771,2.0065022701806403,-0.03488648926223509,0.0,0.0,0.0,0.0,-0.01676491442885689,0.0031857957231603254,-0.017391168029824502,0.9997031237444254,2.699109471765673,0.09175362003810458,1.4704931879912024e-05,18.890818123551362,20.0,0.0,2.0,25.377299018371133,1.3194180279708778,0.8694180279708779,0,0,0
9.772399902,1787250885.785078764,1787250885.784982920,-4.786557118373118,5.320266236259055,2.006500378866217,-0.03443109000662282,0.0,0.0,0.0,0.0,-0.01725430454710884,0.004017481464458509,-0.017147561075841505,0.9996960087778828,2.69829106850032,0.09501097918976706,-0.0003898592760135655,18.91782113834662,20.0,0.0,2.0,25.351108237352793,1.3203506752850087,0.8703506752850088,0,0,0
9.782393217,1787250885.795072079,1787250885.794983864,-4.759577601259109,5.32123302310817,2.0064945271759864,-0.03396995302388875,0.0,0.0,0.0,0.0,-0.017767376066875597,0.00489451443295854,-0.016899314697972775,0.9996873397412326,2.6976412134395513,0.09836243823968686,-0.0007781999397192884,18.944817972508407,20.0,0.0,2.0,25.324933288320267,1.3218671892345004,0.8718671892345005,0,0,0
9.792394638,1787250885.805073500,1787250885.804982662,-4.732603700009953,5.322233812490498,2.006484864954376,-0.033502340331437466,0.0,0.0,0.0,0.0,-0.01829958661995964,0.005825103079006472,-0.016645796141105135,0.9996770032237845,2.697169621223365,0.1018121203791038,-0.0011511271661165882,18.971810434814493,20.0,0.0,2.0,25.29877270916589,1.3226516253565537,0.8726516253565537,0,0,0
9.802397490,1787250885.815076351,1787250885.814983130,-4.705633578203875,5.323269604389211,2.006471558247107,-0.03302619621432769,0.0,0.0,0.0,0.0,-0.01884829824066958,0.0068143836471127334,-0.016385751967187973,0.9996648503180506,2.6968872128716885,0.10536343749819861,-0.0015079975555151262,18.998800442449923,20.0,0.0,2.0,25.27262494602717,1.3232974217155344,0.8732974217155345,0,0,0
9.812412977,1787250885.825091839,1787250885.824982882,-4.678665289361518,5.3243414284525885,2.0064547532501416,-0.0325402108535707,0.0,0.0,0.0,0.0,-0.019406720591151113,0.007854667785739325,-0.016118578994339043,0.9996508764569139,2.6968046626115507,0.10901888751829374,-0.0018500011759204713,19.025790027335866,20.0,0.0,2.0,25.246488345409805,1.3245289897525387,0.8745289897525388,0,0,0
9.822403908,1787250885.835082769,1787250885.834983349,-4.651696788293424,5.325450333835868,2.006434609199491,-0.03204172529503287,0.0,0.0,0.0,0.0,-0.019969285161673452,0.008938418659129282,-0.015843028796488978,0.9996350988038383,2.6969310333759497,0.11277980314909658,-0.0021767376208307898,19.0527813245776,20.0,0.0,2.0,25.220361163240792,1.326345797104269,0.876345797104269,0,0,0
9.832404852,1787250885.845083714,1787250885.844986677,-4.624725949635752,5.326597376062643,2.006411263692618,-0.031529084082058324,0.0,0.0,0.0,0.0,-0.020527260458993713,0.010049146442174908,-0.01555861443419488,0.9996177148043749,2.6972730209772338,0.11664614258151648,-0.002489518958502597,19.079776553577943,20.0,0.0,2.0,25.194241580282664,1.326843276268876,0.876843276268876,0,0,0
9.842392445,1787250885.855071306,1787250885.854983568,-4.5977505961695435,5.327783603132634,2.006384866612991,-0.030999685034949893,0.0,0.0,0.0,0.0,-0.02107336407539376,0.011175008099918315,-0.015264338658864588,0.9995989358166706,2.6978344292459604,0.12061636531808861,-0.0027879852672877117,19.10677798920819,20.0,0.0,2.0,25.16812772694246,1.3278008595637025,0.8778008595637026,0,0,0
9.852394581,1787250885.865073442,1787250885.864982843,-4.570768526886807,5.329010038608788,2.0063555297349263,-0.030453184284025905,0.0,0.0,0.0,0.0,-0.021597333658618597,0.012293730056159717,-0.014960662245951509,0.9995792104507313,2.6986158734003496,0.12468707472285591,-0.0030787944362988652,19.13378793306981,20.0,0.0,2.0,25.142017707141225,1.3293466624346189,0.8793466624346189,0,0,0
9.862393141,1787250885.875072002,1787250885.874983072,-4.543777562962943,5.3302776606357005,2.0063232970487626,-0.0298927496748557,0.0,0.0,0.0,0.0,-0.022084457600758698,0.01336582451394816,-0.014650346601194264,0.9995594023428561,2.6996117542466465,0.1288524912129165,-0.0033676495847939046,19.1608086665552,20.0,0.0,2.0,25.115909638787937,1.331012814923633,0.8810128149236331,0,0,0
9.872391701,1787250885.885070562,1787250885.884982824,-4.516775621488859,5.331587376752762,2.0062881884391324,-0.029322536444706785,0.0,0.0,0.0,0.0,-0.022520806822194917,0.014352275187490205,-0.014336763474426991,0.999540535781365,2.7008085407282705,0.13310434717512024,-0.0036526072873263545,19.187842375740065,20.0,0.0,2.0,25.089801720453945,1.3317078901611592,0.8817078901611592,0,0,0
9.882393599,1787250885.895072460,1787250885.894983292,-4.489760786372121,5.332940001303138,2.006250269123381,-0.02874259328178387,0.0,0.0,0.0,0.0,-0.022897959474580017,0.015234013833424456,-0.014020785859725588,0.9995233993450575,2.702186979768541,0.1374322808746078,-0.003930317012312137,19.21489107898871,20.0,0.0,2.0,25.063692295771045,1.3329939813944554,0.8829939813944554,0,0,0
9.892398596,1787250885.905077457,1787250885.904982805,-4.462731349181137,5.334336237118939,2.006209607552224,-0.028153685486430904,0.0,0.0,0.0,0.0,-0.023211994941150487,0.016003708708124575,-0.013703319201659245,0.999508531049783,2.7037252499806925,0.1418246427901042,-0.0042000490584137564,19.241956584760413,20.0,0.0,2.0,25.03757988927995,1.334871044426592,0.8848710444265921,0,0,0
9.902390718,1787250885.915069580,1787250885.914982796,-4.435685820421808,5.335776669060713,2.006166301682181,-0.027556326531107164,0.0,0.0,0.0,0.0,-0.02346353882469559,0.016672060102339823,-0.013384612103404414,0.9994960514762464,2.705401907978192,0.1462694900800187,-0.004459735344112403,19.269040479337246,20.0,0.0,2.0,25.011463215888284,1.3362674896352245,0.8862674896352245,0,0,0
9.912389517,1787250885.925068378,1787250885.924982786,-4.408622912842888,5.337261762603153,2.006120434588078,-0.026952502421659093,0.0,0.0,0.0,0.0,-0.02365714349819348,0.017253524078797856,-0.013065436637961657,0.9994858427380688,2.7071981050869165,0.150755083538045,-0.004712884702300589,19.29614414280264,20.0,0.0,2.0,24.98534116404305,1.3373035685367975,0.8873035685367976,0,0,0
9.922396421,1787250885.935075283,1787250885.934983492,-4.381541514342732,5.338791871400967,2.006072057186477,-0.0263426422336682,0.0,0.0,0.0,0.0,-0.023801018418231245,0.01775923530064526,-0.012745747296817772,0.9994776971046613,2.70909756233238,0.15527093947265305,-0.00496206432942908,19.323268775851407,20.0,0.0,2.0,24.959212770671144,1.338932882567765,0.8889328825677651,0,0,0
9.932401896,1787250885.945080757,1787250885.944987535,-4.354440664321077,5.340367253749271,2.006021212756463,-0.025728349138958776,0.0,0.0,0.0,0.0,-0.023905159333416578,0.018201509821683073,-0.012425974624387853,0.9994712820046854,2.711086332301172,0.1598085830217394,-0.005205079929518386,19.350415423648062,20.0,0.0,2.0,24.933077201417728,1.341154835089405,0.891154835089405,0,0,0
9.942391634,1787250885.955070496,1787250885.954982996,-4.327319524764606,5.34198809377586,2.005967986367035,-0.025110084855712318,0.0,0.0,0.0,0.0,-0.02397951043356467,0.01860470318690807,-0.012105640576541619,0.9994660082088461,2.713154151251082,0.16436150124801197,-0.005438899977536906,19.377585005284185,20.0,0.0,2.0,24.906933726793778,1.3422794070942425,0.8922794070942426,0,0,0
9.952417612,1787250885.965096474,1787250885.964989662,-4.300177336466934,5.343654518524175,2.0059124664455847,-0.02448948077467059,0.0,0.0,0.0,0.0,-0.024033231323596686,0.018993068419721097,-0.0117848352888237,0.9994612472734327,2.715295599585064,0.16892490911485958,-0.005662904280348274,19.404778358139062,20.0,0.0,2.0,24.88078168294446,1.3436675384151067,0.8936675384151067,0,0,0
9.962399244,1787250885.975078106,1787250885.974982977,-4.273013368581337,5.345366615881655,2.0058547661332105,-0.02386708037233877,0.0,0.0,0.0,0.0,-0.02407251901390453,0.019394894825489156,-0.011463038445050353,0.9994563275264412,2.717510474758387,0.17349552500141152,-0.005875584855557188,19.431996288956398,20.0,0.0,2.0,24.85462042614606,1.3456499908911226,0.8956499908911226,0,0,0
9.972388983,1787250885.985067844,1787250885.984983206,-4.245826867496298,5.347124444638932,2.0057949841359473,-0.023243188212877918,0.0,0.0,0.0,0.0,-0.024100828597926158,0.01982900332529902,-0.01113988467284911,0.9994507810079966,2.7198032812005755,0.17807083363985948,-0.0060792560538562215,19.459239625335666,20.0,0.0,2.0,24.828449284981566,1.347916158539176,0.897916158539176,0,0,0
9.982405186,1787250885.995084047,1787250885.994982719,-4.218617019623308,5.348928039880447,2.0057332088726825,-0.022611635686969948,0.0,0.0,0.0,0.0,-0.024113849453510566,0.020302594577701682,-0.010812211089496024,0.9994445572463253,2.7221810921441905,0.18264830068093135,-0.006274610091465986,19.48650925300547,20.0,0.0,2.0,24.802267525141552,1.3490686887557668,0.8990686887557668,0,0,0
9.992388248,1787250886.005067110,1787250886.004983187,-4.191382937843566,5.350777406084496,2.005669516272455,-0.021967299059581863,0.0,0.0,0.0,0.0,-0.02410578606685566,0.02081140255255794,-0.01047770357394326,0.999437849158071,2.7246511970820886,0.18722435558804393,-0.006462499629458256,19.513806128696466,20.0,0.0,2.0,24.7760743346937,1.3508167879754154,0.9008167879754154,0,0,0
10.002387047,1787250886.015065908,1787250886.014982939,-4.1641236685303875,5.352672505468457,2.0056039825930485,-0.02130638058418012,0.0,0.0,0.0,0.0,-0.024066208044928664,0.02134483343542042,-0.010134981778035314,0.9994310870992114,2.7272193549533137,0.19179388780928386,-0.006643289013381968,19.541131272059797,20.0,0.0,2.0,24.749868828408957,1.3531597869968042,0.9031597869968042,0,0,0
10.012404680,1787250886.025083542,1787250886.024983168,-4.136838213436683,5.354613238968838,2.0055366705774946,-0.020627714232862266,0.0,0.0,0.0,0.0,-0.02398691072969371,0.02188661519303621,-0.009784098509856424,0.9994247723592743,2.7298886007164485,0.19634991263135682,-0.006817861420157076,19.568485742208157,20.0,0.0,2.0,24.723650064973796,1.3551253605870852,0.9051253605870853,0,0,0
10.022397757,1787250886.035076618,1787250886.034983158,-4.109525559775835,5.356599429916987,2.0054676466698864,-0.019929789803614463,0.0,0.0,0.0,0.0,-0.02385779612820475,0.022420685798565834,-0.009424987355864662,0.9994194755084418,2.7326587608915696,0.20088374254222074,-0.006986050899665039,19.59587060607088,20.0,0.0,2.0,24.69741707274733,1.3566438908265899,0.9066438908265899,0,0,0
10.032385111,1787250886.045063972,1787250886.044982910,-4.082184712831932,5.358630805838621,2.0053969691988387,-0.019213469621621952,0.0,0.0,0.0,0.0,-0.023673802882067947,0.022930898682549272,-0.009058667837764786,0.9994156620144177,2.7355264517940934,0.2053851584697564,-0.007148161411778966,19.6232869040531,20.0,0.0,2.0,24.67116887752818,1.3587583210082388,0.9087583210082388,0,0,0
10.042389870,1787250886.055068731,1787250886.054982901,-4.054814725590984,5.360706987882145,2.005324705901745,-0.01848004000274049,0.0,0.0,0.0,0.0,-0.023429415310120744,0.023406213554472845,-0.008686250827499612,0.999413708487046,2.738485626222905,0.20984299355528968,-0.007303538382167336,19.650735619058207,20.0,0.0,2.0,24.644904529028516,1.3614674288315756,0.9114674288315756,0,0,0
10.052384615,1787250886.065063477,1787250886.064983130,-4.027414722504702,5.362827480822684,2.00525090832585,-0.017732591907153233,0.0,0.0,0.0,0.0,-0.023125355019267255,0.023835565758223327,-0.008309590075445438,0.9994138454479188,2.7415280398748285,0.21424536677363268,-0.007456080328009023,19.6782176514707,20.0,0.0,2.0,24.618623121700793,1.3631133047306667,0.9131133047306668,0,0,0
10.062383413,1787250886.075062275,1787250886.074983120,-3.9999839239377475,5.364991671257442,2.0051755831910913,-0.016972053361485915,0.0,0.0,0.0,0.0,-0.022761669062348635,0.024200693519896115,-0.007929611952349936,0.9994165068223244,2.7446425915408836,0.21858056950803215,-0.007608932981622621,19.705733794080714,20.0,0.0,2.0,24.59232381798421,1.3650014833405835,0.9150014833405835,0,0,0
10.072386980,1787250886.085065842,1787250886.084983349,-3.9725216775291603,5.367198831552046,2.0050987320492535,-0.016201330062222175,0.0,0.0,0.0,0.0,-0.022342591772891125,0.024487267377360903,-0.007547989356791055,0.9994219380151356,2.7478150224002986,0.2228375806899648,-0.007761034179814602,19.733284700426424,20.0,0.0,2.0,24.566005879550048,1.3674844424239718,0.9174844424239719,0,0,0
10.082385063,1787250886.095063925,1787250886.094983339,-3.9450274846171065,5.369448125274612,2.0050203695764517,-0.015423859249053616,0.0,0.0,0.0,0.0,-0.021862266267281202,0.024689058070597406,-0.007166669976080264,0.9994304030630142,2.751029103262974,0.2270052774333729,-0.007911020675801732,19.760870858310636,20.0,0.0,2.0,24.53966869403893,1.3701973718087026,0.9201973718087026,0,0,0
10.092400074,1787250886.105078936,1787250886.104983330,-3.9175010120378846,5.371738599540339,2.0049405231222277,-0.014645241579844252,0.0,0.0,0.0,0.0,-0.02131936423524361,0.024808349334832613,-0.006788346208754743,0.9994418186506087,2.7542682564889596,0.23107168935212577,-0.008057523733129368,19.78849257694784,20.0,0.0,2.0,24.513311784648632,1.3718591313695139,0.9218591313695139,0,0,0
10.102390051,1787250886.115068913,1787250886.114983320,-3.889942087310454,5.374069178914785,2.0048592358702617,-0.013870914754542552,0.0,0.0,0.0,0.0,-0.020706467413889568,0.024854738461930544,-0.00641559799250525,0.9994560141825278,2.7575171472456494,0.23502402296739808,-0.008199006392360531,19.816149990781568,20.0,0.0,2.0,24.486934803829215,1.374114581882773,0.924114581882773,0,0,0
10.112405062,1787250886.125083923,1787250886.124983311,-3.862350680252496,5.376438654376626,2.004776558847995,-0.01310628915478276,0.0,0.0,0.0,0.0,-0.020027559966372302,0.02484140661325529,-0.006050630890104871,0.9994724564614575,2.760762760819054,0.23884874180838994,-0.008335810407579589,19.843843076432904,20.0,0.0,2.0,24.460537512637295,1.3769617508250047,0.9269617508250048,0,0,0
10.122385025,1787250886.135063887,1787250886.134983301,-3.834726879535711,5.378845689756556,2.0046925348247417,-0.012349986590685053,0.0,0.0,0.0,0.0,-0.019299165726760933,0.02477566251342521,-0.0056920762339308754,0.9994905247261823,2.763994186384582,0.24253440750943722,-0.008468094120991476,19.871571676206376,20.0,0.0,2.0,24.434119758979612,1.3792909104019417,0.9292909104019418,0,0,0
10.132382870,1787250886.145061731,1787250886.144983053,-3.8070708751642535,5.381288854450216,2.004607215934539,-0.011601742768459862,0.0,0.0,0.0,0.0,-0.018543995527808912,0.02466582996271341,-0.00533895788780901,0.9995094859933983,2.767202073795439,0.2460737608910251,-0.008594722520775923,19.899335517994345,20.0,0.0,2.0,24.407681467451244,1.3813146360684736,0.9313146360684736,0,0,0
10.142371178,1787250886.155050039,1787250886.154982805,-3.779382942754944,5.383766662967141,2.0045206611373207,-0.010863966037088217,0.0,0.0,0.0,0.0,-0.01776942110243307,0.0245187135513435,-0.004992062737666782,0.9995289688993986,2.7703786010246803,0.2494625464334159,-0.008715135311272479,19.92713423429352,20.0,0.0,2.0,24.381222632506315,1.3839276263589757,0.9339276263589757,0,0,0
10.152384520,1787250886.165063381,1787250886.164983273,-3.7516634288622033,5.386277593460848,2.0044329362588544,-0.010141141440279508,0.0,0.0,0.0,0.0,-0.016982346307154176,0.02434299335595482,-0.004653214711668668,0.9995485812011454,2.7735174699118033,0.2526977737759628,-0.008828632723433132,19.954967378529275,20.0,0.0,2.0,24.35474330808462,1.3871271162208252,0.9371271162208252,0,0,0
10.162395954,1787250886.175074816,1787250886.174982786,-3.723912734689972,5.388820097407463,2.0043441136066793,-0.009437088302299002,0.0,0.0,0.0,0.0,-0.01617747591838606,0.02414588229518836,-0.004324253378535658,0.9995681900069726,2.776613987502014,0.25577665367019103,-0.008934604058350445,19.982834442293203,20.0,0.0,2.0,24.328243593747796,1.389032739313859,0.9390327393138591,0,0,0
10.172401428,1787250886.185080290,1787250886.184982777,-3.696131301224295,5.391392593133279,2.004254268693649,-0.008754697897779832,0.0,0.0,0.0,0.0,-0.015352125728356173,0.023935306306504343,-0.004006499032760305,0.9995875956178804,2.779664915802011,0.2586954735473455,-0.009033215142923065,20.010734869741103,20.0,0.0,2.0,24.301723618643933,1.3914044754231014,0.9414044754231015,0,0,0
10.182408094,1787250886.195086956,1787250886.194983244,-3.668319595026525,5.393993456238913,2.0041634756451767,-0.008088544481987354,0.0,0.0,0.0,0.0,-0.014492876654236325,0.023715552329155357,-0.003697447611747726,0.9996068517097942,2.7826682712829114,0.26144902184816443,-0.009123964840562543,20.03866807102386,20.0,0.0,2.0,24.275183525419415,1.3943596170453747,0.9443596170453747,0,0,0
10.192386389,1787250886.205065250,1787250886.204983234,-3.6404780982681557,5.39662099850752,2.0040718193268123,-0.007434576605272641,0.0,0.0,0.0,0.0,-0.013593150744610956,0.02349112946937462,-0.0033951201479126988,0.9996258631349374,2.7856229101142973,0.26403000347998995,-0.009205749302852295,20.066633430327833,20.0,0.0,2.0,24.248623455692105,1.397213397210595,0.9472133972105949,0,0,0
10.202408791,1787250886.215087652,1787250886.214982748,-3.6126073009601094,5.399273451019898,2.003979392044609,-0.006794382878708968,0.0,0.0,0.0,0.0,-0.012640758622248545,0.02326408545415383,-0.003100527256879647,0.9996446269950963,2.7885283208916407,0.26642934069082186,-0.00927812828070726,20.094630312113473,20.0,0.0,2.0,24.222043538558097,1.3993359041818154,0.9493359041818155,0,0,0
10.212404966,1787250886.225083828,1787250886.224982738,-3.5847076962262014,5.401948944567373,2.0038862895890066,-0.006172276173730298,0.0,0.0,0.0,0.0,-0.011633802761751372,0.023037156412916676,-0.002815791932110597,0.9996629508856986,2.7913844371084156,0.2686364448821485,-0.00934061752682327,20.12265806404077,20.0,0.0,2.0,24.19544388142922,1.4020377306115137,0.9520377306115138,0,0,0
10.222422600,1787250886.235101461,1787250886.234983206,-3.5567797753694057,5.404645501887276,2.0037926145676748,-0.005572956730863712,0.0,0.0,0.0,0.0,-0.010567202902759407,0.022811586505384684,-0.002543328570624933,0.9996806976348503,2.794191616796773,0.27064013353412725,-0.009392656068778942,20.150716021196853,20.0,0.0,2.0,24.168824563272594,1.405315391458779,0.9553153914587791,0,0,0
10.232427120,1787250886.245105982,1787250886.244982719,-3.5288240248378413,5.407361031718164,2.003698472389281,-0.0050018692354745565,0.0,0.0,0.0,0.0,-0.009447074941741377,0.0225895587732822,-0.0022856629156727177,0.9996975744466471,2.7969505294387336,0.27242921295495515,-0.009433862229576555,20.178803508674292,20.0,0.0,2.0,24.14218563009216,1.407661030470291,0.957661030470291,0,0,0
10.242384911,1787250886.255063772,1787250886.254982710,-3.500840922167116,5.410093336628745,2.0036039751772607,-0.004465416770038838,0.0,0.0,0.0,0.0,-0.008276298628259536,0.022372534373523125,-0.0020458941181554727,0.9997133523685571,2.7996622367449393,0.2739934796010567,-0.00946372598739319,20.206919846539098,20.0,0.0,2.0,24.115527092491185,1.4100981929610281,0.9600981929610282,0,0,0
10.252411127,1787250886.265089989,1787250886.264982939,-3.4728309332379776,5.412840122522677,2.003509229739435,-0.003967835342502639,0.0,0.0,0.0,0.0,-0.007070123150101905,0.02216126631494326,-0.0018257803568886106,0.9997277420178201,2.802327983509138,0.2753242445725851,-0.00948411812566319,20.235064353805267,20.0,0.0,2.0,24.088848924908355,1.4131056877289743,0.9631056877289743,0,0,0
10.262402773,1787250886.275081635,1787250886.274983168,-3.4447945133129467,5.41559902627231,2.0034143186901447,-0.003503511886228831,0.0,0.0,0.0,0.0,-0.005850361618207022,0.021948870156216743,-0.0016220778988932662,0.9997406609871841,2.8049484329051593,0.27641660708666377,-0.00949676080025562,20.26323635054351,20.0,0.0,2.0,24.06215107263693,1.416311689083412,0.966311689083412,0,0,0
10.272393942,1787250886.285072803,1787250886.284982681,-3.4167321175773564,5.418367659901047,2.003319322867711,-0.003067100775011751,0.0,0.0,0.0,0.0,-0.004642967019306716,0.021728714564699405,-0.0014315699988619141,0.9997520974861527,2.8075229371578994,0.27727065910657916,-0.009500862883895447,20.291435152127928,20.0,0.0,2.0,24.035433471900287,1.418470231314251,0.968470231314251,0,0,0
10.282410860,1787250886.295089722,1787250886.294982910,-3.388644214796863,5.4211436557322505,2.0032243316734415,-0.002660042888824685,0.0,0.0,0.0,0.0,-0.003452627466129605,0.021491970214668626,-0.0012548862584637285,0.9997622716627941,2.8100493220078087,0.27788960427324877,-0.009495903939758736,20.319660060609415,20.0,0.0,2.0,24.00869607327211,1.4211926831243884,0.9711926831243884,0,0,0
10.292398930,1787250886.305077791,1787250886.304983139,-3.3605313035127278,5.423924680983372,2.003129435632455,-0.0022858648493253447,0.0,0.0,0.0,0.0,-0.0022826234356641602,0.021233630914155793,-0.0010936827592756793,0.9997713370598671,2.81252397141148,0.2782772348473831,-0.009481614542009704,20.347910350653514,20.0,0.0,2.0,23.981938860749896,1.4244750176859706,0.9744750176859707,0,0,0
10.302414179,1787250886.315093040,1787250886.314983368,-3.332393922709789,5.4267084396330745,2.003034732374262,-0.0019487686240011158,0.0,0.0,0.0,0.0,-0.001120848255485005,0.02094963737989468,-0.0009502567072069894,0.9997794523818888,2.814942404359406,0.2784365453189764,-0.009457441991308765,20.376185259660907,20.0,0.0,2.0,23.955161862590078,1.4270793778338615,0.9770793778338616,0,0,0
10.312405825,1787250886.325084686,1787250886.324982882,-3.3042326593079983,5.429492654251511,2.002940314996885,-0.0016512715247642706,0.0,0.0,0.0,0.0,3.563177365074557e-05,0.020640237913618915,-0.0008258435741569128,0.9997866258815613,2.8172996715740775,0.27836859902375516,-0.009424868477383072,20.404483979103095,20.0,0.0,2.0,23.928365154501904,1.4295019446715662,0.9795019446715663,0,0,0
10.322425365,1787250886.335104227,1787250886.334982872,-3.2760481499569796,5.432275060177971,2.002846257886208,-0.001389748747855293,0.0,0.0,0.0,0.0,0.0011760554815406765,0.020304005713823105,-0.0007183285773531941,0.9997929026801162,2.8195907343018183,0.27807533276976854,-0.009385430294225644,20.432805652726618,20.0,0.0,2.0,23.90154886005782,1.4324781457418554,0.9824781457418554,0,0,0
10.332407951,1787250886.345086813,1787250886.344982862,-3.247841081754665,5.435053426099741,2.0027526311091606,-0.0011606194522058393,0.0,0.0,0.0,0.0,0.0022841831945387596,0.019942831133139334,-0.0006255271727198729,0.9997983170166296,2.8218106679644555,0.2775616818777525,-0.009338488473578432,20.46114937830634,20.0,0.0,2.0,23.874713156058156,1.4358532923943192,0.9858532923943193,0,0,0
10.342383146,1787250886.355062008,1787250886.354983091,-3.219612189861075,5.4378255803421105,2.002659515983547,-0.0009662352759207974,0.0,0.0,0.0,0.0,0.003363107748308361,0.019555163037289335,-0.0005486222186597412,0.9998029726493712,2.8239546180434822,0.27683395066689187,-0.009283203435689657,20.48951421299844,20.0,0.0,2.0,23.847858276222485,1.4379617896982446,0.9879617896982447,0,0,0
10.352405310,1787250886.365084171,1787250886.364982843,-3.1913622590410653,5.44058940980884,2.002566995507021,-0.0008099616018037509,0.0,0.0,0.0,0.0,0.004416709284884948,0.01914320609406198,-0.0004893283517903647,0.9998068768003635,2.8260176941143786,0.2758975735873915,-0.009219274189546533,20.517899172126384,20.0,0.0,2.0,23.820984512518876,1.4406175927399856,0.9906175927399856,0,0,0
10.362396002,1787250886.375074863,1787250886.374983072,-3.163092120743005,5.443342848325665,2.0024751615748237,-0.0006961720487916876,0.0,0.0,0.0,0.0,0.005461370067779942,0.018707848291741,-0.00045009830312665904,0.9998099755757558,2.827995355332838,0.2747560458649511,-0.0091460441828276,20.546303231282224,20.0,0.0,2.0,23.79409220972445,1.4438167817658605,0.9938167817658605,0,0,0
10.372402668,1787250886.385081530,1787250886.384983063,-3.134802650344031,5.446083849427351,2.0023841043637445,-0.000627582581150293,0.0,0.0,0.0,0.0,0.006506285604402871,0.018253366657093397,-0.00043242496931134364,0.9998121302834656,2.829883516038066,0.2734100867434321,-0.009063826139121055,20.574725326805066,20.0,0.0,2.0,23.76718175655903,1.4465045505069456,0.9965045505069456,0,0,0
10.382412672,1787250886.395091534,1787250886.394982815,-3.106494760967747,5.448810366159047,2.002293914189582,-0.0006045377993721191,0.0,0.0,0.0,0.0,0.007558018692187151,0.01777941898599804,-0.0004365364169883327,0.9998132715912135,2.831678514624211,0.2718589441136937,-0.008972875653410097,20.60316436034518,20.0,0.0,2.0,23.74025357503653,1.4488267399144161,0.9988267399144162,0,0,0
10.392383099,1787250886.405061960,1787250886.404983282,-3.07816940235524,5.451520340692655,2.002204673474048,-0.0006264315928485223,0.0,0.0,0.0,0.0,0.008612891058398329,0.017288896829805007,-0.0004620220892068755,0.9998133319223212,2.833376843172101,0.2701015518991527,-0.008873841505875378,20.63161919941352,20.0,0.0,2.0,23.713308116949364,1.4516861681711128,1.001686168171113,0,0,0
10.402410269,1787250886.415089130,1787250886.414983034,-3.049827556773893,5.4542117087986135,2.0021164641645655,-0.0006965420853801808,0.0,0.0,0.0,0.0,0.009666892851419126,0.016782269076971813,-0.0005104029370628057,0.9998123054434114,2.8349753808576645,0.2681376862213553,-0.008766787819675296,20.6600886822701,20.0,0.0,2.0,23.686345860871608,1.4550666509963037,1.0050666509963038,0,0,0
10.412404776,1787250886.425083637,1787250886.424983025,-3.021470236569088,5.456882409991291,2.0020293626856844,-0.0008173237397799988,0.0,0.0,0.0,0.0,0.010709088720858545,0.01626392486144652,-0.0005827278975897559,0.9998102122878458,2.8364714025594315,0.26596856444584716,-0.008652144470777254,20.688571621737893,20.0,0.0,2.0,23.659367312082153,1.4570420192682416,1.0070420192682417,0,0,0
10.422409058,1787250886.435087919,1787250886.434982777,-2.9930984770783655,5.459530406249492,2.0019434465627697,-0.0009920903376036308,0.0,0.0,0.0,0.0,0.011731436971736479,0.01573671424170289,-0.0006805447251171325,0.9998071144327442,2.837862942793519,0.2635973526128521,-0.008529940451595,20.71706681435635,20.0,0.0,2.0,23.632372999983957,1.4595480172882243,1.0095480172882243,0,0,0
10.432397842,1787250886.445076704,1787250886.444982767,-2.964713329921359,5.4621537000806555,2.001858787059521,-0.0012221472703418303,0.0,0.0,0.0,0.0,0.012722376044593654,0.015206983821347473,-0.0008044178793780844,0.9998031014668401,2.839148866669286,0.2610291172845094,-0.008400664979070093,20.745573049058272,20.0,0.0,2.0,23.605363475783673,1.4625806120806206,1.0125806120806207,0,0,0
10.442388535,1787250886.455067396,1787250886.454983234,-2.936315851871743,5.464750354619532,2.0017754569652575,-0.0015099069134296443,0.0,0.0,0.0,0.0,0.013675805626581633,0.014679572256723006,-0.0009555750322778403,0.9997982643389522,2.8403291880190427,0.25827072992612354,-0.008264308419120524,20.77408912028622,20.0,0.0,2.0,23.57833930639274,1.4652015519292771,1.0152015519292772,0,0,0
10.452404499,1787250886.465083361,1787250886.464982986,-2.9079070949045094,5.4673185083702025,2.0016935142726062,-0.0018538894561302111,0.0,0.0,0.0,0.0,0.01458189207745288,0.014160161098410909,-0.001133288482297427,0.9997927654860903,2.8414048979751714,0.2553305404214798,-0.008124052197444505,20.802613839403424,20.0,0.0,2.0,23.55130106827931,1.4673407898773982,1.0173407898773983,0,0,0
10.462391853,1787250886.475070715,1787250886.474984884,-2.8794880983564966,5.469856395278355,2.0016129781226137,-0.00224599628082956,0.0,0.0,0.0,0.0,0.015425896985202787,0.013645282231498926,-0.0013333525502222277,0.9997870123911401,2.8423772471469477,0.25221941107542684,-0.007983107693514232,20.831146044380013,20.0,0.0,2.0,23.524249344655026,1.4700003967552118,1.0200003967552118,0,0,0
10.472405910,1787250886.485084772,1787250886.484982967,-2.8510598922695745,5.472362372434638,2.001533856318824,-0.002676678426614211,0.0,0.0,0.0,0.0,0.0161940660422841,0.013131277579197805,-0.0015508621711147394,0.9997814344148838,2.8432468602147334,0.24895108850239783,-0.007840794182652731,20.85968459870724,20.0,0.0,2.0,23.497184735368723,1.473176313940671,1.023176313940671,0,0,0
10.482410192,1787250886.495089054,1787250886.494982719,-2.8226235065347614,5.474834944098913,2.001456170838985,-0.0031434607392479596,0.0,0.0,0.0,0.0,0.01688471755937442,0.012605146766573674,-0.001784459435460839,0.9997763911457684,2.8440127741210426,0.24554087054655319,-0.007695918370592415,20.88822838400856,20.0,0.0,2.0,23.470107871643734,1.4750091721661371,1.0250091721661372,0,0,0
10.492391109,1787250886.505069971,1787250886.504983187,-2.794179993274988,5.477272767399022,2.0013799466157987,-0.0036440256734719158,0.0,0.0,0.0,0.0,0.01750106838307483,0.01205763451922383,-0.0020329609041770964,0.9997720705866981,2.8446716817650595,0.24200387004527865,-0.007548366835982233,20.9167762777861,20.0,0.0,2.0,23.44301943945279,1.4772848762086035,1.0272848762086035,0,0,0
10.502417564,1787250886.515096426,1787250886.514982939,-2.7657304472170905,5.479674644562847,2.0013052142101135,-0.004177952120985853,0.0,0.0,0.0,0.0,0.018055240101578322,0.011476619574100119,-0.0022961606125046006,0.9997684847775846,2.8452182317069052,0.23835369914706847,-0.007397621612954614,20.945327131884408,20.0,0.0,2.0,23.415920197788434,1.4800720105204561,1.0300720105204562,0,0,0
10.512388945,1787250886.525067806,1787250886.524983168,-2.737276026592659,5.482039501880022,2.001231999348325,-0.0047429513520264146,0.0,0.0,0.0,0.0,0.018556272629722998,0.010860311665642578,-0.002573032864858256,0.999765521449151,2.845645429439048,0.23460166987833175,-0.007245405573704526,20.973879749340934,20.0,0.0,2.0,23.388810994307953,1.4825087188812074,1.0325087188812074,0,0,0
10.522388697,1787250886.535067558,1787250886.534982681,-2.70881795699409,5.4843663750952265,2.0011603056716543,-0.005337455936541928,0.0,0.0,0.0,0.0,0.01899790285837505,0.01021913775930293,-0.0028629723054580452,0.9997631981124422,2.845947220886967,0.23075884586020856,-0.007093321703246134,21.002432878840516,20.0,0.0,2.0,23.361692765860987,1.484393019839153,1.034393019839153,0,0,0
10.532404423,1787250886.545083284,1787250886.544983149,-2.6803575108878706,5.486654418214682,2.001090132364546,-0.0059580424545294264,0.0,0.0,0.0,0.0,0.01937176951222604,0.009570047114451918,-0.003164594511305442,0.9997615386109687,2.8461204954558794,0.22683789471707544,-0.006941406377292692,21.030985235278724,20.0,0.0,2.0,23.334566520828943,1.4867845764728607,1.0367845764728607,0,0,0
10.542390823,1787250886.555069685,1787250886.554983139,-2.6518959770544237,5.488902919443113,2.0010214775187376,-0.006603646059219716,0.0,0.0,0.0,0.0,0.019671752046068715,0.008922586399978191,-0.0034776207685282582,0.9997606292394011,2.8461648366275996,0.22285290675731736,-0.0067895185107977015,21.059535530888656,20.0,0.0,2.0,23.307433313382703,1.4896801497481447,1.0396801497481447,0,0,0
10.552411556,1787250886.565090418,1787250886.564983368,-2.6234346393316796,5.491111312389923,2.000954342575027,-0.007271654264071424,0.0,0.0,0.0,0.0,0.019896400624924183,0.008286577580328514,-0.0038010703183651243,0.9997604801844353,2.8460816770490247,0.2188187265611314,-0.006637458151076897,21.088082496602656,20.0,0.0,2.0,23.280294225716712,1.4912957599005525,1.0412957599005526,0,0,0
10.562402725,1787250886.575081587,1787250886.574983120,-2.594974759197245,5.4932791792607265,2.000888729898183,-0.00796127700022638,0.0,0.0,0.0,0.0,0.020047889569467254,0.007665606989223703,-0.004134785774075388,0.99976108352941,2.8458738324050272,0.2147501033335178,-0.006484956800399741,21.116624898902728,20.0,0.0,2.0,23.253150352154456,1.4932878989468397,1.0432878989468397,0,0,0
10.572402716,1787250886.585081577,1787250886.584982872,-2.5665175668972084,5.495406246164401,2.0008246411538453,-0.00867169594853546,0.0,0.0,0.0,0.0,0.02013339835008311,0.007061046324542811,-0.004478577605736599,0.9997623368772746,2.8455446828698787,0.21066093076312345,-0.006333168323266125,21.145161547524825,20.0,0.0,2.0,23.2260027897074,1.4957812634341834,1.0457812634341834,0,0,0
10.582413912,1787250886.595092773,1787250886.594982862,-2.538064263093824,5.497492369673014,2.0007620647806625,-0.009411708755740805,0.0,0.0,0.0,0.0,0.020164089055917864,0.006456157729089853,-0.004836704168768247,0.9997641391011712,2.8450961420027063,0.20656321634751565,-0.006181984762124082,21.173691292080697,20.0,0.0,2.0,23.198852636772852,1.4979762568533939,1.047976256853394,0,0,0
10.592391253,1787250886.605070114,1787250886.604982615,-2.509616046544934,5.499537513911754,2.000701003480267,-0.010187587356157463,0.0,0.0,0.0,0.0,0.020153944986908423,0.005835299204228345,-0.005212168751613431,0.999766273226681,2.844526737302357,0.20246643517314045,-0.006030272932432149,21.202212992034454,20.0,0.0,2.0,23.171701014841396,1.4995685097339428,1.049568509733943,0,0,0
10.602411985,1787250886.615090847,1787250886.614982843,-2.481174148242889,5.501541724106165,2.0006414612635486,-0.011002490703286589,0.0,0.0,0.0,0.0,0.02011761525975906,0.005175709375735815,-0.005606247526051895,0.9997685049937285,2.843831230959424,0.19837727936297986,-0.0058780167058154744,21.23072548022477,20.0,0.0,2.0,23.14454909556844,1.5016598727403776,1.0516598727403776,0,0,0
10.612405062,1787250886.625083923,1787250886.624983072,-2.4527398718950355,5.503505098065251,2.0005834456745815,-0.01185489505934977,0.0,0.0,0.0,0.0,0.02006928504097479,0.0044638011742243735,-0.006018025980888579,0.9997705144883572,2.843000656838686,0.19429960646490846,-0.005725001452810998,21.259227520055944,20.0,0.0,2.0,23.117398133436733,1.5042477987437948,1.0542477987437948,0,0,0
10.622418404,1787250886.635097265,1787250886.634982824,-2.4243146236433986,5.505427759045301,2.000526964332509,-0.012744025286048401,0.0,0.0,0.0,0.0,0.020020982948490057,0.0036862257618712046,-0.0064469266405833125,0.9997719785622619,2.8420234667204536,0.19023470832947081,-0.005571092001536712,21.28771777371493,20.0,0.0,2.0,23.090249488212663,1.5056241933765704,1.0556241933765704,0,0,0
10.632401228,1787250886.645080090,1787250886.644982815,-2.3958999347165575,5.507309832357303,2.0004720271681884,-0.013665565365429285,0.0,0.0,0.0,0.0,0.019982074754453228,0.002842426770872982,-0.0068908135989230405,0.9997725511267573,2.840886648033055,0.18618179671658291,-0.005416164421874462,21.316194777856044,20.0,0.0,2.0,23.06310464135794,1.5073154828528805,1.0573154828528806,0,0,0
10.642396212,1787250886.655075073,1787250886.654982805,-2.3674974654847545,5.509151427422455,2.000418644668196,-0.01461543739159751,0.0,0.0,0.0,0.0,0.019958552880790258,0.0019344066400640112,-0.007347678954279584,0.9997719369195359,2.8395774347763174,0.18213859109462735,-0.005260174909204131,21.34465693835975,20.0,0.0,2.0,23.035965195624016,1.5095014498515333,1.0595014498515334,0,0,0
10.652414083,1787250886.665092945,1787250886.664983273,-2.339108998551735,5.510952626664313,2.0003668215485013,-0.015586924336181987,0.0,0.0,0.0,0.0,0.019949628525154212,0.0009766943587452587,-0.00781440884944094,0.9997699702452418,2.838084587325127,0.17810219942037359,-0.005104909824671221,21.37310253659835,20.0,0.0,2.0,23.00883286559906,1.511458729863069,1.061458729863069,0,0,0
10.662390947,1787250886.675069809,1787250886.674982786,-2.310736412201097,5.512713490888681,2.0003165388873536,-0.016576044130393618,0.0,0.0,0.0,0.0,0.0199349706539636,-1.1318287431481786e-05,-0.008289348630729094,0.9997669145936968,2.836400354709116,0.17407181005155928,-0.0049519348465148945,21.401529756430527,20.0,0.0,2.0,22.98170945311812,1.5127516244527202,1.0627516244527202,0,0,0
10.672401428,1787250886.685080290,1787250886.684983015,-2.2823816406927477,5.514434094289642,2.000267773784205,-0.017576507345795214,0.0,0.0,0.0,0.0,0.019891621955377643,-0.0010056347824528705,-0.008769862281931561,0.9997631727515395,2.8345214754904964,0.1700510132752582,-0.004801758636413923,21.429936726022326,20.0,0.0,2.0,22.954596817052746,1.514536596637451,1.0645365966374511,0,0,0
10.682415009,1787250886.695093870,1787250886.694983006,-2.2540466313729524,5.516114571156232,2.0002204926939546,-0.018582682523364324,0.0,0.0,0.0,0.0,0.019791757157075464,-0.001997820844577573,-0.009253432235855267,0.9997593055592755,2.8324480362792843,0.1660483846270359,-0.004654894915016042,21.458321563368234,20.0,0.0,2.0,22.927496842919005,1.5168108481926785,1.0668108481926786,0,0,0
10.692403078,1787250886.705081940,1787250886.704983234,-2.225733323085765,5.517755166636041,2.000174666770001,-0.019586960494535614,0.0,0.0,0.0,0.0,0.019615452798134352,-0.002979524374092017,-0.009736635309748914,0.9997557473597606,2.830181694893789,0.16207726739420034,-0.004510815434647141,21.486682400445247,20.0,0.0,2.0,22.9004114342597,1.5179733126184385,1.0679733126184385,0,0,0
10.702415705,1787250886.715094566,1787250886.714983225,-2.1974436326243296,5.519356277641927,2.000130268894369,-0.02058371339226226,0.0,0.0,0.0,0.0,0.019345990459745704,-0.003953554467456673,-0.010216879648835503,0.9997528281682656,2.8277247906121863,0.15815456699421507,-0.004368995096967853,21.51501739848704,20.0,0.0,2.0,22.873342509568854,1.5193584338917114,1.0693584338917115,0,0,0
10.712414503,1787250886.725093365,1787250886.724983215,-2.169179455544548,5.520918482611381,2.000087282814662,-0.021567204982577734,0.0,0.0,0.0,0.0,0.018980429810893304,-0.004916833391361184,-0.010691630464893265,0.9997505974349791,2.8250794536461923,0.1542992308606669,-0.004228391320115804,21.543324748030344,20.0,0.0,2.0,22.84629201055166,1.521230734394689,1.071230734394689,0,0,0
10.722401619,1787250886.735080481,1787250886.734982967,-2.140942660551691,5.522442548141741,2.0000457017639177,-0.022539171830862327,0.0,0.0,0.0,0.0,0.0185270753826394,-0.00586027416526901,-0.011162141137685011,0.99974887410274,2.8222490977856154,0.1505295650977308,-0.004087633964022827,21.571602673983165,20.0,0.0,2.0,22.819261898612158,1.5229929821713626,1.0729929821713626,0,0,0
10.732398272,1787250886.745077133,1787250886.744987488,-2.112735071577924,5.523929411736098,2.000005532631384,-0.023499969394870347,0.0,0.0,0.0,0.0,0.018004044107646836,-0.006772281323677035,-0.011628901249109,0.9997473477120014,2.8192393778488887,0.1468611325382914,-0.0039462128357603396,21.59984945172188,20.0,0.0,2.0,22.79225413362325,1.5239826234121132,1.0739826234121133,0,0,0
10.742383957,1787250886.755062819,1787250886.754983187,-2.0845584496843563,5.525380149754979,1.9999667791130318,-0.02444821534226237,0.0,0.0,0.0,0.0,0.01742490775338254,-0.00765827993808222,-0.012091164244464053,0.9997457312163875,2.8160565990389816,0.14330629361641428,-0.0038043284622046062,21.62806342279948,20.0,0.0,2.0,22.765270648905858,1.5254583051991515,1.0754583051991515,0,0,0
10.752389908,1787250886.765068769,1787250886.764982700,-2.0564144996032185,5.5267959477814115,1.9999294488873203,-0.02538007245139165,0.0,0.0,0.0,0.0,0.01680707663541389,-0.008524082428107259,-0.012546871909096211,0.9997436862511445,2.8127057598758984,0.139874399885908,-0.0036616294696865167,21.656242986383166,20.0,0.0,2.0,22.738313350635696,1.5274179384408089,1.077417938440809,0,0,0
10.762387037,1787250886.775065899,1787250886.774982929,-2.0283048844765146,5.528178069093612,1.9998935497362276,-0.02629323100905532,0.0,0.0,0.0,0.0,0.016162741093108952,-0.009384740331951316,-0.01299457275713379,0.9997408831932996,2.809189830155249,0.13657182765903178,-0.0035179867623588586,21.684386582646653,20.0,0.0,2.0,22.71138412467173,1.5284401815823765,1.0784401815823765,0,0,0
10.772395372,1787250886.785074234,1787250886.784982681,-2.0002312518152694,5.529527828593232,1.9998590887553918,-0.027186249949616294,0.0,0.0,0.0,0.0,0.015506184715529524,-0.010250550274265162,-0.013433296782237264,0.9997369809065797,2.805509178377141,0.13340245346441945,-0.0033744878645408285,21.7124926654236,20.0,0.0,2.0,22.684484855521674,1.5295278525657872,1.0795278525657872,0,0,0
10.782413244,1787250886.795092106,1787250886.794982672,-1.9721952572738735,5.530846567855745,1.999826060475514,-0.02806954208914838,0.0,0.0,0.0,0.0,0.014844773627462964,-0.011138063583447152,-0.013867955558407214,0.9997315920006682,2.801661526316564,0.13036794599530996,-0.003230931151507662,21.740559677270873,20.0,0.0,2.0,22.65761744339385,1.531099065471839,1.081099065471839,0,0,0
10.792390108,1787250886.805068970,1787250886.804982662,-1.9441985940050277,5.5321356377993345,1.999794475652719,-0.02895094676043654,0.0,0.0,0.0,0.0,0.014187108971658804,-0.01205481185986506,-0.014302305911577806,0.9997243877667791,2.797642020475375,0.12746848242789607,-0.003085794113447623,21.76858601939948,20.0,0.0,2.0,22.630783828457684,1.5327730336467322,1.0827730336467323,0,0,0
10.802415133,1787250886.815093994,1787250886.814982891,-1.9162430107045139,5.533396384728952,1.9997643492687707,-0.029831347683913306,0.0,0.0,0.0,0.0,0.013535768625954256,-0.013009179043508127,-0.014736677999128485,0.9997151467042343,2.7934443352805705,0.12470317111680931,-0.0029392782907971694,21.79657003319471,20.0,0.0,2.0,22.603986004913317,1.5334824304185426,1.0834824304185426,0,0,0
10.812410116,1787250886.825088978,1787250886.824983120,-1.8883303246732384,5.534630143542487,1.9997356933635195,-0.030706993428717345,0.0,0.0,0.0,0.0,0.012895084117537793,-0.013998674786988408,-0.015169216185617168,0.9997037805220723,2.7890614685236983,0.1220705340286233,-0.00279176320924402,21.82450998708607,20.0,0.0,2.0,22.57722603194815,1.5346745349073243,1.0846745349073244,0,0,0
10.822394848,1787250886.835073709,1787250886.834982634,-1.8604624199662845,5.535838231183828,1.999708516007685,-0.0315741904601767,0.0,0.0,0.0,0.0,0.012264918654791115,-0.015020258593683536,-0.015598141910720863,0.9996902828231868,2.7844870577357255,0.11956862740882683,-0.0026436612821109,21.852404078344144,20.0,0.0,2.0,22.550506030276964,1.5363470882838974,1.0863470882838975,0,0,0
10.832406282,1787250886.845085144,1787250886.844982862,-1.8326412386287956,5.537021944870926,1.9996828203753554,-0.03242720422955301,0.0,0.0,0.0,0.0,0.011647557553147413,-0.01606147585301617,-0.0160207265094976,0.9996747969807868,2.7797162047907964,0.11719534103563965,-0.002495465434707679,21.8802504420093,20.0,0.0,2.0,22.523828173142768,1.5373685352542679,1.087368535254268,0,0,0
10.842375278,1787250886.855054140,1787250886.854982853,-1.8048687590977202,5.538182558911848,1.999658605661382,-0.033259993595535824,0.0,0.0,0.0,0.0,0.011042226878361884,-0.01711076157598561,-0.0164340911425962,0.9996575472191331,2.774746474916171,0.114948325596115,-0.0023475849440895446,21.908047172583384,20.0,0.0,2.0,22.497194664532312,1.5381903023911478,1.088190302391148,0,0,0
10.852402449,1787250886.865081310,1787250886.864982843,-1.7771469710106245,5.5393213241668535,1.9996358645181895,-0.03406689578707119,0.0,0.0,0.0,0.0,0.010450403452416459,-0.018149208178959354,-0.016835567598380074,0.9996389142954565,2.7695783245438808,0.11282514100916406,-0.0022009374883405403,21.935792349429306,20.0,0.0,2.0,22.470607714567077,1.5394909971753654,1.0894909971753655,0,0,0
10.862382174,1787250886.875061035,1787250886.874982834,-1.7494778393226347,5.540439466438482,1.9996145817223752,-0.03484985518030163,0.0,0.0,0.0,0.0,0.009868894730780753,-0.01915476333462766,-0.01722636766334807,0.9996194036809781,2.7642163147640577,0.11082338473067578,-0.0020558688882098227,21.963484072804068,20.0,0.0,2.0,22.444069504281142,1.5412339050818948,1.0912339050818949,0,0,0
10.872401714,1787250886.885080576,1787250886.884982824,-1.7218632611679148,5.541538189890917,1.999594742275462,-0.035610094952120704,0.0,0.0,0.0,0.0,0.009295859685731857,-0.020105462561213108,-0.017607284804741438,0.9995995902808822,2.7586694738838657,0.10894106537198775,-0.0019122516291200371,21.991120507333356,20.0,0.0,2.0,22.41758214462768,1.5416932753404113,1.0916932753404114,0,0,0
10.882412672,1787250886.895091534,1787250886.894983053,-1.6943050262392367,5.542618682526648,1.9995763318469402,-0.0363454003522775,0.0,0.0,0.0,0.0,0.008721460672655659,-0.020994516714753515,-0.01797737727724109,0.9995799019077369,2.752949736333034,0.10717724237774356,-0.001770089854487771,22.018699922041865,20.0,0.0,2.0,22.39114763943325,1.5426292530754782,1.0926292530754782,0,0,0
10.892385006,1787250886.905063868,1787250886.904983282,-1.6668048002340943,5.543682132050449,1.9995593359054846,-0.03705171221576682,0.0,0.0,0.0,0.0,0.008139207608216773,-0.021819404003758407,-0.01833469201463651,0.9995606564772143,2.7470698491588177,0.10553265556059248,-0.0016292692973320423,22.046220707715346,20.0,0.0,2.0,22.364767873305716,1.54403906798044,1.0940390679804401,0,0,0
10.902409315,1787250886.915088177,1787250886.914982796,-1.6393641220634827,5.544729740332107,1.999543742976065,-0.037725686245394165,0.0,0.0,0.0,0.0,0.00753991114543462,-0.022588205763875765,-0.01867761474050465,0.9995419297897878,2.7410420570526215,0.10400952388267964,-0.0014895001981959004,22.07368138040766,20.0,0.0,2.0,22.338444612567415,1.5452312807686015,1.0952312807686015,0,0,0
10.912436724,1787250886.925115585,1787250886.924983263,-1.6119844164897499,5.54576273894782,1.9995295400207957,-0.03836487339626404,0.0,0.0,0.0,0.0,0.006921542933120297,-0.023307147625742153,-0.019004869065577846,0.9995237286151726,2.734877025491973,0.10261131249389352,-0.0013515232636933518,22.101080569541068,20.0,0.0,2.0,22.31217952143247,1.5458092677038775,1.0958092677038775,0,0,0
10.922389507,1787250886.935068369,1787250886.934982777,-1.5846670059050658,5.546782394568235,1.999516705061456,-0.03897323705756427,0.0,0.0,0.0,0.0,0.006285652579256982,-0.023977484900495276,-0.019318348611275474,0.9995060641118856,2.728584694143742,0.10134146563290769,-0.0012157955639209548,22.128417006459085,20.0,0.0,2.0,22.285974174849812,1.546858465134833,1.096858465134833,0,0,0
10.932420969,1787250886.945099831,1787250886.944983244,-1.557413113807229,5.547790004702843,1.9995052179589974,-0.039554094310000176,0.0,0.0,0.0,0.0,0.005638787298024433,-0.024598895347438088,-0.01961950580618063,0.9994889561257867,2.7221749810898275,0.10020252447172313,-0.0010819205387928481,22.155689520912603,20.0,0.0,2.0,22.259830060906527,1.5483758550085929,1.098375855008593,0,0,0
10.942387104,1787250886.955065966,1787250886.954982996,-1.5302238669107826,5.548786887956861,1.9994950609235522,-0.04010695084056904,0.0,0.0,0.0,0.0,0.004979671661452677,-0.025179840821179418,-0.019908006707192765,0.9994722856364305,2.7156570163348572,0.09919646084884216,-0.0009497701623557745,22.18289703873734,20.0,0.0,2.0,22.23374858053001,1.549081844642693,1.099081844642693,0,0,0
10.952399731,1787250886.965078592,1787250886.964983940,-1.5031003095422228,5.549774383654972,1.9994862167042855,-0.04062956266343082,0.0,0.0,0.0,0.0,0.004310206271995431,-0.02572865070981308,-0.0201825831746085,0.99945591298013,2.70903817157385,0.09832531041755521,-0.0008193751842374475,22.210038567623894,20.0,0.0,2.0,22.207731061404743,1.5497775698872662,1.0997775698872663,0,0,0
10.962422848,1787250886.975101709,1787250886.974982738,-1.476043421462535,5.550753850633402,1.9994786674060445,-0.0411195916143335,0.0,0.0,0.0,0.0,0.0036281448489977873,-0.026256988080768776,-0.02044202503485202,0.9994396083577815,2.702323861151913,0.09759110721725754,-0.0006907909740083511,22.237113179442172,20.0,0.0,2.0,22.181778774991276,1.5509389719448086,1.1009389719448086,0,0,0
10.972405910,1787250886.985084772,1787250886.984982967,-1.4490541386000284,5.551726669632393,1.9994723888818515,-0.041575544536332325,0.0,0.0,0.0,0.0,0.002933165256334685,-0.026770930475395943,-0.02068555114159924,0.9994232445751045,2.6955176667412184,0.09699609553280389,-0.0005659346781842383,22.264119989799138,20.0,0.0,2.0,22.15589295725352,1.5525019312306196,1.1025019312306197,0,0,0
10.982399940,1787250886.995078802,1787250886.994982958,-1.4221333633929767,5.552694248829936,1.9994673304262311,-0.042001220278641484,0.0,0.0,0.0,0.0,0.0022091485015101587,-0.02726730541442093,-0.020915504228190017,0.9994069018178809,2.688622937754561,0.09654407772950006,-0.00044656516745292816,22.291058148103673,20.0,0.0,2.0,22.130074820111215,1.5528520859750041,1.1028520859750042,0,0,0
10.992390156,1787250887.005069017,1787250887.004982948,-1.3952819600405066,5.553658049915531,1.9994634379614746,-0.04239967728084569,0.0,0.0,0.0,0.0,0.0014444178489088878,-0.027737325140030782,-0.021133773892444536,0.9993907734476125,2.6816442346375804,0.0962417600811014,-0.0003332151851308848,22.31792684345125,20.0,0.0,2.0,22.104325553450508,1.5536653061847772,1.1036653061847772,0,0,0
11.002377987,1787250887.015056849,1787250887.014982939,-1.3685007360440564,5.554619614265869,1.9994606432798054,-0.042768726520575305,0.0,0.0,0.0,0.0,0.0006214820286854884,-0.028167480540060654,-0.02133979660383639,0.9993752147622135,2.6745884227630223,0.09609860173840055,-0.00022671537377358305,22.344725324239498,20.0,0.0,2.0,22.078646313947967,1.5549387891790454,1.1049387891790454,0,0,0
11.012370586,1787250887.025049448,1787250887.024982691,-1.3417904170242285,5.5555805919675505,1.9994588812798728,-0.043104824062117804,0.0,0.0,0.0,0.0,-0.0002659213363410677,-0.028544213114815614,-0.021531989879589566,0.999360560856453,2.6674650772655424,0.09612647191794663,-0.0001270558871820912,22.371452924644114,20.0,0.0,2.0,22.05303820816631,1.5561419324265027,1.1061419324265027,0,0,0
11.022361755,1787250887.035040617,1787250887.034982681,-1.315151618808803,5.556542756807185,1.9994580787860379,-0.04340368306800475,0.0,0.0,0.0,0.0,-0.001223847159887215,-0.02885365991236704,-0.021708339898211478,0.999347145133589,2.660286518483531,0.0963382764178297,-3.441425231341518e-05,22.398109093389543,20.0,0.0,2.0,22.027502269542783,1.5566165939129055,1.1066165939129056,0,0,0
11.032370567,1787250887.045049429,1787250887.044982910,-1.2885848222295966,5.557508013601569,1.9994581717061106,-0.043661503494141954,0.0,0.0,0.0,0.0,-0.0022452249969615637,-0.02908629108747245,-0.021866625550820282,0.9993351776668867,2.653067346312678,0.09674684428010234,5.17085895140835e-05,22.424693419620777,20.0,0.0,2.0,22.00203943610882,1.5575499385913447,1.1075499385913448,0,0,0
11.042344332,1787250887.055023193,1787250887.054982901,-1.2620903532747123,5.5584783869919265,1.999459091930942,-0.04387360060559507,0.0,0.0,0.0,0.0,-0.0033218060058359373,-0.029234677987128116,-0.02200407715210722,0.9993248319723336,2.6458237846014616,0.09736331744203013,0.00013150843356774322,22.45120565284555,20.0,0.0,2.0,21.976650528732886,1.5589394834316017,1.1089394834316018,0,0,0
11.052369356,1787250887.065048218,1787250887.064983845,-1.2356683714050722,5.559456001706074,1.9994607852319457,-0.044038308307335114,0.0,0.0,0.0,0.0,-0.004434218124670363,-0.029297992427337056,-0.022119054547053953,0.9993161225434597,2.6385727551883016,0.0981961720841867,0.0002062069844439096,22.477645714481564,20.0,0.0,2.0,21.95133623508947,1.5598639496208486,1.1098639496208487,0,0,0
11.062377453,1787250887.075056314,1787250887.074983358,-1.2093188674491837,5.560443047066139,1.9994632011750566,-0.04416273196614073,0.0,0.0,0.0,0.0,-0.005562270706618931,-0.029278726080142783,-0.022214250207750513,0.9993089334292062,2.631330902793812,0.09924986862067953,0.00027642459106892205,22.50401369929461,20.0,0.0,2.0,21.926097098867256,1.5604709647064425,1.1104709647064426,0,0,0
11.072368622,1787250887.085047483,1787250887.084982634,-1.1830416710374554,5.561441735922261,1.999466300972308,-0.04425437004997423,0.0,0.0,0.0,0.0,-0.0066828866942656275,-0.02918441218556659,-0.022292489249423883,0.9993030841711031,2.624113705531451,0.10052451033334588,0.00034268877476767716,22.530309867081964,20.0,0.0,2.0,21.900933516720283,1.5615339144741793,1.1115339144741794,0,0,0
11.082381725,1787250887.095060587,1787250887.094983101,-1.1568364633523889,5.56245426482905,1.9994700420488472,-0.044313580589000506,0.0,0.0,0.0,0.0,-0.007791430322052665,-0.02901828808346709,-0.022353582687511527,0.9992985289248024,2.616935476164781,0.10201740528219702,0.00040506843435723027,22.55653462901797,20.0,0.0,2.0,21.875845740592695,1.56305044881803,1.11305044881803,0,0,0
11.092357874,1787250887.105036736,1787250887.104983091,-1.1307027870734199,5.56348280027129,1.9994743906458599,-0.04433924704477464,0.0,0.0,0.0,0.0,-0.00888345233057046,-0.028787008225554325,-0.022396654406911708,0.9992951427398663,2.6098095479412606,0.10372516705378068,0.0004638019717869768,22.58268853771094,20.0,0.0,2.0,21.85083388387757,1.5637843210236506,1.1137843210236507,0,0,0
11.102375031,1787250887.115053892,1787250887.114983082,-1.104640056699794,5.56452947368092,1.9994793056285285,-0.044328743239006825,0.0,0.0,0.0,0.0,-0.009966291990841094,-0.02849302544733812,-0.022420416447879263,0.9992928226756731,2.602748305425603,0.10564462943716649,0.0005187761315749458,22.608772277165087,20.0,0.0,2.0,21.825897930152696,1.5645364409446803,1.1145364409446803,0,0,0
11.112401962,1787250887.125080824,1787250887.124983072,-1.0786475669196904,5.565596391603221,1.9994847563606066,-0.044281645574587095,0.0,0.0,0.0,0.0,-0.011039605347274243,-0.02814341635537783,-0.02242451076098375,0.9992913571860585,2.5957632319745803,0.10777367354043112,0.0005706671795071178,22.634786655276667,20.0,0.0,2.0,21.80103774388073,1.5657420778319933,1.1157420778319933,0,0,0
11.122406721,1787250887.135085583,1787250887.134982824,-1.0527245041740119,5.566685635717002,1.9994907081675704,-0.04420354049257533,0.0,0.0,0.0,0.0,-0.012094398404314397,-0.02774418526268802,-0.022411360531452495,0.9992906066958083,2.58886447126863,0.11010920149538171,0.0006193110939518543,22.660732592728987,20.0,0.0,2.0,21.776253081623686,1.5673988373416714,1.1173988373416714,0,0,0
11.132395983,1787250887.145074844,1787250887.144983053,-1.0268699610957472,5.567799245849935,1.9994971311132046,-0.04410033033132614,0.0,0.0,0.0,0.0,-0.013117518906467564,-0.02730347029570063,-0.02238349992009284,0.9992904633483087,2.5820606178889034,0.11264574567747748,0.0006643576484457615,22.68661110826926,20.0,0.0,2.0,21.7515436016802,1.5680295669961168,1.1180295669961169,0,0,0
11.142389536,1787250887.155068398,1787250887.154983282,-1.0010829480178418,5.56893919894126,1.9995039815321765,-0.04397190241722851,0.0,0.0,0.0,0.0,-0.014112321824795973,-0.026815575535588314,-0.02234079974933013,0.9992910766878532,2.5753599479203184,0.11537681836922657,0.0007052522805001756,22.712423306615367,20.0,0.0,2.0,21.726908869810835,1.568939651097254,1.118939651097254,0,0,0
11.152409077,1787250887.165087938,1787250887.164982796,-0.9753623874010382,5.570107411606505,1.9995112228533574,-0.04381732164443199,0.0,0.0,0.0,0.0,-0.015081989500384935,-0.026277004019819902,-0.0222827224946319,0.9992925161986753,2.5687717476646754,0.11829674044653958,0.0007419818549393568,22.738170384346844,20.0,0.0,2.0,21.70234835446466,1.570300778462315,1.1203007784623151,0,0,0
11.162402153,1787250887.175081015,1787250887.174983025,-0.9497071024186106,5.571305748754137,1.9995188063004325,-0.043634318312057524,0.0,0.0,0.0,0.0,-0.016038582721623007,-0.025675648854869653,-0.022208157778194387,0.9992949127501161,2.5623068112494987,0.12140123560444077,0.0007742240987483469,22.76385364186916,20.0,0.0,2.0,21.677861417925364,1.572091850375241,1.122091850375241,0,0,0
11.172392845,1787250887.185071707,1787250887.184983253,-0.9241157984094963,5.572536043841039,1.9995266941353147,-0.04342200956307378,0.0,0.0,0.0,0.0,-0.0169899043021713,-0.025005342116001618,-0.022116599193075116,0.999298219781061,2.555977774565126,0.12468804520256246,0.0008023153100545862,22.789474503078452,20.0,0.0,2.0,21.653447303586,1.5727210197872112,1.1227210197872113,0,0,0
11.182384253,1787250887.195063114,1787250887.194983006,-0.8985870447340805,5.573800116897929,1.9995348379957232,-0.04318089843591439,0.0,0.0,0.0,0.0,-0.017951780775498506,-0.02424958419528823,-0.022008217854626724,0.9993024214822095,2.5497994892755718,0.12815711579479533,0.0008259967043614015,22.815034534597128,20.0,0.0,2.0,21.629105123093606,1.5738008198939388,1.1238008198939389,0,0,0
11.192391634,1787250887.205070496,1787250887.204982996,-0.8731192487278159,5.575099801626906,1.999543201677455,-0.04291230899890486,0.0,0.0,0.0,0.0,-0.018932067896810095,-0.02340182118646012,-0.021883460505289675,0.9993072829348443,2.5437892227975922,0.13181086487839946,0.0008457998429717699,22.84053547347715,20.0,0.0,2.0,21.60483383824964,1.5753292250374236,1.1253292250374236,0,0,0
11.202386141,1787250887.215065002,1787250887.214982748,-0.8477106371273029,5.576436963025637,1.9995517421979423,-0.04261443473228916,0.0,0.0,0.0,0.0,-0.01994011919046577,-0.022450439989603905,-0.02174108706461394,0.9993126110102845,2.537965948327067,0.1356532965891554,0.0008620122451073476,22.865979247116538,20.0,0.0,2.0,21.58063224775689,1.577158838889138,1.127158838889138,0,0,0
11.212383509,1787250887.225062370,1787250887.224983215,-0.8223592397152087,5.577813512977901,1.9995604334968928,-0.042285922058354714,0.0,0.0,0.0,0.0,-0.0209745624022318,-0.02139742428869017,-0.021580014210207096,0.9993180279333161,2.5323496707004813,0.1396893233881116,0.0008755424035973448,22.89136799100149,20.0,0.0,2.0,21.55649897563449,1.5779719927875564,1.1279719927875564,0,0,0
11.222386837,1787250887.235065699,1787250887.234983206,-0.7970628876768304,5.579231409776288,1.9995692453330414,-0.04192427657237828,0.0,0.0,0.0,0.0,-0.022032979379888365,-0.02024150389286297,-0.021398495169831475,0.9993232378686425,2.526960178777864,0.14392339303025117,0.0008866979458950423,22.916704050983835,20.0,0.0,2.0,21.532432469727354,1.5792341998172434,1.1292341998172435,0,0,0
11.232386351,1787250887.245065212,1787250887.244983196,-0.7718192175565973,5.580692651839982,1.9995781624606264,-0.041528098300233414,0.0,0.0,0.0,0.0,-0.02310336427913596,-0.018995212713212882,-0.02119543367698862,0.999327859135434,2.5218161751598975,0.14835866827826857,0.0008962305793927729,22.941989979660136,20.0,0.0,2.0,21.508431004122574,1.5809438935961102,1.1309438935961103,0,0,0
11.242382288,1787250887.255061150,1787250887.254983187,-0.7466256906721643,5.582199256588407,1.9995871654226174,-0.04109478833078202,0.0,0.0,0.0,0.0,-0.024173499047859526,-0.01766648080455041,-0.020969130307231246,0.9993316931699525,2.5169341420577735,0.152995881880098,0.0009043417662116643,22.967228516380754,20.0,0.0,2.0,21.48449269262709,1.5828861658766225,1.1328861658766225,0,0,0
11.252400398,1787250887.265079260,1787250887.264983177,-0.7214796156406602,5.583753236129315,1.9995962508477947,-0.040624450077892185,0.0,0.0,0.0,0.0,-0.025224189079658628,-0.016279489681938437,-0.020719610529720187,0.9993344866662343,2.512327609117076,0.15783295101126238,0.0009128690960606631,22.992422563781847,20.0,0.0,2.0,21.46061550437008,1.5838989394414154,1.1338989394414154,0,0,0
11.262385607,1787250887.275064468,1787250887.274983168,-0.6963781952974715,5.585356561962709,1.9996054258795324,-0.040122931271148916,0.0,0.0,0.0,0.0,-0.026233636191296858,-0.014872778077473005,-0.02045031557674977,0.9993359702308591,2.5080037391375196,0.16286378263308393,0.0009223056825415215,23.01757513902087,20.0,0.0,2.0,21.436797300033724,1.5853607481043268,1.1353607481043269,0,0,0
11.272381306,1787250887.285060167,1787250887.284982920,-0.6713186022725464,5.5870111237666515,1.999614701333056,-0.03959668237311395,0.0,0.0,0.0,0.0,-0.02718031405576182,-0.013489435692551694,-0.020165410901361015,0.9993360905399674,2.5039612240930373,0.16807810991881428,0.0009331079774270912,23.042689295653574,20.0,0.0,2.0,21.413035894104468,1.5872703226942586,1.1372703226942587,0,0,0
11.282385111,1787250887.295063972,1787250887.294983149,-0.6462980574074356,5.58871869219299,1.9996240952112627,-0.0390465603515709,0.0,0.0,0.0,0.0,-0.02805570145995471,-0.012146740908908603,-0.01986602021094238,0.9993351167360528,2.500192654928219,0.17346281336180222,0.0009460239402307079,23.0677680425027,20.0,0.0,2.0,21.38932912078071,1.5893931962040906,1.1393931962040906,0,0,0
11.292381525,1787250887.305060387,1787250887.304982901,-0.6213138692913533,5.59048090039943,1.9996336270432469,-0.03847356783423032,0.0,0.0,0.0,0.0,-0.028855691513321197,-0.010855940236178047,-0.019553318393588346,0.9993333604802132,2.4966880311205557,0.17900362396153163,0.0009605138936421855,23.09281430219229,20.0,0.0,2.0,21.36567486712713,1.5906237483365981,1.1406237483365982,0,0,0
11.302382708,1787250887.315061569,1787250887.314982653,-0.5963634511843806,5.592299237573068,1.9996433099408955,-0.03787888458390493,0.0,0.0,0.0,0.0,-0.029585251589526584,-0.009606967223410989,-0.01922808245090071,0.9993311262611678,2.4934371736211522,0.18468634625397765,0.0009763059074279695,23.117830892838267,20.0,0.0,2.0,21.34207108748052,1.5923034302117995,1.1423034302117996,0,0,0
11.312380791,1787250887.325059652,1787250887.324982882,-0.571444307300392,5.594175056820124,1.9996531589195292,-0.03726469075593411,0.0,0.0,0.0,0.0,-0.030249406315106475,-0.008395822048248628,-0.018891694151339088,0.9993285683306617,2.4904318432409873,0.19049794430128844,0.0009938722799160823,23.14282054123037,20.0,0.0,2.0,21.318515792029448,1.594430826669309,1.144430826669309,0,0,0
11.322383642,1787250887.335062504,1787250887.334982634,-0.546554025370072,5.596109585082908,1.9996631945380394,-0.03662992948991519,0.0,0.0,0.0,0.0,-0.030850986752034005,-0.00723327964559291,-0.018544297672224062,0.999325775363489,2.4876630919679688,0.19642614194556593,0.0010135529592788558,23.167785889913777,20.0,0.0,2.0,21.295007042007423,1.5967884012321758,1.1467884012321758,0,0,0
11.332385540,1787250887.345064402,1787250887.344983339,-0.5216902958763739,5.598103928760304,1.999673434690721,-0.035974438599832466,0.0,0.0,0.0,0.0,-0.03139265196489526,-0.006133729479335869,-0.018186594346740855,0.9993228339987796,2.485119175138422,0.20245910871617445,0.0010347021302209317,23.192729477384308,20.0,0.0,2.0,21.271542969510065,1.5982511513211013,1.1482511513211013,0,0,0
11.342382908,1787250887.355061769,1787250887.354983091,-0.49685093474695174,5.600159080784289,1.999683893356057,-0.035297211198245686,0.0,0.0,0.0,0.0,-0.031883411948099454,-0.005091495441171565,-0.017818266574084793,0.9993197857007612,2.4827874578449545,0.20858619567650624,0.0010572429677267016,23.217653714996384,20.0,0.0,2.0,21.248121801026347,1.6001622106373465,1.1501622106373466,0,0,0
11.352394342,1787250887.365073204,1787250887.364982843,-0.47203387639325034,5.602275936675566,1.999694581857309,-0.03459924736909545,0.0,0.0,0.0,0.0,-0.0323323132586509,-0.004097977149827107,-0.017439836753019543,0.9993166065850462,2.480656928539904,0.21479854360974499,0.0010805043410845791,23.242560894251362,20.0,0.0,2.0,21.224741854734706,1.6025200075504182,1.1525200075504183,0,0,0
11.362382650,1787250887.375061512,1787250887.374983072,-0.4472371527661612,5.604455312272092,1.9997055049961383,-0.03388127208176333,0.0,0.0,0.0,0.0,-0.03274942676494883,-0.003131330489878808,-0.017051194008246298,0.9993132274711586,2.4787195680938074,0.22108913182155093,0.001104187915705089,23.267453208325065,20.0,0.0,2.0,21.201401524791773,1.60515054865386,1.15515054865386,0,0,0
11.372383118,1787250887.385061979,1787250887.384982824,-0.42245885467643585,5.60669796191035,1.9997166614426245,-0.03314430642047796,0.0,0.0,0.0,0.0,-0.03314200586598575,-0.002174547061868526,-0.016652439646528603,0.9993095491618568,2.4769714234287408,0.22745253790615072,0.0011266454737451602,23.292332791482536,20.0,0.0,2.0,21.17809924868902,1.6068549470855351,1.1568549470855352,0,0,0
11.382363081,1787250887.395041943,1787250887.394982815,-0.3976970953042599,5.609004591804245,1.9997280340898256,-0.03238173629189875,0.0,0.0,0.0,0.0,-0.0335151726543923,-0.0012080846528564706,-0.016239706535394097,0.9993055316894138,2.475412081666734,0.233884591096358,0.0011478467797312736,23.31720175603698,20.0,0.0,2.0,21.154833475511698,1.6090062628250061,1.1590062628250062,0,0,0
11.392382860,1787250887.405061722,1787250887.404982805,-0.3729499754183669,5.611375870920934,1.9997396159963143,-0.031588767968523924,0.0,0.0,0.0,0.0,-0.03387043192445757,-0.0002223538909017673,-0.015810319589341496,0.9993011448980136,2.474044078835081,0.24038179449889752,0.001168284506321356,23.342062227501465,20.0,0.0,2.0,21.131602635234575,1.6116029192510037,1.1616029192510038,0,0,0
11.402380705,1787250887.415059566,1787250887.414982557,-0.3482155614921085,5.613812432851533,1.999751395656127,-0.030763702643665108,0.0,0.0,0.0,0.0,-0.034206034731450556,0.0007925740012344192,-0.015363121697975265,0.9992963992260238,2.472871783258091,0.24694052154564083,0.001187428379327182,23.366916366092,20.0,0.0,2.0,21.108405118103835,1.61453255447227,1.16453255447227,0,0,0
11.412381887,1787250887.425060749,1787250887.424983263,-0.32349186959403575,5.616314872469088,1.9997633576819347,-0.029907906625679874,0.0,0.0,0.0,0.0,-0.0345177551201537,0.0018359173965700384,-0.014898858448381961,0.999291337901872,2.471900519335796,0.25355654780628406,0.0012045275845033456,23.391766381951157,20.0,0.0,2.0,21.085239258215022,1.6164855985567224,1.1664855985567224,0,0,0
11.422380447,1787250887.435059309,1787250887.434983015,-0.29877686374434514,5.618883737253738,1.9997754779599763,-0.029021704491465388,0.0,0.0,0.0,0.0,-0.034798566086035175,0.002907844152631072,-0.014417751500544066,0.9992861115228253,2.4711354403666714,0.260224557198593,0.001219104070973095,23.416614535350014,20.0,0.0,2.0,21.06210332961234,1.6188842148981004,1.1688842148981005,0,0,0
11.432384014,1787250887.445062876,1787250887.444983244,-0.2740684588397036,5.621519514688245,1.9997877293215185,-0.028107414886771407,0.0,0.0,0.0,0.0,-0.03504124885360293,0.0039994513688454475,-0.013921376186681086,0.999280896721536,2.4705808832235765,0.2669378390656342,0.0012305625131458567,23.441463131803573,20.0,0.0,2.0,21.03899554571935,1.6217268657264228,1.1717268657264228,0,0,0
11.442399263,1787250887.455078125,1787250887.454996347,-0.24936453486831833,5.624222617619843,1.9998000776760754,-0.027167264526687007,0.0,0.0,0.0,0.0,-0.03523699919781243,0.005105003402406451,-0.013411204723985265,0.9992759540865808,2.470239636364506,0.2736881427162103,0.0012385301299656063,23.466314505558852,20.0,0.0,2.0,21.01591406906914,1.6249726177893953,1.1749726177893953,0,0,0
11.452414036,1787250887.465092897,1787250887.464985371,-0.22466295151321586,5.62699336839,1.9998124848743255,-0.026204983872532533,0.0,0.0,0.0,0.0,-0.035378614201950646,0.006208993457979961,-0.012889850419510566,0.999271561595521,2.4701126256850063,0.2804656426569916,0.0012419317473892457,23.491171002375943,20.0,0.0,2.0,20.992857021029277,1.6271802963953628,1.1771802963953628,0,0,0
11.462378740,1787250887.475057602,1787250887.474982738,-0.19996157820729693,5.629831982899906,1.9998248981812492,-0.02522186294154439,0.0,0.0,0.0,0.0,-0.035455287535918235,0.007286232683726006,-0.012359121574570451,0.9992682750457601,2.4701966715531505,0.28725880894183237,0.0012398855610813875,23.51603494674574,20.0,0.0,2.0,20.96982250633978,1.629831992758931,1.1798319927589311,0,0,0
11.472342014,1787250887.485020876,1787250887.484982967,-0.17525834259522002,5.6327385527733735,1.9998372628744439,-0.024221045096939692,0.0,0.0,0.0,0.0,-0.03545961219905333,0.00830980999859671,-0.011821839883982593,0.9992666346187276,2.4704832289076304,0.2940543774526826,0.0012318566803020607,23.540908590447877,20.0,0.0,2.0,20.946808654800876,1.632926011169664,1.182926011169664,0,0,0
11.482338190,1787250887.495017052,1787250887.494982719,-0.15055127932658915,5.635713028602384,1.9998495147648023,-0.023206080343193564,0.0,0.0,0.0,0.0,-0.03538050828084693,0.009269344563830804,-0.011280487304184074,0.99926725628899,2.4709600375423344,0.30083733231957444,0.001217653739421208,23.565794060745347,20.0,0.0,2.0,20.923813663483404,1.636460299199576,1.186460299199576,0,0,0
11.492338657,1787250887.505017519,1787250887.504982948,-0.12583855304447306,5.638755202133153,1.999861597086085,-0.02218296126768138,0.0,0.0,0.0,0.0,-0.03521322339066368,0.010160079554284112,-0.01073851642445512,0.9992704768714483,2.4716134924832036,0.30759106622444377,0.0011976991858707127,23.59069333394897,20.0,0.0,2.0,20.900835813716885,1.6389588958910053,1.1889588958910053,0,0,0
11.502343893,1787250887.515022755,1787250887.514983177,-0.10111846470693484,5.641864693748953,1.9998734512077636,-0.021157884141709982,0.0,0.0,0.0,0.0,-0.034951703717714167,0.010991407712329,-0.010198973694959168,0.9992765124325199,2.4724304580316154,0.31429792609515733,0.0011724684010361898,23.61560822600261,20.0,0.0,2.0,20.877873473387268,1.6418650795829444,1.1918650795829444,0,0,0
11.512339830,1787250887.525018692,1787250887.524982929,-0.07638943566066381,5.645040944498278,1.9998850359360876,-0.02013700737031021,0.0,0.0,0.0,0.0,-0.03460041683246786,0.01177279069934437,-0.009664757703463624,0.9992851469989447,2.4733999550118004,0.3209400066741214,0.0011441177236984664,23.640540405622527,20.0,0.0,2.0,20.854925078997187,1.6452103759432435,1.1952103759432435,0,0,0
11.522346973,1787250887.535025835,1787250887.534983397,-0.05164998713308434,5.648283224035088,1.999896332469647,-0.019118255765104807,0.0,0.0,0.0,0.0,-0.03417279620412154,0.012515096944465284,-0.00913445885851989,0.9992958290763673,2.474513056096214,0.32750124684788007,0.001115354978951427,23.665491413971996,20.0,0.0,2.0,20.831989117608465,1.6489922138296431,1.1989922138296432,0,0,0
11.532344341,1787250887.545023203,1787250887.544983149,-0.02689871955479064,5.651590656986228,1.9999073434219965,-0.018101232584608343,0.0,0.0,0.0,0.0,-0.03368843443657634,0.01322815186322996,-0.008607418510332381,0.9993077692733525,2.4757627540924108,0.3339688465037956,0.0010865552443668877,23.690462687081304,20.0,0.0,2.0,20.809064113650678,1.651809688778685,1.201809688778685,0,0,0
11.542358875,1787250887.555037737,1787250887.554982901,-0.002134289285165774,5.6549622552725065,1.999918061413799,-0.017090417346851537,0.0,0.0,0.0,0.0,-0.033156223107249715,0.013936751933934167,-0.008085008941434267,0.9993203012273948,2.477145449420331,0.34033278871913925,0.0010570799396255857,23.715455582000832,20.0,0.0,2.0,20.786148614927875,1.654963633522304,1.204963633522304,0,0,0
11.552382708,1787250887.565061569,1787250887.564982891,0.02264463615984036,5.658396939661759,1.9999284834835211,-0.016092671059786526,0.0,0.0,0.0,0.0,-0.032586014024125705,0.014662106959863998,-0.007569919779827736,0.9993327126758355,2.4786623086536403,0.34658483741186824,0.0010270476457134425,23.7404714232156,20.0,0.0,2.0,20.76324115510489,1.658551534966853,1.208551534966853,0,0,0
11.562361717,1787250887.575040579,1787250887.574983358,0.04743942323841388,5.661893554852664,1.9999386000073713,-0.01511387185664529,0.0,0.0,0.0,0.0,-0.031977726967677186,0.015431227404760686,-0.007064333053235881,0.9993444838479253,2.4803192267594465,0.3527177326402725,0.0009962770519423032,23.765511548742623,20.0,0.0,2.0,20.740340214171816,1.662570506868194,1.212570506868194,0,0,0
11.572360516,1787250887.585039377,1787250887.584983110,0.07225152118015533,5.665450873208567,1.9999484014313236,-0.014157072305151074,0.0,0.0,0.0,0.0,-0.03133491447027832,0.01625776801838109,-0.006569456644025872,0.9993551172399144,2.4821263314983315,0.35872431006650085,0.0009631287905307686,23.790577358408854,20.0,0.0,2.0,20.717444172351684,1.6656820200425715,1.2156820200425715,0,0,0
11.582359791,1787250887.595038652,1787250887.594982862,0.09708248975065459,5.669067597657898,1.9999578551977109,-0.013211241131678762,0.0,0.0,0.0,0.0,-0.030656833786824288,0.017144979240731117,-0.006079886321808618,0.999364419624451,2.4840953702650834,0.3645978687527454,0.0009276373845154007,23.815670341198174,20.0,0.0,2.0,20.694551284054963,1.6690701480771988,1.2190701480771988,0,0,0
11.592359066,1787250887.605037928,1787250887.604982853,0.12193400533943913,5.672742366470413,1.9999669539212455,-0.012266416532242582,0.0,0.0,0.0,0.0,-0.02994825283782886,0.018081501511408502,-0.005591122257558672,0.9993722533705623,2.4862373269102296,0.3703322097669469,0.0008918732334695304,23.8407920814976,20.0,0.0,2.0,20.671659673222198,1.6728861665403123,1.2228861665403123,0,0,0
11.602361679,1787250887.615040541,1787250887.614983082,0.14680784016927656,5.67647375849292,1.9999756900082526,-0.011320662663541372,0.0,0.0,0.0,0.0,-0.029209211959545126,0.019051560480705915,-0.005102858458888744,0.9993787174117232,2.4885603182993914,0.37592155308947783,0.0008552911400449626,23.86594423889785,20.0,0.0,2.0,20.648767354653735,1.6771270784493841,1.2271270784493842,0,0,0
11.612384558,1787250887.625063419,1787250887.624982834,0.1717058298980442,5.680260296548797,1.999984056969754,-0.010376070795590088,0.0,0.0,0.0,0.0,-0.028444889223715537,0.020031613250256305,-0.004616883850416334,0.9993839638152868,2.4910686092189143,0.3813606259258692,0.0008178215241389716,23.89112851639371,20.0,0.0,2.0,20.625872265989187,1.6804985048023207,1.2304985048023207,0,0,0
11.622363806,1787250887.635042667,1787250887.634982586,0.1966298299599241,5.684100454364402,1.9999920429658518,-0.009434453394760713,0.0,0.0,0.0,0.0,-0.027654949201356607,0.021001162433008515,-0.004134787176781231,0.9993883421854267,2.493762045314823,0.38664471118916066,0.0007792944693655915,23.9163466181246,20.0,0.0,2.0,20.60297231146521,1.6841038265261101,1.2341038265261102,0,0,0
11.632370234,1787250887.645049095,1787250887.644983292,0.2215816741707847,5.687992659620467,1.999999640040513,-0.008499698464312894,0.0,0.0,0.0,0.0,-0.026844069203277598,0.021938513449142463,-0.0036590518957734597,0.9993921697289185,2.496636364196772,0.391769470288819,0.0007398617955765298,23.94160020893846,20.0,0.0,2.0,20.580065402408064,1.6881306191951158,1.2381306191951158,0,0,0
11.642365217,1787250887.655044079,1787250887.654983282,0.246563134531774,5.691935299545541,2.000006837296166,-0.007577572515756225,0.0,0.0,0.0,0.0,-0.026011095938167368,0.022830252984847046,-0.0031929210562695477,0.9993958213300033,2.4996837939654046,0.39673096280509274,0.000699553731444552,23.966890875658557,20.0,0.0,2.0,20.557149497250307,1.692575901729342,1.242575901729342,0,0,0
11.652406216,1787250887.665085077,1787250887.664982796,0.27157589355131967,5.695926722577298,2.0000136328701283,-0.006673358165606959,0.0,0.0,0.0,0.0,-0.025163531972669014,0.023662969107734615,-0.0027391428148795423,0.9993994985231414,2.5028941822304165,0.4015256581579448,0.0006598281889527254,23.992220100237454,20.0,0.0,2.0,20.534222628408934,1.6961649032575574,1.2461649032575575,0,0,0
11.662388325,1787250887.675067186,1787250887.674983263,0.2966215187548881,5.699965253067679,2.0000200421901435,-0.005782800250256015,0.0,0.0,0.0,0.0,-0.024319228092120736,0.024422469418901745,-0.002295386832317408,0.999403246608583,2.5062546512469,0.40615260196778763,0.0006225455621001843,24.017589237223934,20.0,0.0,2.0,20.51128293066461,1.6999686103735039,1.249968610373504,0,0,0
11.672389030,1787250887.685067892,1787250887.684982777,0.32170143530588324,5.704049225239564,2.0000260936740286,-0.004903430680732509,0.0,0.0,0.0,0.0,-0.023499414017154826,0.0250986219473695,-0.001859929136899043,0.9994070128735335,2.5097497151506034,0.41061483617934047,0.0005881845519039007,24.04299949262458,20.0,0.0,2.0,20.488328676733968,1.7041874059203033,1.2541874059203033,0,0,0
11.682391405,1787250887.695070267,1787250887.694983244,0.34681690809950777,5.708177020408053,2.0000318148481147,-0.004039737709799049,0.0,0.0,0.0,0.0,-0.022712125393659164,0.02569657988643046,-0.0014344253532153875,0.9994107201577083,2.5133633531849555,0.41491828863582353,0.0005565084393742926,24.068451912928595,20.0,0.0,2.0,20.46535830473266,1.7088184677812077,1.2588184677812078,0,0,0
11.692408562,1787250887.705087423,1787250887.704983234,0.3719690495889519,5.712347085383983,2.0000372332048735,-0.003199033985123577,0.0,0.0,0.0,0.0,-0.021962222421769005,0.026227263310511284,-0.0010219082247765235,0.9994142019949076,2.5170812581774045,0.4190700534935682,0.0005276506423039753,24.09394739670057,20.0,0.0,2.0,20.442370415770654,1.7125765024443242,1.2625765024443243,0,0,0
11.702385187,1787250887.715064049,1787250887.714982986,0.3971588430866941,5.716557939021135,2.0000423777462464,-0.0023877971752078848,0.0,0.0,0.0,0.0,-0.02124277523205801,0.02671146862098027,-0.0006251347905327593,0.9994172557801092,2.520892253931448,0.42307702464146835,0.0005017483748573374,24.119486719543566,20.0,0.0,2.0,20.419363753436482,1.7165602908196484,1.2665602908196485,0,0,0
11.712385893,1787250887.725064754,1787250887.724983215,0.42238718070275116,5.7208081613125765,2.0000472746559703,-0.0016110318037685532,0.0,0.0,0.0,0.0,-0.020547780687505582,0.027167202088417074,-0.0002462446604097576,0.9994196672084618,2.524789150086753,0.42694458196327223,0.00047774016285824435,24.14507057055111,20.0,0.0,2.0,20.39633716438046,1.7209537808633342,1.2709537808633342,0,0,0
11.722386122,1787250887.735064983,1787250887.734982967,0.4476548976927622,5.7250963793093375,2.000051936316233,-0.0008661737175169709,0.0,0.0,0.0,0.0,-0.01986841480478712,0.027605151733702565,0.00011611089166052208,0.9994214267310688,2.5287675727664483,0.4306766845062869,0.00045484098559476956,24.17069958452368,20.0,0.0,2.0,20.373289561452665,1.7257544753844862,1.2757544753844863,0,0,0
11.732385159,1787250887.745064020,1787250887.744982719,0.4729627943898231,5.729421252167257,2.0000563756044234,-0.00015111604166014492,0.0,0.0,0.0,0.0,-0.01919769675269244,0.028031843427773383,0.0004629749262097143,0.9994225582043114,2.5328247210910995,0.434275854603315,0.00043313899677127187,24.196374361643908,20.0,0.0,2.0,20.350219898498594,1.7296325855837649,1.279632585583765,0,0,0
11.742369652,1787250887.755048513,1787250887.754982948,0.4983116511847173,5.733781453192135,2.0000606022220206,0.0005317287595934783,0.0,0.0,0.0,0.0,-0.018515119146433705,0.028460310980569444,0.000792836796534156,0.9994231198404891,2.536959673427566,0.43774192629408626,0.0004123695773798766,24.222095479653234,20.0,0.0,2.0,20.327127150951767,1.7337822763044335,1.2837822763044335,0,0,0
11.752410650,1787250887.765089512,1787250887.764983177,0.523702251811132,5.738175634278721,2.000064626498313,0.0011785859111149606,0.0,0.0,0.0,0.0,-0.017804400538243777,0.028900485815492493,0.0011034998190749875,0.999423107362068,2.5411738782178355,0.44107095802706797,0.0003926438535796422,24.247863511083413,20.0,0.0,2.0,20.304010283441873,1.7383372332541627,1.2883372332541627,0,0,0
11.762374163,1787250887.775053024,1787250887.774983168,0.5491354047568555,5.742602390356061,2.0000684590520157,0.0017863945878762236,0.0,0.0,0.0,0.0,-0.01704337910306373,0.029364688103388627,0.0013929323499819793,0.9994224822670382,2.5454709517420544,0.4442552672499827,0.00037409431120318594,24.273679038442296,20.0,0.0,2.0,20.280868219109678,1.7432949789298193,1.2932949789298194,0,0,0
11.772368670,1787250887.785047531,1787250887.784983158,0.5746119650887693,5.747060219982899,2.0000721092687233,0.0023538161472728826,0.0,0.0,0.0,0.0,-0.016218084695180258,0.02985887890300842,0.00166001991020875,0.9994211651818132,2.549856324682536,0.4472835681721443,0.0003557436041301961,24.299542668981175,20.0,0.0,2.0,20.257699807337012,1.7472446797668872,1.2972446797668873,0,0,0
11.782366514,1787250887.795045376,1787250887.794982672,0.6001328473557216,5.751547491844493,2.0000755727516717,0.002885983785700244,0.0,0.0,0.0,0.0,-0.01530275380081644,0.03038870357537795,0.0019064584120564788,0.9994191902487377,2.554336545711209,0.4501407608606082,0.0003370186628275258,24.325455041555667,20.0,0.0,2.0,20.234503801598407,1.7515474985109767,1.3015474985109767,0,0,0
11.792365789,1787250887.805044651,1787250887.804983139,0.6256990358009739,5.756062401613507,2.0000788508661147,0.003387729544209844,0.0,0.0,0.0,0.0,-0.014284580029699779,0.030952625790549054,0.002134000605702591,0.9994164956470651,2.5589186851957604,0.4528078007422477,0.0003186124211926094,24.351416829101723,20.0,0.0,2.0,20.211278837046642,1.756250438802431,1.306250438802431,0,0,0
11.802365780,1787250887.815044641,1787250887.814982653,0.6513115832114392,5.760602941629346,2.000081947024125,0.0038587260207326966,0.0,0.0,0.0,0.0,-0.01314751820750411,0.0315492085520169,0.002341679018947719,0.9994129810764402,2.5636094438153094,0.45526290902485,0.0003007975117102249,24.377428732109287,20.0,0.0,2.0,20.18802342250949,1.7612760390006372,1.3112760390006373,0,0,0
11.812366486,1787250887.825045347,1787250887.824983120,0.6769716065553112,5.765166875426277,2.000084871139749,0.004297223387894181,0.0,0.0,0.0,0.0,-0.011893132520646258,0.032170935128895066,0.002528258789744417,0.9994084211368599,2.5684147138421887,0.45748273548807505,0.0002842823178466874,24.40349146984463,20.0,0.0,2.0,20.164735936842444,1.7653170853024904,1.3153170853024905,0,0,0
11.822368383,1787250887.835047245,1787250887.834982634,0.7026802744465465,5.769751735225825,2.000087639163906,0.004700965123604727,0.0,0.0,0.0,0.0,-0.010522027396948113,0.032812078655611816,0.0026922627044826436,0.9994025245892098,2.5733390223151034,0.45944427544879984,0.0002696923625658546,24.42960576768672,20.0,0.0,2.0,20.141414639594124,1.7697537670394872,1.3197537670394872,0,0,0
11.832389355,1787250887.845068216,1787250887.844982862,0.7284387941225122,5.774354828399282,2.0000902736778965,0.005067599653901102,0.0,0.0,0.0,0.0,-0.00905177586186694,0.03346282395764227,0.0028327182037160958,0.9993949571986566,2.578385408753013,0.4611261828702997,0.0002577490364460242,24.455772345789356,20.0,0.0,2.0,20.118057684684416,1.7745827202197026,1.3245827202197027,0,0,0
11.842383146,1787250887.855062008,1787250887.854982853,0.7542483944120737,5.778973266167973,2.000092805461631,0.00539297248522797,0.0,0.0,0.0,0.0,-0.0074967544162360955,0.0341171422661604,0.002947767758576471,0.9993853760897519,2.5835552864078637,0.46251040119866865,0.00024917084970016684,24.481991907969913,20.0,0.0,2.0,20.094663144319867,1.7795614911707534,1.3295614911707534,0,0,0
11.852405548,1787250887.865084410,1787250887.864983082,0.7801103100334789,5.783603996518257,2.0000952535974,0.005675966869688291,0.0,0.0,0.0,0.0,-0.00588649727446466,0.03476045600760888,0.0030376229860468442,0.9993737202341152,2.588848020291115,0.4635828702222762,0.00023920748507046257,24.50826513291812,20.0,0.0,2.0,20.071229032924133,1.7837148947380341,1.3337148947380342,0,0,0
11.862384796,1787250887.875063658,1787250887.874982595,0.806025745480652,5.788243857871261,2.0000975695422403,0.005927109284203966,0.0,0.0,0.0,0.0,-0.004253812453960111,0.03535468844124056,0.003108502106197026,0.9993609399508694,2.5942576728989066,0.4643358713127455,0.0002232363846988259,24.534592649192074,20.0,0.0,2.0,20.047753356694503,1.7882540127730844,1.3382540127730844,0,0,0
11.872381687,1787250887.885060549,1787250887.884983063,0.8319958091103169,5.792889646657703,2.000099703739917,0.006155786028362172,0.0,0.0,0.0,0.0,-0.0026346076468101087,0.03586137233223515,0.0031664977952696287,0.9993482846879304,2.5997707716335876,0.4647688397716598,0.00020278133811786665,24.560974983488567,20.0,0.0,2.0,20.02423419585027,1.7931751242059444,1.3431751242059444,0,0,0
11.882390261,1787250887.895069122,1787250887.894984961,0.8580214381573502,5.797538179362672,2.0001016136829333,0.006360633433076115,0.0,0.0,0.0,0.0,-0.0010324631234005953,0.03624925408441174,0.0032114909252563334,0.9993370862347998,2.6053668774424423,0.46488520617003004,0.00017886898577729947,24.587412499015766,20.0,0.0,2.0,20.000669794122814,1.7980282851625258,1.3480282851625258,0,0,0
11.892389774,1787250887.905068636,1787250887.904983282,0.8841033394028435,5.802186307552244,2.000103275448972,0.006537371049639818,0.0,0.0,0.0,0.0,0.0005513565663451874,0.036500793646804246,0.003242006447599229,0.999328213082811,2.6110207303327093,0.46468856101958544,0.00015319637104547988,24.613905340898203,20.0,0.0,2.0,19.977058619747854,1.802256419285208,1.352256419285208,0,0,0
11.902385712,1787250887.915064573,1787250887.914983273,0.91024195361214,5.806830913515177,2.0001046773862523,0.006680869177272147,0.0,0.0,0.0,0.0,0.002137512587304696,0.03661064442480748,0.003255410119791442,0.9993220171995068,2.6167048480574078,0.464180658944905,0.00012742685565814802,24.64045340145446,20.0,0.0,2.0,19.953399398066058,1.806859944515239,1.356859944515239,0,0,0
11.912380695,1787250887.925059557,1787250887.924982786,0.9364374461578677,5.811468877794079,2.0001058257215174,0.0067881016287514116,0.0,0.0,0.0,0.0,0.0037332407255761964,0.03658587575238679,0.0032505772186312773,0.9993182527888008,2.62239194911377,0.4633598999979977,0.00010197824055923729,24.667056306252327,20.0,0.0,2.0,19.92969111082809,1.8118353113999086,1.3618353113999087,0,0,0
11.922409058,1787250887.935087919,1787250887.934982777,0.9626897164176201,5.816097064279234,2.0001067164502264,0.006861855658618308,0.0,0.0,0.0,0.0,0.005328687581801144,0.0364347819042952,0.0032298585791895743,0.9993166063714746,2.62805627413479,0.46222509361778735,7.63688958988599e-05,24.69371342171379,20.0,0.0,2.0,19.90593298255315,1.8164802821756831,1.3664802821756832,0,0,0
11.932410717,1787250887.945089579,1787250887.944991827,0.9889984178498314,5.820712339687612,2.000107356157152,0.006904928965879732,0.0,0.0,0.0,0.0,0.006905075000226202,0.036173427729100094,0.0031958173839547,0.9993165613642242,2.633674563005962,0.46077834688560926,5.1583330368946207e-05,24.72042387918935,20.0,0.0,2.0,19.882124466702074,1.8207455808612825,1.3707455808612825,0,0,0
11.942404747,1787250887.955083609,1787250887.954983234,1.0153629862977656,5.825311601949163,2.0001077540161942,0.006911999775204661,0.0,0.0,0.0,0.0,0.008472689632807897,0.03581518320061197,0.0031458160631772365,0.999317562151286,2.639226535842953,0.4590227319322078,2.8522839551967296e-05,24.747186608552305,20.0,0.0,2.0,19.85826522668703,1.8253762563288511,1.3753762563288512,0,0,0
11.952415466,1787250887.965094328,1787250887.964989662,1.041782670125322,5.829891768102473,2.0001079375407307,0.006877238219331255,0.0,0.0,0.0,0.0,0.010039978311978844,0.03537901537060528,0.0030768914540059596,0.9993187964037711,2.6446950964369664,0.4569591609093264,8.683301631170998e-06,24.774000366505522,20.0,0.0,2.0,19.834355103360434,1.8303687295576565,1.3803687295576565,0,0,0
11.962389708,1787250887.975068569,1787250887.974984169,1.0682565643553035,5.834449751394611,2.0001079422801076,0.006793646061658449,0.0,0.0,0.0,0.0,0.011632384286261704,0.03488036214205424,0.002984839107583834,0.9993193377034979,2.650066599940979,0.45458530645680933,-6.841443408964119e-06,24.800863767023543,20.0,0.0,2.0,19.81039407549169,1.8347243796449262,1.3847243796449262,0,0,0
11.972386122,1787250887.985064983,1787250887.984982967,1.094783643378234,5.838982419149636,2.0001078130605636,0.006656593494064369,0.0,0.0,0.0,0.0,0.013259893700522855,0.03433669080004799,0.002867096691508022,0.9993182409225373,2.6553305530401667,0.45189491951588867,-1.8847791105303883e-05,24.82777530727086,20.0,0.0,2.0,19.786382215893873,1.8389898205782007,1.3889898205782008,0,0,0
11.982391357,1787250887.995070219,1787250887.994986534,1.121362789288846,5.843486571133361,2.0001075714875123,0.006461686921233016,0.0,0.0,0.0,0.0,0.014921848998128448,0.03375319102193757,0.0027216828849559852,0.9993150919307621,2.6604786921118957,0.44888099941415505,-2.9041446090615187e-05,24.854733392931536,20.0,0.0,2.0,19.762319657677725,1.8436103485466235,1.3936103485466236,0,0,0
11.992382526,1787250888.005061388,1787250888.004982948,1.1479928070810432,5.847958943200358,2.0001072349134468,0.006206233925608138,0.0,0.0,0.0,0.0,0.01659940024532145,0.033136472546565016,0.002548015059540738,0.9993097326244366,2.6655038084211116,0.4455384532962645,-3.85435027641814e-05,24.88173635498446,20.0,0.0,2.0,19.73820658050585,1.8485820442968048,1.3985820442968049,0,0,0
12.002383709,1787250888.015062571,1787250888.014982939,1.174672433215053,5.85239624094877,2.0001068003548332,0.005882304036409248,0.0,0.0,0.0,0.0,0.018271195083930193,0.03248507785272951,0.002343039281514227,0.9993024533713667,2.6703992405648087,0.4418663002196008,-4.819349702024014e-05,24.908782464910797,20.0,0.0,2.0,19.714043212117367,1.852569386809067,1.402569386809067,0,0,0
12.012382746,1787250888.025061607,1787250888.024982929,1.2014003375599132,5.856795183316274,2.00010627142548,0.005484332768988937,0.0,0.0,0.0,0.0,0.01990708569104424,0.03180194967138354,0.002105025490864513,0.9992937069771185,2.675158380474706,0.43786857956668307,-5.780692361083511e-05,24.935869944765894,20.0,0.0,2.0,19.689829839267347,1.8567957143670568,1.4067957143670569,0,0,0
12.022384644,1787250888.035063505,1787250888.034982920,1.2281751248468489,5.8611525585568405,2.000105644490525,0.005005380585850034,0.0,0.0,0.0,0.0,0.021482904658877564,0.03108520898191723,0.0018313680934913255,0.9992841641299407,2.6797747198618613,0.43355482430451076,-6.741512001085897e-05,24.962996978397324,20.0,0.0,2.0,19.665566822984196,1.861365813685365,1.411365813685365,0,0,0
12.032392263,1787250888.045071125,1787250888.044983149,1.2549953345814473,5.865465273635755,2.0001049246872444,0.004442519961500803,0.0,0.0,0.0,0.0,0.02297359971153192,0.03033911830459445,0.0015212801112255466,0.9992744554543648,2.6842418737806084,0.4289393613367009,-7.656610140910632e-05,24.990161719553424,20.0,0.0,2.0,19.64125461353728,1.8660080690521068,1.4160080690521069,0,0,0
12.042386055,1787250888.055064917,1787250888.054983377,1.2818594456481893,5.869730400675504,2.000104116646755,0.003791207403642836,0.0,0.0,0.0,0.0,0.02436545719873609,0.029565019188659815,0.0011727902999195215,0.9992651593540041,2.688554041962238,0.4240404436665664,-8.476052179545832e-05,25.017362303604585,20.0,0.0,2.0,19.616893760224233,1.8698184029559213,1.4198184029559213,0,0,0
12.052408218,1787250888.065087080,1787250888.064983368,1.3087658808938207,5.8739452071212215,2.0001032210419694,0.003053539023110873,0.0,0.0,0.0,0.0,0.02564438544482434,0.02876768398784088,0.0007871007016775197,0.9992568069948877,2.6927058232902246,0.4188790434588824,-9.58865465168408e-05,25.04459685614,20.0,0.0,2.0,19.592484916471314,1.8739657124534077,1.4239657124534078,0,0,0
12.062384605,1787250888.075063467,1787250888.074983120,1.3357130077029598,5.878107187276051,2.0001021720887233,0.002240508112719101,0.0,0.0,0.0,0.0,0.02679261447299554,0.027935990633842833,0.00037030639507849215,0.9992505186939765,2.6966912098850195,0.41347947767533827,-0.00011501218677665682,25.071863497355547,20.0,0.0,2.0,19.568028849283056,1.878446709295248,1.428446709295248,0,0,0
12.072381973,1787250888.085060835,1787250888.084983110,1.362699125273337,5.882214093760915,2.000100897697096,0.001365798114737279,0.0,0.0,0.0,0.0,0.027797080844576768,0.02706101012847427,-7.037075652291782e-05,0.9992472262034573,2.70050254616697,0.40786908164619406,-0.0001411555284287698,25.099160332776925,20.0,0.0,2.0,19.543526461468183,1.8825836657129738,1.4325836657129738,0,0,0
12.082383394,1787250888.095062256,1787250888.094983101,1.3897224421356247,5.886263960729245,2.000099331185708,0.0004307058204743913,0.0,0.0,0.0,0.0,0.02866116083381647,0.026115642034854072,-0.000533847112436102,0.9992478301742896,2.704128765079727,0.4020761770167733,-0.00017268550044401067,25.126485432578292,20.0,0.0,2.0,19.518978820778432,1.8862919623213814,1.4362919623213815,0,0,0
12.092387915,1787250888.105066776,1787250888.104983091,1.4167810317163392,5.890255098531494,2.000097431246972,-0.0005624197929799007,0.0,0.0,0.0,0.0,0.02939658411481555,0.02508274770579741,-0.0010189642267390642,0.9992525498200204,2.707554206982035,0.39612754194123073,-0.00020820082593700506,25.1538367845497,20.0,0.0,2.0,19.494387201408685,1.8903295878874675,1.4403295878874676,0,0,0
12.102386713,1787250888.115065575,1787250888.114983797,1.4438727924643378,5.894186071129861,2.000095157737437,-0.0016135738792660784,0.0,0.0,0.0,0.0,0.030025956151152874,0.023939383061231445,-0.0015257892155863951,0.9992612370462122,2.7107593944519066,0.39004661507354965,-0.0002465990961596596,25.181212248950597,20.0,0.0,2.0,19.469753115856438,1.894694092756931,1.444694092756931,0,0,0
12.112381220,1787250888.125060081,1787250888.124983072,1.470995411749972,5.8980556523217595,2.000092502846718,-0.0027182856252254855,0.0,0.0,0.0,0.0,0.03057266840053408,0.022685841122968977,-0.002052794903377694,0.9992729610033982,2.7137223264810473,0.38385198949175137,-0.00028389627341195774,25.20860951418935,20.0,0.0,2.0,19.44507833663398,1.8982772542510513,1.4482772542510514,0,0,0
12.122383118,1787250888.135061979,1787250888.134982824,1.4981463662996883,5.901862780005612,2.000089495366584,-0.003873926670469667,0.0,0.0,0.0,0.0,0.03105720395937023,0.021347424310362538,-0.0026000285535061505,0.99928623397356,2.716423687598411,0.37755797427704807,-0.00031663117376475573,25.23602608879682,20.0,0.0,2.0,19.420364882382987,1.9018636854249016,1.4518636854249016,0,0,0
12.132381916,1787250888.145060778,1787250888.144983053,1.5253229707993452,5.90560651695767,2.0000861862396606,-0.005073857194518507,0.0,0.0,0.0,0.0,0.03149726708340798,0.01996358531955936,-0.003165893639106104,0.9992994318746165,2.7188508530829125,0.37117538618829715,-0.0003446539265979575,25.263459342512835,20.0,0.0,2.0,19.395614959929354,1.9057747657448179,1.455774765744818,0,0,0
12.142382383,1787250888.155061245,1787250888.154983044,1.552522446889146,5.909286016410991,2.000082617101295,-0.006315581768561605,0.0,0.0,0.0,0.0,0.03191363982178105,0.018554158333822932,-0.0037502831449802423,0.9993113619779281,2.7209971913554445,0.36471127844604406,-0.0003683126514271908,25.290906568757492,20.0,0.0,2.0,19.37083088829968,1.9098762314876416,1.4598762314876417,0,0,0
12.152395010,1787250888.165073872,1787250888.164982796,1.579741968946682,5.912900482062331,2.0000788345236367,-0.007593657160375364,0.0,0.0,0.0,0.0,0.032322815552252054,0.017140106684312782,-0.004351497889138903,0.9993210279003171,2.7228599290375786,0.3581689339105083,-0.00038763980452299576,25.318365023872325,20.0,0.0,2.0,19.34601504309278,1.913007749403362,1.463007749403362,0,0,0
12.162387133,1787250888.175065994,1787250888.174983025,1.6069786996236066,5.9164491352721935,2.0000748783816085,-0.008907499552894774,0.0,0.0,0.0,0.0,0.03273965435595035,0.015726186773448662,-0.004969654965686172,0.9993278263971946,2.724438936634848,0.3515485711669547,-0.0004028280302354535,25.345831957687775,20.0,0.0,2.0,19.32116981272018,1.9128759559066186,1.4628759559066187,0,0,0
12.172383308,1787250888.185062170,1787250888.184983015,1.6342298047796358,5.919931187148454,2.0000707838037566,-0.010255572018569841,0.0,0.0,0.0,0.0,0.03317214756496115,0.014320303918118461,-0.00560432308936126,0.9993313409897296,2.7257351005120434,0.3448482658835882,-0.00041622339177330175,25.373304624727208,20.0,0.0,2.0,19.29629757568088,1.8956270323877635,1.4456270323877636,0,0,0
12.182389498,1787250888.195068359,1787250888.194986582,1.6614924631634538,5.923345822759672,2.0000665626960648,-0.011650709125903437,0.0,0.0,0.0,0.0,0.03362575751032963,0.012916734078802358,-0.006261738935006373,0.9993314050094213,2.726749681236371,0.33806460989600806,-0.0004272113956645211,25.400780292077208,20.0,0.0,2.0,19.271400686484775,1.878614585662335,1.4286145856623351,0,0,0
12.192382812,1787250888.205061674,1787250888.204982996,1.6887638617016252,5.926692188263229,2.0000622548809655,-0.013100768546593547,0.0,0.0,0.0,0.0,0.03409917499397699,0.01151614653663731,-0.006945748323505505,0.9993279647912908,2.7274832417467336,0.33119365593166683,-0.0004336781448158353,25.42825623353275,20.0,0.0,2.0,19.24648147612494,1.861846920098164,1.411846920098164,0,0,0
12.202382326,1787250888.215061188,1787250888.214982748,1.716041190870126,5.929969393913961,2.0000579032763497,-0.014609359701228675,0.0,0.0,0.0,0.0,0.034588940309486046,0.010110564142621034,-0.007657761532685825,0.9993211397690401,2.727935625324878,0.32423215871389205,-0.00043600557615148996,25.45572972589139,20.0,0.0,2.0,19.221542257323343,1.8453323771712906,1.3953323771712907,0,0,0
12.212383032,1787250888.225061893,1787250888.224982977,1.7433216336095734,5.9331765226322375,2.000053546347008,-0.01617264273597985,0.0,0.0,0.0,0.0,0.035086649305960026,0.0087011597768351,-0.00839573996239843,0.9993111269316991,2.7281058409853345,0.3171780714651153,-0.0004347105445952333,25.483198039448265,20.0,0.0,2.0,19.196585337642993,1.8290793386409754,1.3790793386409754,0,0,0
12.222384930,1787250888.235063791,1787250888.234982967,1.7706023634384893,5.936312645259762,2.0000492220282364,-0.017789771719725136,0.0,0.0,0.0,0.0,0.035583987990426266,0.007284193278780658,-0.009159016521907093,0.9992981700890511,2.727992777807786,0.31003102790991843,-0.00042962664871119545,25.510658438276995,20.0,0.0,2.0,19.171613025944588,1.813096213938641,1.363096213938641,0,0,0
12.232372046,1787250888.245050907,1787250888.244983435,1.7978805414743018,5.939376838290347,2.0000449644304417,-0.019454287591891516,0.0,0.0,0.0,0.0,0.03607049446203729,0.005865936924435937,-0.009944499409800155,0.9992825512059896,2.727595456245359,0.3027925684229876,-0.00042118211197356327,25.53810817951456,20.0,0.0,2.0,19.146627640701677,1.7973914330290697,1.3473914330290697,0,0,0
12.242378712,1787250888.255057573,1787250888.254982948,1.8251533250843304,5.9423682030109415,2.0000408103337035,-0.021161213051276516,0.0,0.0,0.0,0.0,0.036538067735542946,0.004449008463820521,-0.010749785724066235,0.9992645385666042,2.7269139290251925,0.2954660806939595,-0.0004092237143887786,25.565544524132374,20.0,0.0,2.0,19.1216315077588,1.7819734237854488,1.3319734237854488,0,0,0
12.252403259,1787250888.265082121,1787250888.264982700,1.8524178771957356,5.945285884219115,2.000036778639524,-0.022899525616274174,0.0,0.0,0.0,0.0,0.03697433036572248,0.003048442415392198,-0.011569940025627367,0.9992445858650674,2.7259496999684623,0.28805702809641764,-0.0003977526053212755,25.592964748087013,20.0,0.0,2.0,19.096626957407235,1.766850610996965,1.316850610996965,0,0,0
12.262372255,1787250888.275051117,1787250888.274983168,1.8796713959640288,5.948129099452687,2.0000328417633244,-0.024656428889504072,0.0,0.0,0.0,0.0,0.03735023418187844,0.0016922442538119893,-0.01239968042524194,0.9992238709324834,2.724708753673272,0.28057494237010017,-0.00039033276331307737,25.62036617457574,20.0,0.0,2.0,19.07161630547025,1.752031411938616,1.302031411938616,0,0,0
12.272385120,1787250888.285063982,1787250888.284982681,1.906911170207154,5.950897189203929,2.000028957186712,-0.026415635913371014,0.0,0.0,0.0,0.0,0.037638601600444486,0.0004118733822608801,-0.013232299084658181,0.9992037191137823,2.723203360721894,0.2730348529914676,-0.00038728583066903097,25.6477462336841,20.0,0.0,2.0,19.046601816599424,1.737524170014596,1.287524170014596,0,0,0
12.282384872,1787250888.295063734,1787250888.294983149,1.9341346385058886,5.953589668834179,2.0000250840508467,-0.028167181355097024,0.0,0.0,0.0,0.0,0.03781649147924405,-0.0007770540645195834,-0.01406379729226543,0.9991854276183691,2.721450644118149,0.26545657741602124,-0.00038786589163564155,25.675102525241485,20.0,0.0,2.0,19.021585664846953,1.72333710138915,1.2733371013891501,0,0,0
12.292386770,1787250888.305065632,1787250888.304982901,1.9613394239873696,5.956206270568018,2.0000211898427063,-0.02990021304325679,0.0,0.0,0.0,0.0,0.03787278478674707,-0.0018647609399460468,-0.014889564766405714,0.9991698933115433,2.7194702281646044,0.25786328395490277,-0.0003914231967676351,25.702432855881487,20.0,0.0,2.0,18.99656991445022,1.7094782655563032,1.2594782655563033,0,0,0
12.302385807,1787250888.315064669,1787250888.314983130,1.9885233520420633,5.958746966001318,2.0000172499648086,-0.0316091722280819,0.0,0.0,0.0,0.0,0.03780408871796546,-0.0028549811403429095,-0.0157070942531281,0.9991576387883024,2.7172824612170885,0.25027942191113967,-0.000396701244684799,25.729735256751926,20.0,0.0,2.0,18.971556510868094,1.6959555523354626,1.2459555523354626,0,0,0
12.312381506,1787250888.325060368,1787250888.324982643,2.015684446704596,5.961211970685215,2.000013249766613,-0.03328818584501085,0.0,0.0,0.0,0.0,0.037618985181969614,-0.0037509372017715025,-0.01651364615846189,0.9991486585661516,2.714906752031703,0.24272898272915125,-0.0004038060328045864,25.75700797805656,20.0,0.0,2.0,18.946547286514217,1.6827766778443463,1.2327766778443463,0,0,0
12.322385550,1787250888.335064411,1787250888.334983349,2.042820926040067,5.963601729541999,2.0000091722191367,-0.03493990918050062,0.0,0.0,0.0,0.0,0.03733028404829886,-0.004546994659710585,-0.017310970129168,0.9991426850283321,2.7123627780328072,0.2352336048353056,-0.00041150575181543586,25.784249480855497,20.0,0.0,2.0,18.92154396139345,1.669949192673425,1.219949192673425,0,0,0
12.332382441,1787250888.345061302,1787250888.344983339,2.0699312109990045,5.965916887857432,2.0000050194083947,-0.036564990011302416,0.0,0.0,0.0,0.0,0.036957805827184484,-0.00523795412529275,-0.018099657044453363,0.9991391729083064,2.709671436581712,0.2278116357818266,-0.00041945753158095756,25.811458441251407,20.0,0.0,2.0,18.89654812634189,1.657480453289504,1.207480453289504,0,0,0
12.342373848,1787250888.355052710,1787250888.354982615,2.0970139341775345,5.968158256867208,2.000000780083,-0.0381640771275983,0.0,0.0,0.0,0.0,0.0365161880245378,-0.005826174273576511,-0.018879932150140156,0.9991377141653179,2.706853881608926,0.22047795101579373,-0.0004283555155614628,25.83863375445613,20.0,0.0,2.0,18.87156122455284,1.645377641091174,1.195377641091174,0,0,0
12.352406502,1787250888.365085363,1787250888.364983082,2.1240679352627967,5.970326780242136,1.999996450121559,-0.03973499494980641,0.0,0.0,0.0,0.0,0.03602322242525839,-0.006318462277298583,-0.019650353668042016,0.999137762313722,2.7039302575854665,0.21324417458601877,-0.00043801698895986723,25.865774526130817,20.0,0.0,2.0,18.846584545906154,1.6336477409856494,1.1836477409856494,0,0,0
12.362376690,1787250888.375055552,1787250888.374983072,2.151092247151312,5.972423502357817,1.999992017416546,-0.04127914994517266,0.0,0.0,0.0,0.0,0.03549072989431919,-0.0067258288713464166,-0.020411101676077566,0.9991389083835794,2.7009188976566096,0.20611892329679957,-0.000448434336009629,25.892880055019347,20.0,0.0,2.0,18.82161923058911,1.6222975547579113,1.1722975547579113,0,0,0
12.372386217,1787250888.385065079,1787250888.384983063,2.178086074332883,5.974449542627826,1.999987461612593,-0.04279871471652811,0.0,0.0,0.0,0.0,0.03492982551516548,-0.0070607497257095565,-0.021162672134638915,0.9991407280312983,2.697835796253781,0.19910884462911524,-0.00046509481334805014,25.91994980872786,20.0,0.0,2.0,18.79666628185569,1.611333703292643,1.161333703292643,0,0,0
12.382381439,1787250888.395060301,1787250888.394982815,2.2050487692516403,5.976406082933094,1.999982690089606,-0.044311928705857734,0.0,0.0,0.0,0.0,0.03433242868554216,-0.0073347541850485596,-0.021913752865734916,0.9991432695849664,2.694694476261842,0.1922199567815894,-0.0004896180098793355,25.946983398759812,20.0,0.0,2.0,18.771726584763904,1.6007626867058287,1.1507626867058287,0,0,0
12.392382145,1787250888.405061007,1787250888.404983044,2.2319798073806805,5.9782943698866715,1.9999776582631863,-0.04583251557098034,0.0,0.0,0.0,0.0,0.033691360894863374,-0.00755839489227787,-0.022670820468939767,0.9991465341815332,2.6915061608708486,0.1854596048684164,-0.0005178962560926679,25.97398055541836,20.0,0.0,2.0,18.746800930794716,1.5905190494001573,1.1405190494001574,0,0,0
12.402382135,1787250888.415060997,1787250888.414983034,2.258878767774828,5.9801157365914515,1.9999723175026105,-0.047364358465785676,0.0,0.0,0.0,0.0,0.03298951572907757,-0.0077391934928556705,-0.023435618584938516,0.999150923793589,2.688280397222089,0.1788378249637635,-0.000550635643834623,26.000941109483197,20.0,0.0,2.0,18.721890043484013,1.5806366555257156,1.1306366555257157,0,0,0
12.412381649,1787250888.425060511,1787250888.424982786,2.2857453181499796,5.981871630153489,1.9999666339389828,-0.04890409371363555,0.0,0.0,0.0,0.0,0.032218429482246055,-0.007883187390826895,-0.02420627129776724,0.9991565866209949,2.685025458150826,0.17236723894410647,-0.0005870608416587155,26.02786497851357,20.0,0.0,2.0,18.696994601651728,1.5711681195809188,1.1211681195809189,0,0,0
12.422382593,1787250888.435061455,1787250888.434982777,2.312579204842421,5.983563633588684,1.9999605649234073,-0.05044901110337214,0.0,0.0,0.0,0.0,0.03136673737674241,-0.007992653731790637,-0.02498137854993606,0.9991637383324152,2.6817488832761374,0.16606236628275908,-0.0006269508945853263,26.054752157381582,20.0,0.0,2.0,18.672115256278087,1.562119153464889,1.112119153464889,0,0,0
12.432380676,1787250888.445059538,1787250888.444982767,2.339380247790552,5.985193481680558,1.9999540887936234,-0.05199250064491225,0.0,0.0,0.0,0.0,0.030435704981240652,-0.008069088132027571,-0.025757519779561946,0.9991722113098512,2.6784579046419004,0.1599387412695315,-0.0006688714637844153,26.081602713238965,20.0,0.0,2.0,18.64725264073477,1.5534952176740264,1.1034952176740265,0,0,0
12.442385674,1787250888.455064535,1787250888.454982996,2.3661483392776312,5.986763063445051,1.9999471826577326,-0.05352709166904327,0.0,0.0,0.0,0.0,0.02942633634684258,-0.008110610106397907,-0.02653093805117993,0.9991818743647369,2.6751598425636702,0.15401158740315038,-0.0007122742283054865,26.10841678336028,20.0,0.0,2.0,18.62240737318837,1.5453015270908446,1.0953015270908446,0,0,0
12.452382326,1787250888.465061188,1787250888.464982748,2.3928834457894883,5.988274414457603,1.9999398473576293,-0.055045042125935764,0.0,0.0,0.0,0.0,0.028351638786064403,-0.00812344892031692,-0.02729739568637424,0.9991921968993378,2.671861985151274,0.14829465323962285,-0.0007544661258670492,26.135194575574914,20.0,0.0,2.0,18.59758005279235,1.5375430117135187,1.0875430117135187,0,0,0
12.462385416,1787250888.475064278,1787250888.474983215,2.4195855902328356,5.989729695709225,1.9999321076650671,-0.05655095706561901,0.0,0.0,0.0,0.0,0.027221348933177632,-0.008145408897700358,-0.028057986119862172,0.9992023818481645,2.6685672176027375,0.1427994083958589,-0.00079246749086083,26.16193634853965,20.0,0.0,2.0,18.57277127009912,1.5302243065928627,1.0802243065928627,0,0,0
12.472380877,1787250888.485059738,1787250888.484982729,2.446254784152468,5.991131172779368,1.9999240112091494,-0.05804676111729857,0.0,0.0,0.0,0.0,0.026050811665159896,-0.008216947377421494,-0.028812515695430495,0.9992115271185995,2.6652703817987855,0.13753517683654867,-0.0008267897286333839,26.18864234239597,20.0,0.0,2.0,18.547981664809598,1.5233497541557564,1.0733497541557564,0,0,0
12.482383490,1787250888.495062351,1787250888.494982719,2.472890946553254,5.9924811974633485,1.9999155780036992,-0.05953002478503935,0.0,0.0,0.0,0.0,0.024835110124528083,-0.008383587161817299,-0.029558828891039033,0.9992192994563271,2.661957886670136,0.13251045619278148,-0.0008592891638136689,26.215312696447,20.0,0.0,2.0,18.52321199685664,1.516923451520106,1.066923451520106,0,0,0
12.492385387,1787250888.505064249,1787250888.504982948,2.499493819268397,5.99378221112678,1.9999068341996076,-0.060992985649769835,0.0,0.0,0.0,0.0,0.023574700844599037,-0.008676522115473135,-0.030292649215682834,0.9992253533850926,2.658608440754352,0.1277345313153149,-0.0008893198021335351,26.241947364639127,20.0,0.0,2.0,18.498463227655552,1.5109492094580417,1.0609492094580417,0,0,0
12.502383471,1787250888.515062332,1787250888.514982939,2.5260629039630995,5.995036752002493,1.9998978001808543,-0.06242808978356049,0.0,0.0,0.0,0.0,0.02225857300184533,-0.009119754030423914,-0.031010246205504702,0.999229578547703,2.6551954781529834,0.12321783978309526,-0.0009168055049922762,26.268546052876268,20.0,0.0,2.0,18.473736582092965,1.505430542881373,1.055430542881373,0,0,0
12.512382507,1787250888.525061369,1787250888.524983168,2.552597419718606,5.99624747095218,1.9998885106014763,-0.06382701011918514,0.0,0.0,0.0,0.0,0.0208909826481304,-0.009712581938171577,-0.031708083232670506,0.9992316198228517,2.651689889811609,0.11897197128369473,-0.000940567237298954,26.29510817728398,20.0,0.0,2.0,18.449033593761495,1.500370620432846,1.050370620432846,0,0,0
12.522400856,1787250888.535079718,1787250888.534982920,2.5790963053217077,5.997417125653754,1.999879007869376,-0.06519327730811193,0.0,0.0,0.0,0.0,0.019489047757236047,-0.010425129541556456,-0.032389047807980555,0.999230925899339,2.648065637452494,0.1150062087807273,-0.0009587434063957447,26.32163286617243,20.0,0.0,2.0,18.424356100905666,1.4957722293374116,1.0457722293374117,0,0,0
12.532377481,1787250888.545056343,1787250888.544983149,2.6055582743799515,5.998548544527975,1.9998693570127033,-0.06652803411582499,0.0,0.0,0.0,0.0,0.01807865545162673,-0.011213076163747551,-0.033054835390840885,0.9992271048151625,2.6443042385716775,0.1113251498486997,-0.0009707433868512083,26.348119013650827,20.0,0.0,2.0,18.399706182548623,1.4916377131898906,1.0416377131898906,0,0,0
12.542377710,1787250888.555056572,1787250888.554983377,2.631981897116797,5.999644582721275,1.9998596089613627,-0.06782565662740721,0.0,0.0,0.0,0.0,0.016662508962980504,-0.012040448879740378,-0.033703566294012166,0.9992204251339631,2.640395174580399,0.10793030276994699,-0.0009779711296052636,26.374565359963405,20.0,0.0,2.0,18.37508606675803,1.4879689642090905,1.0379689642090906,0,0,0
12.552384138,1787250888.565063000,1787250888.564983130,2.6583656728164735,6.000708107176279,1.9998498137623166,-0.06907715860652207,0.0,0.0,0.0,0.0,0.015245118365705235,-0.012872198199078387,-0.034331447085818104,0.99921131129533,2.6363348000619156,0.10482242811587233,-0.0009804114143196463,26.4009705640032,20.0,0.0,2.0,18.350498057214608,1.4847673770187038,1.0347673770187038,0,0,0
12.562372684,1787250888.575051546,1787250888.574983120,2.684708095709516,6.001741991118812,1.9998400163336925,-0.07027543983245922,0.0,0.0,0.0,0.0,0.0138160394635071,-0.013684644253545453,-0.03493545291731826,0.999200361136173,2.632125341572733,0.10200256080059839,-0.0009781896991075325,26.42733326977996,20.0,0.0,2.0,18.325944469094658,1.4820338296443811,1.0320338296443812,0,0,0
12.572380781,1787250888.585059643,1787250888.584983110,2.7110077040356746,6.00274912637433,1.999830261431604,-0.07141617224397545,0.0,0.0,0.0,0.0,0.01237206668417598,-0.014457987059055476,-0.035513699887201315,0.9991880081828866,2.6277733012795306,0.09947312047646385,-0.0009725804721362338,26.453652156813618,20.0,0.0,2.0,18.301427586746144,1.4797686656002518,1.0297686656002518,0,0,0
12.582380056,1787250888.595058918,1787250888.594982862,2.737263117218459,6.003732434108216,1.9998205780829823,-0.07251078945481478,0.0,0.0,0.0,0.0,0.010899321922671897,-0.015184207883427892,-0.03607209027004647,0.9991743836368747,2.6232879440551304,0.09723792869682339,-0.0009630779414643129,26.479925978561994,20.0,0.0,2.0,18.276949632165138,1.4779717048706655,1.0279717048706656,0,0,0
12.592380285,1787250888.605059147,1787250888.604982615,2.7634730530623095,6.004694884261408,1.999811022578874,-0.07356879992023271,0.0,0.0,0.0,0.0,0.009395048373915981,-0.015858708821826585,-0.03661534551834361,0.9991594221610126,2.6186796414403326,0.09530254818210962,-0.000946871289242241,26.506153581169624,20.0,0.0,2.0,18.25251275527007,1.4766422037387232,1.0266422037387233,0,0,0
12.602381945,1787250888.615060806,1787250888.614983082,2.789636335468128,6.005639506165555,1.9998016644033354,-0.07458870897288827,0.0,0.0,0.0,0.0,0.007851304488368262,-0.016485594541920997,-0.03714266247602951,0.9991431352987529,2.6139589293237053,0.0936735175053822,-0.0009235628627692695,26.532333912419702,20.0,0.0,2.0,18.228119030300203,1.4757788762895523,1.0257788762895523,0,0,0
12.612380743,1787250888.625059605,1787250888.624982834,2.8157518889853925,6.006569399011006,1.9997925756518993,-0.0755645610910784,0.0,0.0,0.0,0.0,0.0062738861950435805,-0.017069843299619147,-0.037650807162293,0.9991254553467076,2.6091353719145367,0.09235775799065209,-0.0008929325150847398,26.55846601755539,20.0,0.0,2.0,18.203770464633678,1.475379916089647,1.025379916089647,0,0,0
12.622380495,1787250888.635059357,1787250888.634983063,2.8418187273110145,6.007487725526646,1.9997838306723221,-0.07649036018055347,0.0,0.0,0.0,0.0,0.004665811083683392,-0.017621087361673234,-0.03813654864241071,0.9991062661923249,2.604217071768253,0.09136121051964795,-0.0008548475718475028,26.58454902850808,20.0,0.0,2.0,18.179469007799362,1.475443009819439,1.0254430098194391,0,0,0
12.632381916,1787250888.645060778,1787250888.644982815,2.8678359357055316,6.008397701923021,1.9997755024247048,-0.07735921780553762,0.0,0.0,0.0,0.0,0.0030425472250218315,-0.018146849214936842,-0.038596042382633186,0.9990854719604083,2.5992103031471596,0.09068816540520738,-0.0008096201528553246,26.610582147012117,20.0,0.0,2.0,18.155216564964892,1.4759653552277565,1.0259653552277566,0,0,0
12.642383575,1787250888.655062437,1787250888.654982805,2.8938026539728416,6.009302572499307,1.9997676612855322,-0.07816264690902842,0.0,0.0,0.0,0.0,0.0014158659612210976,-0.018655548886388873,-0.03902471794944356,0.9990630796943173,2.594119663780168,0.09034012303453764,-0.0007575080097831948,26.636564627837032,20.0,0.0,2.0,18.131015004766134,1.4754587131868684,1.0254587131868684,0,0,0
12.652381897,1787250888.665060759,1787250888.664983034,2.919718060235398,6.0102055827693475,1.999760369242317,-0.07889546503053305,0.0,0.0,0.0,0.0,-0.00019106519314322217,-0.019150310919641738,-0.039419473058164886,0.999039205551809,2.5889483995746554,0.0903154096854607,-0.0007003530579532416,26.662495762838706,20.0,0.0,2.0,18.106866165806373,1.4753545405004034,1.0253545405004034,0,0,0
12.662383080,1787250888.675061941,1787250888.674983025,2.9455813634650148,6.011109935965705,1.9997536662759599,-0.07956723365778225,0.0,0.0,0.0,0.0,-0.0017493033730862357,-0.01962712240310383,-0.03978442674696829,0.9990139715701165,2.583699621066719,0.09060706789975854,-0.0006396158623626052,26.68837487320944,20.0,0.0,2.0,18.08277184928068,1.4757043207882783,1.0257043207882783,0,0,0
12.672394037,1787250888.685072899,1787250888.684982777,2.971391807301688,6.012018735695547,1.9997475917342002,-0.08018768953516767,0.0,0.0,0.0,0.0,-0.003228404633810872,-0.020078863647902196,-0.040123669659789765,0.998987741551998,2.5783772678418635,0.09120204958578268,-0.0005743863091971214,26.714201312470305,20.0,0.0,2.0,18.058733796213296,1.4765048945938437,1.0265048945938438,0,0,0
12.682384729,1787250888.695063591,1787250888.694983006,2.9971486798585176,6.012934931190758,1.9997421942750404,-0.08075703925117711,0.0,0.0,0.0,0.0,-0.0046191728719124515,-0.020501381191723265,-0.04043688496816096,0.9989610677825652,2.572986246692022,0.0920832700222404,-0.0005044467808274006,26.73997447539663,20.0,0.0,2.0,18.034753659754678,1.4760620471115904,1.0260620471115904,0,0,0
12.692387104,1787250888.705065966,1787250888.704982996,3.022851321951091,6.0138612942713605,1.9997375156670982,-0.08127290560673833,0.0,0.0,0.0,0.0,-0.005917434308051083,-0.020890985792478507,-0.04072254770289592,0.9989345447988139,2.567532156075717,0.09323245330405303,-0.00043057377131268843,26.765693806277998,20.0,0.0,2.0,18.01083298940421,1.4754702828431063,1.0254702828431064,0,0,0
12.702383757,1787250888.715062618,1787250888.714983225,3.048499133060571,6.0148004141924085,1.9997335947268549,-0.08173285540538842,0.0,0.0,0.0,0.0,-0.007134231008449288,-0.0212461295669203,-0.04097943273122404,0.9989085998325227,2.562021098690326,0.094631901699041,-0.000353127489669183,26.79135880532938,20.0,0.0,2.0,17.98697322329105,1.4753256716689411,1.0253256716689412,0,0,0
12.712369442,1787250888.725048304,1787250888.724983215,3.0740915754983944,6.01575471458879,1.9997304593040304,-0.08213646012280183,0.0,0.0,0.0,0.0,-0.008277739048117525,-0.021565632078033078,-0.04120728302185951,0.9988835579662338,2.5564595218641437,0.09626606596082735,-0.0002738450871522379,26.81696903393068,20.0,0.0,2.0,17.96317568954231,1.4756254527338488,1.0256254527338489,0,0,0
12.722366095,1787250888.735044956,1787250888.734982729,3.0996281772423555,6.016726469653466,1.9997281192306002,-0.08249019621273372,0.0,0.0,0.0,0.0,-0.009351517316095306,-0.021848819485820726,-0.041409212123083766,0.9988595773993001,2.5508540703140126,0.09812047755572197,-0.00019413942940483853,26.84252411839564,20.0,0.0,2.0,17.939441608701436,1.4763664616078738,1.0263664616078738,0,0,0
12.732385159,1787250888.745064020,1787250888.744983196,3.125108532748556,6.017717810986832,1.999726578954323,-0.08280035774254803,0.0,0.0,0.0,0.0,-0.010356629939692955,-0.02209594801364597,-0.04158821002318761,0.9988367885118858,2.545211360571659,0.10018098684854884,-0.00011362661817794286,26.868023751270137,20.0,0.0,2.0,17.915772094971036,1.4761468664329855,1.0261468664329856,0,0,0
12.742383957,1787250888.755062819,1787250888.754983187,3.1505323015069764,6.018730733891863,1.9997258510802494,-0.08306682723997959,0.0,0.0,0.0,0.0,-0.011307603615105381,-0.02230980621108461,-0.04174440946244829,0.9988152055940773,2.5395377474622083,0.1024349510565326,-3.1808461400222206e-05,26.893467690258095,20.0,0.0,2.0,17.892168159415778,1.4755009799639325,1.0255009799639325,0,0,0
12.752383947,1787250888.765062809,1787250888.764982939,3.175899204203355,6.0197671219941835,1.9997259454976415,-0.08328814343600191,0.0,0.0,0.0,0.0,-0.012217528503801697,-0.022493970609298287,-0.041877283397815664,0.9987947969521597,2.533839062718898,0.10487260704424486,5.0876036476558636e-05,26.918855755420985,20.0,0.0,2.0,17.86863072161024,1.4752927240439693,1.0252927240439693,0,0,0
12.762383461,1787250888.775062323,1787250888.774982929,3.2012090165804334,6.020828775613034,1.999726870940769,-0.0834620794390864,0.0,0.0,0.0,0.0,-0.013104487782263004,-0.022652249479613328,-0.04198607249586601,0.9987754090434194,2.5281205027218143,0.10748724399103765,0.00013425321772821767,26.94418782426318,20.0,0.0,2.0,17.84516062478755,1.4755193800912452,1.0255193800912452,0,0,0
12.772382975,1787250888.785061836,1787250888.784983158,3.226461563219339,6.021917444253344,1.9997286313875333,-0.08358746553792733,0.0,0.0,0.0,0.0,-0.013979003704402448,-0.022789312850780598,-0.04207041016634107,0.9987568849643328,2.5223865873610576,0.11027514618703492,0.00021792441147148477,26.96946382699814,20.0,0.0,2.0,17.82175865253488,1.4761778494661462,1.0261778494661462,0,0,0
12.782381058,1787250888.795059919,1787250888.794982910,3.2516567081223062,6.023034849230113,1.999731229360027,-0.08366400964393986,0.0,0.0,0.0,0.0,-0.01484764735519931,-0.02291400243250715,-0.04213034995500888,0.9987389696378164,2.5166405494841517,0.11323427585882788,0.0003015681650350895,26.99468373832457,20.0,0.0,2.0,17.798425545251543,1.4772646633792992,1.0272646633792992,0,0,0
12.792382479,1787250888.805061340,1787250888.804983139,3.2767943390110683,6.0241826955400715,1.999734659535308,-0.08369228632651607,0.0,0.0,0.0,0.0,-0.0157080264889802,-0.023034681010565005,-0.04216619498548371,0.9987215194312222,2.510883896187243,0.11636310500641939,0.0003842832139111779,27.01984756254938,20.0,0.0,2.0,17.7751620189348,1.4787760027082866,1.0287760027082866,0,0,0
12.802380085,1787250888.815058947,1787250888.814982891,3.3018743502889754,6.025362669420564,1.9997389098950806,-0.08367082774935113,0.0,0.0,0.0,0.0,-0.01655437003689716,-0.02315928780531972,-0.042177169455030486,0.9987045041441406,2.5051164685861984,0.11965930718973006,0.00046545165299685844,27.044955316772413,20.0,0.0,2.0,17.751968780384676,1.4807077100157857,1.0307077100157858,0,0,0
12.812380791,1787250888.825059652,1787250888.824982882,3.326896627487043,6.026576426626529,1.999743960048303,-0.08359923389849394,0.0,0.0,0.0,0.0,-0.017375126531134023,-0.023292675344833706,-0.042162870155790504,0.9986880637283762,2.499336746679492,0.12311890770005215,0.0005440744361041526,27.070007015082826,20.0,0.0,2.0,17.72884653783291,1.4830553040812602,1.0330553040812602,0,0,0
12.822384596,1787250888.835063457,1787250888.834982634,3.351861036577035,6.027825571301623,1.9997497802847914,-0.08347704899559309,0.0,0.0,0.0,0.0,-0.018157891822695376,-0.023436862318340003,-0.042122809354262346,0.9986724555034704,2.493542424930035,0.12673554011778815,0.0006193646225725568,27.095002657053115,20.0,0.0,2.0,17.705796003740964,1.4858139938110162,1.0358139938110162,0,0,0
12.832386255,1787250888.845065117,1787250888.844983339,3.3767674189992007,6.0291116313179405,1.9997563332071244,-0.08330557099338341,0.0,0.0,0.0,0.0,-0.01888870495040978,-0.023590356833190766,-0.042057276678761475,0.9986580482668456,2.487731025325235,0.13050024725265905,0.0006904058313975959,27.119942221577492,20.0,0.0,2.0,17.68281789094468,1.4889786902281146,1.0389786902281146,0,0,0
12.842384338,1787250888.855063200,1787250888.854983091,3.4016155934317718,6.03043603142606,1.999763572021363,-0.08308593578003229,0.0,0.0,0.0,0.0,-0.019555400259787508,-0.023748560938235522,-0.0419664565346386,0.998645286725957,2.4819005649412875,0.13440143359209974,0.000756533310250031,27.144825667092096,20.0,0.0,2.0,17.659912901631966,1.4925440231094016,1.0425440231094016,0,0,0
12.852385759,1787250888.865064621,1787250888.864983082,3.426405363433635,6.031800069074569,1.999771445574027,-0.08282150099630486,0.0,0.0,0.0,0.0,-0.0201484606589138,-0.023904340900668564,-0.04185164169085477,0.9986345988933897,2.476050105876915,0.13842529662215802,0.0008171313441689168,27.169652937530962,20.0,0.0,2.0,17.637081711630938,1.4965043527614863,1.0465043527614863,0,0,0
12.862383604,1787250888.875062466,1787250888.874983072,3.4511365313877183,6.033204895843379,1.999779894513621,-0.08251779267059564,0.0,0.0,0.0,0.0,-0.020664729297679693,-0.024046604600353808,-0.041715272884733354,0.9986263394175021,2.4701804737879702,0.14255669834193216,0.0008716987788976829,27.194423974610746,20.0,0.0,2.0,17.614324950631662,1.5008537930276264,1.0508537930276265,0,0,0
12.872380733,1787250888.885059595,1787250888.884983063,3.4758089187476067,6.034651510226981,1.9997888599492024,-0.08218150801529954,0.0,0.0,0.0,0.0,-0.02110543345944555,-0.02416458869535379,-0.041560471445535326,0.9986207290783113,2.464294666669034,0.14678027840858993,0.0009203552483160384,27.21913873683073,20.0,0.0,2.0,17.591643180334405,1.5055862250030692,1.0555862250030692,0,0,0
12.882384777,1787250888.895063639,1787250888.894983292,3.5004223878286864,6.036140759822505,1.9997982827935623,-0.08181697529321046,0.0,0.0,0.0,0.0,-0.021477802994771533,-0.024247448464399718,-0.04138931672151169,0.9986178897270018,2.458397856775841,0.15108143940826366,0.0009633626682785121,27.243797220428732,20.0,0.0,2.0,17.56903687437491,1.510695322556683,1.060695322556683,0,0,0
12.892385244,1787250888.905064106,1787250888.904982805,3.524976862627624,6.037673354238897,1.9998081090487612,-0.08142879261572457,0.0,0.0,0.0,0.0,-0.021791394343280496,-0.024287748513623288,-0.041204145035924906,0.9986177741441282,2.4524971192011567,0.15544723035886654,0.0010008539115432347,27.268399479976427,20.0,0.0,2.0,17.546506402878713,1.5161745740550208,1.0661745740550208,0,0,0
12.902381897,1787250888.915060759,1787250888.914982796,3.5494723453612034,6.039249883037824,1.9998182816628176,-0.08102057856691874,0.0,0.0,0.0,0.0,-0.022057077891641505,-0.024279269339964084,-0.04100686676568996,0.998620267806167,2.4466009566797657,0.15986667527492407,0.0010328802281455384,27.292945645071754,20.0,0.0,2.0,17.52405202282936,1.5220173180937293,1.0720173180937294,0,0,0
12.912381649,1787250888.925060511,1787250888.924983025,3.573908928019787,6.040870836868527,1.999828751019306,-0.08059565256760598,0.0,0.0,0.0,0.0,-0.022284464327780328,-0.024221721557501116,-0.040799332562801556,0.9986251175074883,2.440718651885748,0.16433090519015908,0.0010601788173393268,27.317435932390577,20.0,0.0,2.0,17.501673874291082,1.5282167610978685,1.0782167610978686,0,0,0
12.922382593,1787250888.935061455,1787250888.934982777,3.598286793688914,6.042536625599056,1.9998394720580426,-0.0801524888507421,0.0,0.0,0.0,0.0,-0.022478157108927352,-0.024121902492496017,-0.040580996827392773,0.9986320888944157,2.4348588720443765,0.16883249534514153,0.0010834995270929241,27.341870647482377,20.0,0.0,2.0,17.479371985273236,1.5347660058500154,1.0847660058500155,0,0,0
12.932386160,1787250888.945065022,1787250888.944982767,3.6226062037952214,6.044247588991373,1.9998504079346695,-0.07969038970870074,0.0,0.0,0.0,0.0,-0.022640988882185843,-0.023990496022538468,-0.040351773007892076,0.9986408644443451,2.4290285304748234,0.17336475899079679,0.0011027745206985062,27.36625017215457,20.0,0.0,2.0,17.457146287276526,1.5416580691333384,1.0916580691333384,0,0,0
12.942384481,1787250888.955063343,1787250888.954982758,3.646867479254148,6.046004001992582,1.9998615121895111,-0.07921019605926591,0.0,0.0,0.0,0.0,-0.02277329534130489,-0.023836369245285205,-0.04011225821415479,0.998651195994608,2.423232618181186,0.17792138969144236,0.001117437436216362,27.39057494546963,20.0,0.0,2.0,17.43499663471045,1.5488859162526811,1.0988859162526812,0,0,0
12.952385664,1787250888.965064526,1787250888.964990854,3.6710709818276914,6.047806077483688,1.9998727413379447,-0.07871452291585603,0.0,0.0,0.0,0.0,-0.022875118072347593,-0.02366839189171732,-0.03986393851450012,0.9986628072600624,2.4174743633927043,0.18249621935461177,0.0011273715460551161,27.414845444825783,20.0,0.0,2.0,17.412922823223937,1.556442463921616,1.106442463921616,0,0,0
12.962388754,1787250888.975067616,1787250888.974982977,3.6952170983550485,6.049653965851083,1.9998840423714903,-0.0782053919576974,0.0,0.0,0.0,0.0,-0.02294376195719,-0.023491426727923214,-0.039607864661020904,0.9986755998393736,2.4117556310270434,0.18708287475720248,0.0011321269747754988,27.439062169676273,20.0,0.0,2.0,17.390924604222672,1.5643206057108816,1.1143206057108817,0,0,0
12.972383738,1787250888.985062599,1787250888.984982729,3.7193062296225348,6.05154775167813,1.9998953635548204,-0.07768430243843301,0.0,0.0,0.0,0.0,-0.022976677880333477,-0.023309547484241917,-0.039344820412459604,0.9986895024863206,2.4060774416078474,0.19167450143768408,0.0011306211748033732,27.463225629655135,20.0,0.0,2.0,17.36900169401215,1.5725132147392913,1.1225132147392913,0,0,0
12.982387304,1787250888.995066166,1787250888.994983196,3.7433387842300045,6.053487446477984,1.999906632383804,-0.07714465696003324,0.0,0.0,0.0,0.0,-0.02296585443964523,-0.023122333607762457,-0.03907132968224994,0.9987048404885446,2.400440371367203,0.19626325370504544,0.0011223447124931872,27.487336337315096,20.0,0.0,2.0,17.347153776850668,1.5810131773184068,1.131013177318407,0,0,0
12.992384672,1787250889.005063534,1787250889.004983187,3.7673151759811727,6.05547297663698,1.9999177916065043,-0.0765819390529406,0.0,0.0,0.0,0.0,-0.022905430702766415,-0.022929172057554008,-0.03878500989569911,0.9987218418160615,2.394845002660747,0.20083991682585858,0.0011081786998023598,27.51139480393178,20.0,0.0,2.0,17.325380502992427,1.589813371929614,1.139813371929614,0,0,0
13.002388239,1787250889.015067101,1787250889.014983416,3.791235826802589,6.057504168966207,1.999928774368171,-0.07599788044993089,0.0,0.0,0.0,0.0,-0.022786730997197274,-0.022725624895640673,-0.038486461600262006,0.9987407587242325,2.38929241734609,0.20539377896594282,0.0010875343075027032,27.535401540457585,20.0,0.0,2.0,17.303681480668907,1.5989067064520306,1.1489067064520306,0,0,0
13.012382984,1787250889.025061846,1787250889.024982929,3.8151011727965214,6.05958073648831,1.9999395227770267,-0.07539747014083126,0.0,0.0,0.0,0.0,-0.022606038482354048,-0.022508499601980318,-0.03817806446886248,0.9987616181367872,2.3837844068023717,0.20991289147464273,0.0010608488928983831,27.559357061483276,20.0,0.0,2.0,17.282056265169672,1.6082861153311323,1.1582861153311323,0,0,0
13.022374868,1787250889.035053730,1787250889.034982681,3.838911672381945,6.061702268321806,1.9999499710127024,-0.07478547831974279,0.0,0.0,0.0,0.0,-0.02235834264269764,-0.022271770047186615,-0.03786201331518239,0.9987845316788592,2.3783236638105354,0.2143844443601854,0.0010280599586410131,27.583261891476262,20.0,0.0,2.0,17.260504347363465,1.6179445901079723,1.1679445901079724,0,0,0
13.032387018,1787250889.045065880,1787250889.044982910,3.862667815573979,6.063868222857261,1.9999600666702309,-0.07416788660423783,0.0,0.0,0.0,0.0,-0.02204497578375728,-0.022012184840127024,-0.037541323953275925,0.998809357063245,2.372913804162734,0.21879524473811338,0.0009898717527140049,27.607116572365605,20.0,0.0,2.0,17.23902514228356,1.6278751749434606,1.1778751749434606,0,0,0
13.042385817,1787250889.055064678,1787250889.054983139,3.886370132922006,6.066077927162076,1.9999697506516123,-0.07355150729159327,0.0,0.0,0.0,0.0,-0.02166590334982465,-0.021724539445098678,-0.03721936997932363,0.998835998308169,2.3675593081525736,0.22313224449535998,0.0009463434715656709,27.63092167128497,20.0,0.0,2.0,17.217617980211603,1.6380709998845657,1.1880709998845658,0,0,0
13.052383900,1787250889.065062761,1787250889.064983368,3.910019203007148,6.068330580563418,1.999978985679743,-0.07294185155144249,0.0,0.0,0.0,0.0,-0.0212286647241416,-0.021409597095250053,-0.03689917298230642,0.9988640668176381,2.3622651635008967,0.2273831582164808,0.0009004241506048627,27.65467778730852,20.0,0.0,2.0,17.196282100589112,1.6485252690994177,1.1985252690994177,0,0,0
13.062384129,1787250889.075062990,1787250889.074982882,3.933615651337682,6.0706252685537,1.9999877600829292,-0.07233541063018697,0.0,0.0,0.0,0.0,-0.02074437098724542,-0.021075961873508433,-0.03657947120670904,0.9988930959765853,2.357035491528166,0.23153763263143484,0.0008547363395237447,27.678385550673678,20.0,0.0,2.0,17.175016657642402,1.6592312680062582,1.2092312680062582,0,0,0
13.072382212,1787250889.085061073,1787250889.084982872,3.9571601352005468,6.0729609857840625,1.9999960811120563,-0.07172953242337839,0.0,0.0,0.0,0.0,-0.020227875436495995,-0.020735531738409203,-0.03625954606515558,0.9989224775216543,2.3518724754318074,0.23558794277110703,0.0008090161358487538,27.70204560909686,20.0,0.0,2.0,17.15382074240224,1.6701823725506275,1.2201823725506276,0,0,0
13.082384348,1787250889.095063210,1787250889.094982862,3.9806533247140736,6.075336660889134,2.0000039355790404,-0.07112738925487698,0.0,0.0,0.0,0.0,-0.019683287660034982,-0.02039468652415679,-0.03594122447765091,0.9989518773852527,2.3467765853912583,0.23952831957665377,0.0007618501121292421,27.7256586107573,20.0,0.0,2.0,17.13269340898136,1.6813720834326955,1.2313720834326956,0,0,0
13.092404127,1787250889.105082989,1787250889.104982853,4.004095888462491,6.077751169514386,2.00001131394237,-0.07053449507213069,0.0,0.0,0.0,0.0,-0.019115479317950834,-0.020058796834093062,-0.03562748376375788,0.9989809435222861,2.3417471500560882,0.24335390431601803,0.0007132308269117348,27.74922519093857,20.0,0.0,2.0,17.111633692437554,1.692758693388419,1.242758693388419,0,0,0
13.102385521,1787250889.115064383,1787250889.114982843,4.027488485483018,6.080203340726426,2.0000181932344474,-0.06995611783586593,0.0,0.0,0.0,0.0,-0.01852053026452062,-0.019727206852500782,-0.03532088250452489,0.9990096408581958,2.336783054278952,0.24705999023001407,0.0006625213347977331,27.77274596444504,20.0,0.0,2.0,17.090640618370315,1.7042629069151383,1.2542629069151383,0,0,0
13.112385988,1787250889.125064850,1787250889.124983072,4.05083176370576,6.082691954102207,2.0000245643019365,-0.0693957010688161,0.0,0.0,0.0,0.0,-0.017900163192801237,-0.01940105399661543,-0.03502321566091303,0.9990378159140227,2.3318831840943863,0.25064154410094874,0.0006117613453769113,27.796221523550393,20.0,0.0,2.0,17.069713203177148,1.7159867238107613,1.2659867238107614,0,0,0
13.122376919,1787250889.135055780,1787250889.134983063,4.074126357504228,6.085215742391934,2.0000304349372486,-0.06884700628328376,0.0,0.0,0.0,0.0,-0.017260674238107822,-0.019085952178424428,-0.03473159459570835,0.9990653191314011,2.3270457730496625,0.2540943945680367,0.0005628903387254856,27.819652435654522,20.0,0.0,2.0,17.04885045711653,1.7279241869597468,1.2779241869597469,0,0,0
13.132383823,1787250889.145062685,1787250889.144983292,4.097372877715098,6.087773404646092,2.0000358282530537,-0.06830496730479099,0.0,0.0,0.0,0.0,-0.016611841482924494,-0.01878806064450226,-0.034443768160999214,0.9990919288707302,2.322267913487064,0.25741606474341533,0.0005156462236505987,27.84303923464901,20.0,0.0,2.0,17.0280513981498,1.7400694307658064,1.2900694307658065,0,0,0
13.142382383,1787250889.155061245,1787250889.154983044,4.120571902891744,6.09036362032943,2.0000407484447114,-0.06777198841251567,0.0,0.0,0.0,0.0,-0.015949836584244394,-0.018506755172954272,-0.034160833924810924,0.9991176808321759,2.3175462020975197,0.26060469425146016,0.00046858104361264207,27.866382413752145,20.0,0.0,2.0,17.007315065016105,1.7524167066585468,1.3024167066585468,0,0,0
13.152387142,1787250889.165066004,1787250889.164983749,4.143723978371136,6.0929850465483115,2.0000452000632927,-0.06725312367638948,0.0,0.0,0.0,0.0,-0.015271916797342175,-0.018239677983130392,-0.03388521507780661,0.999142569858545,2.312877509906621,0.26365768616863067,0.00042140383953979927,27.88968242435818,20.0,0.0,2.0,16.98664051699414,1.7649603665047708,1.3149603665047709,0,0,0
13.162404060,1787250889.175082922,1787250889.174982786,4.166829622435322,6.095636308814822,2.0000491738159223,-0.06675344813807292,0.0,0.0,0.0,0.0,-0.01456637022608662,-0.017979055269607493,-0.03361911889507327,0.9991668175408789,2.308259672925771,0.2665710353037006,0.0003734150496603856,27.91293968118304,20.0,0.0,2.0,16.966026824709175,1.7776948781182507,1.3276948781182507,0,0,0
13.172390461,1787250889.185069323,1787250889.184983253,4.189889338713908,6.098315982286061,2.0000526660553253,-0.06627603789462894,0.0,0.0,0.0,0.0,-0.013827177713238749,-0.01771793721595952,-0.033363900294120674,0.9991905393939946,2.303691954726714,0.269338845965126,0.0003245817983503971,27.936154572459053,20.0,0.0,2.0,16.94547305166461,1.7906148161103395,1.3406148161103395,0,0,0
13.182385683,1787250889.195064545,1787250889.194983006,4.212903631052354,6.101022575842308,2.000055663031327,-0.06581447952754083,0.0,0.0,0.0,0.0,-0.013044147830948311,-0.017446999196489007,-0.03311609885170377,0.9992140793760096,2.299175147420112,0.2719536386280683,0.0002749874022653192,27.95932747278465,20.0,0.0,2.0,16.924978234446147,1.8037148837774601,1.3537148837774602,0,0,0
13.192384243,1787250889.205063105,1787250889.204983234,4.2358730187503815,6.103754515912174,2.0000581684554533,-0.06536337407627532,0.0,0.0,0.0,0.0,-0.012215888674871538,-0.01716004880859214,-0.032872989453061496,0.9992375450077868,2.294711512352174,0.2744066767528082,0.00022601391206696916,27.982458756234664,20.0,0.0,2.0,16.9045413624524,1.8169898997573408,1.3669898997573409,0,0,0
13.202383757,1787250889.215062618,1787250889.214982986,4.258798050419665,6.106510139338615,2.0000601858367446,-0.06492589357262317,0.0,0.0,0.0,0.0,-0.01133839082922314,-0.016849713789576642,-0.03263609707276162,0.9992609334935848,2.290304650890539,0.2766886980390682,0.00017779143082455415,28.005548809105452,20.0,0.0,2.0,16.88416136214468,1.8304348214576327,1.3804348214576327,0,0,0
13.212383270,1787250889.225062132,1787250889.224982500,4.281679316369315,6.109287688912052,2.0000617296813856,-0.06450749277305322,0.0,0.0,0.0,0.0,-0.010416791428412899,-0.016513142532654224,-0.03240831677090167,0.999283997462238,2.2859591906936805,0.27879046581653855,0.0001310602138029799,28.028598041532476,20.0,0.0,2.0,16.863837083628244,1.8440447441048085,1.3940447441048085,0,0,0
13.222386837,1787250889.235065699,1787250889.234982967,4.304517456438842,6.112085319544405,2.0000628127515236,-0.06411356070881749,0.0,0.0,0.0,0.0,-0.009453256020397392,-0.01614675581512286,-0.03219246583718423,0.9993065412427667,2.2816804045868744,0.2807035334991165,8.60298816317795e-05,28.051606895918635,20.0,0.0,2.0,16.843567295337667,1.8578149165275086,1.4078149165275087,0,0,0
13.232393742,1787250889.245072603,1787250889.244983196,4.32731316526266,6.114901106056688,2.0000634580043384,-0.06374930951722095,0.0,0.0,0.0,0.0,-0.008457973985490827,-0.015751767878117343,-0.03199145180958921,0.9993282201038303,2.2774738547836373,0.2824206079943197,4.319030489171892e-05,28.074575853119157,20.0,0.0,2.0,16.823350681734876,1.8717407355044726,1.4217407355044727,0,0,0
13.242367029,1787250889.255045891,1787250889.254983187,4.350067192603931,6.117733059445204,2.000063684129584,-0.06342168898920422,0.0,0.0,0.0,0.0,-0.007436586807680405,-0.015328048892271805,-0.031808955955681284,0.9993487571487831,2.2733450179004753,0.28393605501898217,2.603159238843474e-06,28.09750543489234,20.0,0.0,2.0,16.803185848722148,1.8858177580299444,1.4358177580299445,0,0,0
13.252389193,1787250889.265068054,1787250889.264982939,4.372780341491339,6.120579142056726,2.0000635237021993,-0.06313402897644838,0.0,0.0,0.0,0.0,-0.006405364172376331,-0.014883142432467314,-0.03164704444699967,0.9993677641183568,2.26929885185906,0.2852461359224774,-3.3906751750034e-05,28.12039620418127,20.0,0.0,2.0,16.78307133076347,1.9000416862024907,1.4500416862024907,0,0,0
13.262388706,1787250889.275067568,1787250889.274983168,4.395453453305437,6.123437300292329,2.000063024306723,-0.06287641975687112,0.0,0.0,0.0,0.0,-0.005394926918333598,-0.014437750515769803,-0.031501372697975205,0.9993848656257176,2.2653376338090485,0.2863518879903426,-6.496494516177691e-05,28.14324875476285,20.0,0.0,2.0,16.763005616611263,1.9144083572722495,1.4644083572722495,0,0,0
13.272388220,1787250889.285067081,1787250889.284983397,4.418087370976551,6.12630552373301,2.000062245414335,-0.06263919099585316,0.0,0.0,0.0,0.0,-0.004438254569678484,-0.01401500027445079,-0.03136761865692411,0.9993997969598932,2.2614593295732055,0.28726099567125934,-8.975516509539964e-05,28.166063682671023,20.0,0.0,2.0,16.742987205170902,1.9289137222540609,1.478913722254061,0,0,0
13.282384396,1787250889.295063257,1787250889.294982672,4.440682897215931,6.12918190728425,2.000061249475096,-0.062422684717069736,0.0,0.0,0.0,0.0,-0.0035533447947046176,-0.013631572162726561,-0.031246103221294085,0.9994124448968137,2.2576581330346754,0.2879863171303158,-0.00010847266027727615,28.18884155327739,20.0,0.0,2.0,16.723014667257843,1.9435538244008437,1.4935538244008437,0,0,0
13.292385817,1787250889.305064678,1787250889.304983377,4.463240762695266,6.1320646895922195,2.0000600932225145,-0.06222972749169605,0.0,0.0,0.0,0.0,-0.0027508184780850207,-0.013298573396181396,-0.031138209679109533,0.9994228298579669,2.2539256088108655,0.28854352376957565,-0.0001220285740538231,28.211582875361994,20.0,0.0,2.0,16.703086689559175,1.958324782462555,1.508324782462555,0,0,0
13.302383900,1787250889.315062761,1787250889.314982891,4.485761605813875,6.134952272217181,2.000058822982946,-0.06206286798549518,0.0,0.0,0.0,0.0,-0.0020267991039731236,-0.013018270153854525,-0.031044958940051923,0.9994311518318828,2.250252015322399,0.2889490177653591,-0.0001313611712084813,28.23428808423138,20.0,0.0,2.0,16.683202100840287,1.9650996939102467,1.5150996939102468,0,0,0
13.312386274,1787250889.325065136,1787250889.324983120,4.5082459669112795,6.137843214872222,2.0000574783559473,-0.061922944959245226,0.0,0.0,0.0,0.0,-0.0013740713122963653,-0.012789128216825603,-0.030966497117568076,0.999437654975912,2.246627603481691,0.2892179336035089,-0.00013697728218213046,28.25695753603775,20.0,0.0,2.0,16.66335987594871,1.962174494203818,1.512174494203818,0,0,0
13.322366953,1787250889.335045815,1787250889.334982872,4.530694290090796,6.1407362204908775,2.0000560943916508,-0.06180590815528406,0.0,0.0,0.0,0.0,-0.0007821129167149018,-0.012609673433736139,-0.030900519346707397,0.9994426158311361,2.2430428656580736,0.2893636598737005,-0.00013930933332797482,28.279591508225522,20.0,0.0,2.0,16.643559128967116,1.959504578991055,1.509504578991055,0,0,0
13.332362890,1787250889.345041752,1787250889.344982862,4.553106926052307,6.14363011533565,2.000054701486436,-0.06170799971707917,0.0,0.0,0.0,0.0,-0.0002394082383141472,-0.012475732245875988,-0.030844887442105593,0.9994462925576885,2.239488717146965,0.2893974591977405,-0.00013883759261411867,28.30219020022431,20.0,0.0,2.0,16.623799103545032,1.9569321839670115,1.5069321839670116,0,0,0
13.342384100,1787250889.355062962,1787250889.354983568,4.575484140002228,6.14652382345059,2.0000533258171376,-0.0616312273075406,0.0,0.0,0.0,0.0,0.000276316941951809,-0.01237801306721568,-0.03080024858085048,0.9994488746948557,2.235957305046892,0.28932723870675975,-0.00013591525298302208,28.32475373834907,20.0,0.0,2.0,16.604079156352277,1.9536303868156195,1.5036303868156196,0,0,0
13.352385283,1787250889.365064144,1787250889.364982843,4.597826127933643,6.149416325636553,2.000051989825353,-0.06157848567251416,0.0,0.0,0.0,0.0,0.0007853994192506872,-0.012305153351204362,-0.030767757719473,0.9994505047443177,2.2324427055929927,0.2891565352368769,-0.00013099716522544793,28.34728218692877,20.0,0.0,2.0,16.584398726938275,1.9505852677795639,1.500585267779564,0,0,0
13.362390518,1787250889.375069380,1787250889.374982595,4.620133037976936,6.152306616837186,2.000050711619644,-0.061553213882820826,0.0,0.0,0.0,0.0,0.0013116587530907727,-0.012243285908265062,-0.030748837759044176,0.999451294700223,2.228941350726209,0.28888449483798584,-0.00012436127681695643,28.369775564188263,20.0,0.0,2.0,16.564757302166512,1.947797819697519,1.497797819697519,0,0,0
13.372386932,1787250889.385065794,1787250889.384983063,4.642404995340579,6.155193661636058,2.0000495075062976,-0.061557645414215136,0.0,0.0,0.0,0.0,0.0018709578755286142,-0.012179443162906737,-0.03074443845564773,0.9994513195673497,2.225452198495068,0.28850619097189106,-0.00011626034758416618,28.392233861406183,20.0,0.0,2.0,16.545154376488473,1.9452689715510147,1.4952689715510148,0,0,0
13.382366657,1787250889.395045519,1787250889.394983292,4.6646421274579,6.158076360174832,2.0000483905750297,-0.06159321378459837,0.0,0.0,0.0,0.0,0.0024778855002738497,-0.012099456531899535,-0.03075516320610345,0.9994506406877962,2.2219767818222453,0.28801367314176535,-0.00010691663021261285,28.414657063606498,20.0,0.0,2.0,16.525589415782566,1.9422458836322876,1.4922458836322876,0,0,0
13.392384291,1787250889.405063152,1787250889.404983282,4.686844589659479,6.160953521388887,2.0000473723826078,-0.061660525406877165,0.0,0.0,0.0,0.0,0.003136408961175038,-0.011992776152965358,-0.030781355908628044,0.999449270542232,2.218519032601814,0.28739703174824205,-9.661063711427667e-05,28.43704517173338,20.0,0.0,2.0,16.506061823348396,1.939091485112649,1.489091485112649,0,0,0
13.402389288,1787250889.415068150,1787250889.414982796,4.709012586404776,6.163823852140671,2.0000464615016673,-0.06176272110563226,0.0,0.0,0.0,0.0,0.003848332568697165,-0.01184979732816132,-0.030824684067528647,0.9994471529259861,2.215084820136955,0.28664580408947316,-8.538025367724966e-05,28.459398222512945,20.0,0.0,2.0,16.486570915903176,1.9361975067216537,1.4861975067216537,0,0,0
13.412385702,1787250889.425064564,1787250889.424982786,4.73114638863039,6.16668595549245,2.000045667901031,-0.06190204608545716,0.0,0.0,0.0,0.0,0.004605758105194214,-0.011666289638744505,-0.030886487342469803,0.9994442003323571,2.2116813986545343,0.2857500457282391,-7.321526884634129e-05,28.481716305700996,20.0,0.0,2.0,16.46711590659361,1.9335653030563928,1.483565303056393,0,0,0
13.422365427,1787250889.435044289,1787250889.434983253,4.7532463435382555,6.169538343316879,2.000045000533912,-0.06208144213099316,0.0,0.0,0.0,0.0,0.005400713529224289,-0.01143932786987464,-0.030968463123644322,0.999440307553693,2.2083167309724137,0.28470143652953417,-6.0070933890501877e-05,28.503999575741005,20.0,0.0,2.0,16.447695900414498,1.9310281212354152,1.4810281212354153,0,0,0
13.432391882,1787250889.445070744,1787250889.444983006,4.775312879431867,6.1723794539498105,2.0000444696546547,-0.06230231641359694,0.0,0.0,0.0,0.0,0.006218557476802667,-0.011171300838935208,-0.031071587634092047,0.9994353846159194,2.2049988986315374,0.28349384244728554,-4.5965891531911194e-05,28.526248259213393,20.0,0.0,2.0,16.428309896173513,1.9277790084783222,1.4777790084783222,0,0,0
13.442384958,1787250889.455063820,1787250889.454982758,4.797346503142366,6.175207678344492,2.000044084735296,-0.06256719476222525,0.0,0.0,0.0,0.0,0.007047882164430377,-0.010864651718758543,-0.031197343323877497,0.9994293434103076,2.2017355306550046,0.2821237847956597,-3.083255105770148e-05,28.548462656058472,20.0,0.0,2.0,16.40895679859466,1.9247945329321388,1.4747945329321388,0,0,0
13.452387094,1787250889.465065956,1787250889.464982986,4.819347794259414,6.178021385022317,2.0000438552170974,-0.0628752455548782,0.0,0.0,0.0,0.0,0.007870503136311097,-0.0105289887419132,-0.031345521451412554,0.9994221599811528,2.198533326814403,0.2805905012832218,-1.507788008598421e-05,28.570643137481078,20.0,0.0,2.0,16.38963543302208,1.9220763758161157,1.4720763758161157,0,0,0
13.462393045,1787250889.475071907,1787250889.474986315,4.841317386399886,6.180818956808653,2.000043782528561,-0.06321881601032542,0.0,0.0,0.0,0.0,0.00865830913344913,-0.01018621242807668,-0.03151242778089423,0.9994139490995079,2.1953959814512314,0.27889795293896985,4.907021809952508e-07,28.592790132462873,20.0,0.0,2.0,16.370344576661314,1.9196261233215803,1.4696261233215804,0,0,0
13.472398996,1787250889.485077858,1787250889.484982729,4.863255927777603,6.183598845269866,2.000043866322764,-0.06358943358747511,0.0,0.0,0.0,0.0,0.009383807455992077,-0.009859862973314454,-0.03169382614456458,0.9994049372722222,2.1923226686648296,0.27705590753499315,1.652113786542141e-05,28.61490409587167,20.0,0.0,2.0,16.351083015785438,1.9167537618915245,1.4667537618915245,0,0,0
13.482378960,1787250889.495057821,1787250889.494983435,4.885164037753502,6.186359623177806,2.0000441173306656,-0.06398556751282881,0.0,0.0,0.0,0.0,0.010032737880752221,-0.009567147981833243,-0.031888795520750704,0.9993952764398807,2.189308659096867,0.2750783934421525,3.384912534145366e-05,28.636985472129414,20.0,0.0,2.0,16.331849606056597,1.9136982683662385,1.4636982683662385,0,0,0
13.492345810,1787250889.505024672,1787250889.504983187,4.907042274009172,6.189100015199417,2.000044546478267,-0.06440604870428411,0.0,0.0,0.0,0.0,0.010598863981939802,-0.009319316484350543,-0.03209654349121826,0.9993851241230646,2.186346517450631,0.27298150289845363,5.216613108809471e-05,28.659034666452,20.0,0.0,2.0,16.3126433148853,1.9109133429008274,1.4609133429008274,0,0,0
13.502339602,1787250889.515018463,1787250889.514982939,4.928891111715626,6.191818909414566,2.0000451636347822,-0.06485028022849161,0.0,0.0,0.0,0.0,0.011088158777795823,-0.009118843889703817,-0.03231655020487088,0.9993745744233689,2.1834274634071686,0.27078140357311964,7.136837823645213e-05,28.681052025404814,20.0,0.0,2.0,16.293463245472026,1.9084001737476297,1.4584001737476298,0,0,0
13.512336731,1787250889.525015593,1787250889.524983168,4.950710937616784,6.194515347822579,2.000045974705067,-0.06531610541211365,0.0,0.0,0.0,0.0,0.011509554172723433,-0.008963870831025601,-0.03254756683746796,0.9993637151084837,2.1805427267013675,0.2684926175097972,9.083240198527963e-05,28.703037829531635,20.0,0.0,2.0,16.274308639069442,1.9061224061527535,1.4561224061527536,0,0,0
13.522345066,1787250889.535023928,1787250889.534983158,4.972502052793197,6.197188509519165,2.0000469795271303,-0.06580183991030253,0.0,0.0,0.0,0.0,0.011869720844359595,-0.00885146930668711,-0.03278864172815037,0.999352623547771,2.1776839772877934,0.2661281168305995,0.00011006611729716182,28.72499229365849,20.0,0.0,2.0,16.25517886638065,1.903010551558678,1.453010551558678,0,0,0
13.532341957,1787250889.545020819,1787250889.544982910,4.9942646784068945,6.199837696796852,2.000048174564892,-0.06630480559990531,0.0,0.0,0.0,0.0,0.012176313558563329,-0.00877575490036716,-0.03303838067706357,0.9993413775663899,2.1748436559265207,0.2636995358591598,0.00012889482895360707,28.746915570518084,20.0,0.0,2.0,16.23607341725982,1.9001713408158203,1.4501713408158203,0,0,0
13.542352676,1787250889.555031538,1787250889.554982662,5.015998967411373,6.2024623184902055,2.000049556616119,-0.06682492764611342,0.0,0.0,0.0,0.0,0.012443140479651013,-0.008725213147941623,-0.03329673682961833,0.999329958635798,2.172015865697963,0.2612163313504938,0.00014746478095802563,28.768807759980845,20.0,0.0,2.0,16.21699188380397,1.8976055095488529,1.447605509548853,0,0,0
13.552394867,1787250889.565073729,1787250889.564983130,5.037705025430488,6.205061863553964,2.000051122393926,-0.06736118903781763,0.0,0.0,0.0,0.0,0.012684552208330679,-0.008686815072196269,-0.03356323208144542,0.9993183430876382,2.1691970778824157,0.2586850631423585,0.00016561583134686232,28.790668926274513,20.0,0.0,2.0,16.19793393118929,1.8953136041924565,1.4453136041924566,0,0,0
13.562368870,1787250889.575047731,1787250889.574982882,5.059382935936256,6.20763587135819,2.0000528677298166,-0.06791406898079753,0.0,0.0,0.0,0.0,0.012916902713951052,-0.008645110809128831,-0.03383817164562154,0.9993064564101733,2.1663864745429717,0.2561091728718981,0.0001833864317951658,28.812499119198957,20.0,0.0,2.0,16.178899263211964,1.8928003539916063,1.4428003539916063,0,0,0
13.572368860,1787250889.585047722,1787250889.584982872,5.081032788392572,6.2101839000437895,2.0000547857038224,-0.06848376794961844,0.0,0.0,0.0,0.0,0.013152503336253785,-0.008587462840957396,-0.034121733305552786,0.9992942381772096,2.163585982149741,0.25348912610311014,0.00019983695353045056,28.834298398206336,20.0,0.0,2.0,16.15988758427428,1.889911661419402,1.439911661419402,0,0,0
13.582366943,1787250889.595045805,1787250889.594983101,5.102654702535884,6.2127055015425325,2.000056860188743,-0.06907683289404636,0.0,0.0,0.0,0.0,0.013398975750842283,-0.00850421721723149,-0.03441727673151224,0.9992815403082042,2.1607996236151488,0.25082334630704545,0.00021494617919450563,28.856066853586604,20.0,0.0,2.0,16.140898567428213,1.8872967479928509,1.437296747992851,0,0,0
13.592384338,1787250889.605063200,1787250889.604982853,5.1242488458242486,6.2152002059152185,2.0000590819069477,-0.06969786144315435,0.0,0.0,0.0,0.0,0.013658407196732923,-0.00839069144853935,-0.03472717246948728,0.9992682661338437,2.1580327732400826,0.2481092496286076,0.00022921144546305135,28.87780462208297,20.0,0.0,2.0,16.12193183226069,1.884956157689057,1.434956157689057,0,0,0
13.602385283,1787250889.615064144,1787250889.614982605,5.145815443151667,6.217667516523865,2.0000614413625755,-0.0703492967916095,0.0,0.0,0.0,0.0,0.013929702133854676,-0.008244549942329312,-0.03505271213980521,0.9992543711019505,2.155291470668491,0.2453441698778698,0.00024252992574703072,28.899511896151576,20.0,0.0,2.0,16.102986934066692,1.88289035310082,1.4328903531008201,0,0,0
13.612384558,1787250889.625063419,1787250889.624983311,5.167354780757682,6.220106912289948,2.0000639286239195,-0.07103055527688606,0.0,0.0,0.0,0.0,0.014208136624727977,-0.008067669743219234,-0.035393642669162104,0.9992398769150354,2.15258180729721,0.24252601950855926,0.0002547054396342737,28.921188928291514,20.0,0.0,2.0,16.08406336111357,1.8801768952515892,1.4301768952515892,0,0,0
13.622385502,1787250889.635064363,1787250889.634983063,5.18886720376145,6.222517856331842,2.0000665318024824,-0.07174250871085418,0.0,0.0,0.0,0.0,0.014488326602256513,-0.007862339910456255,-0.03575043252181913,0.9992247888127584,2.1499094612602234,0.23965373576433036,0.00026574832782803214,28.94283602974743,20.0,0.0,2.0,16.065160540268753,1.8775155316348011,1.4275155316348012,0,0,0
13.632394075,1787250889.645072937,1787250889.644983053,5.210353111120485,6.2248998069157615,2.000069239509896,-0.07248375736845243,0.0,0.0,0.0,0.0,0.01476360559373497,-0.00763362258373045,-0.0361223741905657,0.9992091562025233,2.147279425428346,0.2367274666240568,0.000275592219785485,28.96445356686332,20.0,0.0,2.0,16.046277845926685,1.8751291583104421,1.4251291583104422,0,0,0
13.642389297,1787250889.655068159,1787250889.654982805,5.231812947284826,6.227252230064393,2.0000720398745777,-0.07325340020459759,0.0,0.0,0.0,0.0,0.015028974885837517,-0.007384901479624744,-0.036509012151655335,0.9991930169770641,2.1446958697451,0.23374854980717827,0.00028427932492917473,28.986041954267492,20.0,0.0,2.0,16.027414612657147,1.8730183446865907,1.4230183446865907,0,0,0
13.652388096,1787250889.665066957,1787250889.664983034,5.25324719468511,6.2295746101217215,2.0000749207580455,-0.07404795436245505,0.0,0.0,0.0,0.0,0.015278626727469014,-0.007123433713647192,-0.03690853417625176,0.9991764510647809,2.142162092734442,0.23071934546122794,0.00029168035780990367,29.00760164858459,20.0,0.0,2.0,16.00857014632315,1.8710099984702186,1.4210099984702187,0,0,0
13.662386894,1787250889.675065756,1787250889.674983263,5.274656359270594,6.231866461981236,2.000077868735052,-0.07486339353159248,0.0,0.0,0.0,0.0,0.015504129949691579,-0.006864024034286081,-0.037318736106553355,0.999159556359228,2.139679248953664,0.22764370390434105,0.0002976515317917872,29.029133135339684,20.0,0.0,2.0,15.989743742274296,1.868305825340236,1.418305825340236,0,0,0
13.672388554,1787250889.685067415,1787250889.684983015,5.296040943514587,6.234127347791357,2.000080869272843,-0.07569410451728456,0.0,0.0,0.0,0.0,0.015698495421858194,-0.006621649493775545,-0.03773658789874014,0.9991424627815756,2.137245481133582,0.22452717197646832,0.00030232477993512893,29.050636903775427,20.0,0.0,2.0,15.970934716847957,1.865877236043817,1.415877236043817,0,0,0
13.682388067,1787250889.695066929,1787250889.694982767,5.3174014187974095,6.236356890835009,2.0000839126421392,-0.07653753903339841,0.0,0.0,0.0,0.0,0.01585963059826524,-0.006404856440018692,-0.03816065374791279,0.9991252246024025,2.1348566451513644,0.2213762677311159,0.0003062026866812843,29.072113420619498,20.0,0.0,2.0,15.952142438357267,1.8637247302014777,1.4137247302014777,0,0,0
13.692391634,1787250889.705070496,1787250889.704983234,5.338738208376662,6.238554780800289,2.0000869904842835,-0.07738995420472951,0.0,0.0,0.0,0.0,0.015988803710690284,-0.006217752051217707,-0.03858895374294429,0.9991078972585271,2.132507390716845,0.2181976373967858,0.00030926468341791423,29.093563113375385,20.0,0.0,2.0,15.933366344973301,1.8618486420302172,1.4118486420302172,0,0,0
13.702387094,1787250889.715065956,1787250889.714982748,5.360051680199114,6.240720771258027,2.0000900959963324,-0.07824908258208353,0.0,0.0,0.0,0.0,0.016091414718948035,-0.006057342001043446,-0.03902034628455353,0.9990904801648641,2.130192244242652,0.2149972658098456,0.00031172730800246997,29.11498636255551,20.0,0.0,2.0,15.91460595048993,1.859708727984229,1.409708727984229,0,0,0
13.712385178,1787250889.725064039,1787250889.724982738,5.381342151364356,6.242854669662724,2.0000932218134615,-0.07911179668580906,0.0,0.0,0.0,0.0,0.01617335995927038,-0.005919367236620775,-0.03945328812078137,0.9990729811057871,2.1279065468475427,0.21177992738515947,0.00031325418270140474,29.13638350476213,20.0,0.0,2.0,15.895860836415764,1.8572394359499982,1.4072394359499982,0,0,0
13.722393990,1787250889.735072851,1787250889.734983206,5.402609895520857,6.244956326292445,2.0000963586670455,-0.07997962208558908,0.0,0.0,0.0,0.0,0.016237217236685038,-0.005802384609705429,-0.039888538372805565,0.9990553486247552,2.1256461701941496,0.20854952441857302,0.00031402273588308636,29.157754838645054,20.0,0.0,2.0,15.87713064092283,1.8550458934997829,1.405045893499783,0,0,0
13.732372522,1787250889.745051384,1787250889.744982958,5.423855146119482,6.247025628275045,2.000099499796269,-0.08085255689168039,0.0,0.0,0.0,0.0,0.016285397031013532,-0.005704340062625073,-0.04032610807968664,0.9990375625346315,2.12340722648628,0.20530953607151647,0.00031405596570265585,29.17910062730606,20.0,0.0,2.0,15.858415053577483,1.8531283035244708,1.4031283035244708,0,0,0
13.742370605,1787250889.755049467,1787250889.754983187,5.445078101239604,6.2490624945146935,2.000102637467857,-0.08173075136184196,0.0,0.0,0.0,0.0,0.01632197997131567,-0.0056183582608422085,-0.04076616098301889,0.9990195929705159,2.1211866899914207,0.20206276743603646,0.00031336884995139536,29.200421102393495,20.0,0.0,2.0,15.839713808964465,1.851486726529095,1.4014867265290951,0,0,0
13.752367735,1787250889.765046597,1787250889.764983177,5.466278935831348,6.251066867443285,2.000105764407416,-0.0826122766501377,0.0,0.0,0.0,0.0,0.016351544482859668,-0.005536535135001714,-0.04120784061778672,0.9990014452658931,2.118982986042867,0.19881110884580067,0.0003118754382065573,29.221716475318175,20.0,0.0,2.0,15.821026672232524,1.84924099582638,1.39924099582638,0,0,0
13.762369633,1787250889.775048494,1787250889.774983168,5.487457817644655,6.253038703256295,2.0001088729255088,-0.08349721596607781,0.0,0.0,0.0,0.0,0.01637947775260073,-0.005447911399416707,-0.041651346754549616,0.9989830820807069,2.1167963558841505,0.19555538347570045,0.00030973697619366173,29.242986952064086,20.0,0.0,2.0,15.802353420643321,1.8470042660970016,1.3970042660970017,0,0,0
13.772365093,1787250889.785043955,1787250889.784983158,5.508614927049307,6.25497796103655,2.000111952264838,-0.08438558203110627,0.0,0.0,0.0,0.0,0.016409499139650976,-0.005344151793906247,-0.04209681009365287,0.9989644773261602,2.1146289976891577,0.19229542345732806,0.00030553608577167955,29.26423275185089,20.0,0.0,2.0,15.783693821096644,1.8450425364751002,1.3950425364751002,0,0,0
13.782362700,1787250889.795041561,1787250889.794983149,5.529750473323002,6.25688459573745,2.0001149775232867,-0.0852862377684196,0.0,0.0,0.0,0.0,0.016440670053105844,-0.005220181440851078,-0.042548750747143545,0.9989454729282209,2.112484377237983,0.1890306842903909,0.00029940364824567947,29.2854541227143,20.0,0.0,2.0,15.765047612420721,1.8433558808592228,1.3933558808592228,0,0,0
13.792360783,1787250889.805039644,1787250889.804982662,5.550864703833178,6.258758558011551,2.000117938046096,-0.08620552120417935,0.0,0.0,0.0,0.0,0.016470314560897183,-0.005074987440095105,-0.04301036529587214,0.9989259640823556,2.110366529945256,0.18576095667374348,0.00029252471584600585,29.306651350679445,20.0,0.0,2.0,15.74641449690456,1.8418973191572234,1.3918973191572235,0,0,0
13.802361488,1787250889.815040350,1787250889.814983130,5.571957906968723,6.260599799894304,2.000120825501391,-0.08714590056918346,0.0,0.0,0.0,0.0,0.016494002046906917,-0.004908748807058023,-0.04348290190943907,0.9989059461847046,2.1082795884000634,0.18248676718896767,0.0002848530679423494,29.327824763217947,20.0,0.0,2.0,15.727794139907788,1.8396143258117406,1.3896143258117406,0,0,0
13.812383652,1787250889.825062513,1787250889.824983120,5.593030411567278,6.262408283015624,2.0001236320146654,-0.08810589910950004,0.0,0.0,0.0,0.0,0.01650782910582163,-0.004724247523321233,-0.04396558745538358,0.9988854790131121,2.106227419538929,0.17920949868277175,0.00027628245986002537,29.348974729391273,20.0,0.0,2.0,15.709186173716732,1.837605319272725,1.3876053192727251,0,0,0
13.822390795,1787250889.835069656,1787250889.834982872,5.614082582775861,6.264183986533683,2.0001263487802308,-0.08908568641695191,0.0,0.0,0.0,0.0,0.0165084646918653,-0.004523125141056746,-0.04445848444023593,0.9988645829609503,2.1042134622414084,0.17593124861913464,0.0002669613715862051,29.370101656355704,20.0,0.0,2.0,15.69059020458765,1.835870413102099,1.3858704131020991,0,0,0
13.832396269,1787250889.845075130,1787250889.844983101,5.635114818248884,6.265926913382749,2.0001289687868016,-0.09008281880536058,0.0,0.0,0.0,0.0,0.016494423399065865,-0.004308444995479033,-0.04496031511569284,0.9988433017061039,2.1022407213452214,0.17265461993067688,0.0002569330697249786,29.39120598600292,20.0,0.0,2.0,15.672005818828042,1.834409594428633,1.384409594428633,0,0,0
13.842366934,1787250889.855045795,1787250889.854982853,5.656127543489592,6.267637093453092,2.00013148560007,-0.09109518014045573,0.0,0.0,0.0,0.0,0.016465897572000524,-0.004080461377049425,-0.04547000525344226,0.99882165709117,2.1003118636103917,0.16938234092739207,0.00024632526812376715,29.412288190447637,20.0,0.0,2.0,15.653432588450224,1.832888434210843,1.382888434210843,0,0,0
13.852360010,1787250889.865038872,1787250889.864983082,5.6771212099887505,6.269314583205298,2.000133893426758,-0.09211823791748958,0.0,0.0,0.0,0.0,0.016424191820785014,-0.0038435535113753526,-0.045985199607216296,0.9987996968544413,2.098429282046744,0.16611696100206372,0.00023519558642472006,29.433348769991994,20.0,0.0,2.0,15.634870072836298,1.8308287577486233,1.3808287577486233,0,0,0
13.862357140,1787250889.875036001,1787250889.874982834,5.6980962853033885,6.270959464198855,2.0001361883652233,-0.09314859569276675,0.0,0.0,0.0,0.0,0.01636850222736794,-0.003612765395460945,-0.046503939114933536,0.9987774545452178,2.0965934386790708,0.16286104974778431,0.00022370698247798208,29.45438824297029,20.0,0.0,2.0,15.616317827344101,1.8290419128608877,1.3790419128608877,0,0,0
13.872363329,1787250889.885042191,1787250889.884983063,5.71905322576306,6.272571845178621,2.000138366166627,-0.0941811952490535,0.0,0.0,0.0,0.0,0.016298996945613764,-0.003403841398485424,-0.04702342494351954,0.9987550020244614,2.0948016075168234,0.15961743094714612,0.00021184832764808398,29.475407118549086,20.0,0.0,2.0,15.59777542922904,1.827527867660707,1.377527867660707,0,0,0
13.882358789,1787250889.895037651,1787250889.894983053,5.739992446631718,6.274151863354392,2.0001404252343606,-0.0952134346962018,0.0,0.0,0.0,0.0,0.01621612775726486,-0.0032272825550641675,-0.047542179162357395,0.9987323780915307,2.093048477711455,0.15638896926479826,0.00019994124381642975,29.496405866898975,20.0,0.0,2.0,15.579242505535149,1.8262864621594126,1.3762864621594126,0,0,0
13.892400742,1787250889.905079603,1787250889.904983282,5.760914301472418,6.275699684218774,2.0001423645079344,-0.09624122456223236,0.0,0.0,0.0,0.0,0.016122007728541596,-0.003088400681620409,-0.048058069421163155,0.9987096498039564,2.0913271818126193,0.15317838603500408,0.00018792675716968382,29.517384898410565,20.0,0.0,2.0,15.560718751933793,1.8247193649976425,1.3747193649976426,0,0,0
13.902372599,1787250889.915051460,1787250889.914983034,5.781819072246124,6.277215498217409,2.0001441841380934,-0.09726223360549023,0.0,0.0,0.0,0.0,0.01601943469323505,-0.002985325042798629,-0.04856996346356361,0.9986868499162519,2.0896305075280317,0.14998792322835802,0.00017600385809637785,29.538344553381265,20.0,0.0,2.0,15.542203940438883,1.8228755592392294,1.3728755592392294,0,0,0
13.912384272,1787250889.925063133,1787250889.924982786,5.802706971888331,6.278699515150876,2.0001458837727317,-0.09827346611957284,0.0,0.0,0.0,0.0,0.015911736514949617,-0.0029147669287040118,-0.049076421109570716,0.9986640204122237,2.087951911768505,0.14681918452749873,0.00016387880521859425,29.559285104009422,20.0,0.0,2.0,15.523697914765867,1.8213028835424607,1.3713028835424608,0,0,0
13.922376156,1787250889.935055017,1787250889.934983253,5.823578148648447,6.280151958312976,2.0001474623418494,-0.09927767546347713,0.0,0.0,0.0,0.0,0.015799525833415533,-0.00288112525448712,-0.04957875560528149,0.9986410872247041,2.0862847314878787,0.14367336905327077,0.00015189973690975963,29.58020675817402,20.0,0.0,2.0,15.505200583956507,1.8200011607443083,1.3700011607443083,0,0,0
13.932363272,1787250889.945042133,1787250889.944988012,5.844432679492694,6.281573062828642,2.0001489223582487,-0.10027600534747344,0.0,0.0,0.0,0.0,0.01568353717777156,-0.0028874992787546335,-0.05007749929001856,0.9986180115912024,2.084621432284248,0.1405516406498909,0.00014009987486200915,29.601109652636502,20.0,0.0,2.0,15.486711927689706,1.8189700881035096,1.3689700881035096,0,0,0
13.942338943,1787250889.955017805,1787250889.954982996,5.865270563799797,6.282963075265869,2.000150264811372,-0.10126948010477638,0.0,0.0,0.0,0.0,0.015563341184556299,-0.002934960075587112,-0.050573161228095215,0.9985947745626976,2.08295409053582,0.13745515681221582,0.00012841632199531985,29.62199384663038,20.0,0.0,2.0,15.468232001826141,1.817369179632744,1.367369179632744,0,0,0
13.952346563,1787250889.965025425,1787250889.964990616,5.886091721978741,6.28432225405675,2.000151490601476,-0.10225668314299721,0.0,0.0,0.0,0.0,0.015439471453312632,-0.0030201113857364456,-0.051065100658222506,0.9985714081342535,2.081274987377033,0.1343850932392555,0.0001167325795527027,29.642859320418456,20.0,0.0,2.0,15.44976093977442,1.8157314030895688,1.3657314030895689,0,0,0
13.962364197,1787250889.975043058,1787250889.974983931,5.906896001870515,6.285650868596273,2.0001525999938616,-0.1032381674441107,0.0,0.0,0.0,0.0,0.015312440443838891,-0.003136089215467139,-0.05155371349910399,0.9985479000711678,2.0795774370395574,0.13134246155075155,0.00010517949035170298,29.663705981533383,20.0,0.0,2.0,15.431298946208809,1.8143626240852178,1.3643626240852178,0,0,0
13.972347975,1787250889.985026836,1787250889.984982967,5.927683192119504,6.286949197367204,2.0001535908394987,-0.10421422567501804,0.0,0.0,0.0,0.0,0.01518388257345895,-0.0032744961755387008,-0.05203928375205485,0.998524231218935,2.0778563463883293,0.1283280384691865,9.265306594669504e-05,29.684533677926094,20.0,0.0,2.0,15.412846284032751,1.813262521978406,1.363262521978406,0,0,0
13.982362747,1787250889.995041609,1787250889.994982958,5.948453036900135,6.2882175245678935,2.0001544517740695,-0.10519428784116519,0.0,0.0,0.0,0.0,0.015055475542347823,-0.003432660865008396,-0.05252656502526346,0.9985001299259938,2.0761076985191824,0.12534216594193368,7.964480722194127e-05,29.705342212397333,20.0,0.0,2.0,15.39440325950763,1.8124306419727874,1.3624306419727874,0,0,0
13.992358685,1787250890.005037546,1787250890.004983187,5.969205242259622,6.289456135595918,2.0001551867990837,-0.10618505148870194,0.0,0.0,0.0,0.0,0.014929679299960662,-0.0036076000282991003,-0.05301894624249905,0.9984753783831483,2.0743279179194754,0.1223847487995834,6.752818444509392e-05,29.726131348625213,20.0,0.0,2.0,15.375970214575174,1.810806120890359,1.360806120890359,0,0,0
14.002359629,1787250890.015038490,1787250890.014982939,5.989939480901701,6.290665312512788,2.000155805953824,-0.10718929764485478,0.0,0.0,0.0,0.0,0.01480909675461928,-0.0037981118725146706,-0.05351782936571956,0.998449851990323,2.072513840299177,0.1194552054823428,5.6456828747996515e-05,29.7469008156686,20.0,0.0,2.0,15.357547520588176,1.8093630454050489,1.359363045405049,0,0,0
14.012358665,1787250890.025037527,1787250890.024983168,6.010655395307711,6.2918453289682965,2.0001563185065163,-0.10820564202456669,0.0,0.0,0.0,0.0,0.014696608520804124,-0.004000966724190008,-0.0540225634254357,0.9984235396885447,2.0706626600993316,0.11655241834459143,4.6212770187608355e-05,29.767650310813664,20.0,0.0,2.0,15.33913557332775,1.8081864549241287,1.3581864549241287,0,0,0
14.022374153,1787250890.035053015,1787250890.034982920,6.0313526032888625,6.292996444325885,2.0001567334052623,-0.1092343963713727,0.0,0.0,0.0,0.0,0.01459515838275791,-0.004212230276259633,-0.05453335086926058,0.9983963902733484,2.0687722657310523,0.11367464643417424,3.688870259764815e-05,29.78837950483933,20.0,0.0,2.0,15.320734785463406,1.8072759167187764,1.3572759167187765,0,0,0
14.032368183,1787250890.045047045,1787250890.044983387,6.052030705807346,6.294118897607356,2.000157058485322,-0.11027315988511735,0.0,0.0,0.0,0.0,0.014507358673713378,-0.004425838916011141,-0.055049069126817424,0.9983684432525263,2.066841472112072,0.11081956650704804,2.8280260757936853e-05,29.809088049579117,20.0,0.0,2.0,15.302345576859336,1.8065184755380332,1.3565184755380333,0,0,0
14.042365074,1787250890.055043936,1787250890.054982901,6.07268929838178,6.295212901634553,2.000157301387388,-0.11132001081779225,0.0,0.0,0.0,0.0,0.014435791493896793,-0.004634224306702624,-0.05556885412681327,0.9983397389366272,2.064870425256306,0.10798426358034015,2.035942863184598e-05,29.829775589114476,20.0,0.0,2.0,15.283968361687329,1.8049941111613934,1.3549941111613935,0,0,0
14.052378893,1787250890.065057755,1787250890.064986944,6.093327985324046,6.296278637726564,2.000157465256331,-0.11237044631323881,0.0,0.0,0.0,0.0,0.014379662225216413,-0.004832084259946812,-0.0560905298495536,0.998310437057126,2.0628606807628724,0.10516545513278913,1.2327221644170283e-05,29.850441773865064,20.0,0.0,2.0,15.265603533187234,1.8037340902013361,1.3537340902013362,0,0,0
14.062373638,1787250890.075052500,1787250890.074983120,6.113946387864591,6.297316258797148,2.000157545605184,-0.11342052695390722,0.0,0.0,0.0,0.0,0.01432656357414923,-0.005027175884441,-0.05661205459594097,0.9982807983494468,2.060813634685239,0.10236116488446322,3.5924958317155e-06,29.87108626903488,20.0,0.0,2.0,15.247251457467026,1.8027380773010162,1.3527380773010163,0,0,0
14.072372198,1787250890.085051060,1787250890.084983349,6.134544132999129,6.29832591178569,2.0001575342781353,-0.11446472566574395,0.0,0.0,0.0,0.0,0.014262810467426052,-0.005228685649067117,-0.057130588578004966,0.9982511352023018,2.05872902215606,0.09957219809808998,-5.944294606770905e-06,29.891708744729733,20.0,0.0,2.0,15.22891249287476,1.8020056113236012,1.3520056113236012,0,0,0
14.082372904,1787250890.095051765,1787250890.094983816,6.155120836079824,6.29930776601164,2.000157425124921,-0.11550044388199267,0.0,0.0,0.0,0.0,0.014173205109045408,-0.0054486170153679805,-0.05764473081226582,0.9982216777044757,2.056604676284901,0.09680230095731047,-1.597348889927497e-05,29.912308859957665,20.0,0.0,2.0,15.210587017576549,1.8012517987172487,1.3512517987172488,0,0,0
14.092382431,1787250890.105061293,1787250890.104983091,6.175676080863671,6.300262042668415,2.000157213192638,-0.11652379813319821,0.0,0.0,0.0,0.0,0.014047363333911609,-0.005694374586506935,-0.0581525016052535,0.9981926328312009,2.054436600536688,0.09405791930159765,-2.6458324428655944e-05,29.932886243953362,20.0,0.0,2.0,15.192275459989832,1.7999027075457834,1.3499027075457835,0,0,0
14.102380276,1787250890.115059137,1787250890.114986897,6.1962094056351535,6.301189036797771,2.000156895404578,-0.11753253275462398,0.0,0.0,0.0,0.0,0.013877877457783247,-0.005970375327604949,-0.05865277994497765,0.9981641200426112,2.052219779803592,0.09134728778484082,-3.712242469497695e-05,29.953440483038964,20.0,0.0,2.0,15.17397832063668,1.7988153450247124,1.3488153450247125,0,0,0
14.112371922,1787250890.125050783,1787250890.124983072,6.216720296346885,6.30208913121069,2.0001564706013673,-0.1185236518029436,0.0,0.0,0.0,0.0,0.013664411270784093,-0.0062760524785893425,-0.05914412722064904,0.9981361967413148,2.049948925926998,0.0886794722489979,-4.777820783361124e-05,29.973971114006403,20.0,0.0,2.0,15.155696184317726,1.797989005244279,1.3479890052442791,0,0,0
14.122379541,1787250890.135058403,1787250890.134983301,6.237208186094875,6.302962797744308,2.0001559423401893,-0.11949920906545965,0.0,0.0,0.0,0.0,0.013411762105077973,-0.006613166307584786,-0.05962756993688122,0.9981086832464927,2.0476186493917137,0.08606305830013061,-5.7720688949387174e-05,29.99447762321243,20.0,0.0,2.0,15.137429721288905,1.7974227563225098,1.3474227563225099,0,0,0
14.132362843,1787250890.145041704,1787250890.144983292,6.257672453005291,6.303810587754256,2.0001553190316743,-0.12045979319879509,0.0,0.0,0.0,0.0,0.013129435136751754,-0.0069796311480225005,-0.06010343106752329,0.9980813996142494,2.04522348367256,0.08350519479616833,-6.680187895048561e-05,30.014959443650813,20.0,0.0,2.0,15.11917968539617,1.7966884639672311,1.3466884639672312,0,0,0
14.142385244,1787250890.155064106,1787250890.154982805,6.278112421724389,6.304633115015154,2.0001546093786073,-0.12140595968283122,0.0,0.0,0.0,0.0,0.012825172321414603,-0.007375501765226481,-0.06057198803853509,0.998054182493965,2.0427581107295376,0.08101129016307089,-7.498080386162782e-05,30.03541595539735,20.0,0.0,2.0,15.100946905730257,1.795500687772879,1.345500687772879,0,0,0
14.152356625,1787250890.165035486,1787250890.164983034,6.298527364274918,6.305431039408172,2.0001538219731216,-0.12233618782618737,0.0,0.0,0.0,0.0,0.0125085173315178,-0.007796151629801868,-0.0610325255617712,0.9980269474505605,2.040217490564426,0.0785850766640902,-8.237009874170057e-05,30.055846485573987,20.0,0.0,2.0,15.082732279130212,1.7945699530378356,1.3445699530378357,0,0,0
14.162386656,1787250890.175065517,1787250890.174983263,6.3189165069984075,6.306205048823694,2.000152964804568,-0.12325076467743726,0.0,0.0,0.0,0.0,0.012187165778483089,-0.00823573140828495,-0.061485242385181396,0.9979996045526741,2.0375975562656308,0.07622849260467526,-8.893183061929282e-05,30.076250314437925,20.0,0.0,2.0,15.0645367563589,1.7938950765978219,1.343895076597822,0,0,0
14.172362328,1787250890.185041189,1787250890.184983253,6.339279041857956,6.306955842712297,2.000152042767193,-0.12415004964875097,0.0,0.0,0.0,0.0,0.011868295219370006,-0.008686991588183899,-0.061930377620815685,0.9979720978431591,2.034895572994817,0.0739419161846812,-9.563055560731096e-05,30.096626686004512,20.0,0.0,2.0,15.0463613249603,1.7934747194288514,1.3434747194288514,0,0,0
14.182375908,1787250890.195054770,1787250890.194983006,6.359614136611067,6.307684119397149,2.000151053207103,-0.12504321581055788,0.0,0.0,0.0,0.0,0.011551089973305055,-0.009154919878159714,-0.06237245438524759,0.9979441049960731,2.032108997037896,0.07172503321515158,-0.00010210163870061574,30.116974817774455,20.0,0.0,2.0,15.028206994683455,1.792771215680227,1.342771215680227,0,0,0
14.192383289,1787250890.205062151,1787250890.204982996,6.379920928136864,6.3083905757184375,2.000150005364853,-0.12593696445389424,0.0,0.0,0.0,0.0,0.01123428490981718,-0.00964291349092777,-0.06281479167041433,0.9979153806858445,2.0292342972736424,0.06957787178198835,-0.00010719827324772273,30.137293894124134,20.0,0.0,2.0,15.01007480334855,1.7917223254518135,1.3417223254518136,0,0,0
14.202384710,1787250890.215063572,1787250890.214983225,6.400198514063579,6.309075911570106,2.0001489142375273,-0.12683356157397713,0.0,0.0,0.0,0.0,0.010912688468581804,-0.010158004224083809,-0.06325849027460653,0.9978858108965919,2.0262670176079425,0.06750116621574428,-0.00011082143144111129,30.157583058163972,20.0,0.0,2.0,14.991965826302035,1.7909244870822072,1.3409244870822072,0,0,0
14.212383986,1787250890.225062847,1787250890.224982977,6.4204459422805105,6.3097408393623855,2.0001477927557954,-0.1277313432888385,0.0,0.0,0.0,0.0,0.010583507974660967,-0.010701067965571265,-0.06370275997298315,0.9978554178212248,2.0232018821694107,0.06549657148957515,-0.00011325066998273364,30.177841401621087,20.0,0.0,2.0,14.973881189868113,1.7903762963704246,1.3403762963704247,0,0,0
14.222394466,1787250890.235073328,1787250890.234982729,6.440662208087106,6.310386090797026,2.0001466530728225,-0.12862959526877393,0.0,0.0,0.0,0.0,0.010243274023355977,-0.011271475297069728,-0.06414731740397649,0.9978242083913296,2.020033684833874,0.06356632890851231,-0.0001145460800664912,30.198067962225295,20.0,0.0,2.0,14.955822076757563,1.7900761822609403,1.3400761822609404,0,0,0
14.232366323,1787250890.245045185,1787250890.244982719,6.46084625750057,6.311012422334785,2.0001455042939766,-0.12952525134637938,0.0,0.0,0.0,0.0,0.009892368223932317,-0.011861516446884024,-0.06459075722483734,0.9977923028163851,2.0167580101471185,0.06171299012804895,-0.00011506585822158088,30.218261727184807,20.0,0.0,2.0,14.937789725360034,1.7894163726346686,1.3394163726346686,0,0,0
14.242366076,1787250890.255044937,1787250890.254983187,6.480997001213038,6.311620614500286,2.000144353644341,-0.1304150883235804,0.0,0.0,0.0,0.0,0.00953197057897381,-0.012460578979603384,-0.06503161442812995,0.9977598732326559,2.0133722948841237,0.059938798829034086,-0.00011502702472878224,30.238421647105277,20.0,0.0,2.0,14.919785416802542,1.7884807311532722,1.3384807311532723,0,0,0
14.252378702,1787250890.265057564,1787250890.264983177,6.501113335770548,6.31221146749191,2.000143205216045,-0.1312945139669485,0.0,0.0,0.0,0.0,0.009165240047590863,-0.013055904896587702,-0.06546773011434223,0.9977271761538206,2.009876347744757,0.05824535172411932,-0.00011447666619784134,30.25854665703338,20.0,0.0,2.0,14.90181045391988,1.7877892663751658,1.3377892663751658,0,0,0
14.262390852,1787250890.275069714,1787250890.274982691,6.521194165189594,6.312785795591305,2.000142067101039,-0.13216183768880227,0.0,0.0,0.0,0.0,0.008788545912274716,-0.01364499809453175,-0.06589834468065099,0.9976943337796894,2.006271516375231,0.056634146624608375,-0.00011304556324741606,30.27863569793179,20.0,0.0,2.0,14.883866139337636,1.787340255462771,1.3373402554627711,0,0,0
14.272385359,1787250890.285064220,1787250890.284982920,6.541238409028361,6.313344431590416,2.000140946808276,-0.13301409924873348,0.0,0.0,0.0,0.0,0.008399249905690367,-0.014225821491508615,-0.0663220530350569,0.9976614976459344,2.0025595610548073,0.05510732147205751,-0.00011081025836098039,30.298687724924154,20.0,0.0,2.0,14.865953770087312,1.7871318108870244,1.3371318108870245,0,0,0
14.282384634,1787250890.295063496,1787250890.294982910,6.5612450045475,6.313888233923981,2.0001398540098494,-0.13384807587848568,0.0,0.0,0.0,0.0,0.007988438383194359,-0.014803857669697463,-0.06673733008507311,0.9976287683419165,1.9987420144624746,0.05366812347915937,-0.00010764690426577176,30.318701709695773,20.0,0.0,2.0,14.848074638748365,1.7865325537057035,1.3365325537057036,0,0,0
14.292388916,1787250890.305067778,1787250890.304982901,6.581212899818789,6.314418101920905,2.0001387963363717,-0.13465920851786825,0.0,0.0,0.0,0.0,0.0075512464935294675,-0.015381638814341623,-0.06714198316227042,0.9975962800455986,1.994819605612888,0.052321311868343406,-0.00010369548102703567,30.338676634045516,20.0,0.0,2.0,14.830230046264303,1.7856811159479344,1.3356811159479345,0,0,0
14.302371025,1787250890.315049887,1787250890.314982653,6.601141047980236,6.314934987347493,2.0001377830266995,-0.1354439940551989,0.0,0.0,0.0,0.0,0.007081806416751378,-0.01596263786169288,-0.06753436713339901,0.9975641089505292,1.9907925837826848,0.05107267944082898,-9.887087840108614e-05,30.358611484451668,20.0,0.0,2.0,14.812421312180188,1.7850657641905152,1.3350657641905153,0,0,0
14.312370062,1787250890.325048923,1787250890.324983120,6.621028402998624,6.315439904070981,2.0001368199237186,-0.13619932686553674,0.0,0.0,0.0,0.0,0.006581297237794624,-0.016544744336018657,-0.06791299781555547,0.9975323466881804,1.9866610396679,0.04992858725436697,-9.371195121967257e-05,30.378505248083837,20.0,0.0,2.0,14.79464978274313,1.7846843737638487,1.3346843737638487,0,0,0
14.322386742,1787250890.335065603,1787250890.334983110,6.640873922859677,6.31593392666241,2.0001359097917724,-0.1369279630094656,0.0,0.0,0.0,0.0,0.006054280294670772,-0.017122851751357245,-0.06827928157742029,0.9975009239821715,1.9824257658717321,0.0488947143336183,-8.827188451593613e-05,30.398356915966023,20.0,0.0,2.0,14.776916827585088,1.784534622529428,1.3345346225294281,0,0,0
14.332383394,1787250890.345062256,1787250890.344982862,6.660676579291187,6.316418179844399,2.0001350556067283,-0.13763177682250768,0.0,0.0,0.0,0.0,0.0055096346302244735,-0.0176885223361589,-0.06863412226973986,0.9974698578724408,1.9780888291010057,0.047975241469365035,-8.24753034434132e-05,30.418165492482732,20.0,0.0,2.0,14.759223826583142,1.7840156402370058,1.3340156402370058,0,0,0
14.342381716,1787250890.355060577,1787250890.354983091,6.680435371466173,6.316893822981975,2.000134261359132,-0.13830986534051526,0.0,0.0,0.0,0.0,0.004948639772216392,-0.01823739121268228,-0.06897710229715263,0.99743925523555,1.9736535262515558,0.04717320566018602,-7.636046519498107e-05,30.437930008799594,20.0,0.0,2.0,14.741572150979806,1.7832138918745934,1.3332138918745935,0,0,0
14.352383614,1787250890.365062475,1787250890.364982843,6.700149335751005,6.317362044082323,2.0001335283682655,-0.13895970568033392,0.0,0.0,0.0,0.0,0.004375040808198701,-0.018763793593737213,-0.0693069504361413,0.9974093069994587,1.9691240404492347,0.04649118360217578,-7.023360573025722e-05,30.45764953261128,20.0,0.0,2.0,14.723963152126068,1.7826383486594588,1.3326383486594588,0,0,0
14.362393379,1787250890.375072241,1787250890.374982834,6.719817555610895,6.317824053622428,2.000132856310696,-0.13957963591433195,0.0,0.0,0.0,0.0,0.003788854589701947,-0.019262831154253944,-0.06962286890606204,0.9973801903196744,1.964505588287762,0.04593124239640001,-6.422134498420332e-05,30.477323178072247,20.0,0.0,2.0,14.706398150004015,1.782286515760108,1.332286515760108,0,0,0
14.372385740,1787250890.385064602,1787250890.384983063,6.739439171546232,6.318281081465663,2.0001322420939682,-0.14016908931512706,0.0,0.0,0.0,0.0,0.003194748601563773,-0.0197294378666934,-0.06992450643734421,0.9973520473044265,1.959804362695821,0.045495018721886056,-5.873103550279932e-05,30.49695011585532,20.0,0.0,2.0,14.688878423045693,1.782155757724919,1.332155757724919,0,0,0
14.382379532,1787250890.395058393,1787250890.394982576,6.759013389138209,6.318734368225851,2.000131680991174,-0.1407349458981092,0.0,0.0,0.0,0.0,0.0025985833997635363,-0.020163143375184017,-0.07021514786800861,0.9973246853574917,1.9550270138026191,0.0451830145778882,-5.3479962209875864e-05,30.5165295812091,20.0,0.0,2.0,14.671405197272675,1.7817375073738384,1.3317375073738384,0,0,0
14.392381907,1787250890.405060768,1787250890.404982805,6.778539479869473,6.319185152654427,2.0001311732417415,-0.14128301474629096,0.0,0.0,0.0,0.0,0.002010355651841791,-0.020563533870169487,-0.07049744648205453,0.9972979542666441,1.950180078281942,0.044994208526417306,-4.80145149798573e-05,30.536060874717325,20.0,0.0,2.0,14.653979640224179,1.7809445411067002,1.3309445411067002,0,0,0
14.402379274,1787250890.415058136,1787250890.414982796,6.798016780372818,6.319634653205186,2.000130721170641,-0.14181427387544554,0.0,0.0,0.0,0.0,0.0014399181133812908,-0.020930437256652903,-0.07077163073184242,0.9972718885618044,1.9452700403992593,0.04492557671362589,-4.2409967152137904e-05,30.55554336136167,20.0,0.0,2.0,14.636602853749825,1.7803668378689876,1.3303668378689877,0,0,0
14.412380695,1787250890.425059557,1787250890.424982786,6.817444691793192,6.320084048032745,2.000130323553442,-0.14232754525691874,0.0,0.0,0.0,0.0,0.0008985931231132282,-0.021262586081278158,-0.07103681569842868,0.9972466424004459,1.9403033489592147,0.044972023163373856,-3.726262463673756e-05,30.574976469657233,20.0,0.0,2.0,14.619275865962504,1.7800018206836614,1.3300018206836615,0,0,0
14.422394991,1787250890.435073853,1787250890.434983253,6.836822681044923,6.320534453297447,2.0001299728263007,-0.14282248095262215,0.0,0.0,0.0,0.0,0.00039617145743359037,-0.021556311185675782,-0.07129256060036362,0.9972224121525178,1.935286786450889,0.04512629615098948,-3.304049782420634e-05,30.59435969262107,20.0,0.0,2.0,14.601999620684365,1.779846876057489,1.329846876057489,0,0,0
14.432412148,1787250890.445091009,1787250890.444983006,6.8561502858782255,6.320986903135028,2.000129657698243,-0.1432980964111308,0.0,0.0,0.0,0.0,-5.847179289166272e-05,-0.021807335381808075,-0.07153811835714294,0.9971994456108138,1.9302277667673902,0.045379266626982176,-3.0377451539782802e-05,30.61369259254703,20.0,0.0,2.0,14.584774964113596,1.7795538144995453,1.3295538144995454,0,0,0
14.442384005,1787250890.455062866,1787250890.454982758,6.875427122951873,6.3214423318579875,2.0001293581297235,-0.14375316426121235,0.0,0.0,0.0,0.0,-0.0004587053308988572,-0.022007930230415567,-0.07177267839179571,0.9971780800001875,1.9251347638851557,0.04572016691098368,-2.985119574657685e-05,30.63297480878312,20.0,0.0,2.0,14.567602629694669,1.7787277991715242,1.3287277991715243,0,0,0
14.452385902,1787250890.465064764,1787250890.464982748,6.894652899748157,6.321901559877488,2.000129057866027,-0.14418671083500564,0.0,0.0,0.0,0.0,-0.000799534025251661,-0.02215561853432926,-0.07199556899927174,0.9971585266933112,1.920017300401717,0.0461370544407801,-3.008965247318411e-05,30.65220606937323,20.0,0.0,2.0,14.550483221100142,1.7781068664466237,1.3281068664466238,0,0,0
14.462384462,1787250890.475063324,1787250890.474983215,6.913827415787946,6.322365283015041,2.0001287588954955,-0.1446015388056846,0.0,0.0,0.0,0.0,-0.0010745576019657868,-0.02226313471446369,-0.07220792273062696,0.9971405187101633,1.9148837729279036,0.04661693473678073,-2.9578889827984866e-05,30.671386192016158,20.0,0.0,2.0,14.53341720629515,1.7776888801550355,1.3276888801550355,0,0,0
14.472377539,1787250890.485056400,1787250890.484982967,6.932950539830398,6.322834062608778,2.000128468057874,-0.14500011522435438,0.0,0.0,0.0,0.0,-0.0012800012532820655,-0.022346324847432153,-0.07241077656977618,0.997123704862725,1.9097395358474838,0.04714601000905356,-2.8552145331240593e-05,30.69051506097214,20.0,0.0,2.0,14.516404933533252,1.7774717643856184,1.3274717643856184,0,0,0
14.482382298,1787250890.495061159,1787250890.494983196,6.952022179267028,6.323308319420353,2.000128188415329,-0.1453838629532138,0.0,0.0,0.0,0.0,-0.001411883956535241,-0.02241802404275033,-0.07260467455303532,0.9971078176480013,1.9045870525982507,0.047709937626320906,-2.7358230966042862e-05,30.709592596200842,20.0,0.0,2.0,14.499446655966649,1.7773397455365165,1.3273397455365166,0,0,0
14.492400169,1787250890.505079031,1787250890.504983187,6.971042254430244,6.323788328934344,2.000127919135415,-0.1457533734516548,0.0,0.0,0.0,0.0,-0.0014704068342819296,-0.022487000418934113,-0.07278986517302817,0.9970926778609864,1.899426601482436,0.048294144458727435,-2.6734394104794225e-05,30.728618727400338,20.0,0.0,2.0,14.482542552375659,1.776448091829239,1.326448091829239,0,0,0
14.502383471,1787250890.515062332,1787250890.514983177,6.990010682330863,6.324274221689013,2.0001276494950786,-0.14611056161810637,0.0,0.0,0.0,0.0,-0.0014555462629659349,-0.022554546576076303,-0.07296728204658626,0.9970782063431926,1.8942574680081583,0.04888417717932728,-2.7379836113162985e-05,30.747593377564773,20.0,0.0,2.0,14.465692741562005,1.7757542615157786,1.3257542615157787,0,0,0
14.512381315,1787250890.525060177,1787250890.524982691,7.008927372924444,6.32476598513963,2.0001273655558087,-0.14645643667842428,0.0,0.0,0.0,0.0,-0.0013733736730758776,-0.022617803560068747,-0.07313756076768994,0.997064414173841,1.8890791242457075,0.04946606862568882,-2.989061843698403e-05,30.766516459089335,20.0,0.0,2.0,14.448897286123708,1.7752568479301243,1.3252568479301243,0,0,0
14.522402048,1787250890.535080910,1787250890.534982920,7.027792236893423,6.325263474865237,2.000127043134686,-0.14679046475602056,0.0,0.0,0.0,0.0,-0.0012361040383841856,-0.022666364791408374,-0.07330073927082592,0.9970515079855702,1.883892486077857,0.05002759343113698,-3.4958698557351856e-05,30.785387881629756,20.0,0.0,2.0,14.432156189974068,1.7749545099059778,1.3249545099059779,0,0,0
14.532378674,1787250890.545057535,1787250890.544983387,7.046605205753189,6.325766436920654,2.0001266550350736,-0.14711176986472518,0.0,0.0,0.0,0.0,-0.0010587044503873192,-0.022687981939667725,-0.07345676689592733,0.9970397374315577,1.878700897928297,0.05055916333424098,-4.355845468261156e-05,30.804207572602202,20.0,0.0,2.0,14.415469389726223,1.774845951409574,1.324845951409574,0,0,0
14.542381525,1787250890.555060387,1787250890.554982901,7.065366260597165,6.32627453287087,2.000126157067599,-0.14742216842683403,0.0,0.0,0.0,0.0,-0.0008486299903539727,-0.02266119874650177,-0.07360681993989152,0.99702948098682,1.87351117458826,0.05105318626748276,-5.662071658914849e-05,30.822975506441633,20.0,0.0,2.0,14.39883673960033,1.7740639478898474,1.3240639478898475,0,0,0
14.552383423,1787250890.565062284,1787250890.564982653,7.084075471206125,6.326787353618812,2.000125507477845,-0.14772355426494352,0.0,0.0,0.0,0.0,-0.000612448812926854,-0.022567765885613097,-0.07375210368820082,0.9970210369149433,1.8683341747426292,0.051503116138124166,-7.438314637407476e-05,30.841691743968227,20.0,0.0,2.0,14.382257982221093,1.7732845359592715,1.3232845359592715,0,0,0
14.562406540,1787250890.575085402,1787250890.574982882,7.102733035662241,6.32730442747416,2.000124652551774,-0.14801900453396827,0.0,0.0,0.0,0.0,-0.00034936138352723256,-0.022385256390475755,-0.07389429021531206,0.9970147502000819,1.8631847703871134,0.05190271223091795,-9.720189734569288e-05,30.860356472134928,20.0,0.0,2.0,14.365732716533136,1.772698065338747,1.322698065338747,0,0,0
14.572385550,1787250890.585064411,1787250890.584982872,7.121339319474352,6.327825218139887,2.000123550779121,-0.148310087882707,0.0,0.0,0.0,0.0,-6.084996625569739e-05,-0.022101364623308,-0.07403433036668605,0.9970107541577601,1.8580812913663176,0.0522454049114357,-0.00012396068525751276,30.87897004302899,20.0,0.0,2.0,14.349260361799463,1.7723036408622896,1.3223036408622897,0,0,0
14.582381010,1787250890.595059872,1787250890.594983339,7.139894882469052,6.328349124925345,2.000122162077823,-0.14859515122848702,0.0,0.0,0.0,0.0,0.00025017687621255576,-0.02170723716293591,-0.07417160086662648,0.9970091809462762,1.8530441293427862,0.05252493156939991,-0.00015410112995915107,30.897533000721626,20.0,0.0,2.0,14.332840133616669,1.7721003919065739,1.322100391906574,0,0,0
14.592382669,1787250890.605061531,1787250890.604983091,7.158400493135725,6.328875488065644,2.0001204609282683,-0.1488723188848079,0.0,0.0,0.0,0.0,0.0005774873453571837,-0.021206336238987954,-0.07430538203369458,0.9970098635482558,1.848094262155762,0.052735887890346625,-0.00018673649283019992,30.916046095740988,20.0,0.0,2.0,14.316471033486073,1.7716133623476915,1.3216133623476916,0,0,0
14.602380276,1787250890.615059137,1787250890.614982605,7.176857126402057,6.3294035996802425,2.000118420760966,-0.14914427404810215,0.0,0.0,0.0,0.0,0.0009169204681993302,-0.02060242220485502,-0.07443716987018821,0.9970124408440773,1.8432519515368617,0.05287397733976718,-0.00022136512797770242,30.93451028317417,20.0,0.0,2.0,14.300151855780218,1.770748023146392,1.320748023146392,0,0,0
14.612380743,1787250890.625059605,1787250890.624983072,7.19526595301871,6.329932713837312,2.0001160304490364,-0.1494140959834966,0.0,0.0,0.0,0.0,0.0012629952066887133,-0.019909141286652908,-0.07456861469276292,0.997016325161799,1.8385358149434237,0.05293596808893774,-0.000257110240519725,30.952926712385796,20.0,0.0,2.0,14.283881201868514,1.7700740015196206,1.3200740015196206,0,0,0
14.622401476,1787250890.635080338,1787250890.634982824,7.213628317960056,6.330462057444318,2.0001132757578794,-0.14968582479583092,0.0,0.0,0.0,0.0,0.0016144914825145338,-0.01913582190904776,-0.07470176359298168,0.9970209928849123,1.8339621795055756,0.05291949253166749,-0.0002937170242667518,30.971296705812083,20.0,0.0,2.0,14.26765750446956,1.7695908084286882,1.3195908084286883,0,0,0
14.632396698,1787250890.645075560,1787250890.644982815,7.23194571812482,6.330990835764609,2.0001101558441126,-0.149962798810405,0.0,0.0,0.0,0.0,0.0019695015910280657,-0.01829860171966199,-0.07483827269763887,0.9970258347596727,1.8295449113937552,0.05282264873926602,-0.0003305665558886143,30.98962173691825,20.0,0.0,2.0,14.251479050245308,1.7692979754758682,1.3192979754758682,0,0,0
14.642385006,1787250890.655063868,1787250890.654983282,7.2502197757344495,6.331518236558994,2.0001066639630984,-0.15025001647519423,0.0,0.0,0.0,0.0,0.0023311023204099198,-0.017405127953568713,-0.0749805744215117,0.9970303610935386,1.8252954485968986,0.0526436313433597,-0.00036758534021675345,31.007903403836536,20.0,0.0,2.0,14.235344005619577,1.769182635558828,1.319182635558828,0,0,0
14.652381897,1787250890.665060759,1787250890.664982796,7.268452218040377,6.33204342727305,2.000102806929356,-0.15054909475597333,0.0,0.0,0.0,0.0,0.0027012973647128954,-0.016469337835439135,-0.07512939892800106,0.9970341204394797,1.8212231810561437,0.05238025907967251,-0.00040392270215482135,31.02614340911619,20.0,0.0,2.0,14.219250433822527,1.7682384106909297,1.3182384106909297,0,0,0
14.662384748,1787250890.675063610,1787250890.674983263,7.286644853412904,6.332565550867333,2.00009858782086,-0.15085176552596732,0.0,0.0,0.0,0.0,0.0030879248372098723,-0.015500731223471727,-0.07528048981956977,0.9970371306547531,1.8173350538438193,0.05202958160632558,-0.00043958000909292397,31.044343535836802,20.0,0.0,2.0,14.20319631452737,1.7674852913620112,1.3174852913620112,0,0,0
14.672385693,1787250890.685064554,1787250890.684983015,7.304799548558139,6.333083714144999,2.0000940184066427,-0.15114968388247627,0.0,0.0,0.0,0.0,0.0034973867136266815,-0.014509859181688399,-0.07542959114330379,0.9970394220153268,1.8136357594318564,0.05158740922310818,-0.00047447505187366934,31.06250562464504,20.0,0.0,2.0,14.187179559077192,1.7669231879017542,1.3169231879017542,0,0,0
14.682384491,1787250890.695063353,1787250890.694982767,7.322918214485081,6.333596972831857,2.0000891000158756,-0.15144431884207973,0.0,0.0,0.0,0.0,0.003946621718323546,-0.013480073237483004,-0.0755774102341199,0.9970410056085097,1.8101303467839347,0.05104725444306386,-0.0005088868652179323,31.080631559480032,20.0,0.0,2.0,14.171198016358312,1.7665520784281772,1.3165520784281772,0,0,0
14.692386866,1787250890.705065727,1787250890.704982996,7.34100282826583,6.334104300546931,2.0000838435594614,-0.1517388507989545,0.0,0.0,0.0,0.0,0.004447853557947513,-0.012397164303277433,-0.0757256380304855,0.9970417015656068,1.8068268895923623,0.05039940022449455,-0.0005425848548584175,31.098723288657744,20.0,0.0,2.0,14.155249439385045,1.7663720423321712,1.3163720423321712,0,0,0
14.702382803,1787250890.715061665,1787250890.714982986,7.359055465408732,6.334604559365787,2.000078250892805,-0.15203754822294877,0.0,0.0,0.0,0.0,0.005017987033496643,-0.01123057601709876,-0.07587666161771818,0.9970413362495089,1.8037375446942774,0.04963100228173091,-0.0005755505534511352,31.116782856702883,20.0,0.0,2.0,14.139331443044748,1.7658705721393346,1.3158705721393347,0,0,0
14.712381840,1787250890.725060701,1787250890.724982977,7.377078347547488,6.335096466920111,2.000072347470541,-0.15234222223889238,0.0,0.0,0.0,0.0,0.00566048885086921,-0.009974930602279315,-0.07603171439966915,0.9970394365474698,1.8008785893689272,0.048726547932833715,-0.0006040148722070926,31.134812451498107,20.0,0.0,2.0,14.123441446558706,1.765052758234109,1.315052758234109,0,0,0
14.722403288,1787250890.735082150,1787250890.734982729,7.39507384833144,6.33557858868669,2.0000661930133306,-0.15264945626640652,0.0,0.0,0.0,0.0,0.006363003798558119,-0.00867288065052219,-0.07618921238560293,0.9970353540571883,1.798262604950228,0.04767175907238775,-0.0006257841803374175,31.152814410495402,20.0,0.0,2.0,14.107576664573712,1.764428671026142,1.3144286710261421,0,0,0
14.732383490,1787250890.745062351,1787250890.744982958,7.413044418520676,6.336049367532201,2.0000598525624063,-0.1529564286857608,0.0,0.0,0.0,0.0,0.00710427224829113,-0.007381750861994936,-0.07634768752396945,0.9970286202912011,1.795891962334286,0.04645673706704838,-0.0006412805722783423,31.170791147291855,20.0,0.0,2.0,14.091734187158123,1.7639992453286593,1.3139992453286593,0,0,0
14.742393255,1787250890.755072117,1787250890.754983187,7.430992483260398,6.336507168673013,2.000053388605992,-0.15326957020165244,0.0,0.0,0.0,0.0,0.0078751812293274,-0.00613919543034214,-0.07651018797757149,0.9970187976842313,1.7937598198106801,0.0450753585566103,-0.0006504604887191492,31.188745050810827,20.0,0.0,2.0,14.075911091554659,1.7637655293540941,1.3137655293540942,0,0,0
14.752386093,1787250890.765064955,1787250890.764982939,7.448920366622536,6.336950307203814,2.000046862914643,-0.15359614103295346,0.0,0.0,0.0,0.0,0.008665602064913507,-0.004973681736464827,-0.07668014293324818,0.9970056797784923,1.7918530693099517,0.04352378261176203,-0.0006537348322481996,31.206678411237377,20.0,0.0,2.0,14.060104521714951,1.7637286524590015,1.3137286524590015,0,0,0
14.762389183,1787250890.775068045,1787250890.774983168,7.466830241328103,6.3373770683792285,2.000040333347668,-0.15394461266001025,0.0,0.0,0.0,0.0,0.009476288517343667,-0.0038901923647434713,-0.076861672689261,0.996989142182958,1.7901553284644183,0.04179941801354655,-0.0006512290195716505,31.224593370899772,20.0,0.0,2.0,14.044311742058898,1.7629353868951791,1.3129353868951792,0,0,0
14.772386312,1787250890.785065174,1787250890.784982920,7.4847241151206765,6.3377857109195395,2.0000338581522934,-0.1543199451219543,0.0,0.0,0.0,0.0,0.01030704733795091,-0.0028815388420113373,-0.07705725957678553,0.9969692273363261,1.7886503220526275,0.03989960397893382,-0.0006426943765699939,31.242491911341897,20.0,0.0,2.0,14.028530150850592,1.7622808796861882,1.3122808796861882,0,0,0
14.782381058,1787250890.795059919,1787250890.794982672,7.502603851906702,6.338174460395111,2.00002750052549,-0.1547216049428813,0.0,0.0,0.0,0.0,0.011175527297680916,-0.0019011659125435986,-0.07726708233591018,0.996945982059754,1.7873268884217768,0.037819628324501815,-0.0006278750185795097,31.260375874943733,20.0,0.0,2.0,14.012757258068032,1.761827845441049,1.311827845441049,0,0,0
14.792382717,1787250890.805061579,1787250890.804983139,7.520471251001265,6.338541474709821,2.0000213185783164,-0.1551472303459939,0.0,0.0,0.0,0.0,0.012094213609713739,-0.0009012822464772441,-0.07749060493658162,0.99691931661195,1.7861832318279443,0.035550893321776335,-0.0006075096930359618,31.278247044131227,20.0,0.0,2.0,13.996990598845061,1.7615778588458249,1.311577858845825,0,0,0
14.802386522,1787250890.815065384,1787250890.814982653,7.538328144307309,6.338884807040381,2.000015372893705,-0.1556011512721151,0.0,0.0,0.0,0.0,0.013084554331115727,0.00018299271701161004,-0.07773104078081748,0.9968884823543467,1.7852282844674132,0.03308064698534377,-0.000580483717497776,31.296107238726577,20.0,0.0,2.0,13.981227629794423,1.7615326035529317,1.3115326035529318,0,0,0
14.812381983,1787250890.825060844,1787250890.824983120,7.556176510866009,6.339202360144381,2.0000097325362183,-0.15608704251690222,0.0,0.0,0.0,0.0,0.014155841758270647,0.001397450437635153,-0.07799129524618964,0.9968525553672474,1.784481862394735,0.030392066596271694,-0.0005461861934051467,31.31395843086047,20.0,0.0,2.0,13.965465605975249,1.761343283360513,1.311343283360513,0,0,0
14.822403669,1787250890.835082531,1787250890.834982872,7.574018570939609,6.339491855304873,2.000004478554391,-0.1566102972316902,0.0,0.0,0.0,0.0,0.015320905870001102,0.0027880819880180866,-0.07827537980063193,0.996810143086043,1.7839724729386486,0.027465503894803036,-0.0005032162591975377,31.331802840145237,20.0,0.0,2.0,13.949701482786312,1.7607002301413115,1.3107002301413115,0,0,0
14.832390785,1787250890.845069647,1787250890.844983101,7.591856865785535,6.339750805835457,1.9999996966657763,-0.1571744904090526,0.0,0.0,0.0,0.0,0.016577204525836553,0.00437082856970342,-0.07858614616144131,0.9967599057843446,1.7837347821136607,0.02427963854011308,-0.00045143161984375864,31.349643015067414,20.0,0.0,2.0,13.933931832732819,1.7602684106699136,1.3102684106699136,0,0,0
14.842384338,1787250890.855063200,1787250890.854983091,7.609694295852878,6.339976512864218,1.999995484458662,-0.1577866691062028,0.0,0.0,0.0,0.0,0.017924397806018805,0.006156186264822249,-0.0789282184467299,0.9967001322698767,1.783805856671399,0.020813253333871077,-0.00038947104877956677,31.36748187357386,20.0,0.0,2.0,13.91815280940366,1.760050567257266,1.310050567257266,0,0,0
14.852387905,1787250890.865066767,1787250890.864982605,7.627534133281984,6.34016607072797,1.9999919206654333,-0.15844737918984958,0.0,0.0,0.0,0.0,0.019340598092559596,0.008118761499921695,-0.07930227116832529,0.996629909627779,1.7842217688830322,0.017047096569314628,-0.0003237896308163071,31.38532271840759,20.0,0.0,2.0,13.902360138752623,1.7600496967632782,1.3100496967632782,0,0,0
14.862384081,1787250890.875062943,1787250890.874983311,7.645379977262318,6.340316416169662,1.9999889942143427,-0.1591383505083004,0.0,0.0,0.0,0.0,0.020776045539678694,0.010205281917619479,-0.0796985543504775,0.9965502238157188,1.7850110867154096,0.012969769163068684,-0.000262383535010552,31.40316919592239,20.0,0.0,2.0,13.886549181258188,1.7602690160447545,1.3102690160447545,0,0,0
14.872385263,1787250890.885064125,1787250890.884982824,7.663235657868506,6.340424427804165,1.9999866766855101,-0.15984227466218542,0.0,0.0,0.0,0.0,0.02217338728060516,0.012346634644799534,-0.08010678342417478,0.9964631477174078,1.7861909250580883,0.008581267186598485,-0.0001991576805917773,31.421025203365108,20.0,0.0,2.0,13.870715062972076,1.7599599824210481,1.3099599824210482,0,0,0
14.882383823,1787250890.895062685,1787250890.894983053,7.681105122818529,6.34048703674006,1.9999850437966458,-0.16056153006834048,0.0,0.0,0.0,0.0,0.023496792185107515,0.014506246044204044,-0.08052671584008964,0.9963698698870437,1.7877686819393193,0.0038915497649570285,-0.00012624218405810804,31.438894778070324,20.0,0.0,2.0,13.85485282701842,1.7596147929820836,1.3096147929820836,0,0,0
14.892363548,1787250890.905042410,1787250890.904983282,7.698992361992845,6.340501310234524,1.9999841829637572,-0.16130175934448318,0.0,0.0,0.0,0.0,0.024720492232435345,0.016650030799844135,-0.08095952540552591,0.9962716642483929,1.789745457339944,-0.0010826478285574745,-4.340332148980822e-05,31.45678202296027,20.0,0.0,2.0,13.838957539339669,1.7594993597264323,1.3094993597264324,0,0,0
14.902383089,1787250890.915061951,1787250890.914982796,7.716901353796817,6.3404645016851156,1.9999842176391855,-0.16206846660422325,0.0,0.0,0.0,0.0,0.025841294091465666,0.018774118176220742,-0.0814070945297054,0.9961689841420558,1.7921187688334916,-0.006321484817319929,5.1899146369663134e-05,31.474691052590742,20.0,0.0,2.0,13.823024359731724,1.7596170534255582,1.3096170534255582,0,0,0
14.912383795,1787250890.925062656,1787250890.924982786,7.7348360466423625,6.340374066980228,1.9999852311988284,-0.16286375253888005,0.0,0.0,0.0,0.0,0.026854491722376275,0.020863555287519382,-0.08186931325803014,0.9960627308968829,1.7948846815646702,-0.011804243647844785,0.00015004163147323433,31.492625973469497,20.0,0.0,2.0,13.807048566301093,1.7599711163245306,1.3099711163245307,0,0,0
14.922393322,1787250890.935072184,1787250890.934983253,7.752800327719627,6.340227685489979,1.9999871964303877,-0.16368707053807477,0.0,0.0,0.0,0.0,0.027729000064544047,0.022883704190205766,-0.0823436230286367,0.9959553034069719,1.7980344288807997,-0.017506146310890855,0.00024164323592974435,31.51059085103729,20.0,0.0,2.0,13.791025593360416,1.760405569392581,1.3104055693925811,0,0,0
14.932381153,1787250890.945060015,1787250890.944983244,7.7707979633507795,6.3400233172578595,1.9999900442363239,-0.16453727049734077,0.0,0.0,0.0,0.0,0.028436152206721296,0.02479788204943096,-0.08282692718381546,0.9958494617294452,1.8015525200984064,-0.02339595653868211,0.00032780546305394645,31.52858964718581,20.0,0.0,2.0,13.77495111122569,1.7602193149534324,1.3102193149534325,0,0,0
14.942365885,1787250890.955044746,1787250890.954982996,7.788832544765914,6.339759259247467,1.9999937513672368,-0.16542176259030814,0.0,0.0,0.0,0.0,0.028958801800390184,0.026609727348095035,-0.08332144155372057,0.9957463771393575,1.8054206816889768,-0.029437834554307582,0.00041348204156382195,31.54662616201531,20.0,0.0,2.0,13.758821100843676,1.752874505404661,1.302874505404661,0,0,0
14.952375650,1787250890.965054512,1787250890.964990139,7.806907488786855,6.339434179606497,1.999998318232964,-0.1663461006153141,0.0,0.0,0.0,0.0,0.029295831181453326,0.028331024032421864,-0.08382910433085944,0.9956464174694488,1.8096225480759591,-0.03559408021110502,0.0005008788126312492,31.564704029671354,20.0,0.0,2.0,13.742631869644475,1.7430225003625646,1.2930225003625646,0,0,0
14.962359428,1787250890.975038290,1787250890.974982977,7.825026068960322,6.339047117061834,2.0000037878536907,-0.16731508565566744,0.0,0.0,0.0,0.0,0.029459506661506277,0.029999983387351936,-0.08435256611358352,0.9955484835275844,1.8141466240193187,-0.041828638328397255,0.0005937926351754862,31.58282674455717,20.0,0.0,2.0,13.726380024385163,1.733227422812101,1.283227422812101,0,0,0
14.972366095,1787250890.985044956,1787250890.984982729,7.843191483679501,6.338597448356942,2.000010268516691,-0.16832889018169428,0.0,0.0,0.0,0.0,0.029485931212879866,0.03166975004818489,-0.0848933988728646,0.9954500075946595,1.8189901780910296,-0.04811135733671801,0.0007111934033406273,31.600997725154347,20.0,0.0,2.0,13.71006239646287,1.723489491117431,1.273489491117431,0,0,0
14.982364655,1787250890.995043516,1787250890.994983196,7.861406993214338,6.338084781875409,2.000018180068112,-0.16938486193520996,0.0,0.0,0.0,0.0,0.029468446505378797,0.03350010389697862,-0.08545614876705103,0.9953424538003767,1.8241709534276216,-0.05442723882611271,0.000878524594336753,31.61922044935046,20.0,0.0,2.0,13.693675871984007,1.7138092386778596,1.2638092386778597,0,0,0
14.992360830,1787250891.005039692,1787250891.004983187,7.879676178778195,6.337508774109534,2.0000280323096713,-0.1704764733918875,0.0,0.0,0.0,0.0,0.029508387995547246,0.03563488422355382,-0.08604370848639178,0.9952165042312086,1.8297356138880125,-0.060782908889138974,0.0011059948892738528,31.637498715766608,20.0,0.0,2.0,13.6772170778261,1.704187239047159,1.2541872390471591,0,0,0
15.002357006,1787250891.015035868,1787250891.014982939,7.898003236078009,6.336868888862921,2.000040543590366,-0.17159065756626982,0.0,0.0,0.0,0.0,0.029723580770030938,0.038245180227304484,-0.08665743866603796,0.9950599495806423,1.8357603187336085,-0.06720981470133335,0.001406028257608692,31.655836944659598,20.0,0.0,2.0,13.66068201043641,1.6946237719639756,1.2446237719639757,0,0,0
15.012356043,1787250891.025034904,1787250891.024983168,7.916393254087604,6.33616416204599,2.000056378129673,-0.17271408183411552,0.0,0.0,0.0,0.0,0.03020358716163929,0.04142918320764557,-0.08729704057274162,0.9948620973826261,1.8423463946337046,-0.07376222027628533,0.0017762177079506277,31.67424046750204,20.0,0.0,2.0,13.644065680046912,1.6851185100797725,1.2351185100797726,0,0,0
15.022392035,1787250891.035070896,1787250891.034982920,7.934852428184032,6.335392983449979,2.0000763156294243,-0.17383606152384412,0.0,0.0,0.0,0.0,0.03102514097585054,0.04526766991359732,-0.08796410981487413,0.9946107751640835,1.8496119349758988,-0.0805133137815395,0.0022201948502665663,31.692715754299627,20.0,0.0,2.0,13.627361820626472,1.6756702607680882,1.2256702607680883,0,0,0
15.032363892,1787250891.045042753,1787250891.044982672,7.953388171304821,6.334552952727587,2.0001009853374985,-0.174947927358515,0.0,0.0,0.0,0.0,0.0322179060861259,0.04974828682264566,-0.08865904115406345,0.9942970828214672,1.8576810760748572,-0.08754764244297879,0.0027281746047519754,31.711270538945346,20.0,0.0,2.0,13.610562724309617,1.6662768282973894,1.2162768282973895,0,0,0
15.042365074,1787250891.055043936,1787250891.054983139,7.972009128809103,6.333640788880947,2.000131089103221,-0.17604370381165962,0.0,0.0,0.0,0.0,0.03379083189005866,0.05483398169643693,-0.08938352727615712,0.9939124705843896,1.8666734242523795,-0.09495435228881453,0.0032987212617892558,31.729913848938374,20.0,0.0,2.0,13.593659185709063,1.6569349725246731,1.2069349725246732,0,0,0
15.052362204,1787250891.065041065,1787250891.064983130,7.990725052346953,6.332652350138657,2.0001669894523877,-0.1771183891854349,0.0,0.0,0.0,0.0,0.035702230688422446,0.06038737281071307,-0.09013590607417044,0.993455703272712,1.8766882323658356,-0.10281518464140896,0.003878181827254762,31.74865588975193,20.0,0.0,2.0,13.576640622183723,1.6476405313328217,1.1976405313328218,0,0,0
15.062355995,1787250891.075034857,1787250891.074982882,8.009546513636701,6.331582746158968,2.000208521482291,-0.17816378587161158,0.0,0.0,0.0,0.0,0.03787665483027157,0.0661691532054836,-0.09090837095883489,0.9929363878278148,1.8877873442168944,-0.11119695891211089,0.004418661233644696,31.767507764530432,20.0,0.0,2.0,13.559495378648164,1.6383886938732075,1.1883886938732076,0,0,0
15.072360516,1787250891.085039377,1787250891.084983110,8.028484476566712,6.330426509352985,2.000255266708011,-0.17917910597531253,0.0,0.0,0.0,0.0,0.04021486866250131,0.07190861475883414,-0.09169257727854895,0.992373108630993,1.8999887098746024,-0.12014890407990059,0.004934635995580693,31.78648104860584,20.0,0.0,2.0,13.542211185153047,1.6291743792324231,1.1791743792324232,0,0,0
15.082358837,1787250891.095037699,1787250891.094983101,8.047549883549777,6.3291777644946094,2.0003072324038,-0.18017886762819255,0.0,0.0,0.0,0.0,0.04265752507276894,0.07741705897453922,-0.09248967963142027,0.9917825334699518,1.913267646633875,-0.12970141090865106,0.0054558708501137145,31.805587377598737,20.0,0.0,2.0,13.524775600918327,1.6199925919400984,1.1699925919400984,0,0,0
15.092360973,1787250891.105039835,1787250891.104982853,8.066753221719729,6.32783043361506,2.0003644046542344,-0.18117953348762045,0.0,0.0,0.0,0.0,0.045146485923413374,0.08254731558398949,-0.09330067817445324,0.9911824851917186,1.9275641777048722,-0.1398682305082368,0.005987353454232737,31.824838007875034,20.0,0.0,2.0,13.50717649254322,1.6108388012726353,1.1608388012726354,0,0,0
15.102363348,1787250891.115042210,1787250891.114983320,8.086104300067461,6.326378334421765,2.000427085972719,-0.1821919845546066,0.0,0.0,0.0,0.0,0.04766223424974254,0.0872441176423452,-0.09412742027618265,0.9905840722095638,1.942800320559687,-0.15065450639218103,0.006550618409224324,31.84424359352028,20.0,0.0,2.0,13.489402275916994,1.6017091205483016,1.1517091205483017,0,0,0
15.112374544,1787250891.125053406,1787250891.124982834,8.105612037914543,6.3248153031358445,2.000495366508325,-0.18322090367246413,0.0,0.0,0.0,0.0,0.050176126032611686,0.09147218037206085,-0.09496748688398181,0.989998168194912,1.958879010940452,-0.16205255093249984,0.007098515685327313,31.863813968195863,20.0,0.0,2.0,13.471442159500695,1.5926004937923066,1.1426004937923067,0,0,0
15.122391939,1787250891.135070801,1787250891.134983063,8.125284337897424,6.3231352935243565,2.000568882311249,-0.18426541040493025,0.0,0.0,0.0,0.0,0.052657261321829546,0.09518035574430365,-0.09581423942551374,0.9894379941329233,1.9756947093733408,-0.174047290700923,0.007594663732495738,31.883558010929924,20.0,0.0,2.0,13.453286301852966,1.5835108180041557,1.1335108180041558,0,0,0
15.132369280,1787250891.145048141,1787250891.144983053,8.14512804012506,6.3213324244549165,2.0006471615265813,-0.18532253362548542,0.0,0.0,0.0,0.0,0.055074787677204466,0.09834185682211802,-0.09665982316166101,0.9889148221891738,1.9931435272057942,-0.186622311392854,0.00806484645503751,31.903483597059726,20.0,0.0,2.0,13.43492587342082,1.5744389809484507,1.1244389809484507,0,0,0
15.142362356,1787250891.155041218,1787250891.154983282,8.16514898459878,6.319400964004726,2.000730220235611,-0.18639511817227727,0.0,0.0,0.0,0.0,0.0574613402688948,0.10100301035029578,-0.09750740931036672,0.988427484140471,2.0111255406464004,-0.19976258269430586,0.008547006325216688,31.923597663178725,20.0,0.0,2.0,13.416352993039084,1.5653847973345663,1.1153847973345663,0,0,0
15.152358770,1787250891.165037632,1787250891.164984226,8.185352016271455,6.3173353231292895,2.0008181715380267,-0.18748071905232142,0.0,0.0,0.0,0.0,0.05985213098617442,0.10324183125628737,-0.09835941647222028,0.9879697727595245,2.029548381380449,-0.21345857816400163,0.00905319046426256,31.943906210552306,20.0,0.0,2.0,13.397560719537072,1.556348974608761,1.1063489746087611,0,0,0
15.162355423,1787250891.175034285,1787250891.174983025,8.205741179395469,6.315129927616354,2.0009114339382057,-0.18857151755693002,0.0,0.0,0.0,0.0,0.06231648544524657,0.10517417315665115,-0.09922133510665672,0.9875273037249248,2.048340064361086,-0.22771448434421984,0.009603957342568411,31.96441451228944,20.0,0.0,2.0,13.378542819036584,1.5473328984881658,1.0973328984881658,0,0,0
15.172351360,1787250891.185030222,1787250891.184983253,8.226319859029662,6.31277911954923,2.001010359280456,-0.18965439113836732,0.0,0.0,0.0,0.0,0.0648995701833843,0.10691129163212448,-0.10009446647228612,0.9870861762243412,2.0674453212247204,-0.24254524417605755,0.010189403464511929,31.98512726537247,20.0,0.0,2.0,13.359293592661324,1.538338470663797,1.088338470663797,0,0,0
15.182360172,1787250891.195039034,1787250891.194983006,8.247091019016617,6.3102770156476184,2.0011153234411996,-0.19071497206912147,0.0,0.0,0.0,0.0,0.06764929085344959,0.10855620758119444,-0.10098058700876039,0.9866316659675891,2.08683108863407,-0.2579783794681305,0.010805048670964792,32.006048848214434,20.0,0.0,2.0,13.339807598816291,1.5293678810973355,1.0793678810973355,0,0,0
15.192373276,1787250891.205052137,1787250891.204982758,8.268057350429663,6.307617434725153,2.0012264797660246,-0.1917420867255212,0.0,0.0,0.0,0.0,0.07057445577033723,0.1101833634410221,-0.10187856406954975,0.9861539589722647,2.106478594929045,-0.27404707628096014,0.011428578271955245,32.027183482806336,20.0,0.0,2.0,13.320079486996645,1.5204234850263625,1.0704234850263625,0,0,0
15.202372074,1787250891.215050936,1787250891.214982986,8.289221451245272,6.304793829301873,2.0013438871070464,-0.19274311905450373,0.0,0.0,0.0,0.0,0.0736796057749038,0.11184564252880293,-0.10279567045151917,0.9856444176662275,2.126384379798876,-0.29078911747727354,0.012049393969929203,32.048535431087544,20.0,0.0,2.0,13.300103806136606,1.5115076838379418,1.0615076838379418,0,0,0
15.212382317,1787250891.225061178,1787250891.224982738,8.31058590379233,6.301799292891764,2.0014673809814685,-0.1937314499440635,0.0,0.0,0.0,0.0,0.07693248237984092,0.11356240187300524,-0.10373681654981771,0.9851008308431269,2.1465503487773514,-0.3082390850207859,0.012646076337604522,32.070109080099336,20.0,0.0,2.0,13.279874938933599,1.50250187494795,1.05250187494795,0,0,0
15.222395182,1787250891.235074043,1787250891.234982967,8.332153346417918,6.298626586456052,2.0015966949514725,-0.1947330752404886,0.0,0.0,0.0,0.0,0.0803022309004526,0.11533045950868322,-0.104712156550122,0.984523133853415,2.1669825977923285,-0.32642702839998006,0.013208297675882195,32.09190901976985,20.0,0.0,2.0,13.25938705055978,1.4920012566182241,1.0420012566182242,0,0,0
15.232372522,1787250891.245051384,1787250891.244982958,8.353926447505952,6.29526822743507,2.0017313629115385,-0.1957760763845704,0.0,0.0,0.0,0.0,0.08373160475619795,0.11712203798330602,-0.10572808039302845,0.9839171812708599,2.1876825499489563,-0.3453723652333536,0.013717164788915607,32.11394001252467,20.0,0.0,2.0,13.238634153230173,1.4815037457315405,1.0315037457315406,0,0,0
15.242364168,1787250891.255043030,1787250891.254983187,8.375907882984038,6.291716579372686,2.0018708427391823,-0.19689993986724746,0.0,0.0,0.0,0.0,0.08717501471036622,0.1188975884384259,-0.10679655476105526,0.983289568827486,2.2086477773365516,-0.36508516069234587,0.014166974052610783,32.13620696481408,20.0,0.0,2.0,13.217610168259553,1.471011722240531,1.021011722240531,0,0,0
15.252363205,1787250891.265042067,1787250891.264983416,8.398100219773836,6.287963999295558,2.0020143514110944,-0.19813282904219878,0.0,0.0,0.0,0.0,0.09056725657265077,0.12060199923034715,-0.10791977117959821,0.9826525595586113,2.2298571498052175,-0.3855544307456434,0.014509736786299585,32.15871479154537,20.0,0.0,2.0,13.196309098549508,1.4605280595473085,1.0105280595473085,0,0,0
15.262360811,1787250891.275039673,1787250891.274982929,8.420505725613983,6.284003062046909,2.0021605273394463,-0.1994707605026389,0.0,0.0,0.0,0.0,0.09383737893984472,0.12215073797535247,-0.10908068495616102,0.9820260422693848,2.251275997745226,-0.40675181171442865,0.014700116061018908,32.18146818872563,20.0,0.0,2.0,13.174725302723843,1.450056417578978,1.0000564175789781,0,0,0
15.272375345,1787250891.285054207,1787250891.284982920,8.443126318550949,6.279826645858283,2.0023079110525677,-0.2009067870815404,0.0,0.0,0.0,0.0,0.09691703737088893,0.12346406307795754,-0.11026007966269047,0.9814308064394092,2.2728683931072595,-0.4286443468539294,0.014759437669267872,32.20447156671582,20.0,0.0,2.0,13.152853580780668,1.439601355849449,0.989601355849449,0,0,0
15.282364368,1787250891.295043230,1787250891.294982672,8.465963511034419,6.275427996663785,2.0024553873628053,-0.20247158701685197,0.0,0.0,0.0,0.0,0.09979495481948557,0.12446950476529339,-0.11146404117015124,0.980879236655603,2.2945855744012555,-0.45119030930157394,0.014719947299698529,32.22772897896493,20.0,0.0,2.0,13.130689254529946,1.4291684252542662,0.9791684252542663,0,0,0
15.292386293,1787250891.305065155,1787250891.304982901,8.489018226137558,6.2708008245023175,2.0026020183427202,-0.2041914829998004,0.0,0.0,0.0,0.0,0.10247488974107227,0.12512397589765242,-0.11270001773937303,0.9803782910844486,2.3163615308745595,-0.4743411055716568,0.014593766758436237,32.25124391275908,20.0,0.0,2.0,13.108228375691038,1.418764317963897,0.968764317963897,0,0,0
15.302384138,1787250891.315063000,1787250891.314983368,8.512290698139072,6.265939303856826,2.002747039863469,-0.20609144213856911,0.0,0.0,0.0,0.0,0.10500030087186667,0.12540339332235007,-0.11398145054432061,0.9799271170305831,2.3381242728460236,-0.4980533623549989,0.014400449327048408,32.27501918073421,20.0,0.0,2.0,13.085467813949483,1.4083968887310725,0.9583968887310725,0,0,0
15.312383175,1787250891.325062037,1787250891.324983120,8.535780405990591,6.2608380155090515,2.002889814631886,-0.2081759421145139,0.0,0.0,0.0,0.0,0.10740706716150544,0.1253172857047461,-0.11531336236921468,0.9795213771462393,2.3597953049237703,-0.5222881886310553,0.014142676490861922,32.29905685746037,20.0,0.0,2.0,13.06240528796826,1.3980750997470301,0.9480750997470302,0,0,0
15.322393179,1787250891.335072041,1787250891.334983110,8.559486045255424,6.25549190712277,2.0030296831024295,-0.21043900621619774,0.0,0.0,0.0,0.0,0.10972392788849714,0.12488843224943375,-0.11669604934632719,0.9791555398433683,2.381298865433498,-0.5470130475685645,0.013821726992176741,32.32335825188582,20.0,0.0,2.0,13.039039371355681,1.3878089642201985,0.9378089642201985,0,0,0
15.332370043,1787250891.345048904,1787250891.344983101,8.583405602838381,6.249896205557465,2.003166073742481,-0.21286109185921548,0.0,0.0,0.0,0.0,0.11196886510308628,0.12416179677131473,-0.11812372918180852,0.9788225610774551,2.4025686187029525,-0.5722029245425159,0.013448362748785586,32.34792399456499,20.0,0.0,2.0,13.01536938521403,1.3776094152991314,0.9276094152991314,0,0,0
15.342363119,1787250891.355041981,1787250891.354982853,8.60753644531071,6.244046349979893,2.003298528285481,-0.21544456479148658,0.0,0.0,0.0,0.0,0.11419750281477957,0.12316630489078009,-0.11960558353424787,0.9785108563924326,2.4235467392585277,-0.5978426925377068,0.013037823269778249,32.37275413578305,20.0,0.0,2.0,12.991395288648167,1.3674881932325385,0.9174881932325385,0,0,0
15.352363348,1787250891.365042210,1787250891.364983320,8.631875386781402,6.237937869891741,2.0034267304959332,-0.2181830496217798,0.0,0.0,0.0,0.0,0.11645333783525157,0.12194418686524136,-0.12114607388046991,0.9782084972950049,2.444179819734796,-0.6239273262456455,0.012597227491478059,32.39784823940736,20.0,0.0,2.0,12.967117560690884,1.357457683764163,0.907457683764163,0,0,0
15.362360954,1787250891.375039816,1787250891.374982834,8.656418734115281,6.231566299641437,2.0035503966655974,-0.22108407306303163,0.0,0.0,0.0,0.0,0.1187923919468435,0.12052072653453294,-0.12275691998573042,0.9779027869306605,2.464420637856773,-0.6504632990087241,0.012133128297270618,32.42320544941019,20.0,0.0,2.0,12.94253711943196,1.3475307955442246,0.8975307955442247,0,0,0
15.372362614,1787250891.385041475,1787250891.384983301,8.681162344145601,6.2249270527399005,2.0036693036838695,-0.22414572588901932,0.0,0.0,0.0,0.0,0.12124588084731629,0.11892772289704513,-0.12444242643637353,0.9775836105452617,2.4842248365028436,-0.6774647652704868,0.011641819592355305,32.4488245824094,20.0,0.0,2.0,12.917655211194875,1.3377207954873729,0.8877207954873729,0,0,0
15.382358789,1787250891.395037651,1787250891.394983053,8.70610163302812,6.218015375862498,2.0037831351448703,-0.22739207039888978,0.0,0.0,0.0,0.0,0.12386289438342578,0.11715196570847067,-0.12621815728023267,0.9772422305131845,2.5035493954523313,-0.7049548512707711,0.011120451393418364,32.47470415668768,20.0,0.0,2.0,12.892473379847022,1.328041228183443,0.8780412281834431,0,0,0
15.392359972,1787250891.405038834,1787250891.404983282,8.731231579477122,6.210826226459877,2.0038916026479447,-0.23083564689723293,0.0,0.0,0.0,0.0,0.1266591118696559,0.11519133582746711,-0.12809020551218578,0.9768732388506298,2.522348068887989,-0.7329637128632366,0.010565886256170555,32.50084243977709,20.0,0.0,2.0,12.866993404646895,1.3185057573350234,0.8685057573350234,0,0,0
15.402382135,1787250891.415060997,1787250891.414983034,8.756546677508052,6.203354260054435,2.003994340816373,-0.2345086317799601,0.0,0.0,0.0,0.0,0.1296517169512297,0.11301779930299731,-0.13007184516216727,0.9764725927686936,2.5405713475907543,-0.7615248180222233,0.009976949029855107,32.527237420841885,20.0,0.0,2.0,12.841217335032892,1.3091281151749994,0.8591281151749994,0,0,0
15.412383080,1787250891.425061941,1787250891.424983501,8.782040909214713,6.1955937810149715,2.004091018471903,-0.23842455774818136,0.0,0.0,0.0,0.0,0.13281900136127192,0.11062954433909858,-0.13216418503612087,0.976039366516769,2.558165493045357,-0.790670463208692,0.009351196542731465,32.55388681542795,20.0,0.0,2.0,12.815147490306765,1.2999220065632913,0.8499220065632913,0,0,0
15.422395945,1787250891.435074806,1787250891.434983015,8.807707710338024,6.187538806350919,2.004181252741844,-0.24261328798161447,0.0,0.0,0.0,0.0,0.13613845373235722,0.10801190820779205,-0.13437491294642723,0.9755732324491659,2.575076339780964,-0.820428914393442,0.008690949993902323,32.5807880317381,20.0,0.0,2.0,12.78878652023717,1.2909011190968638,0.8409011190968638,0,0,0
15.432369947,1787250891.445048809,1787250891.444982767,8.83353997690222,6.179183094991132,2.0042647202003816,-0.24708048856355505,0.0,0.0,0.0,0.0,0.13955536099751023,0.10518340899603722,-0.13669909607947395,0.9750764630632214,2.591249720137081,-0.8508194001680424,0.007995925053253531,32.607938185973175,20.0,0.0,2.0,12.762137413329455,1.2820790920360026,0.8320790920360026,0,0,0
15.442364216,1787250891.455043077,1787250891.454982996,8.859530083679276,6.170520275604739,2.004341078896693,-0.25184571069156997,0.0,0.0,0.0,0.0,0.14302156531119578,0.10215385107115356,-0.13913905621137693,0.9745510482288114,2.6066367672838635,-0.8818520015701696,0.007272143867808506,32.63533409662887,20.0,0.0,2.0,12.735203542663237,1.2734695807857093,0.8234695807857093,0,0,0
15.452363491,1787250891.465042353,1787250891.464982748,8.88566993869215,6.1615439383489745,2.004410029660486,-0.256886685009575,0.0,0.0,0.0,0.0,0.14645822233595357,0.09897348169654323,-0.14167788102573187,0.9740028834963042,2.6211920549334176,-0.9135182641115049,0.006506435927100965,32.66297232024818,20.0,0.0,2.0,12.707988663209374,1.2650862856420997,0.8150862856420997,0,0,0
15.462354660,1787250891.475033522,1787250891.474982738,8.911951048646888,6.152247905064118,2.0044709794056677,-0.26212703444929075,0.0,0.0,0.0,0.0,0.14975020508166667,0.09572166917296818,-0.14427261060400498,0.9734462758458963,2.634885371352053,-0.9457854206098406,0.005672656416080374,32.690849133017174,20.0,0.0,2.0,12.680496986420742,1.2569431605983115,0.8069431605983115,0,0,0
15.472360134,1787250891.485038996,1787250891.484983206,8.93836477167247,6.142626363821374,2.004523314850225,-0.26747087618784293,0.0,0.0,0.0,0.0,0.15278446703655063,0.0924929383464796,-0.14687477974697472,0.9728976112945643,2.6477172111217677,-0.9786123931942744,0.004790082316186026,32.71896072420225,20.0,0.0,2.0,12.652733026127883,1.249054505462046,0.7990545054620461,0,0,0
15.482363224,1787250891.495042086,1787250891.494984627,8.964902586462825,6.132673967120384,2.0045667260224547,-0.2728869927144298,0.0,0.0,0.0,0.0,0.15550396510243727,0.08932931845800254,-0.14946985163778717,0.9723669848121268,2.659707307445067,-1.0119459233780397,0.0038903452493243727,32.747303407534474,20.0,0.0,2.0,12.624701413033003,1.2414350499954934,0.7914350499954934,0,0,0
15.492385387,1787250891.505064249,1787250891.504983902,8.991556192416944,6.1223859945743815,2.004601068467371,-0.27834912796606553,0.0,0.0,0.0,0.0,0.15788152696549984,0.08626447329801734,-0.15204884673256086,0.971860593036345,2.6708799719279344,-1.0457147588965345,0.002974960534448092,32.77587364150041,20.0,0.0,2.0,12.596406888518063,1.2341001095872512,0.7841001095872513,0,0,0
15.502372265,1787250891.515051126,1787250891.514983177,9.018317557449137,6.111758448763849,2.004626216691834,-0.2838735960793518,0.0,0.0,0.0,0.0,0.15993347914916978,0.08328474500586151,-0.1546229752360232,0.9713787464350406,2.6812638187509044,-1.0798504246096958,0.002056105659708805,32.80466801631172,20.0,0.0,2.0,12.567854311971756,1.22706567312351,0.7770656731235099,0,0,0
15.512339592,1787250891.525018454,1787250891.524982929,9.045178920281778,6.100787987333874,2.004642186031074,-0.28945963535235325,0.0,0.0,0.0,0.0,0.1616859401294141,0.08039044006549131,-0.1571973644529505,0.9709191637410349,2.69088313396639,-1.1142855848266549,0.0011351053690779366,32.833683255277364,20.0,0.0,2.0,12.539048628381947,1.220348321270083,0.770348321270083,0,0,0
15.522358418,1787250891.535037279,1787250891.534982681,9.07213275985782,6.089471949707188,2.004648912795447,-0.2951006035974149,0.0,0.0,0.0,0.0,0.1631498373361693,0.07760428372673076,-0.1597751275087325,0.9704800947747516,2.6997645054109425,-1.1489567908204381,0.00021154064429135394,32.862916151485386,20.0,0.0,2.0,12.50999491034403,1.213965224972645,0.763965224972645,0,0,0
15.532341242,1787250891.545020103,1787250891.544983625,9.09917185734981,6.077808276394134,2.0046463752682566,-0.3007768182366639,0.0,0.0,0.0,0.0,0.16434043250502664,0.07495568748393312,-0.1623541163727047,0.9700592806909843,2.7079399637884958,-1.183800487858286,-0.0007251150954579156,32.892363631424665,20.0,0.0,2.0,12.480698266884051,1.207934047557207,0.757934047557207,0,0,0
15.542349577,1787250891.555028439,1787250891.554983139,9.126289319751029,6.065795542193937,2.00463437900613,-0.3065222712906284,0.0,0.0,0.0,0.0,0.16528942898213184,0.07242123917829552,-0.16495332390820572,0.9696519838139226,2.7154431855366057,-1.2187632507672144,-0.0016726021134542933,32.92202273953594,20.0,0.0,2.0,12.451163840980053,1.2022729505254215,0.7522729505254215,0,0,0
15.552364588,1787250891.565043449,1787250891.564982891,9.153478570204342,6.0534327731249675,2.0046128854732643,-0.31236295676129616,0.0,0.0,0.0,0.0,0.1660363331744906,0.06997505548181375,-0.16758772213446615,0.9692521772305016,2.722300770118397,-1.253797364062442,-0.002632451817677457,32.951890679894085,20.0,0.0,2.0,12.421396730821872,1.1970003785558307,0.7470003785558308,0,0,0
15.562356710,1787250891.575035572,1787250891.574982882,9.18073324162314,6.040719482700665,2.004581707832041,-0.31835937572713263,0.0,0.0,0.0,0.0,0.1666238406061077,0.06755950395116808,-0.17028499593278237,0.9688525322915323,2.7285296795437373,-1.2888647407225169,-0.003600699609401355,32.981964685939246,20.0,0.0,2.0,12.39140210184645,1.1921350230183343,0.7421350230183343,0,0,0
15.572369814,1787250891.585048676,1787250891.584983587,9.208047071390821,6.027655540959809,2.0045406686141285,-0.32455127569495046,0.0,0.0,0.0,0.0,0.16708426391226316,0.06513938948075833,-0.17306402187167896,0.9684464636853037,2.7341305084927368,-1.3239122768123268,-0.004632757688385148,33.01224196379912,20.0,0.0,2.0,12.361185216291,1.1793590938871898,0.7293590938871899,0,0,0
15.582364321,1787250891.595043182,1787250891.594983816,9.235413751342325,6.014241422395319,2.0044888025833787,-0.33101715574160534,0.0,0.0,0.0,0.0,0.16740252138930184,0.06269166490291683,-0.17595977618280342,0.9680311504026626,2.7391008073876013,-1.3589027175801573,-0.0057434519469551455,33.042719438079565,20.0,0.0,2.0,12.330751685967657,1.158922643207371,0.708922643207371,0,0,0
15.592359304,1787250891.605038166,1787250891.604983091,9.262826982740936,6.00047776818065,2.0044256203599398,-0.33779750333868264,0.0,0.0,0.0,0.0,0.16755351040168628,0.06022560847270103,-0.17899190918809388,0.9676055982069173,2.743439587599899,-1.3938070215022211,-0.006911794405645142,33.073393978419205,20.0,0.0,2.0,12.300107212341764,1.1385848961844667,0.6885848961844667,0,0,0
15.602362871,1787250891.615041733,1787250891.614983320,9.29028044072662,5.986365710897937,2.004350388054764,-0.3449331346844723,0.0,0.0,0.0,0.0,0.16748828481215852,0.05775361232066135,-0.1821788276555565,0.9671727195639066,2.7471476128603323,-1.4285811311426597,-0.008136957333048329,33.1042622173716,20.0,0.0,2.0,12.269257776604647,1.1183701028900952,0.6683701028900952,0,0,0
15.612353086,1787250891.625031948,1787250891.624983072,9.317767858307729,5.971906736354574,2.004262744835386,-0.3524206218687583,0.0,0.0,0.0,0.0,0.1671698254050502,0.055308935527614865,-0.18552120225924315,0.9667352557123031,2.750232848327111,-1.4631770507761328,-0.00940505738564676,33.135320674375414,20.0,0.0,2.0,12.238209500074516,1.098304244695496,0.6483042446954961,0,0,0
15.622375965,1787250891.635054827,1787250891.634983540,9.345283072932288,5.957102955340615,2.0041621673135817,-0.3602642271850484,0.0,0.0,0.0,0.0,0.16655621423889247,0.05291793353018455,-0.1890224241688193,0.9662966640585313,2.7527107511143702,-1.4975361112671006,-0.010711843440817447,33.166565659316724,20.0,0.0,2.0,12.20696873675475,1.0784153972533297,0.6284153972533297,0,0,0
15.632361889,1787250891.645040751,1787250891.644984007,9.372820128279873,5.9419570040412335,2.004048424033609,-0.36843178234617907,0.0,0.0,0.0,0.0,0.16563280347123902,0.050616561150378346,-0.19267149572932957,0.9658578740606668,2.7546053945200497,-1.5315979828022295,-0.012044420393416013,33.19799338903926,20.0,0.0,2.0,12.175541936747836,1.0587337347929549,0.6087337347929549,0,0,0
15.642359257,1787250891.655038118,1787250891.654982805,9.40037334016894,5.926472192625538,2.003921230985144,-0.3769055509481551,0.0,0.0,0.0,0.0,0.16438890468790765,0.04842516771073223,-0.19646270182512257,0.9654189235452506,2.7559479027345106,-1.565299978130668,-0.013393716294888697,33.22959995557306,20.0,0.0,2.0,12.143935661630358,1.0392917912368314,0.5892917912368314,0,0,0
15.652356625,1787250891.665035486,1787250891.664983749,9.427937369396144,5.91065237474482,2.003780610168605,-0.3856326651828471,0.0,0.0,0.0,0.0,0.16285031840249095,0.046372244714471066,-0.20037658663289337,0.9649759645948178,2.7567755966824574,-1.5985919287109125,-0.014722992197840373,33.26138143003903,20.0,0.0,2.0,12.112156457604911,1.020124454242515,0.570124454242515,0,0,0
15.662354231,1787250891.675033092,1787250891.674982786,9.455507279604788,5.894501862145872,2.0036269426876854,-0.3945529946942749,0.0,0.0,0.0,0.0,0.1610667386215635,0.04449435181568979,-0.20439230234688366,0.9645214072832468,2.7571317133763245,-1.6314314212868086,-0.016002426570053553,33.2933339357282,20.0,0.0,2.0,12.080210763394074,1.0012690052902873,0.5512690052902873,0,0,0
15.672354698,1787250891.685033560,1787250891.684983015,9.483078591535493,5.878025400531218,2.0034606701934035,-0.4035885245023767,0.0,0.0,0.0,0.0,0.15910813650135594,0.042822770019713415,-0.20848024351218208,0.9640470939388832,2.7570642861945363,-1.663775441733109,-0.01724838986222722,33.325453690949274,20.0,0.0,2.0,12.048104850861295,0.9827652172125447,0.5327652172125448,0,0,0
15.682356834,1787250891.695035696,1787250891.694983959,9.51064732125603,5.861228090810666,2.0032820756474843,-0.41270396618828237,0.0,0.0,0.0,0.0,0.1570080224650844,0.041354492861253395,-0.21262435025552984,0.9635502957709089,2.7566235159735677,-1.6955979835243036,-0.018465422744242607,33.357737066984996,20.0,0.0,2.0,12.015844752808764,0.964655392170512,0.5146553921705119,0,0,0
15.692356825,1787250891.705035686,1787250891.704982996,9.538209976447309,5.844115248883479,2.00309142146183,-0.4218559687272288,0.0,0.0,0.0,0.0,0.15480346921675753,0.040074113079887265,-0.21680313618087727,0.9630297770689403,2.7558569434584927,-1.726878487470589,-0.01966397872237365,33.3901806436842,20.0,0.0,2.0,11.983436197352814,0.946984325835192,0.496984325835192,0,0,0
15.702355146,1787250891.715034008,1787250891.714983702,9.565763514426907,5.82669237190837,2.002888854781318,-0.4310320365172761,0.0,0.0,0.0,0.0,0.15249995405473582,0.03894031314182646,-0.22100508043880873,0.9624885300334522,2.7548063644513077,-1.75760338817835,-0.020845897153472046,33.422781182491754,20.0,0.0,2.0,11.950884627474313,0.9297993494415145,0.47979934944151453,0,0,0
15.712353945,1787250891.725032806,1787250891.724983215,9.593305270963056,5.808965051973494,2.002674629479879,-0.4402037287746692,0.0,0.0,0.0,0.0,0.15011870816598735,0.03791949896934917,-0.2252131039945813,0.9619280341302121,2.7535058076304533,-1.7877684852548053,-0.021986053554896655,33.455535603836815,20.0,0.0,2.0,11.91819522042065,0.9131502777781985,0.46315027777819845,0,0,0
15.722375154,1787250891.735054016,1787250891.734982729,9.62083289476248,5.790938836743894,2.0024494555842125,-0.4493654566759634,0.0,0.0,0.0,0.0,0.14768714059926447,0.03700378300210373,-0.22942469935159665,0.9613446498902336,2.751984442302469,-1.817382694200864,-0.02303205733487729,33.48844100173488,20.0,0.0,2.0,11.885372876320961,0.8970892490272759,0.4470892490272759,0,0,0
15.732359886,1787250891.745038748,1787250891.744982958,9.648344313489325,5.7726192661325575,2.0022142127734566,-0.4584934155340482,0.0,0.0,0.0,0.0,0.14524016875989504,0.036192272120716164,-0.23362964944451636,0.9607354473099083,2.7502691203498366,-1.8464362055056944,-0.024012059860433317,33.521494597105544,20.0,0.0,2.0,11.852422264943643,0.8816706768486647,0.4316706768486647,0,0,0
15.742357492,1787250891.755036354,1787250891.754982948,9.67583771420037,5.7540120088516495,2.0019693317466745,-0.46757817479716113,0.0,0.0,0.0,0.0,0.14276022342199635,0.03546747801980823,-0.23781969902122702,0.9601059146619549,2.7483848253899086,-1.874920405002471,-0.02495766650718637,33.55469364939463,20.0,0.0,2.0,11.819347908400191,0.8669512310679192,0.41695123106791915,0,0,0
15.752357483,1787250891.765036345,1787250891.764984131,9.703311522920766,5.735122777204576,2.0017151356009943,-0.47659091759869743,0.0,0.0,0.0,0.0,0.14023235276488624,0.03481120961252933,-0.24197755780463237,0.9594633544029927,2.7463543238951083,-1.9028285101155096,-0.025880949878403222,33.588035482780064,20.0,0.0,2.0,11.786154156692383,0.8529895179755235,0.40298951797552346,0,0,0
15.762358904,1787250891.775037766,1787250891.774982929,9.73076438091746,5.715957398152585,2.0014517647036025,-0.4855171626783167,0.0,0.0,0.0,0.0,0.13761064688481736,0.034195041003940385,-0.24609038318081972,0.9588188214363537,2.7441978027355804,-1.930148288217505,-0.026789114561417728,33.62151742613201,20.0,0.0,2.0,11.752845242125398,0.8398458202961359,0.38984582029613585,0,0,0
15.772356987,1787250891.785035849,1787250891.784983397,9.758195117283982,5.696521832431801,2.001179410251661,-0.4943335079836883,0.0,0.0,0.0,0.0,0.13487423848092145,0.03359487551572318,-0.25014344431722596,0.9581798272758562,2.741932623239387,-1.956862212234292,-0.02767822871626441,33.655136776057965,20.0,0.0,2.0,11.719425311592987,0.8275816793809168,0.37758167938091675,0,0,0
15.782352924,1787250891.795031786,1787250891.794983387,9.785602714429581,5.676822207550151,2.000898419430745,-0.503074717337602,0.0,0.0,0.0,0.0,0.13200539110181642,0.032978256572003595,-0.2541500251868512,0.9575462265661385,2.7395715771367217,-1.9829591518606742,-0.028504256537920616,33.688890747048276,20.0,0.0,2.0,11.685898471694866,0.8162593736891262,0.36625937368912614,0,0,0
15.792353868,1787250891.805032730,1787250891.804983139,9.812986254590855,5.65686476818501,2.0006096222486076,-0.5117525493673397,0.0,0.0,0.0,0.0,0.1290188593647724,0.03232416836894521,-0.25811554994423697,0.9569146487249808,2.7371221099136807,-2.0084200862554447,-0.029242894455791455,33.722776452907674,20.0,0.0,2.0,11.652268810250087,0.8059411921519762,0.3559411921519762,0,0,0
15.802357435,1787250891.815036297,1787250891.814982891,9.840344871163037,5.636656008387659,2.0003138420332696,-0.5203597410898659,0.0,0.0,0.0,0.0,0.125929511988837,0.03160875779892502,-0.2620362323149416,0.9562842973691728,2.7345868564035696,-2.033220189669014,-0.029898104061076358,33.75679079340145,20.0,0.0,2.0,11.618540501814017,0.7966887601799097,0.34668876017990974,0,0,0
15.812363386,1787250891.825042248,1787250891.824983120,9.86767770013551,5.616202626400911,2.000011956776607,-0.528857897547722,0.0,0.0,0.0,0.0,0.12277835809876003,0.03082190988492434,-0.26589607140815924,0.9556541026246502,2.7319640182546308,-2.057341976073259,-0.030464303278062155,33.79093044057365,20.0,0.0,2.0,11.584717826916057,0.7859134282881467,0.3359134282881467,0,0,0
15.822374821,1787250891.835053682,1787250891.834983587,9.894983842507305,5.59551146610597,1.9997048674516757,-0.53721189120389,0.0,0.0,0.0,0.0,0.11959788761421994,0.02995360570060484,-0.26968019356572687,0.955024460410361,2.7292483946639057,-2.0807747313681473,-0.030937441468918678,33.82519184494407,20.0,0.0,2.0,11.550805175294709,0.773659142197971,0.32365914219797104,0,0,0
15.832360029,1787250891.845038891,1787250891.844983101,9.922262333592878,5.574589440119703,1.9993935301173287,-0.5453693240724824,0.0,0.0,0.0,0.0,0.11643621932021384,0.029007992873309393,-0.27336726842988496,0.9543958716020624,2.7264324079899387,-2.1035153003080396,-0.03131390360336849,33.85957125997999,20.0,0.0,2.0,11.516807034357253,0.7625215476422723,0.3125215476422723,0,0,0
15.842357159,1787250891.855036020,1787250891.854983091,9.949512127159835,5.553443451054021,1.9990789234771993,-0.5532872754564788,0.0,0.0,0.0,0.0,0.11332455562808942,0.027988295856487946,-0.27693933416673105,0.9537708349378446,2.7235073682466475,-2.125568756351173,-0.03159032579099622,33.89406478227542,20.0,0.0,2.0,11.482727963970234,0.7525724683071852,0.30257246830718515,0,0,0
15.852365732,1787250891.865044594,1787250891.864985704,9.976732088244708,5.532080303543223,1.9987621178934503,-0.5609137957899952,0.0,0.0,0.0,0.0,0.11030726154649911,0.026917881315472528,-0.2803759192210625,0.95315113158226,2.720464663399303,-2.1469514237690364,-0.03174684371541002,33.92866840518991,20.0,0.0,2.0,11.448572559407845,0.7438812397647666,0.2938812397647666,0,0,0
15.862346649,1787250891.875025511,1787250891.874983311,10.00392101514056,5.510506564062048,1.9984444657450995,-0.5682121779097653,0.0,0.0,0.0,0.0,0.10743548336989313,0.025854570794793547,-0.2836660035255912,0.9525349109223838,2.7173006905224284,-2.167691970006968,-0.031760318667294805,33.96337812837862,20.0,0.0,2.0,11.414345363787021,0.7365132539646229,0.28651325396462285,0,0,0
15.872360468,1787250891.885039330,1787250891.884983301,10.031077715400656,5.488728494721458,1.9981273330459528,-0.5751454211190925,0.0,0.0,0.0,0.0,0.10475863903420442,0.02486010149933207,-0.2867978125203208,0.9519215396421614,2.714020987215856,-2.1878235867275313,-0.031647741998228604,33.99819006952486,20.0,0.0,2.0,11.380050769308115,0.7305285558648763,0.2805285558648763,0,0,0
15.882354736,1787250891.895033598,1787250891.894982815,10.058201092801255,5.46675198220092,1.997811869677849,-0.5816930175046079,0.0,0.0,0.0,0.0,0.10228586516802018,0.023975093393347007,-0.2897636779410631,0.9513147784144205,2.7106388502720633,-2.2073882694686797,-0.03142766779950319,34.03310058687017,20.0,0.0,2.0,11.345692906737348,0.7259804728215317,0.27598047282153165,0,0,0
15.892357588,1787250891.905036449,1787250891.904983282,10.085290213635302,5.444582468276036,1.9974990884444617,-0.5878379568526825,0.0,0.0,0.0,0.0,0.1000139029251278,0.02322446817878107,-0.292555897111582,0.9507201956226308,2.7071731879132095,-2.2264311440384885,-0.031115255167020017,34.06810638135233,20.0,0.0,2.0,11.311275553899891,0.7229143400328839,0.2729143400328839,0,0,0
15.902355671,1787250891.915034533,1787250891.914982796,10.112344351108417,5.422224954298661,1.9971898296511539,-0.5935843518016272,0.0,0.0,0.0,0.0,0.09791004051035002,0.022609702318052684,-0.29517421534127686,0.950144519494804,2.703645904401285,-2.2449952453492528,-0.03072342062699615,34.10320453552978,20.0,0.0,2.0,11.276802099138484,0.7213664495522881,0.2713664495522881,0,0,0
15.912353039,1787250891.925031900,1787250891.924983501,10.139363000863453,5.399684034493779,1.9968848582024423,-0.5989404252964577,0.0,0.0,0.0,0.0,0.09594650102181844,0.022122849258573506,-0.2976202221410972,0.9495930980451768,2.700079324316785,-2.263117901389651,-0.0302599472431006,34.138392509438766,20.0,0.0,2.0,11.242275543910852,0.7213632345873905,0.2713632345873905,0,0,0
15.922375441,1787250891.935054302,1787250891.934983253,10.166345877506613,5.376963952946691,1.996584870949516,-0.6039368534877793,0.0,0.0,0.0,0.0,0.09410835368199807,0.021755084876700415,-0.29990689465096143,0.9490659558692898,2.696494653148691,-2.28083337163076,-0.02972491003928322,34.17366810624163,20.0,0.0,2.0,11.20769853338435,0.722920737523244,0.27292073752324403,0,0,0
15.932371855,1787250891.945050716,1787250891.944987774,10.193292897514642,5.3540686216091675,1.9962905821158177,-0.6086030060182092,0.0,0.0,0.0,0.0,0.09238777034125151,0.021490544885995735,-0.3020465983712033,0.9485623378483147,2.6929109206686204,-2.29817220289328,-0.029123921673097738,34.20902945081852,20.0,0.0,2.0,11.173073380167953,0.7260443520019403,0.2760443520019403,0,0,0
15.942356586,1787250891.955035448,1787250891.954983234,10.220204148643825,5.331001679745995,1.9960025826687247,-0.6129737347078785,0.0,0.0,0.0,0.0,0.09075878548944184,0.021295223102290557,-0.3040527525685491,0.9480829499495251,2.6893428079582256,-2.3151594783764895,-0.028466097410739456,34.24447493273002,20.0,0.0,2.0,11.138402119828651,0.7307289169012712,0.28072891690127116,0,0,0
15.952367306,1787250891.965046167,1787250891.964990377,10.24707983559298,5.307766541440898,1.9957214293799448,-0.617077203068666,0.0,0.0,0.0,0.0,0.08919915738340399,0.02113202108012715,-0.30593581918170654,0.9476287366626119,2.6857990604089985,-2.331813598013423,-0.027758039432123807,34.28000313629026,20.0,0.0,2.0,11.103686581397326,0.7369591000344597,0.28695910003445974,0,0,0
15.962357521,1787250891.975036383,1787250891.974982977,10.2739202191366,5.284366480744579,1.995447570418701,-0.6209484535962897,0.0,0.0,0.0,0.0,0.08767900921861126,0.02095774880885211,-0.3077091602453116,0.9472002094638878,2.682281885561462,-2.3481455279814507,-0.027005620148240105,34.31561274213041,20.0,0.0,2.0,11.068928481616988,0.744710084472441,0.294710084472441,0,0,0
15.972361803,1787250891.985040665,1787250891.984987259,10.300725548800894,5.260804696817134,1.995181421198359,-0.624617972896764,0.0,0.0,0.0,0.0,0.08618014264729831,0.020735759686645254,-0.30938497895889056,0.9467966762077885,2.678787148851626,-2.3641573511314897,-0.026222787582853967,34.3513024352597,20.0,0.0,2.0,11.034129515119831,0.7539484655239266,0.30394846552392657,0,0,0
15.982357740,1787250891.995036602,1787250891.994982719,10.327496000772715,5.237084406328473,1.9949232031324755,-0.628138347155447,0.0,0.0,0.0,0.0,0.0846865105263131,0.02042484205749087,-0.3109860048684539,0.9464136122952592,2.675303798484278,-2.3798471269208568,-0.025414031993718396,34.38707080055938,20.0,0.0,2.0,10.999291452995648,0.764633336959012,0.314633336959012,0,0,0
15.992353439,1787250892.005032301,1787250892.004982948,10.354231604146545,5.213208836411681,1.9946732761272152,-0.6315493367029599,0.0,0.0,0.0,0.0,0.08319646989542089,0.019998814271513905,-0.3125302497399474,0.9460461076618623,2.671814119315306,-2.395212060646377,-0.02456554416932935,34.42291627154418,20.0,0.0,2.0,10.964416203905861,0.7767174150072602,0.3267174150072602,0,0,0
16.002372265,1787250892.015051126,1787250892.014984608,10.380932187737914,5.189181269283607,1.9944320337760226,-0.6348794999237662,0.0,0.0,0.0,0.0,0.0817110448483948,0.019435225810652476,-0.3140307055574952,0.9456903790958934,2.6682957099751254,-2.4102456854131753,-0.023674940646274404,34.458837064186966,20.0,0.0,2.0,10.929505881997969,0.7901482572408367,0.3401482572408367,0,0,0
16.012357712,1787250892.025036573,1787250892.024982691,10.407597337658967,5.165005048719497,1.9941999213068682,-0.6381402567458144,0.0,0.0,0.0,0.0,0.08024270770232549,0.01873064226665826,-0.31549348016635675,0.9453433952132941,2.66472307850917,-2.424941508132036,-0.022741692792759425,34.49483114338445,20.0,0.0,2.0,10.89456284715904,0.8048694582519471,0.3548694582519471,0,0,0
16.022375107,1787250892.035053968,1787250892.034982681,10.434226380290578,5.140683580841818,1.9939773347131502,-0.6413425454568437,0.0,0.0,0.0,0.0,0.0788033866439219,0.017886216739009857,-0.3169245180031604,0.9450020949144389,2.6610697675522332,-2.4392948771300533,-0.021768268955378197,34.53089621313335,20.0,0.0,2.0,10.859589720351433,0.8208218091858198,0.3708218091858198,0,0,0
16.032361746,1787250892.045040607,1787250892.044982910,10.460818378014897,5.116220296151864,1.9937646890350247,-0.6444854554192799,0.0,0.0,0.0,0.0,0.07741130462097592,0.016920027872882566,-0.31832495567817043,0.9446641864525988,2.657310059716065,-2.453304840359666,-0.020755370336113726,34.567029741316695,20.0,0.0,2.0,10.824589369351497,0.8379443616571178,0.3879443616571178,0,0,0
16.042359114,1787250892.055037975,1787250892.054982901,10.487372149122981,5.0916186193595685,1.9935623476344888,-0.6475689304504194,0.0,0.0,0.0,0.0,0.07608022833822943,0.015850131262817597,-0.31969600309268364,0.9443278232698203,2.6534207596557438,-2.466974311244876,-0.01970655795452204,34.603228998257904,20.0,0.0,2.0,10.789564877123551,0.8561754054815998,0.40617540548159975,0,0,0
16.052349567,1787250892.065028429,1787250892.064983368,10.513886295039924,5.066881919605744,1.9933706765588648,-0.6505828319838427,0.0,0.0,0.0,0.0,0.07482805383098877,0.014708793772960456,-0.321034686567528,0.9439921311992491,2.6493822118559582,-2.480311052744876,-0.018622433859654848,34.639491113284706,20.0,0.0,2.0,10.754519494546852,0.8754533189907298,0.42545331899072975,0,0,0
16.062355280,1787250892.075034142,1787250892.074983120,10.540359248525526,5.0420134627544915,1.9931900049238813,-0.6535135456502952,0.0,0.0,0.0,0.0,0.07367746361678902,0.013535690144943671,-0.32233670315397533,0.9436564344331696,2.64518043916888,-2.493328684360706,-0.017506628207949453,34.67581314591854,20.0,0.0,2.0,10.719456575852483,0.8957173100632377,0.4457173100632377,0,0,0
16.072357893,1787250892.085036755,1787250892.084983110,10.566789334442044,5.017016342965333,1.9930206275315194,-0.6563442762646124,0.0,0.0,0.0,0.0,0.07264810846450996,0.012370879661294598,-0.32359605460540125,0.9433211579927341,2.64080800323416,-2.5060472862573584,-0.016366175146371068,34.71219218010046,20.0,0.0,2.0,10.684379493354665,0.9169080365752438,0.46690803657524377,0,0,0
16.082384586,1787250892.095063448,1787250892.094983101,10.593174827558322,4.991893433771224,1.992862738635497,-0.6590730189630948,0.0,0.0,0.0,0.0,0.07174477305934623,0.011222354909113077,-0.324811880624271,0.942986738238816,2.636261265949311,-2.5184908541339186,-0.015208628569281579,34.74862540315673,20.0,0.0,2.0,10.649291564207942,0.9389681095781917,0.48896810957819165,0,0,0
16.092384338,1787250892.105063200,1787250892.104983091,10.619513968476829,4.96664736026299,1.9927164950667255,-0.6616979944649648,0.0,0.0,0.0,0.0,0.07096408161956658,0.010091880415646532,-0.3259829513210487,0.9426544268805969,2.6315371254612137,-2.5306839761438287,-0.014039481654142748,34.78511013913069,20.0,0.0,2.0,10.614196024110953,0.9618424456048954,0.5118424456048953,0,0,0
16.102384806,1787250892.115063667,1787250892.114983082,10.64580496442159,4.941280514639611,1.992581968135403,-0.6642278448343084,0.0,0.0,0.0,0.0,0.07029145505368364,0.008958095333160419,-0.327111700523571,0.9423252088610468,2.62663118305755,-2.5426488070062905,-0.01286465347483394,34.82164384168248,20.0,0.0,2.0,10.579096034879049,0.9854785069091758,0.5354785069091759,0,0,0
16.112385273,1787250892.125064135,1787250892.124982595,10.67204596204063,4.915795083691053,1.992459216362479,-0.6666665634011151,0.0,0.0,0.0,0.0,0.06971019220275552,0.00780862033625238,-0.32819875286375255,0.9420005802387686,2.621536222710169,-2.5544036070663467,-0.011685864627345428,34.85822405784742,20.0,0.0,2.0,10.543994722236043,1.009826420446822,0.559826420446822,0,0,0
16.122394085,1787250892.135072947,1787250892.134982586,10.698235033857387,4.890193093491074,1.9923482546277824,-0.6690173552083625,0.0,0.0,0.0,0.0,0.06920584351666546,0.006642251748744046,-0.32924496193390845,0.9416815739707305,2.616244823083075,-2.5659630271535443,-0.010505997869701663,34.89484838988679,20.0,0.0,2.0,10.508895209592355,1.034839033250208,0.584839033250208,0,0,0
16.132376194,1787250892.145055056,1787250892.144983053,10.724370184761499,4.864476434046522,1.9922490835540256,-0.6712801132483508,0.0,0.0,0.0,0.0,0.06876423079825489,0.005464031397610602,-0.3302499608124523,0.9413695280318904,2.6107513092975068,-2.577338972921893,-0.00933058621940043,34.93151448486116,20.0,0.0,2.0,10.473800624579463,1.0604719221035963,0.6104719221035964,0,0,0
16.142382860,1787250892.155061722,1787250892.154983282,10.750449364747578,4.838646898619274,1.992161609576739,-0.6734685037718584,0.0,0.0,0.0,0.0,0.06836534219400263,0.0042464931727906104,-0.3312183138036427,0.9410645970832725,2.6050490616873323,-2.588539337583526,-0.008165228153871022,34.968220018242796,20.0,0.0,2.0,10.438714106822776,1.0866833620786291,0.6366833620786292,0,0,0
16.152383327,1787250892.165062189,1787250892.164983273,10.776470435274549,4.81270622208756,1.9920857423203522,-0.6755934879937953,0.0,0.0,0.0,0.0,0.0679908215143941,0.002966707551114596,-0.3321535434255189,0.9407669586172636,2.5991274885769164,-2.5995670078111366,-0.007011480932206235,35.004962644253105,20.0,0.0,2.0,10.403638856042601,1.1134342091764209,0.6634342091764209,0,0,0
16.162391424,1787250892.175070286,1787250892.174987316,10.802431133636272,4.786656142812166,1.9920213334575294,-0.6776738144872948,0.0,0.0,0.0,0.0,0.06762214505926506,0.0015858361204181604,-0.3330620554970185,0.9404756231872701,2.5929714752464843,-2.6104191791281917,-0.005871776731040074,35.04173992852186,20.0,0.0,2.0,10.368578192796956,1.1237380790792417,0.6737380790792418,0,0,0
16.172383785,1787250892.185062647,1787250892.184983969,10.828329016575143,4.7604984489530064,1.991968257778663,-0.6797222874370333,0.0,0.0,0.0,0.0,0.06724651246117408,7.94036168255596e-05,-0.33394816370449243,0.9401896214143572,2.586560865691069,-2.621087982943865,-0.004747523070732401,35.078549276597755,20.0,0.0,2.0,10.333535630149274,1.124522725178723,0.6745227251787231,0,0,0
16.182384491,1787250892.195063353,1787250892.194982767,10.85416141669381,4.7342350355870595,1.9919263233770006,-0.6817608594049007,0.0,0.0,0.0,0.0,0.06685400965098443,-0.00159889972114463,-0.334819354098611,0.9399063703551842,2.5798697480828934,-2.6315609049812294,-0.0036412861563059327,35.11538786419304,20.0,0.0,2.0,10.298514938976707,1.126391582668354,0.676391582668354,0,0,0
16.192384958,1787250892.205063820,1787250892.204982996,10.87992536854144,4.707867935510328,1.9918953803404196,-0.6838025970714915,0.0,0.0,0.0,0.0,0.06644167680778745,-0.00347108751095806,-0.3356800434544015,0.9396235222475606,2.572865646754951,-2.641822294606781,-0.0025512553534945987,35.1522525646358,20.0,0.0,2.0,10.263520227799042,1.1293411146266958,0.6793411146266959,0,0,0
16.202386379,1787250892.215065241,1787250892.214983225,10.905617564031138,4.681399354146424,1.991875243286776,-0.6858649004451134,0.0,0.0,0.0,0.0,0.06600937329753338,-0.005565145414021859,-0.33653621092175856,0.9393376232919735,2.5655117682910085,-2.651854304385093,-0.0014778945438411134,35.189139894628624,20.0,0.0,2.0,10.228555998592038,1.1333641355647817,0.6833641355647817,0,0,0
16.212373018,1787250892.225051880,1787250892.224983215,10.931234305903933,4.654831673605604,1.991865777309932,-0.6879537631885045,0.0,0.0,0.0,0.0,0.06556256905447794,-0.007875993562963814,-0.3373900458519904,0.939046045316397,2.5577685763915814,-2.66163905507157,-0.000418661969539659,35.22604598088958,20.0,0.0,2.0,10.193627190043514,1.1384498314938027,0.6884498314938028,0,0,0
16.222411871,1787250892.235090733,1787250892.234982967,10.956771508547828,4.628167453059838,1.9918668234065633,-0.6900784243945046,0.0,0.0,0.0,0.0,0.06510758236735074,-0.010399661457189497,-0.3382450721373558,0.9387455038159436,2.549597375680059,-2.67115985977054,0.00062637855864435,35.26296656291753,20.0,0.0,2.0,10.158739177217624,1.1445838620276234,0.6945838620276235,0,0,0
16.232360601,1787250892.245039463,1787250892.244983196,10.98222470640782,4.601409402366022,1.9918782658043221,-0.6922368028922733,0.0,0.0,0.0,0.0,0.06465375008865919,-0.01310080419546218,-0.3391012029646959,0.9384341402979761,2.540962328795383,-2.6804029720096634,0.001659242116319931,35.29989702039048,20.0,0.0,2.0,10.123897752173828,1.1517484993254945,0.7017484993254945,0,0,0
16.242363691,1787250892.255042553,1787250892.254982948,11.007589108707819,4.574560353387813,1.9918999667958135,-0.6944306912579704,0.0,0.0,0.0,0.0,0.06420872208006836,-0.015949354252465364,-0.3399599519563964,0.9381098492040144,2.5318335934153793,-2.689358264173581,0.0026794686793630645,35.33683243437223,20.0,0.0,2.0,10.089109062506747,1.1599228518352653,0.7099228518352654,0,0,0
16.252360821,1787250892.265039682,1787250892.264982939,11.03285965611496,4.547623215932338,1.9919318162342234,-0.6966465457995924,0.0,0.0,0.0,0.0,0.06378171291451695,-0.01888367561287661,-0.3408177534170296,0.9377731915814221,2.52218872910094,-2.6980200887374055,0.003687482558709904,35.37376766084966,20.0,0.0,2.0,10.054379541105794,1.1690831242675894,0.7190831242675895,0,0,0
16.262361765,1787250892.275040627,1787250892.274982929,11.058031133058885,4.520600927764198,1.9919736618943154,-0.6988502118900206,0.0,0.0,0.0,0.0,0.06338293107872757,-0.021816031615535598,-0.3416635393030648,0.9374287656794634,2.512019386863791,-2.7063893551462095,0.004679125400207186,35.410697446395204,20.0,0.0,2.0,10.01971578377102,1.1792029624344562,0.7292029624344563,0,0,0
16.272379637,1787250892.285058498,1787250892.284982681,11.083098322365435,4.493496372682038,1.9920253421048195,-0.7010035938321395,0.0,0.0,0.0,0.0,0.06302039549896091,-0.024654127993598278,-0.3424854792510554,0.9370828673208174,2.5013340512373103,-2.714475634878114,0.0056536179783496674,35.44761659531249,20.0,0.0,2.0,9.985124374542226,1.1902538556668045,0.7402538556668046,0,0,0
16.282384634,1787250892.295063496,1787250892.294983149,11.108056162651726,4.466312309347059,1.992086676002086,-0.7030964977640354,0.0,0.0,0.0,0.0,0.06269162497596786,-0.027359920951597123,-0.3432818915600283,0.9367383507737708,2.490153458885655,-2.7222936448231594,0.006610541765541231,35.48452012973676,20.0,0.0,2.0,9.950611713451474,1.2022055773185185,0.7522055773185186,0,0,0
16.292385817,1787250892.305064678,1787250892.304983139,11.132899828111048,4.439051341273125,1.9921574926852232,-0.7051241797578381,0.0,0.0,0.0,0.0,0.06239060395457744,-0.02991175582129509,-0.3440528443762627,0.9363975329305784,2.478503903546929,-2.7298591405705954,0.007549175816984192,35.52140336588525,20.0,0.0,2.0,9.916183932022076,1.2150265864287726,0.7650265864287726,0,0,0
16.302385807,1787250892.315064669,1787250892.314983130,11.157624767909985,4.411715921151938,1.992237596089221,-0.7070971596954176,0.0,0.0,0.0,0.0,0.06210404805836445,-0.032331751452727056,-0.3448025445917422,0.936060334757233,2.466412360310276,-2.7371860868372706,0.008468680424527752,35.55826193690771,20.0,0.0,2.0,9.881846860225012,1.2286844012695484,0.7786844012695484,0,0,0
16.312381744,1787250892.325060606,1787250892.324982882,11.18222668138674,4.384308382508501,1.992326788709853,-0.7090204074131132,0.0,0.0,0.0,0.0,0.06181933902159581,-0.034633641325847446,-0.34553310437655577,0.9357273929897243,2.4539027567947485,-2.7442839956467746,0.009364207301841855,35.595091751956566,20.0,0.0,2.0,9.847606062874048,1.2431459034323002,0.7931459034323003,0,0,0
16.322391272,1787250892.335070133,1787250892.334982872,11.206701513201006,4.356830982252332,1.9924247764783847,-0.7108885845051168,0.0,0.0,0.0,0.0,0.06152047324869058,-0.03680418064123974,-0.34624390654642684,0.9354014329890956,2.44100037223752,-2.751159564838053,0.010228638511444895,35.63188895998621,20.0,0.0,2.0,9.813466862932115,1.2583776364304016,0.8083776364304016,0,0,0
16.332368612,1787250892.345047474,1787250892.344982624,11.231045477461008,4.329285912485199,1.992531251492193,-0.7126931770851364,0.0,0.0,0.0,0.0,0.06119363076500201,-0.03882540694567504,-0.34693336039696215,0.9350856488969184,2.4277346940279574,-2.7578185945441147,0.011059530233067901,35.66864995563781,20.0,0.0,2.0,9.779434324775853,1.2743460919007374,0.8243460919007375,0,0,0
16.342356682,1787250892.355035543,1787250892.354982853,11.25525509846342,4.301675324413515,1.9926458484424912,-0.7144452617388737,0.0,0.0,0.0,0.0,0.060813220122070986,-0.04071869072292223,-0.3476061251696513,0.9347800394898985,2.414136311693091,-2.7642631816173697,0.011854770680995805,35.705371386100225,20.0,0.0,2.0,9.745513227796843,1.2910179886909174,0.8410179886909175,0,0,0
16.352361679,1787250892.365040541,1787250892.364982843,11.279327184800911,4.274001375108974,1.9927682355033196,-0.7161560703388531,0.0,0.0,0.0,0.0,0.06036024565098648,-0.04251038211436303,-0.3482663528353371,0.9344838445046634,2.4002321585712,-2.770489648110028,0.012616015083176337,35.742050096401194,20.0,0.0,2.0,9.711708109421512,1.3083604617038715,0.8583604617038716,0,0,0
16.362363100,1787250892.375041962,1787250892.374982834,11.303258794996488,4.2462662914928,1.9928980561090772,-0.7178453575456515,0.0,0.0,0.0,0.0,0.05981330112626142,-0.044248558849479154,-0.3489202649677616,0.9341943495563171,2.3860437659706895,-2.7764878799770916,0.013343371432203686,35.778683055374486,20.0,0.0,2.0,9.678023323111026,1.326341212007055,0.8763412120070551,0,0,0
16.372362375,1787250892.385041237,1787250892.384983301,11.32704715450818,4.218472427871645,1.993035034313951,-0.7195291240403289,0.0,0.0,0.0,0.0,0.05916781023297239,-0.045979097031121546,-0.34957204382839324,0.9339081748448708,2.371583219951476,-2.782242924402852,0.01405055385951996,35.81526725505519,20.0,0.0,2.0,9.644463136721761,1.344928571625794,0.894928571625794,0,0,0
16.382361889,1787250892.395040751,1787250892.394982815,11.350689550645262,4.190622306032792,1.993179044197515,-0.7212394961085958,0.0,0.0,0.0,0.0,0.058437764300615834,-0.0477915807960481,-0.350229036766119,0.9336169526708676,2.3568494777172786,-2.7877359725400215,0.01475053487812486,35.85179960948778,20.0,0.0,2.0,9.611031842969552,1.3640915113061949,0.9140915113061949,0,0,0
16.392395735,1787250892.405074596,1787250892.404983044,11.374183177031881,4.162718652274265,1.9933300394271287,-0.7229996727295669,0.0,0.0,0.0,0.0,0.0576524591407167,-0.04975572755146694,-0.3508953227658899,0.9333129346536853,2.341825057368615,-2.792945942750122,0.015449235593073206,35.88827682392952,20.0,0.0,2.0,9.577733914124256,1.3837995708228237,0.9337995708228237,0,0,0
16.402385712,1787250892.415064573,1787250892.414982796,11.397524972722625,4.134764398487919,1.9934880399343617,-0.7248370604307596,0.0,0.0,0.0,0.0,0.056846923058800305,-0.05194924008956405,-0.3515754907775431,0.9329868048785006,2.3264764737164336,-2.7978525856318357,0.0161509528292086,35.92469529033024,20.0,0.0,2.0,9.544574146160631,1.4040227555517326,0.9540227555517327,0,0,0
16.412388563,1787250892.425067425,1787250892.424983263,11.420711472324468,4.10676267227194,1.9936530602569287,-0.7267641785944399,0.0,0.0,0.0,0.0,0.056059175011606135,-0.054406455050488155,-0.35227022814805703,0.9326322924424036,2.3107573293777643,-2.8024379193686344,0.016853694971970305,35.96105100056354,20.0,0.0,2.0,9.511557788875345,1.4247314271220055,0.9747314271220056,0,0,0
16.422393560,1787250892.435072422,1787250892.434983015,11.443738703200246,4.078716756333985,1.9938251108740708,-0.7287951777340973,0.0,0.0,0.0,0.0,0.05532151454141484,-0.05715197217662285,-0.35298127648158734,0.932243208909883,2.2946132880901104,-2.8066885377839954,0.017555295987412855,35.9973395161576,20.0,0.0,2.0,9.478690620901641,1.445896227293574,0.9958962272935741,0,0,0
16.432364941,1787250892.445043802,1787250892.444983006,11.46660213386686,4.050630046365402,1.9940041375933542,-0.7309286182345871,0.0,0.0,0.0,0.0,0.05466026079611377,-0.06016249166008396,-0.35370711267759686,0.9318175835045339,2.277988054358015,-2.8105959492030976,0.01824894086701695,36.03355597359442,20.0,0.0,2.0,9.445978978624174,1.4674880480003205,1.0174880480003206,0,0,0
16.442367315,1787250892.455046177,1787250892.454982996,11.489296684279209,4.022505990555184,1.9941900461865527,-0.7331643415074739,0.0,0.0,0.0,0.0,0.054089798221511484,-0.06340579264690976,-0.35444774424400194,0.9313542804902503,2.2608291293748626,-2.81415755840599,0.018929348472401648,36.06969514480296,20.0,0.0,2.0,9.413429721830218,1.4894780592473424,1.0394780592473425,0,0,0
16.452383757,1787250892.465062618,1787250892.464983225,11.511816798404702,3.9943480420530744,1.994382613697198,-0.7354821133936802,0.0,0.0,0.0,0.0,0.053617213605675264,-0.0668010734438147,-0.3551990159773138,0.9308579215114762,2.2430955540488253,-2.817375387510622,0.019576101945700503,36.10575152684995,20.0,0.0,2.0,9.38105014909987,1.5118377993674295,1.0618377993674295,0,0,0
16.462382793,1787250892.475061655,1787250892.474982738,11.534156607923757,3.966159594128631,1.9945813888561614,-0.737835295202243,0.0,0.0,0.0,0.0,0.053245484128417585,-0.0702172204159557,-0.3559507510116178,0.9303405415390931,2.2247666507469757,-2.820260183348723,0.02016923858725711,36.14171950145654,20.0,0.0,2.0,9.348847823481046,1.5345393550027953,1.0845393550027953,0,0,0
16.472373009,1787250892.485051870,1787250892.484983206,11.556310154884727,3.9379438763014187,1.9947858169695123,-0.7401698750098838,0.0,0.0,0.0,0.0,0.05297035220969249,-0.07351254713430358,-0.35669245725819726,0.9298174757100003,2.2058454441621125,-2.8228338768665657,0.020708746309612346,36.177593561253424,20.0,0.0,2.0,9.31683032801968,1.5567813643583883,1.1067813643583884,0,0,0
16.482406378,1787250892.495085239,1787250892.494982958,11.578271624744636,3.9097038575717558,1.9949954045449299,-0.7424569131437292,0.0,0.0,0.0,0.0,0.052776843695067265,-0.07659502719271882,-0.3574220870943931,0.9292993372622307,2.1863571531309014,-2.825125342419773,0.021200455992298004,36.213368534953084,20.0,0.0,2.0,9.285005014886558,1.5783093899646732,1.1283093899646732,0,0,0
16.492400885,1787250892.505079746,1787250892.504982948,11.600035546757397,3.8814422072893504,1.9952096708724676,-0.7446742908774401,0.0,0.0,0.0,0.0,0.052644519046364156,-0.07939950527610506,-0.35813916240297167,0.9287952484426181,2.1663437305321573,-2.8271654419182957,0.021646192999180084,36.24903974306441,20.0,0.0,2.0,9.25337880838776,1.6001503346093173,1.1501503346093174,0,0,0
16.502405167,1787250892.515084028,1787250892.514983177,11.621596917731315,3.8531612873843164,1.9954281949601895,-0.7468170061860874,0.0,0.0,0.0,0.0,0.05254707329116743,-0.08191134776599267,-0.3588462527861642,0.928309594401038,2.1458558953354236,-2.8289837798620794,0.022051856688407562,36.284603079546336,20.0,0.0,2.0,9.221958090176289,1.622279673462718,1.172279673462718,0,0,0
16.512383223,1787250892.525062084,1787250892.524983168,11.642951267462086,3.824863188187216,1.9956505605787282,-0.7488805994549216,0.0,0.0,0.0,0.0,0.052459998311789165,-0.08413099519957894,-0.3595444316522406,0.9278457446643397,2.1249489959696275,-2.8306050208053244,0.022413069993344623,36.320055020495474,20.0,0.0,2.0,9.19074865525037,1.6431451443425589,1.193145144342559,0,0,0
16.522402287,1787250892.535081148,1787250892.534982920,11.664094689072297,3.7965497753519495,1.9958762985649905,-0.7508593513444763,0.0,0.0,0.0,0.0,0.05236233048560865,-0.08606292917945708,-0.3602334488681836,0.9274067181575198,2.103679510569495,-2.832049625692668,0.022727013907412923,36.35539260079472,20.0,0.0,2.0,9.159755703859746,1.6641033750441208,1.2141033750441208,0,0,0
16.532385349,1787250892.545064211,1787250892.544983149,11.68502383088413,3.768222727284791,1.9961049653813525,-0.7527493684729138,0.0,0.0,0.0,0.0,0.052238194122279126,-0.08772375878445167,-0.36091197885900733,0.9269942053409211,2.082101758037231,-2.8333345740183153,0.02300057356420255,36.3906133747455,20.0,0.0,2.0,9.128983863863773,1.6853279425597896,1.2353279425597896,0,0,0
16.542384148,1787250892.555063009,1787250892.554982901,11.705735859319967,3.73988357742347,1.9963362035537944,-0.7545668217245607,0.0,0.0,0.0,0.0,0.05206911909695446,-0.08916822988760914,-0.36158302778048346,0.9266043101757491,2.060264191912633,-2.8344712013200666,0.02324208049850933,36.4257153548589,20.0,0.0,2.0,9.098437241167126,1.7062060078193744,1.2562060078193744,0,0,0
16.552385569,1787250892.565064430,1787250892.564982653,11.726228380002086,3.7115337837017126,1.9965697129428097,-0.7563292198317828,0.0,0.0,0.0,0.0,0.051843306909039585,-0.0904580345999308,-0.3622485433961965,0.9262319408832687,2.0382058004073165,-2.8354634718751033,0.02345540948800505,36.46069690334676,20.0,0.0,2.0,9.068119519189818,1.7262703188841697,1.2762703188841698,0,0,0
16.562387466,1787250892.575066328,1787250892.574983358,11.746499330410888,3.683174798606597,1.9968052285497757,-0.7580610901545594,0.0,0.0,0.0,0.0,0.051549994578180845,-0.09166725074047112,-0.36291166329578767,0.9258697736963649,2.015953522600804,-2.836308336778633,0.023643659554948748,36.495556606926996,20.0,0.0,2.0,9.038034084166938,1.7465832950926807,1.2965832950926808,0,0,0
16.572385073,1787250892.585063934,1787250892.584983110,11.766546857516694,3.6548081396783143,1.9970424907142885,-0.7597813356320499,0.0,0.0,0.0,0.0,0.05118419586553681,-0.09285724476013323,-0.3635738895157834,0.9255116082748611,1.9935230819163505,-2.8369961775955352,0.023802984740352813,36.53029314352963,20.0,0.0,2.0,9.008184164091466,1.7671272889105782,1.3171272889105783,0,0,0
16.582390547,1787250892.595069408,1787250892.594982862,11.786369216652911,3.6264354514781085,1.9972811777056958,-0.7615154279454615,0.0,0.0,0.0,0.0,0.050727462036072,-0.09408601333665713,-0.3642406019152061,0.9251504367432584,1.9709197800923592,-2.8375108607340933,0.023929037877383534,36.564905169314194,20.0,0.0,2.0,8.978572944565233,1.786566877655809,1.336566877655809,0,0,0
16.592404842,1787250892.605083704,1787250892.604983091,11.80596466859045,3.598058574133619,1.9975209487493513,-0.7632772818620753,0.0,0.0,0.0,0.0,0.05016913639354396,-0.09538694087559972,-0.36491446875049405,0.9247820390559418,1.9481410826814969,-2.8378299062956986,0.024017874195635187,36.59939120119108,20.0,0.0,2.0,8.949203688651833,1.8059674135089545,1.3559674135089546,0,0,0
16.602381945,1787250892.615060806,1787250892.614983082,11.82533143335052,3.5696795946145436,1.9977613922165123,-0.7650748343425726,0.0,0.0,0.0,0.0,0.049493463569064464,-0.09677969786527635,-0.3655973728334981,0.9244039420741821,1.9251808845035911,-2.8379264846071424,0.02406378297969829,36.633749546158164,20.0,0.0,2.0,8.920079797520833,1.8255846116085286,1.3755846116085286,0,0,0
16.612381935,1787250892.625060797,1787250892.624982834,11.844467657352997,3.541300883029391,1.9980020683284123,-0.7669026510618641,0.0,0.0,0.0,0.0,0.0486984567309604,-0.0982581610294834,-0.36628772069943766,0.9240168287255042,1.9020321935878264,-2.8377715208162146,0.02406248095520262,36.66797825144038,20.0,0.0,2.0,8.891204852427878,1.8449310810139288,1.3949310810139288,0,0,0
16.622401237,1787250892.635080099,1787250892.634983063,11.863371434445698,3.5129250976190733,1.998242469011363,-0.768752823405697,0.0,0.0,0.0,0.0,0.04778113485689723,-0.09980386919666817,-0.36698455960700693,0.9236224790763878,1.878690836577266,-2.8373366170705627,0.02400933035659674,36.70207511021815,20.0,0.0,2.0,8.862582594491935,1.8634170895888706,1.4134170895888707,0,0,0
16.632383823,1787250892.645062685,1787250892.644982815,11.88204083183273,3.4845551694390906,1.9984820756312622,-0.7706076717613258,0.0,0.0,0.0,0.0,0.04675347467094901,-0.10138074514250055,-0.3676841224636843,0.9232250230624464,1.8551571334866308,-2.8365962760091206,0.023901942920464308,36.7360376871973,20.0,0.0,2.0,8.834216891665616,1.8821048163083482,1.4321048163083483,0,0,0
16.642385721,1787250892.655064583,1787250892.654983044,11.90047395847672,3.4561942585291674,1.9987203186349092,-0.7724488516971326,0.0,0.0,0.0,0.0,0.045625584802134314,-0.10294871327225465,-0.36838313323710603,0.9228292017450808,1.8314380693425252,-2.835530208317586,0.023737811054524254,36.76986339022389,20.0,0.0,2.0,8.806111655412288,1.9009791812164538,1.4509791812164539,0,0,0
16.652380943,1787250892.665059805,1787250892.664983273,11.91866901305287,3.4278456980427774,1.9989566702678407,-0.7742526019483622,0.0,0.0,0.0,0.0,0.044422365371858376,-0.10446264870989629,-0.3690758071898484,0.9224409233259568,1.8075451317752036,-2.8341246122855477,0.02352530407650423,36.80354954100984,20.0,0.0,2.0,8.778270771553995,1.9188713473744294,1.4688713473744295,0,0,0
16.662382603,1787250892.675061464,1787250892.674983025,11.936624338941474,3.3995129164303255,1.999190690855102,-0.7759968798163677,0.0,0.0,0.0,0.0,0.04317485759317511,-0.10588505339524014,-0.3697557984600447,0.9220655815312006,1.7834956789874168,-2.8323742850596565,0.02327261193829336,36.83709346754357,20.0,0.0,2.0,8.750698016461826,1.9366245693229005,1.4866245693229005,0,0,0
16.672380447,1787250892.685059309,1787250892.684982777,11.954338479806232,3.3711993491699865,1.9994219977160512,-0.7776609754970613,0.0,0.0,0.0,0.0,0.041917422335834904,-0.10718588838530928,-0.37041611051860895,0.9217082076796522,1.7593123047548327,-2.830283108110283,0.022982236531665538,36.870492604964255,20.0,0.0,2.0,8.723396969269338,1.954550769542583,1.504550769542583,0,0,0
16.682381868,1787250892.695060730,1787250892.694983482,11.971810220532646,3.342908359863595,1.9996502185396472,-0.7792375608128386,0.0,0.0,0.0,0.0,0.04065468843953676,-0.10835869057094553,-0.37105433112701924,0.9213708666099198,1.7350195772771357,-2.82786025314761,0.022656736626195922,36.90374458061518,20.0,0.0,2.0,8.696370941946823,1.9722770595386232,1.5222770595386232,0,0,0
16.692387819,1787250892.705066681,1787250892.704982758,11.989038588163007,3.314643217062716,1.9998750265808483,-0.7807220900127789,0.0,0.0,0.0,0.0,0.03938879216924441,-0.10940617004346755,-0.37166814368855583,0.9210546150880364,1.7106419368839179,-2.825115463503976,0.022299102656991768,36.936847231376355,20.0,0.0,2.0,8.669622968386777,1.9890924930787603,1.5390924930787604,0,0,0
16.702384710,1787250892.715063572,1787250892.714982748,12.006022854293835,3.286407097635483,2.0000961002276574,-0.7821170120166046,0.0,0.0,0.0,0.0,0.03810117731546181,-0.11034528275564447,-0.37225768005908644,0.9207586211911238,1.6862027283184855,-2.8220563959560714,0.021911332588885425,36.96979859872081,20.0,0.0,2.0,8.643155802523555,2.0001511525824944,1.5501511525824945,0,0,0
16.712387323,1787250892.725066185,1787250892.724987268,12.022762502471748,3.2582031255714523,2.000313181190745,-0.7834254486353839,0.0,0.0,0.0,0.0,0.03678258085451493,-0.11119471930209004,-0.37282253767349044,0.9204814672483685,1.6617213223142866,-2.8186863117081664,0.021501967965624865,37.00259687589284,20.0,0.0,2.0,8.616971962211368,2.000878523264318,1.5508785232643179,0,0,0
16.722401142,1787250892.735080004,1787250892.734983206,12.0392571946494,3.2300344071355545,2.0005260919371275,-0.7846597130733658,0.0,0.0,0.0,0.0,0.03542569675948671,-0.11197710470553983,-0.3733658269082691,0.9202195973396643,1.6372139756894923,-2.8150054431578746,0.021078210708721987,37.035240357621085,20.0,0.0,2.0,8.591073772293752,2.0011354118323728,1.5511354118323728,0,0,0
16.732374430,1787250892.745053291,1787250892.744982958,12.05550674064415,3.2019040581804523,2.0007347050735036,-0.785829866055241,0.0,0.0,0.0,0.0,0.03403034682266582,-0.11271337414345911,-0.3738893752840702,0.9199697635433534,1.6126941435039517,-2.8110119908262536,0.020642157602822068,37.06772739806512,20.0,0.0,2.0,8.565463401680876,2.0012317123992225,1.5512317123992225,0,0,0
16.742386580,1787250892.755065441,1787250892.754983187,12.07151106932656,3.1738152313241934,2.0009388967650903,-0.786946457694622,0.0,0.0,0.0,0.0,0.032562350532252544,-0.11343575456155547,-0.3743958628958852,0.9197280906666442,1.5881717548329992,-2.8066990399246907,0.020194549860300042,37.100056369978596,20.0,0.0,2.0,8.540142898565799,2.001313893175498,1.5513138931754982,0,0,0
16.752402544,1787250892.765081406,1787250892.764983177,12.087270190025594,3.14577119180539,2.001138557757526,-0.7880145408455373,0.0,0.0,0.0,0.0,0.03099665167601453,-0.11416958857847329,-0.37488591426695755,0.9194917421667937,1.563653633356523,-2.8020515357271667,0.019735206442172495,37.13222557733984,20.0,0.0,2.0,8.51511425250208,2.0017028699415857,1.5517028699415858,0,0,0
16.762397289,1787250892.775076151,1787250892.774987221,12.102784172448038,3.1177753908757224,2.001333557988761,-0.7890391975559223,0.0,0.0,0.0,0.0,0.029293319876566873,-0.11493831425308454,-0.3753615416750486,0.9192577431594466,1.5391446280725836,-2.7970467034608935,0.019262937766353263,37.1642331787087,20.0,0.0,2.0,8.490379437531894,1.9972957547311454,1.5472957547311454,0,0,0
16.772373199,1787250892.785052061,1787250892.784982920,12.118053122982902,3.089831547977538,2.001523780515501,-0.7900217030477857,0.0,0.0,0.0,0.0,0.0274325431663999,-0.11575376622216263,-0.3758234423331068,0.9190240809541949,1.5146477279677906,-2.7916546235162634,0.01877988462384271,37.1960771010639,20.0,0.0,2.0,8.465940460982697,1.9819739283874456,1.5319739283874456,0,0,0
16.782385111,1787250892.795063972,1787250892.794983149,12.13307717671577,3.0619437089289296,2.0017091258974626,-0.7909733557171246,0.0,0.0,0.0,0.0,0.025376485960358717,-0.11662941750117986,-0.37627804777706464,0.9187863972081435,1.4901657814392328,-2.7858391814653327,0.01828780630480893,37.2277549815214,20.0,0.0,2.0,8.441799387883552,1.9672920699637724,1.5172920699637724,0,0,0
16.792381287,1787250892.805060148,1787250892.804983139,12.147856501038385,3.0341163139976883,2.001889506465499,-0.7918972312611721,0.0,0.0,0.0,0.0,0.023114962367757945,-0.11756530191859361,-0.3767281712901963,0.9185423143524046,1.465702608307368,-2.779558809111801,0.017786677273268946,37.25926410517221,20.0,0.0,2.0,8.4179583573089,1.9524428859818173,1.5024428859818173,0,0,0
16.802382469,1787250892.815061331,1787250892.814982891,12.162391308548218,3.006354228096328,2.0020648301149477,-0.7927836550178967,0.0,0.0,0.0,0.0,0.0206310560989881,-0.11855704435027141,-0.3771720185151575,0.9182918137544132,1.441263426161169,-2.7727698357936252,0.017276663105872822,37.29060137980362,20.0,0.0,2.0,8.394419575446333,1.9376205921711953,1.4876205921711954,0,0,0
16.812380552,1787250892.825059414,1787250892.824983120,12.176681873829308,2.978662756895932,2.0022350088165064,-0.7936149035259275,0.0,0.0,0.0,0.0,0.017941338677972544,-0.11958799632933988,-0.3776035399806938,0.9180372465725041,1.4168555975144883,-2.76542916887285,0.016757372435546695,37.321763324449066,20.0,0.0,2.0,8.37118529945755,1.92343815992089,1.4734381599208901,0,0,0
16.822400808,1787250892.835079670,1787250892.834982872,12.190728556778826,2.951047612691604,2.002399946075706,-0.7943731952458967,0.0,0.0,0.0,0.0,0.015058889461788707,-0.12063787389733115,-0.37801739892227265,0.9177813352546176,1.3924887551215406,-2.757498332066257,0.016228556567309864,37.35274610507976,20.0,0.0,2.0,8.348257797051053,1.9099007818530467,1.4599007818530467,0,0,0
16.832373381,1787250892.845052242,1787250892.844983101,12.20453182613455,2.923514863603203,2.0025595441943915,-0.7950388095924552,0.0,0.0,0.0,0.0,0.012026530486601083,-0.12167915358765068,-0.3784060638563875,0.9175284175344999,1.368175141277787,-2.7489458529308037,0.01568901062908009,37.38354558541354,20.0,0.0,2.0,8.325639300301477,1.8956161372641047,1.4456161372641048,0,0,0
16.842385292,1787250892.855064154,1787250892.854983091,12.218092284011645,2.896070841497038,2.002713690239066,-0.7955909528381157,0.0,0.0,0.0,0.0,0.008878095321942552,-0.12268422899168178,-0.3787619584114957,0.9172835647936027,1.343928938461905,-2.739749953701399,0.015138558254811755,37.41415741528703,20.0,0.0,2.0,8.303331944661926,1.8819141559670007,1.4319141559670008,0,0,0
16.852404594,1787250892.865083456,1787250892.864982843,12.23141069017556,2.868722045469639,2.0028622487808168,-0.7960128446868157,0.0,0.0,0.0,0.0,0.005676169860888245,-0.12362061391562239,-0.37907745923989966,0.9170528909539827,1.31976859490175,-2.729900451863052,0.014567207047507705,37.4445771236442,20.0,0.0,2.0,8.281337707843472,1.868853644158451,1.418853644158451,0,0,0
16.862384796,1787250892.875063658,1787250892.874983072,12.244488011167254,2.8414749892774656,2.0030049268431322,-0.7963004545817068,0.0,0.0,0.0,0.0,0.002503670859805322,-0.12443969430755386,-0.3793507642638591,0.9168432209299986,1.2957148807301402,-2.719404585980006,0.013963713197600428,37.47480027292565,20.0,0.0,2.0,8.259658307291117,1.8559782769800306,1.4059782769800306,0,0,0
16.872380018,1787250892.885058880,1787250892.884982586,12.25732540925964,2.8143360222647873,2.0031414220334742,-0.7964551048512863,0.0,0.0,0.0,0.0,-0.0005537818093386397,-0.12509871920397284,-0.37958078777840004,0.9166615674984757,1.271787793396764,-2.7082887025500866,0.013329490279611814,37.50482261379432,20.0,0.0,2.0,8.238295147228339,1.8427334165970417,1.3927334165970418,0,0,0
16.882381916,1787250892.895060778,1787250892.894983053,12.269924264199007,2.787311148751809,2.003271423785699,-0.7964712017555691,0.0,0.0,0.0,0.0,-0.0034679842388971025,-0.12556267462050513,-0.3797663665980009,0.9165148632883249,1.2480099946442191,-2.696592926420011,0.012667380164590755,37.53464025680364,20.0,0.0,2.0,8.217249237025063,1.8301230294584447,1.3801230294584448,0,0,0
16.892385960,1787250892.905064821,1787250892.904983282,12.282286191819859,2.760405945164007,2.0033946952628074,-0.7963471518237369,0.0,0.0,0.0,0.0,-0.006225748021583105,-0.1258144992061351,-0.37990673361178634,0.9164075652282146,1.2244072117170544,-2.6843627948369537,0.011982370717375235,37.56424975579402,20.0,0.0,2.0,8.196521148086372,1.8181485320547321,1.3681485320547322,0,0,0
16.902383804,1787250892.915062666,1787250892.914982796,12.294413087083594,2.7336255228779325,2.003511010581573,-0.7960838942343477,0.0,0.0,0.0,0.0,-0.008856740478264064,-0.12584645442455664,-0.38000450188578283,0.9163409881716559,1.2010081281307043,-2.671643437543822,0.011279085601668204,37.593648159420944,20.0,0.0,2.0,8.176110964207465,1.8059037840997996,1.3559037840997996,0,0,0
16.912381649,1787250892.925060511,1787250892.924982786,12.306307181322603,2.706974553547357,2.0036200432709754,-0.795684322093939,0.0,0.0,0.0,0.0,-0.011397869099431635,-0.12564658889189353,-0.38006428428362493,0.91631553686042,1.17785889151095,-2.658481415143926,0.010500118464298503,37.62283301049394,20.0,0.0,2.0,8.156018239707066,1.7937104127197772,1.3437104127197772,0,0,0
16.922400713,1787250892.935079575,1787250892.934983253,12.317971302545875,2.680457235804058,2.003720570079958,-0.7951352310170616,0.0,0.0,0.0,0.0,-0.01394301190832592,-0.1251032459858907,-0.38010047517170736,0.9163396744859192,1.1550218857227075,-2.6449166833980087,0.009588656426312334,37.651802476658325,20.0,0.0,2.0,8.1362417456787,1.782140118584416,1.332140118584416,0,0,0
16.932388306,1787250892.945067167,1787250892.944982767,12.329408930330782,2.6540774671490506,2.0038113052987803,-0.7944238417273791,0.0,0.0,0.0,0.0,-0.01658223613088152,-0.12411073879935393,-0.3801253771621319,0.9164203465642419,1.1325806306237758,-2.630978153406347,0.008517931317526121,37.68055521142422,20.0,0.0,2.0,8.116779477463064,1.7711909824458107,1.3211909824458108,0,0,0
16.942382812,1787250892.955061674,1787250892.954982996,12.340624611651346,2.6278388669009143,2.0038903476200356,-0.7935084852792808,0.0,0.0,0.0,0.0,-0.019474879795771262,-0.12251234946732444,-0.3801481792978503,0.9165690454414582,1.1106497473212165,-2.6166808612963823,0.007272219678969896,37.709090486053256,20.0,0.0,2.0,8.097628269119346,1.7596003074700801,1.3096003074700802,0,0,0
16.952409506,1787250892.965088367,1787250892.964986086,12.351624080019013,2.6017450695050797,2.0039562974221456,-0.792360656892925,0.0,0.0,0.0,0.0,-0.022734090171455782,-0.12021211548186203,-0.3801693058122786,0.9167897836219936,1.0893672851920668,-2.602018063262997,0.005884927026275966,37.73740795268222,20.0,0.0,2.0,8.078783774326944,1.7483816486580388,1.2983816486580388,0,0,0
16.962388754,1787250892.975067616,1787250892.974982738,12.362414668373988,2.5757997889290682,2.0040076577908623,-0.7909506749350996,0.0,0.0,0.0,0.0,-0.026482396917780465,-0.11711177866873992,-0.38018523662253895,0.9170838019531243,1.0688991044594045,-2.5869700363572927,0.004379571934560743,37.76550772170444,20.0,0.0,2.0,8.060240090210515,1.7377588489993243,1.2877588489993244,0,0,0
16.972388983,1787250892.985067844,1787250892.984983206,12.373005385188721,2.550007048990659,2.0040435442394062,-0.7892814072105903,0.0,0.0,0.0,0.0,-0.030735058939720433,-0.11318628823591294,-0.38018507322881145,0.9174440203093331,1.049429910169735,-2.5715099799333596,0.0027601005263059135,37.793390153521216,20.0,0.0,2.0,8.041989750957926,1.7277231702575733,1.2777231702575733,0,0,0
16.982386589,1787250892.995065451,1787250892.994982958,12.383407256953458,2.524370988187692,2.0040623411007648,-0.7873960578401544,0.0,0.0,0.0,0.0,-0.035381242466937766,-0.10833658138724343,-0.38016823224425844,0.917868981939741,1.0311579657854701,-2.5556313625383873,0.00098496424040189,37.821056141720184,20.0,0.0,2.0,8.024023330103681,1.7167709232209725,1.2667709232209725,0,0,0
16.992385864,1787250893.005064726,1787250893.004982710,12.393633135109305,2.498895774278024,2.0040628650342005,-0.7853665840713352,0.0,0.0,0.0,0.0,-0.04022841392656266,-0.10254903001072559,-0.38012745308770035,0.9183509626313192,1.0142638293310096,-2.5393494677502826,-0.0009111343241020193,37.84850709995621,20.0,0.0,2.0,8.006329588574527,1.7063724404825518,1.2563724404825518,0,0,0
17.002381325,1787250893.015060186,1787250893.014986515,12.403697697350431,2.473585154198793,2.004043770137348,-0.783253380345263,0.0,0.0,0.0,0.0,-0.045041529022722855,-0.0957795924030923,-0.38004694476001705,0.9188916422086825,0.998918559566109,-2.522722494356907,-0.002912623402247646,37.87574536837613,20.0,0.0,2.0,7.988895326663677,1.6965131571272745,1.2465131571272745,0,0,0
17.012389898,1787250893.025068760,1787250893.024987221,12.413617150263763,2.448442171212981,2.0040044775800574,-0.7811280710379791,0.0,0.0,0.0,0.0,-0.04958396332213623,-0.08809175283390952,-0.37990779758803894,0.9194842788192326,0.9852663049215312,-2.505843652015219,-0.004961291089213598,37.90277436546129,20.0,0.0,2.0,7.97170557938431,1.6870835998982334,1.2370835998982335,0,0,0
17.022407532,1787250893.035086393,1787250893.034982920,12.423409076391385,2.4234686852703335,2.003944481880942,-0.77906491821328,0.0,0.0,0.0,0.0,-0.05365338271203507,-0.07952922226008827,-0.37970037102564236,0.9201217558417206,0.9734293361809667,-2.4888445181836527,-0.007029734728156758,37.92959898879323,20.0,0.0,2.0,7.954743619446932,1.6767601909377607,1.2267601909377608,0,0,0
17.032383442,1787250893.045062304,1787250893.044982672,12.433092085496915,2.3986651916127237,2.003864055356256,-0.7771294370213271,0.0,0.0,0.0,0.0,-0.05710201518777591,-0.07023858230503227,-0.37941624008619124,0.9207872817193621,0.9634961780026329,-2.471873126539841,-0.009050966698994668,37.95622567524474,20.0,0.0,2.0,7.937991245834662,1.6669133091060298,1.2169133091060298,0,0,0
17.042384386,1787250893.055063248,1787250893.054982901,12.442685553266843,2.3740305940841093,2.003763754992479,-0.7753618352149899,0.0,0.0,0.0,0.0,-0.05984964702272816,-0.06033269896261961,-0.3790508189182765,0.9214653883160911,0.9555284080068328,-2.4550904407249923,-0.010985871643453254,37.98266254494242,20.0,0.0,2.0,7.921428979313056,1.6575225550892818,1.2075225550892819,0,0,0
17.052405834,1787250893.065084696,1787250893.064982891,12.452209316408837,2.349562234779371,2.003644777516861,-0.7737873895243866,0.0,0.0,0.0,0.0,-0.06188916791839732,-0.050041930886164696,-0.37860373722211405,0.9221305472702881,0.9495579357654096,-2.4386516867080683,-0.012792604258025189,38.00891929316246,20.0,0.0,2.0,7.905036380865691,1.6485402932111182,1.1985402932111182,0,0,0
17.062370777,1787250893.075049639,1787250893.074987173,12.461683326432551,2.3252559824622385,2.003508407605048,-0.7724474226909218,0.0,0.0,0.0,0.0,-0.06329973540155091,-0.03972543037807115,-0.3780985465594248,0.9227440180077144,0.9455699514633841,-2.4226848479040934,-0.014449175753313491,38.03500701756276,20.0,0.0,2.0,7.88879242748124,1.6385154710311223,1.1885154710311223,0,0,0
17.072356939,1787250893.085035801,1787250893.084983349,12.471127078943454,2.3011067291992418,2.0033566147214987,-0.7713455855836492,0.0,0.0,0.0,0.0,-0.0642042498925345,-0.029757434653114846,-0.37755862726446754,0.9232777438868401,0.9434898487135672,-2.4072590563702696,-0.015858979301515988,38.06093757744347,20.0,0.0,2.0,7.872676222698794,1.6288771370181068,1.1788771370181068,0,0,0
17.082382679,1787250893.095061541,1787250893.094983101,12.480559127700698,2.277108884849542,2.003192225182833,-0.7704315665705811,0.0,0.0,0.0,0.0,-0.06474831873910648,-0.02029850772081892,-0.3769908832865786,0.9237280442443935,0.9432107795598911,-2.3924072294869108,-0.016970734414514417,38.08672298225146,20.0,0.0,2.0,7.856667620293456,1.6196061761059044,1.1696061761059044,0,0,0
17.092386246,1787250893.105065107,1787250893.104983330,12.489996915267612,2.2532566388642334,2.0030181296463265,-0.769649982737148,0.0,0.0,0.0,0.0,-0.0650812782535076,-0.011437660409378669,-0.3763989749444659,0.9240981651350708,0.9446181383285881,-2.378138072125514,-0.017802873199004393,38.11237511241559,20.0,0.0,2.0,7.840747472172681,1.6106847014986703,1.1606847014986703,0,0,0
17.102385998,1787250893.115064859,1787250893.114983082,12.499456754129383,2.2295442424191627,2.002837039658811,-0.768983871805826,0.0,0.0,0.0,0.0,-0.06535219256713924,-0.00310884627796296,-0.3757961111509261,0.9243899116959944,0.9476054726616339,-2.364432672248731,-0.01837392893422084,38.13790546866149,20.0,0.0,2.0,7.824897734850839,1.6008187940102325,1.1508187940102326,0,0,0
17.112374783,1787250893.125053644,1787250893.124983311,12.508954014413943,2.2059662313068538,2.002651466974903,-0.7684290866640526,0.0,0.0,0.0,0.0,-0.06568663458650177,0.004744697044547486,-0.3751946316598957,0.9246035595109128,0.9520902245954397,-2.3512527291621663,-0.018699004321996993,38.16332504769313,20.0,0.0,2.0,7.809101356885328,1.5910597624682585,1.1410597624682586,0,0,0
17.122384787,1787250893.135063648,1787250893.134983301,12.518503319985962,2.182517623297184,2.002463815792738,-0.7679858349394645,0.0,0.0,0.0,0.0,-0.06619347986608234,0.01213210244772885,-0.37460615038603967,0.9247385940936866,0.9580034523318702,-2.3385415751768366,-0.018797457232779403,38.1886442433254,20.0,0.0,2.0,7.793342146951597,1.5815956060360288,1.1315956060360288,0,0,0
17.132386684,1787250893.145065546,1787250893.144983292,12.528118630911365,2.159194081241547,2.0022762092652346,-0.7676499325344199,0.0,0.0,0.0,0.0,-0.06694387425118885,0.01905082890260332,-0.3740379301202533,0.9247979295228343,0.9652816510586005,-2.3262253592608313,-0.018685006025586436,38.213872739404685,20.0,0.0,2.0,7.7776047376638395,1.5724129692177935,1.1224129692177935,0,0,0
17.142385244,1787250893.155064106,1787250893.154982805,12.53781334359681,2.1359920764528804,2.0020908252939043,-0.7674148157895553,0.0,0.0,0.0,0.0,-0.0679927958701777,0.025627353187858717,-0.3734854107810477,0.9247858489466917,0.9738778856621755,-2.3142212381028395,-0.01836034311541959,38.239019406131774,20.0,0.0,2.0,7.761874529855641,1.5626030043747232,1.1126030043747233,0,0,0
17.152411699,1787250893.165090561,1787250893.164986849,12.547600507507116,2.112908875068565,2.001909655156863,-0.7672782210134038,0.0,0.0,0.0,0.0,-0.06934997455703851,0.03198798322275366,-0.37294147189458393,0.9247064444997559,0.983771074869688,-2.3024515190845913,-0.01783613695584156,38.26409241126029,20.0,0.0,2.0,7.74613747340147,1.5524547197840144,1.1024547197840144,0,0,0
17.162378550,1787250893.175057411,1787250893.174982786,12.557493113832024,2.089942493463598,2.001734772628377,-0.7672580944062933,0.0,0.0,0.0,0.0,-0.07100589305183325,0.038316569005197365,-0.3723997607114739,0.9245585010769295,0.9949697507539074,-2.290848231015223,-0.017111637729108804,38.28909938884303,20.0,0.0,2.0,7.730379769848223,1.5425410307899838,1.0925410307899839,0,0,0
17.172365904,1787250893.185044765,1787250893.184983253,12.567504372969685,2.0670915259077964,2.001568063856006,-0.7673712005769286,0.0,0.0,0.0,0.0,-0.07292238008998397,0.04473782937033461,-0.3718539205280643,0.924340583818081,1.007510922648368,-2.2793601802773265,-0.016189507833597797,38.314047731865614,20.0,0.0,2.0,7.714587550940674,1.5328501023528391,1.0828501023528392,0,0,0
17.182385206,1787250893.195064068,1787250893.194983244,12.577648006088314,2.044355042842204,2.001411681060145,-0.7676287798954421,0.0,0.0,0.0,0.0,-0.075100560416398,0.0513634164927075,-0.3712923917830429,0.9240474365936886,1.0214545425696344,-2.267946499413788,-0.015058683224603932,38.33894482829504,20.0,0.0,2.0,7.698746563926011,1.5229990536761273,1.0729990536761274,0,0,0
17.192385912,1787250893.205064774,1787250893.204982996,12.587938366478534,2.0217324502788356,2.0012674802778716,-0.7680264105801223,0.0,0.0,0.0,0.0,-0.07752066549817736,0.058218939672037354,-0.3707023017041486,0.9236779227606502,1.0368698825976592,-2.2565760381437117,-0.013745343832870722,38.3637982788626,20.0,0.0,2.0,7.682842011009833,1.5122187153585298,1.0622187153585299,0,0,0
17.202385664,1787250893.215064526,1787250893.214982986,12.598390562380777,1.9992234828042534,2.0011373778829826,-0.7685390211882381,0.0,0.0,0.0,0.0,-0.08018294658923751,0.06531104766113256,-0.37006200742645023,0.9232330544283922,1.0538324010303026,-2.245217428308519,-0.012251960538418689,38.388615993152676,20.0,0.0,2.0,7.666858424079472,1.5016104506135246,1.0516104506135246,0,0,0
17.212383509,1787250893.225062370,1787250893.224982738,12.609020391393189,1.9768281588615042,2.001022932047871,-0.7691252793007822,0.0,0.0,0.0,0.0,-0.08305785215600645,0.07257152747090719,-0.3693521369317792,0.9227208491953016,1.0724085599513307,-2.233841030298674,-0.010605466262358832,38.41340625126313,20.0,0.0,2.0,7.650779711303903,1.4911603909104998,1.0411603909104998,0,0,0
17.222398281,1787250893.235077143,1787250893.234982967,12.619844299214483,1.954546833691898,2.0009257619981584,-0.7697329840712214,0.0,0.0,0.0,0.0,-0.08612896518403314,0.07992921255018717,-0.36855100198569873,0.922151441615081,1.0926534636316885,-2.222413189502192,-0.008811935695240749,38.438177683879275,20.0,0.0,2.0,7.634589206366461,1.480854103279557,1.030854103279557,0,0,0
17.232390881,1787250893.245069742,1787250893.244982958,12.630879121237664,1.932380175448577,2.0008470466269017,-0.7703002338683214,0.0,0.0,0.0,0.0,-0.08935150215452514,0.087265405249481,-0.3676433897628854,0.9215418580146151,1.1145970998320216,-2.2109005330874356,-0.006906071823211738,38.46293923130404,20.0,0.0,2.0,7.618269907647382,1.470676863021309,1.020676863021309,0,0,0
17.242386341,1787250893.255065203,1787250893.254983187,12.642141943632073,1.9103292325210797,2.00078799431551,-0.7707590051607108,0.0,0.0,0.0,0.0,-0.09269347128286802,0.09448408971817739,-0.3666125091265793,0.9209103894101605,1.138250333625594,-2.1992650981130675,-0.0048950221136963455,38.48770006205455,20.0,0.0,2.0,7.601804626219884,1.4606138066750378,1.0106138066750379,0,0,0
17.252409697,1787250893.265088558,1787250893.264982939,12.653649699821143,1.8883953777204838,2.0007491397319415,-0.7710438917761603,0.0,0.0,0.0,0.0,-0.09609972943025749,0.10145030310710235,-0.36545475876576305,0.9202801189302995,1.163573570289793,-2.1874783795588915,-0.0028863308997563427,38.51246947764312,20.0,0.0,2.0,7.585176358974418,1.4506503531967354,1.0006503531967355,0,0,0
17.262384653,1787250893.275063515,1787250893.274982929,12.66541872332768,1.8665802754184597,2.0007299347229806,-0.7711036680502379,0.0,0.0,0.0,0.0,-0.09952751814868524,0.10797654210835214,-0.3641881151071351,0.9196751362846549,1.1904879969841264,-2.1755082449099943,-0.0009764361595194025,38.53725675203095,20.0,0.0,2.0,7.568368712047406,1.4407726710309643,0.9907726710309643,0,0,0
17.272384644,1787250893.285063505,1787250893.284983158,12.677464468875739,1.8448859899623011,2.000729378246336,-0.7708879323317549,0.0,0.0,0.0,0.0,-0.10292859394958663,0.1138901867026652,-0.3628357236344838,0.9191218458806394,1.218906817532506,-2.163303829437415,0.0008723727992937928,38.56207090137304,20.0,0.0,2.0,7.551366197750515,1.4309679628566851,0.9809679628566852,0,0,0
17.282385111,1787250893.295063972,1787250893.294983149,12.689801531430746,1.8233151819709372,2.000747431062748,-0.7703187401357029,0.0,0.0,0.0,0.0,-0.10631671474892744,0.11911506351402112,-0.361391411862255,0.9186428061228433,1.248726478542491,-2.1508043383521933,0.0027349646217934556,38.58692051295533,20.0,0.0,2.0,7.534154263175872,1.4212244299287922,0.9712244299287922,0,0,0
17.292385340,1787250893.305064201,1787250893.304982662,12.702443220782843,1.801871085681169,2.0007841327608604,-0.7693436945245933,0.0,0.0,0.0,0.0,-0.10970266453997368,0.12363064686445771,-0.3598505928784025,0.9182528733163692,1.2798151090341539,-2.1379491588823787,0.004620884650177623,38.61181354254946,20.0,0.0,2.0,7.516719694798809,1.4115316854185485,0.9615316854185485,0,0,0
17.302387476,1787250893.315066338,1787250893.314983130,12.715401656475905,1.7805576121030484,2.0008400336905634,-0.7679493638675902,0.0,0.0,0.0,0.0,-0.11313949534990438,0.12749088089302302,-0.35820765167834256,0.9179503298981799,1.3120509316319735,-2.1246699357196626,0.006561793062650991,38.636757245893,20.0,0.0,2.0,7.499050549379482,1.401880628483408,0.951880628483408,0,0,0
17.312391281,1787250893.325070143,1787250893.324987411,12.728687588290029,1.7593792954084952,2.000915293177767,-0.7661573645816802,0.0,0.0,0.0,0.0,-0.11664669477067731,0.13077177962047046,-0.356467237202328,0.917727301029729,1.3452920933627455,-2.1109082723923005,0.008481015606220681,38.661758100801876,20.0,0.0,2.0,7.481136312857905,1.3922636021881838,0.9422636021881838,0,0,0
17.322376251,1787250893.335055113,1787250893.334982872,12.742310436303214,1.7383412419217175,2.0010093980943475,-0.7639847303045735,0.0,0.0,0.0,0.0,-0.12021803892401212,0.13353790470403848,-0.35463289021836286,0.9175787510071768,1.3794149444763837,-2.0966083801000135,0.010323561843779182,38.686821830337564,20.0,0.0,2.0,7.462967847662464,1.382674333228845,0.932674333228845,0,0,0
17.332371712,1787250893.345050573,1787250893.344983339,12.756278531565847,1.7174491085096606,2.001121579458921,-0.7614668470312449,0.0,0.0,0.0,0.0,-0.12382389926849191,0.13585995262282188,-0.3527145444941075,0.9174977740275915,1.414334139805153,-2.0817135324930494,0.012117476032988485,38.71195351369606,20.0,0.0,2.0,7.444537152201939,1.373107670261721,0.9231076702617211,0,0,0
17.342365980,1787250893.355044842,1787250893.354983091,12.770599575992776,1.6967091390734605,2.001251769950218,-0.7586228182597268,0.0,0.0,0.0,0.0,-0.1275028174432765,0.13783235658758256,-0.3507028624218074,0.9174708580171311,1.4499906931899111,-2.0661684993606486,0.013916847248111038,38.73715779101671,20.0,0.0,2.0,7.425836919848108,1.3635590984084023,0.9135590984084023,0,0,0
17.352386951,1787250893.365065813,1787250893.364983082,12.785280612255429,1.6761280662269038,2.0013999241699008,-0.7554879467339461,0.0,0.0,0.0,0.0,-0.1312768239669096,0.13954986601227964,-0.34859474928905226,0.9174823873803893,1.4863302912386234,-2.049924231451229,0.015724563461749982,38.762438917078136,20.0,0.0,2.0,7.406860542637388,1.3540247637456646,0.9040247637456647,0,0,0
17.362390518,1787250893.375069380,1787250893.374987364,12.800328374473743,1.6557131621965797,2.001566361634695,-0.7520854667010751,0.0,0.0,0.0,0.0,-0.13520013359023023,0.14110623453840018,-0.34637773944207934,0.9175142593281986,1.5233279374675939,-2.032927755645418,0.01756123430917816,38.78780091928174,20.0,0.0,2.0,7.38760177895152,1.344501099271554,0.8945010992715541,0,0,0
17.372359991,1787250893.385038853,1787250893.384983063,12.81574923821387,1.6354721562000243,2.001751017757731,-0.7484443238722609,0.0,0.0,0.0,0.0,-0.13928620495209465,0.14257427314704044,-0.34404797131566256,0.9175526814195538,1.5609477088339847,-2.0151371657692674,0.01936264831775784,38.813247637343764,20.0,0.0,2.0,7.368054780469085,1.3349848740426318,0.8849848740426318,0,0,0
17.382388592,1787250893.395067453,1787250893.394983292,12.831549382028644,1.6154132275236506,2.0019534356462247,-0.7445393060600893,0.0,0.0,0.0,0.0,-0.14355245496689484,0.14399596378847263,-0.34158220281475,0.9175943841403071,1.599182874772312,-1.9965043664141313,0.02110837506566239,38.83878283143375,20.0,0.0,2.0,7.348213930872121,1.3254730247944242,0.8754730247944242,0,0,0
17.392383814,1787250893.405062675,1787250893.404982805,12.847734929765052,1.5955450261185693,2.002172902534971,-0.740354877227456,0.0,0.0,0.0,0.0,-0.14796767709242056,0.14538636732349908,-0.3389708472647983,0.9176421608867666,1.6380293472581913,-1.976984076728994,0.022772351846466813,38.86441026884594,20.0,0.0,2.0,7.328073709153045,1.315962502860917,0.865962502860917,0,0,0
17.402387619,1787250893.415066481,1787250893.414982796,12.864311992540362,1.5758766405438869,2.0024085479455547,-0.7358623924032922,0.0,0.0,0.0,0.0,-0.15250422660466376,0.1467345501514089,-0.3362043104162375,0.9177026175821442,1.677482050498812,-1.9565359302263923,0.024334632205861583,38.89013379757219,20.0,0.0,2.0,7.307628639108476,1.3064502362028163,0.8564502362028164,0,0,0
17.412375689,1787250893.425054550,1787250893.424983263,12.881286513879973,1.5564174947672307,2.002659110507465,-0.7310541127830374,0.0,0.0,0.0,0.0,-0.15709690549972175,0.14801666758194654,-0.3332889003184314,0.917785452774709,1.717518944733848,-1.9351311891221816,0.025755694042584293,38.915957343236244,20.0,0.0,2.0,7.286873416380536,1.2969333062547383,0.8469333062547384,0,0,0
17.422378778,1787250893.435057640,1787250893.434983253,12.898664246075489,1.5371772853821757,2.002923165896731,-0.7258992589510408,0.0,0.0,0.0,0.0,-0.16168993303694928,0.14919931342505952,-0.3302224197881256,0.9179047248474499,1.7581171415568984,-1.9127465654309768,0.027026568961048825,38.941884953204934,20.0,0.0,2.0,7.265802917885977,1.287408994946452,0.837408994946452,0,0,0
17.432371140,1787250893.445050001,1787250893.444983244,12.916450579574166,1.518165856022195,2.0031990509605047,-0.7203924695952534,0.0,0.0,0.0,0.0,-0.16620534235237297,0.15025155994814884,-0.32701613556096365,0.9180744523128023,1.7992334054750692,-1.8893737780961204,0.02812417096815551,38.96792077887273,20.0,0.0,2.0,7.244412342760027,1.27787499771961,0.82787499771961,0,0,0
17.442367077,1787250893.455045938,1787250893.454982996,12.934650488259255,1.4993931064679018,2.003485084674466,-0.7145162915903074,0.0,0.0,0.0,0.0,-0.17058580679009747,0.15114432086283183,-0.3236742507222254,0.9183086933118356,1.8408209403026858,-1.8650127129676892,0.02905112670375253,38.99406909846041,20.0,0.0,2.0,7.222697249407166,1.26832952393008,0.8183295239300801,0,0,0
17.452399254,1787250893.465078115,1787250893.464982748,12.953268259980765,1.4808687913504623,2.003779250622557,-0.7082945318357207,0.0,0.0,0.0,0.0,-0.1747548569404283,0.15185851583250404,-0.32021959974735587,0.9186180594145332,1.882785226931034,-1.8396962844031939,0.02972841749948489,39.02033425043121,20.0,0.0,2.0,7.200653781131652,1.2587716444946524,0.8087716444946524,0,0,0
17.462377071,1787250893.475055933,1787250893.474995136,12.972307090394544,1.4626021841841592,2.0040785680477797,-0.7017873854156171,0.0,0.0,0.0,0.0,-0.17861056700336647,0.15237078044230928,-0.3166957904271931,0.9190131592898074,1.9250187909220617,-1.8134794401853607,0.030081251776037432,39.0467205270123,20.0,0.0,2.0,7.1782790009595185,1.2492018275270544,0.7992018275270545,0,0,0
17.472346783,1787250893.485025644,1787250893.484983444,12.99176928448626,1.4446020249571974,2.004379894488197,-0.6950774192178059,0.0,0.0,0.0,0.0,-0.1820583645804313,0.1526737228790495,-0.3131526009788536,0.9195003723374607,1.967448386212438,-1.786415467658478,0.030143470078746834,39.07323228909412,20.0,0.0,2.0,7.155570693931854,1.239621820749599,0.7896218207495991,0,0,0
17.482388735,1787250893.495067596,1787250893.494982719,13.01165649784939,1.4268764982914788,2.0046807051965323,-0.6881803053826459,0.0,0.0,0.0,0.0,-0.18505611758362722,0.1527602635219142,-0.30960418702855874,0.9200890079812797,2.0100092731900077,-1.7585650071002146,0.029984751610571254,39.09987409905535,20.0,0.0,2.0,7.132527136606515,1.230034497981894,0.7800344979818941,0,0,0
17.492387533,1787250893.505066395,1787250893.504982948,13.031969617805204,1.4094330810199984,2.0049789329661447,-0.6811199812653438,0.0,0.0,0.0,0.0,-0.18759451922497938,0.15264027099760263,-0.3060613398062655,0.9207799413011347,2.0526150066657434,-1.7300074667014502,0.029629837250016847,39.126650666950596,20.0,0.0,2.0,7.109147192655161,1.2204440944594044,0.7704440944594044,0,0,0
17.502361059,1787250893.515039921,1787250893.514983177,13.052708687486332,1.3922784535099486,2.0052727664851213,-0.6738941451486481,0.0,0.0,0.0,0.0,-0.18971028463851022,0.15232194499962545,-0.30251916468159706,0.9215694157111852,2.095187350288413,-1.70081856975259,0.029113124107504183,39.15356676983315,20.0,0.0,2.0,7.085430380372271,1.2108563797665168,0.7608563797665169,0,0,0
17.512408257,1787250893.525087118,1787250893.524983406,13.073872941823577,1.3754185385724977,2.0055605991019663,-0.6665168642615877,0.0,0.0,0.0,0.0,-0.1914540410379299,0.15182403073653547,-0.2989762038782025,0.9224467699416252,2.1376320730309755,-1.6710813461824363,0.02841531285916136,39.1806271697002,20.0,0.0,2.0,7.0613768560044194,1.2012786706738987,0.7512786706738988,0,0,0
17.522372723,1787250893.535051584,1787250893.534982920,13.095460638802138,1.358858426892469,2.005840465320154,-0.6589506221848903,0.0,0.0,0.0,0.0,-0.19287740678406706,0.1511393393933332,-0.2954131980952567,0.9234101193029741,2.1798691181749983,-1.640864102955227,0.027533605056927195,39.20783643806217,20.0,0.0,2.0,7.036987574644595,1.191720068808368,0.741720068808368,0,0,0
17.532341719,1787250893.545020580,1787250893.544982910,13.117469391875934,1.3426026734413412,2.006110678126559,-0.651176130725116,0.0,0.0,0.0,0.0,-0.19403423012796614,0.1502671341267676,-0.2918172590485827,0.9244529156540899,2.221825120697609,-1.6102223435417187,0.026470686922564,39.23519896256354,20.0,0.0,2.0,7.012264031743501,1.1821910720631397,0.7321910720631397,0,0,0
17.542341948,1787250893.555020809,1787250893.554982901,13.1398959683191,1.3266552576540132,2.0063692871313115,-0.6431242900207551,0.0,0.0,0.0,0.0,-0.19499340175383423,0.14917147354030225,-0.2881602043891089,0.9255750328097176,2.263428359096288,-1.5791972553943197,0.02522831345473289,39.26271874235685,20.0,0.0,2.0,6.987208460176648,1.172703796367545,0.7227037963675451,0,0,0
17.552343845,1787250893.565022707,1787250893.564984798,13.16273656041584,1.3110199342290594,2.0066146910830898,-0.634761710717357,0.0,0.0,0.0,0.0,-0.19581779155137638,0.14783414139086043,-0.2844258857799749,0.9267698606717018,2.304610640227331,-1.5478109670611748,0.023816713986252236,39.2903993530624,20.0,0.0,2.0,6.961823637837884,1.16327157423552,0.71327157423552,0,0,0
17.562345028,1787250893.575023890,1787250893.574983120,13.185986549734729,1.295700215316586,2.0068450889896994,-0.6260277373574767,0.0,0.0,0.0,0.0,-0.19656470794303427,0.14622159612426588,-0.28058926226890074,0.9280362203694076,2.345302526150359,-1.5160718042961965,0.022243275525732794,39.31824372186618,20.0,0.0,2.0,6.936113119291722,1.1539091500422696,0.7039091500422696,0,0,0
17.572357416,1787250893.585036278,1787250893.584983110,13.209640637255148,1.280699602410473,2.007058790996234,-0.616909299056688,0.0,0.0,0.0,0.0,-0.19726323631440254,0.1443343982675228,-0.276640000721278,0.9293681224770148,2.385399963115824,-1.4840033459507551,0.020434371442613335,39.346254075532826,20.0,0.0,2.0,6.910081155338289,1.1446324137558874,0.6946324137558875,0,0,0
17.582357407,1787250893.595036268,1787250893.594982862,13.233692317288819,1.2660212327054177,2.007252959537681,-0.607351662945899,0.0,0.0,0.0,0.0,-0.19788073542113763,0.1421754396744266,-0.27255068283880607,0.9307768176027343,2.4248255764365254,-1.451611543577372,0.018375293809889337,39.374431647306544,20.0,0.0,2.0,6.883733145917217,1.135458981349041,0.685458981349041,0,0,0
17.592387199,1787250893.605066061,1787250893.604982853,13.258134756437597,1.2516684726199685,2.007425652800342,-0.5973603958282896,0.0,0.0,0.0,0.0,-0.19836590711370328,0.1397836724004302,-0.2683138958411092,0.9322655979514493,2.4635302220766047,-1.4188927647879046,0.016114739829709342,39.40277709449961,20.0,0.0,2.0,6.857074891528096,1.1264070959476329,0.6764070959476329,0,0,0
17.602379322,1787250893.615058184,1787250893.614983082,13.282960297328211,1.2376443740032106,2.007574588394937,-0.586949062760956,0.0,0.0,0.0,0.0,-0.19863904529601115,0.13718913112889414,-0.2639305316991664,0.9338427846382835,2.501446061330701,-1.3858768490945477,0.013650748472328148,39.4312903371131,20.0,0.0,2.0,6.830112981361308,1.1174962970731868,0.6674962970731868,0,0,0
17.612386465,1787250893.625065327,1787250893.624983072,13.308160889444967,1.2239518037318282,2.0076981070844275,-0.5761896576971168,0.0,0.0,0.0,0.0,-0.19863330043777663,0.13445080287471964,-0.2594210737066943,0.935504409439317,2.5385236782460603,-1.352602928525178,0.011013311454667479,39.459970845834846,20.0,0.0,2.0,6.802854397990968,1.1087469706446986,0.6587469706446987,0,0,0
17.622380018,1787250893.635058880,1787250893.634982586,13.333727811752825,1.2105929644498639,2.007794315598798,-0.5651339994304931,0.0,0.0,0.0,0.0,-0.1982791537423115,0.13160976836309582,-0.2548016937396215,0.9372514832904055,2.574712527512766,-1.3191358114040772,0.008211160486403739,39.488817602313446,20.0,0.0,2.0,6.775306706321785,1.1001808352413034,0.6501808352413034,0,0,0
17.632365465,1787250893.645044327,1787250893.644982815,13.35965207663358,1.1975694992428425,2.007861908158656,-0.5538708158295698,0.0,0.0,0.0,0.0,-0.1975402026013342,0.12872558217368496,-0.25009988650720605,0.939072755232177,2.6099813144415283,-1.2855468229887208,0.005278499932794685,39.51782937103513,20.0,0.0,2.0,6.7474776812134305,1.0918205578844142,0.6418205578844143,0,0,0
17.642364979,1787250893.655043840,1787250893.654982567,13.385924280773969,1.184882148352569,2.00789951529548,-0.5424549998350485,0.0,0.0,0.0,0.0,-0.19638983559047196,0.12582994623241628,-0.2453342700760824,0.9409617170927468,2.644302263591174,-1.251922634282839,0.0022324494008774693,39.54700468589725,20.0,0.0,2.0,6.7193753971244865,1.0836900811583932,0.6336900811583932,0,0,0
17.652362585,1787250893.665041447,1787250893.664983511,13.41253499758582,1.1725309507813866,2.0079064915483826,-0.5309766034647481,0.0,0.0,0.0,0.0,-0.1948426318074028,0.12297768644239489,-0.2405326754761962,0.9428981225434186,2.6776871597088827,-1.218326514743082,-0.0008316420654952113,39.57634207465888,20.0,0.0,2.0,6.691007883807982,1.0758142005300027,0.6258142005300027,0,0,0
17.662360668,1787250893.675039530,1787250893.674982786,13.439474983827509,1.1605153052393693,2.0078830949391944,-0.5195374002481918,0.0,0.0,0.0,0.0,-0.19293299013522847,0.12025209956872805,-0.23572132459203674,0.9448554127480925,2.7101600921150095,-1.184824724726843,-0.0038340893643814245,39.60584019568201,20.0,0.0,2.0,6.662382937411037,1.0682183750776708,0.6182183750776709,0,0,0
17.672379732,1787250893.685058594,1787250893.684983015,13.466735200358722,1.1488338306290158,2.007829952050806,-0.5082499272901077,0.0,0.0,0.0,0.0,-0.19072069591255333,0.11773720970855396,-0.2309318840773659,0.9468020017496549,2.741732998827856,-1.1515112963747274,-0.006796671756561307,39.63549789415252,20.0,0.0,2.0,6.633508077991513,1.0609288127100456,0.6109288127100456,0,0,0
17.682368040,1787250893.695046902,1787250893.694983244,13.494306745123879,1.1374841656378358,2.007747228409736,-0.49716254041233643,0.0,0.0,0.0,0.0,-0.18823120015927733,0.1154594873386933,-0.22618278209274809,0.9487251821022085,2.7724359904754374,-1.1184722201997794,-0.009740493995962338,39.66531419538775,20.0,0.0,2.0,6.604390583026226,1.0539726586507587,0.6039726586507588,0,0,0
17.692390442,1787250893.705069304,1787250893.704983234,13.522181162013743,1.1264632246850543,2.0076351843533327,-0.48631510486372587,0.0,0.0,0.0,0.0,-0.18550335390819536,0.11342325295555993,-0.22149355693587167,0.9506125791370982,2.8023105674140476,-1.0857823408562295,-0.012674685474214947,39.695288464524886,20.0,0.0,2.0,6.57503723110201,1.047377603465181,0.597377603465181,0,0,0
17.702418089,1787250893.715096951,1787250893.714982748,13.5503503326346,1.1157671293705138,2.007493740741982,-0.4756964299884039,0.0,0.0,0.0,0.0,-0.1825447909598529,0.11158653553246635,-0.2168718094862458,0.9524665152284603,2.8313972270602346,-1.0535095553537908,-0.015608300560704056,39.72542031867859,20.0,0.0,2.0,6.545454397891763,1.0411719847539245,0.5911719847539245,0,0,0
17.712389469,1787250893.725068331,1787250893.724982977,13.578806657965075,1.1053915062486812,2.0073232001010597,-0.46529945998025035,0.0,0.0,0.0,0.0,-0.17939096396122892,0.10991040844739304,-0.21232400895929757,0.9542835529251462,2.859750175776532,-1.0216935581914932,-0.018484287092793913,39.75570967473959,20.0,0.0,2.0,6.515647929956015,1.0353844135258976,0.5853844135258977,0,0,0
17.722409964,1787250893.735088825,1787250893.734982967,13.607543092601773,1.0953316753427038,2.007124551715167,-0.4550784907887475,0.0,0.0,0.0,0.0,-0.1760921418799208,0.10837482315128347,-0.2078314515902627,0.956060951511437,2.8874288440774256,-0.9903531826866816,-0.021215064274584642,39.78615671621602,20.0,0.0,2.0,6.485623142859096,1.0300435516202975,0.5800435516202975,0,0,0
17.732370853,1787250893.745049715,1787250893.744982958,13.636553062990622,1.0855827146179329,2.0068992829593877,-0.44500619560862664,0.0,0.0,0.0,0.0,-0.17271042348515203,0.1069666809068158,-0.20338174998057013,0.9577917845597756,2.9144542255852945,-0.959532606321521,-0.02383617502031968,39.81676180342693,20.0,0.0,2.0,6.455384911104576,1.0251780279133647,0.5751780279133647,0,0,0
17.742392540,1787250893.755071402,1787250893.754982710,13.665830042643584,1.0761391539809506,2.0066480219780276,-0.4350450580459621,0.0,0.0,0.0,0.0,-0.1692363469483633,0.10564450109863271,-0.19896799225152054,0.9594842553781657,2.9408383610148747,-0.9292734408618764,-0.026400897361517465,39.847525182746914,20.0,0.0,2.0,6.424938032666435,1.0208168014485564,0.5708168014485564,0,0,0
17.752408743,1787250893.765087605,1787250893.764982939,13.695367748042205,1.0669952805994123,2.0063714155462526,-0.4251836698535193,0.0,0.0,0.0,0.0,-0.1656632491868595,0.10437099633930912,-0.19459432661551312,0.9611427734946809,2.96659644446296,-0.8996050870513413,-0.028924338564359355,39.87844706774365,20.0,0.0,2.0,6.394287087407313,1.0169886771219843,0.5669886771219843,0,0,0
17.762388229,1787250893.775067091,1787250893.774983168,13.725159904003782,1.0581449726443404,2.0060696274669434,-0.4153955270800638,0.0,0.0,0.0,0.0,-0.16193712049792836,0.10309650272244263,-0.19026242908712165,0.9627812255175674,2.9917333315011048,-0.8705614844451821,-0.0314218520726406,39.90952747288553,20.0,0.0,2.0,6.363436638627897,1.0137224060262333,0.5637224060262334,0,0,0
17.772388697,1787250893.785067558,1787250893.784983158,13.75520029057012,1.0495817932901803,2.0057428824258676,-0.40566980429318067,0.0,0.0,0.0,0.0,-0.15802536292502278,0.10179077354331093,-0.18597540413544716,0.9644064351457462,3.016232067293069,-0.8421961815018045,-0.03395099017998245,39.94076622490971,20.0,0.0,2.0,6.332391201781544,1.0110464138843696,0.5610464138843696,0,0,0
17.782386780,1787250893.795065641,1787250893.794983149,13.785482425440263,1.0412986704732594,2.0053906259424643,-0.39593270462257457,0.0,0.0,0.0,0.0,-0.15385001203136228,0.10043356641128934,-0.18170551238740767,0.9660364275242878,3.0400927540602756,-0.8145468457346846,-0.03648103859225529,39.972162751796034,20.0,0.0,2.0,6.301155502325686,1.0089890201331941,0.5589890201331942,0,0,0
17.792412043,1787250893.805090904,1787250893.804983139,13.81600005933994,1.033288366840825,2.005013570316639,-0.38613981128262514,0.0,0.0,0.0,0.0,-0.14938071570172093,0.09902871914821716,-0.1774312705233492,0.9676760092100947,3.063325817677619,-0.7876463895776086,-0.03892522375824697,40.003716406323896,20.0,0.0,2.0,6.269734065414539,1.0075776399575478,0.5575776399575478,0,0,0
17.802387476,1787250893.815066338,1787250893.814983368,13.846746824480213,1.0255430504811753,2.004612484959652,-0.3762644062893679,0.0,0.0,0.0,0.0,-0.14457067751317448,0.09758284073395292,-0.17314055210517781,0.9693292823465037,3.0859226516708693,-0.7615549598699864,-0.0412643959282786,40.0354262527689,20.0,0.0,2.0,6.238131488310588,1.0068391061191837,0.5568391061191837,0,0,0
17.812411547,1787250893.825090408,1787250893.824983120,13.877716390613163,1.0180543742973156,2.0041887661154316,-0.36632083036541735,0.0,0.0,0.0,0.0,-0.13943047969666994,0.09611921952947693,-0.16883476533070627,0.9709866420215708,3.1078824160535685,-0.736332227744791,-0.04346166088071925,40.06729118388618,20.0,0.0,2.0,6.206352298134082,1.0067993495177314,0.5567993495177315,0,0,0
17.822405100,1787250893.835083961,1787250893.834983110,13.908902340771895,1.0108132885933625,2.003743749804978,-0.3563265977987386,0.0,0.0,0.0,0.0,-0.1339614346024792,0.09465659040861235,-0.16451881187904707,0.9726397197674834,3.1292021516325064,-0.7120452376527266,-0.04551197968039964,40.099309847958736,20.0,0.0,2.0,6.174401040936168,1.007483412689574,0.557483412689574,0,0,0
17.832386017,1787250893.845064878,1787250893.844982624,13.940298326221866,1.0038101552424579,2.003279083974992,-0.34632605344976486,0.0,0.0,0.0,0.0,-0.12821813740910554,0.09322170060337531,-0.16020634078286114,0.9742708823263273,3.1498896702978416,-0.6887524293848843,-0.04739630826814034,40.131480761738715,20.0,0.0,2.0,6.142282145534274,1.0089151131984107,0.5589151131984107,0,0,0
17.842387676,1787250893.855066538,1787250893.854983091,13.971898067936039,0.9970347517897953,2.0027963983285493,-0.33635701467362883,0.0,0.0,0.0,0.0,-0.12224105919701764,0.0918297824635921,-0.1559112328654448,0.9758668464321645,3.1699571645630207,-0.6665060921423765,-0.04910970664037909,40.16380231420425,20.0,0.0,2.0,6.109999919760508,1.01111686351957,0.56111686351957,0,0,0
17.852411032,1787250893.865089893,1787250893.864982843,14.00369548921012,0.9904764324531197,2.00229758233226,-0.32646509267821583,0.0,0.0,0.0,0.0,-0.11612589727687776,0.09049751464890247,-0.15164756837190238,0.9774088145862513,3.1894316843953208,-0.6453383952000947,-0.05061139174698537,40.19627286039,20.0,0.0,2.0,6.077558443013831,1.014109335619335,0.564109335619335,0,0,0
17.862386703,1787250893.875065565,1787250893.874983072,14.035684853606268,0.9841243712180912,2.0017850969083204,-0.3166407731829755,0.0,0.0,0.0,0.0,-0.11000743602448194,0.08922477067162249,-0.14740227092732844,0.9788819514340749,3.2083512219494774,-0.62525415717828,-0.05183838316616606,40.22889081185408,20.0,0.0,2.0,6.044961466386536,1.017911080030258,0.567911080030258,0,0,0
17.872375250,1787250893.885054111,1787250893.884983063,14.067860734143236,0.9779677517662269,2.0012616208046707,-0.3068880174485508,0.0,0.0,0.0,0.0,-0.10403276653444944,0.08800705928085907,-0.1431684791535227,0.9802727822299218,3.226736501906198,-0.6062487383489995,-0.052825576313546736,40.261654591834954,20.0,0.0,2.0,6.012212470023108,1.0225382462515067,0.5725382462515067,0,0,0
17.882387400,1787250893.895066261,1787250893.894983053,14.100217862241907,0.9719958809617262,2.000729227608218,-0.297209703537782,0.0,0.0,0.0,0.0,-0.09825534565985575,0.08680894720300535,-0.13894910268267208,0.9815820091049184,3.2446048883403997,-0.5882979233555852,-0.05362115665579508,40.29456250003671,20.0,0.0,2.0,5.979314826749711,1.028004400686324,0.5780044006863241,0,0,0
17.892387152,1787250893.905066013,1787250893.904982805,14.132751164227779,0.9661984055048565,2.0001897554771206,-0.287635127547713,0.0,0.0,0.0,0.0,-0.09270967273205173,0.08559900616550724,-0.1347599190978857,0.9828110148599906,3.2619726060807044,-0.5713634690820811,-0.05425000364867589,40.327612726812895,20.0,0.0,2.0,5.946271797998958,1.034320253383403,0.5843202533834031,0,0,0
17.902408361,1787250893.915087223,1787250893.914983273,14.165455675714423,0.960565355812365,1.9996447127686956,-0.2781898810536293,0.0,0.0,0.0,0.0,-0.08735693972406844,0.0843328316065342,-0.13062076807003029,0.9839689799704383,3.278848279294101,-0.5554061580476782,-0.05473381189048555,40.36080328860344,20.0,0.0,2.0,5.913086622151666,1.0400085590653865,0.5900085590653865,0,0,0
17.912385941,1787250893.925064802,1787250893.924982786,14.19832650901208,0.9550871480918677,1.9990955938480843,-0.26891301564807096,0.0,0.0,0.0,0.0,-0.08217536906432904,0.08298973157200684,-0.12655324991094988,0.9850604997205625,3.2952382551365265,-0.540388715815391,-0.05505996488438054,40.39413201454819,20.0,0.0,2.0,5.879762544051648,1.0449145830961548,0.5949145830961549,0,0,0
17.922424793,1787250893.935103655,1787250893.934983253,14.231358855086087,0.9497545794938399,1.9985442004045906,-0.25979953547896656,0.0,0.0,0.0,0.0,-0.07716203661938656,0.08157293063246399,-0.12255295023144305,0.9860895757903281,3.311152086913621,-0.5262722186796264,-0.05518264356183061,40.42759656608762,20.0,0.0,2.0,5.846302809418588,1.0507144961412795,0.6007144961412796,0,0,0
17.932397127,1787250893.945075989,1787250893.944983482,14.264547958926984,0.9445588010919637,1.997992545384369,-0.25085734211806604,0.0,0.0,0.0,0.0,-0.07232816291514396,0.08010269906515909,-0.11861937998349861,0.987057058707412,3.326588056545373,-0.5130268828842103,-0.05512606982463172,40.46119443879148,20.0,0.0,2.0,5.812710682120945,1.0560383586625186,0.6060383586625187,0,0,0
17.942388535,1787250893.955067396,1787250893.954983234,14.297889013779114,0.939491216909675,1.9974421641266846,-0.24209259167151845,0.0,0.0,0.0,0.0,-0.06760632762609406,0.07857422567639089,-0.11475961609400956,0.9879704985667459,3.3415429987159047,-0.5006296650097654,-0.05492490603814473,40.49492290255173,20.0,0.0,2.0,5.778989530043786,1.060513969075474,0.610513969075474,0,0,0
17.952413321,1787250893.965092182,1787250893.964987993,14.331377210453647,0.9345434249034269,1.996894489308692,-0.23353211535576235,0.0,0.0,0.0,0.0,-0.06293848905217009,0.07699073305021355,-0.11098947415003485,0.9888339143901363,3.3560151662610074,-0.4890678850341112,-0.05459217750811424,40.52877906757312,20.0,0.0,2.0,5.745142764752774,1.0659230155032802,0.6159230155032802,0,0,0
17.962390900,1787250893.975069761,1787250893.974982738,14.365007692391329,0.9297070672354293,1.9963507137570047,-0.2251995422709781,0.0,0.0,0.0,0.0,-0.058228245952278636,0.0753395730616122,-0.107327083114329,0.9896536350331792,3.3699996977991757,-0.4783443454350129,-0.054141961583399484,40.56275987631429,20.0,0.0,2.0,5.71117385963398,1.0708710072229908,0.6208710072229908,0,0,0
17.972384453,1787250893.985063314,1787250893.984987259,14.398775546117095,0.9249736789886595,1.9958119595319048,-0.217122277558572,0.0,0.0,0.0,0.0,-0.05341484826183957,0.07362009891913322,-0.10378859552567794,0.9904316546128304,3.3834866466104785,-0.46847891457956625,-0.05359907832737739,40.59686212207105,20.0,0.0,2.0,5.677086332730957,1.0750351756586447,0.6250351756586447,0,0,0
17.982380152,1787250893.995059013,1787250893.994983435,14.43267574381809,0.9203345297693402,1.9952790907710736,-0.20926967608988006,0.0,0.0,0.0,0.0,-0.048413039579248245,0.07181242265926673,-0.10036414182716223,0.9911741484652444,3.3964685640885004,-0.45950194406668887,-0.05295100353038781,40.63108242392188,20.0,0.0,2.0,5.6428837757959505,1.080170145743792,0.630170145743792,0,0,0
17.992385626,1787250894.005064487,1787250894.004982948,14.466703204656561,0.9157805437595381,1.99475339341919,-0.20162449549631184,0.0,0.0,0.0,0.0,-0.04319539347487102,0.06991270573581782,-0.09704481710782537,0.9918813815329718,3.4089362578499562,-0.45145417926311576,-0.05216920509296512,40.66541729304056,20.0,0.0,2.0,5.608569778166899,1.084743302699362,0.6347433026993621,0,0,0
18.002393484,1787250894.015072346,1787250894.014984131,14.500852701296141,0.9113021863422159,1.9942361422583335,-0.19418983805848847,0.0,0.0,0.0,0.0,-0.03773307116187509,0.06790849823145327,-0.09383201471410126,0.9925523685042187,3.4208734895864525,-0.4443844868783552,-0.05125751780252742,40.69986306715956,20.0,0.0,2.0,5.574147998549206,1.0887134051800802,0.6387134051800802,0,0,0
18.012410164,1787250894.025089025,1787250894.024983168,14.535118854620043,0.906889430908772,1.9937286904637228,-0.18699381369989668,0.0,0.0,0.0,0.0,-0.03205653392540533,0.06580806913602882,-0.09073419458788289,0.9931812435813341,3.4322647433909235,-0.4383415174182398,-0.05021258225908552,40.7344159133731,20.0,0.0,2.0,5.5396221624174595,1.0936925434198002,0.6436925434198002,0,0,0
18.022415638,1787250894.035094500,1787250894.034983635,14.569496127625628,0.9025317890161398,1.9932323202818825,-0.18007321183307215,0.0,0.0,0.0,0.0,-0.02619471496393349,0.06361370467153465,-0.08776473445131842,0.9937627910485533,3.443095488311044,-0.4333683667850593,-0.049039008107065005,40.76907182665673,20.0,0.0,2.0,5.504996070802093,1.097912922372019,0.647912922372019,0,0,0
18.032406569,1787250894.045085430,1787250894.044983149,14.60397886124646,0.8982183857659196,1.9927483485215571,-0.17347662002320088,0.0,0.0,0.0,0.0,-0.02022389051469404,0.061347233563660154,-0.08493953572485118,0.9942900917023071,3.453355420666631,-0.429498059518149,-0.04773449446416254,40.80382666220848,20.0,0.0,2.0,5.470273574955109,1.1018126611247279,0.6518126611247279,0,0,0
18.042377949,1787250894.055056810,1787250894.054982901,14.638561313830643,0.8939380855341008,1.992278065938367,-0.16725322512097593,0.0,0.0,0.0,0.0,-0.014207739436490294,0.05902329082298945,-0.08227681007514585,0.9947587234120584,3.463038822694364,-0.42674998514585677,-0.04629949144469811,40.83867616955822,20.0,0.0,2.0,5.435458556054625,1.1067608289066637,0.6567608289066638,0,0,0
18.052410126,1787250894.065088987,1787250894.064982891,14.67323771722446,0.8896796292147697,1.9918228216626268,-0.16144513021913692,0.0,0.0,0.0,0.0,-0.008253738352238154,0.056676697478009415,-0.07978928481306982,0.9951649600921537,3.472146439152426,-0.4251281008986617,-0.04472547030392555,40.87361604147992,20.0,0.0,2.0,5.4005548905723915,1.1106729498806596,0.6606729498806596,0,0,0
18.062375307,1787250894.075054169,1787250894.074987173,14.708002355173418,0.8854318361383919,1.9913840345774165,-0.156050017606517,0.0,0.0,0.0,0.0,-0.002509781078311821,0.05435471243632855,-0.07746709772561873,0.9955089728399601,3.480688167482311,-0.4246113823512387,-0.043008606042838064,40.908641979466616,20.0,0.0,2.0,5.365566404785021,1.1146301931560143,0.6646301931560143,0,0,0
18.072365284,1787250894.085044146,1787250894.084983110,14.742849658550556,0.881183885868694,1.990963076408819,-0.15105919278479418,0.0,0.0,0.0,0.0,0.002876211530309427,0.05210799284045754,-0.07529954884768975,0.995794387628644,3.4886835001103087,-0.4251485991539298,-0.04116417771484663,40.943749768345036,20.0,0.0,2.0,5.330496826685543,1.1196728418657171,0.6696728418657172,0,0,0
18.082387924,1787250894.095066786,1787250894.094983101,14.777774290790981,0.876925593076379,1.9905611112804382,-0.14647233576399124,0.0,0.0,0.0,0.0,0.007841937443478036,0.04994784027239569,-0.07328676468609244,0.9960284972786176,3.4961585175536225,-0.42666686855985275,-0.03921172068575334,40.97893534167557,20.0,0.0,2.0,5.295349747310016,1.1233339693677116,0.6733339693677116,0,0,0
18.092390537,1787250894.105069399,1787250894.104983091,14.812771186249481,0.8726475514058307,1.9901791531203212,-0.14229425421995878,0.0,0.0,0.0,0.0,0.012359871548060664,0.04787883087125973,-0.07143366276340012,0.9962188930922369,3.503140653350382,-0.42908423974985366,-0.0371660725208233,41.01419481167023,20.0,0.0,2.0,5.26012860719314,1.1274675563896008,0.6774675563896009,0,0,0
18.102373123,1787250894.115051985,1787250894.114983320,14.847835544298103,0.8683411841903415,1.9898180578303475,-0.13853377410639772,0.0,0.0,0.0,0.0,0.016470531729628694,0.04587828490274552,-0.06975027216233336,0.996372823842665,3.5096546924520933,-0.43231918218315063,-0.035040062886721894,41.04952446484946,20.0,0.0,2.0,5.2248367115829994,1.1327151311766719,0.6827151311766719,0,0,0
18.112385035,1787250894.125063896,1787250894.124987602,14.882962782763636,0.863998686199382,1.9894785692858448,-0.1351953601492333,0.0,0.0,0.0,0.0,0.020216530907802628,0.04393449136687939,-0.06824384337419795,0.9964957752985737,3.5157194141107775,-0.43629873783466927,-0.032849636802183224,41.08492072769581,20.0,0.0,2.0,5.189477267783394,1.1361777762454002,0.6861777762454002,0,0,0
18.122436762,1787250894.135115623,1787250894.134983301,14.918148490720226,0.8596129522224116,1.9891612190554826,-0.13226334978420945,0.0,0.0,0.0,0.0,0.023620254446593682,0.04205176479171046,-0.0669104039784732,0.9965925599246757,3.521351632256121,-0.44095554148279864,-0.03061301377354728,41.12038013290926,20.0,0.0,2.0,5.154053421256905,1.140582955980412,0.690582955980412,0,0,0
18.132390022,1787250894.145068884,1787250894.144983053,14.953388437031723,0.8551775316767012,1.9888664372605063,-0.1297178704370549,0.0,0.0,0.0,0.0,0.026701507619887006,0.04024100373720142,-0.06574371561719097,0.9966671736170974,3.5265702688502305,-0.4462256846520189,-0.028338157698063953,41.15589933430458,20.0,0.0,2.0,5.118568240669362,1.1458250643093257,0.6958250643093258,0,0,0
18.142391205,1787250894.155070066,1787250894.154982567,14.988678574144517,0.8506865818325406,1.988594557184624,-0.1275489945047053,0.0,0.0,0.0,0.0,0.029526579243616104,0.03847981623734394,-0.06474351938608613,0.9967225098080279,3.5313920918064894,-0.45205330374953884,-0.02603296332158394,41.19147511717324,20.0,0.0,2.0,5.083024707580515,1.1494257661932699,0.6994257661932699,0,0,0
18.152391195,1787250894.165070057,1787250894.164983034,15.024014993075527,0.8461347506569544,1.9883458588613092,-0.12574816748986153,0.0,0.0,0.0,0.0,0.03216248314948484,0.03674735563026168,-0.063909497896142,0.9967601429684603,3.535827946033091,-0.45839585543585154,-0.023703723749226625,41.22710436808839,20.0,0.0,2.0,5.047425742337587,1.154173969789471,0.7041739697894711,0,0,0
18.162359715,1787250894.175038576,1787250894.174983501,15.059393860007855,0.8415170434361849,1.988120542869377,-0.12431278196517213,0.0,0.0,0.0,0.0,0.03469344964885853,0.03500620900366509,-0.06324374326226395,0.996780396487025,3.539881603221866,-0.4652252948164728,-0.021356538296694393,41.26278402913903,20.0,0.0,2.0,5.011774245356966,1.1592552659944184,0.7092552659944185,0,0,0
18.172364950,1787250894.185043812,1787250894.184983015,15.094811337646886,0.8368286698719247,1.9879187476544664,-0.1232374616474292,0.0,0.0,0.0,0.0,0.037178543508740454,0.033232423982454254,-0.06274551383965868,0.9967830066728748,3.543548775754359,-0.4725274191522387,-0.019004307740027638,41.298511039793404,20.0,0.0,2.0,4.976073149849727,1.1632456430461915,0.7132456430461915,0,0,0
18.182396412,1787250894.195075274,1787250894.194983244,15.130263512594293,0.8320649376278364,1.9877404276325827,-0.12252178865524178,0.0,0.0,0.0,0.0,0.03965552103884545,0.03139410186783243,-0.062414903343700055,0.9967678916676873,3.546818879648479,-0.4802968988896043,-0.016660889033980254,41.33428228035653,20.0,0.0,2.0,4.940325476556652,1.1683914002329718,0.7183914002329719,0,0,0
18.192390442,1787250894.205069304,1787250894.204982758,15.16574634142163,0.8272211775090688,1.9875854759150247,-0.12215895065962182,0.0,0.0,0.0,0.0,0.04212897636194705,0.0294801511243811,-0.062247907240755435,0.9967353049252968,3.549676749159548,-0.4885325667130101,-0.014334400298862168,41.37009452915095,20.0,0.0,2.0,4.904534374678815,1.1733446155971305,0.7233446155971306,0,0,0
18.202415466,1787250894.215094328,1787250894.214982986,15.201255615460614,0.8222927406292387,1.9874536508213967,-0.12214406512057639,0.0,0.0,0.0,0.0,0.0445872003950004,0.02747906939629474,-0.062240816403222904,0.9966859902093086,3.552104961045635,-0.4972317664407556,-0.012034672813606123,41.40594443027646,20.0,0.0,2.0,4.868703156931787,1.1777747563526317,0.7277747563526318,0,0,0
18.212387085,1787250894.225065947,1787250894.224982977,15.236786950881323,0.8172750197690299,1.987344678221392,-0.12246301363930079,0.0,0.0,0.0,0.0,0.0469967803034716,0.025401858429709823,-0.06238560426275731,0.9966213346152062,3.5540863329687644,-0.5063873611736431,-0.009766843596010726,41.441828482367015,20.0,0.0,2.0,4.8328353133954645,1.1833646225149532,0.7333646225149533,0,0,0
18.222417831,1787250894.235096693,1787250894.234982729,15.272335803977711,0.8121635205285282,1.987258185262026,-0.1231024618608878,0.0,0.0,0.0,0.0,0.04932007698103392,0.023259464570972038,-0.0626749006671369,0.9965432173974299,3.555606390905576,-0.5159845337113728,-0.00753773622688335,41.47774304573602,20.0,0.0,2.0,4.796934509483237,1.1882269034576882,0.7382269034576883,0,0,0
18.232416630,1787250894.245095491,1787250894.244982958,15.307897507277497,0.8069539319682768,1.987193786593415,-0.12403912250303525,0.0,0.0,0.0,0.0,0.05151274396696755,0.021080910561496902,-0.06309748411279652,0.9964540831957723,3.5566552304795707,-0.5260005012787236,-0.005350217760075486,41.513684368774236,20.0,0.0,2.0,4.761004563076327,1.1931409334845338,0.7431409334845338,0,0,0
18.242419958,1787250894.255098820,1787250894.254982948,15.343467324397887,0.8016422176351489,1.9871510287876182,-0.12525135672784696,0.0,0.0,0.0,0.0,0.053538133860577784,0.01889082037133347,-0.06364356521133795,0.9963565133703974,3.5572290130296227,-0.5364040987473436,-0.003208434785506185,41.54964862919155,20.0,0.0,2.0,4.725049407160352,1.1992146856691257,0.7492146856691257,0,0,0
18.252398968,1787250894.265077829,1787250894.264982939,15.379040512350864,0.7962246848866473,1.9871294451441281,-0.12670685922027947,0.0,0.0,0.0,0.0,0.055358709579935675,0.016731967900016635,-0.0642994729592686,0.9962534980119254,3.5573306227897596,-0.5471568264923901,-0.0011194804334352265,41.58563198406672,20.0,0.0,2.0,4.689073041284354,1.2040265547696152,0.7540265547696152,0,0,0
18.262369156,1787250894.275048018,1787250894.274982929,15.41461241058022,0.7906980742208353,1.9871284321387817,-0.1283676658286931,0.0,0.0,0.0,0.0,0.05692296918779849,0.014671118155629992,-0.06505036523630658,0.9961490771232645,3.556974859739198,-0.5582113165299145,0.0009073841212458565,41.62163064196,20.0,0.0,2.0,4.653079460641165,1.209458704811329,0.759458704811329,0,0,0
18.272387981,1787250894.285066843,1787250894.284982920,15.450178582944494,0.7850596367425535,1.9871473786103653,-0.13018963524720467,0.0,0.0,0.0,0.0,0.058191863511290395,0.012774013153912947,-0.06587922519860726,0.9960474181966732,3.556191468617597,-0.5695120532302379,0.002868972155088753,41.657640987040416,20.0,0.0,2.0,4.617072530317876,1.2160293786525636,0.7660293786525636,0,0,0
18.282388449,1787250894.295067310,1787250894.294982910,15.48573494848483,0.779307215660104,1.9871855787933135,-0.13213910062963585,0.0,0.0,0.0,0.0,0.05914542859844546,0.011073498004775997,-0.066773121985803,0.9959520802217913,3.555020785107594,-0.5809980003296582,0.004760723234299834,41.6936596896545,20.0,0.0,2.0,4.581055871859896,1.2208433866901525,0.7708433866901525,0,0,0
18.292389870,1787250894.305068731,1787250894.304983139,15.521277858826188,0.7734392642950336,1.9872423697483026,-0.13418316022134918,0.0,0.0,0.0,0.0,0.05978804880222922,0.009583957336387488,-0.06771870775359688,0.9958653089662174,3.553508156059421,-0.5926076510193,0.0065844208281564945,41.729683772626444,20.0,0.0,2.0,4.54503279091839,1.226811616662874,0.776811616662874,0,0,0
18.302391291,1787250894.315070152,1787250894.314982653,15.556804123606131,0.7674548478133457,1.9873170378358938,-0.1363006518440101,0.0,0.0,0.0,0.0,0.06014033534049217,0.008291563240658257,-0.06870669805071847,0.9957880194535014,3.551698966460826,-0.6042819469100543,0.008339268177845437,41.76571062795916,20.0,0.0,2.0,4.509006253817458,1.2333670688004839,0.7833670688004839,0,0,0
18.312395096,1787250894.325073957,1787250894.324987173,15.59231098779176,0.7613535855438157,1.9874089426509856,-0.13847362926702966,0.0,0.0,0.0,0.0,0.06023894269534623,0.007175481496467812,-0.06972869349393841,0.9957196852286637,3.5496345187123635,-0.6159683360550278,0.010029605178934363,41.80173799605722,20.0,0.0,2.0,4.472978900608277,1.238734273985128,0.788734273985128,0,0,0
18.322398186,1787250894.335077047,1787250894.334982634,15.627796086740661,0.7551355931763076,1.9875174340705042,-0.14070659014457687,0.0,0.0,0.0,0.0,0.06011481323064792,0.006217289680672471,-0.07078711634586375,0.9956589469786871,3.5473517583077565,-0.6276212766122679,0.011660800792583815,41.837763923482946,20.0,0.0,2.0,4.436953080398101,1.2452372493064108,0.7952372493064108,0,0,0
18.332373619,1787250894.345052481,1787250894.344982862,15.663257404946949,0.7488014042017324,1.9876419557790617,-0.14300206322717027,0.0,0.0,0.0,0.0,0.05980574235944377,0.005395458580809507,-0.07188294483999787,0.9956038391090447,3.544883376311719,-0.6392009541585562,0.01322920404985075,41.87378672937795,20.0,0.0,2.0,4.400930878795863,1.2517989661521551,0.8017989661521552,0,0,0
18.342393398,1787250894.355072260,1787250894.354983091,15.698693223406767,0.7423519331692854,1.987781774567474,-0.14536537400145025,0.0,0.0,0.0,0.0,0.059337822437219134,0.004669827562115424,-0.07301709989062165,0.9955529712991229,3.54225543613076,-0.6506730519230517,0.014724377591662403,41.90980495331819,20.0,0.0,2.0,4.364914164571826,1.257708094989596,0.8077080949895961,0,0,0
18.352423429,1787250894.365102291,1787250894.364983082,15.734102041301645,0.7357883943347298,1.9879362071052058,-0.14779348876462992,0.0,0.0,0.0,0.0,0.05874144354118809,0.004000511725783066,-0.07418625063450705,0.9955048161276888,3.539485505328264,-0.6620097572968818,0.016146950807975763,41.945817288373746,20.0,0.0,2.0,4.328904652491607,1.2647290149386317,0.8147290149386317,0,0,0
18.362397909,1787250894.375076771,1787250894.374987364,15.76948249102519,0.7291122699422952,1.9881044536488028,-0.1502844057199262,0.0,0.0,0.0,0.0,0.05803395114441657,0.003344012204419056,-0.07538721957810905,0.9954585100451079,3.536582556007699,-0.673186971507748,0.017491430811485336,41.98182249864175,20.0,0.0,2.0,4.292903982148428,1.2713097405549085,0.8213097405549086,0,0,0
18.372387648,1787250894.385066509,1787250894.384982824,15.804833253551418,0.7223252597383764,1.9882857286553683,-0.1528350931720161,0.0,0.0,0.0,0.0,0.05723310126402125,0.0026674450627912362,-0.07661695281485442,0.9954130295499982,3.5335477529385257,-0.6841825434759948,0.018741819326039168,42.01781934266066,20.0,0.0,2.0,4.256913792352063,1.2777375804725837,0.8277375804725837,0,0,0
18.382389069,1787250894.395067930,1787250894.394983292,15.840152990130383,0.715429291926296,1.9884789664550409,-0.15547984875420987,0.0,0.0,0.0,0.0,0.056326758039794464,0.0019410538706405662,-0.07789106611833856,0.9953675253179333,3.530376013883414,-0.6949760287400074,0.019894157499703805,42.05380650016052,20.0,0.0,2.0,4.220935790968787,1.285249736648181,0.835249736648181,0,0,0
18.392387390,1787250894.405066252,1787250894.404983044,15.875440286226738,0.708426480423187,1.9886833511664779,-0.15824207100198506,0.0,0.0,0.0,0.0,0.055306542137583015,0.0011518392551942414,-0.0792208046369971,0.9953210154396323,3.527057972280378,-0.7055467334464232,0.020965507995870426,42.089782525619846,20.0,0.0,2.0,4.184971801241554,1.291856564722281,0.8418565647222811,0,0,0
18.402391911,1787250894.415070772,1787250894.414983034,15.91069362611208,0.7013191877449882,1.9888979922753747,-0.1611278708402856,0.0,0.0,0.0,0.0,0.05414739271218458,0.0002940639772941811,-0.08060919493453568,0.9952738975180931,3.523582915835479,-0.7158681059595675,0.02195119175361979,42.12574580763207,20.0,0.0,2.0,4.1490237980994005,1.2987722927799987,0.8487722927799988,0,0,0
18.412385941,1787250894.425064802,1787250894.424982548,15.945911387709826,0.6941100455060543,1.989122112878394,-0.1641230451738668,0.0,0.0,0.0,0.0,0.052839885491273796,-0.0006227952111428557,-0.0820501324893566,0.9952262729580008,3.519940937329293,-0.7259110531589031,0.022856195899784233,42.161694558567554,20.0,0.0,2.0,4.113093915776968,1.3067420526736049,0.8567420526736049,0,0,0
18.422413349,1787250894.435092211,1787250894.434982777,15.981091865116806,0.6868020022477036,1.9893548318148713,-0.1672041949044975,0.0,0.0,0.0,0.0,0.05136766575430774,-0.0015845089819240797,-0.0835331971372157,0.9951789071429695,3.5161251724953604,-0.7356432712990489,0.02367579424433398,42.197626823246424,20.0,0.0,2.0,4.077184433714946,1.3133772567206619,0.8633772567206619,0,0,0
18.432391167,1787250894.445070028,1787250894.444983482,16.0162333019913,0.6793983218495244,1.989595372722109,-0.17033584465158622,0.0,0.0,0.0,0.0,0.049736513895921625,-0.002567350719105521,-0.08504250186689967,0.9951318810951564,3.512132854713203,-0.7450328628048324,0.02441684870142384,42.23354051045577,20.0,0.0,2.0,4.041297742082843,1.3207424308684057,0.8707424308684057,0,0,0
18.442389488,1787250894.455068350,1787250894.454982996,16.051333940814516,0.6719025908101421,1.9898429086174074,-0.17347983359642602,0.0,0.0,0.0,0.0,0.047948805365402886,-0.0035481810643915963,-0.08656068132007219,0.995085710340858,3.5079662780062244,-0.7540487885359506,0.02507983077978255,42.26943343599315,20.0,0.0,2.0,4.005436293964262,1.3290275833285832,0.8790275833285832,0,0,0
18.452397108,1787250894.465075970,1787250894.464983225,16.086392069427347,0.664318678600739,1.9900967823400417,-0.1765991626773997,0.0,0.0,0.0,0.0,0.04602968881274948,-0.004497490895873207,-0.08807111318589134,0.995039958667812,3.50363249071471,-0.7626651415548947,0.025686420029772637,42.30530337547039,20.0,0.0,2.0,3.9696025512258797,1.3357873529164512,0.8857873529164513,0,0,0
18.462426424,1787250894.475105286,1787250894.474982738,16.121406077946816,0.6566506885085605,1.9903565214753163,-0.1796882251147946,0.0,0.0,0.0,0.0,0.044001983529900895,-0.005374877776940865,-0.08957302243674209,0.994993271226426,3.4991451600415617,-0.770861493827655,0.026257765829028116,42.34114812863,20.0,0.0,2.0,3.9337989190583604,1.343554454871201,0.8935544548712011,0,0,0
18.472390175,1787250894.485069036,1787250894.484982967,16.15637453134481,0.6489029024172435,1.9906218154751993,-0.18274059989185085,0.0,0.0,0.0,0.0,0.04189961620291165,-0.006144789222494166,-0.09106459271663171,0.9949441711376643,3.4945256586880777,-0.7786217241449891,0.02679019457429057,42.37696560066909,20.0,0.0,2.0,3.898027664140589,1.3518337788073944,0.9018337788073945,0,0,0
18.482388258,1787250894.495067120,1787250894.494982958,16.191296238893386,0.6410797504757586,1.990892149099069,-0.18574153002109955,0.0,0.0,0.0,0.0,0.03972180762047854,-0.006789513253757043,-0.09253880650628414,0.9948932856339575,3.4898005562884404,-0.785933008475726,0.02726973512372589,42.412753873115186,20.0,0.0,2.0,3.8622908408463696,1.3589786481964787,0.9089786481964788,0,0,0
18.492389441,1787250894.505068302,1787250894.504982710,16.226170285180977,0.6331857745402084,1.9911670413298532,-0.18866929792872889,0.0,0.0,0.0,0.0,0.03747595448086289,-0.00730441692120438,-0.09398445866678198,0.9948412535969251,3.484998290025261,-0.7927844844399562,0.027696782374942355,42.448511243352364,20.0,0.0,2.0,3.8265902527824927,1.3670932638165063,0.9170932638165064,0,0,0
18.502390623,1787250894.515069485,1787250894.514982700,16.260996041368916,0.6252256324175054,1.9914458932611903,-0.19150056175009889,0.0,0.0,0.0,0.0,0.03514639224135945,-0.007699443056385195,-0.09538899473649837,0.994789620659664,3.4801469321825573,-0.7991643780443148,0.02806638147276422,42.4842362334164,20.0,0.0,2.0,3.790927441515188,1.3753541303163002,0.9253541303163002,0,0,0
18.512391567,1787250894.525070429,1787250894.524982691,16.295773143238545,0.6172040973401767,1.9917282504307394,-0.194216580823352,0.0,0.0,0.0,0.0,0.03274204058788829,-0.007992449853283875,-0.09674183484991004,0.9947387078591827,3.4752712501423284,-0.8050612818221531,0.028400174224261904,42.51992757081104,20.0,0.0,2.0,3.755303706222346,1.382827100588763,0.932827100588763,0,0,0
18.522413731,1787250894.535092592,1787250894.534983397,16.330501453508667,0.6091260446129388,1.9920138438785315,-0.19683097395670396,0.0,0.0,0.0,0.0,0.03029167914547209,-0.00820637337286493,-0.09804834497785758,0.9946866801449168,3.470391530909255,-0.810467047150928,0.028717623666772087,42.5555841555283,20.0,0.0,2.0,3.7197201372707336,1.391231297689889,0.9412312976898891,0,0,0
18.532388926,1787250894.545067787,1787250894.544983149,16.365181011466728,0.6009964019114454,1.9923025478973917,-0.1993560678368718,0.0,0.0,0.0,0.0,0.02783836738509114,-0.008366840856224186,-0.09931322011759561,0.994631542625355,3.465522921627382,-0.8153792406606685,0.029016757605998894,42.591205022736034,20.0,0.0,2.0,3.684177656585173,1.3994579856613916,0.9494579856613916,0,0,0
18.542388678,1787250894.555067539,1787250894.554982901,16.399811979734086,0.5928201000770749,1.9925940800879467,-0.20179046372823917,0.0,0.0,0.0,0.0,0.02538708449231208,-0.008506506988280314,-0.10053451690237122,0.9945732482783988,3.4606744354006262,-0.8197993291409713,0.029286192112077503,42.62678930108813,20.0,0.0,2.0,3.648677061617175,1.407199400797611,0.957199400797611,0,0,0
18.552407503,1787250894.565086365,1787250894.564982891,16.43439457589326,0.5846020474459138,1.9928881728328165,-0.20412350065248852,0.0,0.0,0.0,0.0,0.02294546770134094,-0.008654667199824414,-0.10170604831825894,0.9945121829234226,3.4558485139314206,-0.8237296983465308,0.02952450729368243,42.66233615519225,20.0,0.0,2.0,3.613219087238277,1.415833660876855,0.965833660876855,0,0,0
18.562416553,1787250894.575095415,1787250894.574987650,16.468929015993385,0.5763471356980762,1.9931844474364215,-0.2063388731231531,0.0,0.0,0.0,0.0,0.02049472262220748,-0.008838044861585785,-0.10281931356536127,0.9944496186663311,3.451042249560576,-0.827171051509221,0.029725953744169246,42.69784473020779,20.0,0.0,2.0,3.57780446177227,1.4240081937401057,0.9740081937401057,0,0,0
18.572421074,1787250894.585099936,1787250894.584983110,16.503415462666172,0.568060263601095,1.9934825763792836,-0.20842346854274668,0.0,0.0,0.0,0.0,0.018027121703855748,-0.009074722128705687,-0.10386777897147502,0.994386321704444,3.446248449521953,-0.8301211084955712,0.029891476600306017,42.73331409916374,20.0,0.0,2.0,3.5424339607980295,1.4319586414677072,0.9819586414677073,0,0,0
18.582390547,1787250894.595069408,1787250894.594982862,16.537853992999032,0.5597463712796318,1.993782155837953,-0.21039270146271236,0.0,0.0,0.0,0.0,0.015513022082648334,-0.009380043409834815,-0.10485949566825306,0.9943218025869153,3.441457006440268,-0.8325736426285184,0.030020392609072355,42.768743224539236,20.0,0.0,2.0,3.507108443652617,1.4407644156537815,0.9907644156537816,0,0,0
18.592383385,1787250894.605062246,1787250894.604983091,16.572244570985557,0.5514104840866212,1.994082894819202,-0.2122599387843026,0.0,0.0,0.0,0.0,0.012940907574672124,-0.009757898866562078,-0.10580173805462326,0.9942551526371259,3.4366560582721233,-0.8345180653137616,0.030121210306105064,42.80413092457013,20.0,0.0,2.0,3.4718288862258677,1.4504019704153621,1.0004019704153622,0,0,0
18.602387667,1787250894.615066528,1787250894.614983082,16.60658704408772,0.5430577503180578,1.9943844840945002,-0.21402116600050555,0.0,0.0,0.0,0.0,0.010288679173415515,-0.010206213169113049,-0.10669339045212767,0.9941863490953007,3.4318341417138405,-0.8359402906735103,0.03019315829466859,42.83947586163716,20.0,0.0,2.0,3.4365963893877183,1.4599446481962506,1.0099446481962506,0,0,0
18.612383842,1787250894.625062704,1787250894.624983072,16.640881150337695,0.5346934724576489,1.9946866730216455,-0.21566462878390222,0.0,0.0,0.0,0.0,0.007559408249556283,-0.010713135259434048,-0.10752942155911942,0.9941154397649152,3.4269812941128626,-0.8368242979113635,0.03023863426855265,42.87477654414839,20.0,0.0,2.0,3.4014121754190576,1.466508295133711,1.016508295133711,0,0,0
18.622403145,1787250894.635082006,1787250894.634982586,16.675126542358456,0.5263231102151023,1.9949891645464384,-0.21717254923422738,0.0,0.0,0.0,0.0,0.004751161990311956,-0.011263728249079216,-0.10830178619610373,0.9940428954488867,3.422090271895394,-0.8371545991792732,0.03025634210980152,42.910031350059775,20.0,0.0,2.0,3.3662775634441795,1.4738953188091561,1.0238953188091562,0,0,0
18.632375002,1787250894.645053864,1787250894.644983292,16.709322814201933,0.5179522708668098,1.9952917209261434,-0.21852677895260608,0.0,0.0,0.0,0.0,0.0018866980981203166,-0.011837780763257791,-0.10900188621333762,0.9939692631660307,3.4171569128727373,-0.8369179612804994,0.030249522568713653,42.94523855812504,20.0,0.0,2.0,3.331193939703873,1.482084525241534,1.032084525241534,0,0,0
18.642370701,1787250894.655049562,1787250894.654983282,16.743469536749604,0.5095866705108505,1.995594073690611,-0.21970686352909652,0.0,0.0,0.0,0.0,-0.0010172102859873076,-0.012416152325792075,-0.10961977544391781,0.993895522314233,3.4121805015386286,-0.8361056268197727,0.030218152429098928,42.98039639291698,20.0,0.0,2.0,3.296162715192746,1.4910536003786496,1.0410536003786497,0,0,0
18.652399302,1787250894.665078163,1787250894.664982796,16.777566287957008,0.5012320891536093,1.9958960237379042,-0.2207029817456691,0.0,0.0,0.0,0.0,-0.00391991413673564,-0.012977822703104146,-0.11015022742333845,0.993822488067982,3.4071633256279124,-0.8347143984234805,0.0301681381690279,43.015503068156676,20.0,0.0,2.0,3.2611852873349023,1.4989414032608135,1.0489414032608135,0,0,0
18.662384272,1787250894.675063133,1787250894.674983025,16.811612685367493,0.49289429151371755,1.996197380978735,-0.22153819482830628,0.0,0.0,0.0,0.0,-0.006768348730416588,-0.013500223468673356,-0.11060381522536317,0.9937498324424276,3.4021108793358716,-0.8327508769587769,0.030101354784169306,43.05055683917069,20.0,0.0,2.0,3.2262629946468593,1.507155250345809,1.057155250345809,0,0,0
18.672405005,1787250894.685083866,1787250894.684982777,16.84560841490512,0.48457891958255794,1.996498015252115,-0.22223944674499682,0.0,0.0,0.0,0.0,-0.009503837253569236,-0.013965050993372446,-0.11099257285630273,0.9936776656436174,3.3970312948677286,-0.8302332708431538,0.030023523866526413,43.085556059420796,20.0,0.0,2.0,3.191397071083191,1.5161113125276782,1.0661113125276782,0,0,0
18.682409525,1787250894.695088387,1787250894.694982767,16.879553252630856,0.4762913851093217,1.9967978181119868,-0.22281692496803582,0.0,0.0,0.0,0.0,-0.01210472162820841,-0.014367027712709118,-0.11132052967298368,0.9936069665125805,3.391934112454677,-0.8271880518109177,0.029935636343296886,43.12049922924877,20.0,0.0,2.0,3.156588608080703,1.525787350338924,1.0757873503389241,0,0,0
18.692390919,1787250894.705069780,1787250894.704982758,16.913447069953317,0.4680368182030341,1.9970966897115596,-0.22327529039901367,0.0,0.0,0.0,0.0,-0.014556966323848215,-0.014707724879400069,-0.11158908669821176,0.9935389540879498,3.3868287353042894,-0.8236449627049404,0.029835965262430354,43.15538501506093,20.0,0.0,2.0,3.1218385420107833,1.5344090162964308,1.0844090162964308,0,0,0
18.702412844,1787250894.715091705,1787250894.714983225,16.947289827412582,0.4598200461446069,1.9973944912906278,-0.22361138878747694,0.0,0.0,0.0,0.0,-0.016875635039232336,-0.014997161204667967,-0.11179636600028778,0.9934746451958165,3.3817233126853967,-0.8196336557837796,0.029722385818565043,43.19021224953752,20.0,0.0,2.0,3.087147657843849,1.5410838527568287,1.0910838527568287,0,0,0
18.712383032,1787250894.725061893,1787250894.724982977,16.981081556426314,0.4516456179726029,1.9976910960448726,-0.22382555089551207,0.0,0.0,0.0,0.0,-0.019070171819955038,-0.015246729992201415,-0.1119423061123168,0.9934147099140211,3.3766238929844934,-0.8151804586998482,0.029596180202023377,43.22497990979899,20.0,0.0,2.0,3.052516611620761,1.5484716758430448,1.0984716758430448,0,0,0
18.722401142,1787250894.735080004,1787250894.734982729,17.014822339120638,0.4435178263050631,1.9979863708335937,-0.22393181090826902,0.0,0.0,0.0,0.0,-0.02114297214660629,-0.015465762865192264,-0.11203364198279382,0.9933590730304308,3.371534571176435,-0.8103104706884036,0.02945673939293898,43.259687093513854,20.0,0.0,2.0,3.017945954447489,1.5565540509309475,1.1065540509309475,0,0,0
18.732387543,1787250894.745066404,1787250894.744983196,17.04851228940731,0.4354407140736466,1.9982801891766329,-0.22394521957614805,0.0,0.0,0.0,0.0,-0.023092319371654388,-0.015662959894306307,-0.11207763126244363,0.9933076165236964,3.3664576530456034,-0.8050487640704334,0.02930473417639448,43.2943329997877,20.0,0.0,2.0,2.983436152995723,1.5653121602898212,1.1153121602898213,0,0,0
18.742391586,1787250894.755070448,1787250894.754983187,17.082151534895235,0.42741808092051176,1.9985724249770642,-0.22386681098924055,0.0,0.0,0.0,0.0,-0.024943906644747972,-0.015851931039090512,-0.11207523888435325,0.9932601163001791,3.3613934802109258,-0.7994178940797245,0.029140502558818948,43.32891691051899,20.0,0.0,2.0,2.948987609194459,1.5726838561866818,1.1226838561866819,0,0,0
18.752409697,1787250894.765088558,1787250894.764983177,17.11574019616376,0.4194535286654144,1.9988629529645974,-0.2236950272741202,0.0,0.0,0.0,0.0,-0.02672139068219232,-0.016044619393238414,-0.11202621506104896,0.9932163231681361,3.3563403992161964,-0.7934351035735733,0.028962276582100446,43.36343815998866,20.0,0.0,2.0,2.9146006881923463,1.580625250554594,1.130625250554594,0,0,0
18.762410641,1787250894.775089502,1787250894.774983168,17.149278368678925,0.41155051384872676,1.9991516201527453,-0.22342137903671505,0.0,0.0,0.0,0.0,-0.02846078484167053,-0.016252836223708097,-0.11192721417172821,0.9931757788874221,3.351295017540343,-0.787111597681412,0.028768827857144838,43.39789610519141,20.0,0.0,2.0,2.880275744521592,1.5892138968137672,1.1392138968137673,0,0,0
18.772385597,1787250894.785064459,1787250894.784983397,17.18276610643022,0.4037124157677889,1.9994382801800406,-0.22304022715665175,0.0,0.0,0.0,0.0,-0.030185755888962745,-0.016485264477118212,-0.11177612362452165,0.9931380339026429,3.3462525580499025,-0.7804522231226322,0.028560522229705516,43.43229009500354,20.0,0.0,2.0,2.846013148467971,1.5963807191544428,1.1463807191544428,0,0,0
18.782389879,1787250894.795068741,1787250894.794982910,17.21620340823975,0.39594258923614306,1.9997227792977748,-0.2225456438138033,0.0,0.0,0.0,0.0,-0.03192362237602443,-0.016755976207221707,-0.11157098728400502,0.9931022275638135,3.341206551150854,-0.7734567540851762,0.02833671486925124,43.46661944536706,20.0,0.0,2.0,2.8118133073015934,1.604139264400848,1.1541392644008481,0,0,0
18.792409658,1787250894.805088520,1787250894.804982901,17.249590197772523,0.3882444148760447,2.000004956290965,-0.2219355297695394,0.0,0.0,0.0,0.0,-0.03368404304794676,-0.017073751092737694,-0.11131138937898229,0.9930677957028351,3.3361485910528668,-0.7661209825284399,0.028095511391599597,43.5008834093473,20.0,0.0,2.0,2.7776766921108718,1.612518272222021,1.162518272222021,0,0,0
18.802387714,1787250894.815066576,1787250894.814982891,17.282926307066177,0.3806213240065973,2.00028462961269,-0.22120131523887857,0.0,0.0,0.0,0.0,-0.035474674040461326,-0.017447106215644225,-0.11099372881046105,0.993034510050468,3.3310686999438635,-0.7584388899578265,0.027836161633151214,43.53508115655979,20.0,0.0,2.0,2.74360385736272,1.6194686975100059,1.169468697510006,0,0,0
18.812384605,1787250894.825063467,1787250894.824983120,17.316211462126905,0.3730768114851589,2.0005616125575933,-0.22033895333105255,0.0,0.0,0.0,0.0,-0.037285477321964654,-0.017876364392001118,-0.11061610214043392,0.9930026720629984,3.32595591339879,-0.7504045636073529,0.027556793446050214,43.56921175772875,20.0,0.0,2.0,2.7095954566494984,1.6270040605289113,1.1770040605289114,0,0,0
18.822406054,1787250894.835084915,1787250894.834983110,17.349445278489465,0.36561441944208856,2.000835696096037,-0.21934104727650583,0.0,0.0,0.0,0.0,-0.03910475965897506,-0.018359921476638008,-0.1101748251233501,0.992972929623172,3.3207990957412235,-0.7420143549997923,0.027256415068761218,43.60327418522315,20.0,0.0,2.0,2.6756522445590214,1.6351335833309084,1.1851335833309085,0,0,0
18.832393408,1787250894.845072269,1787250894.844983339,17.382627261985032,0.3582377111863575,2.0011066644927507,-0.21820679185460262,0.0,0.0,0.0,0.0,-0.040908191334780866,-0.018888397490128675,-0.10966889918147653,0.9929463635435175,3.3155877090738275,-0.7332682748820878,0.026933259566359512,43.63726732096056,20.0,0.0,2.0,2.641775072205488,1.6418545722593232,1.1918545722593232,0,0,0
18.842375517,1787250894.855054379,1787250894.854983330,17.415756819958627,0.35095022458898667,2.001374283919927,-0.21693281979067155,0.0,0.0,0.0,0.0,-0.0426738030939478,-0.01945167510212909,-0.10909594921635549,0.9929242935540467,3.310312575355478,-0.7241711854696465,0.02658669361126577,43.67118997847129,20.0,0.0,2.0,2.6079648698526787,1.6491256288822451,1.1991256288822452,0,0,0
18.852400780,1787250894.865079641,1787250894.864983082,17.44883327658267,0.34375542397470227,2.0016383111113862,-0.21552631954738877,0.0,0.0,0.0,0.0,-0.04437073814249688,-0.020034301749400824,-0.10845830018400313,0.992908183807194,3.304966453789022,-0.7147334128911428,0.026213808684409336,43.70504092896074,20.0,0.0,2.0,2.574222625618703,1.6569651492518767,1.2069651492518767,0,0,0
18.862377167,1787250894.875056028,1787250894.874987364,17.48185589573825,0.33665663343276897,2.0018984569315355,-0.21400763645417228,0.0,0.0,0.0,0.0,-0.04596023898063831,-0.020621789845223792,-0.10776446717233067,0.9928993996530997,3.2995444161060457,-0.704972778533946,0.025810039993326504,43.73881893776677,20.0,0.0,2.0,2.5405493545296896,1.6653573818734162,1.2153573818734162,0,0,0
18.872394323,1787250894.885073185,1787250894.884983063,17.514823901835644,0.329656961704921,2.002154418485798,-0.21240259623808055,0.0,0.0,0.0,0.0,-0.04740621026826998,-0.021199856337397308,-0.10702557413527866,0.9928991609424838,3.2940434822368543,-0.6949142939249512,0.025378740185406607,43.77252280025541,20.0,0.0,2.0,2.5069460689865157,1.674286451936,1.224286451936,0,0,0
18.882372379,1787250894.895051241,1787250894.894982815,17.547736495526387,0.3227592400995697,2.0024059603959348,-0.2107236920736052,0.0,0.0,0.0,0.0,-0.048691750993114465,-0.021768404290614614,-0.10624703808466777,0.9929082620555134,3.2884615750841304,-0.6845881185668163,0.024925955202818758,43.806151369361594,20.0,0.0,2.0,2.4734137565494954,1.6837364817991458,1.2337364817991459,0,0,0
18.892380714,1787250894.905059576,1787250894.904982805,17.58059285586042,0.3159659824185631,2.002652868226901,-0.20898340875535562,0.0,0.0,0.0,0.0,-0.04981116576073153,-0.022328793766419233,-0.10543460847712474,0.9929268936179385,3.282796389603737,-0.6740269727955497,0.02445268653369266,43.8397035634448,20.0,0.0,2.0,2.4399533743227955,1.6936916860664715,1.2436916860664715,0,0,0
18.902385235,1787250894.915064096,1787250894.914983034,17.61339213484196,0.30927937688325374,2.0028949570159047,-0.20718538885412885,0.0,0.0,0.0,0.0,-0.05077405175151191,-0.02289097482168168,-0.10459043512343551,0.9929546010876521,3.2770446131811113,-0.6632628657770214,0.02396217001897763,43.87317835996809,20.0,0.0,2.0,2.4065658552750304,1.7041364300507855,1.2541364300507856,0,0,0
18.912389755,1787250894.925068617,1787250894.924987078,17.64613344455973,0.3027013022255133,2.0031320496811515,-0.20533638847659405,0.0,0.0,0.0,0.0,-0.051594292302673816,-0.023460042219125347,-0.10371819678979363,0.9929905291973015,3.271201762360675,-0.6523255310267164,0.02345317461790616,43.906574776559836,20.0,0.0,2.0,2.373252125022638,1.715055258444483,1.265055258444483,0,0,0
18.922405958,1787250894.935084820,1787250894.934983015,17.67881585065296,0.2962333528750616,2.003363960673047,-0.20343834865806693,0.0,0.0,0.0,0.0,-0.05228157850360712,-0.024036657367665103,-0.10281891680149946,0.9930343125992812,3.2652631106992125,-0.6412421656989583,0.02292611190251494,43.9398918565572,20.0,0.0,2.0,2.340013113374998,1.7264329107677066,1.2764329107677066,0,0,0
18.932380438,1787250894.945059299,1787250894.944987535,17.711438373863686,0.2898768612715617,2.0035905143414863,-0.20149717106985204,0.0,0.0,0.0,0.0,-0.05284745552362137,-0.024617920280057125,-0.1018955118092937,0.9930852980076211,3.259224577565582,-0.6300379793343639,0.022381959530332764,43.97312866345414,20.0,0.0,2.0,2.3068497573785725,1.7382543368941346,1.2882543368941346,0,0,0
18.942384481,1787250894.955063343,1787250894.954982758,17.74399999457708,0.28363292148507724,2.003811551341204,-0.19951099253764995,0.0,0.0,0.0,0.0,-0.05330793634869004,-0.02521411668680479,-0.10094778293771747,0.9931425161384985,3.2530817036053206,-0.6187352288211995,0.021823089488237347,44.00628427813545,20.0,0.0,2.0,2.273763001401421,1.7505047086065844,1.3005047086065844,0,0,0
18.952395201,1787250894.965074062,1787250894.964986086,17.77649964065352,0.27750242180996165,2.004026927653964,-0.19748225338849412,0.0,0.0,0.0,0.0,-0.05368089724518157,-0.025832925802577098,-0.09997766268070317,0.99320465573835,3.2468285937106427,-0.6073528056345043,0.021249822374292703,44.03935777822716,20.0,0.0,2.0,2.2407538147397306,1.7631694160447773,1.3131694160447773,0,0,0
18.962410212,1787250894.975089073,1787250894.974983215,17.808936173954052,0.271486080167292,2.0042365048797146,-0.19540758093214183,0.0,0.0,0.0,0.0,-0.05398313930274214,-0.026487925239117704,-0.09898446992608524,0.9932704995120915,3.240457679217149,-0.5959058486444935,0.020663511935979706,44.07234821596193,20.0,0.0,2.0,2.207823210654627,1.7762340570405957,1.3262340570405957,0,0,0
18.972381353,1787250894.985060215,1787250894.984983683,17.841308371831882,0.26558447748164515,2.0044401334373614,-0.19328602479911097,0.0,0.0,0.0,0.0,-0.05422860464127603,-0.027186061914064176,-0.09796837994803245,0.9933390020565098,3.233959990308707,-0.5844070211815693,0.02005799427734596,44.10525459185309,20.0,0.0,2.0,2.1749722699352416,1.7896844233769762,1.3396844233769762,0,0,0
18.982390165,1787250894.995069027,1787250894.994983196,17.87361491438046,0.2597980796011491,2.004637608176056,-0.19109611889988745,0.0,0.0,0.0,0.0,-0.054420111540699895,-0.027940956423001068,-0.09691933111432338,0.9934104880010166,3.2273244344352636,-0.5728662860028187,0.019434990585660877,44.1380758363168,20.0,0.0,2.0,2.1422021571082532,1.803506495589274,1.353506495589274,0,0,0
18.992399693,1787250895.005078554,1787250895.004982710,17.905854357208526,0.25412726044326234,2.0048287895208943,-0.188824147288854,0.0,0.0,0.0,0.0,-0.05455767777240052,-0.02875690076318997,-0.09583059673757525,0.9934852777890064,3.220537870138593,-0.5612929915524153,0.018798672198560552,44.17081077810829,20.0,0.0,2.0,2.109514151393906,1.817686429662396,1.367686429662396,0,0,0
19.002408504,1787250895.015087366,1787250895.014982700,17.938025121658434,0.2485722932917432,2.0050135382253096,-0.18646073946795858,0.0,0.0,0.0,0.0,-0.05463316445042366,-0.029640437922136706,-0.09469741802407795,0.9935638181825514,3.2135862630568113,-0.549697729942745,0.018149040437232804,44.203458134470324,20.0,0.0,2.0,2.0769096560682576,1.8322105745266266,1.3822105745266267,0,0,0
19.012402773,1787250895.025081635,1787250895.024983168,17.97012548426853,0.2431333387107248,2.005191725114375,-0.18400935077187902,0.0,0.0,0.0,0.0,-0.05464027479971111,-0.030586377365978485,-0.09352090179768016,0.993646191969952,3.206455235799379,-0.5380926525423612,0.017485945912554892,44.23601650140114,20.0,0.0,2.0,2.0443902083551375,1.8470654894570422,1.3970654894570422,0,0,0
19.022403240,1787250895.035082102,1787250895.034982920,18.00215358343847,0.2378104267063564,2.005363211896483,-0.1814740390447434,0.0,0.0,0.0,0.0,-0.054568510416606195,-0.031590301015257526,-0.09230229634443107,0.9937326685996707,3.1991313915861563,-0.5264917202775409,0.016809090555791377,44.26848436145323,20.0,0.0,2.0,2.0119574715335933,1.8622379691439392,1.4122379691439393,0,0,0
19.032387972,1787250895.045066833,1787250895.044982910,18.034107430346705,0.23260343811793144,2.005527859656576,-0.17886879195388142,0.0,0.0,0.0,0.0,-0.054413264033670215,-0.032637210763630346,-0.09104747581571944,0.9938231061503644,3.19160311740493,-0.5149106576398951,0.016118276218184544,44.30086009575039,20.0,0.0,2.0,1.9796132228480143,1.8777150692241786,1.4277150692241787,0,0,0
19.042384148,1787250895.055063009,1787250895.054983139,18.065984934621515,0.22751209102918812,2.0056855342464877,-0.1762061395484683,0.0,0.0,0.0,0.0,-0.054168138618687134,-0.033714548648148476,-0.08976160917977369,0.9939174993355817,3.1838616028441122,-0.5033663968539329,0.015414393301664508,44.333142009498566,20.0,0.0,2.0,1.9473593273905792,1.8934841309069743,1.4434841309069744,0,0,0
19.052388430,1787250895.065067291,1787250895.064983368,18.097783932783656,0.2225359280830164,2.005836104494765,-0.17350502860046788,0.0,0.0,0.0,0.0,-0.05383570590960687,-0.034800264592265824,-0.08845296818150307,0.9940154580153191,3.1759013629382014,-0.49187670413241286,0.014697960270683479,44.36532835991582,20.0,0.0,2.0,1.9151977093186636,1.9095328057641328,1.4595328057641328,0,0,0
19.062384129,1787250895.075062990,1787250895.074983120,18.129502230508457,0.21767431831098832,2.005979463813772,-0.17077683775379265,0.0,0.0,0.0,0.0,-0.053421677119369126,-0.03586682808364285,-0.08712598929385412,0.9941170741147843,3.1677219279770403,-0.4804585766439641,0.013972453653284912,44.39741739561384,20.0,0.0,2.0,1.8831303110811237,1.9258490726115307,1.4758490726115308,0,0,0
19.072375536,1787250895.085054398,1787250895.084983110,18.16113765906487,0.2129264645640804,2.0061155250165688,-0.1680374419072302,0.0,0.0,0.0,0.0,-0.052938007410086134,-0.03688610316389337,-0.08578765741647428,0.9942220378767642,3.1593289411017293,-0.46912797906729575,0.013238555201295682,44.429407409177465,20.0,0.0,2.0,1.8511590390529422,1.9424212564349965,1.4924212564349966,0,0,0
19.082381248,1787250895.095060110,1787250895.094982862,18.192688129041386,0.20829141772776438,2.0062442123847224,-0.16529806676148404,0.0,0.0,0.0,0.0,-0.052385916338263186,-0.03784954003980617,-0.08444314580068588,0.9943301681109046,3.1507319048509332,-0.4578996811972944,0.012497803295051972,44.46129678633276,20.0,0.0,2.0,1.8192857125243616,1.9592380428811136,1.5092380428811136,0,0,0
19.092389822,1787250895.105068684,1787250895.104983330,18.224151652715314,0.20376808223423207,2.0063654622093665,-0.1625739561641054,0.0,0.0,0.0,0.0,-0.05177073179566449,-0.03875368689096407,-0.08310005553308228,0.9944407090682165,3.1419415125369015,-0.44678794645533626,0.011751596663260207,44.493084025714104,20.0,0.0,2.0,1.7875120427567215,1.9762884903173847,1.5262884903173848,0,0,0
19.102416515,1787250895.115095377,1787250895.114983320,18.255526348652253,0.19935522472468734,2.0064792349996847,-0.1598748510730458,0.0,0.0,0.0,0.0,-0.051089559000792865,-0.0396091877535802,-0.081763516195086,0.9945530134819471,3.1329678543509627,-0.4358064391102537,0.011002523864549042,44.52476774078641,20.0,0.0,2.0,1.7558396300225574,1.9935620314315956,1.5435620314315956,0,0,0
19.112386942,1787250895.125065804,1787250895.124983311,18.286810426595494,0.19505147367798248,2.006585502095476,-0.15721078419089904,0.0,0.0,0.0,0.0,-0.05034840280175969,-0.040424355532005636,-0.0804390775840655,0.9946660065632879,3.123819175143584,-0.4249687529778319,0.010250645630425707,44.55634664353059,20.0,0.0,2.0,1.7242699790472822,2.0066355227438426,1.5566355227438426,0,0,0
19.122413158,1787250895.135092020,1787250895.134983301,18.31800217106001,0.1908553330344581,2.006684258553026,-0.15457222441273602,0.0,0.0,0.0,0.0,-0.04955781460263508,-0.041204687054592404,-0.07912265423803844,0.994779273187209,3.1145021793422596,-0.4142859952603914,0.009501609213992793,44.5878195250618,20.0,0.0,2.0,1.6928045173672421,2.00678505896013,1.55678505896013,0,0,0
19.132388353,1787250895.145067215,1787250895.144983292,18.34909993069731,0.18676520848558134,2.0067755524791853,-0.15195318971064545,0.0,0.0,0.0,0.0,-0.04873353697635222,-0.0419532406076762,-0.07781208736200868,0.9948920780851841,3.1050232879743627,-0.40376675952235846,0.008758016177910352,44.61918524054648,20.0,0.0,2.0,1.6614446093793458,2.0074176244214947,1.5574176244214948,0,0,0
19.142372608,1787250895.155051470,1787250895.154983282,18.380102113296278,0.18277942880446288,2.0068594394045505,-0.149348506978195,0.0,0.0,0.0,0.0,-0.047873361102357695,-0.042687128402987475,-0.07650536654145294,0.9950039594171614,3.095387233477109,-0.39341826547823655,0.008020412541695748,44.650442700497386,20.0,0.0,2.0,1.6301915638507685,2.0070328174166265,1.5570328174166266,0,0,0
19.152409077,1787250895.165087938,1787250895.164983034,18.411007156795673,0.1788962495813703,2.0069359811371172,-0.14676114872319249,0.0,0.0,0.0,0.0,-0.046977395317455824,-0.04342072719163321,-0.07520448077949973,0.9951140893636383,3.0855954951551534,-0.3832478492083147,0.007289071911648056,44.681590840942924,20.0,0.0,2.0,1.5990466633914049,2.007076629557489,1.557076629557489,0,0,0
19.162400484,1787250895.175079346,1787250895.174983263,18.441813498434037,0.1751138514597905,2.007005243514602,-0.14419360263798,0.0,0.0,0.0,0.0,-0.046033842937069754,-0.044173531772798334,-0.07391075360323247,0.9952219776999326,3.0756462222139254,-0.3732636078559163,0.006564437529662912,44.71262859243956,20.0,0.0,2.0,1.5680111951361047,2.007593182098234,1.5575931820982338,0,0,0
19.172383785,1787250895.185062647,1787250895.184983015,18.472519541210282,0.17143032298977637,2.0070672730892705,-0.1416494982642814,0.0,0.0,0.0,0.0,-0.04503773139910733,-0.044957517525128825,-0.07262603329574883,0.9953270234732524,3.065534819233286,-0.36347570156746023,0.00584116495341097,44.743554848155924,20.0,0.0,2.0,1.5370864822688879,2.0074598896722438,1.5574598896722438,0,0,0
19.182399988,1787250895.195078850,1787250895.194983006,18.503123626258244,0.16784364717235817,2.007122090575347,-0.13910538984605683,0.0,0.0,0.0,0.0,-0.04397357557379802,-0.04579086523868893,-0.07133833590896277,0.9954297379231182,3.055252787145014,-0.35389500634512916,0.00512444885274621,44.7743684372036,20.0,0.0,2.0,1.5062739101294136,2.0073819428186757,1.5573819428186757,0,0,0
19.192383051,1787250895.205061913,1787250895.204982758,18.53362398945678,0.1643516901374626,2.007169810538775,-0.13654432589998117,0.0,0.0,0.0,0.0,-0.0428373905684808,-0.0466812382152755,-0.07003899264131784,0.9955301901387831,3.044788469038081,-0.34453416034410594,0.004422228652631729,44.80506808209358,20.0,0.0,2.0,1.4755749687938113,2.007766433914035,1.5577664339140351,0,0,0
19.202405930,1787250895.215084791,1787250895.214983225,18.56401874557953,0.16095218303563885,2.0072105902204767,-0.1339583577942045,0.0,0.0,0.0,0.0,-0.041619275377694345,-0.04763698146322724,-0.06872347034345871,0.9956282632278272,3.034129132835772,-0.33540764927596906,0.0037362819394926162,44.8356523838067,20.0,0.0,2.0,1.4449912667148712,2.007914340932178,1.557914340932178,0,0,0
19.212393761,1787250895.225072622,1787250895.224982977,18.59430587855173,0.15764270442302442,2.0072445885733154,-0.13135285804945346,0.0,0.0,0.0,0.0,-0.040323322523386086,-0.04865337870180048,-0.06739407371741053,0.9957233135913542,3.023261756670689,-0.3265309013375662,0.003066337294225918,44.866119812780134,20.0,0.0,2.0,1.4145245382797809,2.0076997587434033,1.5576997587434034,0,0,0
19.222405195,1787250895.235084057,1787250895.234982729,18.62448324783982,0.15442068237888248,2.0072719685292397,-0.12873789466169752,0.0,0.0,0.0,0.0,-0.03894967938453851,-0.04972492693419352,-0.06605522333626977,0.9958147727299622,3.0121745993602773,-0.3179189183298246,0.0024117815051408254,44.8964687137959,20.0,0.0,2.0,1.3841766376246716,2.0079375620861106,1.5579375620861107,0,0,0
19.232430458,1787250895.245109320,1787250895.244982719,18.65454860638004,0.15128339660394088,2.0072928699757746,-0.12613201546207972,0.0,0.0,0.0,0.0,-0.037512071412555685,-0.05083487771599694,-0.06471596391935694,0.9959018544615366,3.0008582865264226,-0.30958564937435207,0.001771359546262876,44.92669732248132,20.0,0.0,2.0,1.353949520711316,2.008400296157886,1.5584002961578862,0,0,0
19.242387533,1787250895.255066395,1787250895.254982710,18.684499629350835,0.1482280013585508,2.0073074443253427,-0.12355460079012086,0.0,0.0,0.0,0.0,-0.03601923289734975,-0.05196786800156957,-0.06338564823644365,0.9959840436244467,2.9893068373075304,-0.3015427120481407,0.0011455075003628194,44.95680379071514,20.0,0.0,2.0,1.323845219165522,2.0079472686946644,1.5579472686946645,0,0,0
19.252408028,1787250895.265086889,1787250895.264983177,18.714333953017988,0.14525154343291313,2.007315820870493,-0.12102522017834384,0.0,0.0,0.0,0.0,-0.034494848598478074,-0.05309976170402777,-0.062074437142790415,0.9960608841735274,2.9775184989130326,-0.29379921548918886,0.0005324132685414452,44.986786222915114,20.0,0.0,2.0,1.2938658031136792,2.0078763752079225,1.5578763752079225,0,0,0
19.262404680,1787250895.275083542,1787250895.274982929,18.744049220208968,0.14235100777778656,2.0073181470754276,-0.11854245511586851,0.0,0.0,0.0,0.0,-0.03297356499880741,-0.054202422125306134,-0.06078281326251509,0.9961326673987325,2.96549665989507,-0.2863582692687556,-6.457298536797872e-05,45.01664271662635,20.0,0.0,2.0,1.2640133408907006,2.0082460975403587,1.5582460975403587,0,0,0
19.272384167,1787250895.285063028,1787250895.284983158,18.773643139730368,0.13952338191087554,2.00731458785139,-0.11610635052352672,0.0,0.0,0.0,0.0,-0.03149388062324437,-0.05524786846280047,-0.05951251161795634,0.9961998140305631,2.9532509843021684,-0.2792159575009608,-0.0006436725100786129,45.0463714157797,20.0,0.0,2.0,1.2342898468454135,2.007877838787938,1.557877838787938,0,0,0
19.282384396,1787250895.295063257,1787250895.294983149,18.803113539679526,0.1367657225306434,2.007305337187414,-0.11372045026522512,0.0,0.0,0.0,0.0,-0.030068720564248193,-0.05622612408323781,-0.058266193172161425,0.9962627895025639,2.940795290589223,-0.27236342536472363,-0.0012037691766381288,45.07597055840235,20.0,0.0,2.0,1.2046972357024919,2.007644307013484,1.557644307013484,0,0,0
19.292385101,1787250895.305063963,1787250895.304983377,18.832458396974427,0.13407518262915682,2.007290571457411,-0.11139426155398606,0.0,0.0,0.0,0.0,-0.028705978066461184,-0.05713273381522233,-0.0570493711392304,0.996321828930123,2.9281449704808735,-0.2657900894562055,-0.0017457183967284128,45.10543850493152,20.0,0.0,2.0,1.1752372959639859,2.007840734679017,1.557840734679017,0,0,0
19.302386999,1787250895.315065861,1787250895.314983606,18.86167583987583,0.13144902544251638,2.0072704862713744,-0.10913833781386252,0.0,0.0,0.0,0.0,-0.027393605340848504,-0.05797640876433526,-0.055867153937660424,0.9963770308091844,2.91531481080674,-0.25948542631403304,-0.002268637549788875,45.13477374099126,20.0,0.0,2.0,1.145911689347311,2.007884335745187,1.557884335745187,0,0,0
19.312384367,1787250895.325063229,1787250895.324983120,18.89076413803404,0.12888460590462258,2.0072452505659197,-0.1069626022603514,0.0,0.0,0.0,0.0,-0.026124599471356178,-0.0587656079860237,-0.0547245313234826,0.9964282885847426,2.9023179984741705,-0.2534412064054929,-0.0027755680719786973,45.16397487066372,20.0,0.0,2.0,1.1167219585762245,2.007474741336983,1.5574747413369832,0,0,0
19.322434187,1787250895.335113049,1787250895.334983587,18.919721680622008,0.12637935980681925,2.0072150332650476,-0.10485815131063375,0.0,0.0,0.0,0.0,-0.024898368687218078,-0.05951002487957868,-0.053617472826739516,0.9964756870005516,2.889165382048258,-0.24764942024758724,-0.0032651606765272804,45.19304059693763,20.0,0.0,2.0,1.0876695484421437,2.0074843833732396,1.5574843833732397,0,0,0
19.332404852,1787250895.345083714,1787250895.344984293,18.948546956404847,0.1239308051853523,2.007180014134948,-0.10281802044462772,0.0,0.0,0.0,0.0,-0.02371835193243414,-0.060218065017060514,-0.05254308242063127,0.9965191663570496,2.875865835646734,-0.24210132894221736,-0.003734236419271245,45.22196970286973,20.0,0.0,2.0,1.0587558264124821,2.0079074910298833,1.5579074910298834,0,0,0
19.342409849,1787250895.355088711,1787250895.354982853,18.97723852784873,0.12153654641475307,2.0071404257848187,-0.10084156726972564,0.0,0.0,0.0,0.0,-0.022566748967473443,-0.060910479762810436,-0.05150041835498001,0.9965582583097515,2.862425303809101,-0.23678940368794593,-0.0041801931362459,45.25076102646239,20.0,0.0,2.0,1.029982109898928,2.007386044590098,1.5573860445900982,0,0,0
19.352411747,1787250895.365090609,1787250895.364984274,19.005795000618843,0.11919424367211841,2.0070964818432855,-0.09893457216357786,0.0,0.0,0.0,0.0,-0.0214278341599027,-0.06160438759025182,-0.050491675104163775,0.9965923630542336,2.848846026059713,-0.2317095991386649,-0.004604135146110071,45.27941343387047,20.0,0.0,2.0,1.0013496934505983,2.007196377836151,1.5571963778361508,0,0,0
19.362387419,1787250895.375066280,1787250895.374983311,19.034214980107343,0.11690158223567582,2.0070484189885023,-0.09710592159480728,0.0,0.0,0.0,0.0,-0.020275174621860095,-0.062319907430549076,-0.049519833374658054,0.9966207566243275,2.835126152444291,-0.22686160102896968,-0.005005313112922296,45.307925779277795,20.0,0.0,2.0,0.9728598895979325,2.007409672896281,1.557409672896281,0,0,0
19.372384071,1787250895.385062933,1787250895.384983540,19.062497018778764,0.11465623321386804,2.006996586415769,-0.09536594026097808,0.0,0.0,0.0,0.0,-0.019100117136351836,-0.06309865029785668,-0.04858977853690143,0.9966407473496663,2.821253568919759,-0.22224686143127692,-0.005338906097547322,45.33629685592739,20.0,0.0,2.0,0.9445140781560493,2.0074021443537364,1.5574021443537365,0,0,0
19.382386446,1787250895.395065308,1787250895.394983768,19.090639429121754,0.11245587064308626,2.00694203382428,-0.09371869777443011,0.0,0.0,0.0,0.0,-0.01792548736343989,-0.0641233786456145,-0.047706361753036636,0.9966398407961338,2.8071930233647278,-0.21786415980346616,-0.005555143647884874,45.36452520747935,20.0,0.0,2.0,0.9163138995692036,2.0070029438703894,1.5570029438703894,0,0,0
19.392383337,1787250895.405062199,1787250895.404983044,19.118640038723704,0.11029819740105958,2.0068858538575696,-0.09217131924518475,0.0,0.0,0.0,0.0,-0.01678665179386691,-0.06556134077925735,-0.046875874089697955,0.9966055244403897,2.792878878939912,-0.2137068452576622,-0.005657359602562948,45.39260888330872,20.0,0.0,2.0,0.8882614979127623,2.006998009116746,1.556998009116746,0,0,0
19.402386665,1787250895.415065527,1787250895.414983511,19.14649583271572,0.10818103238144022,2.0068292775097203,-0.09073307912927965,0.0,0.0,0.0,0.0,-0.015714642959044716,-0.06757639160932777,-0.04610474852352884,0.99652437675017,2.778211710173767,-0.2097597065931005,-0.00564260988125725,45.42054507573949,20.0,0.0,2.0,0.8603598888663126,2.007382423693541,1.557382423693541,0,0,0
19.412387848,1787250895.425066710,1787250895.424987316,19.174202691006474,0.10610237309192434,2.006773329498361,-0.08941655868859044,0.0,0.0,0.0,0.0,-0.014736597329850892,-0.07024745484832633,-0.04539983634856165,0.9963869643095468,2.7630691709754935,-0.20600134079889035,-0.00552647588290476,45.448329854863424,20.0,0.0,2.0,0.8326132278009878,2.006949581357338,1.556949581357338,0,0,0
19.422410250,1787250895.435089111,1787250895.434986591,19.201755177801722,0.10406046538092305,2.0067190630537906,-0.08823387059727543,0.0,0.0,0.0,0.0,-0.01386952733000556,-0.07362119400116897,-0.044766913326178936,0.9961844605677861,2.747315120824483,-0.2024049415297377,-0.005316038827868194,45.47595795397555,20.0,0.0,2.0,0.8050270321113294,2.0067238638345106,1.5567238638345107,0,0,0
19.432415009,1787250895.445093870,1787250895.444986820,19.22914650401816,0.10205383040518445,2.0066672377332324,-0.08719676972005681,0.0,0.0,0.0,0.0,-0.013122633595799885,-0.07765230754224109,-0.04421090686199417,0.9959133051301784,2.7308141976711973,-0.19894158021302086,-0.0050336801359098715,45.50342273181345,20.0,0.0,2.0,0.7776082230961715,2.0068786416650815,1.5568786416650815,0,0,0
19.442403793,1787250895.455082655,1787250895.454982996,19.25636855157468,0.10008128954384828,2.0066185938519188,-0.0863136662212251,0.0,0.0,0.0,0.0,-0.012494163668648167,-0.08226948303169179,-0.04373473346618426,0.995571645400049,2.7134409331034686,-0.19558155065605834,-0.00469009656071781,45.53071619544206,20.0,0.0,2.0,0.750365112054441,2.007094871223834,1.557094871223834,0,0,0
19.452409506,1787250895.465088367,1787250895.464986563,19.2834120687543,0.09814194643144754,2.0065735511417886,-0.0855899929728629,0.0,0.0,0.0,0.0,-0.01197540821776091,-0.08733250880340905,-0.04333968851309751,0.995163953277905,2.6950919035968606,-0.1922974233971087,-0.004308530127166707,45.55782919789471,20.0,0.0,2.0,0.7233072075065761,2.0066437262764847,1.5566437262764847,0,0,0
19.462411165,1787250895.475090027,1787250895.474987268,19.31026687501042,0.09623516969490979,2.006532521748964,-0.08502666263958117,0.0,0.0,0.0,0.0,-0.011549804388149216,-0.09270221767238589,-0.04302470385752591,0.9946968260305193,2.675689543926231,-0.18906487184263548,-0.003897400226000135,45.584751643920065,20.0,0.0,2.0,0.6964450196781511,2.0065618553425026,1.5565618553425027,0,0,0
19.472386837,1787250895.485065699,1787250895.484987259,19.336922197044323,0.09436054106777635,2.0064956255923314,-0.084620909749032,0.0,0.0,0.0,0.0,-0.011197771687283883,-0.09820612651672427,-0.04278696228762811,0.9941828013408891,2.6551888636523224,-0.18586477655241443,-0.003476096402695384,45.611472830019245,20.0,0.0,2.0,0.6697897264328307,2.0068415581024657,1.5568415581024657,0,0,0
19.482389450,1787250895.495068312,1787250895.494986773,19.363366935579833,0.09251781377344587,2.0064630249503552,-0.08436586616519233,0.0,0.0,0.0,0.0,-0.010896748170668878,-0.10370258868251758,-0.042621536238372545,0.9936349624628407,2.6335741548162717,-0.1826829831395039,-0.003047172000820865,45.63798171349054,20.0,0.0,2.0,0.6433529165784042,2.0068130223904155,1.5568130223904155,0,0,0
19.492385626,1787250895.505064487,1787250895.504982948,19.38959001648021,0.09070684810276951,2.0064346525178247,-0.08425149425718118,0.0,0.0,0.0,0.0,-0.010625835568233818,-0.10904781367677707,-0.04252217102593001,0.9930697512874075,2.610860496130661,-0.1795112490874528,-0.002623791301574083,45.66426726795612,20.0,0.0,2.0,0.6171462428196377,2.0064836484654673,1.5564836484654674,0,0,0
19.502390146,1787250895.515069008,1787250895.514987469,19.415580602851588,0.08892756786309954,2.0064105435516195,-0.08426478875522123,0.0,0.0,0.0,0.0,-0.010365537501777081,-0.11414778096575434,-0.04248118822960093,0.992500976513119,2.5870846491772403,-0.17634593430016976,-0.0022019853583489933,45.69031869784666,20.0,0.0,2.0,0.5911812236175867,2.0065008762681242,1.5565008762681243,0,0,0
19.512388945,1787250895.525067806,1787250895.524987936,19.441328360147274,0.08717990474338216,2.006390572902172,-0.08439056595912363,0.0,0.0,0.0,0.0,-0.01010141583671474,-0.11892297272873933,-0.0424903216233065,0.9919424683537857,2.562303691073066,-0.17318803035571192,-0.0017890401589511409,45.71612570718452,20.0,0.0,2.0,0.5654689879991801,2.006855242355167,1.556855242355167,0,0,0
19.522418737,1787250895.535097599,1787250895.534985065,19.466823544356263,0.08546377055410595,2.0063747607260622,-0.08461207381339413,0.0,0.0,0.0,0.0,-0.009822795766810433,-0.1233463343307079,-0.04254073775661813,0.9914027839993306,2.536583183720374,-0.17004119790076275,-0.0013766383201660576,45.74167858930045,20.0,0.0,2.0,0.5400202093481848,2.006703194607124,1.5567031946071241,0,0,0
19.532403231,1787250895.545082092,1787250895.544983149,19.492057136998596,0.08377902384766035,2.00636301502538,-0.0849116262099024,0.0,0.0,0.0,0.0,-0.009525124151772082,-0.12740582357154867,-0.04262379516197385,0.9908886114069224,2.5099959035458403,-0.16691138229988264,-0.000968994049090707,45.76696836405361,20.0,0.0,2.0,0.5148449911100842,2.006444662761708,1.556444662761708,0,0,0
19.542367697,1787250895.555046558,1787250895.554983139,19.517020802943495,0.0821254654498575,2.0063553937583856,-0.0852714901428085,0.0,0.0,0.0,0.0,-0.009207558052286735,-0.13113071591597886,-0.042731046950009156,0.9904009359065816,2.4826105684442017,-0.16380478788862027,-0.0005574639110989218,45.791986735920446,20.0,0.0,2.0,0.4899529445717475,2.0065064230469214,1.5565064230469214,0,0,0
19.552356005,1787250895.565034866,1787250895.564982891,19.541706910425606,0.08050282965165469,2.0063518540588383,-0.08567430863453984,0.0,0.0,0.0,0.0,-0.008874228516854628,-0.13455467078326694,-0.042854826026805806,0.9899392670890722,2.4544929130947204,-0.16072760778113143,-0.00014703792694516834,45.816726114693594,20.0,0.0,2.0,0.4653532073420696,2.0068780973378866,1.5568780973378866,0,0,0
19.562355042,1787250895.575033903,1787250895.574982882,19.566108402070906,0.07891079971130407,2.006352466354712,-0.08610402849671203,0.0,0.0,0.0,0.0,-0.00853115798062689,-0.13773474375016923,-0.04298814904369838,0.989499054445926,2.4256971578841062,-0.15768444021293754,0.00026737612060720553,45.84117948571318,20.0,0.0,2.0,0.4410546302821542,2.006751057868342,1.5567510578683421,0,0,0
19.572349548,1787250895.585028410,1787250895.584982634,19.59021875260886,0.07734901641614869,2.006357179601473,-0.0865459720231552,0.0,0.0,0.0,0.0,-0.008186959081556679,-0.14071849723695665,-0.043125095636437266,0.9890760862353906,2.3962701944325993,-0.1546784710182411,0.0006772417126196358,45.86534036716106,20.0,0.0,2.0,0.41706588782405907,2.0065093146308595,1.5565093146308595,0,0,0
19.582357407,1787250895.595036268,1787250895.594982862,19.614031817358573,0.07581710317188194,2.0063659952557815,-0.0869875789205579,0.0,0.0,0.0,0.0,-0.007849744648644073,-0.14356000587922407,-0.04326060615589741,0.9886644659215444,2.3662463401818763,-0.1517105697588155,0.0010823204963521323,45.88920265725815,20.0,0.0,2.0,0.39339572575270654,2.0065601379529494,1.5565601379529495,0,0,0
19.592360497,1787250895.605039358,1787250895.604982853,19.63754178662305,0.07431468030797021,2.0063787631952135,-0.0874180848930537,0.0,0.0,0.0,0.0,-0.007527831657546437,-0.1462937602262061,-0.04339068870813128,0.9882604492758208,2.335653930398988,-0.14877997502683246,0.00147027914454198,45.912760587818774,20.0,0.0,2.0,0.37005312696096365,2.006892601185267,1.556892601185267,0,0,0
19.602362394,1787250895.615041256,1787250895.614983082,19.660743066537524,0.07284138811224895,2.0063953283200675,-0.08782902742038204,0.0,0.0,0.0,0.0,-0.007227193418174277,-0.14895032024608754,-0.04351215768043194,0.9878604465752627,2.3045125459885996,-0.14588400616935718,0.0018365214569416705,45.93600860394848,20.0,0.0,2.0,0.34704759752633874,2.0069648995706233,1.5569648995706233,0,0,0
19.612382412,1787250895.625061274,1787250895.624983072,19.683630269995582,0.07139689658163983,2.0064153698192917,-0.0882136582231139,0.0,0.0,0.0,0.0,-0.006952541456894232,-0.1515380440735324,-0.04362273594919608,0.987463893149499,2.2728404463500564,-0.14301905581408822,0.0021670519374262986,45.958941354319386,20.0,0.0,2.0,0.32438939544084333,2.0066867494899503,1.5566867494899503,0,0,0
19.622407198,1787250895.635086060,1787250895.634982824,19.706198157036564,0.06998091849849356,2.0064385296608287,-0.0885673059793271,0.0,0.0,0.0,0.0,-0.006705549102894254,-0.1540588562098563,-0.04372079419261909,0.9870711203300936,2.2406528476066967,-0.14018065056868634,0.002455766991385249,45.981553630980635,20.0,0.0,2.0,0.30208989812106884,2.006672353585033,1.5566723535850329,0,0,0
19.632386208,1787250895.645065069,1787250895.644982815,19.72844167203305,0.0685932095050707,2.0064643004180773,-0.08888670245071362,0.0,0.0,0.0,0.0,-0.006486387007640088,-0.15649705984590515,-0.043805408245428355,0.9866851996719246,2.2079685631319004,-0.13736444832001984,0.002690195352810701,46.003840406426654,20.0,0.0,2.0,0.280161990745189,2.006910310181923,1.5569103101819228,0,0,0
19.642412186,1787250895.655091047,1787250895.654983282,19.750355940566113,0.0672335692969464,2.006492137123228,-0.08917029440910983,0.0,0.0,0.0,0.0,-0.006292612689921241,-0.1588339462822441,-0.043876138416691426,0.9863098220192189,2.1748080945661945,-0.13456634284564256,0.002865822717468607,46.02579683058263,20.0,0.0,2.0,0.258620681878817,2.00737590129163,1.55737590129163,0,0,0
