wall_time_s,ros_time_s,kind,pitch_rad,yaw_rad,z
1787251449.339018822,1787251449.339024067,state,0.0,0.0,0.0
1787251449.339082479,1787251449.338483334,state_stamped,0.0,0.0,0.0
1787251449.350075960,1787251449.350079298,command,0.00034572850563563406,0.11341360211372375,0.0
1787251449.399123907,1787251449.399129868,state,8.297066233353689e-05,0.027217892929911613,0.0
1787251449.399176359,1787251449.398480177,state_stamped,8.297066233353689e-05,0.027217892929911613,0.0
1787251449.408505917,1787251449.408511162,command,-0.0010196478106081486,0.09141562879085541,0.0
1787251449.469890594,1787251449.470031977,state,-0.00022576210903935134,0.04519323259592056,0.0
1787251449.470074654,1787251449.468480110,state_stamped,-0.00022576210903935134,0.04519323259592056,0.0
1787251449.471345663,1787251449.471351385,command,-0.06153121218085289,0.10113909095525742,0.0
1787251449.539187670,1787251449.539191246,state,-0.01739135943353176,0.06085813790559769,0.0
1787251449.539234400,1787251449.538480520,state_stamped,-0.01739135943353176,0.06085813790559769,0.0
1787251449.541178703,1787251449.541185617,command,-0.14080478250980377,0.1040719598531723,0.0
1787251449.599174738,1787251449.599177122,state,-0.04701059311628342,0.07122945785522461,0.0
1787251449.599214554,1787251449.598480463,state_stamped,-0.04701059311628342,0.07122945785522461,0.0
1787251449.601095438,1787251449.601102114,command,-0.1920795887708664,0.101547971367836,0.0
1787251449.669101238,1787251449.669104099,state,-0.08762964606285095,0.07971858233213425,0.0
1787251449.669153452,1787251449.668479919,state_stamped,-0.08762964606285095,0.07971858233213425,0.0
1787251449.671146870,1787251449.671152592,command,-0.25038203597068787,0.0998581200838089,0.0
1787251449.739057779,1787251449.738480330,state_stamped,-0.1332004815340042,0.0853576734662056,0.0
1787251449.739139557,1787251449.739142179,state,-0.1332004815340042,0.0853576734662056,0.0
1787251449.741283655,1787251449.741289616,command,-0.29245397448539734,0.09567586332559586,0.0
1787251449.799053669,1787251449.799056530,state,-0.17142121493816376,0.08783403038978577,0.0
1787251449.799149513,1787251449.798480034,state_stamped,-0.17142121493816376,0.08783403038978577,0.0
1787251449.801040888,1787251449.801046371,command,-0.3150565028190613,0.08858519047498703,0.0
1787251449.869011641,1787251449.869014263,state,-0.21163924038410187,0.08804435282945633,0.0
1787251449.869053125,1787251449.868480444,state_stamped,-0.21163924038410187,0.08804435282945633,0.0
1787251449.870992899,1787251449.870998859,command,-0.33284226059913635,0.07118785381317139,0.0
1787251449.939061642,1787251449.939064264,state,-0.24557653069496155,0.08332446962594986,0.0
1787251449.939126015,1787251449.938481331,state_stamped,-0.24557653069496155,0.08332446962594986,0.0
1787251449.941265106,1787251449.941274405,command,-0.33831900358200073,0.04997658357024193,0.0
1787251449.999105692,1787251449.999111891,state,-0.2678343653678894,0.07532110065221786,0.0
1787251449.999217987,1787251449.998480320,state_stamped,-0.2678343653678894,0.07532110065221786,0.0
1787251450.001285315,1787251450.001294851,command,-0.33301404118537903,0.03688531368970871,0.0
1787251450.069025755,1787251450.069028854,state,-0.2860846221446991,0.06455911695957184,0.0
1787251450.069113016,1787251450.068480015,state_stamped,-0.2860846221446991,0.06455911695957184,0.0
1787251450.071124315,1787251450.071129560,command,-0.32802003622055054,0.030875200405716896,0.0
1787251450.139081478,1787251450.139084101,state,-0.2978265881538391,0.0551275908946991,0.0
1787251450.139106035,1787251450.138480425,state_stamped,-0.2978265881538391,0.0551275908946991,0.0
1787251450.141022682,1787251450.141028404,command,-0.33432498574256897,0.030561937019228935,0.0
1787251450.199057341,1787251450.199059963,state,-0.30658623576164246,0.04923181235790253,0.0
1787251450.199138880,1787251450.198480606,state_stamped,-0.30658623576164246,0.04923181235790253,0.0
1787251450.201055527,1787251450.201061487,command,-0.3379218578338623,0.014649285934865475,0.0
1787251450.269047022,1787251450.269049644,state,-0.3153601586818695,0.03954877704381943,0.0
1787251450.269077063,1787251450.268480062,state_stamped,-0.3153601586818695,0.03954877704381943,0.0
1787251450.270999193,1787251450.271004438,command,-0.34837645292282104,0.010761172510683537,0.0
1787251450.339035749,1787251450.339040995,state,-0.3246047794818878,0.03148820251226425,0.0
1787251450.339082241,1787251450.338480473,state_stamped,-0.3246047794818878,0.03148820251226425,0.0
1787251450.341788530,1787251450.341793299,command,-0.3526674211025238,0.005635028705000877,0.0
1787251450.399070263,1787251450.399073124,state,-0.33133983612060547,0.02528342418372631,0.0
1787251450.399122953,1787251450.398480654,state_stamped,-0.33133983612060547,0.02528342418372631,0.0
1787251450.401140928,1787251450.401146889,command,-0.3513767421245575,0.0038738225121051073,0.0
1787251450.469007730,1787251450.469009876,state,-0.3369501233100891,0.01928878389298916,0.0
1787251450.469089746,1787251450.468480110,state_stamped,-0.3369501233100891,0.01928878389298916,0.0
1787251450.471111536,1787251450.471117258,command,-0.343209832906723,-0.00023232310195453465,0.0
1787251450.539158106,1787251450.539160252,state,-0.33870285749435425,0.013822835870087147,0.0
1787251450.539195061,1787251450.538480520,state_stamped,-0.33870285749435425,0.013822835870087147,0.0
1787251450.541145325,1787251450.541151047,command,-0.324311226606369,-0.00739567494019866,0.0
1787251450.599187851,1787251450.599189997,state,-0.3352488875389099,0.008730409666895866,0.0
1787251450.599254131,1787251450.598480225,state_stamped,-0.3352488875389099,0.008730409666895866,0.0
1787251450.601141214,1787251450.601146698,command,-0.30177468061447144,-0.007385400123894215,0.0
1787251450.669126987,1787251450.669128895,state,-0.3258760869503021,0.004217978101223707,0.0
1787251450.669193029,1787251450.668480396,state_stamped,-0.3258760869503021,0.004217978101223707,0.0
1787251450.671127796,1787251450.671133518,command,-0.27694299817085266,-0.01473756693303585,0.0
1787251450.739107370,1787251450.738480568,state_stamped,-0.31217479705810547,-0.0010895808227360249,0.0
1787251450.739134789,1787251450.739138603,state,-0.31217479705810547,-0.0010895808227360249,0.0
1787251450.741058826,1787251450.741063833,command,-0.2477741837501526,-0.02297850511968136,0.0
1787251450.799090147,1787251450.799093723,state,-0.29671862721443176,-0.0063429283909499645,0.0
1787251450.799120665,1787251450.798480511,state_stamped,-0.29671862721443176,-0.0063429283909499645,0.0
1787251450.801031828,1787251450.801038027,command,-0.2231541872024536,-0.023633524775505066,0.0
1787251450.869014502,1787251450.868480444,state_stamped,-0.2761206328868866,-0.011184286326169968,0.0
1787251450.869042635,1787251450.869047642,state,-0.2761206328868866,-0.011184286326169968,0.0
1787251450.871004105,1787251450.871010303,command,-0.19333292543888092,-0.0333498939871788,0.0
1787251450.939105988,1787251450.938481331,state_stamped,-0.25293979048728943,-0.01739073172211647,0.0
1787251450.939133406,1787251450.939136982,state,-0.25293979048728943,-0.01739073172211647,0.0
1787251450.941052675,1787251450.941058397,command,-0.1718522012233734,-0.042118318378925323,0.0
1787251450.999131203,1787251450.999137163,state,-0.23347899317741394,-0.023325283080339432,0.0
1787251450.999173164,1787251450.998480558,state_stamped,-0.23347899317741394,-0.023325283080339432,0.0
1787251451.001288891,1787251451.001297474,command,-0.14598986506462097,-0.04919583722949028,0.0
1787251451.069007874,1787251451.068480015,state_stamped,-0.20898225903511047,-0.03056897595524788,0.0
1787251451.069035292,1787251451.069038868,state,-0.20898225903511047,-0.03056897595524788,0.0
1787251451.071142673,1787251451.071147919,command,-0.10406507551670074,-0.05613015964627266,0.0
1787251451.139037848,1787251451.138480186,state_stamped,-0.17960529029369354,-0.03772614523768425,0.0
1787251451.139096975,1787251451.139100313,state,-0.17960529029369354,-0.03772614523768425,0.0
1787251451.141049147,1787251451.141054153,command,-0.054508812725543976,-0.03222554922103882,0.0
1787251451.198988914,1787251451.198992729,state,-0.14958201348781586,-0.03640599548816681,0.0
1787251451.199023008,1787251451.198480606,state_stamped,-0.14958201348781586,-0.03640599548816681,0.0
1787251451.201057911,1787251451.201062918,command,-0.0014086331939324737,-0.03286520764231682,0.0
1787251451.268989325,1787251451.268480062,state_stamped,-0.10809379816055298,-0.03541458398103714,0.0
1787251451.269015551,1787251451.269019127,state,-0.10809379816055298,-0.03541458398103714,0.0
1787251451.271074057,1787251451.271080256,command,0.07113621383905411,-0.03327713534235954,0.0
1787251451.339104176,1787251451.339107752,state,-0.05790910869836807,-0.03481609374284744,0.0
1787251451.339170933,1787251451.338480473,state_stamped,-0.05790910869836807,-0.03481609374284744,0.0
1787251451.341061831,1787251451.341067553,command,0.144109308719635,-0.030048387125134468,0.0
1787251451.399064064,1787251451.399066687,state,-0.009424883872270584,-0.033671848475933075,0.0
1787251451.399128675,1787251451.398480177,state_stamped,-0.009424883872270584,-0.033671848475933075,0.0
1787251451.401064157,1787251451.401069164,command,0.19728262722492218,-0.02436777390539646,0.0
1787251451.469008923,1787251451.469011784,state,0.048453059047460556,-0.031066715717315674,0.0
1787251451.469048738,1787251451.468479872,state_stamped,0.048453059047460556,-0.031066715717315674,0.0
1787251451.471037626,1787251451.471043110,command,0.2508772015571594,-0.012039422988891602,0.0
1787251451.539083242,1787251451.539085627,state,0.10513206571340561,-0.025739051401615143,0.0
1787251451.539113998,1787251451.538480282,state_stamped,0.10513206571340561,-0.025739051401615143,0.0
1787251451.541036129,1787251451.541042089,command,0.29438379406929016,-0.0005785313551314175,0.0
1787251451.599067688,1787251451.599069595,state,0.15055260062217712,-0.019700510427355766,0.0
1787251451.599106073,1787251451.598480463,state_stamped,0.15055260062217712,-0.019700510427355766,0.0
1787251451.601075172,1787251451.601080418,command,0.3230323791503906,-0.005182798020541668,0.0
1787251451.669030190,1787251451.669031858,state,0.1988467276096344,-0.015635568648576736,0.0
1787251451.669095516,1787251451.668480158,state_stamped,0.1988467276096344,-0.015635568648576736,0.0
1787251451.671020985,1787251451.671026230,command,0.34325680136680603,0.004116672556847334,0.0
1787251451.739041328,1787251451.739043474,state,0.239281564950943,-0.010104939341545105,0.0
1787251451.739072323,1787251451.738480091,state_stamped,0.239281564950943,-0.010104939341545105,0.0
1787251451.741088152,1787251451.741103888,command,0.3509794771671295,-0.0009472331730648875,0.0
1787251451.799003601,1787251451.799005747,state,0.26608893275260925,-0.007907100021839142,0.0
1787251451.799031734,1787251451.798479795,state_stamped,0.26608893275260925,-0.007907100021839142,0.0
1787251451.800991058,1787251451.800999403,command,0.3521064519882202,-0.002095947042107582,0.0
1787251451.868959427,1787251451.868961573,state,0.29017382860183716,-0.006279977969825268,0.0
1787251451.868990898,1787251451.868479729,state_stamped,0.29017382860183716,-0.006279977969825268,0.0
1787251451.871034384,1787251451.871042728,command,0.341608464717865,0.004136941861361265,0.0
1787251451.939035892,1787251451.939037800,state,0.3045755922794342,-0.003363226540386677,0.0
1787251451.939066887,1787251451.938480139,state_stamped,0.3045755922794342,-0.003363226540386677,0.0
1787251451.941070080,1787251451.941073656,command,0.326840341091156,0.015065085142850876,0.0
1787251451.999021292,1787251451.999027252,state,0.30991917848587036,0.0010596001520752907,0.0
1787251451.999065638,1787251451.998480558,state_stamped,0.30991917848587036,0.0010596001520752907,0.0
1787251452.001305103,1787251452.001313448,command,0.30902400612831116,0.02984422631561756,0.0
1787251452.069025993,1787251452.069029331,state,0.30966854095458984,0.00911925919353962,0.0
1787251452.069070101,1787251452.068480253,state_stamped,0.30966854095458984,0.00911925919353962,0.0
1787251452.071248531,1787251452.071256876,command,0.2904653549194336,0.03969133272767067,0.0
1787251452.139053822,1787251452.139056206,state,0.30429163575172424,0.017679454758763313,0.0
1787251452.139119387,1787251452.138480425,state_stamped,0.30429163575172424,0.017679454758763313,0.0
1787251452.140857697,1787251452.140862703,command,0.2747184634208679,0.04389983415603638,0.0
1787251452.199035645,1787251452.199038029,state,0.29719406366348267,0.023972343653440475,0.0
1787251452.199100256,1787251452.198480368,state_stamped,0.29719406366348267,0.023972343653440475,0.0
1787251452.201037645,1787251452.201042652,command,0.26095131039619446,0.03607047349214554,0.0
1787251452.268993378,1787251452.268995285,state,0.2870461344718933,0.027359802275896072,0.0
1787251452.269036055,1787251452.268480062,state_stamped,0.2870461344718933,0.027359802275896072,0.0
1787251452.271138906,1787251452.271143675,command,0.2425190955400467,0.051812637597322464,0.0
1787251452.338998795,1787251452.339006901,state,0.2745784521102905,0.034206658601760864,0.0
1787251452.339065313,1787251452.338480711,state_stamped,0.2745784521102905,0.034206658601760864,0.0
1787251452.341725349,1787251452.341731310,command,0.23715783655643463,0.06439784169197083,0.0
1787251452.398942471,1787251452.398947477,state,0.2655975818634033,0.04145248606801033,0.0
1787251452.399038553,1787251452.398480177,state_stamped,0.2655975818634033,0.04145248606801033,0.0
1787251452.401247263,1787251452.401256084,command,0.22406069934368134,0.061306100338697433,0.0
1787251452.468952417,1787251452.468957901,state,0.25396615266799927,0.047012023627758026,0.0
1787251452.469011784,1787251452.468486786,state_stamped,0.25396615266799927,0.047012023627758026,0.0
1787251452.471048117,1787251452.471056700,command,0.20889265835285187,0.06539972126483917,0.0
1787251452.539064884,1787251452.539069414,state,0.24134674668312073,0.052160102874040604,0.0
1787251452.539142609,1787251452.538480282,state_stamped,0.24134674668312073,0.052160102874040604,0.0
1787251452.541436672,1787251452.541444540,command,0.2009318470954895,0.06607254594564438,0.0
1787251452.598934412,1787251452.598939657,state,0.23164711892604828,0.055499106645584106,0.0
1787251452.598978281,1787251452.598480701,state_stamped,0.23164711892604828,0.055499106645584106,0.0
1787251452.600853205,1787251452.600862265,command,0.181187704205513,0.06106467917561531,0.0
1787251452.668875456,1787251452.668480158,state_stamped,0.21751855313777924,0.0570574589073658,0.0
1787251452.668909550,1787251452.668915033,state,0.21751855313777924,0.0570574589073658,0.0
1787251452.670811176,1787251452.670819044,command,0.15303678810596466,0.05698490887880325,0.0
1787251452.738930702,1787251452.738480568,state_stamped,0.1994635909795761,0.057037144899368286,0.0
1787251452.738964558,1787251452.738969564,state,0.1994635909795761,0.057037144899368286,0.0
1787251452.740773916,1787251452.740778923,command,0.12535704672336578,0.046342186629772186,0.0
1787251452.799048424,1787251452.798480272,state_stamped,0.18167807161808014,0.05447036400437355,0.0
1787251452.799083233,1787251452.799088478,state,0.18167807161808014,0.05447036400437355,0.0
1787251452.801167011,1787251452.801172495,command,0.09807600826025009,0.047089628875255585,0.0
1787251452.869029999,1787251452.868480444,state_stamped,0.1582694798707962,0.052403755486011505,0.0
1787251452.869065523,1787251452.869071007,state,0.1582694798707962,0.052403755486011505,0.0
1787251452.870894194,1787251452.870899200,command,0.06710795313119888,0.050232890993356705,0.0
1787251452.938954830,1787251452.938480139,state_stamped,0.13274428248405457,0.05179591476917267,0.0
1787251452.938990116,1787251452.938995600,state,0.13274428248405457,0.05179591476917267,0.0
1787251452.941024542,1787251452.941030979,command,0.04198366776108742,0.053266774863004684,0.0
1787251452.999147177,1787251452.999159098,state,0.11096170544624329,0.05214892327785492,0.0
1787251452.999239206,1787251452.998480320,state_stamped,0.11096170544624329,0.05214892327785492,0.0
1787251453.002787113,1787251453.002795458,command,0.01868305914103985,0.050872914493083954,0.0
1787251453.069021463,1787251453.069025755,state,0.08512365072965622,0.05179164186120033,0.0
1787251453.069062948,1787251453.068480492,state_stamped,0.08512365072965622,0.05179164186120033,0.0
1787251453.071729183,1787251453.071737051,command,-0.00032669887878000736,0.05241305008530617,0.0
1787251453.139109373,1787251453.139111996,state,0.06119764968752861,0.051965635269880295,0.0
1787251453.139194250,1787251453.138480186,state_stamped,0.06119764968752861,0.051965635269880295,0.0
1787251453.141216040,1787251453.141223669,command,-0.013244103640317917,0.05474475026130676,0.0
1787251453.199068785,1787251453.199071169,state,0.04333164542913437,0.05263262242078781,0.0
1787251453.199123383,1787251453.198480129,state_stamped,0.04333164542913437,0.05263262242078781,0.0
1787251453.201056480,1787251453.201064110,command,-0.023208219558000565,0.054934512823820114,0.0
1787251453.269015312,1787251453.269019365,state,0.024700568988919258,0.0532771497964859,0.0
1787251453.269123316,1787251453.268479824,state_stamped,0.024700568988919258,0.0532771497964859,0.0
1787251453.271015644,1787251453.271021366,command,-0.03003174066543579,0.048905257135629654,0.0
1787251453.338903904,1787251453.338906288,state,0.009375381283462048,0.05205300822854042,0.0
1787251453.338990688,1787251453.338480473,state_stamped,0.009375381283462048,0.05205300822854042,0.0
1787251453.340977907,1787251453.340983152,command,-0.033768754452466965,0.05465927720069885,0.0
1787251453.398998022,1787251453.399000645,state,-0.0009792027994990349,0.052678510546684265,0.0
1787251453.399051428,1787251453.398480415,state_stamped,-0.0009792027994990349,0.052678510546684265,0.0
1787251453.400826454,1787251453.400831461,command,-0.034453436732292175,0.05222451686859131,0.0
1787251453.468956470,1787251453.468958616,state,-0.01035197265446186,0.05255139246582985,0.0
1787251453.469012499,1787251453.468480110,state_stamped,-0.01035197265446186,0.05255139246582985,0.0
1787251453.470912695,1787251453.470918179,command,-0.03215693682432175,0.05613650381565094,0.0
1787251453.538910389,1787251453.538913250,state,-0.01645738258957863,0.05355522781610489,0.0
1787251453.538953781,1787251453.538480520,state_stamped,-0.01645738258957863,0.05355522781610489,0.0
1787251453.541008949,1787251453.541013718,command,-0.028603216633200645,0.049909159541130066,0.0
1787251453.598912954,1787251453.598916531,state,-0.019372373819351196,0.05268017575144768,0.0
1787251453.599022627,1787251453.598480225,state_stamped,-0.019372373819351196,0.05268017575144768,0.0
1787251453.601040363,1787251453.601044178,command,-0.02523033693432808,0.05088762938976288,0.0
1787251453.668855190,1787251453.668860912,state,-0.021012604236602783,0.052178263664245605,0.0
1787251453.668915749,1787251453.668480396,state_stamped,-0.021012604236602783,0.052178263664245605,0.0
1787251453.670932055,1787251453.670936346,command,-0.02120855450630188,0.056450288742780685,0.0
1787251453.738898039,1787251453.738900900,state,-0.02106747031211853,0.053374432027339935,0.0
1787251453.738981009,1787251453.738480330,state_stamped,-0.02106747031211853,0.053374432027339935,0.0
1787251453.740685225,1787251453.740688562,command,-0.013890166766941547,0.05352284759283066,0.0
1787251453.798899651,1787251453.798903227,state,-0.01934492401778698,0.05341005325317383,0.0
1787251453.798942804,1787251453.798480034,state_stamped,-0.01934492401778698,0.05341005325317383,0.0
1787251453.801011086,1787251453.801015377,command,-0.008835154585540295,0.05693831294775009,0.0
1787251453.868982792,1787251453.868985176,state,-0.016402188688516617,0.05439796671271324,0.0
1787251453.869035959,1787251453.868480206,state_stamped,-0.016402188688516617,0.05439796671271324,0.0
1787251453.870984554,1787251453.870988846,command,-0.0029593389481306076,0.05989212542772293,0.0
1787251453.939041376,1787251453.939045191,state,-0.012638160958886147,0.05593634396791458,0.0
1787251453.939092159,1787251453.938480616,state_stamped,-0.012638160958886147,0.05593634396791458,0.0
1787251453.940796614,1787251453.940799713,command,0.00128181220497936,0.05989566445350647,0.0
1787251453.998948336,1787251453.998953581,state,-0.009297383949160576,0.05688657611608505,0.0
1787251453.999004602,1787251453.998480320,state_stamped,-0.009297383949160576,0.05688657611608505,0.0
1787251454.001248837,1787251454.001252413,command,0.00425564032047987,0.06166823208332062,0.0
1787251454.068834305,1787251454.068837881,state,-0.005502532236278057,0.058225441724061966,0.0
1787251454.068888426,1787251454.068480492,state_stamped,-0.005502532236278057,0.058225441724061966,0.0
1787251454.070828915,1787251454.070834160,command,0.003721866523846984,0.06111299619078636,0.0
1787251454.138923168,1787251454.138926268,state,-0.0029197002295404673,0.05903395637869835,0.0
1787251454.138959646,1787251454.138480425,state_stamped,-0.0029197002295404673,0.05903395637869835,0.0
1787251454.140999317,1787251454.141004324,command,0.0019355028634890914,0.05876728147268295,0.0
1787251454.199056864,1787251454.199059486,state,-0.0017544565489515662,0.05896995589137077,0.0
1787251454.199144363,1787251454.198480368,state_stamped,-0.0017544565489515662,0.05896995589137077,0.0
1787251454.201078415,1787251454.201083899,command,-0.000721060496289283,0.05754641816020012,0.0
1787251454.269025326,1787251454.269027472,state,-0.0014651062665507197,0.05857136473059654,0.0
1787251454.269082308,1787251454.268480062,state_stamped,-0.0014651062665507197,0.05857136473059654,0.0
1787251454.270977736,1787251454.270982027,command,-0.00696885259822011,0.06560768932104111,0.0
1787251454.338983536,1787251454.338988304,state,-0.0030061504803597927,0.06054152920842171,0.0
1787251454.339026213,1787251454.338479996,state_stamped,-0.0030061504803597927,0.06054152920842171,0.0
1787251454.341653585,1787251454.341658831,command,-0.01275415439158678,0.0603434219956398,0.0
1787251454.399064779,1787251454.399067163,state,-0.005345683544874191,0.06049398332834244,0.0
1787251454.399120808,1787251454.398480177,state_stamped,-0.005345683544874191,0.06049398332834244,0.0
1787251454.401166677,1787251454.401170015,command,-0.018139861524105072,0.058871641755104065,0.0
1787251454.469028711,1787251454.469030619,state,-0.008928043767809868,0.06003972887992859,0.0
1787251454.469084978,1787251454.468480110,state_stamped,-0.008928043767809868,0.06003972887992859,0.0
1787251454.471015215,1787251454.471018553,command,-0.023443985730409622,0.05659344792366028,0.0
1787251454.539078474,1787251454.539080620,state,-0.012992529198527336,0.0590747632086277,0.0
1787251454.539176464,1787251454.538480282,state_stamped,-0.012992529198527336,0.0590747632086277,0.0
1787251454.541103125,1787251454.541106224,command,-0.02688514068722725,0.06059522554278374,0.0
1787251454.599116325,1787251454.599118710,state,-0.01632673852145672,0.05943967401981354,0.0
1787251454.599164963,1787251454.598479986,state_stamped,-0.01632673852145672,0.05943967401981354,0.0
1787251454.601048231,1787251454.601051569,command,-0.02877936325967312,0.0635673850774765,0.0
1787251454.669050694,1787251454.669052839,state,-0.019813481718301773,0.06059543788433075,0.0
1787251454.669137001,1787251454.668480158,state_stamped,-0.019813481718301773,0.06059543788433075,0.0
1787251454.670717716,1787251454.670720816,command,-0.029809707775712013,0.06194307655096054,0.0
1787251454.739126205,1787251454.739128590,state,-0.022612426429986954,0.060972776263952255,0.0
1787251454.739171028,1787251454.738480330,state_stamped,-0.022612426429986954,0.060972776263952255,0.0
1787251454.741048336,1787251454.741051197,command,-0.027549657970666885,0.06620311737060547,0.0
1787251454.799072742,1787251454.799075127,state,-0.023797353729605675,0.06222805008292198,0.0
1787251454.799170732,1787251454.798479795,state_stamped,-0.023797353729605675,0.06222805008292198,0.0
1787251454.801013708,1787251454.801016808,command,-0.02279026433825493,0.05825066566467285,0.0
1787251454.869040728,1787251454.869043350,state,-0.0235153678804636,0.06111437827348709,0.0
1787251454.869098663,1787251454.868480206,state_stamped,-0.0235153678804636,0.06111437827348709,0.0
1787251454.871004105,1787251454.871009111,command,-0.0173648651689291,0.05520031228661537,0.0
1787251454.939086676,1787251454.939088821,state,-0.021793222054839134,0.05945843458175659,0.0
1787251454.939178944,1787251454.938480377,state_stamped,-0.021793222054839134,0.05945843458175659,0.0
1787251454.941028357,1787251454.941031933,command,0.010832038708031178,0.20668332278728485,0.0
1787251454.999083519,1787251454.999086380,state,-0.013963039964437485,0.09479294717311859,0.0
1787251454.999141455,1787251454.998481274,state_stamped,-0.013963039964437485,0.09479294717311859,0.0
1787251455.001435041,1787251455.001442909,command,-0.001499197562225163,0.06837599724531174,0.0
1787251455.069052219,1787251455.069054604,state,-0.010473232716321945,0.08739634603261948,0.0
1787251455.069156647,1787251455.068480015,state_stamped,-0.010473232716321945,0.08739634603261948,0.0
1787251455.071208000,1787251455.071212530,command,-0.007052601780742407,0.06268815696239471,0.0
1787251455.139120102,1787251455.139122486,state,-0.009515449404716492,0.0804780051112175,0.0
1787251455.139177322,1787251455.138480425,state_stamped,-0.009515449404716492,0.0804780051112175,0.0
1787251455.141097307,1787251455.141102552,command,-0.009980887174606323,0.0630362331867218,0.0
1787251455.199112415,1787251455.199114799,state,-0.009627154096961021,0.0762919932603836,0.0
1787251455.199159861,1787251455.198480368,state_stamped,-0.009627154096961021,0.0762919932603836,0.0
1787251455.201140642,1787251455.201146126,command,-0.008494448848068714,0.05802067369222641,0.0
1787251455.269042730,1787251455.269045830,state,-0.009309996850788593,0.07117602974176407,0.0
1787251455.269138575,1787251455.268480301,state_stamped,-0.009309996850788593,0.07117602974176407,0.0
1787251455.271049738,1787251455.271055222,command,-0.004701937548816204,0.0597330778837204,0.0
1787251455.338960648,1787251455.338963032,state,-0.008019743487238884,0.06797201186418533,0.0
1787251455.339015245,1787251455.338479996,state_stamped,-0.008019743487238884,0.06797201186418533,0.0
1787251455.341044426,1787251455.341049671,command,0.021130308508872986,0.20812685787677765,0.0
1787251455.398938656,1787251455.398941040,state,-0.0010236934758722782,0.10160934925079346,0.0
1787251455.398991585,1787251455.398480415,state_stamped,-0.0010236934758722782,0.10160934925079346,0.0
1787251455.400919199,1787251455.400923252,command,0.0021454738453030586,0.065825916826725,0.0
1787251455.469011784,1787251455.469013691,state,-0.00013633182970806956,0.0915900468826294,0.0
1787251455.469094992,1787251455.468479872,state_stamped,-0.00013633182970806956,0.0915900468826294,0.0
1787251455.471067429,1787251455.471072912,command,-0.007681500632315874,0.06246545538306236,0.0
1787251455.539088964,1787251455.539091110,state,-0.002248991746455431,0.08343511074781418,0.0
1787251455.539180279,1787251455.538480282,state_stamped,-0.002248991746455431,0.08343511074781418,0.0
1787251455.541058540,1787251455.541062117,command,-0.011171233840286732,0.06126867234706879,0.0
1787251455.599104166,1787251455.599106550,state,-0.004390332382172346,0.07811515778303146,0.0
1787251455.599161148,1787251455.598480463,state_stamped,-0.004390332382172346,0.07811515778303146,0.0
1787251455.601074696,1787251455.601079464,command,-0.009607548825442791,0.06889177858829498,0.0
1787251455.668888569,1787251455.668891191,state,-0.005851144436746836,0.07553263008594513,0.0
1787251455.668946028,1787251455.668479919,state_stamped,-0.005851144436746836,0.07553263008594513,0.0
1787251455.670960426,1787251455.670966387,command,-0.007185440976172686,0.06201056391000748,0.0
1787251455.738946915,1787251455.738949060,state,-0.006224747747182846,0.07174644619226456,0.0
1787251455.738999605,1787251455.738480091,state_stamped,-0.006224747747182846,0.07174644619226456,0.0
1787251455.741033316,1787251455.741040468,command,0.016636839136481285,0.21111960709095,0.0
1787251455.798957109,1787251455.798959255,state,-0.000737928319722414,0.10519623756408691,0.0
1787251455.799013615,1787251455.798480511,state_stamped,-0.000737928319722414,0.10519623756408691,0.0
1787251455.801069260,1787251455.801077843,command,0.015377375297248363,0.2429535984992981,0.0
1787251455.869023561,1787251455.869025946,state,0.0037743416614830494,0.14376816153526306,0.0
1787251455.869078636,1787251455.868480206,state_stamped,0.0037743416614830494,0.14376816153526306,0.0
1787251455.871035814,1787251455.871042252,command,0.007175610400736332,0.20688267052173615,0.0
1787251455.939060926,1787251455.939063311,state,0.004726694896817207,0.1614401787519455,0.0
1787251455.939107895,1787251455.938480139,state_stamped,0.004726694896817207,0.1614401787519455,0.0
1787251455.941055298,1787251455.941060543,command,-0.01046336442232132,0.22147631645202637,0.0
1787251455.999074459,1787251455.999078035,state,0.0010810690000653267,0.17584890127182007,0.0
1787251455.999138117,1787251455.998480320,state_stamped,0.0010810690000653267,0.17584890127182007,0.0
1787251456.001539230,1787251456.001548052,command,-0.019210411235690117,0.2146967351436615,0.0
1787251456.069007158,1787251456.069009781,state,-0.0046005165204405785,0.18672624230384827,0.0
1787251456.069068193,1787251456.068480015,state_stamped,-0.0046005165204405785,0.18672624230384827,0.0
1787251456.071020365,1787251456.071025610,command,-0.026906069368124008,0.2307000309228897,0.0
1787251456.139088392,1787251456.139090538,state,-0.010846104472875595,0.19903896749019623,0.0
1787251456.139182568,1787251456.138480186,state_stamped,-0.010846104472875595,0.19903896749019623,0.0
1787251456.141146898,1787251456.141150475,command,-0.025564922019839287,0.22444447875022888,0.0
1787251456.199094534,1787251456.199096918,state,-0.01437861006706953,0.2051362693309784,0.0
1787251456.199152470,1787251456.198480129,state_stamped,-0.01437861006706953,0.2051362693309784,0.0
1787251456.201076746,1787251456.201079607,command,-0.022626057267189026,0.22345834970474243,0.0
1787251456.269041061,1787251456.269043446,state,-0.016687892377376556,0.21026644110679626,0.0
1787251456.269099474,1787251456.268480062,state_stamped,-0.016687892377376556,0.21026644110679626,0.0
1787251456.271057606,1787251456.271061182,command,-0.015375912189483643,0.21974408626556396,0.0
1787251456.339036703,1787251456.339041471,state,-0.01632053591310978,0.2129201889038086,0.0
1787251456.339089155,1787251456.338480234,state_stamped,-0.01632053591310978,0.2129201889038086,0.0
1787251456.341802597,1787251456.341806889,command,-0.0319630429148674,0.07405903190374374,0.0
1787251456.398944139,1787251456.398949623,state,-0.0200747549533844,0.17959336936473846,0.0
1787251456.399002075,1787251456.398480415,state_stamped,-0.0200747549533844,0.17959336936473846,0.0
1787251456.400925636,1787251456.400931597,command,0.00037605964462272823,0.20754943788051605,0.0
1787251456.469014645,1787251456.469019890,state,-0.014348533935844898,0.187421053647995,0.0
1787251456.469131708,1787251456.468480349,state_stamped,-0.014348533935844898,0.187421053647995,0.0
1787251456.471180916,1787251456.471186161,command,0.01852427050471306,0.20231229066848755,0.0
1787251456.538946390,1787251456.538951874,state,-0.005144181661307812,0.1915905922651291,0.0
1787251456.539079189,1787251456.538480043,state_stamped,-0.005144181661307812,0.1915905922651291,0.0
1787251456.541198730,1787251456.541202068,command,0.03270307183265686,0.19691462814807892,0.0
1787251456.598924398,1787251456.598929644,state,0.003939162939786911,0.19286836683750153,0.0
1787251456.598999977,1787251456.598480225,state_stamped,0.003939162939786911,0.19286836683750153,0.0
1787251456.601023674,1787251456.601029396,command,0.03853121027350426,0.21014593541622162,0.0
1787251456.669016838,1787251456.669022322,state,0.01362492237240076,0.19770607352256775,0.0
1787251456.669093132,1787251456.668480158,state_stamped,0.01362492237240076,0.19770607352256775,0.0
1787251456.671123743,1787251456.671128988,command,0.021036483347415924,0.08449795842170715,0.0
1787251456.738919973,1787251456.738925219,state,0.015700172632932663,0.1660076081752777,0.0
1787251456.738988400,1787251456.738480568,state_stamped,0.015700172632932663,0.1660076081752777,0.0
1787251456.741028309,1787251456.741030931,command,0.047611769288778305,0.1960189789533615,0.0
1787251456.798920155,1787251456.798925400,state,0.023358944803476334,0.17321032285690308,0.0
1787251456.799033403,1787251456.798480511,state_stamped,0.023358944803476334,0.17321032285690308,0.0
1787251456.801039696,1787251456.801045179,command,0.05544950067996979,0.19606880843639374,0.0
1787251456.868988752,1787251456.868993998,state,0.03234424442052841,0.17961065471172333,0.0
1787251456.869098425,1787251456.868479967,state_stamped,0.03234424442052841,0.17961065471172333,0.0
1787251456.870758295,1787251456.870766878,command,0.03458137437701225,0.073369100689888,0.0
1787251456.939077854,1787251456.939083338,state,0.03297064080834389,0.14986294507980347,0.0
1787251456.939130306,1787251456.938480139,state_stamped,0.03297064080834389,0.14986294507980347,0.0
1787251456.941149712,1787251456.941154718,command,0.05303484573960304,0.19016563892364502,0.0
1787251456.999099970,1787251456.999105930,state,0.0377860851585865,0.15953566133975983,0.0
1787251456.999230146,1787251456.998480558,state_stamped,0.0377860851585865,0.15953566133975983,0.0
1787251457.001462698,1787251457.001470566,command,0.057614974677562714,0.18921515345573425,0.0
1787251457.069016218,1787251457.069019079,state,0.04333816096186638,0.16784590482711792,0.0
1787251457.069141388,1787251457.068480492,state_stamped,0.04333816096186638,0.16784590482711792,0.0
1787251457.071090937,1787251457.071096897,command,0.04649249091744423,0.20744065940380096,0.0
1787251457.138936996,1787251457.138939381,state,0.04422136768698692,0.17893235385417938,0.0
1787251457.138992786,1787251457.138479948,state_stamped,0.04422136768698692,0.17893235385417938,0.0
1787251457.141094685,1787251457.141099930,command,0.01168104913085699,0.0713946670293808,0.0
1787251457.198942423,1787251457.198944807,state,0.036411650478839874,0.1531231701374054,0.0
1787251457.198999643,1787251457.198480368,state_stamped,0.036411650478839874,0.1531231701374054,0.0
1787251457.201029539,1787251457.201035261,command,0.0057976883836090565,0.06356320530176163,0.0
1787251457.269014120,1787251457.269016266,state,0.027839776128530502,0.12804648280143738,0.0
1787251457.269125938,1787251457.268480062,state_stamped,0.027839776128530502,0.12804648280143738,0.0
1787251457.270792723,1787251457.270798922,command,0.002280603861436248,0.05743261054158211,0.0
1787251457.338947058,1787251457.338949442,state,0.020683210343122482,0.10827460885047913,0.0
1787251457.339052200,1787251457.338479996,state_stamped,0.020683210343122482,0.10827460885047913,0.0
1787251457.341055632,1787251457.341063738,command,0.006152159068733454,0.061224766075611115,0.0
1787251457.398946047,1787251457.398948431,state,0.01719575561583042,0.09698263555765152,0.0
1787251457.399006605,1787251457.398479939,state_stamped,0.01719575561583042,0.09698263555765152,0.0
1787251457.401036978,1787251457.401042223,command,0.0034973016008734703,0.06222734600305557,0.0
1787251457.468868256,1787251457.468870640,state,0.013360176235437393,0.08725112676620483,0.0
1787251457.468986034,1787251457.468480110,state_stamped,0.013360176235437393,0.08725112676620483,0.0
1787251457.470954418,1787251457.470962524,command,0.0062654828652739525,0.07045505195856094,0.0
1787251457.538942575,1787251457.538944721,state,0.011373672634363174,0.08254825323820114,0.0
1787251457.538998842,1787251457.538479805,state_stamped,0.011373672634363174,0.08254825323820114,0.0
1787251457.541010141,1787251457.541016340,command,0.007937676273286343,0.07075216621160507,0.0
1787251457.598948002,1787251457.598950386,state,0.010549023747444153,0.07971715927124023,0.0
1787251457.599060535,1787251457.598480463,state_stamped,0.010549023747444153,0.07971715927124023,0.0
1787251457.600978613,1787251457.600986719,command,0.002294983249157667,0.07107986509799957,0.0
1787251457.668872356,1787251457.668874979,state,0.008237904869019985,0.07729873061180115,0.0
1787251457.668984413,1787251457.668480158,state_stamped,0.008237904869019985,0.07729873061180115,0.0
1787251457.670875311,1787251457.670881271,command,-0.0043315039947628975,0.06885292381048203,0.0
1787251457.738972187,1787251457.738974571,state,0.004717028234153986,0.07493293285369873,0.0
1787251457.739077806,1787251457.738508940,state_stamped,0.004717028234153986,0.07493293285369873,0.0
1787251457.741019487,1787251457.741027117,command,-0.00965743139386177,0.06981015205383301,0.0
1787251457.799008369,1787251457.799013615,state,0.0012687803246080875,0.07370404154062271,0.0
1787251457.799119473,1787251457.798480749,state_stamped,0.0012687803246080875,0.07370404154062271,0.0
1787251457.801001549,1787251457.801006556,command,-0.014080994762480259,0.06781005859375,0.0
1787251457.869080305,1787251457.869085789,state,-0.003029128536581993,0.07205373793840408,0.0
1787251457.869142056,1787251457.868480206,state_stamped,-0.003029128536581993,0.07205373793840408,0.0
1787251457.871060371,1787251457.871068954,command,-0.01790868304669857,0.06833044439554214,0.0
1787251457.939069033,1787251457.939074278,state,-0.007195384707301855,0.07101122289896011,0.0
1787251457.939121723,1787251457.938479900,state_stamped,-0.007195384707301855,0.07101122289896011,0.0
1787251457.940876484,1787251457.940884829,command,-0.018563630059361458,0.0707072988152504,0.0
1787251457.999106884,1787251457.999112606,state,-0.009923797100782394,0.07093828171491623,0.0
1787251457.999167204,1787251457.998480558,state_stamped,-0.009923797100782394,0.07093828171491623,0.0
1787251458.001365900,1787251458.001374006,command,-0.01875881850719452,0.06996341049671173,0.0
1787251458.069014549,1787251458.069019794,state,-0.01239759474992752,0.07066532224416733,0.0
1787251458.069140911,1787251458.068480253,state_stamped,-0.01239759474992752,0.07066532224416733,0.0
1787251458.071104765,1787251458.071110725,command,-0.015155610628426075,0.06691543757915497,0.0
1787251458.139094830,1787251458.139100075,state,-0.013169839978218079,0.06961535662412643,0.0
1787251458.139147997,1787251458.138480425,state_stamped,-0.013169839978218079,0.06961535662412643,0.0
1787251458.141163826,1787251458.141168833,command,-0.013652444817125797,0.0678020492196083,0.0
1787251458.199095249,1787251458.199100733,state,-0.013285664841532707,0.06918016076087952,0.0
1787251458.199168205,1787251458.198480129,state_stamped,-0.013285664841532707,0.06918016076087952,0.0
1787251458.200945616,1787251458.200953484,command,-0.011083696037530899,0.06533311307430267,0.0
1787251458.269013405,1787251458.269018888,state,-0.012669113464653492,0.06810298562049866,0.0
1787251458.269087791,1787251458.268480301,state_stamped,-0.012669113464653492,0.06810298562049866,0.0
1787251458.271075249,1787251458.271080732,command,-0.00849065650254488,0.06288987398147583,0.0
1787251458.339095354,1787251458.339101076,state,-0.01149914413690567,0.06664331257343292,0.0
1787251458.339147806,1787251458.338480234,state_stamped,-0.01149914413690567,0.06664331257343292,0.0
1787251458.341124058,1787251458.341131687,command,-0.007034934591501951,0.06399814039468765,0.0
1787251458.398983240,1787251458.398989916,state,-0.010427739471197128,0.06600847095251083,0.0
1787251458.399047613,1787251458.398479939,state_stamped,-0.010427739471197128,0.06600847095251083,0.0
1787251458.401660681,1787251458.401669025,command,-0.006639160215854645,0.0646330714225769,0.0
1787251458.468981266,1787251458.468985319,state,-0.009366928599774837,0.06562335789203644,0.0
1787251458.469074011,1787251458.468480587,state_stamped,-0.009366928599774837,0.06562335789203644,0.0
1787251458.471213341,1787251458.471219778,command,-0.006520352326333523,0.06186734139919281,0.0
1787251458.539097309,1787251458.539103031,state,-0.008569889701902866,0.06457167863845825,0.0
1787251458.539149761,1787251458.538480282,state_stamped,-0.008569889701902866,0.06457167863845825,0.0
1787251458.541198015,1787251458.541203737,command,-0.0059674265794456005,0.06251464784145355,0.0
1787251458.599093199,1787251458.599098921,state,-0.007945297285914421,0.06407798826694489,0.0
1787251458.599151134,1787251458.598480463,state_stamped,-0.007945297285914421,0.06407798826694489,0.0
1787251458.601142645,1787251458.601148367,command,-0.006971478462219238,0.06337672472000122,0.0
1787251458.668996096,1787251458.669001102,state,-0.007672629319131374,0.06388163566589355,0.0
1787251458.669107199,1787251458.668480158,state_stamped,-0.007672629319131374,0.06388163566589355,0.0
1787251458.671124220,1787251458.671129704,command,-0.009089210070669651,0.06410697102546692,0.0
1787251458.739096880,1787251458.739102125,state,-0.008069274015724659,0.0639447271823883,0.0
1787251458.739148855,1787251458.738480568,state_stamped,-0.008069274015724659,0.0639447271823883,0.0
1787251458.741196394,1787251458.741201162,command,-0.0112803615629673,0.061022158712148666,0.0
1787251458.799095392,1787251458.799100399,state,-0.008839931339025497,0.0632433146238327,0.0
1787251458.799153090,1787251458.798480272,state_stamped,-0.008839931339025497,0.0632433146238327,0.0
1787251458.800829411,1787251458.800834656,command,-0.013084400445222855,0.06147492676973343,0.0
1787251458.869034767,1787251458.869040489,state,-0.01002837996929884,0.06274816393852234,0.0
1787251458.869149685,1787251458.868479967,state_stamped,-0.01002837996929884,0.06274816393852234,0.0
1787251458.871146441,1787251458.871151686,command,-0.016201211139559746,0.06719063222408295,0.0
1787251458.939095497,1787251458.939100981,state,-0.01175678614526987,0.06399206817150116,0.0
1787251458.939147711,1787251458.938480616,state_stamped,-0.01175678614526987,0.06399206817150116,0.0
1787251458.941219807,1787251458.941225052,command,-0.019582880660891533,0.06580165773630142,0.0
1787251458.998972416,1787251458.998978615,state,-0.01363502535969019,0.06442636251449585,0.0
1787251458.999092817,1787251458.998479843,state_stamped,-0.01363502535969019,0.06442636251449585,0.0
1787251459.001434565,1787251459.001441240,command,-0.020967992022633553,0.057179126888513565,0.0
1787251459.068868637,1787251459.068874598,state,-0.015688253566622734,0.06239713728427887,0.0
1787251459.068984747,1787251459.068479776,state_stamped,-0.015688253566622734,0.06239713728427887,0.0
1787251459.070783854,1787251459.070790052,command,-0.021290436387062073,0.05943171679973602,0.0
1787251459.138933420,1787251459.138939142,state,-0.017256874591112137,0.06156681478023529,0.0
1787251459.138985872,1787251459.138480186,state_stamped,-0.017256874591112137,0.06156681478023529,0.0
1787251459.141083241,1787251459.141088247,command,-0.017367782071232796,0.059801120311021805,0.0
1787251459.199075222,1787251459.199080944,state,-0.017283491790294647,0.061143048107624054,0.0
1787251459.199132204,1787251459.198479891,state_stamped,-0.017283491790294647,0.061143048107624054,0.0
1787251459.201112032,1787251459.201117277,command,-0.014040129259228706,0.05574379116296768,0.0
1787251459.269012213,1787251459.269017696,state,-0.01637534610927105,0.05963125079870224,0.0
1787251459.269125462,1787251459.268480301,state_stamped,-0.01637534610927105,0.05963125079870224,0.0
1787251459.271110773,1787251459.271116734,command,-0.012527214363217354,0.05610952153801918,0.0
1787251459.339076042,1787251459.339081526,state,-0.01529787015169859,0.05864516645669937,0.0
1787251459.339127302,1787251459.338480234,state_stamped,-0.01529787015169859,0.05864516645669937,0.0
1787251459.341147184,1787251459.341152430,command,-0.010692518204450607,0.05299605056643486,0.0
1787251459.398931503,1787251459.398936987,state,-0.014192585833370686,0.057289376854896545,0.0
1787251459.399042606,1787251459.398480177,state_stamped,-0.014192585833370686,0.057289376854896545,0.0
1787251459.401071548,1787251459.401077032,command,-0.007489022333174944,0.05440840497612953,0.0
1787251459.469009161,1787251459.469014645,state,-0.012315593659877777,0.0564827062189579,0.0
1787251459.469123840,1787251459.468480110,state_stamped,-0.012315593659877777,0.0564827062189579,0.0
1787251459.471124411,1787251459.471130848,command,-0.007606904022395611,0.05765128135681152,0.0
1787251459.539073706,1787251459.539079189,state,-0.010997149161994457,0.056809909641742706,0.0
1787251459.539126635,1787251459.538480520,state_stamped,-0.010997149161994457,0.056809909641742706,0.0
1787251459.541126728,1787251459.541133165,command,-0.005912225227802992,0.06021590530872345,0.0
1787251459.599075317,1787251459.599080801,state,-0.00977677758783102,0.05762734264135361,0.0
1787251459.599187613,1787251459.598480225,state_stamped,-0.00977677758783102,0.05762734264135361,0.0
1787251459.601144791,1787251459.601150274,command,-0.005695218686014414,0.06168319284915924,0.0
1787251459.669013977,1787251459.669019699,state,-0.008633939549326897,0.05876298248767853,0.0
1787251459.669129133,1787251459.668480158,state_stamped,-0.008633939549326897,0.05876298248767853,0.0
1787251459.671126842,1787251459.671132565,command,-0.01013835147023201,0.061840761452913284,0.0
1787251459.739088297,1787251459.739093781,state,-0.009055177681148052,0.05962476506829262,0.0
1787251459.739140511,1787251459.738480806,state_stamped,-0.009055177681148052,0.05962476506829262,0.0
1787251459.741183758,1787251459.741189957,command,-0.012401879765093327,0.05937235802412033,0.0
1787251459.799070835,1787251459.799075842,state,-0.009858379140496254,0.05956418812274933,0.0
1787251459.799129248,1787251459.798480272,state_stamped,-0.009858379140496254,0.05956418812274933,0.0
1787251459.801140070,1787251459.801145315,command,-0.013306275941431522,0.06000886484980583,0.0
1787251459.869011641,1787251459.869016886,state,-0.010823792777955532,0.05968869850039482,0.0
1787251459.869070530,1787251459.868480444,state_stamped,-0.010823792777955532,0.05968869850039482,0.0
1787251459.871087313,1787251459.871093988,command,-0.015411977656185627,0.06161602959036827,0.0
1787251459.939080715,1787251459.939086437,state,-0.012108481489121914,0.06022835150361061,0.0
1787251459.939194202,1787251459.938480139,state_stamped,-0.012108481489121914,0.06022835150361061,0.0
1787251459.941158295,1787251459.941164732,command,-0.016574999317526817,0.06256721168756485,0.0
1787251459.999119759,1787251459.999125957,state,-0.013180439360439777,0.060789674520492554,0.0
1787251459.999181986,1787251459.998479843,state_stamped,-0.013180439360439777,0.060789674520492554,0.0
1787251460.001365423,1787251460.001372337,command,-0.01841702312231064,0.055689383298158646,0.0
1787251460.069009781,1787251460.069014788,state,-0.014646690338850021,0.05936158448457718,0.0
1787251460.069069147,1787251460.068480253,state_stamped,-0.014646690338850021,0.05936158448457718,0.0
1787251460.071127653,1787251460.071132660,command,-0.01575123704969883,0.06038328632712364,0.0
1787251460.139081717,1787251460.139086962,state,-0.01495596393942833,0.059647660702466965,0.0
1787251460.139133692,1787251460.138480186,state_stamped,-0.01495596393942833,0.059647660702466965,0.0
1787251460.141160011,1787251460.141165257,command,-0.011854085139930248,0.060902222990989685,0.0
1787251460.199074984,1787251460.199080467,state,-0.014211512170732021,0.05994875729084015,0.0
1787251460.199134350,1787251460.198480368,state_stamped,-0.014211512170732021,0.05994875729084015,0.0
1787251460.201153278,1787251460.201157808,command,-0.00910794734954834,0.05960911512374878,0.0
1787251460.269008875,1787251460.269014359,state,-0.012782519683241844,0.05985365808010101,0.0
1787251460.269068003,1787251460.268480062,state_stamped,-0.012782519683241844,0.05985365808010101,0.0
1787251460.271074057,1787251460.271079063,command,-0.004425960127264261,0.06327831745147705,0.0
1787251460.339087009,1787251460.339092731,state,-0.010442652739584446,0.0608125738799572,0.0
1787251460.339139938,1787251460.338480949,state_stamped,-0.010442652739584446,0.0608125738799572,0.0
1787251460.341133118,1787251460.341136217,command,-0.0016373122343793511,0.06228255853056908,0.0
1787251460.398967266,1787251460.398971319,state,-0.008329400792717934,0.06116536632180214,0.0
1787251460.399012327,1787251460.398480177,state_stamped,-0.008329400792717934,0.06116536632180214,0.0
1787251460.401649714,1787251460.401654482,command,-0.0014083368005231023,0.06170051544904709,0.0
1787251460.469017267,1787251460.469023466,state,-0.006391496397554874,0.06131520867347717,0.0
1787251460.469076633,1787251460.468480349,state_stamped,-0.006391496397554874,0.06131520867347717,0.0
1787251460.471324921,1787251460.471331120,command,-0.002534810919314623,0.06568112969398499,0.0
1787251460.539141655,1787251460.538483858,state_stamped,-0.005311570130288601,0.06253772974014282,0.0
1787251460.539235115,1787251460.539242029,state,-0.005311570130288601,0.06253772974014282,0.0
1787251460.541243315,1787251460.541249037,command,-0.003722221590578556,0.06417819112539291,0.0
1787251460.599070311,1787251460.599075794,state,-0.004930149298161268,0.06293141841888428,0.0
1787251460.599182844,1787251460.598480225,state_stamped,-0.004930149298161268,0.06293141841888428,0.0
1787251460.601108074,1787251460.601111650,command,-0.005678994581103325,0.06374029815196991,0.0
1787251460.669014692,1787251460.668480158,state_stamped,-0.005139825399965048,0.06315790116786957,0.0
1787251460.669053793,1787251460.669059992,state,-0.005139825399965048,0.06315790116786957,0.0
1787251460.670791864,1787251460.670797825,command,-0.00970507226884365,0.06160029396414757,0.0
1787251460.739078760,1787251460.739085197,state,-0.006418110337108374,0.06272176653146744,0.0
1787251460.739135742,1787251460.738481045,state_stamped,-0.006418110337108374,0.06272176653146744,0.0
1787251460.741230965,1787251460.741234541,command,-0.01697981357574463,0.06221475824713707,0.0
1787251460.799130917,1787251460.799136400,state,-0.008952895179390907,0.06260008364915848,0.0
1787251460.799188137,1787251460.798480272,state_stamped,-0.008952895179390907,0.06260008364915848,0.0
1787251460.801224947,1787251460.801228285,command,-0.024363582953810692,0.06076829135417938,0.0
1787251460.869080782,1787251460.868480206,state_stamped,-0.0132678784430027,0.06208718195557594,0.0
1787251460.869143248,1787251460.869150639,state,-0.0132678784430027,0.06208718195557594,0.0
1787251460.871099472,1787251460.871103048,command,-0.03092825971543789,0.06406734883785248,0.0
1787251460.939079523,1787251460.939085484,state,-0.018213195726275444,0.0626416727900505,0.0
1787251460.939147949,1787251460.938486099,state_stamped,-0.018213195726275444,0.0626416727900505,0.0
1787251460.941167831,1787251460.941170931,command,-0.03578455001115799,0.060492344200611115,0.0
1787251460.999124050,1787251460.999130249,state,-0.022429892793297768,0.06212588772177696,0.0
1787251460.999186993,1787251460.998479843,state_stamped,-0.022429892793297768,0.06212588772177696,0.0
1787251461.001374245,1787251461.001378059,command,-0.03699569031596184,0.058630943298339844,0.0
1787251461.069032431,1787251461.069037914,state,-0.02650832198560238,0.0611473023891449,0.0
1787251461.069088221,1787251461.068480015,state_stamped,-0.02650832198560238,0.0611473023891449,0.0
1787251461.070868015,1787251461.070871353,command,-0.03597944974899292,0.06147224083542824,0.0
1787251461.139075756,1787251461.139081001,state,-0.029160240665078163,0.06123828515410423,0.0
1787251461.139126778,1787251461.138480186,state_stamped,-0.029160240665078163,0.06123828515410423,0.0
1787251461.141200542,1787251461.141203642,command,-0.03204653412103653,0.06515558063983917,0.0
1787251461.199070930,1787251461.199076653,state,-0.02985295280814171,0.062178436666727066,0.0
1787251461.199129581,1787251461.198480368,state_stamped,-0.02985295280814171,0.062178436666727066,0.0
1787251461.201164246,1787251461.201167107,command,-0.028179440647363663,0.0634404644370079,0.0
1787251461.269020557,1787251461.269026279,state,-0.029384367167949677,0.06253180652856827,0.0
1787251461.269079447,1787251461.268480539,state_stamped,-0.029384367167949677,0.06253180652856827,0.0
1787251461.270780563,1787251461.270783663,command,-0.024817747995257378,0.06329980492591858,0.0
1787251461.339068413,1787251461.339074135,state,-0.02810572274029255,0.06274684518575668,0.0
1787251461.339119911,1787251461.338479996,state_stamped,-0.02810572274029255,0.06274684518575668,0.0
1787251461.341135979,1787251461.341139317,command,-0.0168859101831913,0.05876658484339714,0.0
1787251461.399080753,1787251461.399085999,state,-0.025412950664758682,0.06179157644510269,0.0
1787251461.399137974,1787251461.398480415,state_stamped,-0.025412950664758682,0.06179157644510269,0.0
1787251461.401157379,1787251461.401160240,command,-0.008891726844012737,0.0555904246866703,0.0
1787251461.469008684,1787251461.469013691,state,-0.020787030458450317,0.060055263340473175,0.0
1787251461.469066381,1787251461.468480110,state_stamped,-0.020787030458450317,0.060055263340473175,0.0
1787251461.471103191,1787251461.471106052,command,-0.00046327686868608,0.06092621386051178,0.0
1787251461.539128542,1787251461.539134264,state,-0.015096340328454971,0.06029913201928139,0.0
1787251461.539181232,1787251461.538480520,state_stamped,-0.015096340328454971,0.06029913201928139,0.0
1787251461.541188240,1787251461.541192532,command,0.027422776445746422,0.19600118696689606,0.0
1787251461.599141121,1787251461.599146605,state,-0.004891842603683472,0.09286734461784363,0.0
1787251461.599199295,1787251461.598479986,state_stamped,-0.004891842603683472,0.09286734461784363,0.0
1787251461.601181269,1787251461.601185560,command,0.016516875475645065,0.06487730145454407,0.0
1787251461.669096947,1787251461.668480158,state_stamped,0.001102618407458067,0.08503010869026184,0.0
1787251461.669157267,1787251461.669165850,state,0.001102618407458067,0.08503010869026184,0.0
1787251461.671148062,1787251461.671151400,command,0.0070839147083461285,0.06022132188081741,0.0
1787251461.739131927,1787251461.739138126,state,0.002777381334453821,0.07808364927768707,0.0
1787251461.739188194,1787251461.738480330,state_stamped,0.002777381334453821,0.07808364927768707,0.0
1787251461.741183281,1787251461.741186380,command,0.006256170570850372,0.06393849849700928,0.0
1787251461.799135208,1787251461.799140930,state,0.00361228478141129,0.07468883693218231,0.0
1787251461.799194813,1787251461.798479795,state_stamped,0.00361228478141129,0.07468883693218231,0.0
1787251461.801152468,1787251461.801155329,command,0.008091223426163197,0.06444951891899109,0.0
1787251461.869015217,1787251461.869020939,state,0.00486639142036438,0.07182181626558304,0.0
1787251461.869074583,1787251461.868479967,state_stamped,0.00486639142036438,0.07182181626558304,0.0
1787251461.871165037,1787251461.871171236,command,0.025705624371767044,0.20099343359470367,0.0
1787251461.939075947,1787251461.939081430,state,0.010701395571231842,0.10798998177051544,0.0
1787251461.939132690,1787251461.938480377,state_stamped,0.010701395571231842,0.10798998177051544,0.0
1787251461.941171646,1787251461.941175699,command,0.0023190490901470184,0.053287822753190994,0.0
1787251461.999110460,1787251461.999116659,state,0.008689633570611477,0.0948614701628685,0.0
1787251461.999172688,1787251461.998480320,state_stamped,0.008689633570611477,0.0948614701628685,0.0
1787251462.001439333,1787251462.001445770,command,-0.011711995117366314,0.05844894051551819,0.0
1787251462.069015503,1787251462.069021463,state,0.002977187279611826,0.08466597646474838,0.0
1787251462.069074631,1787251462.068480015,state_stamped,0.002977187279611826,0.08466597646474838,0.0
1787251462.071180582,1787251462.071185827,command,-0.014959458261728287,0.05961444601416588,0.0
1787251462.139070988,1787251462.139076710,state,-0.002045066561549902,0.07765156030654907,0.0
1787251462.139120579,1787251462.138479948,state_stamped,-0.002045066561549902,0.07765156030654907,0.0
1787251462.141209364,1787251462.141214609,command,-0.015142827294766903,0.049722835421562195,0.0
1787251462.199073792,1787251462.199079514,state,-0.0051885442808270454,0.07094863057136536,0.0
1787251462.199191809,1787251462.198480368,state_stamped,-0.0051885442808270454,0.07094863057136536,0.0
1787251462.201164484,1787251462.201171398,command,0.005378177855163813,0.20033399760723114,0.0
1787251462.269009113,1787251462.269014835,state,-0.002229873323813081,0.10717639327049255,0.0
1787251462.269068241,1787251462.268480062,state_stamped,-0.002229873323813081,0.10717639327049255,0.0
1787251462.271085739,1787251462.271091223,command,-0.01520515326410532,0.06486334651708603,0.0
1787251462.339073420,1787251462.339079142,state,-0.005862941965460777,0.09532877057790756,0.0
1787251462.339121819,1787251462.338479757,state_stamped,-0.005862941965460777,0.09532877057790756,0.0
1787251462.341169834,1787251462.341176748,command,-0.024643365293741226,0.057597577571868896,0.0
1787251462.398991346,1787251462.399000406,state,-0.01037024985998869,0.08627326786518097,0.0
1787251462.399058580,1787251462.398479939,state_stamped,-0.01037024985998869,0.08627326786518097,0.0
1787251462.401591778,1787251462.401596069,command,-0.02345973625779152,0.054762087762355804,0.0
1787251462.469026804,1787251462.469032526,state,-0.014035318046808243,0.07745011150836945,0.0
1787251462.469144106,1787251462.468480110,state_stamped,-0.014035318046808243,0.07745011150836945,0.0
1787251462.471242189,1787251462.471246481,command,-0.01644619181752205,0.05951816216111183,0.0
1787251462.539082527,1787251462.539087772,state,-0.014710363000631332,0.07242916524410248,0.0
1787251462.539134264,1787251462.538480282,state_stamped,-0.014710363000631332,0.07242916524410248,0.0
1787251462.541195154,1787251462.541199446,command,-0.011216594837605953,0.06488297879695892,0.0
1787251462.599073887,1787251462.599079370,state,-0.013871856965124607,0.07061807811260223,0.0
1787251462.599133015,1787251462.598480225,state_stamped,-0.013871856965124607,0.07061807811260223,0.0
1787251462.601174355,1787251462.601178169,command,-0.008994637988507748,0.06861183047294617,0.0
1787251462.669002533,1787251462.669007778,state,-0.012506239116191864,0.07005632668733597,0.0
1787251462.669111967,1787251462.668480158,state_stamped,-0.012506239116191864,0.07005632668733597,0.0
1787251462.671234369,1787251462.671240091,command,-0.0069122109562158585,0.06758507341146469,0.0
1787251462.739076376,1787251462.739081383,state,-0.010939905419945717,0.06936437636613846,0.0
1787251462.739127159,1787251462.738480568,state_stamped,-0.010939905419945717,0.06936437636613846,0.0
1787251462.741223097,1787251462.741230011,command,0.017055079340934753,0.20705747604370117,0.0
1787251462.799070120,1787251462.799075365,state,-0.004221153445541859,0.10241050273180008,0.0
1787251462.799181461,1787251462.798480034,state_stamped,-0.004221153445541859,0.10241050273180008,0.0
1787251462.801131487,1787251462.801136971,command,-0.001680437009781599,0.06621314585208893,0.0
1787251462.869009972,1787251462.869014978,state,-0.003509750124067068,0.09227520227432251,0.0
1787251462.869123220,1787251462.868480444,state_stamped,-0.003509750124067068,0.09227520227432251,0.0
1787251462.870840788,1787251462.870846272,command,-0.011726428754627705,0.06490122526884079,0.0
1787251462.939069748,1787251462.939074755,state,-0.0058104051277041435,0.08461053669452667,0.0
1787251462.939121246,1787251462.938479900,state_stamped,-0.0058104051277041435,0.08461053669452667,0.0
1787251462.941193104,1787251462.941199064,command,-0.013707495294511318,0.05359876900911331,0.0
1787251462.999104023,1787251462.999110460,state,-0.007705708034336567,0.07716770470142365,0.0
1787251462.999225378,1787251462.998479843,state_stamped,-0.007705708034336567,0.07716770470142365,0.0
1787251463.001374483,1787251463.001381159,command,0.00790459755808115,0.20300322771072388,0.0
1787251463.069009066,1787251463.069014549,state,-0.003334797453135252,0.11240185797214508,0.0
1787251463.069123745,1787251463.068480253,state_stamped,-0.003334797453135252,0.11240185797214508,0.0
1787251463.070868015,1787251463.070876837,command,-0.012969553470611572,0.051895223557949066,0.0
1787251463.139061213,1787251463.139066458,state,-0.006032515317201614,0.09546008706092834,0.0
1787251463.139111519,1787251463.138479948,state_stamped,-0.006032515317201614,0.09546008706092834,0.0
1787251463.141207218,1787251463.141213417,command,-0.019432904198765755,0.059424448758363724,0.0
1787251463.199073792,1787251463.199079752,state,-0.00924861803650856,0.08681151270866394,0.0
1787251463.199189425,1787251463.198480129,state_stamped,-0.00924861803650856,0.08681151270866394,0.0
1787251463.201174021,1787251463.201180696,command,-0.017684131860733032,0.05209454521536827,0.0
1787251463.268999577,1787251463.269005060,state,-0.011610573157668114,0.07709071785211563,0.0
1787251463.269115210,1787251463.268480539,state_stamped,-0.011610573157668114,0.07709071785211563,0.0
1787251463.270863295,1787251463.270871639,command,-0.010055878199636936,0.06890495121479034,0.0
1787251463.339091539,1787251463.339096546,state,-0.011175258085131645,0.07479870319366455,0.0
1787251463.339139700,1787251463.338480473,state_stamped,-0.011175258085131645,0.07479870319366455,0.0
1787251463.341194391,1787251463.341200829,command,0.013982567936182022,0.20169948041439056,0.0
1787251463.399070263,1787251463.399075270,state,-0.005137457046657801,0.10525450110435486,0.0
1787251463.399122238,1787251463.398479700,state_stamped,-0.005137457046657801,0.10525450110435486,0.0
1787251463.401159286,1787251463.401164055,command,-0.0017252704128623009,0.06787030398845673,0.0
1787251463.469027281,1787251463.469033003,state,-0.004182036500424147,0.09478683769702911,0.0
1787251463.469081879,1787251463.468480349,state_stamped,-0.004182036500424147,0.09478683769702911,0.0
1787251463.470860720,1787251463.470865965,command,-0.006488789804279804,0.06548801809549332,0.0
1787251463.539071798,1787251463.539077044,state,-0.004827925935387611,0.08658318221569061,0.0
1787251463.539120197,1787251463.538480282,state_stamped,-0.004827925935387611,0.08658318221569061,0.0
1787251463.541207790,1787251463.541212559,command,-0.00920952670276165,0.05688364431262016,0.0
1787251463.599109888,1787251463.598479986,state_stamped,-0.005879506468772888,0.07945531606674194,0.0
1787251463.599160910,1787251463.599169016,state,-0.005879506468772888,0.07945531606674194,0.0
1787251463.601182938,1787251463.601188183,command,-0.0025792131200432777,0.06528506428003311,0.0
1787251463.669021845,1787251463.669030428,state,-0.004955422133207321,0.0754876360297203,0.0
1787251463.669083834,1787251463.668480158,state_stamped,-0.004955422133207321,0.0754876360297203,0.0
1787251463.670845747,1787251463.670850754,command,0.018579497933387756,0.20021823048591614,0.0
1787251463.739069700,1787251463.739074469,state,0.0016343272291123867,0.11041205376386642,0.0
1787251463.739120960,1787251463.738479853,state_stamped,0.0016343272291123867,0.11041205376386642,0.0
1787251463.741216183,1787251463.741221189,command,0.0009360449621453881,0.06447205692529678,0.0
1787251463.799083233,1787251463.799091339,state,0.0014667387586086988,0.09938640892505646,0.0
1787251463.799161673,1787251463.798480034,state_stamped,0.0014667387586086988,0.09938640892505646,0.0
1787251463.801155806,1787251463.801161766,command,-0.008792023174464703,0.06610237807035446,0.0
1787251463.869024277,1787251463.869032145,state,-0.001405708258971572,0.09006690233945847,0.0
1787251463.869087934,1787251463.868479967,state_stamped,-0.001405708258971572,0.09006690233945847,0.0
1787251463.870862007,1787251463.870867968,command,-0.011331691406667233,0.06026545539498329,0.0
1787251463.939157009,1787251463.938480377,state_stamped,-0.00418500229716301,0.0817224383354187,0.0
1787251463.939201593,1787251463.939206600,state,-0.00418500229716301,0.0817224383354187,0.0
1787251463.940936089,1787251463.940942764,command,-0.012902713380753994,0.05987543612718582,0.0
1787251463.999135494,1787251463.998485804,state_stamped,-0.006277439184486866,0.07647868990898132,0.0
1787251463.999183655,1787251463.999191761,state,-0.006277439184486866,0.07647868990898132,0.0
1787251464.001398563,1787251464.001403570,command,-0.010068931616842747,0.06185518577694893,0.0
1787251464.069033384,1787251464.068479776,state_stamped,-0.007338967174291611,0.07238445430994034,0.0
1787251464.069081068,1787251464.069089174,state,-0.007338967174291611,0.07238445430994034,0.0
1787251464.070914268,1787251464.070919275,command,0.009280783124268055,0.19632039964199066,0.0
1787251464.139052629,1787251464.138480425,state_stamped,-0.002685398329049349,0.10708680748939514,0.0
1787251464.139091015,1787251464.139096260,state,-0.002685398329049349,0.10708680748939514,0.0
1787251464.140960455,1787251464.140965700,command,-0.006442563142627478,0.057999227195978165,0.0
1787251464.199071646,1787251464.198480606,state_stamped,-0.0035871192812919617,0.09530577063560486,0.0
1787251464.199119806,1787251464.199128389,state,-0.0035871192812919617,0.09530577063560486,0.0
1787251464.201212883,1787251464.201218367,command,-0.017793430015444756,0.05863948538899422,0.0
1787251464.269015789,1787251464.269021749,state,-0.007564867381006479,0.08503925800323486,0.0
1787251464.269068003,1787251464.268480062,state_stamped,-0.007564867381006479,0.08503925800323486,0.0
1787251464.270927429,1787251464.270932674,command,-0.02141832374036312,0.0439225398004055,0.0
1787251464.339075089,1787251464.339079857,state,-0.01144383754581213,0.07352656871080399,0.0
1787251464.339121819,1787251464.338480234,state_stamped,-0.01144383754581213,0.07352656871080399,0.0
1787251464.341204405,1787251464.341209650,command,-0.01047569327056408,0.06931518763303757,0.0
1787251464.399085760,1787251464.399093866,state,-0.011211483739316463,0.07251583784818649,0.0
1787251464.399198294,1787251464.398480177,state_stamped,-0.011211483739316463,0.07251583784818649,0.0
1787251464.401258469,1787251464.401264429,command,-0.011521038599312305,0.0636633113026619,0.0
1787251464.469008684,1787251464.469018698,state,-0.011298159137368202,0.07003713399171829,0.0
1787251464.469060421,1787251464.468480110,state_stamped,-0.011298159137368202,0.07003713399171829,0.0
1787251464.471523762,1787251464.471528769,command,-0.007082351017743349,0.06607288867235184,0.0
1787251464.539158344,1787251464.539163589,state,-0.010117725469172001,0.06892713904380798,0.0
1787251464.539207220,1787251464.538480520,state_stamped,-0.010117725469172001,0.06892713904380798,0.0
1787251464.541193962,1787251464.541199923,command,-0.0022797416895627975,0.06528953462839127,0.0
1787251464.599120378,1787251464.599128485,state,-0.008236623369157314,0.06805411726236343,0.0
1787251464.599183083,1787251464.598479986,state_stamped,-0.008236623369157314,0.06805411726236343,0.0
1787251464.601290464,1787251464.601296902,command,-0.000568852701690048,0.06439628452062607,0.0
1787251464.669057846,1787251464.668479919,state_stamped,-0.0060896482318639755,0.0670299232006073,0.0
1787251464.669102669,1787251464.669110775,state,-0.0060896482318639755,0.0670299232006073,0.0
1787251464.670910120,1787251464.670916557,command,0.020985636860132217,0.20315508544445038,0.0
1787251464.739158869,1787251464.739163876,state,0.0014914446510374546,0.10514503717422485,0.0
1787251464.739204407,1787251464.738480091,state_stamped,0.0014914446510374546,0.10514503717422485,0.0
1787251464.741002560,1787251464.741008759,command,0.0006360494298860431,0.06278184801340103,0.0
1787251464.799129486,1787251464.799137831,state,0.0012861477443948388,0.09497777372598648,0.0
1787251464.799205542,1787251464.798480749,state_stamped,0.0012861477443948388,0.09497777372598648,0.0
1787251464.801001549,1787251464.801007032,command,-0.014370547607541084,0.06102753058075905,0.0
1787251464.868899822,1787251464.868905544,state,-0.003097682259976864,0.08547180145978928,0.0
1787251464.868948460,1787251464.868479967,state_stamped,-0.003097682259976864,0.08547180145978928,0.0
1787251464.870668888,1787251464.870674610,command,-0.014124725945293903,0.06472890824079514,0.0
1787251464.939102650,1787251464.938480616,state_stamped,-0.0061852820217609406,0.07966373860836029,0.0
1787251464.939141989,1787251464.939146996,state,-0.0061852820217609406,0.07966373860836029,0.0
1787251464.941236019,1787251464.941243887,command,-0.012761671096086502,0.053061146289110184,0.0
1787251464.999147177,1787251464.999155521,state,-0.007763612549751997,0.07327912747859955,0.0
1787251464.999213934,1787251464.998480558,state_stamped,-0.007763612549751997,0.07327912747859955,0.0
1787251465.001544476,1787251465.001548529,command,-0.0115921376273036,0.06108875200152397,0.0
1787251465.069186211,1787251465.069194555,state,-0.008835597895085812,0.06986583024263382,0.0
1787251465.069252014,1787251465.068480492,state_stamped,-0.008835597895085812,0.06986583024263382,0.0
1787251465.071339607,1787251465.071344852,command,-0.008031364530324936,0.0695231556892395,0.0
1787251465.139179230,1787251465.138480186,state_stamped,-0.00861041247844696,0.06976988166570663,0.0
1787251465.139269114,1787251465.139274597,state,-0.00861041247844696,0.06976988166570663,0.0
1787251465.141323805,1787251465.141329527,command,-0.008893905207514763,0.06994961202144623,0.0
1787251465.199172020,1787251465.198480368,state_stamped,-0.008678451180458069,0.06981302052736282,0.0
1787251465.199223995,1787251465.199233055,state,-0.008678451180458069,0.06981302052736282,0.0
1787251465.201237440,1787251465.201243162,command,-0.008751410990953445,0.06969776749610901,0.0
1787251465.268998861,1787251465.268480539,state_stamped,-0.00869887974113226,0.06978075206279755,0.0
1787251465.269045353,1787251465.269053698,state,-0.00869887974113226,0.06978075206279755,0.0
1787251465.270904541,1787251465.270910501,command,-0.008443910628557205,0.06680204719305038,0.0
1787251465.339067698,1787251465.339072704,state,-0.008627488277852535,0.0689467191696167,0.0
1787251465.339113951,1787251465.338480234,state_stamped,-0.008627488277852535,0.0689467191696167,0.0
1787251465.340872288,1787251465.340878487,command,-0.006319046951830387,0.06459910422563553,0.0
1787251465.399103403,1787251465.399112225,state,-0.00807346310466528,0.0679032951593399,0.0
1787251465.399209738,1787251465.398480177,state_stamped,-0.00807346310466528,0.0679032951593399,0.0
1787251465.400910139,1787251465.400914192,command,-0.0066844504326581955,0.0678531602025032,0.0
1787251465.469082117,1787251465.469090223,state,-0.007684539072215557,0.0678892582654953,0.0
1787251465.469162703,1787251465.468480110,state_stamped,-0.007684539072215557,0.0678892582654953,0.0
1787251465.470901012,1787251465.470906019,command,-0.005300820805132389,0.06709227710962296,0.0
1787251465.539065123,1787251465.539071083,state,-0.007017095573246479,0.06766610592603683,0.0
1787251465.539113522,1787251465.538480282,state_stamped,-0.007017095573246479,0.06766610592603683,0.0
1787251465.540925741,1787251465.540931702,command,-0.0016419935273006558,0.06619858741760254,0.0
1787251465.599077702,1787251465.599085808,state,-0.005727073643356562,0.06731390208005905,0.0
1787251465.599156618,1787251465.598480225,state_stamped,-0.005727073643356562,0.06731390208005905,0.0
1787251465.600897074,1787251465.600902796,command,-0.0011110156774520874,0.06802603602409363,0.0
1787251465.669091702,1787251465.668480158,state_stamped,-0.0044345795176923275,0.06751330196857452,0.0
1787251465.669142246,1787251465.669150829,state,-0.0044345795176923275,0.06751330196857452,0.0
1787251465.670941591,1787251465.670946836,command,-0.004095767624676228,0.06513730436563492,0.0
1787251465.739108324,1787251465.738480568,state_stamped,-0.004339711740612984,0.0668480172753334,0.0
1787251465.739152193,1787251465.739157200,state,-0.004339711740612984,0.0668480172753334,0.0
1787251465.740815401,1787251465.740822077,command,-0.006304956506937742,0.06652845442295074,0.0
1787251465.799100876,1787251465.798480034,state_stamped,-0.004811367020010948,0.06677132099866867,0.0
1787251465.799211740,1787251465.799220324,state,-0.004811367020010948,0.06677132099866867,0.0
1787251465.800837517,1787251465.800844431,command,-0.008909471333026886,0.06521297991275787,0.0
1787251465.869118452,1787251465.868480206,state_stamped,-0.005958836525678635,0.06633498519659042,0.0
1787251465.869187593,1787251465.869195461,state,-0.005958836525678635,0.06633498519659042,0.0
1787251465.870900393,1787251465.870905876,command,-0.018625345081090927,0.048649802803993225,0.0
1787251465.939085722,1787251465.938479900,state_stamped,-0.009505447931587696,0.06138315051794052,0.0
1787251465.939135075,1787251465.939143181,state,-0.009505447931587696,0.06138315051794052,0.0
1787251465.940959692,1787251465.940966129,command,-0.022256646305322647,0.06725402921438217,0.0
1787251465.999150753,1787251465.998480320,state_stamped,-0.012565757147967815,0.06279217451810837,0.0
1787251465.999199629,1787251465.999208927,state,-0.012565757147967815,0.06279217451810837,0.0
1787251466.001106739,1787251466.001113176,command,-0.029439827427268028,0.06302884966135025,0.0
1787251466.069056034,1787251466.068480253,state_stamped,-0.01729048788547516,0.06285843998193741,0.0
1787251466.069107294,1787251466.069115639,state,-0.01729048788547516,0.06285843998193741,0.0
1787251466.070981264,1787251466.070987701,command,-0.03380606696009636,0.06378311663866043,0.0
1787251466.139103651,1787251466.138480186,state_stamped,-0.021914850920438766,0.06311734765768051,0.0
1787251466.139159441,1787251466.139169931,state,-0.021914850920438766,0.06311734765768051,0.0
1787251466.140961647,1787251466.140967607,command,-0.03675581514835358,0.06326010823249817,0.0
1787251466.199093580,1787251466.198479891,state_stamped,-0.025476666167378426,0.06315161287784576,0.0
1787251466.199141026,1787251466.199149609,state,-0.025476666167378426,0.06315161287784576,0.0
1787251466.200907707,1787251466.200911283,command,-0.03611420467495918,0.05922148376703262,0.0
1787251466.269049406,1787251466.268480062,state_stamped,-0.028455184772610664,0.06205117329955101,0.0
1787251466.269099236,1787251466.269107819,state,-0.028455184772610664,0.06205117329955101,0.0
1787251466.270913124,1787251466.270916462,command,-0.03498811647295952,0.05939340963959694,0.0
1787251466.339103222,1787251466.338479996,state_stamped,-0.030284404754638672,0.06130699813365936,0.0
1787251466.339155197,1787251466.339163065,state,-0.030284404754638672,0.06130699813365936,0.0
1787251466.340911388,1787251466.340914488,command,-0.029530681669712067,0.06299441307783127,0.0
1787251466.399097204,1787251466.398480415,state_stamped,-0.03010351024568081,0.061711978167295456,0.0
1787251466.399145126,1787251466.399153471,state,-0.03010351024568081,0.061711978167295456,0.0
1787251466.400919914,1787251466.400922775,command,-0.028597423806786537,0.063046395778656,0.0
1787251466.468901396,1787251466.468909979,state,-0.02968180552124977,0.06208561360836029,0.0
1787251466.468965054,1787251466.468480349,state_stamped,-0.02968180552124977,0.06208561360836029,0.0
1787251466.471531868,1787251466.471536398,command,-0.02250547893345356,0.05979350209236145,0.0
1787251466.539102554,1787251466.538480520,state_stamped,-0.027672430500388145,0.06144382059574127,0.0
1787251466.539151907,1787251466.539159775,state,-0.027672430500388145,0.06144382059574127,0.0
1787251466.541051626,1787251466.541056871,command,-0.012529411353170872,0.05792541429400444,0.0
1787251466.599098921,1787251466.598484039,state_stamped,-0.024037890136241913,0.06059935316443443,0.0
1787251466.599144220,1787251466.599152088,state,-0.024037890136241913,0.06059935316443443,0.0
1787251466.600951910,1787251466.600957394,command,-0.005612043663859367,0.059407204389572144,0.0
1787251466.669053793,1787251466.668479919,state_stamped,-0.018878944218158722,0.060265570878982544,0.0
1787251466.669100285,1787251466.669108152,state,-0.018878944218158722,0.060265570878982544,0.0
1787251466.670928955,1787251466.670934677,command,0.023272719234228134,0.19644521176815033,0.0
1787251466.739108324,1787251466.738479853,state_stamped,-0.00707649439573288,0.09839581698179245,0.0
1787251466.739157677,1787251466.739165783,state,-0.00707649439573288,0.09839581698179245,0.0
1787251466.740964651,1787251466.740970612,command,0.012907160446047783,0.06635450571775436,0.0
1787251466.799115419,1787251466.798480034,state_stamped,-0.002280409447848797,0.09070588648319244,0.0
1787251466.799161196,1787251466.799169064,state,-0.002280409447848797,0.09070588648319244,0.0
1787251466.800839663,1787251466.800843477,command,0.0016230614855885506,0.05797449126839638,0.0
1787251466.869055271,1787251466.868479967,state_stamped,-0.0011874372139573097,0.08154109120368958,0.0
1787251466.869102240,1787251466.869110823,state,-0.0011874372139573097,0.08154109120368958,0.0
1787251466.870926380,1787251466.870930195,command,0.0013882850762456656,0.06128186360001564,0.0
1787251466.939088106,1787251466.938480139,state_stamped,-0.0004662338178604841,0.07586850225925446,0.0
1787251466.939136744,1787251466.939144611,state,-0.0004662338178604841,0.07586850225925446,0.0
1787251466.940973997,1787251466.940978289,command,0.005939715076237917,0.06674863398075104,0.0
1787251466.999114990,1787251466.998480558,state_stamped,0.0010712043149396777,0.07367971539497375,0.0
1787251466.999163628,1787251466.999171734,state,0.0010712043149396777,0.07367971539497375,0.0
1787251467.001215219,1787251467.001221180,command,0.008560587652027607,0.06357331573963165,0.0
1787251467.069053173,1787251467.068480253,state_stamped,0.0031682252883911133,0.0708499327301979,0.0
1787251467.069098234,1787251467.069106579,state,0.0031682252883911133,0.0708499327301979,0.0
1787251467.070972204,1787251467.070977688,command,0.027942439541220665,0.20726516842842102,0.0
1787251467.139082670,1787251467.138480663,state_stamped,0.010105034336447716,0.10904635488986969,0.0
1787251467.139131308,1787251467.139139414,state,0.010105034336447716,0.10904635488986969,0.0
1787251467.140955687,1787251467.140961647,command,0.024677924811840057,0.20351774990558624,0.0
1787251467.199086189,1787251467.198480129,state_stamped,0.013602502644062042,0.13171932101249695,0.0
1787251467.199131966,1787251467.199140072,state,0.013602502644062042,0.13171932101249695,0.0
1787251467.200998545,1787251467.201004982,command,0.017262933775782585,0.20058540999889374,0.0
1787251467.269053221,1787251467.268480062,state_stamped,0.014627419412136078,0.15100175142288208,0.0
1787251467.269099474,1787251467.269108057,state,0.014627419412136078,0.15100175142288208,0.0
1787251467.270949364,1787251467.270955086,command,-0.0016761906445026398,0.22296978533267975,0.0
1787251467.339092016,1787251467.338479996,state_stamped,0.010062404908239841,0.17115281522274017,0.0
1787251467.339140415,1787251467.339148998,state,0.010062404908239841,0.17115281522274017,0.0
1787251467.340936661,1787251467.340942383,command,-0.011570832692086697,0.21579720079898834,0.0
1787251467.399085522,1787251467.398480177,state_stamped,0.004870415665209293,0.18186749517917633,0.0
1787251467.399132252,1787251467.399140358,state,0.004870415665209293,0.18186749517917633,0.0
1787251467.400937319,1787251467.400943041,command,-0.020681360736489296,0.22227652370929718,0.0
1787251467.469147444,1787251467.468480110,state_stamped,-0.002284078858792782,0.19318202137947083,0.0
1787251467.469202995,1787251467.469211102,state,-0.002284078858792782,0.19318202137947083,0.0
1787251467.471045017,1787251467.471050262,command,-0.02413003519177437,0.21893148124217987,0.0
1787251467.539177418,1787251467.539183378,state,-0.008401274681091309,0.20039226114749908,0.0
1787251467.539227962,1787251467.538483858,state_stamped,-0.008401274681091309,0.20039226114749908,0.0
1787251467.541067362,1787251467.541072369,command,-0.018740827217698097,0.22936458885669708,0.0
1787251467.599092245,1787251467.598480701,state_stamped,-0.010882632806897163,0.20734524726867676,0.0
1787251467.599200010,1787251467.599208355,state,-0.010882632806897163,0.20734524726867676,0.0
1787251467.601004362,1787251467.601010323,command,-0.039106663316488266,0.07229870557785034,0.0
1787251467.669056654,1787251467.668480158,state_stamped,-0.01878531090915203,0.16953244805335999,0.0
1787251467.669171810,1787251467.669179916,state,-0.01878531090915203,0.16953244805335999,0.0
1787251467.670988321,1787251467.670994520,command,-0.029913626611232758,0.06645230203866959,0.0
1787251467.739076614,1787251467.738480568,state_stamped,-0.02190125547349453,0.14066985249519348,0.0
1787251467.739120245,1787251467.739128351,state,-0.02190125547349453,0.14066985249519348,0.0
1787251467.740934134,1787251467.740940332,command,0.00793660432100296,0.2080117017030716,0.0
1787251467.799119473,1787251467.798480511,state_stamped,-0.014740191400051117,0.15683184564113617,0.0
1787251467.799164534,1787251467.799172878,state,-0.014740191400051117,0.15683184564113617,0.0
1787251467.800956011,1787251467.800963163,command,0.005187718663364649,0.06692919135093689,0.0
1787251467.869137049,1787251467.869145393,state,-0.00916040688753128,0.13165923953056335,0.0
1787251467.869251490,1787251467.868479967,state_stamped,-0.00916040688753128,0.13165923953056335,0.0
1787251467.870972395,1787251467.870978594,command,0.012172873131930828,0.0602826252579689,0.0
1787251467.939142942,1787251467.938482046,state_stamped,-0.003186924383044243,0.11167323589324951,0.0
1787251467.939206839,1787251467.939214945,state,-0.003186924383044243,0.11167323589324951,0.0
1787251467.940931082,1787251467.940935373,command,0.023795295506715775,0.06667990982532501,0.0
1787251467.999108553,1787251467.998480797,state_stamped,0.003288679290562868,0.10087504982948303,0.0
1787251467.999155760,1787251467.999164581,state,0.003288679290562868,0.10087504982948303,0.0
1787251468.001119375,1787251468.001123667,command,0.0332506038248539,0.06698266416788101,0.0
1787251468.069052219,1787251468.068480492,state_stamped,0.011677982285618782,0.09138522297143936,0.0
1787251468.069097996,1787251468.069106579,state,0.011677982285618782,0.09138522297143936,0.0
1787251468.071007490,1787251468.071013451,command,0.0393279604613781,0.06903830915689468,0.0
1787251468.139075041,1787251468.138480663,state_stamped,0.019419988617300987,0.08512807637453079,0.0
1787251468.139118433,1787251468.139126539,state,0.019419988617300987,0.08512807637453079,0.0
1787251468.140927553,1787251468.140933990,command,0.06309039890766144,0.1990116834640503,0.0
1787251468.199168205,1787251468.199176073,state,0.02990087680518627,0.11246011406183243,0.0
1787251468.199275017,1787251468.198480606,state_stamped,0.02990087680518627,0.11246011406183243,0.0
1787251468.201036215,1787251468.201041460,command,0.04316778481006622,0.06442154943943024,0.0
1787251468.268949032,1787251468.268480301,state_stamped,0.0336156040430069,0.09900934249162674,0.0
1787251468.269052744,1787251468.269061089,state,0.0336156040430069,0.09900934249162674,0.0
1787251468.270838976,1787251468.270844936,command,0.02868633344769478,0.06655912101268768,0.0
1787251468.339045525,1787251468.338480234,state_stamped,0.032235413789749146,0.08992330729961395,0.0
1787251468.339088678,1787251468.339096546,state,0.032235413789749146,0.08992330729961395,0.0
1787251468.340948105,1787251468.340954304,command,0.0228583887219429,0.06600438058376312,0.0
1787251468.398982048,1787251468.398479939,state_stamped,0.029984932392835617,0.08418277651071548,0.0
1787251468.399090528,1787251468.399098873,state,0.029984932392835617,0.08418277651071548,0.0
1787251468.400895596,1787251468.400900602,command,0.0371469222009182,0.20247234404087067,0.0
1787251468.468897820,1787251468.468907833,state,0.031990282237529755,0.1173037514090538,0.0
1787251468.468967199,1787251468.468479872,state_stamped,0.031990282237529755,0.1173037514090538,0.0
1787251468.471574545,1787251468.471579790,command,0.006001967471092939,0.05771312117576599,0.0
1787251468.539087534,1787251468.538480282,state_stamped,0.024713512510061264,0.10061828047037125,0.0
1787251468.539132118,1787251468.539140701,state,0.024713512510061264,0.10061828047037125,0.0
1787251468.541045427,1787251468.541053295,command,-0.007850402034819126,0.05881967768073082,0.0
1787251468.599086761,1787251468.598479748,state_stamped,0.01689821667969227,0.09058666974306107,0.0
1787251468.599152088,1787251468.599161386,state,0.01689821667969227,0.09058666974306107,0.0
1787251468.601017952,1787251468.601024151,command,-0.014766997657716274,0.06917344778776169,0.0
1787251468.669088602,1787251468.669095993,state,0.008031932637095451,0.08459094911813736,0.0
1787251468.669153214,1787251468.668480158,state_stamped,0.008031932637095451,0.08459094911813736,0.0
1787251468.671133757,1787251468.671139240,command,-0.02019525319337845,0.06945296376943588,0.0
1787251468.739061832,1787251468.739068985,state,0.0001282859593629837,0.0803522914648056,0.0
1787251468.739117861,1787251468.738480330,state_stamped,0.0001282859593629837,0.0803522914648056,0.0
1787251468.741313934,1787251468.741320372,command,-0.02168370969593525,0.06930805742740631,0.0
1787251468.799061775,1787251468.799066544,state,-0.005106599535793066,0.07770167291164398,0.0
1787251468.799116611,1787251468.798480511,state_stamped,-0.005106599535793066,0.07770167291164398,0.0
1787251468.800961256,1787251468.800967932,command,-0.023605607450008392,0.06897164136171341,0.0
1787251468.869015694,1787251468.869023561,state,-0.010286321863532066,0.07525726407766342,0.0
1787251468.869080544,1787251468.868480444,state_stamped,-0.010286321863532066,0.07525726407766342,0.0
1787251468.870973110,1787251468.870979071,command,-0.022912070155143738,0.06767452508211136,0.0
1787251468.939073324,1787251468.939080954,state,-0.013821523636579514,0.07313410192728043,0.0
1787251468.939128876,1787251468.938480377,state_stamped,-0.013821523636579514,0.07313410192728043,0.0
1787251468.940926552,1787251468.940933466,command,-0.022274557501077652,0.06758245080709457,0.0
1787251468.999114513,1787251468.999122381,state,-0.015850260853767395,0.07180169969797134,0.0
1787251468.999171019,1787251468.998480558,state_stamped,-0.015850260853767395,0.07180169969797134,0.0
1787251469.001139641,1787251469.001146078,command,-0.02256569266319275,0.06746862083673477,0.0
1787251469.069018602,1787251469.069025993,state,-0.017730576917529106,0.07058843970298767,0.0
1787251469.069084644,1787251469.068480492,state_stamped,-0.017730576917529106,0.07058843970298767,0.0
1787251469.071333885,1787251469.071340084,command,-0.02076694183051586,0.06679054349660873,0.0
1787251469.139083862,1787251469.139091730,state,-0.018580757081508636,0.06952503323554993,0.0
1787251469.139140368,1787251469.138480186,state_stamped,-0.018580757081508636,0.06952503323554993,0.0
1787251469.141348839,1787251469.141355276,command,-0.019233956933021545,0.06617899239063263,0.0
1787251469.199096680,1787251469.199104309,state,-0.01873752474784851,0.06872197985649109,0.0
1787251469.199166298,1787251469.198480368,state_stamped,-0.01873752474784851,0.06872197985649109,0.0
1787251469.201021910,1787251469.201028347,command,-0.01906207576394081,0.0603155642747879,0.0
1787251469.269009113,1787251469.269016743,state,-0.01882839761674404,0.06636819988489151,0.0
1787251469.269120693,1787251469.268480062,state_stamped,-0.01882839761674404,0.06636819988489151,0.0
1787251469.270963907,1787251469.270968914,command,-0.017331751063466072,0.06288079917430878,0.0
1787251469.339031458,1787251469.339039564,state,-0.018409335985779762,0.06539172679185867,0.0
1787251469.339090109,1787251469.338480234,state_stamped,-0.018409335985779762,0.06539172679185867,0.0
1787251469.340880632,1787251469.340886116,command,-0.016965143382549286,0.06559167057275772,0.0
1787251469.399061918,1787251469.399069548,state,-0.018062731251120567,0.06543971598148346,0.0
1787251469.399121523,1787251469.398479939,state_stamped,-0.018062731251120567,0.06543971598148346,0.0
1787251469.400934219,1787251469.400939226,command,-0.017333578318357468,0.06649928539991379,0.0
1787251469.469028234,1787251469.469036102,state,-0.01785856857895851,0.06573639810085297,0.0
1787251469.469098330,1787251469.468479872,state_stamped,-0.01785856857895851,0.06573639810085297,0.0
1787251469.470893860,1787251469.470898867,command,-0.01590893045067787,0.06798713654279709,0.0
1787251469.539056540,1787251469.539064169,state,-0.0173126682639122,0.06636660546064377,0.0
1787251469.539111376,1787251469.538480282,state_stamped,-0.0173126682639122,0.06636660546064377,0.0
1787251469.540936470,1787251469.540941715,command,-0.012598412111401558,0.06263351440429688,0.0
1787251469.599066019,1787251469.599073648,state,-0.01618124544620514,0.06547065824270248,0.0
1787251469.599131584,1787251469.598480225,state_stamped,-0.01618124544620514,0.06547065824270248,0.0
1787251469.601257563,1787251469.601263523,command,-0.012285416945815086,0.06452880054712296,0.0
1787251469.669024706,1787251469.669032335,state,-0.015090418048202991,0.06520693749189377,0.0
1787251469.669139385,1787251469.668479919,state_stamped,-0.015090418048202991,0.06520693749189377,0.0
1787251469.670862198,1787251469.670868397,command,-0.01276271604001522,0.0648985281586647,0.0
1787251469.739091635,1787251469.739099503,state,-0.014438661746680737,0.06512058526277542,0.0
1787251469.739150047,1787251469.738479853,state_stamped,-0.014438661746680737,0.06512058526277542,0.0
1787251469.740952730,1787251469.740958452,command,-0.01282413024455309,0.06484058499336243,0.0
1787251469.799084902,1787251469.799092770,state,-0.014051170088350773,0.06505338102579117,0.0
1787251469.799151659,1787251469.798480511,state_stamped,-0.014051170088350773,0.06505338102579117,0.0
1787251469.800938845,1787251469.800943375,command,-0.013704006560146809,0.0635002925992012,0.0
1787251469.869030476,1787251469.869038105,state,-0.013953965157270432,0.06461852043867111,0.0
1787251469.869100571,1787251469.868479967,state_stamped,-0.013953965157270432,0.06461852043867111,0.0
1787251469.870905638,1787251469.870911837,command,-0.013505538925528526,0.062145307660102844,0.0
1787251469.939102650,1787251469.939110518,state,-0.013828405179083347,0.06392601877450943,0.0
1787251469.939158678,1787251469.938480377,state_stamped,-0.013828405179083347,0.06392601877450943,0.0
1787251469.940986156,1787251469.940990448,command,-0.01092429831624031,0.06497650593519211,0.0
1787251469.999143124,1787251469.998480558,state_stamped,-0.013131417334079742,0.06417813897132874,0.0
1787251469.999194145,1787251469.999202013,state,-0.013131417334079742,0.06417813897132874,0.0
1787251470.001186848,1787251470.001190901,command,-0.009050271473824978,0.06276997923851013,0.0
1787251470.069040298,1787251470.068480253,state_stamped,-0.011988703161478043,0.06378385424613953,0.0
1787251470.069102287,1787251470.069109678,state,-0.011988703161478043,0.06378385424613953,0.0
1787251470.070949316,1787251470.070955515,command,-0.00445468770340085,0.06163427233695984,0.0
1787251470.139224529,1787251470.138480186,state_stamped,-0.009879181161522865,0.06318197399377823,0.0
1787251470.139273643,1787251470.139282465,state,-0.009879181161522865,0.06318197399377823,0.0
1787251470.141060591,1787251470.141066074,command,-0.0011341882636770606,0.06168695166707039,0.0
1787251470.199155569,1787251470.199162960,state,-0.0077803730964660645,0.06282316893339157,0.0
1787251470.199221849,1787251470.198480368,state_stamped,-0.0077803730964660645,0.06282316893339157,0.0
1787251470.201024532,1787251470.201029539,command,0.02070203796029091,0.20797768235206604,0.0
1787251470.269066334,1787251470.269073963,state,0.00019464269280433655,0.10346612334251404,0.0
1787251470.269152403,1787251470.268479824,state_stamped,0.00019464269280433655,0.10346612334251404,0.0
1787251470.270942211,1787251470.270947218,command,0.021215636283159256,0.2212381362915039,0.0
1787251470.339147329,1787251470.339154959,state,0.006080534774810076,0.1364423632621765,0.0
1787251470.339259148,1787251470.338479996,state_stamped,0.006080534774810076,0.1364423632621765,0.0
1787251470.341031313,1787251470.341037989,command,0.013119461014866829,0.21336574852466583,0.0
1787251470.399094105,1787251470.399101496,state,0.007769888266921043,0.1549040973186493,0.0
1787251470.399197102,1787251470.398480415,state_stamped,0.007769888266921043,0.1549040973186493,0.0
1787251470.400926352,1787251470.400931358,command,-0.028903966769576073,0.0618799552321434,0.0
1787251470.468972683,1787251470.468480110,state_stamped,-0.002498759888112545,0.12885741889476776,0.0
1787251470.469017029,1787251470.469026327,state,-0.002498759888112545,0.12885741889476776,0.0
1787251470.471641064,1787251470.471645594,command,-0.01648428663611412,0.20495550334453583,0.0
1787251470.539131165,1787251470.539134979,state,-0.006414728704839945,0.15016499161720276,0.0
1787251470.539165497,1787251470.538480520,state_stamped,-0.006414728704839945,0.15016499161720276,0.0
1787251470.541146517,1787251470.541153193,command,-0.014879778027534485,0.20895405113697052,0.0
1787251470.599145412,1787251470.598480701,state_stamped,-0.0084463432431221,0.16427437961101532,0.0
1787251470.599245071,1787251470.599254608,state,-0.0084463432431221,0.16427437961101532,0.0
1787251470.601078749,1787251470.601084709,command,-0.018653906881809235,0.2087106853723526,0.0
1787251470.669062853,1787251470.668480158,state_stamped,-0.011304442770779133,0.17671646177768707,0.0
1787251470.669162750,1787251470.669172525,state,-0.011304442770779133,0.17671646177768707,0.0
1787251470.670979023,1787251470.670984268,command,-0.020995208993554115,0.2029002159833908,0.0
1787251470.739084482,1787251470.738480568,state_stamped,-0.014017868787050247,0.18404793739318848,0.0
1787251470.739124060,1787251470.739129066,state,-0.014017868787050247,0.18404793739318848,0.0
1787251470.741017342,1787251470.741023540,command,-0.015404115431010723,0.21355383098125458,0.0
1787251470.799093008,1787251470.798480034,state_stamped,-0.01435056608170271,0.19112931191921234,0.0
1787251470.799136400,1787251470.799144983,state,-0.01435056608170271,0.19112931191921234,0.0
1787251470.800961971,1787251470.800968409,command,-0.008413341827690601,0.2086048424243927,0.0
1787251470.869075298,1787251470.868479967,state_stamped,-0.012688147835433483,0.19602245092391968,0.0
1787251470.869181395,1787251470.869189739,state,-0.012688147835433483,0.19602245092391968,0.0
1787251470.870940208,1787251470.870946646,command,-0.022987473756074905,0.06739263236522675,0.0
1787251470.939092636,1787251470.939098120,state,-0.0155719555914402,0.16000613570213318,0.0
1787251470.939147472,1787251470.938479900,state_stamped,-0.0155719555914402,0.16000613570213318,0.0
1787251470.941006899,1787251470.941013098,command,-0.01298342365771532,0.07138301432132721,0.0
1787251470.998983860,1787251470.998991966,state,-0.014950703829526901,0.13873645663261414,0.0
1787251470.999049664,1787251470.998480082,state_stamped,-0.014950703829526901,0.13873645663261414,0.0
1787251471.000957251,1787251471.000964165,command,0.020746177062392235,0.19911715388298035,0.0
1787251471.069022417,1787251471.068480015,state_stamped,-0.004955606535077095,0.15564300119876862,0.0
1787251471.069124937,1787251471.069132805,state,-0.004955606535077095,0.15564300119876862,0.0
1787251471.070958376,1787251471.070964575,command,0.014643007889389992,0.06893128156661987,0.0
1787251471.139084578,1787251471.139089584,state,0.0005320273339748383,0.1313636302947998,0.0
1787251471.139143467,1787251471.138480186,state_stamped,0.0005320273339748383,0.1313636302947998,0.0
1787251471.140988827,1787251471.140995264,command,0.021423431113362312,0.058421507477760315,0.0
1787251471.199091911,1787251471.199099541,state,0.005545973312109709,0.11385749280452728,0.0
1787251471.199156523,1787251471.198480368,state_stamped,0.005545973312109709,0.11385749280452728,0.0
1787251471.200996161,1787251471.201002836,command,0.02911810390651226,0.06475094705820084,0.0
1787251471.269034386,1787251471.268480301,state_stamped,0.012146159075200558,0.10010768473148346,0.0
1787251471.269080639,1787251471.269089460,state,0.012146159075200558,0.10010768473148346,0.0
1787251471.270971060,1787251471.270977974,command,0.03663703054189682,0.06164756417274475,0.0
1787251471.339039087,1787251471.338480234,state_stamped,0.019003603607416153,0.08933885395526886,0.0
1787251471.339081526,1787251471.339088202,state,0.019003603607416153,0.08933885395526886,0.0
1787251471.340935469,1787251471.340941906,command,0.0410350002348423,0.07083606719970703,0.0
1787251471.399074793,1787251471.398480415,state_stamped,0.024291150271892548,0.08489817380905151,0.0
1787251471.399119377,1787251471.399127483,state,0.024291150271892548,0.08489817380905151,0.0
1787251471.400930882,1787251471.400936604,command,0.04584483802318573,0.07403238862752914,0.0
1787251471.469032049,1787251471.468480349,state_stamped,0.030326176434755325,0.08185575902462006,0.0
1787251471.469077587,1787251471.469085693,state,0.030326176434755325,0.08185575902462006,0.0
1787251471.470949650,1787251471.470955610,command,0.060156263411045074,0.19821250438690186,0.0
1787251471.539055109,1787251471.538480043,state_stamped,0.038678571581840515,0.11443553119897842,0.0
1787251471.539097309,1787251471.539103508,state,0.038678571581840515,0.11443553119897842,0.0
1787251471.540950537,1787251471.540957212,command,0.03363943472504616,0.059413809329271317,0.0
1787251471.599069834,1787251471.598479986,state_stamped,0.037469178438186646,0.10123033076524734,0.0
1787251471.599108458,1787251471.599116564,state,0.037469178438186646,0.10123033076524734,0.0
1787251471.600942135,1787251471.600948334,command,0.019565891474485397,0.06398484110832214,0.0
1787251471.669023991,1787251471.668480158,state_stamped,0.03245624527335167,0.09080156683921814,0.0
1787251471.669062138,1787251471.669072151,state,0.03245624527335167,0.09080156683921814,0.0
1787251471.670921803,1787251471.670928240,command,0.0062674880027771,0.06678738445043564,0.0
1787251471.739046097,1787251471.738480330,state_stamped,0.025123370811343193,0.08407757431268692,0.0
1787251471.739081383,1787251471.739087820,state,0.025123370811343193,0.08407757431268692,0.0
1787251471.740996361,1787251471.741004467,command,1.4246871614886913e-05,0.07150858640670776,0.0
1787251471.799076796,1787251471.798480272,state_stamped,0.019097181037068367,0.08106102049350739,0.0
1787251471.799122095,1787251471.799130678,state,0.019097181037068367,0.08106102049350739,0.0
1787251471.800985098,1787251471.800993204,command,-0.0060442774556577206,0.07272851467132568,0.0
1787251471.869068861,1787251471.868480444,state_stamped,0.012057578191161156,0.07872792333364487,0.0
1787251471.869113922,1787251471.869122028,state,0.012057578191161156,0.07872792333364487,0.0
1787251471.871006489,1787251471.871011257,command,-0.011449147947132587,0.0720008835196495,0.0
1787251471.939063549,1787251471.938480377,state_stamped,0.005475684069097042,0.07684434950351715,0.0
1787251471.939105988,1787251471.939112663,state,0.005475684069097042,0.07684434950351715,0.0
1787251471.941031694,1787251471.941038609,command,-0.015323766507208347,0.07045771926641464,0.0
1787251471.999095440,1787251471.998480320,state_stamped,0.00048382440581917763,0.0753115639090538,0.0
1787251471.999142170,1787251471.999150276,state,0.00048382440581917763,0.0753115639090538,0.0
1787251472.001142740,1787251472.001150608,command,-0.018373098224401474,0.06637115776538849,0.0
1787251472.068904400,1787251472.068480253,state_stamped,-0.0047961086966097355,0.07280825078487396,0.0
1787251472.068945885,1787251472.068952322,state,-0.0047961086966097355,0.07280825078487396,0.0
1787251472.070874929,1787251472.070881367,command,-0.020495887845754623,0.06803002208471298,0.0
1787251472.139058113,1787251472.138480425,state_stamped,-0.009192051365971565,0.07147034257650375,0.0
1787251472.139101982,1787251472.139108419,state,-0.009192051365971565,0.07147034257650375,0.0
1787251472.140983582,1787251472.140990496,command,-0.02393578551709652,0.06817155331373215,0.0
1787251472.199076653,1787251472.198480129,state_stamped,-0.01273053977638483,0.07067863643169403,0.0
1787251472.199122190,1787251472.199130297,state,-0.01273053977638483,0.07067863643169403,0.0
1787251472.201004744,1787251472.201013088,command,-0.026874206960201263,0.06748919934034348,0.0
1787251472.268985748,1787251472.268480062,state_stamped,-0.016690757125616074,0.06978559494018555,0.0
1787251472.269032478,1787251472.269040346,state,-0.016690757125616074,0.06978559494018555,0.0
1787251472.270914555,1787251472.270921707,command,-0.027423033490777016,0.06735292077064514,0.0
1787251472.339097023,1787251472.339103222,state,-0.01969580352306366,0.06910444051027298,0.0
1787251472.339150906,1787251472.338480234,state_stamped,-0.01969580352306366,0.06910444051027298,0.0
1787251472.341046572,1787251472.341053486,command,-0.02516741305589676,0.06407543271780014,0.0
1787251472.399124384,1787251472.398480654,state_stamped,-0.021008998155593872,0.06789746880531311,0.0
1787251472.399172306,1787251472.399180174,state,-0.021008998155593872,0.06789746880531311,0.0
1787251472.400990725,1787251472.400998592,command,-0.02050333470106125,0.06213455647230148,0.0
1787251472.469085693,1787251472.469094038,state,-0.02086741290986538,0.06628386676311493,0.0
1787251472.469147444,1787251472.468480110,state_stamped,-0.02086741290986538,0.06628386676311493,0.0
1787251472.471051931,1787251472.471057653,command,-0.017436571419239044,0.06296903640031815,0.0
1787251472.538995743,1787251472.538480520,state_stamped,-0.019906772300601006,0.06535571068525314,0.0
1787251472.539044380,1787251472.539051533,state,-0.019906772300601006,0.06535571068525314,0.0
1787251472.541591883,1787251472.541596651,command,-0.013268977403640747,0.06395761668682098,0.0
1787251472.599108934,1787251472.599116802,state,-0.018313713371753693,0.06502017378807068,0.0
1787251472.599170923,1787251472.598479986,state_stamped,-0.018313713371753693,0.06502017378807068,0.0
1787251472.601080894,1787251472.601086140,command,-0.013145040720701218,0.062125012278556824,0.0
1787251472.668941021,1787251472.668946743,state,-0.01686648093163967,0.06420952826738358,0.0
1787251472.668990135,1787251472.668480158,state_stamped,-0.01686648093163967,0.06420952826738358,0.0
1787251472.670930386,1787251472.670934200,command,-0.015241633169353008,0.06292220205068588,0.0
1787251472.739088058,1787251472.739094019,state,-0.016411520540714264,0.063849076628685,0.0
1787251472.739140034,1787251472.738480568,state_stamped,-0.016411520540714264,0.063849076628685,0.0
1787251472.741027355,1787251472.741033077,command,-0.01701575145125389,0.060947954654693604,0.0
1787251472.799069166,1787251472.799074411,state,-0.01655653491616249,0.06315281242132187,0.0
1787251472.799116611,1787251472.798480272,state_stamped,-0.01655653491616249,0.06315281242132187,0.0
1787251472.800993681,1787251472.800997257,command,-0.017165163531899452,0.061535198241472244,0.0
1787251472.869055033,1787251472.868480206,state_stamped,-0.01672695204615593,0.06269987672567368,0.0
1787251472.869102001,1787251472.869110107,state,-0.01672695204615593,0.06269987672567368,0.0
1787251472.871003389,1787251472.871007204,command,-0.016585182398557663,0.06271210312843323,0.0
1787251472.939078331,1787251472.938479900,state_stamped,-0.01668725721538067,0.06270329654216766,0.0
1787251472.939122200,1787251472.939128876,state,-0.01668725721538067,0.06270329654216766,0.0
1787251472.940979242,1787251472.940983295,command,-0.015550822019577026,0.061307862401008606,0.0
1787251472.999134779,1787251472.999142885,state,-0.01641451008617878,0.06236838921904564,0.0
1787251472.999249458,1787251472.998480558,state_stamped,-0.01641451008617878,0.06236838921904564,0.0
1787251473.001153946,1787251473.001157284,command,-0.01612219400703907,0.06141519919037819,0.0
1787251473.069088936,1787251473.069097281,state,-0.016332661733031273,0.06210149824619293,0.0
1787251473.069204569,1787251473.068480015,state_stamped,-0.016332661733031273,0.06210149824619293,0.0
1787251473.070986271,1787251473.070991278,command,-0.016826216131448746,0.0599752701818943,0.0
1787251473.139077187,1787251473.139083862,state,-0.016470856964588165,0.061506155878305435,0.0
1787251473.139127970,1787251473.138479710,state_stamped,-0.016470856964588165,0.061506155878305435,0.0
1787251473.140953064,1787251473.140958786,command,-0.013811256736516953,0.06163421645760536,0.0
1787251473.199092627,1787251473.198480129,state_stamped,-0.015832548961043358,0.061536889523267746,0.0
1787251473.199177742,1787251473.199186325,state,-0.015832548961043358,0.061536889523267746,0.0
1787251473.200819969,1787251473.200823784,command,-0.013767985627055168,0.06071627512574196,0.0
1787251473.269052505,1787251473.268480062,state_stamped,-0.015254473313689232,0.061307117342948914,0.0
1787251473.269098282,1787251473.269106388,state,-0.015254473313689232,0.061307117342948914,0.0
1787251473.270831585,1787251473.270837069,command,-0.009233690798282623,0.061394594609737396,0.0
1787251473.339078903,1787251473.339085340,state,-0.01356864906847477,0.0613316111266613,0.0
1787251473.339130640,1787251473.338480234,state_stamped,-0.01356864906847477,0.0613316111266613,0.0
1787251473.341000080,1787251473.341005564,command,-0.00324921659193933,0.058839548379182816,0.0
1787251473.399126291,1787251473.399133921,state,-0.01109197735786438,0.06073351576924324,0.0
1787251473.399185896,1787251473.398480415,state_stamped,-0.01109197735786438,0.06073351576924324,0.0
1787251473.401026964,1787251473.401032209,command,-0.0008594252285547554,0.06011858955025673,0.0
1787251473.469056368,1787251473.468479872,state_stamped,-0.00822688452899456,0.06056133657693863,0.0
1787251473.469101667,1787251473.469109774,state,-0.00822688452899456,0.06056133657693863,0.0
1787251473.470997095,1787251473.471002102,command,0.00013683356519322842,0.06329741328954697,0.0
1787251473.539062500,1787251473.539068699,state,-0.00588503573089838,0.06132743880152702,0.0
1787251473.539115191,1787251473.538480043,state_stamped,-0.00588503573089838,0.06132743880152702,0.0
1787251473.541020632,1787251473.541026592,command,-0.0007048182305879891,0.06325488537549973,0.0
1787251473.599109888,1787251473.599118233,state,-0.004641789011657238,0.06179002299904823,0.0
1787251473.599170923,1787251473.598479986,state_stamped,-0.004641789011657238,0.06179002299904823,0.0
1787251473.601075172,1787251473.601080656,command,-0.004134852439165115,0.06554386019706726,0.0
1787251473.669061899,1787251473.669070244,state,-0.004499846138060093,0.06284110248088837,0.0
1787251473.669176340,1787251473.668480158,state_stamped,-0.004499846138060093,0.06284110248088837,0.0
1787251473.670985222,1787251473.670991182,command,-0.007252614479511976,0.0629333108663559,0.0
1787251473.738998890,1787251473.739003897,state,-0.00527062127366662,0.06286691874265671,0.0
1787251473.739047050,1787251473.738480091,state_stamped,-0.00527062127366662,0.06286691874265671,0.0
1787251473.741006613,1787251473.741011858,command,-0.009794231504201889,0.06530240178108215,0.0
1787251473.799114227,1787251473.798480511,state_stamped,-0.006356293335556984,0.06345143914222717,0.0
1787251473.799153805,1787251473.799162149,state,-0.006356293335556984,0.06345143914222717,0.0
1787251473.800992250,1787251473.800996542,command,-0.015845486894249916,0.05620640143752098,0.0
1787251473.869114637,1787251473.869122744,state,-0.009013243950903416,0.06142284721136093,0.0
1787251473.869213343,1787251473.868479729,state_stamped,-0.009013243950903416,0.06142284721136093,0.0
1787251473.870991945,1787251473.870996237,command,-0.022691858932375908,0.052024878561496735,0.0
1787251473.938969135,1787251473.938973427,state,-0.012843288481235504,0.0587913952767849,0.0
1787251473.939066887,1787251473.938480377,state_stamped,-0.012843288481235504,0.0587913952767849,0.0
1787251473.940913677,1787251473.940917015,command,-0.02612258493900299,0.06758008897304535,0.0
1787251473.999132633,1787251473.999141216,state,-0.01603030599653721,0.060900673270225525,0.0
1787251473.999191999,1787251473.998480082,state_stamped,-0.01603030599653721,0.060900673270225525,0.0
1787251474.001189947,1787251474.001195431,command,-0.03065815009176731,0.06162000820040703,0.0
1787251474.069067717,1787251474.069075823,state,-0.020126083865761757,0.06110208481550217,0.0
1787251474.069134235,1787251474.068479776,state_stamped,-0.020126083865761757,0.06110208481550217,0.0
1787251474.071118593,1787251474.071124315,command,-0.032985612750053406,0.055784672498703,0.0
1787251474.139080286,1787251474.139085770,state,-0.023726776242256165,0.059613198041915894,0.0
1787251474.139139414,1787251474.138480425,state_stamped,-0.023726776242256165,0.059613198041915894,0.0
1787251474.141014099,1787251474.141020060,command,-0.032467737793922424,0.0555107444524765,0.0
1787251474.199221611,1787251474.198480368,state_stamped,-0.02582460455596447,0.05862861126661301,0.0
1787251474.199278593,1787251474.199286938,state,-0.02582460455596447,0.05862861126661301,0.0
1787251474.200995445,1787251474.200999260,command,-0.03134056180715561,0.06272313743829727,0.0
1787251474.268901110,1787251474.268480301,state_stamped,-0.027369076386094093,0.059775080531835556,0.0
1787251474.268953562,1787251474.268959522,state,-0.027369076386094093,0.059775080531835556,0.0
1787251474.270835400,1787251474.270844698,command,-0.028888585045933723,0.06551209837198257,0.0
1787251474.339081764,1787251474.339087963,state,-0.02779453434050083,0.06138143315911293,0.0
1787251474.339140654,1787251474.338479757,state_stamped,-0.02779453434050083,0.06138143315911293,0.0
1787251474.341005564,1787251474.341012478,command,-0.026652857661247253,0.061016909778118134,0.0
1787251474.399114847,1787251474.398480177,state_stamped,-0.02752052992582321,0.06129394844174385,0.0
1787251474.399154425,1787251474.399163246,state,-0.02752052992582321,0.06129394844174385,0.0
1787251474.400966167,1787251474.400971413,command,-0.022467220202088356,0.06205013021826744,0.0
1787251474.469075680,1787251474.468480587,state_stamped,-0.026105593889951706,0.06150567904114723,0.0
1787251474.469123363,1787251474.469131708,state,-0.026105593889951706,0.06150567904114723,0.0
1787251474.470973253,1787251474.470981121,command,-0.015781959518790245,0.06129714101552963,0.0
1787251474.538988590,1787251474.538480043,state_stamped,-0.023214995861053467,0.06144728884100914,0.0
1787251474.539031982,1787251474.539040327,state,-0.023214995861053467,0.06144728884100914,0.0
1787251474.541699648,1787251474.541705847,command,-0.0079041114076972,0.05562420189380646,0.0
1787251474.599103212,1787251474.598480225,state_stamped,-0.019540375098586082,0.06004974618554115,0.0
1787251474.599143505,1787251474.599151611,state,-0.019540375098586082,0.06004974618554115,0.0
1787251474.601131201,1787251474.601136923,command,0.017712587490677834,0.190162792801857,0.0
1787251474.669070244,1787251474.668480158,state_stamped,-0.00910958182066679,0.09648127108812332,0.0
1787251474.669111013,1787251474.669119596,state,-0.00910958182066679,0.09648127108812332,0.0
1787251474.670983076,1787251474.670988798,command,0.0043743145652115345,0.0656554326415062,0.0
1787251474.739087343,1787251474.739093781,state,-0.005334072280675173,0.08784999698400497,0.0
1787251474.739147663,1787251474.738480330,state_stamped,-0.005334072280675173,0.08784999698400497,0.0
1787251474.741011858,1787251474.741016388,command,-0.0013756806729361415,0.05733531340956688,0.0
1787251474.799094677,1787251474.799100637,state,-0.004384056199342012,0.0805264562368393,0.0
1787251474.799154282,1787251474.798480511,state_stamped,-0.004384056199342012,0.0805264562368393,0.0
1787251474.800851822,1787251474.800857306,command,2.8088028557249345e-05,0.05991838872432709,0.0
1787251474.869064808,1787251474.868480206,state_stamped,-0.003148660995066166,0.07475621998310089,0.0
1787251474.869105816,1787251474.869114399,state,-0.003148660995066166,0.07475621998310089,0.0
1787251474.871003866,1787251474.871009588,command,0.004579661414027214,0.06150638684630394,0.0
1787251474.939092636,1787251474.939099073,state,-0.000984729966148734,0.07104626297950745,0.0
1787251474.939151287,1787251474.938480139,state_stamped,-0.000984729966148734,0.07104626297950745,0.0
1787251474.941054583,1787251474.941060066,command,0.009573958814144135,0.061424706131219864,0.0
1787251474.999143839,1787251474.999152184,state,0.0015493466053158045,0.06873709708452225,0.0
1787251474.999211788,1787251474.998480082,state_stamped,0.0015493466053158045,0.06873709708452225,0.0
1787251475.001259327,1787251475.001262903,command,0.029142657294869423,0.20020996034145355,0.0
1787251475.069089890,1787251475.069097996,state,0.00927545316517353,0.1055493950843811,0.0
1787251475.069148779,1787251475.068479776,state_stamped,0.00927545316517353,0.1055493950843811,0.0
1787251475.071083307,1787251475.071089506,command,0.008318450301885605,0.06543348729610443,0.0
1787251475.139077902,1787251475.139084339,state,0.009007491171360016,0.09431688487529755,0.0
1787251475.139136553,1787251475.138480186,state_stamped,0.009007491171360016,0.09431688487529755,0.0
1787251475.141042709,1787251475.141048908,command,-0.004994689952582121,0.059300292283296585,0.0
1787251475.199151278,1787251475.199159861,state,0.005646945908665657,0.08591284602880478,0.0
1787251475.199218273,1787251475.198480606,state_stamped,0.005646945908665657,0.08591284602880478,0.0
1787251475.201062679,1787251475.201066494,command,-0.006617103703320026,0.062485333532094955,0.0
1787251475.269139290,1787251475.268479824,state_stamped,0.0022130440920591354,0.0793532058596611,0.0
1787251475.269224644,1787251475.269233465,state,0.0022130440920591354,0.0793532058596611,0.0
1787251475.270918131,1787251475.270922661,command,-0.005600601434707642,0.058081671595573425,0.0
1787251475.339088917,1787251475.339095354,state,2.5217421352863312e-05,0.07339715957641602,0.0
1787251475.339150667,1787251475.338479996,state_stamped,2.5217421352863312e-05,0.07339715957641602,0.0
1787251475.340847254,1787251475.340851784,command,-0.004222891293466091,0.06618393212556839,0.0
1787251475.399217844,1787251475.398480415,state_stamped,-0.0009943334152922034,0.07166597992181778,0.0
1787251475.399273872,1787251475.399282217,state,-0.0009943334152922034,0.07166597992181778,0.0
1787251475.400887012,1787251475.400890589,command,0.014031685888767242,0.2004309892654419,0.0
1787251475.469142437,1787251475.468480110,state_stamped,0.0032129427418112755,0.10772010684013367,0.0
1787251475.469223261,1787251475.469233990,state,0.0032129427418112755,0.10772010684013367,0.0
1787251475.470852137,1787251475.470855474,command,-0.0029694426339119673,0.05893803760409355,0.0
1787251475.539135933,1787251475.539142132,state,0.0014818576164543629,0.0940609946846962,0.0
1787251475.539248466,1787251475.538480997,state_stamped,0.0014818576164543629,0.0940609946846962,0.0
1787251475.540908813,1787251475.540913582,command,-0.015324748121201992,0.05901298671960831,0.0
1787251475.599107265,1787251475.599115610,state,-0.0025516925379633904,0.08564954996109009,0.0
1787251475.599174261,1787251475.598480463,state_stamped,-0.0025516925379633904,0.08564954996109009,0.0
1787251475.600824833,1787251475.600828409,command,-0.015930168330669403,0.052761681377887726,0.0
1787251475.669091225,1787251475.668480158,state_stamped,-0.006297651678323746,0.07644098252058029,0.0
1787251475.669131279,1787251475.669139624,state,-0.006297651678323746,0.07644098252058029,0.0
1787251475.670800209,1787251475.670805216,command,-0.013330545276403427,0.05837411805987358,0.0
1787251475.739080429,1787251475.739087105,state,-0.008266866207122803,0.07138224691152573,0.0
1787251475.739139080,1787251475.738480330,state_stamped,-0.008266866207122803,0.07138224691152573,0.0
1787251475.740819216,1787251475.740823269,command,-0.015362633392214775,0.06216128170490265,0.0
1787251475.799110413,1787251475.799118996,state,-0.009969845414161682,0.06916922330856323,0.0
1787251475.799177408,1787251475.798480034,state_stamped,-0.009969845414161682,0.06916922330856323,0.0
1787251475.800852776,1787251475.800856352,command,-0.017136454582214355,0.06148728355765343,0.0
1787251475.869097948,1787251475.868484020,state_stamped,-0.011976609006524086,0.06701815873384476,0.0
1787251475.869139433,1787251475.869147539,state,-0.011976609006524086,0.06701815873384476,0.0
1787251475.870829344,1787251475.870834589,command,0.0018604007782414556,0.20223020017147064,0.0
1787251475.939134836,1787251475.939141035,state,-0.008102401159703732,0.10487601161003113,0.0
1787251475.939242840,1787251475.938481331,state_stamped,-0.008102401159703732,0.10487601161003113,0.0
1787251475.940884113,1787251475.940889359,command,-0.015904052183032036,0.05633227899670601,0.0
1787251475.999023438,1787251475.998480082,state_stamped,-0.009974760003387928,0.09322574734687805,0.0
1787251475.999073982,1787251475.999080420,state,-0.009974760003387928,0.09322574734687805,0.0
1787251476.000981808,1787251476.000988245,command,-0.028299828991293907,0.058296963572502136,0.0
1787251476.068965197,1787251476.068480492,state_stamped,-0.015105817466974258,0.08344561606645584,0.0
1787251476.069038630,1787251476.069044828,state,-0.015105817466974258,0.08344561606645584,0.0
1787251476.070792437,1787251476.070800543,command,-0.02711365930736065,0.05672357976436615,0.0
1787251476.139006138,1787251476.138480425,state_stamped,-0.018468009307980537,0.07596345245838165,0.0
1787251476.139035463,1787251476.139040232,state,-0.018468009307980537,0.07596345245838165,0.0
1787251476.140760899,1787251476.140767574,command,-0.019052857533097267,0.059672728180885315,0.0
1787251476.199020624,1787251476.198480606,state_stamped,-0.018608372658491135,0.07205367833375931,0.0
1787251476.199053049,1787251476.199058771,state,-0.018608372658491135,0.07205367833375931,0.0
1787251476.200772762,1787251476.200779200,command,-0.01655139960348606,0.06356846541166306,0.0
1787251476.268971205,1787251476.268480301,state_stamped,-0.01803242228925228,0.06967782974243164,0.0
1787251476.268998861,1787251476.269004822,state,-0.01803242228925228,0.06967782974243164,0.0
1787251476.270717621,1787251476.270725965,command,-0.011611017398536205,0.06486187130212784,0.0
1787251476.339006901,1787251476.338480473,state_stamped,-0.016234423965215683,0.068329356610775,0.0
1787251476.339040279,1787251476.339047194,state,-0.016234423965215683,0.068329356610775,0.0
1787251476.340723991,1787251476.340730190,command,-0.005858196411281824,0.06244053319096565,0.0
1787251476.399047375,1787251476.398480177,state_stamped,-0.01374413724988699,0.06691604107618332,0.0
1787251476.399080038,1787251476.399085760,state,-0.01374413724988699,0.06691604107618332,0.0
1787251476.400766134,1787251476.400772333,command,-0.0024748099967837334,0.059029724448919296,0.0
1787251476.468976974,1787251476.468479872,state_stamped,-0.010588739067316055,0.06470788270235062,0.0
1787251476.469040394,1787251476.469046593,state,-0.010588739067316055,0.06470788270235062,0.0
1787251476.470721483,1787251476.470729828,command,0.001977104227989912,0.05916164442896843,0.0
1787251476.539014101,1787251476.539023161,state,-0.0070702554658055305,0.0631549134850502,0.0
1787251476.539084911,1787251476.538480997,state_stamped,-0.0070702554658055305,0.0631549134850502,0.0
1787251476.541646004,1787251476.541650772,command,0.02728690765798092,0.1946181356906891,0.0
1787251476.599067211,1787251476.598480463,state_stamped,0.0011754157021641731,0.09470590949058533,0.0
1787251476.599107981,1787251476.599113941,state,0.0011754157021641731,0.09470590949058533,0.0
1787251476.600965261,1787251476.600971222,command,0.00449675228446722,0.06225001439452171,0.0
1787251476.669018507,1787251476.669024706,state,0.0021053922828286886,0.08561823517084122,0.0
1787251476.669065714,1787251476.668480635,state_stamped,0.0021053922828286886,0.08561823517084122,0.0
1787251476.670834541,1787251476.670842171,command,-0.009292447939515114,0.050507254898548126,0.0
1787251476.739023924,1787251476.738480330,state_stamped,-0.0010859891772270203,0.07578720152378082,0.0
1787251476.739060402,1787251476.739067078,state,-0.0010859891772270203,0.07578720152378082,0.0
1787251476.740866899,1787251476.740874529,command,-0.007901364006102085,0.060987867414951324,0.0
1787251476.799031258,1787251476.799037218,state,-0.0027216726448386908,0.07223537564277649,0.0
1787251476.799078703,1787251476.798480272,state_stamped,-0.0027216726448386908,0.07223537564277649,0.0
1787251476.801025629,1787251476.801030636,command,0.012684163637459278,0.20552262663841248,0.0
1787251476.868997097,1787251476.868480444,state_stamped,0.0015919769648462534,0.1095559373497963,0.0
1787251476.869035482,1787251476.869041681,state,0.0015919769648462534,0.1095559373497963,0.0
1787251476.871001959,1787251476.871007442,command,-0.0076753608882427216,0.05750921368598938,0.0
1787251476.939027309,1787251476.939033747,state,-0.0010028798133134842,0.09498284012079239,0.0
1787251476.939114094,1787251476.938480377,state_stamped,-0.0010028798133134842,0.09498284012079239,0.0
1787251476.940817833,1787251476.940826416,command,-0.0188091192394495,0.05691556632518768,0.0
1787251476.999037027,1787251476.999043226,state,-0.00527637405321002,0.08584669977426529,0.0
1787251476.999084711,1787251476.998480320,state_stamped,-0.00527637405321002,0.08584669977426529,0.0
1787251477.001242876,1787251477.001248360,command,-0.018891626968979836,0.05600395053625107,0.0
1787251477.069004536,1787251477.069010496,state,-0.009088615886867046,0.07749079167842865,0.0
1787251477.069052458,1787251477.068480015,state_stamped,-0.009088615886867046,0.07749079167842865,0.0
1787251477.070824146,1787251477.070830345,command,-0.015299107879400253,0.05695507302880287,0.0
1787251477.139033079,1787251477.139039755,state,-0.01082756370306015,0.07174075394868851,0.0
1787251477.139077187,1787251477.138480425,state_stamped,-0.01082756370306015,0.07174075394868851,0.0
1787251477.140778303,1787251477.140785694,command,0.0070953755639493465,0.20844429731369019,0.0
1787251477.199039936,1787251477.199045897,state,-0.0065260580740869045,0.10454960912466049,0.0
1787251477.199087381,1787251477.198480368,state_stamped,-0.0065260580740869045,0.10454960912466049,0.0
1787251477.200775385,1787251477.200781584,command,-0.009407040663063526,0.058315299451351166,0.0
1787251477.269038439,1787251477.269044161,state,-0.007332779001444578,0.09160326421260834,0.0
1787251477.269085407,1787251477.268484354,state_stamped,-0.007332779001444578,0.09160326421260834,0.0
1787251477.270776033,1787251477.270781517,command,-0.019444862380623817,0.05897057428956032,0.0
1787251477.339032650,1787251477.339039087,state,-0.010723990388214588,0.08246657252311707,0.0
1787251477.339082003,1787251477.338480711,state_stamped,-0.010723990388214588,0.08246657252311707,0.0
1787251477.340764999,1787251477.340770960,command,-0.020551251247525215,0.047210779041051865,0.0
1787251477.399034739,1787251477.399040461,state,-0.013082499615848064,0.07400529831647873,0.0
1787251477.399081707,1787251477.398479939,state_stamped,-0.013082499615848064,0.07400529831647873,0.0
1787251477.401014090,1787251477.401019812,command,-0.013205088675022125,0.06291469931602478,0.0
1787251477.469012260,1787251477.469018221,state,-0.013116826303303242,0.07089974731206894,0.0
1787251477.469058752,1787251477.468483925,state_stamped,-0.013116826303303242,0.07089974731206894,0.0
1787251477.470741749,1787251477.470747948,command,0.007067371159791946,0.2025287002325058,0.0
1787251477.539040565,1787251477.539047241,state,-0.007465503178536892,0.10775421559810638,0.0
1787251477.539091110,1787251477.538480997,state_stamped,-0.007465503178536892,0.10775421559810638,0.0
1787251477.540773392,1787251477.540779352,command,-0.007542474661022425,0.05781421810388565,0.0
1787251477.599023819,1787251477.598480463,state_stamped,-0.007483976427465677,0.09576868265867233,0.0
1787251477.599056244,1787251477.599065304,state,-0.007483976427465677,0.09576868265867233,0.0
1787251477.600812435,1787251477.600818872,command,-0.01738140359520912,0.061155613511800766,0.0
1787251477.669025421,1787251477.668480396,state_stamped,-0.01025525201112032,0.08607703447341919,0.0
1787251477.669116020,1787251477.669124365,state,-0.01025525201112032,0.08607703447341919,0.0
1787251477.670971870,1787251477.670976400,command,-0.017042100429534912,0.0544113963842392,0.0
1787251477.739021063,1787251477.738480806,state_stamped,-0.012155575677752495,0.07721062749624252,0.0
1787251477.739052057,1787251477.739060640,state,-0.012155575677752495,0.07721062749624252,0.0
1787251477.741005421,1787251477.741011381,command,-0.010353358462452888,0.06629437208175659,0.0
1787251477.799006462,1787251477.798480272,state_stamped,-0.011723046191036701,0.07459074258804321,0.0
1787251477.799043655,1787251477.799052954,state,-0.011723046191036701,0.07459074258804321,0.0
1787251477.801007271,1787251477.801013708,command,-0.007866090163588524,0.0666247308254242,0.0
1787251477.868999958,1787251477.868480682,state_stamped,-0.010643093846738338,0.07236024737358093,0.0
1787251477.869030714,1787251477.869039059,state,-0.010643093846738338,0.07236024737358093,0.0
1787251477.871020317,1787251477.871026278,command,-0.002133434871211648,0.06362399458885193,0.0
1787251477.939026117,1787251477.938480377,state_stamped,-0.008260399103164673,0.06991411000490189,0.0
1787251477.939059258,1787251477.939067602,state,-0.008260399103164673,0.06991411000490189,0.0
1787251477.941016912,1787251477.941024780,command,0.024302780628204346,0.1998618096113205,0.0
1787251477.999061346,1787251477.998480082,state_stamped,-0.00044526252895593643,0.10110145062208176,0.0
1787251477.999105215,1787251477.999114037,state,-0.00044526252895593643,0.10110145062208176,0.0
1787251478.001177311,1787251478.001183987,command,0.005274477880448103,0.06669921427965164,0.0
1787251478.068990707,1787251478.068484306,state_stamped,0.0011563599109649658,0.09146825224161148,0.0
1787251478.069017649,1787251478.069023371,state,0.0011563599109649658,0.09146825224161148,0.0
1787251478.071017265,1787251478.071022987,command,-0.0045741647481918335,0.060761433094739914,0.0
1787251478.139047861,1787251478.138483047,state_stamped,-0.00044815882574766874,0.0828704908490181,0.0
1787251478.139089584,1787251478.139097929,state,-0.00044815882574766874,0.0828704908490181,0.0
1787251478.141043663,1787251478.141050100,command,-0.0074113705195486546,0.060460034757852554,0.0
1787251478.199049711,1787251478.198480368,state_stamped,-0.002119253156706691,0.07749222964048386,0.0
1787251478.199094534,1787251478.199100256,state,-0.002119253156706691,0.07749222964048386,0.0
1787251478.201022148,1787251478.201028585,command,-0.004644643049687147,0.07052799314260483,0.0
1787251478.268985033,1787251478.268484116,state_stamped,-0.0028264003340154886,0.0755421370267868,0.0
1787251478.269013405,1787251478.269020081,state,-0.0028264003340154886,0.0755421370267868,0.0
1787251478.270963669,1787251478.270970106,command,-0.003515242598950863,0.0719640851020813,0.0
1787251478.339051247,1787251478.338480234,state_stamped,-0.0030192655976861715,0.07454033941030502,0.0
1787251478.339084625,1787251478.339089632,state,-0.0030192655976861715,0.07454033941030502,0.0
1787251478.340788841,1787251478.340794563,command,-0.003822935279458761,0.07110560685396194,0.0
1787251478.399023771,1787251478.398479939,state_stamped,-0.0032121455296874046,0.07371600717306137,0.0
1787251478.399065018,1787251478.399073362,state,-0.0032121455296874046,0.07371600717306137,0.0
1787251478.401057005,1787251478.401063442,command,-0.0026502597611397505,0.07052136957645416,0.0
1787251478.469013453,1787251478.468480110,state_stamped,-0.003054817207157612,0.07282150536775589,0.0
1787251478.469056368,1787251478.469064713,state,-0.003054817207157612,0.07282150536775589,0.0
1787251478.470801115,1787251478.470807314,command,-0.002061237348243594,0.06755387783050537,0.0
1787251478.539033175,1787251478.539041519,state,-0.0027766129933297634,0.07134655863046646,0.0
1787251478.539103746,1787251478.538480520,state_stamped,-0.0027766129933297634,0.07134655863046646,0.0
1787251478.541682959,1787251478.541687250,command,-0.002142468001693487,0.06896447390317917,0.0
1787251478.599038363,1787251478.598480940,state_stamped,-0.002624416956678033,0.0707748532295227,0.0
1787251478.599070311,1787251478.599076033,state,-0.002624416956678033,0.0707748532295227,0.0
1787251478.601149559,1787251478.601153851,command,-0.005204902496188879,0.06793063133955002,0.0
1787251478.669001818,1787251478.668480396,state_stamped,-0.0033469460904598236,0.06997847557067871,0.0
1787251478.669029713,1787251478.669035435,state,-0.0033469460904598236,0.06997847557067871,0.0
1787251478.670824051,1787251478.670828342,command,0.014263213612139225,0.21199560165405273,0.0
1787251478.739050388,1787251478.738480091,state_stamped,0.0015838849358260632,0.1097431629896164,0.0
1787251478.739089251,1787251478.739097595,state,0.0015838849358260632,0.1097431629896164,0.0
1787251478.741106987,1787251478.741113424,command,-0.006503765936940908,0.05984470993280411,0.0
1787251478.799062014,1787251478.798480511,state_stamped,-0.00035716278944164515,0.09776746481657028,0.0
1787251478.799109221,1787251478.799117327,state,-0.00035716278944164515,0.09776746481657028,0.0
1787251478.800829172,1787251478.800835371,command,-0.023018695414066315,0.05894444137811661,0.0
1787251478.869002819,1787251478.868480444,state_stamped,-0.00670239282771945,0.08689701557159424,0.0
1787251478.869031191,1787251478.869037390,state,-0.00670239282771945,0.08689701557159424,0.0
1787251478.871098995,1787251478.871104956,command,-0.027403421700000763,0.05757884681224823,0.0
1787251478.939072609,1787251478.938480377,state_stamped,-0.012498670257627964,0.07868794351816177,0.0
1787251478.939111233,1787251478.939119577,state,-0.012498670257627964,0.07868794351816177,0.0
1787251478.941079855,1787251478.941086054,command,-0.0267320666462183,0.058026593178510666,0.0
1787251478.999072790,1787251478.998480320,state_stamped,-0.015914684161543846,0.07372922450304031,0.0
1787251478.999112129,1787251478.999122381,state,-0.015914684161543846,0.07372922450304031,0.0
1787251479.001322508,1787251479.001328468,command,-0.030517777428030968,0.057985931634902954,0.0
1787251479.069031000,1787251479.068480015,state_stamped,-0.020003534853458405,0.06932111829519272,0.0
1787251479.069066763,1787251479.069075108,state,-0.020003534853458405,0.06932111829519272,0.0
1787251479.071224689,1787251479.071230412,command,-0.029773354530334473,0.05725280940532684,0.0
1787251479.139047861,1787251479.138479948,state_stamped,-0.022739075124263763,0.06594200432300568,0.0
1787251479.139138699,1787251479.139147043,state,-0.022739075124263763,0.06594200432300568,0.0
1787251479.141078472,1787251479.141085148,command,-0.0058140563778579235,0.20670416951179504,0.0
1787251479.199071884,1787251479.198480129,state_stamped,-0.01867704838514328,0.09972511231899261,0.0
1787251479.199111462,1787251479.199119806,state,-0.01867704838514328,0.09972511231899261,0.0
1787251479.201093912,1787251479.201100111,command,-0.024212665855884552,0.05603615939617157,0.0
1787251479.269003868,1787251479.268480062,state_stamped,-0.020227018743753433,0.08749222010374069,0.0
1787251479.269039631,1787251479.269047499,state,-0.020227018743753433,0.08749222010374069,0.0
1787251479.270810127,1787251479.270816088,command,-0.03015604428946972,0.057990994304418564,0.0
1787251479.339066505,1787251479.338480473,state_stamped,-0.02300715632736683,0.07923184335231781,0.0
1787251479.339105129,1787251479.339113235,state,-0.02300715632736683,0.07923184335231781,0.0
1787251479.340826035,1787251479.340832233,command,-0.02102229744195938,0.05956785008311272,0.0
1787251479.399063587,1787251479.398480654,state_stamped,-0.02253078855574131,0.07451245933771133,0.0
1787251479.399103403,1787251479.399112463,state,-0.02253078855574131,0.07451245933771133,0.0
1787251479.401074171,1787251479.401080608,command,-0.014865648932754993,0.06326361000537872,0.0
1787251479.469005823,1787251479.468480349,state_stamped,-0.02038455754518509,0.07136279344558716,0.0
1787251479.469040632,1787251479.469049692,state,-0.02038455754518509,0.07136279344558716,0.0
1787251479.470771313,1787251479.470777273,command,-0.00927552580833435,0.05680501088500023,0.0
1787251479.538977861,1787251479.538480043,state_stamped,-0.01727404072880745,0.06728663295507431,0.0
1787251479.539023399,1787251479.539031029,state,-0.01727404072880745,0.06728663295507431,0.0
1787251479.541021347,1787251479.541027308,command,0.021766941994428635,0.19266046583652496,0.0
1787251479.599031210,1787251479.598480463,state_stamped,-0.007904158905148506,0.0973765030503273,0.0
1787251479.599121809,1787251479.599130392,state,-0.007904158905148506,0.0973765030503273,0.0
1787251479.600782871,1787251479.600787163,command,0.00692234979942441,0.06400556117296219,0.0
1787251479.669029474,1787251479.668480396,state_stamped,-0.003752742428332567,0.08803265541791916,0.0
1787251479.669061184,1787251479.669069290,state,-0.003752742428332567,0.08803265541791916,0.0
1787251479.670837164,1787251479.670843363,command,0.0002817814238369465,0.06225171685218811,0.0
1787251479.739055395,1787251479.738480330,state_stamped,-0.0026230746880173683,0.08081398904323578,0.0
1787251479.739131451,1787251479.739139557,state,-0.0026230746880173683,0.08081398904323578,0.0
1787251479.741042137,1787251479.741049767,command,0.0023292270489037037,0.06214052438735962,0.0
1787251479.799075603,1787251479.798480272,state_stamped,-0.0014345237286761403,0.07633236050605774,0.0
1787251479.799107075,1787251479.799112797,state,-0.0014345237286761403,0.07633236050605774,0.0
1787251479.801047325,1787251479.801053524,command,0.02747192047536373,0.19986441731452942,0.0
1787251479.869037151,1787251479.868484497,state_stamped,0.006659773178398609,0.11092343926429749,0.0
1787251479.869063377,1787251479.869069099,state,0.006659773178398609,0.11092343926429749,0.0
1787251479.871052265,1787251479.871058702,command,0.002070748247206211,0.06382761150598526,0.0
1787251479.939045429,1787251479.938480377,state_stamped,0.005374920554459095,0.0977373719215393,0.0
1787251479.939072847,1787251479.939079523,state,0.005374920554459095,0.0977373719215393,0.0
1787251479.941056490,1787251479.941062450,command,-0.008929814212024212,0.06363830715417862,0.0
1787251479.998949289,1787251479.998480320,state_stamped,0.001941791269928217,0.08955360949039459,0.0
1787251479.999044895,1787251479.999053240,state,0.001941791269928217,0.08955360949039459,0.0
1787251480.000863075,1787251480.000868082,command,-0.008101447485387325,0.06835512071847916,0.0
1787251480.069013596,1787251480.068480730,state_stamped,-0.0008703286293894053,0.08361800760030746,0.0
1787251480.069045544,1787251480.069053650,state,-0.0008703286293894053,0.08361800760030746,0.0
1787251480.071131945,1787251480.071135998,command,-0.006603156682103872,0.060001254081726074,0.0
1787251480.139042616,1787251480.138481140,state_stamped,-0.0024755322374403477,0.07700526714324951,0.0
1787251480.139071465,1787251480.139077425,state,-0.0024755322374403477,0.07700526714324951,0.0
1787251480.141075850,1787251480.141080618,command,0.016120590269565582,0.19806018471717834,0.0
1787251480.198933601,1787251480.198480368,state_stamped,0.0019874731078743935,0.1060580313205719,0.0
1787251480.199032545,1787251480.199040651,state,0.0019874731078743935,0.1060580313205719,0.0
1787251480.200640440,1787251480.200645447,command,-0.008377766236662865,0.06613170355558395,0.0
1787251480.269021511,1787251480.268484354,state_stamped,-0.0009149552788585424,0.09487804025411606,0.0
1787251480.269057989,1787251480.269066811,state,-0.0009149552788585424,0.09487804025411606,0.0
1787251480.271040201,1787251480.271044970,command,-0.016308974474668503,0.061178725212812424,0.0
1787251480.339057922,1787251480.338480949,state_stamped,-0.00522508192807436,0.0854426696896553,0.0
1787251480.339092731,1787251480.339100838,state,-0.00522508192807436,0.0854426696896553,0.0
1787251480.341058016,1787251480.341063976,command,-0.019673585891723633,0.06359937787055969,0.0
1787251480.399049044,1787251480.398480177,state_stamped,-0.008692673407495022,0.08020035177469254,0.0
1787251480.399140835,1787251480.399148941,state,-0.008692673407495022,0.08020035177469254,0.0
1787251480.400738716,1787251480.400743246,command,-0.010175084695219994,0.06263408064842224,0.0
1787251480.469025850,1787251480.468483448,state_stamped,-0.009107768535614014,0.07528156042098999,0.0
1787251480.469062805,1787251480.469071388,state,-0.009107768535614014,0.07528156042098999,0.0
1787251480.470762730,1787251480.470769167,command,-0.010177874937653542,0.06865504384040833,0.0
1787251480.539119005,1787251480.538480759,state_stamped,-0.009407386183738708,0.07342620939016342,0.0
1787251480.539153814,1787251480.539162159,state,-0.009407386183738708,0.07342620939016342,0.0
1787251480.540892363,1787251480.540898561,command,0.013708335347473621,0.20661871135234833,0.0
1787251480.599112034,1787251480.598480463,state_stamped,-0.0038596410304307938,0.10539224743843079,0.0
1787251480.599171877,1787251480.599181414,state,-0.0038596410304307938,0.10539224743843079,0.0
1787251480.601790190,1787251480.601798773,command,-0.0008431614260189235,0.06725098937749863,0.0
1787251480.669043541,1787251480.668480158,state_stamped,-0.0030150311067700386,0.0947127491235733,0.0
1787251480.669075966,1787251480.669085026,state,-0.0030150311067700386,0.0947127491235733,0.0
1787251480.671241760,1787251480.671248674,command,-0.010424789041280746,0.06134817376732826,0.0
1787251480.739062071,1787251480.738479853,state_stamped,-0.005089759826660156,0.08537068217992783,0.0
1787251480.739093542,1787251480.739102125,state,-0.005089759826660156,0.08537068217992783,0.0
1787251480.741153717,1787251480.741160154,command,-0.012257910333573818,0.061779119074344635,0.0
1787251480.799058199,1787251480.798480034,state_stamped,-0.00681011937558651,0.07970869541168213,0.0
1787251480.799091339,1787251480.799100161,state,-0.00681011937558651,0.07970869541168213,0.0
1787251480.801122189,1787251480.801130772,command,0.013910932466387749,0.20228387415409088,0.0
1787251480.869035959,1787251480.868480444,state_stamped,-0.001008201390504837,0.1140298843383789,0.0
1787251480.869073868,1787251480.869082212,state,-0.001008201390504837,0.1140298843383789,0.0
1787251480.870795965,1787251480.870800734,command,-0.005093269515782595,0.05793660879135132,0.0
1787251480.939072609,1787251480.938480377,state_stamped,-0.0021520217414945364,0.0983237475156784,0.0
1787251480.939158678,1787251480.939167023,state,-0.0021520217414945364,0.0983237475156784,0.0
1787251480.941139221,1787251480.941146374,command,-0.011696157976984978,0.06656605005264282,0.0
1787251480.999085426,1787251480.998480558,state_stamped,-0.004442616365849972,0.09070189297199249,0.0
1787251480.999119520,1787251480.999130011,state,-0.004442616365849972,0.09070189297199249,0.0
1787251481.001342773,1787251481.001350880,command,-0.006487432401627302,0.060188665986061096,0.0
1787251481.069034815,1787251481.068480253,state_stamped,-0.00501516368240118,0.08215820044279099,0.0
1787251481.069071293,1787251481.069079399,state,-0.00501516368240118,0.08215820044279099,0.0
1787251481.071135283,1787251481.071140289,command,-0.005842397455126047,0.06348881125450134,0.0
1787251481.139080524,1787251481.138480425,state_stamped,-0.005246789660304785,0.07693076133728027,0.0
1787251481.139110088,1787251481.139118433,state,-0.005246789660304785,0.07693076133728027,0.0
1787251481.141138792,1787251481.141146183,command,0.01642644591629505,0.20260263979434967,0.0
1787251481.199083090,1787251481.198480606,state_stamped,-4.521384835243225e-05,0.1070920079946518,0.0
1787251481.199116468,1787251481.199124575,state,-4.521384835243225e-05,0.1070920079946518,0.0
1787251481.201145411,1787251481.201153278,command,-0.0017811264842748642,0.06451813876628876,0.0
1787251481.269068241,1787251481.268479824,state_stamped,-0.0005312648136168718,0.09517143666744232,0.0
1787251481.269100189,1787251481.269109011,state,-0.0005312648136168718,0.09517143666744232,0.0
1787251481.271138906,1787251481.271144152,command,-0.011837727390229702,0.06490494310855865,0.0
1787251481.339084148,1787251481.338480473,state_stamped,-0.0036971026565879583,0.08669674396514893,0.0
1787251481.339114904,1787251481.339123249,state,-0.0036971026565879583,0.08669674396514893,0.0
1787251481.341138601,1787251481.341146469,command,-0.016701091080904007,0.048069488257169724,0.0
1787251481.399065256,1787251481.398480415,state_stamped,-0.006818056106567383,0.07742621004581451,0.0
1787251481.399103403,1787251481.399111509,state,-0.006818056106567383,0.07742621004581451,0.0
1787251481.401126862,1787251481.401135445,command,-0.009519888088107109,0.06554063409566879,0.0
1787251481.469064236,1787251481.468480349,state_stamped,-0.007574568968266249,0.07409825176000595,0.0
1787251481.469098091,1787251481.469105959,state,-0.007574568968266249,0.07409825176000595,0.0
1787251481.471092701,1787251481.471098900,command,-0.010359659790992737,0.06544020026922226,0.0
1787251481.539076328,1787251481.538480043,state_stamped,-0.008354389108717442,0.07167401164770126,0.0
1787251481.539105892,1787251481.539114237,state,-0.008354389108717442,0.07167401164770126,0.0
1787251481.540848494,1787251481.540855646,command,-0.007788634859025478,0.06678775697946548,0.0
1787251481.599061012,1787251481.598480225,state_stamped,-0.008218607865273952,0.07050130516290665,0.0
1787251481.599093676,1787251481.599102259,state,-0.008218607865273952,0.07050130516290665,0.0
1787251481.600829124,1787251481.600837708,command,-0.005205394234508276,0.06819034367799759,0.0
1787251481.669032812,1787251481.668480396,state_stamped,-0.007374905049800873,0.069854237139225,0.0
1787251481.669066429,1787251481.669076443,state,-0.007374905049800873,0.069854237139225,0.0
1787251481.671070576,1787251481.671076775,command,-0.004505631048232317,0.06762802600860596,0.0
1787251481.739084721,1787251481.738480568,state_stamped,-0.006571505684405565,0.06923089921474457,0.0
1787251481.739117861,1787251481.739125967,state,-0.006571505684405565,0.06923089921474457,0.0
1787251481.741124868,1787251481.741134167,command,-0.005791387986391783,0.06785067170858383,0.0
1787251481.799083471,1787251481.798480034,state_stamped,-0.006384279578924179,0.06889964640140533,0.0
1787251481.799119711,1787251481.799128056,state,-0.006384279578924179,0.06889964640140533,0.0
1787251481.801133394,1787251481.801141024,command,-0.007114720996469259,0.06989206373691559,0.0
1787251481.869045973,1787251481.868480206,state_stamped,-0.006588804069906473,0.0691775232553482,0.0
1787251481.869074106,1787251481.869080544,state,-0.006588804069906473,0.0691775232553482,0.0
1787251481.871021032,1787251481.871026993,command,0.013626285828649998,0.20279459655284882,0.0
1787251481.938970089,1787251481.938480377,state_stamped,-0.0009285747073590755,0.10659033060073853,0.0
1787251481.939059019,1787251481.939067602,state,-0.0009285747073590755,0.10659033060073853,0.0
1787251481.941122532,1787251481.941131353,command,-0.008171556517481804,0.053585443645715714,0.0
1787251481.999126196,1787251481.998480082,state_stamped,-0.0026668845675885677,0.09386920183897018,0.0
1787251481.999162436,1787251481.999170780,state,-0.0026668845675885677,0.09386920183897018,0.0
1787251482.001362324,1787251482.001370907,command,-0.02088606171309948,0.057412561029195786,0.0
1787251482.069032669,1787251482.068480253,state_stamped,-0.0077682556584477425,0.08366134017705917,0.0
1787251482.069119692,1787251482.069128036,state,-0.0077682556584477425,0.08366134017705917,0.0
1787251482.071196556,1787251482.071202993,command,-0.023174822330474854,0.05629114806652069,0.0
1787251482.139086008,1787251482.138480425,state_stamped,-0.012082105502486229,0.07599766552448273,0.0
1787251482.139121056,1787251482.139129400,state,-0.012082105502486229,0.07599766552448273,0.0
1787251482.141174316,1787251482.141183138,command,-0.022505108267068863,0.04995907470583916,0.0
1787251482.199094296,1787251482.198480129,state_stamped,-0.014583616517484188,0.06974843144416809,0.0
1787251482.199125767,1787251482.199131727,state,-0.014583616517484188,0.06974843144416809,0.0
1787251482.201148510,1787251482.201156378,command,-0.024180525913834572,0.06089705601334572,0.0
1787251482.269021511,1787251482.268480301,state_stamped,-0.017270758748054504,0.06727004051208496,0.0
1787251482.269049406,1787251482.269054413,state,-0.017270758748054504,0.06727004051208496,0.0
1787251482.271074772,1787251482.271078825,command,-0.021772868931293488,0.061907872557640076,0.0
1787251482.339079618,1787251482.338480234,state_stamped,-0.018531346693634987,0.06576863676309586,0.0
1787251482.339111090,1787251482.339119911,state,-0.018531346693634987,0.06576863676309586,0.0
1787251482.341164827,1787251482.341171980,command,0.0024201148189604282,0.19564737379550934,0.0
1787251482.399098635,1787251482.398480177,state_stamped,-0.013502988964319229,0.0969395712018013,0.0
1787251482.399131298,1787251482.399139404,state,-0.013502988964319229,0.0969395712018013,0.0
1787251482.401135921,1787251482.401143551,command,-0.013494354672729969,0.06007299944758415,0.0
1787251482.469027281,1787251482.468480110,state_stamped,-0.013500571250915527,0.08661694824695587,0.0
1787251482.469115973,1787251482.469120979,state,-0.013500571250915527,0.08661694824695587,0.0
1787251482.471119165,1787251482.471124887,command,-0.018931427970528603,0.06369498372077942,0.0
1787251482.539083004,1787251482.538480520,state_stamped,-0.015021217986941338,0.08019876480102539,0.0
1787251482.539113760,1787251482.539122105,state,-0.015021217986941338,0.08019876480102539,0.0
1787251482.540846348,1787251482.540851116,command,-0.01426312793046236,0.06170080602169037,0.0
1787251482.598984718,1787251482.598479986,state_stamped,-0.014839277602732182,0.07575929164886475,0.0
1787251482.599077463,1787251482.599084139,state,-0.014839277602732182,0.07575929164886475,0.0
1787251482.601678610,1787251482.601685286,command,-0.010714534670114517,0.06283504515886307,0.0
1787251482.668915033,1787251482.668484926,state_stamped,-0.013684269972145557,0.07214025408029556,0.0
1787251482.668947935,1787251482.668952227,state,-0.013684269972145557,0.07214025408029556,0.0
1787251482.670944214,1787251482.670950413,command,-0.007471226155757904,0.06320913881063461,0.0
1787251482.739107847,1787251482.738481283,state_stamped,-0.011944708414375782,0.0696396753191948,0.0
1787251482.739142656,1787251482.739150763,state,-0.011944708414375782,0.0696396753191948,0.0
1787251482.741215229,1787251482.741223335,command,-0.002583710942417383,0.0641729012131691,0.0
1787251482.799083233,1787251482.798480511,state_stamped,-0.009698097594082355,0.06832766532897949,0.0
1787251482.799115181,1787251482.799123764,state,-0.009698097594082355,0.06832766532897949,0.0
1787251482.801200628,1787251482.801208735,command,-0.0019692531786859035,0.06618059426546097,0.0
1787251482.869024277,1787251482.868482590,state_stamped,-0.007533957250416279,0.06772647053003311,0.0
1787251482.869055748,1787251482.869060755,state,-0.007533957250416279,0.06772647053003311,0.0
1787251482.871129274,1787251482.871135473,command,-0.0004046079993713647,0.06566891819238663,0.0
1787251482.939126968,1787251482.938481331,state_stamped,-0.005537771619856358,0.06715036183595657,0.0
1787251482.939211369,1787251482.939219713,state,-0.005537771619856358,0.06715036183595657,0.0
1787251482.940999031,1787251482.941008091,command,0.00270292442291975,0.06347465515136719,0.0
1787251482.999109983,1787251482.998479843,state_stamped,-0.0035600573755800724,0.06626821309328079,0.0
1787251482.999148607,1787251482.999158382,state,-0.0035600573755800724,0.06626821309328079,0.0
1787251483.001330614,1787251483.001338959,command,0.023204296827316284,0.20655381679534912,0.0
1787251483.069012642,1787251483.068480015,state_stamped,0.0039339871145784855,0.10554832220077515,0.0
1787251483.069118738,1787251483.069127083,state,0.0039339871145784855,0.10554832220077515,0.0
1787251483.071108818,1787251483.071114540,command,0.02050488442182541,0.20742091536521912,0.0
1787251483.139091969,1787251483.138480186,state_stamped,0.008573848754167557,0.1340727061033249,0.0
1787251483.139141321,1787251483.139149904,state,0.008573848754167557,0.1340727061033249,0.0
1787251483.141142845,1787251483.141151905,command,0.011365050449967384,0.2027835100889206,0.0
1787251483.199094772,1787251483.198480368,state_stamped,0.00924373883754015,0.1505633443593979,0.0
1787251483.199125051,1787251483.199134111,state,0.00924373883754015,0.1505633443593979,0.0
1787251483.201162815,1787251483.201171637,command,-0.002872910350561142,0.22524456679821014,0.0
1787251483.269006014,1787251483.268480301,state_stamped,0.005851078778505325,0.17147408425807953,0.0
1787251483.269040823,1787251483.269049406,state,0.005851078778505325,0.17147408425807953,0.0
1787251483.271120071,1787251483.271126747,command,-0.013152405619621277,0.21649491786956787,0.0
1787251483.339086771,1787251483.338479996,state_stamped,0.0005301241762936115,0.1840798705816269,0.0
1787251483.339118958,1787251483.339127302,state,0.0005301241762936115,0.1840798705816269,0.0
1787251483.341170073,1787251483.341177940,command,-0.022194573655724525,0.2183024287223816,0.0
1787251483.399075747,1787251483.398480415,state_stamped,-0.004923829808831215,0.19229333102703094,0.0
1787251483.399107695,1787251483.399115562,state,-0.004923829808831215,0.19229333102703094,0.0
1787251483.401150703,1787251483.401158333,command,-0.02374662272632122,0.2278365045785904,0.0
1787251483.468997002,1787251483.468480349,state_stamped,-0.010194212198257446,0.20224541425704956,0.0
1787251483.469030142,1787251483.469038486,state,-0.010194212198257446,0.20224541425704956,0.0
1787251483.471096277,1787251483.471101761,command,-0.019459035247564316,0.22747661173343658,0.0
1787251483.539086342,1787251483.538480520,state_stamped,-0.012788370251655579,0.20931017398834229,0.0
1787251483.539119959,1787251483.539127827,state,-0.012788370251655579,0.20931017398834229,0.0
1787251483.541182280,1787251483.541189909,command,-0.039538949728012085,0.06756262481212616,0.0
1787251483.599092960,1787251483.598480463,state_stamped,-0.019208507612347603,0.1752907633781433,0.0
1787251483.599123478,1787251483.599131346,state,-0.019208507612347603,0.1752907633781433,0.0
1787251483.601152420,1787251483.601161718,command,-0.03238588571548462,0.07089073210954666,0.0
1787251483.668869019,1787251483.668480396,state_stamped,-0.02289816178381443,0.1460588425397873,0.0
1787251483.668899775,1787251483.668908358,state,-0.02289816178381443,0.1460588425397873,0.0
1787251483.671103477,1787251483.671109676,command,-0.01729658991098404,0.06464414298534393,0.0
1787251483.739087582,1787251483.738480091,state_stamped,-0.02132972702383995,0.12326281517744064,0.0
1787251483.739120483,1787251483.739128590,state,-0.02132972702383995,0.12326281517744064,0.0
1787251483.741211176,1787251483.741218805,command,0.0064129941165447235,0.06464268267154694,0.0
1787251483.799092054,1787251483.798480034,state_stamped,-0.014671467244625092,0.10919397324323654,0.0
1787251483.799178123,1787251483.799187899,state,-0.014671467244625092,0.10919397324323654,0.0
1787251483.801135540,1787251483.801141024,command,0.019419630989432335,0.06444529443979263,0.0
1787251483.869009972,1787251483.868480682,state_stamped,-0.005125883035361767,0.09666424244642258,0.0
1787251483.869098663,1787251483.869109154,state,-0.005125883035361767,0.09666424244642258,0.0
1787251483.871143818,1787251483.871150494,command,0.03165657818317413,0.0673689916729927,0.0
1787251483.939116001,1787251483.938480139,state_stamped,0.0051731327548623085,0.08846163004636765,0.0
1787251483.939148903,1787251483.939157248,state,0.0051731327548623085,0.08846163004636765,0.0
1787251483.941274643,1787251483.941282272,command,0.04161272943019867,0.06722305715084076,0.0
1787251483.999103785,1787251483.998480320,state_stamped,0.013918664306402206,0.08336435258388519,0.0
1787251483.999130726,1787251483.999136448,state,0.013918664306402206,0.08336435258388519,0.0
1787251484.001384020,1787251484.001392126,command,0.0474061481654644,0.07283041626214981,0.0
1787251484.069005966,1787251484.068480253,state_stamped,0.023295138031244278,0.08041486144065857,0.0
1787251484.069041729,1787251484.069049597,state,0.023295138031244278,0.08041486144065857,0.0
1787251484.071199894,1787251484.071207523,command,0.06643126904964447,0.2031622976064682,0.0
1787251484.139080524,1787251484.138480186,state_stamped,0.035373255610466,0.1147841364145279,0.0
1787251484.139115095,1787251484.139123440,state,0.035373255610466,0.1147841364145279,0.0
1787251484.141188145,1787251484.141196966,command,0.044659703969955444,0.061445023864507675,0.0
1787251484.199095726,1787251484.198480129,state_stamped,0.037602003663778305,0.10198274254798889,0.0
1787251484.199184656,1787251484.199193239,state,0.037602003663778305,0.10198274254798889,0.0
1787251484.201182604,1787251484.201190710,command,0.02507724054157734,0.06076382100582123,0.0
1787251484.269005060,1787251484.268480062,state_stamped,0.03409507870674133,0.09044148027896881,0.0
1787251484.269094467,1787251484.269102812,state,0.03409507870674133,0.09044148027896881,0.0
1787251484.271144152,1787251484.271150827,command,0.015128622762858868,0.07454495877027512,0.0
1787251484.339091301,1787251484.338480234,state_stamped,0.028784457594156265,0.08599044382572174,0.0
1787251484.339126587,1787251484.339134455,state,0.028784457594156265,0.08599044382572174,0.0
1787251484.341161966,1787251484.341169596,command,0.007856066338717937,0.075434111058712,0.0
1787251484.399091482,1787251484.398480177,state_stamped,0.02376164309680462,0.08345692604780197,0.0
1787251484.399133205,1787251484.399138927,state,0.02376164309680462,0.08345692604780197,0.0
1787251484.401193380,1787251484.401201487,command,0.0012791086919605732,0.07400906085968018,0.0
1787251484.469028711,1787251484.468480110,state_stamped,0.01746654510498047,0.0808115303516388,0.0
1787251484.469064474,1787251484.469074965,state,0.01746654510498047,0.0808115303516388,0.0
1787251484.471191645,1787251484.471197367,command,-0.00846434198319912,0.0674290731549263,0.0
1787251484.539095402,1787251484.538480043,state_stamped,0.010205887258052826,0.07706443965435028,0.0
1787251484.539132357,1787251484.539140463,state,0.010205887258052826,0.07706443965435028,0.0
1787251484.541246176,1787251484.541254044,command,-0.012296149507164955,0.06980488449335098,0.0
1787251484.598998785,1787251484.599007845,state,0.004805390723049641,0.07532214373350143,0.0
1787251484.599063396,1787251484.598480225,state_stamped,0.004805390723049641,0.07532214373350143,0.0
1787251484.601789951,1787251484.601796389,command,-0.020046254619956017,0.07203644514083862,0.0
1787251484.669036865,1787251484.668480396,state_stamped,-0.002153076697140932,0.07440214604139328,0.0
1787251484.669070482,1787251484.669076681,state,-0.002153076697140932,0.07440214604139328,0.0
1787251484.671402454,1787251484.671407700,command,-0.025626324117183685,0.06836488842964172,0.0
1787251484.739094019,1787251484.738479853,state_stamped,-0.008725550957024097,0.07271172106266022,0.0
1787251484.739123821,1787251484.739129305,state,-0.008725550957024097,0.07271172106266022,0.0
1787251484.741219044,1787251484.741226912,command,-0.02776598185300827,0.0643138512969017,0.0
1787251484.799077988,1787251484.798480511,state_stamped,-0.013295304030179977,0.07069621235132217,0.0
1787251484.799114227,1787251484.799124002,state,-0.013295304030179977,0.07069621235132217,0.0
1787251484.801215172,1787251484.801222324,command,-0.02989833801984787,0.0610947385430336,0.0
1787251484.869013309,1787251484.868480206,state_stamped,-0.017944134771823883,0.06800781190395355,0.0
1787251484.869043350,1787251484.869049072,state,-0.017944134771823883,0.06800781190395355,0.0
1787251484.871166468,1787251484.871172905,command,-0.0293876975774765,0.06661192327737808,0.0
1787251484.939075947,1787251484.938479900,state_stamped,-0.0211483146995306,0.06761696189641953,0.0
1787251484.939112425,1787251484.939120054,state,-0.0211483146995306,0.06761696189641953,0.0
1787251484.941149473,1787251484.941154480,command,-0.027322230860590935,0.06151198968291283,0.0
1787251484.999121666,1787251484.998480082,state_stamped,-0.022630060091614723,0.06615176051855087,0.0
1787251484.999153376,1787251484.999159575,state,-0.022630060091614723,0.06615176051855087,0.0
1787251485.001338720,1787251485.001346350,command,-0.0276356041431427,0.061400797218084335,0.0
1787251485.068928003,1787251485.068480253,state_stamped,-0.024031616747379303,0.06482148915529251,0.0
1787251485.068984985,1787251485.068992853,state,-0.024031616747379303,0.06482148915529251,0.0
1787251485.072018862,1787251485.072026730,command,-0.02116800844669342,0.061587195843458176,0.0
1787251485.139120340,1787251485.138479948,state_stamped,-0.0232298094779253,0.06391589343547821,0.0
1787251485.139161110,1787251485.139170647,state,-0.0232298094779253,0.06391589343547821,0.0
1787251485.141311646,1787251485.141317844,command,-0.017338158562779427,0.061423759907484055,0.0
1787251485.199092388,1787251485.198480129,state_stamped,-0.021815812215209007,0.06331778317689896,0.0
1787251485.199128628,1787251485.199136496,state,-0.021815812215209007,0.06331778317689896,0.0
1787251485.201220274,1787251485.201226473,command,-0.01754002831876278,0.06309261918067932,0.0
1787251485.269029140,1787251485.268480539,state_stamped,-0.020618584007024765,0.06325473636388779,0.0
1787251485.269064188,1787251485.269072056,state,-0.020618584007024765,0.06325473636388779,0.0
1787251485.270959616,1787251485.270965338,command,-0.017684077844023705,0.06254199892282486,0.0
1787251485.339103460,1787251485.338480473,state_stamped,-0.01979692094027996,0.06305517256259918,0.0
1787251485.339142323,1787251485.339151621,state,-0.01979692094027996,0.06305517256259918,0.0
1787251485.341233253,1787251485.341240168,command,-0.016968082636594772,0.06339346617460251,0.0
1787251485.398921490,1787251485.398480415,state_stamped,-0.01911799982190132,0.06313636153936386,0.0
1787251485.398948193,1787251485.398953676,state,-0.01911799982190132,0.06313636153936386,0.0
1787251485.400685787,1787251485.400691748,command,-0.016713235527276993,0.062497951090335846,0.0
1787251485.468884706,1787251485.468480587,state_stamped,-0.018444664776325226,0.06295760720968246,0.0
1787251485.468914032,1787251485.468919516,state,-0.018444664776325226,0.06295760720968246,0.0
1787251485.470803976,1787251485.470809698,command,-0.016345616430044174,0.06303080171346664,0.0
1787251485.539103270,1787251485.538480282,state_stamped,-0.017856933176517487,0.0629781037569046,0.0
1787251485.539137602,1787251485.539146662,state,-0.017856933176517487,0.0629781037569046,0.0
1787251485.541185379,1787251485.541193008,command,-0.01432109996676445,0.061076387763023376,0.0
1787251485.599099874,1787251485.598480225,state_stamped,-0.017008334398269653,0.06252169609069824,0.0
1787251485.599202871,1787251485.599210739,state,-0.017008334398269653,0.06252169609069824,0.0
1787251485.601166010,1787251485.601173162,command,-0.01214547362178564,0.06375068426132202,0.0
1787251485.669021130,1787251485.668480158,state_stamped,-0.015646735206246376,0.06286580860614777,0.0
1787251485.669057608,1787251485.669065714,state,-0.015646735206246376,0.06286580860614777,0.0
1787251485.671278477,1787251485.671285868,command,-0.010547187179327011,0.06372657418251038,0.0
1787251485.739091396,1787251485.738479614,state_stamped,-0.014218870550394058,0.06310681998729706,0.0
1787251485.739131689,1787251485.739140749,state,-0.014218870550394058,0.06310681998729706,0.0
1787251485.741182804,1787251485.741189003,command,-0.007020594552159309,0.06233822554349899,0.0
1787251485.799107313,1787251485.799114943,state,-0.012491267174482346,0.06292235851287842,0.0
1787251485.799185038,1787251485.798480272,state_stamped,-0.012491267174482346,0.06292235851287842,0.0
1787251485.801179886,1787251485.801187992,command,-0.004398594610393047,0.06234772875905037,0.0
1787251485.869011879,1787251485.869017124,state,-0.010225319303572178,0.06276146322488785,0.0
1787251485.869059801,1787251485.868480206,state_stamped,-0.010225319303572178,0.06276146322488785,0.0
1787251485.871232748,1787251485.871239901,command,-0.0028610394801944494,0.06296363472938538,0.0
1787251485.939115524,1787251485.938480139,state_stamped,-0.008163321763277054,0.06281807273626328,0.0
1787251485.939159393,1787251485.939168692,state,-0.008163321763277054,0.06281807273626328,0.0
1787251485.941251278,1787251485.941258907,command,-0.0009571968112140894,0.06441611051559448,0.0
1787251485.999118805,1787251485.998480082,state_stamped,-0.0064338576048612595,0.06320159882307053,0.0
1787251485.999158382,1787251485.999166250,state,-0.0064338576048612595,0.06320159882307053,0.0
1787251486.001428127,1787251486.001435757,command,-0.0007465250673703849,0.06672242283821106,0.0
1787251486.069013357,1787251486.068480015,state_stamped,-0.004841404035687447,0.0641874298453331,0.0
1787251486.069044828,1787251486.069052219,state,-0.004841404035687447,0.0641874298453331,0.0
1787251486.071350813,1787251486.071357012,command,-0.0020801282953470945,0.06497405469417572,0.0
1787251486.139094830,1787251486.138480186,state_stamped,-0.004068244714289904,0.06440768390893936,0.0
1787251486.139135122,1787251486.139144659,state,-0.004068244714289904,0.06440768390893936,0.0
1787251486.141203165,1787251486.141208887,command,-0.00240135844796896,0.06645811349153519,0.0
1787251486.199097633,1787251486.198480129,state_stamped,-0.003668192308396101,0.06489978730678558,0.0
1787251486.199134111,1787251486.199142694,state,-0.003668192308396101,0.06489978730678558,0.0
1787251486.201198101,1787251486.201204300,command,-0.0023866863921284676,0.06654626131057739,0.0
1787251486.269058466,1787251486.268480062,state_stamped,-0.0033093716483563185,0.06536079943180084,0.0
1787251486.269103289,1787251486.269111633,state,-0.0033093716483563185,0.06536079943180084,0.0
1787251486.271106482,1787251486.271112204,command,-0.004229661542922258,0.06658472865819931,0.0
1787251486.339129925,1787251486.338480234,state_stamped,-0.0035670537035912275,0.06570350378751755,0.0
1787251486.339178085,1787251486.339187145,state,-0.0035670537035912275,0.06570350378751755,0.0
1787251486.341151953,1787251486.341157198,command,-0.00681614875793457,0.0646110400557518,0.0
1787251486.399106979,1787251486.399115324,state,-0.004346839152276516,0.0654413104057312,0.0
1787251486.399188042,1787251486.398480415,state_stamped,-0.004346839152276516,0.0654413104057312,0.0
1787251486.401194334,1787251486.401200533,command,-0.013731278479099274,0.053892143070697784,0.0
1787251486.469082117,1787251486.468480349,state_stamped,-0.006974479183554649,0.06220754608511925,0.0
1787251486.469123840,1787251486.469131947,state,-0.006974479183554649,0.06220754608511925,0.0
1787251486.471151829,1787251486.471158028,command,-0.019885223358869553,0.056102119386196136,0.0
1787251486.539122343,1787251486.539131403,state,-0.010589485056698322,0.06049802899360657,0.0
1787251486.539211750,1787251486.538480282,state_stamped,-0.010589485056698322,0.06049802899360657,0.0
1787251486.541310310,1787251486.541316509,command,-0.02595466747879982,0.06848444044589996,0.0
1787251486.599154472,1787251486.599163055,state,-0.014277150854468346,0.062414780259132385,0.0
1787251486.599272490,1787251486.598480701,state_stamped,-0.014277150854468346,0.062414780259132385,0.0
1787251486.601783514,1787251486.601789236,command,-0.03094509057700634,0.0633268654346466,0.0
1787251486.669024706,1787251486.668480396,state_stamped,-0.01894414611160755,0.06267016381025314,0.0
1787251486.669059038,1787251486.669065714,state,-0.01894414611160755,0.06267016381025314,0.0
1787251486.671515465,1787251486.671523094,command,-0.03444633632898331,0.060248058289289474,0.0
1787251486.739117622,1787251486.738480091,state_stamped,-0.023284751921892166,0.06199197471141815,0.0
1787251486.739159822,1787251486.739169359,state,-0.023284751921892166,0.06199197471141815,0.0
1787251486.741246462,1787251486.741254330,command,-0.035027600824832916,0.06052751839160919,0.0
1787251486.799109221,1787251486.799117088,state,-0.026103045791387558,0.061640504747629166,0.0
1787251486.799167395,1787251486.798480511,state_stamped,-0.026103045791387558,0.061640504747629166,0.0
1787251486.801242828,1787251486.801247835,command,-0.034813445061445236,0.06511126458644867,0.0
1787251486.869037867,1787251486.869042873,state,-0.028541963547468185,0.06261231750249863,0.0
1787251486.869085073,1787251486.868480444,state_stamped,-0.028541963547468185,0.06261231750249863,0.0
1787251486.871217489,1787251486.871224880,command,-0.03288250043988228,0.05778785049915314,0.0
1787251486.939113140,1787251486.939122200,state,-0.0297573059797287,0.06126147508621216,0.0
1787251486.939214230,1787251486.938480139,state_stamped,-0.0297573059797287,0.06126147508621216,0.0
1787251486.941236973,1787251486.941244841,command,-0.02771339938044548,0.061935342848300934,0.0
1787251486.999104977,1787251486.998480320,state_stamped,-0.02926676534116268,0.061423204839229584,0.0
1787251486.999143124,1787251486.999151945,state,-0.02926676534116268,0.061423204839229584,0.0
1787251487.001434803,1787251487.001442909,command,-0.02535778097808361,0.06595855206251144,0.0
1787251487.069027424,1787251487.069032192,state,-0.028172247111797333,0.06269310414791107,0.0
1787251487.069075108,1787251487.068480492,state_stamped,-0.028172247111797333,0.06269310414791107,0.0
1787251487.071182013,1787251487.071187019,command,-0.01703975535929203,0.058281246572732925,0.0
1787251487.139118195,1787251487.139127016,state,-0.0250551700592041,0.061457790434360504,0.0
1787251487.139182091,1787251487.138480186,state_stamped,-0.0250551700592041,0.061457790434360504,0.0
1787251487.141235113,1787251487.141240120,command,-0.007026399485766888,0.05536676198244095,0.0
1787251487.198951483,1787251487.198956728,state,-0.020728254690766335,0.05999594181776047,0.0
1787251487.198997974,1787251487.198480129,state_stamped,-0.020728254690766335,0.05999594181776047,0.0
1787251487.200784206,1787251487.200789213,command,-0.0007866324158385396,0.05924951285123825,0.0
1787251487.268864155,1787251487.268867493,state,-0.0151445921510458,0.05978694185614586,0.0
1787251487.268903494,1787251487.268480301,state_stamped,-0.0151445921510458,0.05978694185614586,0.0
1787251487.270746469,1787251487.270752668,command,0.007380373775959015,0.06068151444196701,0.0
1787251487.338954449,1787251487.338960886,state,-0.008837636560201645,0.06003741919994354,0.0
1787251487.339004993,1787251487.338479996,state_stamped,-0.008837636560201645,0.06003741919994354,0.0
1787251487.340723276,1787251487.340728760,command,0.033640988171100616,0.19881850481033325,0.0
1787251487.399090290,1787251487.398479939,state_stamped,0.00135724525898695,0.09334491938352585,0.0
1787251487.399126768,1787251487.399134636,state,0.00135724525898695,0.09334491938352585,0.0
1787251487.401207924,1787251487.401213408,command,0.01770799793303013,0.0639650821685791,0.0
1787251487.469021559,1787251487.469026566,state,0.005935491994023323,0.08511850237846375,0.0
1787251487.469072104,1787251487.468480587,state_stamped,0.005935491994023323,0.08511850237846375,0.0
1787251487.471127510,1787251487.471132755,command,0.006048435810953379,0.05990635231137276,0.0
1787251487.539106131,1787251487.538479805,state_stamped,0.005967115983366966,0.07805917412042618,0.0
1787251487.539210796,1787251487.539218903,state,0.005967115983366966,0.07805917412042618,0.0
1787251487.541199684,1787251487.541204691,command,0.0025045538786798716,0.060830868780612946,0.0
1787251487.598960876,1787251487.598480940,state_stamped,0.005136085674166679,0.07392430305480957,0.0
1787251487.598989248,1787251487.598994970,state,0.005136085674166679,0.07392430305480957,0.0
1787251487.600775719,1787251487.600780964,command,0.004176449496299028,0.06993694603443146,0.0
1787251487.669149876,1787251487.668480158,state_stamped,0.004867390729486942,0.07280785590410233,0.0
1787251487.669193745,1787251487.669199705,state,0.004867390729486942,0.07280785590410233,0.0
1787251487.671281815,1787251487.671287060,command,0.018177058547735214,0.19994644820690155,0.0
1787251487.739127159,1787251487.739135981,state,0.008594348095357418,0.10840904712677002,0.0
1787251487.739193439,1787251487.738484859,state_stamped,0.008594348095357418,0.10840904712677002,0.0
1787251487.741240740,1787251487.741248846,command,-0.0030828940216451883,0.058723077178001404,0.0
1787251487.799214363,1787251487.798480034,state_stamped,0.005792031064629555,0.09648535400629044,0.0
1787251487.799266100,1787251487.799272537,state,0.005792031064629555,0.09648535400629044,0.0
1787251487.801228046,1787251487.801232815,command,-0.016052115708589554,0.05822991579771042,0.0
1787251487.869035959,1787251487.869041204,state,-0.00032431120052933693,0.08577386289834976,0.0
1787251487.869086981,1787251487.868479967,state_stamped,-0.00032431120052933693,0.08577386289834976,0.0
1787251487.871168375,1787251487.871174097,command,-0.018676569685339928,0.059570979326963425,0.0
1787251487.939117670,1787251487.939126492,state,-0.0054629771038889885,0.07843700796365738,0.0
1787251487.939182758,1787251487.938480377,state_stamped,-0.0054629771038889885,0.07843700796365738,0.0
1787251487.940890551,1787251487.940896749,command,-0.018584253266453743,0.04511008411645889,0.0
1787251487.999217987,1787251487.998480082,state_stamped,-0.008612075820565224,0.07043856382369995,0.0
1787251487.999265909,1787251487.999273062,state,-0.008612075820565224,0.07043856382369995,0.0
1787251488.001454830,1787251488.001460314,command,0.0048041269183158875,0.20353172719478607,0.0
1787251488.069044113,1787251488.069050312,state,-0.004855545237660408,0.10770459473133087,0.0
1787251488.069096565,1787251488.068480015,state_stamped,-0.004855545237660408,0.10770459473133087,0.0
1787251488.071202755,1787251488.071209192,command,-0.012549251317977905,0.05940891057252884,0.0
1787251488.139127970,1787251488.139137268,state,-0.007009795866906643,0.09418172389268875,0.0
1787251488.139240980,1787251488.138480425,state_stamped,-0.007009795866906643,0.09418172389268875,0.0
1787251488.141216993,1787251488.141222954,command,-0.023318877443671227,0.05487477779388428,0.0
1787251488.199097633,1787251488.199105501,state,-0.010923953726887703,0.08474811166524887,0.0
1787251488.199157000,1787251488.198480129,state_stamped,-0.010923953726887703,0.08474811166524887,0.0
1787251488.200842381,1787251488.200850010,command,-0.020661551505327225,0.04966320842504501,0.0
1787251488.269033670,1787251488.269039154,state,-0.013650482520461082,0.07492433488368988,0.0
1787251488.269083977,1787251488.268480062,state_stamped,-0.013650482520461082,0.07492433488368988,0.0
1787251488.271127701,1787251488.271133661,command,-0.012490006163716316,0.06300035864114761,0.0
1787251488.339162350,1787251488.338480473,state_stamped,-0.01332554779946804,0.07158560305833817,0.0
1787251488.339254618,1787251488.339263439,state,-0.01332554779946804,0.07158560305833817,0.0
1787251488.340960264,1787251488.340968370,command,-0.010860704816877842,0.06447124481201172,0.0
1787251488.399184227,1787251488.399192810,state,-0.01273399032652378,0.06987816840410233,0.0
1787251488.399247885,1787251488.398480177,state_stamped,-0.01273399032652378,0.06987816840410233,0.0
1787251488.401219606,1787251488.401227474,command,-0.006534015294164419,0.06993282586336136,0.0
1787251488.469037294,1787251488.469042778,state,-0.01099798921495676,0.06989347189664841,0.0
1787251488.469088078,1787251488.468480349,state_stamped,-0.01099798921495676,0.06989347189664841,0.0
1787251488.471164703,1787251488.471172333,command,-0.0037423432804644108,0.06829529255628586,0.0
1787251488.539142370,1787251488.539151430,state,-0.008966417983174324,0.06944598257541656,0.0
1787251488.539206743,1787251488.538480043,state_stamped,-0.008966417983174324,0.06944598257541656,0.0
1787251488.541254759,1787251488.541263103,command,-0.0019748397171497345,0.06623484194278717,0.0
1787251488.599114418,1787251488.599122763,state,-0.007288429420441389,0.06867530196905136,0.0
1787251488.599174976,1787251488.598480463,state_stamped,-0.007288429420441389,0.06867530196905136,0.0
1787251488.601213694,1787251488.601222515,command,0.019573085010051727,0.2087787389755249,0.0
1787251488.669016361,1787251488.669024706,state,0.0002327803522348404,0.10790418833494186,0.0
1787251488.669092417,1787251488.668480396,state_stamped,0.0002327803522348404,0.10790418833494186,0.0
1787251488.671644926,1787251488.671651125,command,8.451570465695113e-05,0.061632633209228516,0.0
1787251488.739221334,1787251488.739227057,state,0.00019126624101772904,0.09494815021753311,0.0
1787251488.739281654,1787251488.738480330,state_stamped,0.00019126624101772904,0.09494815021753311,0.0
1787251488.741429806,1787251488.741437912,command,-0.011865084059536457,0.05790397897362709,0.0
1787251488.799106359,1787251488.799111843,state,-0.00270225596614182,0.08605755865573883,0.0
1787251488.799159765,1787251488.798480272,state_stamped,-0.00270225596614182,0.08605755865573883,0.0
1787251488.800979376,1787251488.800987720,command,-0.013453105464577675,0.05240878462791443,0.0
1787251488.869060755,1787251488.869066477,state,-0.005712558515369892,0.0766357034444809,0.0
1787251488.869117975,1787251488.868481874,state_stamped,-0.005712558515369892,0.0766357034444809,0.0
1787251488.871234417,1787251488.871239185,command,-0.010673217475414276,0.061522722244262695,0.0
1787251488.939127922,1787251488.939136744,state,-0.00710151856765151,0.07240414619445801,0.0
1787251488.939194441,1787251488.938480616,state_stamped,-0.00710151856765151,0.07240414619445801,0.0
1787251488.941264153,1787251488.941270351,command,0.009974892251193523,0.2116909623146057,0.0
1787251488.998974800,1787251488.998980761,state,-0.0030031963251531124,0.10583284497261047,0.0
1787251488.999037027,1787251488.998480320,state_stamped,-0.0030031963251531124,0.10583284497261047,0.0
1787251489.001101017,1787251489.001106739,command,-0.010089627467095852,0.055231016129255295,0.0
1787251489.069050312,1787251489.069055796,state,-0.004987398162484169,0.09166432172060013,0.0
1787251489.069103718,1787251489.068480253,state_stamped,-0.004987398162484169,0.09166432172060013,0.0
1787251489.071252584,1787251489.071258545,command,-0.02230732887983322,0.06039389595389366,0.0
1787251489.139125824,1787251489.139134884,state,-0.009836960583925247,0.08290863782167435,0.0
1787251489.139196634,1787251489.138480186,state_stamped,-0.009836960583925247,0.08290863782167435,0.0
1787251489.141256332,1787251489.141261339,command,-0.0222809799015522,0.058242317289114,0.0
1787251489.199118853,1787251489.199126959,state,-0.012823525816202164,0.07698871940374374,0.0
1787251489.199175119,1787251489.198480129,state_stamped,-0.012823525816202164,0.07698871940374374,0.0
1787251489.201243639,1787251489.201247215,command,-0.018978232517838478,0.05597444996237755,0.0
1787251489.269075871,1787251489.269081831,state,-0.014546842314302921,0.07110472768545151,0.0
1787251489.269143581,1787251489.268480062,state_stamped,-0.014546842314302921,0.07110472768545151,0.0
1787251489.270908356,1787251489.270913601,command,0.003957533743232489,0.2083001583814621,0.0
1787251489.339121103,1787251489.339129925,state,-0.009365590289235115,0.10951964557170868,0.0
1787251489.339188576,1787251489.338480473,state_stamped,-0.009365590289235115,0.10951964557170868,0.0
1787251489.341196299,1787251489.341201305,command,-0.013501225039362907,0.05386001244187355,0.0
1787251489.399109840,1787251489.399117708,state,-0.010358138009905815,0.09616139531135559,0.0
1787251489.399165869,1787251489.398480177,state_stamped,-0.010358138009905815,0.09616139531135559,0.0
1787251489.401210070,1787251489.401215553,command,-0.022503569722175598,0.05958028510212898,0.0
1787251489.469051838,1787251489.469058037,state,-0.013758850283920765,0.08591870963573456,0.0
1787251489.469105482,1787251489.468479872,state_stamped,-0.013758850283920765,0.08591870963573456,0.0
1787251489.470921040,1787251489.470926285,command,-0.02117607556283474,0.05332379415631294,0.0
1787251489.539216280,1787251489.539225817,state,-0.01583568938076496,0.07679206132888794,0.0
1787251489.539284945,1787251489.538480520,state_stamped,-0.01583568938076496,0.07679206132888794,0.0
1787251489.541288614,1787251489.541293859,command,-0.010685460641980171,0.06802375614643097,0.0
1787251489.599214792,1787251489.599223137,state,-0.01459953561425209,0.07468750327825546,0.0
1787251489.599276781,1787251489.598485231,state_stamped,-0.01459953561425209,0.07468750327825546,0.0
1787251489.601248264,1787251489.601253748,command,-0.008653326891362667,0.06686173379421234,0.0
1787251489.669039249,1787251489.669045210,state,-0.012934716418385506,0.0724964439868927,0.0
1787251489.669092655,1787251489.668480396,state_stamped,-0.012934716418385506,0.0724964439868927,0.0
1787251489.670925856,1787251489.670930862,command,-0.0025044798385351896,0.058929555118083954,0.0
1787251489.738952398,1787251489.738959074,state,-0.01001425925642252,0.0686977282166481,0.0
1787251489.739009380,1787251489.738480091,state_stamped,-0.01001425925642252,0.0686977282166481,0.0
1787251489.740681887,1787251489.740685940,command,0.024001318961381912,0.19641445577144623,0.0
1787251489.799113512,1787251489.799121141,state,-0.0018505053594708443,0.09934979677200317,0.0
1787251489.799170971,1787251489.798480272,state_stamped,-0.0018505053594708443,0.09934979677200317,0.0
1787251489.801176786,1787251489.801182032,command,0.0035312797408550978,0.0639406368136406,0.0
1787251489.869038343,1787251489.869046211,state,-0.00034360482823103666,0.08943522721529007,0.0
1787251489.869101763,1787251489.868480206,state_stamped,-0.00034360482823103666,0.08943522721529007,0.0
1787251489.870921612,1787251489.870926857,command,-0.004032790660858154,0.05776404216885567,0.0
1787251489.939180374,1787251489.939189672,state,-0.001376579632051289,0.08056727051734924,0.0
1787251489.939249754,1787251489.938480377,state_stamped,-0.001376579632051289,0.08056727051734924,0.0
1787251489.941269398,1787251489.941277266,command,-0.006238831207156181,0.06320405751466751,0.0
1787251489.999159575,1787251489.999167919,state,-0.0025435229763388634,0.07640008628368378,0.0
1787251489.999231339,1787251489.998480558,state_stamped,-0.0025435229763388634,0.07640008628368378,0.0
1787251490.001888514,1787251490.001893520,command,-0.003407096955925226,0.07222750037908554,0.0
1787251490.069057941,1787251490.069064140,state,-0.002785321092233062,0.07523177564144135,0.0
1787251490.069113970,1787251490.068479776,state_stamped,-0.002785321092233062,0.07523177564144135,0.0
1787251490.071032763,1787251490.071038246,command,-0.0053634908981621265,0.07030114531517029,0.0
1787251490.139196873,1787251490.139202118,state,-0.0035072138998657465,0.07385119050741196,0.0
1787251490.139256001,1787251490.138480425,state_stamped,-0.0035072138998657465,0.07385119050741196,0.0
1787251490.141290426,1787251490.141295910,command,0.017854075878858566,0.2016507238149643,0.0
1787251490.199147701,1787251490.199152946,state,0.0016194956842809916,0.10452307760715485,0.0
1787251490.199206829,1787251490.198480368,state_stamped,0.0016194956842809916,0.10452307760715485,0.0
1787251490.201250315,1787251490.201258421,command,-0.0018209138652309775,0.06490570306777954,0.0
1787251490.269099712,1787251490.269104958,state,0.0006561858463101089,0.09343026578426361,0.0
1787251490.269160032,1787251490.268480062,state_stamped,0.0006561858463101089,0.09343026578426361,0.0
1787251490.270869017,1787251490.270875454,command,-0.013226456008851528,0.05779292434453964,0.0
1787251490.339163542,1787251490.339169979,state,-0.0032309575472027063,0.08345180004835129,0.0
1787251490.339222670,1787251490.338479996,state_stamped,-0.0032309575472027063,0.08345180004835129,0.0
1787251490.341216803,1787251490.341221809,command,-0.01632477343082428,0.055771131068468094,0.0
1787251490.399079323,1787251490.399084568,state,-0.006373477168381214,0.07680843025445938,0.0
1787251490.399134159,1787251490.398480177,state_stamped,-0.006373477168381214,0.07680843025445938,0.0
1787251490.400934935,1787251490.400940180,command,-0.011078370735049248,0.06313974410295486,0.0
1787251490.469022989,1787251490.469029188,state,-0.007690854370594025,0.07298117876052856,0.0
1787251490.469079733,1787251490.468480587,state_stamped,-0.007690854370594025,0.07298117876052856,0.0
1787251490.470877886,1787251490.470883369,command,0.00725970696657896,0.19674600660800934,0.0
1787251490.539093256,1787251490.539099932,state,-0.0035047000274062157,0.10763530433177948,0.0
1787251490.539152384,1787251490.538480520,state_stamped,-0.0035047000274062157,0.10763530433177948,0.0
1787251490.540985584,1787251490.540994644,command,-0.010280546732246876,0.05169334262609482,0.0
1787251490.599120378,1787251490.599128246,state,-0.00513090193271637,0.09420924633741379,0.0
1787251490.599178314,1787251490.598480463,state_stamped,-0.00513090193271637,0.09420924633741379,0.0
1787251490.600962162,1787251490.600966930,command,-0.020125146955251694,0.05827665328979492,0.0
1787251490.668867826,1787251490.668876171,state,-0.00932929664850235,0.084148108959198,0.0
1787251490.668926001,1787251490.668480635,state_stamped,-0.00932929664850235,0.084148108959198,0.0
1787251490.671506882,1787251490.671510935,command,-0.0226290225982666,0.048697181046009064,0.0
1787251490.739127159,1787251490.739135981,state,-0.013053417205810547,0.07422132045030594,0.0
1787251490.739200830,1787251490.738484144,state_stamped,-0.013053417205810547,0.07422132045030594,0.0
1787251490.741122007,1787251490.741127491,command,-0.011938884854316711,0.06470607221126556,0.0
1787251490.799096823,1787251490.799104691,state,-0.012785966508090496,0.07193797826766968,0.0
1787251490.799155235,1787251490.798475981,state_stamped,-0.012785966508090496,0.07193797826766968,0.0
1787251490.800995111,1787251490.801002979,command,-0.012601865455508232,0.06661248207092285,0.0
1787251490.869046926,1787251490.869055271,state,-0.012734415009617805,0.07044675201177597,0.0
1787251490.869114161,1787251490.868479967,state_stamped,-0.012734415009617805,0.07044675201177597,0.0
1787251490.870920420,1787251490.870928049,command,-0.008430741727352142,0.06706386059522629,0.0
1787251490.939114571,1787251490.939123631,state,-0.011529386043548584,0.06949954479932785,0.0
1787251490.939185619,1787251490.938479900,state_stamped,-0.011529386043548584,0.06949954479932785,0.0
1787251490.940998316,1787251490.941006899,command,-0.004374267533421516,0.0644102394580841,0.0
1787251490.999146223,1787251490.999155283,state,-0.009812152944505215,0.06827811151742935,0.0
1787251490.999217033,1787251490.998480082,state_stamped,-0.009812152944505215,0.06827811151742935,0.0
1787251491.001683950,1787251491.001689672,command,0.01700938306748867,0.2037341296672821,0.0
1787251491.069015265,1787251491.069020748,state,-0.002302123699337244,0.10620579123497009,0.0
1787251491.069126606,1787251491.068480253,state_stamped,-0.002302123699337244,0.10620579123497009,0.0
1787251491.070918798,1787251491.070923805,command,-0.0012082450557500124,0.06300303339958191,0.0
1787251491.139110088,1787251491.139119148,state,-0.001995836151763797,0.0941089540719986,0.0
1787251491.139180660,1787251491.138480425,state_stamped,-0.001995836151763797,0.0941089540719986,0.0
1787251491.140981913,1787251491.140987396,command,-0.011439203284680843,0.0686715841293335,0.0
1787251491.199173212,1787251491.198480606,state_stamped,-0.0042622508481144905,0.0880039632320404,0.0
1787251491.199276447,1787251491.199284792,state,-0.0042622508481144905,0.0880039632320404,0.0
1787251491.200992823,1787251491.200999975,command,-0.010041508823633194,0.06093559041619301,0.0
1787251491.269116879,1787251491.269122362,state,-0.005880425684154034,0.08042490482330322,0.0
1787251491.269171476,1787251491.268479824,state_stamped,-0.005880425684154034,0.08042490482330322,0.0
1787251491.270882368,1787251491.270887375,command,-0.011730961501598358,0.05671573802828789,0.0
1787251491.339111090,1787251491.339115858,state,-0.007518576458096504,0.07378633320331573,0.0
1787251491.339214325,1787251491.338479996,state_stamped,-0.007518576458096504,0.07378633320331573,0.0
1787251491.340958357,1787251491.340963602,command,-0.010713527910411358,0.06305570155382156,0.0
1787251491.399164438,1787251491.399168730,state,-0.00828536506742239,0.07121098041534424,0.0
1787251491.399247646,1787251491.398479939,state_stamped,-0.00828536506742239,0.07121098041534424,0.0
1787251491.400960207,1787251491.400965452,command,-0.007253808435052633,0.06956613808870316,0.0
1787251491.469118834,1787251491.469123125,state,-0.007996529340744019,0.07075042277574539,0.0
1787251491.469173670,1787251491.468479872,state_stamped,-0.007996529340744019,0.07075042277574539,0.0
1787251491.470863342,1787251491.470868826,command,-0.006873728707432747,0.07047094404697418,0.0
1787251491.539146185,1787251491.539155483,state,-0.007682143244892359,0.0706721693277359,0.0
1787251491.539232969,1787251491.538480282,state_stamped,-0.007682143244892359,0.0706721693277359,0.0
1787251491.541413546,1787251491.541425943,command,-0.004665716551244259,0.06679364293813705,0.0
1787251491.599117517,1787251491.599123001,state,-0.00695820152759552,0.06974132359027863,0.0
1787251491.599170923,1787251491.598480225,state_stamped,-0.00695820152759552,0.06974132359027863,0.0
1787251491.601051092,1787251491.601056099,command,-0.0033742596860975027,0.06628905981779099,0.0
1787251491.669024229,1787251491.669029951,state,-0.005954699590802193,0.06877469271421432,0.0
1787251491.669092894,1787251491.668480158,state_stamped,-0.005954699590802193,0.06877469271421432,0.0
1787251491.670953751,1787251491.670958996,command,-0.0022079343907535076,0.0679561197757721,0.0
1787251491.739104748,1787251491.739109278,state,-0.004905602894723415,0.06854549050331116,0.0
1787251491.739194393,1787251491.738480330,state_stamped,-0.004905602894723415,0.06854549050331116,0.0
1787251491.740977764,1787251491.740984201,command,-0.002110968343913555,0.06683763861656189,0.0
1787251491.799101114,1787251491.799105883,state,-0.00423489511013031,0.06813561171293259,0.0
1787251491.799150705,1787251491.798479795,state_stamped,-0.00423489511013031,0.06813561171293259,0.0
1787251491.800946712,1787251491.800951481,command,-0.0032459921203553677,0.06662490963935852,0.0
1787251491.869013786,1787251491.869018078,state,-0.003958001732826233,0.06771261245012283,0.0
1787251491.869107485,1787251491.868479967,state_stamped,-0.003958001732826233,0.06771261245012283,0.0
1787251491.870906353,1787251491.870913267,command,0.0157769825309515,0.20717230439186096,0.0
1787251491.938982487,1787251491.938989878,state,0.0015678233467042446,0.10676153749227524,0.0
1787251491.939039707,1787251491.938480377,state_stamped,0.0015678233467042446,0.10676153749227524,0.0
1787251491.941265821,1787251491.941273928,command,0.012417696416378021,0.2109992951154709,0.0
1787251491.999146223,1787251491.998479843,state_stamped,0.004171771928668022,0.13177840411663055,0.0
1787251491.999198914,1787251491.999208212,state,0.004171771928668022,0.13177840411663055,0.0
1787251492.001367569,1787251492.001375437,command,0.004105547443032265,0.2119182050228119,0.0
1787251492.069031715,1787251492.069037914,state,0.004153228830546141,0.15421763062477112,0.0
1787251492.069083691,1787251492.068480253,state_stamped,0.004153228830546141,0.15421763062477112,0.0
1787251492.070991278,1787251492.070999146,command,-0.007016506977379322,0.20637713372707367,0.0
1787251492.139102936,1787251492.139108896,state,0.0010257135145366192,0.1688222438097,0.0
1787251492.139153719,1787251492.138479948,state_stamped,0.0010257135145366192,0.1688222438097,0.0
1787251492.141000271,1787251492.141007900,command,-0.01992768794298172,0.22914433479309082,0.0
1787251492.199103832,1787251492.199110508,state,-0.00400310754776001,0.18329955637454987,0.0
1787251492.199157000,1787251492.198479891,state_stamped,-0.00400310754776001,0.18329955637454987,0.0
1787251492.201019764,1787251492.201024771,command,-0.02440282329916954,0.21958120167255402,0.0
1787251492.269022465,1787251492.269027233,state,-0.009715022519230843,0.1934584081172943,0.0
1787251492.269073725,1787251492.268479824,state_stamped,-0.009715022519230843,0.1934584081172943,0.0
1787251492.270887375,1787251492.270892620,command,-0.028068212792277336,0.2302231639623642,0.0
1787251492.339081764,1787251492.339086294,state,-0.014853937551379204,0.2037525773048401,0.0
1787251492.339130163,1787251492.338480234,state_stamped,-0.014853937551379204,0.2037525773048401,0.0
1787251492.340938807,1787251492.340943813,command,-0.0518358051776886,0.06579431146383286,0.0
1787251492.399077415,1787251492.398480415,state_stamped,-0.023729601874947548,0.17064252495765686,0.0
1787251492.399120569,1787251492.399125814,state,-0.023729601874947548,0.17064252495765686,0.0
1787251492.400931358,1787251492.400936604,command,-0.021571556106209755,0.20948730409145355,0.0
1787251492.469035864,1787251492.469042063,state,-0.02312534675002098,0.18151910603046417,0.0
1787251492.469085693,1787251492.468480587,state_stamped,-0.02312534675002098,0.18151910603046417,0.0
1787251492.470896244,1787251492.470901251,command,-0.008721302263438702,0.21063168346881866,0.0
1787251492.539085627,1787251492.539091110,state,-0.01909225806593895,0.18967053294181824,0.0
1787251492.539133787,1787251492.538479805,state_stamped,-0.01909225806593895,0.18967053294181824,0.0
1787251492.540969610,1787251492.540975571,command,0.0014135329984128475,0.21261537075042725,0.0
1787251492.599091291,1787251492.599096775,state,-0.01417081244289875,0.195177361369133,0.0
1787251492.599142313,1787251492.598480463,state_stamped,-0.01417081244289875,0.195177361369133,0.0
1787251492.600939035,1787251492.600942850,command,-0.011911172419786453,0.07049435377120972,0.0
1787251492.668919563,1787251492.668928146,state,-0.01353811752051115,0.16026638448238373,0.0
1787251492.668982744,1787251492.668480158,state_stamped,-0.01353811752051115,0.16026638448238373,0.0
1787251492.671557665,1787251492.671564579,command,-0.002990968991070986,0.07068115472793579,0.0
1787251492.739122152,1787251492.739127159,state,-0.010584903880953789,0.13518241047859192,0.0
1787251492.739169598,1787251492.738480330,state_stamped,-0.010584903880953789,0.13518241047859192,0.0
1787251492.741140842,1787251492.741144657,command,0.017022373154759407,0.0671657919883728,0.0
1787251492.799107313,1787251492.799112082,state,-0.003959170076996088,0.1188584566116333,0.0
1787251492.799162865,1787251492.798480272,state_stamped,-0.003959170076996088,0.1188584566116333,0.0
1787251492.801010370,1787251492.801015854,command,0.03004222735762596,0.06405401229858398,0.0
1787251492.869067669,1787251492.868480206,state_stamped,0.005561223719269037,0.1035132110118866,0.0
1787251492.869108200,1787251492.869113684,state,0.005561223719269037,0.1035132110118866,0.0
1787251492.870915651,1787251492.870919228,command,0.04143671318888664,0.0695590153336525,0.0
1787251492.939098120,1787251492.938480139,state_stamped,0.015606358647346497,0.09400603920221329,0.0
1787251492.939139366,1787251492.939144373,state,0.015606358647346497,0.09400603920221329,0.0
1787251492.940839529,1787251492.940844774,command,0.048577066510915756,0.06685013324022293,0.0
1787251492.999103069,1787251492.998480082,state_stamped,0.023519324138760567,0.08748862892389297,0.0
1787251492.999145269,1787251492.999155283,state,0.023519324138760567,0.08748862892389297,0.0
1787251493.000999451,1787251493.001004219,command,0.05243357643485069,0.069419726729393,0.0
1787251493.069065332,1787251493.069071531,state,0.03161529451608658,0.08242934942245483,0.0
1787251493.069115162,1787251493.068480015,state_stamped,0.03161529451608658,0.08242934942245483,0.0
1787251493.070941448,1787251493.070946455,command,0.054325755685567856,0.07479043304920197,0.0
1787251493.139096260,1787251493.139101028,state,0.0379742756485939,0.08029043674468994,0.0
1787251493.139138222,1787251493.138480663,state_stamped,0.0379742756485939,0.08029043674468994,0.0
1787251493.140991211,1787251493.140996695,command,0.04924458637833595,0.07063193619251251,0.0
1787251493.199106216,1787251493.199110985,state,0.040679141879081726,0.0779724046587944,0.0
1787251493.199171305,1787251493.198480368,state_stamped,0.040679141879081726,0.0779724046587944,0.0
1787251493.200984240,1787251493.200989723,command,0.03924949839711189,0.07080603390932083,0.0
1787251493.269000292,1787251493.269004345,state,0.0402788445353508,0.07596582919359207,0.0
1787251493.269047022,1787251493.268480062,state_stamped,0.0402788445353508,0.07596582919359207,0.0
1787251493.270929098,1787251493.270934343,command,0.04473128542304039,0.22291827201843262,0.0
1787251493.339086056,1787251493.339089394,state,0.04152553156018257,0.11711260676383972,0.0
1787251493.339178324,1787251493.338480234,state_stamped,0.04152553156018257,0.11711260676383972,0.0
1787251493.340965033,1787251493.340970516,command,0.012447801418602467,0.05361064895987511,0.0
1787251493.399104357,1787251493.399107695,state,0.034546930342912674,0.10187225788831711,0.0
1787251493.399188519,1787251493.398479700,state_stamped,0.034546930342912674,0.10187225788831711,0.0
1787251493.400958300,1787251493.400963783,command,-0.008937623351812363,0.0549737885594368,0.0
1787251493.469003677,1787251493.469008446,state,0.022371143102645874,0.08874056488275528,0.0
1787251493.469062328,1787251493.468480349,state_stamped,0.022371143102645874,0.08874056488275528,0.0
1787251493.470880270,1787251493.470886946,command,-0.024050084874033928,0.06182027980685234,0.0
1787251493.539101362,1787251493.539106131,state,0.009373228996992111,0.0812029018998146,0.0
1787251493.539182901,1787251493.538480282,state_stamped,0.009373228996992111,0.0812029018998146,0.0
1787251493.540941715,1787251493.540946960,command,-0.030063830316066742,0.064640574157238,0.0
1787251493.599111080,1787251493.599116325,state,-9.162537753582001e-05,0.07722795754671097,0.0
1787251493.599203348,1787251493.598479986,state_stamped,-9.162537753582001e-05,0.07722795754671097,0.0
1787251493.601033449,1787251493.601038694,command,-0.03473474457859993,0.0648735985159874,0.0
1787251493.668907166,1787251493.668913603,state,-0.00979173369705677,0.0737687274813652,0.0
1787251493.668994188,1787251493.668480158,state_stamped,-0.00979173369705677,0.0737687274813652,0.0
1787251493.671012163,1787251493.671015978,command,-0.03640227019786835,0.06212260574102402,0.0
1787251493.739115000,1787251493.739119768,state,-0.017242688685655594,0.07050780951976776,0.0
1787251493.739172935,1787251493.738480091,state_stamped,-0.017242688685655594,0.07050780951976776,0.0
1787251493.741050959,1787251493.741057634,command,-0.03619394078850746,0.05787469074130058,0.0
1787251493.798943758,1787251493.798948050,state,-0.02179097756743431,0.06747587025165558,0.0
1787251493.798990250,1787251493.798480034,state_stamped,-0.02179097756743431,0.06747587025165558,0.0
1787251493.800859928,1787251493.800867796,command,-0.033862702548503876,0.06260613352060318,0.0
1787251493.869011402,1787251493.868479729,state_stamped,-0.02517104521393776,0.06611234694719315,0.0
1787251493.869053125,1787251493.869059563,state,-0.02517104521393776,0.06611234694719315,0.0
1787251493.870973349,1787251493.870982885,command,-0.032073020935058594,0.059641461819410324,0.0
1787251493.939099550,1787251493.939105272,state,-0.02710360288619995,0.06430049240589142,0.0
1787251493.939146757,1787251493.938479900,state_stamped,-0.02710360288619995,0.06430049240589142,0.0
1787251493.940979481,1787251493.940987349,command,-0.025213107466697693,0.05788153037428856,0.0
1787251493.999107599,1787251493.998480082,state_stamped,-0.02664988301694393,0.06275993585586548,0.0
1787251493.999155760,1787251493.999164104,state,-0.02664988301694393,0.06275993585586548,0.0
1787251494.001257181,1787251494.001264811,command,-0.021914443001151085,0.05946698412299156,0.0
1787251494.069054365,1787251494.069061041,state,-0.025323951616883278,0.061837904155254364,0.0
1787251494.069152594,1787251494.068480492,state_stamped,-0.025323951616883278,0.061837904155254364,0.0
1787251494.071046114,1787251494.071051836,command,-0.015305445529520512,0.05798550322651863,0.0
1787251494.139101267,1787251494.139106989,state,-0.022518575191497803,0.060759156942367554,0.0
1787251494.139147997,1787251494.138485432,state_stamped,-0.022518575191497803,0.060759156942367554,0.0
1787251494.141334772,1787251494.141342402,command,-0.011211232282221317,0.061945654451847076,0.0
1787251494.199110746,1787251494.199116468,state,-0.01980505883693695,0.06104389205574989,0.0
1787251494.199157953,1787251494.198479891,state_stamped,-0.01980505883693695,0.06104389205574989,0.0
1787251494.200962305,1787251494.200969934,command,-0.011822368949651718,0.06092136353254318,0.0
1787251494.269009829,1787251494.269015312,state,-0.0175698883831501,0.06100958213210106,0.0
1787251494.269057989,1787251494.268480301,state_stamped,-0.0175698883831501,0.06100958213210106,0.0
1787251494.271270752,1787251494.271280289,command,-0.01151515543460846,0.06056959554553032,0.0
1787251494.339103937,1787251494.338479996,state_stamped,-0.015874572098255157,0.06088638678193092,0.0
1787251494.339146137,1787251494.339151382,state,-0.015874572098255157,0.06088638678193092,0.0
1787251494.340961456,1787251494.340969324,command,-0.012973434291779995,0.0651380866765976,0.0
1787251494.399124384,1787251494.398480177,state_stamped,-0.015178297646343708,0.06190679594874382,0.0
1787251494.399167299,1787251494.399172068,state,-0.015178297646343708,0.06190679594874382,0.0
1787251494.400930882,1787251494.400936127,command,-0.014872726984322071,0.062373269349336624,0.0
1787251494.469019651,1787251494.469024420,state,-0.015092737041413784,0.06203740835189819,0.0
1787251494.469067574,1787251494.468480587,state_stamped,-0.015092737041413784,0.06203740835189819,0.0
1787251494.470853329,1787251494.470861673,command,-0.016308855265378952,0.06179402396082878,0.0
1787251494.539095402,1787251494.538480282,state_stamped,-0.01543324813246727,0.06196926161646843,0.0
1787251494.539183617,1787251494.539188147,state,-0.01543324813246727,0.06196926161646843,0.0
1787251494.540953398,1787251494.540961027,command,-0.014285468496382236,0.06107056513428688,0.0
1787251494.599159241,1787251494.598486423,state_stamped,-0.01515775267034769,0.06175355240702629,0.0
1787251494.599248409,1787251494.599252462,state,-0.01515775267034769,0.06175355240702629,0.0
1787251494.600994587,1787251494.601002932,command,-0.013732795603573322,0.06401687860488892,0.0
1787251494.669084311,1787251494.669093609,state,-0.01475879829376936,0.06238723173737526,0.0
1787251494.669160843,1787251494.668480396,state_stamped,-0.01475879829376936,0.06238723173737526,0.0
1787251494.671819687,1787251494.671826363,command,-0.013641931116580963,0.06200694292783737,0.0
1787251494.739123344,1787251494.738480091,state_stamped,-0.014446076937019825,0.06228075176477432,0.0
1787251494.739160538,1787251494.739168167,state,-0.014446076937019825,0.06228075176477432,0.0
1787251494.741560221,1787251494.741568089,command,-0.011980605311691761,0.06068814545869827,0.0
1787251494.799099684,1787251494.798480034,state_stamped,-0.01385436486452818,0.061898525804281235,0.0
1787251494.799145222,1787251494.799151182,state,-0.01385436486452818,0.061898525804281235,0.0
1787251494.801047564,1787251494.801056623,command,-0.009320114739239216,0.06307074427604675,0.0
1787251494.869088411,1787251494.869093418,state,-0.01258477196097374,0.06222674623131752,0.0
1787251494.869175434,1787251494.868480206,state_stamped,-0.01258477196097374,0.06222674623131752,0.0
1787251494.871010542,1787251494.871019602,command,-0.008563097566366196,0.06162815913558006,0.0
1787251494.939189196,1787251494.938480616,state_stamped,-0.01145869866013527,0.06205914169549942,0.0
1787251494.939229965,1787251494.939234495,state,-0.01145869866013527,0.06205914169549942,0.0
1787251494.940998316,1787251494.941007137,command,-0.003414945909753442,0.061420757323503494,0.0
1787251494.999117851,1787251494.998480320,state_stamped,-0.009528205730021,0.06190593168139458,0.0
1787251494.999166965,1787251494.999174833,state,-0.009528205730021,0.06190593168139458,0.0
1787251495.001189232,1787251495.001198292,command,0.0004686311585828662,0.06182858347892761,0.0
1787251495.069034100,1787251495.069039822,state,-0.006729097105562687,0.06188427284359932,0.0
1787251495.069082737,1787251495.068480015,state_stamped,-0.006729097105562687,0.06188427284359932,0.0
1787251495.070981979,1787251495.070991516,command,0.002270819852128625,0.06133229658007622,0.0
1787251495.139094591,1787251495.139099598,state,-0.0042091067880392075,0.06172971799969673,0.0
1787251495.139142036,1787251495.138480425,state_stamped,-0.0042091067880392075,0.06172971799969673,0.0
1787251495.140987873,1787251495.140995502,command,0.0034633816685527563,0.06534966081380844,0.0
1787251495.199156761,1787251495.198479891,state_stamped,-0.002367726992815733,0.06259849667549133,0.0
1787251495.199233770,1787251495.199238062,state,-0.002367726992815733,0.06259849667549133,0.0
1787251495.201014996,1787251495.201022625,command,0.003300578100606799,0.06522968411445618,0.0
1787251495.269125938,1787251495.269129992,state,-0.0007805930217728019,0.06333523243665695,0.0
1787251495.269169807,1787251495.268480301,state_stamped,-0.0007805930217728019,0.06333523243665695,0.0
1787251495.270967007,1787251495.270974636,command,-0.00033858753158710897,0.06871084868907928,0.0
1787251495.339093924,1787251495.338480234,state_stamped,-0.000656831543892622,0.0648404061794281,0.0
1787251495.339135170,1787251495.339140654,state,-0.000656831543892622,0.0648404061794281,0.0
1787251495.340957880,1787251495.340966463,command,-0.004519788082689047,0.06552547961473465,0.0
1787251495.399118185,1787251495.398480177,state_stamped,-0.0015839410480111837,0.06500482559204102,0.0
1787251495.399200916,1787251495.399205446,state,-0.0015839410480111837,0.06500482559204102,0.0
1787251495.400962353,1787251495.400970697,command,-0.005774937570095062,0.060637131333351135,0.0
1787251495.469048500,1787251495.469054699,state,-0.0027575131971389055,0.06378177553415298,0.0
1787251495.469099760,1787251495.468485832,state_stamped,-0.0027575131971389055,0.06378177553415298,0.0
1787251495.470994711,1787251495.471002102,command,-0.007583689410239458,0.06265722960233688,0.0
1787251495.539095402,1787251495.539101362,state,-0.00410873256623745,0.06346692889928818,0.0
1787251495.539141178,1787251495.538480043,state_stamped,-0.00410873256623745,0.06346692889928818,0.0
1787251495.540995598,1787251495.541003466,command,-0.011418785899877548,0.056717224419116974,0.0
1787251495.599182844,1787251495.599186897,state,-0.005863145925104618,0.06184699758887291,0.0
1787251495.599226713,1787251495.598480225,state_stamped,-0.005863145925104618,0.06184699758887291,0.0
1787251495.600983620,1787251495.600991249,command,-0.017685262486338615,0.0544852688908577,0.0
1787251495.669022322,1787251495.669027328,state,-0.00917334295809269,0.059785712510347366,0.0
1787251495.669070244,1787251495.668480158,state_stamped,-0.00917334295809269,0.059785712510347366,0.0
1787251495.670921803,1787251495.670931101,command,-0.023275157436728477,0.06934144347906113,0.0
1787251495.739091635,1787251495.739097118,state,-0.013121852651238441,0.06246132031083107,0.0
1787251495.739139795,1787251495.738480330,state_stamped,-0.013121852651238441,0.06246132031083107,0.0
1787251495.740961313,1787251495.740968943,command,-0.029871104285120964,0.05958186462521553,0.0
1787251495.799079657,1787251495.798480272,state_stamped,-0.017141681164503098,0.061770249158144,0.0
1787251495.799115181,1787251495.799120903,state,-0.017141681164503098,0.061770249158144,0.0
1787251495.800990582,1787251495.800997972,command,-0.03274926915764809,0.05869483947753906,0.0
1787251495.869009256,1787251495.868480444,state_stamped,-0.021511802449822426,0.06090913340449333,0.0
1787251495.869096518,1787251495.869100809,state,-0.021511802449822426,0.06090913340449333,0.0
1787251495.870929241,1787251495.870936632,command,-0.035816941410303116,0.06390319764614105,0.0
1787251495.939092875,1787251495.938480377,state_stamped,-0.025517238304018974,0.0617474690079689,0.0
1787251495.939136028,1787251495.939141035,state,-0.025517238304018974,0.0617474690079689,0.0
1787251495.940975904,1787251495.940980911,command,-0.037723518908023834,0.06182471662759781,0.0
1787251495.999112606,1787251495.998480558,state_stamped,-0.028446754440665245,0.06176600977778435,0.0
1787251495.999152422,1787251495.999162197,state,-0.028446754440665245,0.06176600977778435,0.0
1787251496.001058102,1787251496.001063347,command,-0.03720555827021599,0.06027970463037491,0.0
1787251496.069013596,1787251496.068480253,state_stamped,-0.030899208039045334,0.06134984642267227,0.0
1787251496.069057226,1787251496.069062948,state,-0.030899208039045334,0.06134984642267227,0.0
1787251496.071024656,1787251496.071029902,command,-0.013973456807434559,0.21453610062599182,0.0
1787251496.139121771,1787251496.138480425,state_stamped,-0.026159975677728653,0.10424219071865082,0.0
1787251496.139199257,1787251496.139205456,state,-0.026159975677728653,0.10424219071865082,0.0
1787251496.140962839,1787251496.140967846,command,-0.009500015527009964,0.23068703711032867,0.0
1787251496.199111938,1787251496.199118376,state,-0.022161608561873436,0.13458877801895142,0.0
1787251496.199201822,1787251496.198480129,state_stamped,-0.022161608561873436,0.13458877801895142,0.0
1787251496.200984478,1787251496.200989723,command,-0.013518870808184147,0.19645148515701294,0.0
1787251496.268998623,1787251496.269003630,state,-0.019741635769605637,0.15191037952899933,0.0
1787251496.269047737,1787251496.268480301,state_stamped,-0.019741635769605637,0.15191037952899933,0.0
1787251496.270903349,1787251496.270910740,command,-0.02219732664525509,0.2163267582654953,0.0
1787251496.339068890,1787251496.339074135,state,-0.020429229363799095,0.16994696855545044,0.0
1787251496.339115381,1787251496.338480234,state_stamped,-0.020429229363799095,0.16994696855545044,0.0
1787251496.340940237,1787251496.340947151,command,-0.020977487787604332,0.20261017978191376,0.0
1787251496.399171114,1787251496.399174929,state,-0.02056081034243107,0.17778606712818146,0.0
1787251496.399215221,1787251496.398479700,state_stamped,-0.02056081034243107,0.17778606712818146,0.0
1787251496.400973558,1787251496.400980711,command,-0.013638435862958431,0.20489424467086792,0.0
1787251496.469023228,1787251496.469028950,state,-0.01862252876162529,0.18537642061710358,0.0
1787251496.469073057,1787251496.468480349,state_stamped,-0.01862252876162529,0.18537642061710358,0.0
1787251496.470982075,1787251496.470989466,command,-0.005797840654850006,0.20944860577583313,0.0
1787251496.539092064,1787251496.539097071,state,-0.015031598508358002,0.1921166628599167,0.0
1787251496.539140940,1787251496.538480759,state_stamped,-0.015031598508358002,0.1921166628599167,0.0
1787251496.540950060,1787251496.540957451,command,0.003659562673419714,0.2163591831922531,0.0
1787251496.599191904,1787251496.599196434,state,-0.010545745491981506,0.1979348361492157,0.0
1787251496.599235773,1787251496.598480225,state_stamped,-0.010545745491981506,0.1979348361492157,0.0
1787251496.601044178,1787251496.601051807,command,-0.0073591843247413635,0.0729663223028183,0.0
1787251496.669038773,1787251496.669044971,state,-0.009653514251112938,0.16294388473033905,0.0
1787251496.669089079,1787251496.668479919,state_stamped,-0.009653514251112938,0.16294388473033905,0.0
1787251496.670933247,1787251496.670942307,command,0.0015028119087219238,0.06678307801485062,0.0
1787251496.739104033,1787251496.738479853,state_stamped,-0.006529737263917923,0.1360188126564026,0.0
1787251496.739156961,1787251496.739166975,state,-0.006529737263917923,0.1360188126564026,0.0
1787251496.741748810,1787251496.741755486,command,0.03542257845401764,0.19928795099258423,0.0
1787251496.799086571,1787251496.798480511,state_stamped,0.003538917750120163,0.15120355784893036,0.0
1787251496.799123764,1787251496.799129009,state,0.003538917750120163,0.15120355784893036,0.0
1787251496.800954580,1787251496.800961971,command,0.05028674751520157,0.20597009360790253,0.0
1787251496.868995905,1787251496.868480206,state_stamped,0.016628233715891838,0.16653810441493988,0.0
1787251496.869038343,1787251496.869044304,state,0.016628233715891838,0.16653810441493988,0.0
1787251496.870806217,1787251496.870813608,command,0.03345971927046776,0.06680314242839813,0.0
1787251496.939063787,1787251496.939069510,state,0.02134105935692787,0.13861225545406342,0.0
1787251496.939111710,1787251496.938480377,state_stamped,0.02134105935692787,0.13861225545406342,0.0
1787251496.940791130,1787251496.940798998,command,0.05051447078585625,0.1992456614971161,0.0
1787251496.999089241,1787251496.998480320,state_stamped,0.028342679142951965,0.15316426753997803,0.0
1787251496.999138832,1787251496.999147177,state,0.028342679142951965,0.15316426753997803,0.0
1787251497.001045942,1787251497.001053810,command,0.056616101413965225,0.191964253783226,0.0
1787251497.068991423,1787251497.068480253,state_stamped,0.03625921905040741,0.16402824223041534,0.0
1787251497.069025993,1787251497.069031239,state,0.03625921905040741,0.16402824223041534,0.0
1787251497.070757151,1787251497.070764542,command,0.05052999407052994,0.19769959151744843,0.0
1787251497.139057875,1787251497.138480186,state_stamped,0.04025503993034363,0.17345623672008514,0.0
1787251497.139097691,1787251497.139102459,state,0.04025503993034363,0.17345623672008514,0.0
1787251497.140800238,1787251497.140807629,command,0.01870815083384514,0.07183291018009186,0.0
1787251497.199121237,1787251497.199126005,state,0.03508378565311432,0.14906664192676544,0.0
1787251497.199205160,1787251497.198480129,state_stamped,0.03508378565311432,0.14906664192676544,0.0
1787251497.200840950,1787251497.200846434,command,0.03361988812685013,0.19624179601669312,0.0
1787251497.269001245,1787251497.269008160,state,0.03467389568686485,0.16227568686008453,0.0
1787251497.269052744,1787251497.268480301,state_stamped,0.03467389568686485,0.16227568686008453,0.0
1787251497.270767689,1787251497.270775080,command,0.011352474801242352,0.06723134219646454,0.0
1787251497.339056492,1787251497.339061975,state,0.028143933042883873,0.13566341996192932,0.0
1787251497.339108467,1787251497.338479757,state_stamped,0.028143933042883873,0.13566341996192932,0.0
1787251497.340773821,1787251497.340781450,command,0.005985419265925884,0.05325092002749443,0.0
1787251497.399080276,1787251497.399085283,state,0.022825855761766434,0.11588429659605026,0.0
1787251497.399138212,1787251497.398480177,state_stamped,0.022825855761766434,0.11588429659605026,0.0
1787251497.401000261,1787251497.401008129,command,0.004069415852427483,0.05454908683896065,0.0
1787251497.468974590,1787251497.468979597,state,0.01757407933473587,0.09871052205562592,0.0
1787251497.469018936,1787251497.468479872,state_stamped,0.01757407933473587,0.09871052205562592,0.0
1787251497.470889568,1787251497.470898151,command,0.00456500519067049,0.054288100451231,0.0
1787251497.539045334,1787251497.538480043,state_stamped,0.013931524008512497,0.08627219498157501,0.0
1787251497.539075851,1787251497.539081812,state,0.013931524008512497,0.08627219498157501,0.0
1787251497.540800571,1787251497.540807724,command,0.012181864120066166,0.07034902274608612,0.0
1787251497.599105597,1787251497.599110603,state,0.013511601835489273,0.08245059847831726,0.0
1787251497.599141836,1787251497.598480701,state_stamped,0.013511601835489273,0.08245059847831726,0.0
1787251497.600969791,1787251497.600977421,command,0.031765617430210114,0.203602597117424,0.0
1787251497.668998480,1787251497.668480158,state_stamped,0.018622688949108124,0.11637291312217712,0.0
1787251497.669024944,1787251497.669030190,state,0.018622688949108124,0.11637291312217712,0.0
1787251497.670967102,1787251497.670974493,command,0.011464797891676426,0.05633397027850151,0.0
1787251497.739067554,1787251497.738479376,state_stamped,0.016618501394987106,0.09956219047307968,0.0
1787251497.739100933,1787251497.739106894,state,0.016618501394987106,0.09956219047307968,0.0
1787251497.740940809,1787251497.740945101,command,-0.0021239747293293476,0.060836855322122574,0.0
1787251497.799055338,1787251497.799060106,state,0.012120239436626434,0.09026797115802765,0.0
1787251497.799101114,1787251497.798480272,state_stamped,0.012120239436626434,0.09026797115802765,0.0
1787251497.800976753,1787251497.800982237,command,-0.004286341834813356,0.05899155139923096,0.0
1787251497.869042397,1787251497.869047403,state,0.007526415400207043,0.08151061087846756,0.0
1787251497.869136572,1787251497.868480206,state_stamped,0.007526415400207043,0.08151061087846756,0.0
1787251497.871250153,1787251497.871256351,command,-0.00417740922421217,0.06736496835947037,0.0
1787251497.939100981,1787251497.939106226,state,0.0042493343353271484,0.07754981517791748,0.0
1787251497.939146519,1787251497.938480377,state_stamped,0.0042493343353271484,0.07754981517791748,0.0
1787251497.941000462,1787251497.941008329,command,-0.006277099717408419,0.07198432832956314,0.0
1787251497.999190807,1787251497.998480797,state_stamped,0.0017229742370545864,0.07621408998966217,0.0
1787251497.999248028,1787251497.999256611,state,0.0017229742370545864,0.07621408998966217,0.0
1787251498.001281023,1787251498.001288414,command,-0.007655029185116291,0.0755000114440918,0.0
1787251498.069048405,1787251498.069055080,state,-0.0009028478525578976,0.07601414620876312,0.0
1787251498.069143057,1787251498.068480253,state_stamped,-0.0009028478525578976,0.07601414620876312,0.0
1787251498.070799351,1787251498.070805311,command,-0.011866707354784012,0.07246574759483337,0.0
1787251498.139150143,1787251498.138480186,state_stamped,-0.003972722217440605,0.07502059638500214,0.0
1787251498.139179707,1787251498.139184713,state,-0.003972722217440605,0.07502059638500214,0.0
1787251498.141011477,1787251498.141017199,command,-0.013483665883541107,0.07134883850812912,0.0
1787251498.199148893,1787251498.198482513,state_stamped,-0.006255441345274448,0.07413934171199799,0.0
1787251498.199178934,1787251498.199183941,state,-0.006255441345274448,0.07413934171199799,0.0
1787251498.200856686,1787251498.200863838,command,-0.011453150771558285,0.06722673773765564,0.0
1787251498.269049406,1787251498.269053936,state,-0.007710750680416822,0.0722038745880127,0.0
1787251498.269128561,1787251498.268480062,state_stamped,-0.007710750680416822,0.0722038745880127,0.0
1787251498.270705938,1787251498.270711660,command,-0.012689206749200821,0.06074247881770134,0.0
1787251498.339134216,1787251498.338480234,state_stamped,-0.009104720316827297,0.0689946785569191,0.0
1787251498.339162827,1787251498.339167833,state,-0.009104720316827297,0.0689946785569191,0.0
1787251498.340808392,1787251498.340814352,command,-0.00926503911614418,0.06875397264957428,0.0
1787251498.399138212,1787251498.398479939,state_stamped,-0.009143196977674961,0.06893690675497055,0.0
1787251498.399183989,1787251498.399188757,state,-0.009143196977674961,0.06893690675497055,0.0
1787251498.400825262,1787251498.400832653,command,-0.010307076387107372,0.06913448125123978,0.0
1787251498.469062805,1787251498.468479872,state_stamped,-0.009469082579016685,0.06899222731590271,0.0
1787251498.469104052,1787251498.469109058,state,-0.009469082579016685,0.06899222731590271,0.0
1787251498.470928907,1787251498.470934629,command,-0.014870889484882355,0.06352430582046509,0.0
1787251498.539141417,1787251498.538480043,state_stamped,-0.010981591418385506,0.06746120750904083,0.0
1787251498.539167643,1787251498.539172888,state,-0.010981591418385506,0.06746120750904083,0.0
1787251498.540997028,1787251498.541003227,command,-0.014889698475599289,0.06356821954250336,0.0
1787251498.599145651,1787251498.598479986,state_stamped,-0.011919539421796799,0.06652688980102539,0.0
1787251498.599223375,1787251498.599227667,state,-0.011919539421796799,0.06652688980102539,0.0
1787251498.601075411,1787251498.601083279,command,-0.01871568150818348,0.06904824823141098,0.0
1787251498.669073820,1787251498.668480158,state_stamped,-0.013822464272379875,0.06723286956548691,0.0
1787251498.669103146,1787251498.669108152,state,-0.013822464272379875,0.06723286956548691,0.0
1787251498.670954466,1787251498.670960665,command,-0.02355712093412876,0.06730212271213531,0.0
1787251498.738985300,1787251498.738992214,state,-0.016548162326216698,0.0672522634267807,0.0
1787251498.739044428,1787251498.738480091,state_stamped,-0.016548162326216698,0.0672522634267807,0.0
1787251498.741635561,1787251498.741639853,command,-0.023728959262371063,0.06182575225830078,0.0
1787251498.799170494,1787251498.798480034,state_stamped,-0.018271554261446,0.06594990193843842,0.0
1787251498.799245596,1787251498.799249887,state,-0.018271554261446,0.06594990193843842,0.0
1787251498.801051378,1787251498.801057100,command,-0.0230196975171566,0.059643179178237915,0.0
1787251498.868971586,1787251498.868976116,state,-0.019601035863161087,0.06418401747941971,0.0
1787251498.869061947,1787251498.868480206,state_stamped,-0.019601035863161087,0.06418401747941971,0.0
1787251498.870703936,1787251498.870709419,command,-0.01993119902908802,0.06024415045976639,0.0
1787251498.939136267,1787251498.938480139,state_stamped,-0.01969348080456257,0.06308085471391678,0.0
1787251498.939167261,1787251498.939172029,state,-0.01969348080456257,0.06308085471391678,0.0
1787251498.941042662,1787251498.941050291,command,-0.016439426690340042,0.05633680149912834,0.0
1787251498.999189854,1787251498.998479843,state_stamped,-0.018912510946393013,0.061462290585041046,0.0
1787251498.999246597,1787251498.999255180,state,-0.018912510946393013,0.061462290585041046,0.0
1787251499.001065016,1787251499.001070738,command,-0.0137587646022439,0.05595916509628296,0.0
1787251499.069059849,1787251499.068480253,state_stamped,-0.017469456419348717,0.05992140993475914,0.0
1787251499.069091320,1787251499.069096565,state,-0.017469456419348717,0.05992140993475914,0.0
1787251499.071153641,1787251499.071159601,command,-0.009992916136980057,0.05657056346535683,0.0
1787251499.139141083,1787251499.138480186,state_stamped,-0.015376023948192596,0.058983173221349716,0.0
1787251499.139216900,1787251499.139221430,state,-0.015376023948192596,0.058983173221349716,0.0
1787251499.140999794,1787251499.141005516,command,-0.006764134857803583,0.055701225996017456,0.0
1787251499.199135780,1787251499.198480129,state_stamped,-0.013309169560670853,0.058195505291223526,0.0
1787251499.199175596,1787251499.199184656,state,-0.013309169560670853,0.058195505291223526,0.0
1787251499.200984001,1787251499.200989008,command,-0.0045457943342626095,0.05913776159286499,0.0
1787251499.269061327,1787251499.268480062,state_stamped,-0.010855430737137794,0.058459337800741196,0.0
1787251499.269144297,1787251499.269148588,state,-0.010855430737137794,0.058459337800741196,0.0
1787251499.270958900,1787251499.270964622,command,-0.0027391419280320406,0.06182260811328888,0.0
1787251499.339152098,1787251499.338480234,state_stamped,-0.008582867681980133,0.05940105393528938,0.0
1787251499.339227200,1787251499.339231491,state,-0.008582867681980133,0.05940105393528938,0.0
1787251499.341042280,1787251499.341047764,command,-0.0032235123217105865,0.060481686145067215,0.0
1787251499.399143457,1787251499.398480177,state_stamped,-0.007296622730791569,0.059660404920578,0.0
1787251499.399219513,1787251499.399223566,state,-0.007296622730791569,0.059660404920578,0.0
1787251499.401007175,1787251499.401012659,command,-0.007272833026945591,0.06435397267341614,0.0
1787251499.468942881,1787251499.468480587,state_stamped,-0.0072899614460766315,0.0609746128320694,0.0
1787251499.468984604,1787251499.468992710,state,-0.0072899614460766315,0.0609746128320694,0.0
1787251499.470852852,1787251499.470858812,command,-0.012593765743076801,0.05985073745250702,0.0
1787251499.539148331,1787251499.539152861,state,-0.008775027468800545,0.060659926384687424,0.0
1787251499.539201975,1787251499.538480520,state_stamped,-0.008775027468800545,0.060659926384687424,0.0
1787251499.541024685,1787251499.541028976,command,-0.0143207386136055,0.058307480067014694,0.0
1787251499.599100113,1787251499.598480463,state_stamped,-0.010105994530022144,0.06009534001350403,0.0
1787251499.599134445,1787251499.599142075,state,-0.010105994530022144,0.06009534001350403,0.0
1787251499.600890636,1787251499.600897312,command,-0.01577184535562992,0.06221061572432518,0.0
1787251499.669107914,1787251499.669111967,state,-0.011692428961396217,0.06068761646747589,0.0
1787251499.669149637,1787251499.668480396,state_stamped,-0.011692428961396217,0.06068761646747589,0.0
1787251499.670768499,1787251499.670773029,command,-0.018369952216744423,0.061978403478860855,0.0
1787251499.739105940,1787251499.738480091,state_stamped,-0.013562129810452461,0.06104903668165207,0.0
1787251499.739146948,1787251499.739155054,state,-0.013562129810452461,0.06104903668165207,0.0
1787251499.741047621,1787251499.741055250,command,-0.018452981486916542,0.052230801433324814,0.0
1787251499.799105644,1787251499.798480272,state_stamped,-0.01473593432456255,0.05893265828490257,0.0
1787251499.799141884,1787251499.799146652,state,-0.01473593432456255,0.05893265828490257,0.0
1787251499.800830364,1787251499.800836325,command,-0.01648998074233532,0.05929716303944588,0.0
1787251499.868997574,1787251499.869003057,state,-0.015227067284286022,0.059034720063209534,0.0
1787251499.869045973,1787251499.868480206,state_stamped,-0.015227067284286022,0.059034720063209534,0.0
1787251499.870743990,1787251499.870751381,command,-0.014260810799896717,0.06029799208045006,0.0
1787251499.939102650,1787251499.939110756,state,-0.014956516213715076,0.05938843637704849,0.0
1787251499.939172029,1787251499.938480139,state_stamped,-0.014956516213715076,0.05938843637704849,0.0
1787251499.940838099,1787251499.940843821,command,-0.009298823773860931,0.06448840349912643,0.0
1787251499.999112129,1787251499.998480082,state_stamped,-0.013598667457699776,0.060612428933382034,0.0
1787251499.999158382,1787251499.999166250,state,-0.013598667457699776,0.060612428933382034,0.0
1787251500.001138449,1787251500.001143456,command,-0.0079781049862504,0.0632394328713417,0.0
1787251500.068999767,1787251500.069005728,state,-0.01202490832656622,0.06134799122810364,0.0
1787251500.069107533,1787251500.068480253,state_stamped,-0.01202490832656622,0.06134799122810364,0.0
1787251500.070803404,1787251500.070808887,command,-0.00530040729790926,0.06177100911736488,0.0
1787251500.139105320,1787251500.139110565,state,-0.010142053477466106,0.061466436833143234,0.0
1787251500.139200926,1787251500.138479948,state_stamped,-0.010142053477466106,0.061466436833143234,0.0
1787251500.140865088,1787251500.140870333,command,-0.0017029873561114073,0.062151361256837845,0.0
1787251500.199129820,1787251500.198479891,state_stamped,-0.008116679266095161,0.061630818992853165,0.0
1787251500.199181557,1787251500.199189425,state,-0.008116679266095161,0.061630818992853165,0.0
1787251500.200857639,1787251500.200861692,command,-0.0016456138109788299,0.06309335678815842,0.0
1787251500.269095182,1787251500.269099951,state,-0.006304778158664703,0.06204032897949219,0.0
1787251500.269147873,1787251500.268480062,state_stamped,-0.006304778158664703,0.06204032897949219,0.0
1787251500.270785570,1787251500.270793200,command,-0.004307885188609362,0.05846426635980606,0.0
1787251500.339109659,1787251500.338480234,state_stamped,-0.0057456460781395435,0.0610390268266201,0.0
1787251500.339150906,1787251500.339159250,state,-0.0057456460781395435,0.0610390268266201,0.0
1787251500.341016769,1787251500.341022491,command,-0.007332481909543276,0.06243051588535309,0.0
1787251500.399012327,1787251500.399017811,state,-0.006126485299319029,0.06137298420071602,0.0
1787251500.399070263,1787251500.398480177,state_stamped,-0.006126485299319029,0.06137298420071602,0.0
1787251500.400754929,1787251500.400761604,command,-0.012545676901936531,0.059248507022857666,0.0
1787251500.469012499,1787251500.469020128,state,-0.007923861034214497,0.06077812984585762,0.0
1787251500.469136477,1787251500.468480110,state_stamped,-0.007923861034214497,0.06077812984585762,0.0
1787251500.470712662,1787251500.470718384,command,-0.019619762897491455,0.0715051144361496,0.0
1787251500.539016724,1787251500.539021969,state,-0.011198705062270164,0.06378167867660522,0.0
1787251500.539113522,1787251500.538480043,state_stamped,-0.011198705062270164,0.06378167867660522,0.0
1787251500.540743113,1787251500.540748835,command,-0.028445053845643997,0.06305308640003204,0.0
1787251500.599088907,1787251500.599094868,state,-0.015337850898504257,0.06360681354999542,0.0
1787251500.599139214,1787251500.598480225,state_stamped,-0.015337850898504257,0.06360681354999542,0.0
1787251500.600806713,1787251500.600812912,command,-0.03365861624479294,0.0609174482524395,0.0
1787251500.669032812,1787251500.669039726,state,-0.02046775072813034,0.06285377591848373,0.0
1787251500.669118166,1787251500.668481350,state_stamped,-0.02046775072813034,0.06285377591848373,0.0
1787251500.670719862,1787251500.670726061,command,-0.03695907071232796,0.06143709644675255,0.0
1787251500.738996267,1787251500.739004850,state,-0.025085236877202988,0.062457114458084106,0.0
1787251500.739055872,1787251500.738480091,state_stamped,-0.025085236877202988,0.062457114458084106,0.0
1787251500.741662025,1787251500.741667747,command,-0.038533732295036316,0.0587257482111454,0.0
1787251500.799093008,1787251500.798479795,state_stamped,-0.02831285633146763,0.06156159192323685,0.0
1787251500.799128532,1787251500.799136400,state,-0.02831285633146763,0.06156159192323685,0.0
1787251500.800988436,1787251500.800994635,command,-0.03811359032988548,0.06793123483657837,0.0
1787251500.868942738,1787251500.868480444,state_stamped,-0.031057089567184448,0.06334511190652847,0.0
1787251500.868978024,1787251500.868983030,state,-0.031057089567184448,0.06334511190652847,0.0
1787251500.870743990,1787251500.870749712,command,-0.03336675465106964,0.06167419254779816,0.0
1787251500.939093351,1787251500.938479900,state_stamped,-0.03170379251241684,0.06287726014852524,0.0
1787251500.939135790,1787251500.939143896,state,-0.03170379251241684,0.06287726014852524,0.0
1787251500.940811157,1787251500.940816879,command,-0.028977766633033752,0.06185932457447052,0.0
1787251500.999019861,1787251500.998480558,state_stamped,-0.031049540266394615,0.0626329556107521,0.0
1787251500.999056816,1787251500.999063253,state,-0.031049540266394615,0.0626329556107521,0.0
1787251501.000889301,1787251501.000895023,command,-0.02533041127026081,0.058414313942193985,0.0
1787251501.068945408,1787251501.068950176,state,-0.029448188841342926,0.0614517405629158,0.0
1787251501.069041014,1787251501.068480253,state_stamped,-0.029448188841342926,0.0614517405629158,0.0
1787251501.070633411,1787251501.070638657,command,-0.015503421425819397,0.0577671192586422,0.0
1787251501.138981342,1787251501.138480425,state_stamped,-0.025543643161654472,0.060420043766498566,0.0
1787251501.139016867,1787251501.139021873,state,-0.025543643161654472,0.060420043766498566,0.0
1787251501.140715361,1787251501.140718699,command,-0.0042606377974152565,0.05673663318157196,0.0
1787251501.199118614,1787251501.198482037,state_stamped,-0.020435597747564316,0.059536002576351166,0.0
1787251501.199164867,1787251501.199169874,state,-0.020435597747564316,0.059536002576351166,0.0
1787251501.200842857,1787251501.200845718,command,0.022170962765812874,0.19295378029346466,0.0
1787251501.269035578,1787251501.268480778,state_stamped,-0.008505958132445812,0.0968923568725586,0.0
1787251501.269073009,1787251501.269078016,state,-0.008505958132445812,0.0968923568725586,0.0
1787251501.270738363,1787251501.270741701,command,0.013421507552266121,0.06482905894517899,0.0
1787251501.339040995,1787251501.338479996,state_stamped,-0.0023663328029215336,0.08791472762823105,0.0
1787251501.339076042,1787251501.339081287,state,-0.0023663328029215336,0.08791472762823105,0.0
1787251501.340744972,1787251501.340748310,command,0.007228444796055555,0.06368496268987656,0.0
1787251501.399106026,1787251501.398480415,state_stamped,-6.357021629810333e-05,0.0820995420217514,0.0
1787251501.399143696,1787251501.399150610,state,-6.357021629810333e-05,0.0820995420217514,0.0
1787251501.400860786,1787251501.400868177,command,0.007285484112799168,0.06265019625425339,0.0
1787251501.468964100,1787251501.468968868,state,0.0019941835198551416,0.07665367424488068,0.0
1787251501.469013453,1787251501.468481064,state_stamped,0.0019941835198551416,0.07665367424488068,0.0
1787251501.470642805,1787251501.470645666,command,0.011412260122597218,0.06263327598571777,0.0
1787251501.539023638,1787251501.539030552,state,0.004631213843822479,0.07272800803184509,0.0
1787251501.539119959,1787251501.538480282,state_stamped,0.004631213843822479,0.07272800803184509,0.0
1787251501.540822983,1787251501.540827036,command,0.010160541161894798,0.061315882951021194,0.0
1787251501.599114180,1787251501.598479986,state_stamped,0.005958247929811478,0.06998910754919052,0.0
1787251501.599153519,1787251501.599158764,state,0.005958247929811478,0.06998910754919052,0.0
1787251501.600866318,1787251501.600871563,command,0.029804999008774757,0.21281933784484863,0.0
1787251501.668967485,1787251501.668483496,state_stamped,0.012635653838515282,0.10998345911502838,0.0
1787251501.669003487,1787251501.669008732,state,0.012635653838515282,0.10998345911502838,0.0
1787251501.670676947,1787251501.670680046,command,0.007710550911724567,0.05504116415977478,0.0
1787251501.739025354,1787251501.738480091,state_stamped,0.01125668827444315,0.09460031986236572,0.0
1787251501.739060640,1787251501.739065647,state,0.01125668827444315,0.09460031986236572,0.0
1787251501.740739107,1787251501.740742445,command,-0.007234362419694662,0.05904783308506012,0.0
1787251501.799016714,1787251501.798480272,state_stamped,0.006818829569965601,0.08606770634651184,0.0
1787251501.799051285,1787251501.799057245,state,0.006818829569965601,0.08606770634651184,0.0
1787251501.800756693,1787251501.800761938,command,-0.010116894729435444,0.054141804575920105,0.0
1787251501.868966818,1787251501.868480682,state_stamped,0.0020768060348927975,0.07712841778993607,0.0
1787251501.869003057,1787251501.869007826,state,0.0020768060348927975,0.07712841778993607,0.0
1787251501.870650053,1787251501.870653152,command,-0.010782936587929726,0.05807625129818916,0.0
1787251501.938957453,1787251501.938962460,state,-0.0015238921623677015,0.07179385423660278,0.0
1787251501.939002991,1787251501.938479900,state_stamped,-0.0015238921623677015,0.07179385423660278,0.0
1787251501.940695286,1787251501.940699100,command,0.00793457217514515,0.20521818101406097,0.0
1787251501.999043226,1787251501.998480082,state_stamped,0.0007461437489837408,0.10381574928760529,0.0
1787251501.999081373,1787251501.999087095,state,0.0007461437489837408,0.10381574928760529,0.0
1787251502.000995636,1787251502.001000881,command,-0.016890931874513626,0.06307682394981384,0.0
1787251502.068972111,1787251502.068480253,state_stamped,-0.004192240536212921,0.09240884333848953,0.0
1787251502.069008827,1787251502.069013834,state,-0.004192240536212921,0.09240884333848953,0.0
1787251502.070707083,1787251502.070710182,command,-0.029221855103969574,0.06033943220973015,0.0
1787251502.139033318,1787251502.138484478,state_stamped,-0.011200975626707077,0.08342884480953217,0.0
1787251502.139067411,1787251502.139072180,state,-0.011200975626707077,0.08342884480953217,0.0
1787251502.140762568,1787251502.140765667,command,-0.027611400932073593,0.06121822074055672,0.0
1787251502.199039221,1787251502.198480129,state_stamped,-0.015139180235564709,0.07809869945049286,0.0
1787251502.199074507,1787251502.199079514,state,-0.015139180235564709,0.07809869945049286,0.0
1787251502.200776339,1787251502.200779200,command,-0.024835532531142235,0.05923111364245415,0.0
1787251502.268974543,1787251502.268481016,state_stamped,-0.017854195088148117,0.07281570881605148,0.0
1787251502.269010544,1787251502.269015312,state,-0.017854195088148117,0.07281570881605148,0.0
1787251502.270650148,1787251502.270653248,command,-0.000786113552749157,0.2124265879392624,0.0
1787251502.339040756,1787251502.338480234,state_stamped,-0.013075187802314758,0.11190630495548248,0.0
1787251502.339075327,1787251502.339080095,state,-0.013075187802314758,0.11190630495548248,0.0
1787251502.340761423,1787251502.340764046,command,-0.020634399726986885,0.0594356469810009,0.0
1787251502.399024725,1787251502.398480177,state_stamped,-0.014889401383697987,0.09931332617998123,0.0
1787251502.399059057,1787251502.399064302,state,-0.014889401383697987,0.09931332617998123,0.0
1787251502.400716066,1787251502.400719166,command,-0.02914257161319256,0.057928379625082016,0.0
1787251502.469000340,1787251502.468484402,state_stamped,-0.01888052374124527,0.08772486448287964,0.0
1787251502.469036102,1787251502.469041109,state,-0.01888052374124527,0.08772486448287964,0.0
1787251502.470684052,1787251502.470687151,command,-0.033077530562877655,0.0552196241915226,0.0
1787251502.539065123,1787251502.538484097,state_stamped,-0.022855667397379875,0.07862343639135361,0.0
1787251502.539100647,1787251502.539105892,state,-0.022855667397379875,0.07862343639135361,0.0
1787251502.540787697,1787251502.540790558,command,-0.02228498086333275,0.06119132041931152,0.0
1787251502.599060535,1787251502.598480463,state_stamped,-0.02271871082484722,0.07443998008966446,0.0
1787251502.599095345,1787251502.599100113,state,-0.02271871082484722,0.07443998008966446,0.0
1787251502.600794077,1787251502.600799322,command,0.0033648796379566193,0.19993460178375244,0.0
1787251502.668990135,1787251502.668480635,state_stamped,-0.015415288507938385,0.10957854986190796,0.0
1787251502.669026375,1787251502.669031143,state,-0.015415288507938385,0.10957854986190796,0.0
1787251502.670674324,1787251502.670677185,command,-0.008382190950214863,0.06574376672506332,0.0
1787251502.739089727,1787251502.739096165,state,-0.013446042314171791,0.09730494022369385,0.0
1787251502.739186287,1787251502.738479853,state_stamped,-0.013446042314171791,0.09730494022369385,0.0
1787251502.741570234,1787251502.741574287,command,-0.00851046945899725,0.05919565260410309,0.0
1787251502.799051285,1787251502.798480272,state_stamped,-0.012261496856808662,0.08815864473581314,0.0
1787251502.799144268,1787251502.799152613,state,-0.012261496856808662,0.08815864473581314,0.0
1787251502.801019430,1787251502.801025629,command,-0.004395145922899246,0.06361677497625351,0.0
1787251502.868959188,1787251502.868964195,state,-0.010058928281068802,0.0812869518995285,0.0
1787251502.869019032,1787251502.868479967,state_stamped,-0.010058928281068802,0.0812869518995285,0.0
1787251502.870704412,1787251502.870709658,command,0.005156518891453743,0.06277749687433243,0.0
1787251502.939022303,1787251502.939027309,state,-0.005798544269055128,0.07610423117876053,0.0
1787251502.939081430,1787251502.938480854,state_stamped,-0.005798544269055128,0.07610423117876053,0.0
1787251502.940763712,1787251502.940769196,command,0.02957134135067463,0.1967998892068863,0.0
1787251502.999094963,1787251502.999103546,state,0.0026901639066636562,0.10507097095251083,0.0
1787251502.999203444,1787251502.998480558,state_stamped,0.0026901639066636562,0.10507097095251083,0.0
1787251503.000976086,1787251503.000979662,command,0.015377148985862732,0.06523168832063675,0.0
1787251503.069004059,1787251503.069008827,state,0.006242731586098671,0.09391530603170395,0.0
1787251503.069051743,1787251503.068484545,state_stamped,0.006242731586098671,0.09391530603170395,0.0
1787251503.070729733,1787251503.070734501,command,0.009684854187071323,0.06675729900598526,0.0
1787251503.139037848,1787251503.139042616,state,0.007206473965197802,0.086311474442482,0.0
1787251503.139082432,1787251503.138480902,state_stamped,0.007206473965197802,0.086311474442482,0.0
1787251503.140779495,1787251503.140784025,command,0.009397197514772415,0.06512706726789474,0.0
1787251503.199074745,1787251503.199079752,state,0.0077322400175035,0.08122728765010834,0.0
1787251503.199120998,1787251503.198479891,state_stamped,0.0077322400175035,0.08122728765010834,0.0
1787251503.200792789,1787251503.200796127,command,0.029758799821138382,0.20410899817943573,0.0
1787251503.268980265,1787251503.268984318,state,0.013899784535169601,0.11563476920127869,0.0
1787251503.269025564,1787251503.268481255,state_stamped,0.013899784535169601,0.11563476920127869,0.0
1787251503.270678997,1787251503.270684004,command,0.003522272454574704,0.06916899234056473,0.0
1787251503.339038610,1787251503.339043140,state,0.01099407859146595,0.10262434184551239,0.0
1787251503.339082956,1787251503.338481188,state_stamped,0.01099407859146595,0.10262434184551239,0.0
1787251503.340759039,1787251503.340763807,command,-0.009438835084438324,0.06305751949548721,0.0
1787251503.399120092,1787251503.399124146,state,0.00609017675742507,0.09312830120325089,0.0
1787251503.399166346,1787251503.398481369,state_stamped,0.00609017675742507,0.09312830120325089,0.0
1787251503.400828123,1787251503.400831461,command,-0.01587485522031784,0.06384006142616272,0.0
1787251503.469001055,1787251503.468480825,state_stamped,-5.999952554702759e-05,0.08492764085531235,0.0
1787251503.469030619,1787251503.469035864,state,-5.999952554702759e-05,0.08492764085531235,0.0
1787251503.470692635,1787251503.470697403,command,0.008237038739025593,0.20691095292568207,0.0
1787251503.539042234,1787251503.539046764,state,0.0022631878964602947,0.1190832108259201,0.0
1787251503.539087057,1787251503.538481474,state_stamped,0.0022631878964602947,0.1190832108259201,0.0
1787251503.540774822,1787251503.540777445,command,-0.011568410322070122,0.060794442892074585,0.0
1787251503.598948956,1787251503.598479986,state_stamped,-0.0010563211981207132,0.10509422421455383,0.0
1787251503.598977804,1787251503.598982334,state,-0.0010563211981207132,0.10509422421455383,0.0
1787251503.600668669,1787251503.600671768,command,-0.01854828931391239,0.06124965474009514,0.0
1787251503.668986797,1787251503.668991804,state,-0.005954170599579811,0.09281750023365021,0.0
1787251503.669034481,1787251503.668481588,state_stamped,-0.005954170599579811,0.09281750023365021,0.0
1787251503.670686245,1787251503.670689106,command,-0.018242526799440384,0.06235312297940254,0.0
1787251503.739047527,1787251503.738481283,state_stamped,-0.009394901804625988,0.08428749442100525,0.0
1787251503.739080191,1787251503.739084721,state,-0.009394901804625988,0.08428749442100525,0.0
1787251503.740783930,1787251503.740788937,command,-0.0143004534766078,0.06383805721998215,0.0
1787251503.799046755,1787251503.799051762,state,-0.010572215542197227,0.07937970757484436,0.0
1787251503.799095392,1787251503.798480272,state_stamped,-0.010572215542197227,0.07937970757484436,0.0
1787251503.800781965,1787251503.800786972,command,0.010576093569397926,0.20577293634414673,0.0
1787251503.868979216,1787251503.868984222,state,-0.004650320392102003,0.1147720143198967,0.0
1787251503.869029284,1787251503.868484735,state_stamped,-0.004650320392102003,0.1147720143198967,0.0
1787251503.870688677,1787251503.870693922,command,-0.0037518441677093506,0.0656830221414566,0.0
1787251503.939078808,1787251503.939084291,state,-0.004398760385811329,0.10102783143520355,0.0
1787251503.939129353,1787251503.938480854,state_stamped,-0.004398760385811329,0.10102783143520355,0.0
1787251503.941093445,1787251503.941098452,command,-0.010760193690657616,0.06469269096851349,0.0
1787251503.999086618,1787251503.999095201,state,-0.005925494711846113,0.09230745583772659,0.0
1787251503.999195814,1787251503.998480558,state_stamped,-0.005925494711846113,0.09230745583772659,0.0
1787251504.001023769,1787251504.001029015,command,-0.0076289051212370396,0.05883525311946869,0.0
1787251504.068996429,1787251504.069001198,state,-0.0064024548046290874,0.0829351395368576,0.0
1787251504.069080830,1787251504.068481445,state_stamped,-0.0064024548046290874,0.0829351395368576,0.0
1787251504.070737600,1787251504.070742369,command,-0.003535274416208267,0.06588439643383026,0.0
1787251504.139035463,1787251504.139039993,state,-0.005599642638117075,0.07816091924905777,0.0
1787251504.139081955,1787251504.138481379,state_stamped,-0.005599642638117075,0.07816091924905777,0.0
1787251504.140788317,1787251504.140793085,command,0.020077476277947426,0.2005799561738968,0.0
1787251504.199043512,1787251504.199048042,state,0.0005627679638564587,0.107541024684906,0.0
1787251504.199089050,1787251504.198480606,state_stamped,0.0005627679638564587,0.107541024684906,0.0
1787251504.200836420,1787251504.200841188,command,-0.001373589620925486,0.06616014242172241,0.0
1787251504.269003868,1787251504.269008398,state,2.0592298824340105e-05,0.09595447033643723,0.0
1787251504.269084454,1787251504.268480062,state_stamped,2.0592298824340105e-05,0.09595447033643723,0.0
1787251504.270757675,1787251504.270762444,command,-0.01288260705769062,0.06288230419158936,0.0
1787251504.339068174,1787251504.339072704,state,-0.0035923169925808907,0.08669422566890717,0.0
1787251504.339112997,1787251504.338480234,state_stamped,-0.0035923169925808907,0.08669422566890717,0.0
1787251504.340806246,1787251504.340811253,command,-0.01464306190609932,0.06408572942018509,0.0
1787251504.399049044,1787251504.399053574,state,-0.006244502030313015,0.08126817643642426,0.0
1787251504.399127007,1787251504.398480415,state_stamped,-0.006244502030313015,0.08126817643642426,0.0
1787251504.400804520,1787251504.400807142,command,-0.010426475666463375,0.06552668660879135,0.0
1787251504.469037533,1787251504.469042063,state,-0.007415445055812597,0.07686059921979904,0.0
1787251504.469088316,1787251504.468479872,state_stamped,-0.007415445055812597,0.07686059921979904,0.0
1787251504.470771790,1787251504.470776558,command,0.009551724418997765,0.19966964423656464,0.0
1787251504.539058447,1787251504.539063215,state,-0.0026646112091839314,0.11124732345342636,0.0
1787251504.539107323,1787251504.538480282,state_stamped,-0.0026646112091839314,0.11124732345342636,0.0
1787251504.540779114,1787251504.540782690,command,-0.008101537823677063,0.055620335042476654,0.0
1787251504.599060297,1787251504.599064589,state,-0.003969468642026186,0.09789689630270004,0.0
1787251504.599108696,1787251504.598479986,state_stamped,-0.003969468642026186,0.09789689630270004,0.0
1787251504.600862980,1787251504.600866318,command,-0.018185848370194435,0.0589599646627903,0.0
1787251504.669007301,1787251504.669012070,state,-0.007950076833367348,0.08699449896812439,0.0
1787251504.669054747,1787251504.668480396,state_stamped,-0.007950076833367348,0.08699449896812439,0.0
1787251504.670740366,1787251504.670745373,command,-0.02209729701280594,0.04703701287508011,0.0
1787251504.739059925,1787251504.739064693,state,-0.011911282315850258,0.07580644637346268,0.0
1787251504.739105940,1787251504.738480091,state_stamped,-0.011911282315850258,0.07580644637346268,0.0
1787251504.740804195,1787251504.740809202,command,-0.011727740056812763,0.06587044149637222,0.0
1787251504.798990250,1787251504.798997879,state,-0.01186723168939352,0.07342179864645004,0.0
1787251504.799053907,1787251504.798480272,state_stamped,-0.01186723168939352,0.07342179864645004,0.0
1787251504.801681519,1787251504.801684618,command,-0.012556941248476505,0.06534014642238617,0.0
1787251504.869007111,1787251504.869012594,state,-0.012060352601110935,0.07115890830755234,0.0
1787251504.869060516,1787251504.868480921,state_stamped,-0.012060352601110935,0.07115890830755234,0.0
1787251504.870897770,1787251504.870902777,command,-0.00902803335338831,0.06456676125526428,0.0
1787251504.939077139,1787251504.939081669,state,-0.011211310513317585,0.06931312382221222,0.0
1787251504.939122915,1787251504.938480377,state_stamped,-0.011211310513317585,0.06931312382221222,0.0
1787251504.940823793,1787251504.940828562,command,0.015548275783658028,0.2039872705936432,0.0
1787251504.999077082,1787251504.998480082,state_stamped,-0.004789033904671669,0.10163480043411255,0.0
1787251504.999128103,1787251504.999135971,state,-0.004789033904671669,0.10163480043411255,0.0
1787251505.000942707,1787251505.000948429,command,-0.0013594754273071885,0.06354821473360062,0.0
1787251505.068999529,1787251505.069004059,state,-0.003828754648566246,0.09097052365541458,0.0
1787251505.069047213,1787251505.068480253,state_stamped,-0.003828754648566246,0.09097052365541458,0.0
1787251505.070735455,1787251505.070740223,command,-0.011092142201960087,0.062218137085437775,0.0
1787251505.139109373,1787251505.139113903,state,-0.005862503778189421,0.08291985094547272,0.0
1787251505.139156580,1787251505.138480425,state_stamped,-0.005862503778189421,0.08291985094547272,0.0
1787251505.140841246,1787251505.140846014,command,-0.010756532661616802,0.05513102933764458,0.0
1787251505.199077606,1787251505.199082136,state,-0.007037066388875246,0.07625056058168411,0.0
1787251505.199126482,1787251505.198480129,state_stamped,-0.007037066388875246,0.07625056058168411,0.0
1787251505.200935364,1787251505.200940371,command,-0.007709402125328779,0.06487660109996796,0.0
1787251505.269019604,1787251505.269024372,state,-0.007225320674479008,0.073065847158432,0.0
1787251505.269066095,1787251505.268480301,state_stamped,-0.007225320674479008,0.073065847158432,0.0
1787251505.270774603,1787251505.270779610,command,-0.005832949187606573,0.0678846463561058,0.0
1787251505.339061022,1787251505.339065552,state,-0.00683545833453536,0.07161511480808258,0.0
1787251505.339108467,1787251505.338479757,state_stamped,-0.00683545833453536,0.07161511480808258,0.0
1787251505.340811968,1787251505.340816975,command,-0.00717646861448884,0.0702611431479454,0.0
1787251505.399058104,1787251505.399061441,state,-0.006917301565408707,0.07129015773534775,0.0
1787251505.399125338,1787251505.398480415,state_stamped,-0.006917301565408707,0.07129015773534775,0.0
1787251505.400773048,1787251505.400775671,command,-0.008299573324620724,0.06930188834667206,0.0
1787251505.469011307,1787251505.469015837,state,-0.007304335944354534,0.070733442902565,0.0
1787251505.469089985,1787251505.468480110,state_stamped,-0.007304335944354534,0.070733442902565,0.0
1787251505.470769405,1787251505.470774174,command,-0.009118844754993916,0.06985194236040115,0.0
1787251505.539062738,1787251505.539067745,state,-0.007812398951500654,0.07048662006855011,0.0
1787251505.539135218,1787251505.538480043,state_stamped,-0.007812398951500654,0.07048662006855011,0.0
1787251505.540815115,1787251505.540820122,command,-0.007785194553434849,0.07127992808818817,0.0
1787251505.599057913,1787251505.598480225,state_stamped,-0.007805869914591312,0.0706770122051239,0.0
1787251505.599086523,1787251505.599091053,state,-0.007805869914591312,0.0706770122051239,0.0
1787251505.600773096,1787251505.600775957,command,-0.007420837879180908,0.06707349419593811,0.0
1787251505.669013739,1787251505.668480158,state_stamped,-0.007698060944676399,0.06966803222894669,0.0
1787251505.669041395,1787251505.669046879,state,-0.007698060944676399,0.06966803222894669,0.0
1787251505.670769453,1787251505.670774221,command,-0.006046263035386801,0.06301543116569519,0.0
1787251505.739060879,1787251505.739066362,state,-0.007235557772219181,0.06780530512332916,0.0
1787251505.739111900,1787251505.738480091,state_stamped,-0.007235557772219181,0.06780530512332916,0.0
1787251505.740783930,1787251505.740787268,command,-0.00489594554528594,0.06744384765625,0.0
1787251505.799067020,1787251505.799072027,state,-0.006674051284790039,0.06771855801343918,0.0
1787251505.799109221,1787251505.798480034,state_stamped,-0.006674051284790039,0.06771855801343918,0.0
1787251505.800787687,1787251505.800790548,command,-0.003736706217750907,0.06570839881896973,0.0
1787251505.869009972,1787251505.869014502,state,-0.005851595662534237,0.06715571135282516,0.0
1787251505.869057417,1787251505.868479967,state_stamped,-0.005851595662534237,0.06715571135282516,0.0
1787251505.870743513,1787251505.870748758,command,-0.003992237616330385,0.0659848004579544,0.0
1787251505.939135313,1787251505.939139843,state,-0.00533097330480814,0.06682785600423813,0.0
1787251505.939181328,1787251505.938480139,state_stamped,-0.00533097330480814,0.06682785600423813,0.0
1787251505.940820456,1787251505.940823078,command,-0.0062394593842327595,0.06680145114660263,0.0
1787251505.999173880,1787251505.998480797,state_stamped,-0.005549012217670679,0.06682151556015015,0.0
1787251505.999226809,1787251505.999235153,state,-0.005549012217670679,0.06682151556015015,0.0
1787251506.001051664,1787251506.001054525,command,-0.009902485646307468,0.06341990828514099,0.0
1787251506.069032192,1787251506.069036961,state,-0.0067679788917303085,0.06586907058954239,0.0
1787251506.069081306,1787251506.068480492,state_stamped,-0.0067679788917303085,0.06586907058954239,0.0
1787251506.070902824,1787251506.070907593,command,-0.017210176214575768,0.0529622882604599,0.0
1787251506.139181137,1787251506.138480425,state_stamped,-0.009691789746284485,0.06225517764687538,0.0
1787251506.139218330,1787251506.139223814,state,-0.009691789746284485,0.06225517764687538,0.0
1787251506.140893221,1787251506.140896559,command,-0.022001734003424644,0.06143580377101898,0.0
1787251506.199158192,1787251506.198480368,state_stamped,-0.01264617033302784,0.062058527022600174,0.0
1787251506.199196100,1787251506.199201107,state,-0.01264617033302784,0.062058527022600174,0.0
1787251506.200839281,1787251506.200842381,command,-0.027011023834347725,0.06985688209533691,0.0
1787251506.269088984,1787251506.269093990,state,-0.016668319702148438,0.06424205750226974,0.0
1787251506.269137383,1787251506.268480062,state_stamped,-0.016668319702148438,0.06424205750226974,0.0
1787251506.270753384,1787251506.270758152,command,-0.033803924918174744,0.06089702621102333,0.0
1787251506.339147329,1787251506.339152098,state,-0.021466318517923355,0.06330544501543045,0.0
1787251506.339197159,1787251506.338480473,state_stamped,-0.021466318517923355,0.06330544501543045,0.0
1787251506.340826273,1787251506.340829849,command,-0.03424860164523125,0.06104534864425659,0.0
1787251506.399093866,1787251506.398480177,state_stamped,-0.02453404851257801,0.0627630278468132,0.0
1787251506.399132490,1787251506.399141788,state,-0.02453404851257801,0.0627630278468132,0.0
1787251506.401037931,1787251506.401041985,command,-0.035997942090034485,0.054637014865875244,0.0
1787251506.469034433,1787251506.469039440,state,-0.027743961662054062,0.06048772856593132,0.0
1787251506.469086409,1787251506.468480825,state_stamped,-0.027743961662054062,0.06048772856593132,0.0
1787251506.470797300,1787251506.470800877,command,-0.03416968882083893,0.0570308156311512,0.0
1787251506.539080381,1787251506.539085388,state,-0.029543157666921616,0.059519797563552856,0.0
1787251506.539129496,1787251506.538480520,state_stamped,-0.029543157666921616,0.059519797563552856,0.0
1787251506.541118622,1787251506.541123867,command,-0.009415379725396633,0.20654255151748657,0.0
1787251506.599082470,1787251506.599087477,state,-0.02471250295639038,0.09480516612529755,0.0
1787251506.599134207,1787251506.598480225,state_stamped,-0.02471250295639038,0.09480516612529755,0.0
1787251506.600831509,1787251506.600836754,command,-0.02473977580666542,0.05302358418703079,0.0
1787251506.669010639,1787251506.669015408,state,-0.024720139801502228,0.08310633152723312,0.0
1787251506.669091940,1787251506.668480158,state_stamped,-0.024720139801502228,0.08310633152723312,0.0
1787251506.670731783,1787251506.670735359,command,-0.029455317184329033,0.062036242336034775,0.0
1787251506.739151955,1787251506.738480568,state_stamped,-0.026045994833111763,0.07720668613910675,0.0
1787251506.739184618,1787251506.739188194,state,-0.026045994833111763,0.07720668613910675,0.0
1787251506.740855694,1787251506.740860939,command,-0.018939165398478508,0.05601106211543083,0.0
1787251506.798991203,1787251506.798999071,state,-0.024340353906154633,0.07211972773075104,0.0
1787251506.799059391,1787251506.798480511,state_stamped,-0.024340353906154633,0.07211972773075104,0.0
1787251506.801642418,1787251506.801645994,command,-0.008952419273555279,0.0625128522515297,0.0
1787251506.869045019,1787251506.869049072,state,-0.020031683146953583,0.06942977011203766,0.0
1787251506.869091511,1787251506.868481398,state_stamped,-0.020031683146953583,0.06942977011203766,0.0
1787251506.870946407,1787251506.870951653,command,0.000616438512224704,0.06266945600509644,0.0
1787251506.939149380,1787251506.939153194,state,-0.014250315725803375,0.06753692030906677,0.0
1787251506.939193487,1787251506.938480139,state_stamped,-0.014250315725803375,0.06753692030906677,0.0
1787251506.940957785,1787251506.940962791,command,0.009113652631640434,0.06239815056324005,0.0
1787251506.999198198,1787251506.999206305,state,-0.008642900735139847,0.06630360335111618,0.0
1787251506.999262810,1787251506.998480797,state_stamped,-0.008642900735139847,0.06630360335111618,0.0
1787251507.001051426,1787251507.001055479,command,0.014066765084862709,0.05895557627081871,0.0
1787251507.069107533,1787251507.069112778,state,-0.00228389585390687,0.06424605846405029,0.0
1787251507.069162130,1787251507.068484068,state_stamped,-0.00228389585390687,0.06424605846405029,0.0
1787251507.070801973,1787251507.070806742,command,0.03731298819184303,0.1988290399312973,0.0
1787251507.139150858,1787251507.139155388,state,0.008802689611911774,0.10192744433879852,0.0
1787251507.139202118,1787251507.138480663,state_stamped,0.008802689611911774,0.10192744433879852,0.0
1787251507.140845537,1787251507.140850782,command,0.020583657547831535,0.06530740112066269,0.0
1787251507.199151754,1787251507.199155092,state,0.011630112305283546,0.0931386649608612,0.0
1787251507.199191332,1787251507.198480368,state_stamped,0.011630112305283546,0.0931386649608612,0.0
1787251507.200857401,1787251507.200862408,command,0.0071025146171450615,0.06079879030585289,0.0
1787251507.269092560,1787251507.269097805,state,0.010362369008362293,0.08408338576555252,0.0
1787251507.269136667,1787251507.268481255,state_stamped,0.010362369008362293,0.08408338576555252,0.0
1787251507.271116972,1787251507.271121979,command,0.0042571621015667915,0.06279267370700836,0.0
1787251507.339159012,1787251507.339164019,state,0.008652931079268456,0.07812205702066422,0.0
1787251507.339211941,1787251507.338480473,state_stamped,0.008652931079268456,0.07812205702066422,0.0
1787251507.341095924,1787251507.341101170,command,0.0003201801155228168,0.06133359298110008,0.0
1787251507.399156332,1787251507.399160862,state,0.0066530704498291016,0.07409282773733139,0.0
1787251507.399202585,1787251507.398480415,state_stamped,0.0066530704498291016,0.07409282773733139,0.0
1787251507.400883913,1787251507.400888920,command,0.002832347061485052,0.06408004462718964,0.0
1787251507.469109774,1787251507.469114304,state,0.005583274178206921,0.07128926366567612,0.0
1787251507.469161272,1787251507.468480110,state_stamped,0.005583274178206921,0.07128926366567612,0.0
1787251507.471095800,1787251507.471101046,command,0.017733970656991005,0.20355047285556793,0.0
1787251507.539150000,1787251507.539155006,state,0.008985481224954128,0.10832253843545914,0.0
1787251507.539197922,1787251507.538480282,state_stamped,0.008985481224954128,0.10832253843545914,0.0
1787251507.541131496,1787251507.541136265,command,-0.004219454247504473,0.06272799521684647,0.0
1787251507.599147081,1787251507.599151373,state,0.005816292949020863,0.09737983345985413,0.0
1787251507.599197149,1787251507.598480463,state_stamped,0.005816292949020863,0.09737983345985413,0.0
1787251507.600868940,1787251507.600873709,command,-0.01828448846936226,0.05920252948999405,0.0
1787251507.669115305,1787251507.668480635,state_stamped,-0.0009319442324340343,0.08669015765190125,0.0
1787251507.669152975,1787251507.669158459,state,-0.0009319442324340343,0.08669015765190125,0.0
1787251507.671095133,1787251507.671100855,command,-0.021461455151438713,0.05885105952620506,0.0
1787251507.739167929,1787251507.738480330,state_stamped,-0.006680184509605169,0.07889524102210999,0.0
1787251507.739206314,1787251507.739211559,state,-0.006680184509605169,0.07889524102210999,0.0
1787251507.741145849,1787251507.741150618,command,-0.020490000024437904,0.05905488133430481,0.0
1787251507.799155712,1787251507.799159288,state,-0.009994548745453358,0.07413354516029358,0.0
1787251507.799197435,1787251507.798480511,state_stamped,-0.009994548745453358,0.07413354516029358,0.0
1787251507.801517725,1787251507.801522970,command,-0.021423688158392906,0.05314692482352257,0.0
1787251507.869089842,1787251507.869093418,state,-0.013194728642702103,0.06825724989175797,0.0
1787251507.869128704,1787251507.868480921,state_stamped,-0.013194728642702103,0.06825724989175797,0.0
1787251507.871122599,1787251507.871128321,command,0.0032350867986679077,0.20058763027191162,0.0
1787251507.939161301,1787251507.939164162,state,-0.008594412356615067,0.10530950129032135,0.0
1787251507.939201832,1787251507.938480377,state_stamped,-0.008594412356615067,0.10530950129032135,0.0
1787251507.940852642,1787251507.940857649,command,-0.019021468237042427,0.06151518598198891,0.0
1787251507.999185085,1787251507.999190807,state,-0.0110968928784132,0.09479891508817673,0.0
1787251507.999243259,1787251507.998480082,state_stamped,-0.0110968928784132,0.09479891508817673,0.0
1787251508.001171827,1787251508.001176596,command,-0.03093632496893406,0.05899011343717575,0.0
1787251508.069105864,1787251508.069109917,state,-0.016651935875415802,0.08477244526147842,0.0
1787251508.069145679,1787251508.068480253,state_stamped,-0.016651935875415802,0.08477244526147842,0.0
1787251508.071182013,1787251508.071188450,command,-0.02805929258465767,0.05513773486018181,0.0
1787251508.139144421,1787251508.139147282,state,-0.019846003502607346,0.07647471129894257,0.0
1787251508.139168024,1787251508.138480425,state_stamped,-0.019846003502607346,0.07647471129894257,0.0
1787251508.141151905,1787251508.141160250,command,-0.01932823657989502,0.060351863503456116,0.0
1787251508.199150085,1787251508.199153662,state,-0.01972173899412155,0.07260522991418839,0.0
1787251508.199183941,1787251508.198480368,state_stamped,-0.01972173899412155,0.07260522991418839,0.0
1787251508.201179743,1787251508.201188803,command,-0.014733651652932167,0.06343040615320206,0.0
1787251508.269083500,1787251508.269086361,state,-0.018324989825487137,0.07003612071275711,0.0
1787251508.269113541,1787251508.268484592,state_stamped,-0.018324989825487137,0.07003612071275711,0.0
1787251508.271049976,1787251508.271057367,command,-0.009189944714307785,0.06311586499214172,0.0
1787251508.339139938,1787251508.339142561,state,-0.015767313539981842,0.06809855252504349,0.0
1787251508.339183569,1787251508.338480711,state_stamped,-0.015767313539981842,0.06809855252504349,0.0
1787251508.341151953,1787251508.341159821,command,-0.004247764125466347,0.05869254842400551,0.0
1787251508.399160862,1787251508.398481131,state_stamped,-0.013002604246139526,0.06584109365940094,0.0
1787251508.399192333,1787251508.399194956,state,-0.013002604246139526,0.06584109365940094,0.0
1787251508.401182652,1787251508.401191235,command,0.020717689767479897,0.19568829238414764,0.0
1787251508.469082832,1787251508.469085455,state,-0.003560926765203476,0.1021982952952385,0.0
1787251508.469120741,1787251508.468481064,state_stamped,-0.003560926765203476,0.1021982952952385,0.0
1787251508.471075535,1787251508.471083164,command,0.0022807870991528034,0.06808945536613464,0.0
1787251508.539170504,1787251508.539173365,state,-0.0019252642523497343,0.09264792501926422,0.0
1787251508.539207220,1787251508.538480282,state_stamped,-0.0019252642523497343,0.09264792501926422,0.0
1787251508.541168690,1787251508.541176796,command,-0.005649079568684101,0.06395179778337479,0.0
1787251508.599162102,1787251508.599167824,state,-0.00281898258253932,0.08576083183288574,0.0
1787251508.599211931,1787251508.598480463,state_stamped,-0.00281898258253932,0.08576083183288574,0.0
1787251508.601004839,1787251508.601009607,command,-0.008402280509471893,0.05644723400473595,0.0
1787251508.669079542,1787251508.669085741,state,-0.004382296930998564,0.07755307108163834,0.0
1787251508.669134140,1787251508.668480158,state_stamped,-0.004382296930998564,0.07755307108163834,0.0
1787251508.671147823,1787251508.671154976,command,-0.005447179079055786,0.06560695171356201,0.0
1787251508.739158630,1787251508.739162445,state,-0.004680463578552008,0.07420816272497177,0.0
1787251508.739200592,1787251508.738480091,state_stamped,-0.004680463578552008,0.07420816272497177,0.0
1787251508.741189957,1787251508.741194487,command,-0.004018739331513643,0.06901764869689941,0.0
1787251508.799038649,1787251508.799047470,state,-0.004521641880273819,0.07296238094568253,0.0
1787251508.799094677,1787251508.798482895,state_stamped,-0.004521641880273819,0.07296238094568253,0.0
1787251508.801712036,1787251508.801718712,command,0.018155377358198166,0.20306731760501862,0.0
1787251508.869023323,1787251508.869026423,state,0.0018277070485055447,0.10939051955938339,0.0
1787251508.869062185,1787251508.868480682,state_stamped,0.0018277070485055447,0.10939051955938339,0.0
1787251508.871003151,1787251508.871008396,command,-0.002164655365049839,0.0563458614051342,0.0
1787251508.939156532,1787251508.939159870,state,0.0007098609348759055,0.09453821927309036,0.0
1787251508.939244986,1787251508.938479662,state_stamped,0.0007098609348759055,0.09453821927309036,0.0
1787251508.941257238,1787251508.941262007,command,-0.012934137135744095,0.06022917106747627,0.0
1787251508.999158382,1787251508.999166012,state,-0.002564731054008007,0.0863039642572403,0.0
1787251508.999261141,1787251508.998480320,state_stamped,-0.002564731054008007,0.0863039642572403,0.0
1787251509.001320601,1787251509.001325607,command,-0.01360983308404684,0.050168976187705994,0.0
1787251509.069067955,1787251509.069074392,state,-0.005657542496919632,0.07618556916713715,0.0
1787251509.069166422,1787251509.068484306,state_stamped,-0.005657542496919632,0.07618556916713715,0.0
1787251509.071152687,1787251509.071157217,command,-0.007214132230728865,0.06601561605930328,0.0
1787251509.139164448,1787251509.139169455,state,-0.00609336094930768,0.07333815842866898,0.0
1787251509.139211178,1787251509.138480186,state_stamped,-0.00609336094930768,0.07333815842866898,0.0
1787251509.141235828,1787251509.141243458,command,-0.009952018037438393,0.06202426925301552,0.0
1787251509.199158192,1787251509.198479891,state_stamped,-0.007019435986876488,0.07062283158302307,0.0
1787251509.199193239,1787251509.199196815,state,-0.007019435986876488,0.07062283158302307,0.0
1787251509.201288939,1787251509.201294184,command,0.013400804251432419,0.20493274927139282,0.0
1787251509.269077301,1787251509.268480062,state_stamped,-0.0013017542660236359,0.10822970420122147,0.0
1787251509.269114733,1787251509.269119501,state,-0.0013017542660236359,0.10822970420122147,0.0
1787251509.271161795,1787251509.271168232,command,-0.004884222988039255,0.05894597992300987,0.0
1787251509.339155674,1787251509.339160204,state,-0.002304850611835718,0.09443019330501556,0.0
1787251509.339200258,1787251509.338480473,state_stamped,-0.002304850611835718,0.09443019330501556,0.0
1787251509.341224194,1787251509.341231585,command,-0.01765502244234085,0.05618186667561531,0.0
1787251509.399161100,1787251509.399164677,state,-0.0059888847172260284,0.0852506160736084,0.0
1787251509.399201870,1787251509.398480415,state_stamped,-0.0059888847172260284,0.0852506160736084,0.0
1787251509.401174784,1787251509.401180267,command,-0.018064893782138824,0.05019557103514671,0.0
1787251509.469123840,1787251509.469128847,state,-0.009370152838528156,0.07543524354696274,0.0
1787251509.469170570,1787251509.468480110,state_stamped,-0.009370152838528156,0.07543524354696274,0.0
1787251509.471163034,1787251509.471170187,command,0.008174445480108261,0.20479311048984528,0.0
1787251509.539151430,1787251509.539156437,state,-0.004457663279026747,0.11165545880794525,0.0
1787251509.539196491,1787251509.538480043,state_stamped,-0.004457663279026747,0.11165545880794525,0.0
1787251509.540956497,1787251509.540963650,command,-0.013386980630457401,0.05595996975898743,0.0
1787251509.599186659,1787251509.598480225,state_stamped,-0.006600704975426197,0.09828850626945496,0.0
1787251509.599220753,1787251509.599226475,state,-0.006600704975426197,0.09828850626945496,0.0
1787251509.601214647,1787251509.601220608,command,-0.02384670078754425,0.054603658616542816,0.0
1787251509.669123173,1787251509.669127941,state,-0.0114295594394207,0.08605681359767914,0.0
1787251509.669168949,1787251509.668479919,state_stamped,-0.0114295594394207,0.08605681359767914,0.0
1787251509.671156168,1787251509.671163321,command,-0.025937959551811218,0.04840905964374542,0.0
1787251509.739176512,1787251509.738479853,state_stamped,-0.015491913072764874,0.07551543414592743,0.0
1787251509.739211321,1787251509.739215136,state,-0.015491913072764874,0.07551543414592743,0.0
1787251509.741192818,1787251509.741200209,command,-0.01579773612320423,0.06404683738946915,0.0
1787251509.799182415,1787251509.799187660,state,-0.01556531060487032,0.07276296615600586,0.0
1787251509.799232960,1787251509.798480034,state_stamped,-0.01556531060487032,0.07276296615600586,0.0
1787251509.800915956,1787251509.800921679,command,-0.013593088835477829,0.06606412678956985,0.0
1787251509.869149446,1787251509.868480444,state_stamped,-0.01501308474689722,0.07088728249073029,0.0
1787251509.869193077,1787251509.869198084,state,-0.01501308474689722,0.07088728249073029,0.0
1787251509.871154547,1787251509.871161699,command,-0.009141195565462112,0.0660288855433464,0.0
1787251509.939197540,1787251509.939202547,state,-0.013368955813348293,0.06952693313360214,0.0
1787251509.939246416,1787251509.938480377,state_stamped,-0.013368955813348293,0.06952693313360214,0.0
1787251509.941190243,1787251509.941197634,command,-0.004789385013282299,0.06439592689275742,0.0
1787251509.999211311,1787251509.999219656,state,-0.011309867724776268,0.06829549372196198,0.0
1787251509.999274492,1787251509.998480320,state_stamped,-0.011309867724776268,0.06829549372196198,0.0
1787251510.001159668,1787251510.001167059,command,-0.0022847019135951996,0.06402594596147537,0.0
1787251510.069132090,1787251510.068480253,state_stamped,-0.008782818913459778,0.06710001826286316,0.0
1787251510.069170713,1787251510.069176435,state,-0.008782818913459778,0.06710001826286316,0.0
1787251510.071211815,1787251510.071219206,command,0.02128193899989128,0.20110046863555908,0.0
1787251510.139178753,1787251510.139183760,state,-0.00036464445292949677,0.10462033748626709,0.0
1787251510.139228106,1787251510.138480663,state_stamped,-0.00036464445292949677,0.10462033748626709,0.0
1787251510.141203880,1787251510.141212702,command,0.0012252654414623976,0.06665634363889694,0.0
1787251510.199162483,1787251510.198480129,state_stamped,1.6929960111156106e-05,0.09550907462835312,0.0
1787251510.199199915,1787251510.199203730,state,1.6929960111156106e-05,0.09550907462835312,0.0
1787251510.201253414,1787251510.201259375,command,-0.012269962579011917,0.06425343453884125,0.0
1787251510.269134283,1787251510.269139290,state,-0.0034234002232551575,0.08675749599933624,0.0
1787251510.269181252,1787251510.268480062,state_stamped,-0.0034234002232551575,0.08675749599933624,0.0
1787251510.271156073,1787251510.271162987,command,-0.014341272413730621,0.05639456957578659,0.0
1787251510.339175463,1787251510.339180470,state,-0.006480413489043713,0.07825584709644318,0.0
1787251510.339224339,1787251510.338480234,state_stamped,-0.006480413489043713,0.07825584709644318,0.0
1787251510.341215372,1787251510.341223717,command,-0.013028359971940517,0.06666361540555954,0.0
1787251510.399155617,1787251510.399160862,state,-0.008051917888224125,0.07547371834516525,0.0
1787251510.399202347,1787251510.398480177,state_stamped,-0.008051917888224125,0.07547371834516525,0.0
1787251510.401247263,1787251510.401252031,command,-0.012881631962954998,0.06547930836677551,0.0
1787251510.469159842,1787251510.469165087,state,-0.009404241107404232,0.07267527282238007,0.0
1787251510.469208002,1787251510.468480349,state_stamped,-0.009404241107404232,0.07267527282238007,0.0
1787251510.471245050,1787251510.471252441,command,-0.008296201005578041,0.06979826092720032,0.0
1787251510.539198160,1787251510.539203405,state,-0.009093989618122578,0.07186970859766006,0.0
1787251510.539244890,1787251510.538480282,state_stamped,-0.009093989618122578,0.07186970859766006,0.0
1787251510.541066647,1787251510.541074038,command,-0.003583991201594472,0.06813228130340576,0.0
1787251510.599187851,1787251510.598480463,state_stamped,-0.0077715907245874405,0.07097272574901581,0.0
1787251510.599227905,1787251510.599233389,state,-0.0077715907245874405,0.07097272574901581,0.0
1787251510.601190567,1787251510.601196527,command,-0.0008732292917557061,0.06660571694374084,0.0
1787251510.669170618,1787251510.669173956,state,-0.005840064492076635,0.06974997371435165,0.0
1787251510.669210911,1787251510.668479919,state_stamped,-0.005840064492076635,0.06974997371435165,0.0
1787251510.671168804,1787251510.671175718,command,0.019994201138615608,0.20575657486915588,0.0
1787251510.739229918,1787251510.739235163,state,0.0013935687020421028,0.10783202201128006,0.0
1787251510.739278316,1787251510.738480091,state_stamped,0.0013935687020421028,0.10783202201128006,0.0
1787251510.740994930,1787251510.740999937,command,0.019288375973701477,0.20256325602531433,0.0
1787251510.799185991,1787251510.798480034,state_stamped,0.005688314791768789,0.13056747615337372,0.0
1787251510.799267292,1787251510.799272776,state,0.005688314791768789,0.13056747615337372,0.0
1787251510.800953627,1787251510.800959587,command,0.013694905675947666,0.19649000465869904,0.0
1787251510.868917942,1787251510.868925810,state,0.007930194027721882,0.1490260660648346,0.0
1787251510.868978262,1787251510.868481159,state_stamped,0.007930194027721882,0.1490260660648346,0.0
1787251510.871670485,1787251510.871676207,command,-0.026337651535868645,0.05989823490381241,0.0
1787251510.939029932,1787251510.939033270,state,-0.0016649682074785233,0.12406983971595764,0.0
1787251510.939066887,1787251510.938482285,state_stamped,-0.0016649682074785233,0.12406983971595764,0.0
1787251510.940976620,1787251510.940983772,command,-0.013404701836407185,0.20753087103366852,0.0
1787251510.999009609,1787251510.999014616,state,-0.004482400603592396,0.14409974217414856,0.0
1787251510.999098301,1787251510.998480082,state_stamped,-0.004482400603592396,0.14409974217414856,0.0
1787251511.001315117,1787251511.001322746,command,-0.01027723215520382,0.19502873718738556,0.0
1787251511.068932056,1787251511.068934917,state,-0.00610498059540987,0.158360093832016,0.0
1787251511.068967819,1787251511.068481207,state_stamped,-0.00610498059540987,0.158360093832016,0.0
1787251511.071084023,1787251511.071092844,command,-0.014104548841714859,0.20673921704292297,0.0
1787251511.139028788,1787251511.138482809,state_stamped,-0.008344905450940132,0.17190653085708618,0.0
1787251511.139105558,1787251511.139110804,state,-0.008344905450940132,0.17190653085708618,0.0
1787251511.141104460,1787251511.141111612,command,-0.01658642292022705,0.20377714931964874,0.0
1787251511.199071407,1787251511.198480129,state_stamped,-0.010322782211005688,0.17955513298511505,0.0
1787251511.199114084,1787251511.199119091,state,-0.010322782211005688,0.17955513298511505,0.0
1787251511.201174736,1787251511.201183319,command,-0.010863669216632843,0.20468756556510925,0.0
1787251511.268994570,1787251511.269000769,state,-0.010474232956767082,0.18659232556819916,0.0
1787251511.269043684,1787251511.268481255,state_stamped,-0.010474232956767082,0.18659232556819916,0.0
1787251511.271055698,1787251511.271062613,command,-0.005550485569983721,0.21386703848838806,0.0
1787251511.339026451,1787251511.338484287,state_stamped,-0.009095520712435246,0.1942295879125595,0.0
1787251511.339105129,1787251511.339110136,state,-0.009095520712435246,0.1942295879125595,0.0
1787251511.341111660,1787251511.341118574,command,0.002704434096813202,0.21004727482795715,0.0
1787251511.399002790,1787251511.399007797,state,-0.006263710092753172,0.19802559912204742,0.0
1787251511.399061441,1787251511.398480654,state_stamped,-0.006263710092753172,0.19802559912204742,0.0
1787251511.401124001,1787251511.401129961,command,0.008152369409799576,0.2269713282585144,0.0
1787251511.468985319,1787251511.468481064,state_stamped,-0.002227183897048235,0.20613044500350952,0.0
1787251511.469016314,1787251511.469022512,state,-0.002227183897048235,0.20613044500350952,0.0
1787251511.470728874,1787251511.470737219,command,0.016173874959349632,0.22295328974723816,0.0
1787251511.539025307,1787251511.538484335,state_stamped,0.002925355453044176,0.21084105968475342,0.0
1787251511.539102793,1787251511.539107800,state,0.002925355453044176,0.21084105968475342,0.0
1787251511.541128159,1787251511.541135550,command,-0.0045838081277906895,0.07270023226737976,0.0
1787251511.599023819,1787251511.598480225,state_stamped,0.0011232764227315784,0.17768947780132294,0.0
1787251511.599106312,1787251511.599111319,state,0.0011232764227315784,0.17768947780132294,0.0
1787251511.601163864,1787251511.601171732,command,0.0019394702976569533,0.07899656146764755,0.0
1787251511.668962002,1787251511.668481112,state_stamped,0.0013518133200705051,0.1500551402568817,0.0
1787251511.669040203,1787251511.669044971,state,0.0013518133200705051,0.1500551402568817,0.0
1787251511.670761824,1787251511.670768976,command,0.032535526901483536,0.19352182745933533,0.0
1787251511.739034414,1787251511.739039898,state,0.01008358970284462,0.16222627460956573,0.0
1787251511.739082575,1787251511.738483906,state_stamped,0.01008358970284462,0.16222627460956573,0.0
1787251511.741077662,1787251511.741082668,command,0.02548033744096756,0.0665358304977417,0.0
1787251511.799189568,1787251511.799194813,state,0.013778578490018845,0.13926200568675995,0.0
1787251511.799236536,1787251511.798480034,state_stamped,0.013778578490018845,0.13926200568675995,0.0
1787251511.801291227,1787251511.801299810,command,0.04344648867845535,0.19711247086524963,0.0
1787251511.869117022,1787251511.869121790,state,0.022085607051849365,0.1554601639509201,0.0
1787251511.869164228,1787251511.868480206,state_stamped,0.022085607051849365,0.1554601639509201,0.0
1787251511.871187687,1787251511.871194601,command,0.04817043989896774,0.20325776934623718,0.0
1787251511.939127922,1787251511.939135075,state,0.02938934415578842,0.16884346306324005,0.0
1787251511.939186573,1787251511.938480139,state_stamped,0.02938934415578842,0.16884346306324005,0.0
1787251511.940987587,1787251511.940993309,command,0.022913828492164612,0.07500414550304413,0.0
1787251511.999132633,1787251511.999140263,state,0.027835216373205185,0.14632196724414825,0.0
1787251511.999191284,1787251511.998480320,state_stamped,0.027835216373205185,0.14632196724414825,0.0
1787251512.001101971,1787251512.001107931,command,0.034517012536525726,0.20276470482349396,0.0
1787251512.069112778,1787251512.069118261,state,0.029706116765737534,0.16212591528892517,0.0
1787251512.069160461,1787251512.068480015,state_stamped,0.029706116765737534,0.16212591528892517,0.0
1787251512.071235895,1787251512.071244478,command,0.014465116895735264,0.06164832413196564,0.0
1787251512.139025688,1787251512.139030457,state,0.02543863281607628,0.13399216532707214,0.0
1787251512.139072180,1787251512.138480186,state_stamped,0.02543863281607628,0.13399216532707214,0.0
1787251512.140813112,1787251512.140821695,command,0.03269495069980621,0.1837642788887024,0.0
1787251512.199206352,1787251512.198480129,state_stamped,0.027180150151252747,0.1459374874830246,0.0
1787251512.199245930,1787251512.199251413,state,0.027180150151252747,0.1459374874830246,0.0
1787251512.200961590,1787251512.200967073,command,0.03589781001210213,0.19717839360237122,0.0
1787251512.269126415,1787251512.269131184,state,0.029621094465255737,0.16028493642807007,0.0
1787251512.269174099,1787251512.268480301,state_stamped,0.029621094465255737,0.16028493642807007,0.0
1787251512.271193504,1787251512.271200657,command,0.011769413948059082,0.06762447953224182,0.0
1787251512.339169741,1787251512.339174986,state,0.024622619152069092,0.13433998823165894,0.0
1787251512.339217424,1787251512.338480234,state_stamped,0.024622619152069092,0.13433998823165894,0.0
1787251512.340952396,1787251512.340959311,command,0.023248061537742615,0.19408303499221802,0.0
1787251512.399197578,1787251512.398480177,state_stamped,0.024292726069688797,0.14867831766605377,0.0
1787251512.399233580,1787251512.399238348,state,0.024292726069688797,0.14867831766605377,0.0
1787251512.401286840,1787251512.401295185,command,0.028890779241919518,0.20234380662441254,0.0
1787251512.469120026,1787251512.469125032,state,0.02558017708361149,0.16370460391044617,0.0
1787251512.469167948,1787251512.468480110,state_stamped,0.02558017708361149,0.16370460391044617,0.0
1787251512.470882416,1787251512.470889568,command,0.0009636375471018255,0.06888541579246521,0.0
1787251512.539193630,1787251512.539198399,state,0.018687529489398003,0.1371551752090454,0.0
1787251512.539238214,1787251512.538480282,state_stamped,0.018687529489398003,0.1371551752090454,0.0
1787251512.540921688,1787251512.540928841,command,0.014765093103051186,0.20598621666431427,0.0
1787251512.599203587,1787251512.598479986,state_stamped,0.017746146768331528,0.15367458760738373,0.0
1787251512.599241972,1787251512.599247456,state,0.017746146768331528,0.15367458760738373,0.0
1787251512.601270437,1787251512.601278782,command,-0.0008607730269432068,0.06565919518470764,0.0
1787251512.668976784,1787251512.668981791,state,0.012536199763417244,0.1290302276611328,0.0
1787251512.669023991,1787251512.668480158,state_stamped,0.012536199763417244,0.1290302276611328,0.0
1787251512.670808792,1787251512.670815945,command,0.014722691848874092,0.2028072476387024,0.0
1787251512.739210844,1787251512.739215851,state,0.013148416765034199,0.1496877819299698,0.0
1787251512.739259958,1787251512.738480091,state_stamped,0.013148416765034199,0.1496877819299698,0.0
1787251512.741328716,1787251512.741335869,command,-0.006952200084924698,0.06358740478754044,0.0
1787251512.799199581,1787251512.799204826,state,0.00832427479326725,0.1290237158536911,0.0
1787251512.799247265,1787251512.798480034,state_stamped,0.00832427479326725,0.1290237158536911,0.0
1787251512.801229239,1787251512.801237345,command,0.0074237678200006485,0.20201648771762848,0.0
1787251512.868920326,1787251512.868930578,state,0.00807213131338358,0.1494618058204651,0.0
1787251512.868996143,1787251512.868480444,state_stamped,0.00807213131338358,0.1494618058204651,0.0
1787251512.871671438,1787251512.871677637,command,0.004586538765579462,0.2126944363117218,0.0
1787251512.939148188,1787251512.939153910,state,0.0070961471647024155,0.1671672761440277,0.0
1787251512.939250231,1787251512.938481808,state_stamped,0.0070961471647024155,0.1671672761440277,0.0
1787251512.941111088,1787251512.941118479,command,-0.020164625719189644,0.0720905214548111,0.0
1787251512.999215603,1787251512.999222755,state,0.0005536507815122604,0.14434915781021118,0.0
1787251512.999298334,1787251512.998480797,state_stamped,0.0005536507815122604,0.14434915781021118,0.0
1787251513.001454592,1787251513.001460075,command,-3.630767605500296e-05,0.1957143098115921,0.0
1787251513.069086552,1787251513.069091797,state,0.00038846273673698306,0.1587313711643219,0.0
1787251513.069152117,1787251513.068480730,state_stamped,0.00038846273673698306,0.1587313711643219,0.0
1787251513.071243763,1787251513.071248055,command,-0.016115201637148857,0.06612970679998398,0.0
1787251513.139152288,1787251513.138480425,state_stamped,-0.004232540726661682,0.1328030377626419,0.0
1787251513.139229774,1787251513.139236212,state,-0.004232540726661682,0.1328030377626419,0.0
1787251513.141173363,1787251513.141177654,command,0.012357315979897976,0.19700634479522705,0.0
1787251513.199165106,1787251513.198480606,state_stamped,-0.0002509653568267822,0.14821186661720276,0.0
1787251513.199240685,1787251513.199246645,state,-0.0002509653568267822,0.14821186661720276,0.0
1787251513.201177597,1787251513.201182604,command,-0.0052825952880084515,0.06818380206823349,0.0
1787251513.269127846,1787251513.268480778,state_stamped,-0.001659828587435186,0.1258039027452469,0.0
1787251513.269171238,1787251513.269176245,state,-0.001659828587435186,0.1258039027452469,0.0
1787251513.271190166,1787251513.271194696,command,0.017797406762838364,0.19769129157066345,0.0
1787251513.339194298,1787251513.338480711,state_stamped,0.0037881899625062943,0.14593234658241272,0.0
1787251513.339235306,1787251513.339243412,state,0.0037881899625062943,0.14593234658241272,0.0
1787251513.341211081,1787251513.341217995,command,-0.004046243615448475,0.06566575169563293,0.0
1787251513.399152040,1787251513.399157524,state,0.0019079518970102072,0.12666863203048706,0.0
1787251513.399237871,1787251513.398479939,state_stamped,0.0019079518970102072,0.12666863203048706,0.0
1787251513.401162386,1787251513.401167631,command,0.015115447342395782,0.19984810054302216,0.0
1787251513.469134808,1787251513.468480587,state_stamped,0.005606088321655989,0.14715909957885742,0.0
1787251513.469165802,1787251513.469171047,state,0.005606088321655989,0.14715909957885742,0.0
1787251513.471117496,1787251513.471122980,command,-0.010865935124456882,0.06228719279170036,0.0
1787251513.539174795,1787251513.538480759,state_stamped,0.0009939135052263737,0.1233949214220047,0.0
1787251513.539258957,1787251513.539265871,state,0.0009939135052263737,0.1233949214220047,0.0
1787251513.541260958,1787251513.541265965,command,0.010390992276370525,0.19296739995479584,0.0
1787251513.599215508,1787251513.599223137,state,0.003249215427786112,0.14009234309196472,0.0
1787251513.599273920,1787251513.598480940,state_stamped,0.003249215427786112,0.14009234309196472,0.0
1787251513.600950480,1787251513.600956440,command,0.012127193622291088,0.19566576182842255,0.0
1787251513.669094801,1787251513.668481350,state_stamped,0.0057350643910467625,0.1556529998779297,0.0
1787251513.669176340,1787251513.669183731,state,0.0057350643910467625,0.1556529998779297,0.0
1787251513.671138763,1787251513.671144724,command,-0.010601187124848366,0.06273626536130905,0.0
1787251513.739120483,1787251513.739128113,state,0.0011610141955316067,0.12963688373565674,0.0
1787251513.739214420,1787251513.738479853,state_stamped,0.0011610141955316067,0.12963688373565674,0.0
1787251513.740953922,1787251513.740959167,command,0.012072823010385036,0.19811026751995087,0.0
1787251513.799146891,1787251513.799154282,state,0.0037798595149070024,0.14607056975364685,0.0
1787251513.799239874,1787251513.798480034,state_stamped,0.0037798595149070024,0.14607056975364685,0.0
1787251513.801225185,1787251513.801230669,command,-0.00015797954984009266,0.06528713554143906,0.0
1787251513.869139910,1787251513.868481159,state_stamped,0.0026772450655698776,0.12345080822706223,0.0
1787251513.869217873,1787251513.869226217,state,0.0026772450655698776,0.12345080822706223,0.0
1787251513.870862007,1787251513.870867252,command,0.020874807611107826,0.19743521511554718,0.0
1787251513.939205885,1787251513.939211369,state,0.007772502489387989,0.14416620135307312,0.0
1787251513.939257860,1787251513.938480377,state_stamped,0.007772502489387989,0.14416620135307312,0.0
1787251513.940939188,1787251513.940943956,command,0.004132496193051338,0.06045558303594589,0.0
1787251513.999216318,1787251513.998480082,state_stamped,0.006898907013237476,0.12407580018043518,0.0
1787251513.999297142,1787251513.999306440,state,0.006898907013237476,0.12407580018043518,0.0
1787251514.001125097,1787251514.001129627,command,0.02147328294813633,0.2036653310060501,0.0
1787251514.069062471,1787251514.069070578,state,0.010979743674397469,0.14636093378067017,0.0
1787251514.069126368,1787251514.068480253,state_stamped,0.010979743674397469,0.14636093378067017,0.0
1787251514.071816683,1787251514.071825266,command,0.003710939548909664,0.059786006808280945,0.0
1787251514.139183044,1787251514.138479948,state_stamped,0.008944489061832428,0.12212008237838745,0.0
1787251514.139227629,1787251514.139235497,state,0.008944489061832428,0.12212008237838745,0.0
1787251514.141385317,1787251514.141390085,command,0.023785581812262535,0.2045949101448059,0.0
1787251514.199057102,1787251514.198480606,state_stamped,0.0125063955783844,0.14191429316997528,0.0
1787251514.199100018,1787251514.199107885,state,0.0125063955783844,0.14191429316997528,0.0
1787251514.200823069,1787251514.200828075,command,0.005590654443949461,0.05902251973748207,0.0
1787251514.269152403,1787251514.268480301,state_stamped,0.010569997131824493,0.11870470643043518,0.0
1787251514.269191027,1787251514.269198895,state,0.010569997131824493,0.11870470643043518,0.0
1787251514.271227121,1787251514.271230936,command,0.024504873901605606,0.19707819819450378,0.0
1787251514.339179993,1787251514.338480473,state_stamped,0.014471770264208317,0.14064933359622955,0.0
1787251514.339217424,1787251514.339225292,state,0.014471770264208317,0.14064933359622955,0.0
1787251514.341211081,1787251514.341215849,command,0.003194733988493681,0.06432686746120453,0.0
1787251514.399181604,1787251514.398479939,state_stamped,0.01176530309021473,0.12233208119869232,0.0
1787251514.399209023,1787251514.399216413,state,0.01176530309021473,0.12233208119869232,0.0
1787251514.401282310,1787251514.401286602,command,0.01868966780602932,0.2038281410932541,0.0
1787251514.469151258,1787251514.468480587,state_stamped,0.013704140670597553,0.14515116810798645,0.0
1787251514.469184399,1787251514.469192743,state,0.013704140670597553,0.14515116810798645,0.0
1787251514.471279860,1787251514.471284151,command,-0.00474861916154623,0.0700857937335968,0.0
1787251514.539174557,1787251514.538480043,state_stamped,0.008537409827113152,0.12413303554058075,0.0
1787251514.539206982,1787251514.539215088,state,0.008537409827113152,0.12413303554058075,0.0
1787251514.541265488,1787251514.541269302,command,0.010600520297884941,0.20458249747753143,0.0
1787251514.599129915,1787251514.598480225,state_stamped,0.00903255958110094,0.14344103634357452,0.0
1787251514.599159002,1787251514.599164486,state,0.00903255958110094,0.14344103634357452,0.0
1787251514.601296902,1787251514.601300955,command,-0.01004575751721859,0.06629674136638641,0.0
1787251514.669135332,1787251514.668480635,state_stamped,0.0036906138993799686,0.12184056639671326,0.0
1787251514.669173002,1787251514.669180870,state,0.0036906138993799686,0.12184056639671326,0.0
1787251514.671200514,1787251514.671204090,command,0.00671010697260499,0.20195241272449493,0.0
1787251514.739119530,1787251514.738479853,state_stamped,0.004536062479019165,0.1442716270685196,0.0
1787251514.739188433,1787251514.739197016,state,0.004536062479019165,0.1442716270685196,0.0
1787251514.741262674,1787251514.741266727,command,-0.01422117929905653,0.06546857953071594,0.0
1787251514.799190044,1787251514.799197912,state,3.4254975616931915e-05,0.12535861134529114,0.0
1787251514.799242735,1787251514.798480749,state_stamped,3.4254975616931915e-05,0.12535861134529114,0.0
1787251514.801250219,1787251514.801253796,command,0.0031980148050934076,0.20581984519958496,0.0
1787251514.868940353,1787251514.868949413,state,0.000920102815143764,0.14788763225078583,0.0
1787251514.869005680,1787251514.868480206,state_stamped,0.000920102815143764,0.14788763225078583,0.0
1787251514.871657372,1787251514.871662855,command,-0.016972288489341736,0.06906963139772415,0.0
1787251514.939199209,1787251514.938480139,state_stamped,-0.004089748952537775,0.12581866979599,0.0
1787251514.939238548,1787251514.939247608,state,-0.004089748952537775,0.12581866979599,0.0
1787251514.941409826,1787251514.941413641,command,0.007828709669411182,0.20151668787002563,0.0
1787251514.999152899,1787251514.998480320,state_stamped,-0.0012293080799281597,0.14398625493049622,0.0
1787251514.999186516,1787251514.999194622,state,-0.0012293080799281597,0.14398625493049622,0.0
1787251515.001490831,1787251515.001498461,command,-0.008207743056118488,0.06891528517007828,0.0
1787251515.069162846,1787251515.069170713,state,-0.003183264983817935,0.12296643853187561,0.0
1787251515.069215536,1787251515.068480015,state_stamped,-0.003183264983817935,0.12296643853187561,0.0
1787251515.071322441,1787251515.071330070,command,0.014999432489275932,0.1984037160873413,0.0
1787251515.139172554,1787251515.138479948,state_stamped,0.0019078764598816633,0.14408881962299347,0.0
1787251515.139205694,1787251515.139214993,state,0.0019078764598816633,0.14408881962299347,0.0
1787251515.141258478,1787251515.141266108,command,-0.008583318442106247,0.06179559975862503,0.0
1787251515.199185371,1787251515.198480606,state_stamped,-0.0006100370083004236,0.12433823943138123,0.0
1787251515.199211597,1787251515.199218035,state,-0.0006100370083004236,0.12433823943138123,0.0
1787251515.201011419,1787251515.201018572,command,0.011471183970570564,0.2009122371673584,0.0
1787251515.269126415,1787251515.268480062,state_stamped,0.002772680250927806,0.1457788050174713,0.0
1787251515.269160509,1787251515.269169807,state,0.002772680250927806,0.1457788050174713,0.0
1787251515.271303654,1787251515.271308899,command,-0.011039559729397297,0.061926621943712234,0.0
1787251515.339171886,1787251515.338480473,state_stamped,-0.0010947708506137133,0.12230004370212555,0.0
1787251515.339210510,1787251515.339218855,state,-0.0010947708506137133,0.12230004370212555,0.0
1787251515.341292858,1787251515.341299772,command,0.010456755757331848,0.20253869891166687,0.0
1787251515.399186373,1787251515.398480177,state_stamped,0.0016775776166468859,0.14155720174312592,0.0
1787251515.399217129,1787251515.399222374,state,0.0016775776166468859,0.14155720174312592,0.0
1787251515.401231289,1787251515.401238441,command,-0.00895944144576788,0.06014380604028702,0.0
1787251515.469143152,1787251515.469148397,state,-0.0013007891830056906,0.11876143515110016,0.0
1787251515.469180346,1787251515.468480110,state_stamped,-0.0013007891830056906,0.11876143515110016,0.0
1787251515.471189022,1787251515.471194983,command,0.011898134835064411,0.1873861700296402,0.0
1787251515.539162874,1787251515.538480043,state_stamped,0.0023949069436639547,0.13797634840011597,0.0
1787251515.539195538,1787251515.539203644,state,0.0023949069436639547,0.13797634840011597,0.0
1787251515.541251659,1787251515.541259527,command,0.01886720210313797,0.1944607049226761,0.0
1787251515.599182844,1787251515.598480225,state_stamped,0.006348268128931522,0.1515326350927353,0.0
1787251515.599213362,1787251515.599218130,state,0.006348268128931522,0.1515326350927353,0.0
1787251515.601259708,1787251515.601268291,command,-0.004701291676610708,0.06041775643825531,0.0
1787251515.669111490,1787251515.668479919,state_stamped,0.0032544012647122145,0.12602055072784424,0.0
1787251515.669150829,1787251515.669158697,state,0.0032544012647122145,0.12602055072784424,0.0
1787251515.670932055,1787251515.670936584,command,0.012634918093681335,0.19664889574050903,0.0
1787251515.739155531,1787251515.738480330,state_stamped,0.005880958400666714,0.14579658210277557,0.0
1787251515.739194393,1787251515.739202023,state,0.005880958400666714,0.14579658210277557,0.0
1787251515.741128922,1787251515.741135597,command,0.0026200732681900263,0.05916684493422508,0.0
1787251515.799158573,1787251515.798480272,state_stamped,0.005098348017781973,0.12500549852848053,0.0
1787251515.799191236,1787251515.799196482,state,0.005098348017781973,0.12500549852848053,0.0
1787251515.801196098,1787251515.801202536,command,0.01924067735671997,0.20291486382484436,0.0
1787251515.869091511,1787251515.868479967,state_stamped,0.009058189578354359,0.146820068359375,0.0
1787251515.869166851,1787251515.869174957,state,0.009058189578354359,0.146820068359375,0.0
1787251515.870882988,1787251515.870886564,command,0.0020356851164251566,0.054983120411634445,0.0
1787251515.939153433,1787251515.938480139,state_stamped,0.00709188636392355,0.12110570073127747,0.0
1787251515.939190865,1787251515.939199209,state,0.00709188636392355,0.12110570073127747,0.0
1787251515.941221714,1787251515.941224813,command,0.006450435612350702,0.05347808450460434,0.0
1787251515.999179602,1787251515.998480082,state_stamped,0.006937938276678324,0.10487508773803711,0.0
1787251515.999275684,1787251515.999284267,state,0.006937938276678324,0.10487508773803711,0.0
1787251516.001427412,1787251516.001430750,command,0.010992645286023617,0.058201417326927185,0.0
1787251516.069119930,1787251516.069128275,state,0.008073261007666588,0.09180640429258347,0.0
1787251516.069171667,1787251516.068480253,state_stamped,0.008073261007666588,0.09180640429258347,0.0
1787251516.071015120,1787251516.071021795,command,0.01872425712645054,0.062192652374506,0.0
1787251516.139149666,1787251516.138480425,state_stamped,0.011055540293455124,0.08351455628871918,0.0
1787251516.139187574,1787251516.139196396,state,0.011055540293455124,0.08351455628871918,0.0
1787251516.141184092,1787251516.141187668,command,0.02016833797097206,0.05867156758904457,0.0
1787251516.199162960,1787251516.199167728,state,0.013242602348327637,0.07755226641893387,0.0
1787251516.199204683,1787251516.198480129,state_stamped,0.013242602348327637,0.07755226641893387,0.0
1787251516.201259613,1787251516.201263428,command,0.024306796491146088,0.06007472798228264,0.0
1787251516.269111395,1787251516.268479824,state_stamped,0.016340570524334908,0.07265856862068176,0.0
1787251516.269151211,1787251516.269159079,state,0.016340570524334908,0.07265856862068176,0.0
1787251516.270975113,1787251516.270980597,command,0.026597172021865845,0.06679049879312515,0.0
1787251516.339154005,1787251516.338480234,state_stamped,0.01921243406832218,0.07101549953222275,0.0
1787251516.339190722,1787251516.339200735,state,0.01921243406832218,0.07101549953222275,0.0
1787251516.341255426,1787251516.341260433,command,0.022799111902713776,0.06698686629533768,0.0
1787251516.399144650,1787251516.398480415,state_stamped,0.020073238760232925,0.07004862278699875,0.0
1787251516.399178267,1787251516.399188519,state,0.020073238760232925,0.07004862278699875,0.0
1787251516.401256800,1787251516.401262283,command,0.014814307913184166,0.07052278518676758,0.0
1787251516.469093084,1787251516.468480110,state_stamped,0.018600745126605034,0.07018138468265533,0.0
1787251516.469126463,1787251516.469134331,state,0.018600745126605034,0.07018138468265533,0.0
1787251516.470922232,1787251516.470928431,command,0.004005208611488342,0.0680217295885086,0.0
1787251516.539150238,1787251516.538480043,state_stamped,0.014513997361063957,0.0695766806602478,0.0
1787251516.539185047,1787251516.539194107,state,0.014513997361063957,0.0695766806602478,0.0
1787251516.541044712,1787251516.541051388,command,-0.007970042526721954,0.06605900824069977,0.0
1787251516.599162340,1787251516.598480463,state_stamped,0.009117798879742622,0.06873243302106857,0.0
1787251516.599196434,1787251516.599206686,state,0.009117798879742622,0.06873243302106857,0.0
1787251516.601296425,1787251516.601302385,command,-0.015770571306347847,0.068241648375988,0.0
1787251516.669103622,1787251516.668479919,state_stamped,0.0021490929648280144,0.06859501451253891,0.0
1787251516.669135809,1787251516.669145107,state,0.0021490929648280144,0.06859501451253891,0.0
1787251516.671257496,1787251516.671262741,command,-0.02282191440463066,0.06711068004369736,0.0
1787251516.739163160,1787251516.738480091,state_stamped,-0.00484279403463006,0.06817939877510071,0.0
1787251516.739199638,1787251516.739208221,state,-0.00484279403463006,0.06817939877510071,0.0
1787251516.741290808,1787251516.741297007,command,-0.028522012755274773,0.06421346962451935,0.0
1787251516.799148321,1787251516.798480034,state_stamped,-0.010525815188884735,0.0672275722026825,0.0
1787251516.799177408,1787251516.799182653,state,-0.010525815188884735,0.0672275722026825,0.0
1787251516.800935268,1787251516.800941467,command,-0.031416378915309906,0.05946262553334236,0.0
1787251516.869054794,1787251516.869064808,state,-0.016375310719013214,0.06505333632230759,0.0
1787251516.869121790,1787251516.868481874,state_stamped,-0.016375310719013214,0.06505333632230759,0.0
1787251516.871746063,1787251516.871752977,command,-0.03320051357150078,0.057886939495801926,0.0
1787251516.939088106,1787251516.938480139,state_stamped,-0.021086260676383972,0.06304679065942764,0.0
1787251516.939169645,1787251516.939177275,state,-0.021086260676383972,0.06304679065942764,0.0
1787251516.941179991,1787251516.941185951,command,-0.032435234636068344,0.05910107120871544,0.0
1787251516.999117613,1787251516.998480320,state_stamped,-0.023810021579265594,0.06209981441497803,0.0
1787251516.999160051,1787251516.999167919,state,-0.023810021579265594,0.06209981441497803,0.0
1787251517.001176596,1787251517.001181841,command,-0.03212271258234978,0.058559220284223557,0.0
1787251517.069128036,1787251517.068480253,state_stamped,-0.026137573644518852,0.06110844761133194,0.0
1787251517.069175243,1787251517.069182873,state,-0.026137573644518852,0.06110844761133194,0.0
1787251517.070980072,1787251517.070985317,command,-0.031237101182341576,0.058370135724544525,0.0
1787251517.139137506,1787251517.138480186,state_stamped,-0.02756543830037117,0.0603417232632637,0.0
1787251517.139182329,1787251517.139190435,state,-0.02756543830037117,0.0603417232632637,0.0
1787251517.141046047,1787251517.141053438,command,-0.028304245322942734,0.06025714799761772,0.0
1787251517.199138403,1787251517.198480129,state_stamped,-0.027742750942707062,0.06032142415642738,0.0
1787251517.199181557,1787251517.199189186,state,-0.027742750942707062,0.06032142415642738,0.0
1787251517.201030493,1787251517.201038837,command,-0.023403242230415344,0.05748292803764343,0.0
1787251517.269113302,1787251517.269120932,state,-0.026527687907218933,0.05952664464712143,0.0
1787251517.269167662,1787251517.268480062,state_stamped,-0.026527687907218933,0.05952664464712143,0.0
1787251517.270973206,1787251517.270978928,command,-0.01844651624560356,0.05505746230483055,0.0
1787251517.339109182,1787251517.338479996,state_stamped,-0.02426496520638466,0.05827527493238449,0.0
1787251517.339148521,1787251517.339156628,state,-0.02426496520638466,0.05827527493238449,0.0
1787251517.340995550,1787251517.341000557,command,-0.011175466701388359,0.05552840977907181,0.0
1787251517.398975849,1787251517.398480415,state_stamped,-0.021123461425304413,0.05761602148413658,0.0
1787251517.399023771,1787251517.399032354,state,-0.021123461425304413,0.05761602148413658,0.0
1787251517.401368141,1787251517.401373386,command,-0.007091354113072157,0.058012332767248154,0.0
1787251517.469069719,1787251517.468480349,state_stamped,-0.0171944759786129,0.057726986706256866,0.0
1787251517.469116688,1787251517.469125032,state,-0.0171944759786129,0.057726986706256866,0.0
1787251517.471022606,1787251517.471027851,command,-0.0026704147458076477,0.05779150500893593,0.0
1787251517.539071560,1787251517.538480520,state_stamped,-0.013127725571393967,0.05774505063891411,0.0
1787251517.539112091,1787251517.539119959,state,-0.013127725571393967,0.05774505063891411,0.0
1787251517.541003704,1787251517.541008711,command,0.0005173794343136251,0.05909309163689613,0.0
1787251517.599140406,1787251517.598480701,state_stamped,-0.009852895513176918,0.05806858092546463,0.0
1787251517.599183798,1787251517.599191189,state,-0.009852895513176918,0.05806858092546463,0.0
1787251517.601590157,1787251517.601595879,command,0.000561869703233242,0.06032951548695564,0.0
1787251517.669103384,1787251517.668480396,state_stamped,-0.006936768069863319,0.058701641857624054,0.0
1787251517.669158220,1787251517.669166803,state,-0.006936768069863319,0.058701641857624054,0.0
1787251517.671291828,1787251517.671301126,command,0.0007122186361812055,0.060248274356126785,0.0
1787251517.739140749,1787251517.739149094,state,-0.0047950525768101215,0.059134699404239655,0.0
1787251517.739196777,1787251517.738480568,state_stamped,-0.0047950525768101215,0.059134699404239655,0.0
1787251517.741113424,1787251517.741118193,command,-0.0006692323368042707,0.057305943220853806,0.0
1787251517.798925161,1787251517.798480511,state_stamped,-0.003804855514317751,0.05869579687714577,0.0
1787251517.798963547,1787251517.798971891,state,-0.003804855514317751,0.05869579687714577,0.0
1787251517.800975561,1787251517.800981283,command,-0.003910512197762728,0.0620126947760582,0.0
1787251517.869076252,1787251517.868480444,state_stamped,-0.003834439441561699,0.059624526649713516,0.0
1787251517.869120598,1787251517.869129181,state,-0.003834439441561699,0.059624526649713516,0.0
1787251517.871013880,1787251517.871021509,command,-0.009057372808456421,0.05730516090989113,0.0
1787251517.939173222,1787251517.938480139,state_stamped,-0.005296857561916113,0.05897510424256325,0.0
1787251517.939216375,1787251517.939224243,state,-0.005296857561916113,0.05897510424256325,0.0
1787251517.941068888,1787251517.941073656,command,-0.011539670638740063,0.05847909301519394,0.0
1787251517.999271154,1787251517.998480082,state_stamped,-0.006795130204409361,0.0588560625910759,0.0
1787251517.999312639,1787251517.999318838,state,-0.006795130204409361,0.0588560625910759,0.0
1787251518.001698256,1787251518.001703739,command,-0.013395155780017376,0.06266281008720398,0.0
1787251518.068960428,1787251518.068968773,state,-0.008643143810331821,0.059921957552433014,0.0
1787251518.069020987,1787251518.068480492,state_stamped,-0.008643143810331821,0.059921957552433014,0.0
1787251518.071201563,1787251518.071206570,command,-0.02039594203233719,0.05551523342728615,0.0
1787251518.139149666,1787251518.138480663,state_stamped,-0.011933939531445503,0.05868807062506676,0.0
1787251518.139186621,1787251518.139194727,state,-0.011933939531445503,0.05868807062506676,0.0
1787251518.140932322,1787251518.140937328,command,-0.01792912185192108,0.051779452711343765,0.0
1787251518.199002266,1787251518.198480129,state_stamped,-0.013372773304581642,0.05703001469373703,0.0
1787251518.199038744,1787251518.199047089,state,-0.013372773304581642,0.05703001469373703,0.0
1787251518.200909615,1787251518.200913191,command,-0.0208851620554924,0.04955855756998062,0.0
1787251518.268932343,1787251518.268480062,state_stamped,-0.015476240776479244,0.05493800714612007,0.0
1787251518.268966198,1787251518.268974304,state,-0.015476240776479244,0.05493800714612007,0.0
1787251518.270806551,1787251518.270810366,command,-0.021865718066692352,0.05102577805519104,0.0
1787251518.338982821,1787251518.338480711,state_stamped,-0.017265304923057556,0.05384257808327675,0.0
1787251518.339016676,1787251518.339026690,state,-0.017265304923057556,0.05384257808327675,0.0
1787251518.340883493,1787251518.340886831,command,-0.02152204141020775,0.054091859608888626,0.0
1787251518.398985624,1787251518.398480415,state_stamped,-0.018286917358636856,0.05390240624547005,0.0
1787251518.399018049,1787251518.399026394,state,-0.018286917358636856,0.05390240624547005,0.0
1787251518.400888205,1787251518.400892019,command,-0.021742887794971466,0.05610046535730362,0.0
1787251518.468943596,1787251518.468951702,state,-0.019254589453339577,0.05451786145567894,0.0
1787251518.468997478,1787251518.468480349,state_stamped,-0.019254589453339577,0.05451786145567894,0.0
1787251518.470855474,1787251518.470859051,command,-0.0025634351186454296,0.21558509767055511,0.0
1787251518.539105654,1787251518.539113522,state,-0.014581067487597466,0.09961667656898499,0.0
1787251518.539155722,1787251518.538480282,state_stamped,-0.014581067487597466,0.09961667656898499,0.0
1787251518.540946722,1787251518.540950298,command,-0.002526950091123581,0.22846195101737976,0.0
1787251518.599153519,1787251518.598480225,state_stamped,-0.01168808713555336,0.13053946197032928,0.0
1787251518.599192619,1787251518.599200726,state,-0.01168808713555336,0.13053946197032928,0.0
1787251518.600843430,1787251518.600847006,command,-0.010261883959174156,0.2011667639017105,0.0
1787251518.668930769,1787251518.668480396,state_stamped,-0.011288749054074287,0.15031515061855316,0.0
1787251518.668966770,1787251518.668976307,state,-0.011288749054074287,0.15031515061855316,0.0
1787251518.670821905,1787251518.670826197,command,-0.046868663281202316,0.0593397282063961,0.0
1787251518.739145994,1787251518.739153624,state,-0.021251089870929718,0.12484212219715118,0.0
1787251518.739196062,1787251518.738480091,state_stamped,-0.021251089870929718,0.12484212219715118,0.0
1787251518.740969658,1787251518.740973234,command,-0.02550717070698738,0.1992233693599701,0.0
1787251518.799163818,1787251518.798479795,state_stamped,-0.022272543981671333,0.14269354939460754,0.0
1787251518.799217224,1787251518.799225569,state,-0.022272543981671333,0.14269354939460754,0.0
1787251518.801034212,1787251518.801040411,command,-0.03883733972907066,0.05226154625415802,0.0
1787251518.868947983,1787251518.868481636,state_stamped,-0.026910804212093353,0.11737194657325745,0.0
1787251518.868977308,1787251518.868983269,state,-0.026910804212093353,0.11737194657325745,0.0
1787251518.870887280,1787251518.870892048,command,-0.00994312483817339,0.19803394377231598,0.0
1787251518.939131737,1787251518.939139128,state,-0.022159937769174576,0.13995690643787384,0.0
1787251518.939244986,1787251518.938480377,state_stamped,-0.022159937769174576,0.13995690643787384,0.0
1787251518.941799879,1787251518.941805601,command,-0.025010358542203903,0.04844614863395691,0.0
1787251518.999114275,1787251518.998480082,state_stamped,-0.022844035178422928,0.11799445748329163,0.0
1787251518.999156237,1787251518.999164104,state,-0.022844035178422928,0.11799445748329163,0.0
1787251519.001392841,1787251519.001397848,command,0.0009784460999071598,0.19098733365535736,0.0
1787251519.069009781,1787251519.068483591,state_stamped,-0.016173411160707474,0.13843347132205963,0.0
1787251519.069088936,1787251519.069097281,state,-0.016173411160707474,0.13843347132205963,0.0
1787251519.071108818,1787251519.071114063,command,0.008158045820891857,0.19149211049079895,0.0
1787251519.139054060,1787251519.138480425,state_stamped,-0.00936091411858797,0.15328921377658844,0.0
1787251519.139127016,1787251519.139135122,state,-0.00936091411858797,0.15328921377658844,0.0
1787251519.141003847,1787251519.141007423,command,-0.007938465103507042,0.05633426085114479,0.0
1787251519.199132919,1787251519.198480368,state_stamped,-0.009019525721669197,0.13002000749111176,0.0
1787251519.199168444,1787251519.199176788,state,-0.009019525721669197,0.13002000749111176,0.0
1787251519.201027870,1787251519.201032162,command,0.0152012649923563,0.17998148500919342,0.0
1787251519.269130230,1787251519.269138336,state,-0.0022373246029019356,0.1440100073814392,0.0
1787251519.269186735,1787251519.268484354,state_stamped,-0.0022373246029019356,0.1440100073814392,0.0
1787251519.271344900,1787251519.271349907,command,0.02641618624329567,0.18501988053321838,0.0
1787251519.339168310,1787251519.339175940,state,0.005785224959254265,0.1554921567440033,0.0
1787251519.339226484,1787251519.338480473,state_stamped,0.005785224959254265,0.1554921567440033,0.0
1787251519.341056347,1787251519.341059685,command,0.02741396613419056,0.19406858086585999,0.0
