t_s,wall_time_s,ros_time_s,x,y,z,body_yaw_rad,camera_pitch_rad,camera_yaw_rad,target_pitch_rad,target_yaw_rad,qx,qy,qz,qw,vx,vy,vz,path_length_m,goal_x,goal_y,goal_z,goal_distance_m,center_obstacle_distance_m,clearance_m,collision,collision_active,sim_collision_counter
0.000396967,1787250372.721357584,1787250372.712344646,-20.0,0.0,1.9999999147053635,0.0,0.0,0.0,0.0,0.0,0.0,0.0,0.0,1.0,0.0,0.0,5.963757898840843e-09,5.147327009069613e-11,20.0,0.0,2.0,40.0,1.9999999147502245,1.5499999147502246,0,0,0
0.001514435,1787250372.722475052,1787250372.722344637,-20.0,0.0,1.9999999147652807,0.0,0.0,0.0,0.0,0.0,0.0,0.0,0.0,1.0,0.0,0.0,5.680737484185882e-09,1.1139045241748136e-10,20.0,0.0,2.0,40.0,1.9999999148101417,1.5499999148101418,0,0,0
0.011584520,1787250372.732545137,1787250372.732344151,-20.0,0.0,1.999999914813133,0.0,0.0,0.0,0.0,0.0,0.0,0.0,0.0,1.0,0.0,0.0,3.6388024792380142e-09,1.59242841135665e-10,20.0,0.0,2.0,40.0,1.999999914857994,1.5499999148579942,0,0,0
0.021426916,1787250372.742387533,1787250372.742344379,-20.0,0.0,1.9999999148337262,0.0,0.0,0.0,0.0,0.0,0.0,0.0,0.0,1.0,0.0,0.0,2.9383145595697707e-10,1.7983592393022718e-10,20.0,0.0,2.0,40.0,1.9999999148785872,1.5499999148785872,0,0,0
0.031426907,1787250372.752387524,1787250372.752344131,-20.0,0.0,1.9999999148197973,0.0,0.0,0.0,0.0,0.0,0.0,0.0,0.0,1.0,0.0,0.0,-2.7132553896036185e-09,1.937647819971744e-10,20.0,0.0,2.0,40.0,1.9999999148646583,1.5499999148646584,0,0,0
0.041473627,1787250372.762434244,1787250372.762350559,-20.0,0.0,1.99999991478606,0.0,0.0,0.0,0.0,0.0,0.0,0.0,0.0,1.0,0.0,0.0,-3.750694504751938e-09,2.2750201722487873e-10,20.0,0.0,2.0,40.0,1.999999914830921,1.5499999148309211,0,0,0
0.051445961,1787250372.772406578,1787250372.772344589,-19.999999999448598,8.935632383168096e-11,1.9999997638353944,6.5295700550393816e-06,0.0,0.0,0.0,0.0,-2.4849489875377927e-06,1.544507442309641e-05,3.2648234065778015e-06,0.9999999998723078,4.571243626755644e-07,7.386547876973408e-08,-7.208790011069326e-05,1.5117920130567682e-07,20.0,0.0,2.0,39.9999999994486,1.9999997638802518,1.5499997638802518,0,0,0
0.061460018,1787250372.782420635,1787250372.782344341,-19.99999992894891,1.125327107853466e-08,1.9999976247953786,0.0001145001491413131,0.0,0.0,0.0,0.0,-4.245732071562399e-05,0.00027298085812720176,5.7261658227884334e-05,0.999999960199964,2.186325138345869e-05,3.4380823660224772e-06,-0.00037851323290200733,2.2914098029213867e-06,20.0,0.0,2.0,39.99999992894898,1.9999976248397728,1.5499976248397729,0,0,0
0.071440935,1787250372.792401552,1787250372.792344809,-19.99999923450318,1.1874160887335673e-07,1.9999917315005502,0.0004596102492522344,0.0,0.0,0.0,0.0,-0.00016458812327655118,0.001091212576302845,0.00022998431597263065,0.9999993646363369,0.00014330157307876183,2.1993169352490864e-05,-0.0008802596354997591,8.226452561846809e-06,20.0,0.0,2.0,39.99999923450404,1.9999917315405158,1.5499917315405158,0,0,0
0.081579447,1787250372.802540064,1787250372.802344561,-19.999996263812818,5.682404135643481e-07,1.9999786193423912,0.001220748975408165,0.0,0.0,0.0,0.0,-0.000414460984695855,0.0028425545888462363,0.0006115452360973783,0.9999956870496621,0.0005073323798917196,7.602395709103536e-05,-0.0017655664522412424,2.1678431671994846e-05,20.0,0.0,2.0,39.99999626381853,1.9999786193661904,1.5499786193661904,0,0,0
0.091425419,1787250372.812386036,1787250372.812344313,-19.999987566444187,1.852676444021299e-06,1.9999562240748587,0.002573808223900555,0.0,0.0,0.0,0.0,-0.0008210394340481777,0.00584962903986484,0.0012916409764064292,0.9999817195318781,0.0013286787579353076,0.00019411521833331014,-0.0027788463249234716,4.573756725245124e-05,20.0,0.0,2.0,39.999987566468185,1.999956224077231,1.549956224077231,0,0,0
0.101493120,1787250372.822453737,1787250372.822344542,-19.99996728535354,4.77186975378529e-06,1.9999221739014814,0.0047014064997576085,0.0,0.0,0.0,0.0,-0.0013924578322459004,0.01037683976201271,0.002364773571048635,0.9999423933925877,0.0028738689313115174,0.00040876349941679874,-0.004017308892706854,8.547745444857503e-05,20.0,0.0,2.0,39.99996728542954,1.9999221740038027,1.5499221740038027,0,0,0
0.111446857,1787250372.832407475,1787250372.832344770,-19.999926616079012,1.0467848820330108e-05,1.9998766280049538,0.007751395387696664,0.0,0.0,0.0,0.0,-0.0021148546481330696,0.01654917592991527,0.003909106965598303,0.9998531747454671,0.005460360436147471,0.0007552263670542198,-0.00506461848503566,0.0001468033279342203,20.0,0.0,2.0,39.999926616270635,1.9998766289393692,1.5498766289393693,0,0,0
0.121454239,1787250372.842414856,1787250372.842344284,-19.999853516414504,2.0427692344407038e-05,1.9998217027945404,0.011827330773366384,0.0,0.0,0.0,0.0,-0.0029557564708694475,0.024361305105080017,0.005980412655284498,0.9996809615981165,0.009415620144611506,0.0012670243699109726,-0.005861740746273977,0.00023877907567888227,20.0,0.0,2.0,39.99985351681709,1.9998217073417168,1.5498217073417169,0,0,0
0.131446600,1787250372.852407217,1787250372.852344513,-19.999732666805997,3.6463462830774506e-05,1.9997605169502504,0.016974029902677008,0.0,0.0,0.0,0.0,-0.00387468715542926,0.03364025579627353,0.008602960804480034,0.9993894681528346,0.01505970399413515,0.0019751948426289605,-0.006328865409309867,0.0003751809867830622,20.0,0.0,2.0,39.999732667539526,1.9997605334314306,1.5497605334314306,0,0,0
0.141435385,1787250372.862396002,1787250372.862344265,-19.999545808279546,6.067537270840088e-05,1.9996956988020231,0.023133440800459874,0.0,0.0,0.0,0.0,-0.004837414820960721,0.044111389732106224,0.011746337825240174,0.998945848513045,0.02265579136816375,0.0029064080627345507,-0.006625703771466013,0.0005744389046357576,20.0,0.0,2.0,39.999545809483074,1.999695748348271,1.549695748348271,0,0,0
0.151522398,1787250372.872483015,1787250372.872344494,-19.999272393115213,9.541348849582424e-05,1.999627877907641,0.030176893808336214,0.0,0.0,0.0,0.0,-0.005810410565968954,0.055391967187967,0.015340776092539296,0.9983299202613236,0.03239701359945799,0.004084129089949445,-0.006949127208650784,0.0008582738258321118,20.0,0.0,2.0,39.99927239495998,1.9996280078001387,1.5496280078001388,0,0,0
0.161601067,1787250372.882561684,1787250372.882344246,-19.998890310836074,0.00014324783728689896,1.9995564107739527,0.037934100480953685,0.0,0.0,0.0,0.0,-0.006758810678843503,0.06709227853816267,0.019292164349017045,0.9975373461848412,0.044402778355214945,0.005528594279630036,-0.007367339238446755,0.001249914661488188,20.0,0.0,2.0,39.998890313552295,1.9995567165390402,1.5495567165390403,0,0,0
0.171445847,1787250372.892406464,1787250372.892344713,-19.99837662891489,0.00020692378599888433,1.9994800229426735,0.0462087475170547,0.0,0.0,0.0,0.0,-0.007645893743098098,0.0788188524142064,0.023490956337843472,0.9965828133092154,0.05872018020325682,0.007254505222187041,-0.007925654699396087,0.0017731343508762933,20.0,0.0,2.0,39.998376632829974,1.9994806819719224,1.5494806819719225,0,0,0
0.181467295,1787250372.902427912,1787250372.902344704,-19.997708209395316,0.0002893075629849308,1.9993977452226208,0.054785988842190755,0.0,0.0,0.0,0.0,-0.008437549863795728,0.09026293839082662,0.02781814214145708,0.9954936266361265,0.07534483552197474,0.009270941205964967,-0.008535247864954597,0.002451618959452566,20.0,0.0,2.0,39.99770821497575,1.999399064523084,1.549399064523084,0,0,0
0.191448927,1787250372.912409544,1787250372.912344217,-19.996862230085608,0.0003933116544600852,1.9993092703244946,0.06344389867239464,0.0,0.0,0.0,0.0,-0.00910479096456599,0.10118319017826771,0.03215280532298576,0.9943064225462401,0.09421902773814879,0.01157781597153141,-0.009156727501622648,0.0033085469909099993,20.0,0.0,2.0,39.99686223798375,1.999311750564974,1.549311750564974,0,0,0
0.201456308,1787250372.922416925,1787250372.922344685,-19.995816606729253,0.0005218070041769473,1.9992148864737398,0.0719476709099819,0.0,0.0,0.0,0.0,-0.0096285238210051,0.11145337159839457,0.036371075940122906,0.9930571898553157,0.11525975623403428,0.014167397547576505,-0.009696012252855648,0.004366255632047152,20.0,0.0,2.0,39.99581661783898,1.9992193038698969,1.549219303869897,0,0,0
0.211485863,1787250372.932446480,1787250372.932344675,-19.994550089716448,0.0006775568138391959,1.999116071943345,0.08006967073213377,0.0,0.0,0.0,0.0,-0.010001257732305842,0.12102075013730541,0.04035684981955352,0.9917788450822179,0.13838751523366877,0.01702639421611761,-0.010003516407998781,0.005646133617775498,20.0,0.0,2.0,39.99455010522371,1.9991235794299298,1.5491235794299298,0,0,0
0.221460104,1787250372.942420721,1787250372.942344904,-19.993042092130526,0.000863179495063814,1.999016345767412,0.08761173206027861,0.0,0.0,0.0,0.0,-0.010227777735827974,0.1299297086494208,0.04401262690886452,0.9904930853092536,0.1635420286673655,0.020138280888516425,-0.009866108406835184,0.007168781905823833,20.0,0.0,2.0,39.99304211354243,1.9990285952099895,1.5490285952099896,0,0,0
0.231439352,1787250372.952399969,1787250372.952344894,-19.991272796376215,0.0010810817866123957,1.998920255339709,0.09441192159011627,0.0,0.0,0.0,0.0,-0.010324950985643767,0.1382634714418821,0.047262337326306574,0.9892132628116337,0.19063687269232743,0.02347845876103383,-0.00926185121603072,0.008954033217315246,20.0,0.0,2.0,39.99127282556491,1.9989395412363582,1.5489395412363582,0,0,0
0.241455317,1787250372.962415934,1787250372.962350130,-19.989223057017178,0.001333433879019793,1.9988329545190822,0.10034391157500949,0.0,0.0,0.0,0.0,-0.010320246526394572,0.1461468795475264,0.050050131712216124,0.9879420865747875,0.21961840375236952,0.0270238520017238,-0.00811682877399269,0.011021092590388994,20.0,0.0,2.0,39.98922309627827,1.9988623804360433,1.5488623804360433,0,0,0
0.251448393,1787250372.972409010,1787250372.972344637,-19.986874405238826,0.001622153350991217,1.998759360417633,0.10532116887343505,0.0,0.0,0.0,0.0,-0.010247304361572621,0.15369568470363645,0.05234165096666594,0.9866777492326891,0.2504117258884806,0.03074825597202653,-0.006524549530607302,0.01338856808154374,20.0,0.0,2.0,39.98687445738803,1.998803028488248,1.5488030284882481,0,0,0
0.261442900,1787250372.982403517,1787250372.982344627,-19.984208905335286,0.0019489266085773403,1.9987038885301478,0.10930302854284413,0.0,0.0,0.0,0.0,-0.010130423541584723,0.16100965506430154,0.05412427102530622,0.9854155614667967,0.2829773540291856,0.03463057000119182,-0.004515635893089669,0.016074596306999128,20.0,0.0,2.0,39.984208973840076,1.9987671134384113,1.5487671134384113,0,0,0
0.271421909,1787250372.992382526,1787250372.992344618,-19.981209181019402,0.0023152085142681476,1.9986698711720439,0.11228865358800888,0.0,0.0,0.0,0.0,-0.009988180298109675,0.16815107445112631,0.05540455613375418,0.9841523192955886,0.3172517810254714,0.038646732313078504,-0.0022428942659251257,0.01909679179809464,20.0,0.0,2.0,39.9812092701792,1.9987594183509534,1.5487594183509534,0,0,0
0.281434536,1787250373.002395153,1787250373.002344847,-19.97785823253094,0.002722247491538279,1.9986598135590943,0.11429940690699195,0.0,0.0,0.0,0.0,-0.009833180292027573,0.17516242659463846,0.05619928450228906,0.9828850763422208,0.35321394362411784,0.04277834710864741,0.0002543403213917374,0.022472386213439947,20.0,0.0,2.0,39.97785834767882,1.9987841638573778,1.5487841638573778,0,0,0
0.291429996,1787250373.012390614,1787250373.012328386,-19.974139471699367,0.0031710846764522213,1.9986751867492578,0.11537931337609982,0.0,0.0,0.0,0.0,-0.00967519149458715,0.18205151269545472,0.05653636132191782,0.9816146276636862,0.3908110364708633,0.04700344267097502,0.0028368186871735716,0.026218166943273412,20.0,0.0,2.0,39.97413961943123,1.9988448267329175,1.5488448267329176,0,0,0
0.301465273,1787250373.022425890,1787250373.022344589,-19.970036599486626,0.0036625733908021408,1.9987167998549242,0.1155919036442315,0.0,0.0,0.0,0.0,-0.009518891734993824,0.18881106743897533,0.056452405345135195,0.9803432549079127,0.4300280017525106,0.05130521590325793,0.005484573078435104,0.030350581878995225,20.0,0.0,2.0,39.970036787890834,1.9989445399697787,1.5489445399697788,0,0,0
0.311500072,1787250373.032460690,1787250373.032344580,-19.965533744503908,0.004197369547288942,1.9987846088523136,0.11502077784688138,0.0,0.0,0.0,0.0,-0.009366247481043557,0.19540922431007535,0.055993410524952,0.9790772423258763,0.470795603775863,0.05566126735789428,0.008054518272970908,0.034885591028325356,20.0,0.0,2.0,39.96553398339834,1.9990859266741723,1.5490859266741723,0,0,0
0.321465015,1787250373.042425632,1787250373.042344332,-19.960615733930815,0.004775907176761329,1.9988773260048853,0.11379281615221779,0.0,0.0,0.0,0.0,-0.009199064127552177,0.2018038021694591,0.05522142385960276,0.9778247271346973,0.5130492304242579,0.060049685904163146,0.010456046430496973,0.039838381176933224,20.0,0.0,2.0,39.960616035098425,1.9992707302954265,1.5492707302954265,0,0,0
0.331483841,1787250373.052444458,1787250373.052344322,-19.95526797965333,0.005398392149915084,1.9989930763959516,0.11205823204511668,0.0,0.0,0.0,0.0,-0.008993852668205304,0.20794001421380343,0.0542072817687654,0.976596964825402,0.5567425846112624,0.06444731253974957,0.012675911334236739,0.0452234867011747,20.0,0.0,2.0,39.95526835703201,1.9995004959267357,1.5495004959267358,0,0,0
0.341461658,1787250373.062422276,1787250373.062344551,-19.949476126138002,0.006064810749061556,1.9991305597940745,0.10994920333350358,0.0,0.0,0.0,0.0,-0.008726805874279596,0.21376800799765372,0.05301158298744513,0.9754059942839766,0.6018582216082218,0.0688315521783904,0.014800923436274985,0.05105517449949221,20.0,0.0,2.0,39.94947659595462,1.9997522437482598,1.5497522437482598,0,0,0
0.351453781,1787250373.072414398,1787250373.072344303,-19.943226355614254,0.006774872155356999,1.9992886475493983,0.10758327295633563,0.0,0.0,0.0,0.0,-0.008381808672351969,0.21924004787722828,0.051688265592996704,0.9742647842810283,0.6483161537945488,0.07317093865598355,0.016802476566222312,0.057347138464631145,20.0,0.0,2.0,39.94322693650017,1.9997676652822975,1.5497676652822976,0,0,0
0.361462831,1787250373.082423449,1787250373.082345009,-19.936505521466895,0.007527981399836214,1.9994663575622866,0.10506481407388601,0.0,0.0,0.0,0.0,-0.007946568045291013,0.22432561866465722,0.050284373007659894,0.9731836161271145,0.6960553345510562,0.07743555536122246,0.018722047758127854,0.06411237061283603,20.0,0.0,2.0,39.93650623453977,1.9998140058131506,1.5498140058131507,0,0,0
0.371449709,1787250373.092410326,1787250373.092344522,-19.929301327592672,0.008323220848891748,1.9996626955854784,0.10248616319906434,0.0,0.0,0.0,0.0,-0.007418312276336653,0.22900621333108354,0.04884232958880316,0.9721705353172703,0.744974893183339,0.08159192461544999,0.020532483686073032,0.07136298188210698,20.0,0.0,2.0,39.92930219650067,1.9998948879885399,1.54989488798854,0,0,0
0.381480932,1787250373.102441549,1787250373.102344990,-19.921602340049184,0.009159363185165685,1.9998767695682607,0.09992366032996092,0.0,0.0,0.0,0.0,-0.00679872234565537,0.23328416969930524,0.047397083150022765,0.9712290100954781,0.7949969938527202,0.08561112584084923,0.02226636975968732,0.07911019885798948,20.0,0.0,2.0,39.92160339097292,2.0000145654296966,1.5500145654296966,0,0,0
0.391447306,1787250373.112407923,1787250373.112344503,-19.913398110189938,0.010034886948005972,2.000107597438885,0.09744405440500434,0.0,0.0,0.0,0.0,-0.00609665704669117,0.23717407682812144,0.04598021978602448,0.9703592672005624,0.8459994795906125,0.08946339394674853,0.023867137581719024,0.08736424095556147,20.0,0.0,2.0,39.91339937180303,2.0001777420161755,1.5501777420161755,0,0,0
0.401460886,1787250373.122421503,1787250373.122344494,-19.904679504612545,0.010947988957759325,2.000353449916129,0.09515427783203574,0.0,0.0,0.0,0.0,-0.0053125426252848525,0.2407025676955419,0.044639023233839184,0.9695573260000444,0.8978586761597499,0.09312329169819729,0.02527436009937664,0.09613397766397669,20.0,0.0,2.0,39.90468100798744,2.0003889205230356,1.5503889205230357,0,0,0
0.411464691,1787250373.132425308,1787250373.132344484,-19.89543829016179,0.011896650682017595,2.00061259297808,0.0931705288014331,0.0,0.0,0.0,0.0,-0.004448583039912791,0.2439019253537974,0.04342482828384169,0.9688169823068579,0.9505140548567624,0.09657288021152143,0.026537844466137057,0.10542737094729951,20.0,0.0,2.0,39.89544006863034,2.000653140216274,1.550653140216274,0,0,0
0.421462774,1787250373.142423391,1787250373.142344475,-19.885666731401255,0.012878700717937903,2.0008839185335354,0.09155393640511683,0.0,0.0,0.0,0.0,-0.003511037675392162,0.24681196154076632,0.042364474570331254,0.9681305591443858,1.003915279246467,0.09979866502179147,0.027710801262975364,0.11525190149286021,20.0,0.0,2.0,39.885668820400305,2.0009766099333413,1.5509766099333413,0,0,0
0.431464672,1787250373.152425289,1787250373.152344704,-19.87535776449969,0.013891836122894725,2.00116643987428,0.09032411121935831,0.0,0.0,0.0,0.0,-0.0025122658397539006,0.24947168714394216,0.041467600819709606,0.9674905704533573,1.057983315632436,0.10278831585806446,0.028774053827850855,0.1256143847972772,20.0,0.0,2.0,39.875360201389256,2.001366207507671,1.551366207507671,0,0,0
0.441465139,1787250373.162425756,1787250373.162344217,-19.864505072064983,0.01493365378790011,2.001458983914995,0.0894714853661527,0.0,0.0,0.0,0.0,-0.001463995194402379,0.2519184464317105,0.04073075721363301,0.9668898378214078,1.1126493523979266,0.10553404697812345,0.029712189559708134,0.13652089199001388,20.0,0.0,2.0,39.864507895913434,2.0018291700343163,1.5518291700343163,0,0,0
0.451460600,1787250373.172421217,1787250373.172344685,-19.853103000398896,0.01600168697666805,2.00176018989798,0.08896897197940995,0.0,0.0,0.0,0.0,-0.00037984306162723504,0.2541816530349033,0.040143594485052204,0.966322945397403,1.1678474074493745,0.10803084289167944,0.030500002155220363,0.14797683622063382,20.0,0.0,2.0,39.85310625174226,2.002373088951227,1.5523730889512268,0,0,0
0.461462736,1787250373.182423353,1787250373.182344437,-19.841146571766426,0.017093433512159823,2.002068370791996,0.08881199747822055,0.0,0.0,0.0,0.0,0.0007353547359052449,0.2562738167512239,0.039704428900933446,0.9657881488332849,1.22351222249387,0.11027653897203421,0.031105781623930448,0.15998695993375742,20.0,0.0,2.0,39.84115029233723,2.002564402477015,1.5525644024770149,0,0,0
0.471436739,1787250373.192397356,1787250373.192344189,-19.82863136663215,0.018206378865894778,2.0023816779644616,0.08900133833047122,0.0,0.0,0.0,0.0,0.001877775938073587,0.2581951196379213,0.03941432024445447,0.965286623502239,1.2795908361960018,0.11227054972580636,0.03151818121687342,0.17255545898089023,20.0,0.0,2.0,39.828635599072385,2.002669333582561,1.5526693335825612,0,0,0
0.481464148,1787250373.202424765,1787250373.202344894,-19.815553619532086,0.01933800604325687,2.002697945325829,0.08949982179387285,0.0,0.0,0.0,0.0,0.0030430416179066575,0.25993631646254056,0.03925805042295222,0.9648226037767702,1.3360122202862514,0.11401306111070134,0.0316977489553596,0.18568588450048437,20.0,0.0,2.0,39.81555840707525,2.0028518205552652,1.5528518205552653,0,0,0
0.491472006,1787250373.212432623,1787250373.212349653,-19.801910128885112,0.020485805699999256,2.003014897667865,0.09024617364595393,0.0,0.0,0.0,0.0,0.004223301916462722,0.26148485409906563,0.03921105053426553,0.9644015389420073,1.3927279984032133,0.11550521710947152,0.03165075032920123,0.19938123918275533,20.0,0.0,2.0,39.80191551503132,2.0031205894294546,1.5531205894294546,0,0,0
0.501447916,1787250373.222408533,1787250373.222344160,-19.787698313814484,0.02164727981364056,2.0033301201397236,0.09116452939308019,0.0,0.0,0.0,0.0,0.005411750216170689,0.2628261095326201,0.039242470762370106,0.9640296559733054,1.4496699678165685,0.11674821244131425,0.03135614480249239,0.21364392037968097,20.0,0.0,2.0,39.78770434198912,2.0034847657268555,1.5534847657268556,0,0,0
0.511483431,1787250373.232444048,1787250373.232344389,-19.772916101435158,0.022819944374353154,2.0036413197877945,0.09217580539687101,0.0,0.0,0.0,0.0,0.0065996027885284955,0.2639489859091299,0.039320808636126546,0.9637122247272661,1.5067957533566434,0.11774349456951115,0.030843619927821583,0.2284758383345658,20.0,0.0,2.0,39.77292281465961,2.00395411900712,1.55395411900712,0,0,0
0.521448374,1787250373.242408991,1787250373.242344618,-19.757562044709015,0.02400132737360511,2.003946185875303,0.09321902871692304,0.0,0.0,0.0,0.0,0.007782566845322693,0.26483399262977214,0.039422126820287305,0.9634564255419323,1.5640305713077698,0.11849206437170227,0.030094258503619565,0.24387829486175103,20.0,0.0,2.0,39.75756948525634,2.004538903113447,1.554538903113447,0,0,0
0.531458378,1787250373.252418995,1787250373.252344608,-19.741635277898954,0.025188965907352562,2.004242548628727,0.0942464184060751,0.0,0.0,0.0,0.0,0.008955606780117902,0.2654656071216565,0.03952862129861625,0.9632680294917717,1.6213228534242008,0.11899469384577385,0.029137731389231394,0.2598520300915125,20.0,0.0,2.0,39.74164348696169,2.0048335183231782,1.5548335183231783,0,0,0
0.541470289,1787250373.262430906,1787250373.262349367,-19.725135708476913,0.02638040363795891,2.004528131115188,0.09520092038144187,0.0,0.0,0.0,0.0,0.010113637519336235,0.2658297113246183,0.039618429426788886,0.9631524588365812,1.678582958378735,0.11925202519429484,0.02794546316948991,0.27639702547789,20.0,0.0,2.0,39.72514472581032,2.0048594824324977,1.5548594824324977,0,0,0
0.551451206,1787250373.272411823,1787250373.272344112,-19.708063853696483,0.0275731910617135,2.0048008797255683,0.09602613182865166,0.0,0.0,0.0,0.0,0.011248838078601626,0.26592427519387657,0.03967012496995663,0.9631116366701011,1.7357664382097462,0.11926480043916991,0.02656930158626148,0.2935126720998203,20.0,0.0,2.0,39.70807371730022,2.005006775034365,1.555006775034365,0,0,0
0.561445236,1787250373.282405853,1787250373.282344580,-19.69042092034909,0.028764888972741588,2.0050588413543733,0.09666864279867146,0.0,0.0,0.0,0.0,0.012354272435183637,0.2657525304888628,0.03966295109248527,0.9631457910420408,1.792791723649452,0.1190343460736401,0.024997059695815765,0.3111976879384794,20.0,0.0,2.0,39.690431666148434,2.0052879892861895,1.5552879892861895,0,0,0
0.571444988,1787250373.292405605,1787250373.292344570,-19.672208650617794,0.029953072201393472,2.0053003963878964,0.09708494750831806,0.0,0.0,0.0,0.0,0.013421431584904695,0.2653309550979879,0.03958000544576025,0.9632511472144297,1.8496216487931436,0.11856227351759963,0.023287043738923482,0.32945027397401383,20.0,0.0,2.0,39.67222031218935,2.0057164518062125,1.5557164518062125,0,0,0
0.581464052,1787250373.302424669,1787250373.302344799,-19.65342939279321,0.03113533939622002,2.0055240663712035,0.09723882124389704,0.0,0.0,0.0,0.0,0.014443342870633235,0.2646792365136381,0.03940665954499325,0.9634227560052668,1.9061838811170306,0.11785164677463883,0.02142862704429853,0.3482680397400013,20.0,0.0,2.0,39.65344200109122,2.0063059909685728,1.5563059909685728,0,0,0
0.591469049,1787250373.312429667,1787250373.312344551,-19.634085939902295,0.032309321099486615,2.0057286855876764,0.09710859248277333,0.0,0.0,0.0,0.0,0.015413161897840767,0.263826381750849,0.0391338103932154,0.9636527484611218,1.9624499703466047,0.11690597642431791,0.019474366436721725,0.3676481654311935,20.0,0.0,2.0,39.6340995230323,2.0062787414630896,1.5562787414630896,0,0,0
0.601444006,1787250373.322404623,1787250373.322344065,-19.614181613823316,0.033472692391956105,2.005913130818069,0.0967085188953001,0.0,0.0,0.0,0.0,0.01633577454163673,0.2627945753282891,0.03876524349461503,0.9639343388140876,2.018354014199428,0.11573019470030142,0.01739994786301976,0.387587314095705,20.0,0.0,2.0,39.61419619680841,2.0062426380446685,1.5562426380446686,0,0,0
0.611467838,1787250373.332428455,1787250373.332356930,-19.593720110946393,0.034623167714274136,2.0060764677539313,0.09607541882984551,0.0,0.0,0.0,0.0,0.017219890977940213,0.2616084522495294,0.03831345360818906,0.9642595980019731,2.073877446517205,0.11432736882637712,0.015251078374021565,0.4080817858479659,20.0,0.0,2.0,39.593735715529085,2.006385028830953,1.556385028830953,0,0,0
0.621488094,1787250373.342448711,1787250373.342344761,-19.572705504716605,0.035758493486996855,2.0062178318563757,0.09523678178402711,0.0,0.0,0.0,0.0,0.01807669965440848,0.26028538330198997,0.037786445594317056,0.9646226913660534,2.128972436795287,0.11270046709302513,0.013011917648831858,0.42912751281124006,20.0,0.0,2.0,39.5727221491562,2.0067219324229986,1.5567219324229986,0,0,0
0.631467104,1787250373.352427721,1787250373.352344275,-19.551142102339995,0.03687643023278377,2.0063365801234583,0.09421666671200057,0.0,0.0,0.0,0.0,0.01891473545735546,0.2588453945241809,0.037191226531498145,0.9650171538295484,2.18363013810311,0.11084970280160865,0.010725448490642154,0.45072020152233244,20.0,0.0,2.0,39.55115980123523,2.0072698036668184,1.5572698036668184,0,0,0
0.641486645,1787250373.362447262,1787250373.362344265,-19.529034505000112,0.03797474361525053,2.0064320955816606,0.09303390637800563,0.0,0.0,0.0,0.0,0.019741969166437803,0.257300286568114,0.0365331133271692,0.9654388374288773,2.2378103774952027,0.10877557077070937,0.00837136238564765,0.4728552704318986,20.0,0.0,2.0,39.52905326908925,2.007001695745906,1.557001695745906,0,0,0
0.662697554,1787250373.383658171,1787250373.372344255,-19.50638748236316,0.03905119057362305,2.006503937869479,0.09170766028496091,0.0,0.0,0.0,0.0,0.020561691612102022,0.25566364718494405,0.035818733929575436,0.965883188923911,2.2915079987505917,0.10647643352604942,0.005984976616474996,0.4955279750276711,20.0,0.0,2.0,39.506407318349176,2.0068941497311137,1.5568941497311137,0,0,0
0.662797451,1787250373.383758068,1787250373.382344246,-19.48320611826089,0.04010352544532083,2.0065515308821564,0.09025947753902733,0.0,0.0,0.0,0.0,0.021372320722148813,0.25393190383132863,0.03505812485379176,0.9663502160217498,2.3446777194183226,0.10395308727375098,0.003526781256068762,0.5187332613956293,20.0,0.0,2.0,39.483227028605256,2.0070224085136568,1.5570224085136568,0,0,0
0.671472311,1787250373.392432928,1787250373.392344236,-19.459495671202355,0.04112950462374675,2.006574408352287,0.0887139442265883,0.0,0.0,0.0,0.0,0.022166689875563327,0.25210111575594985,0.034264179791770086,0.9668400236221931,2.397318531559328,0.10120584534738135,0.0010383519980358723,0.5424659067679618,20.0,0.0,2.0,39.4595176539784,2.0074042808254564,1.5574042808254565,0,0,0
0.681466818,1787250373.402427435,1787250373.402345181,-19.43526165600688,0.04212691265774038,2.006572088415184,0.08708480196901938,0.0,0.0,0.0,0.0,0.022934889724798343,0.2501579358389354,0.03344613943933969,0.9673553399484176,2.4493904411344825,0.09823955982346726,-0.0015060661406674403,0.5667204387292859,20.0,0.0,2.0,39.4352847047773,2.007324289211878,1.5573242892118782,0,0,0
0.691489935,1787250373.412450552,1787250373.412344217,-19.410509750194198,0.04309358202811154,2.006544289910501,0.08538272267858704,0.0,0.0,0.0,0.0,0.02366487573767658,0.2480963138670935,0.03261188167262885,0.9678970285498616,2.5008902494642404,0.0950596002620447,-0.004060199028712723,0.5914912292654871,20.0,0.0,2.0,39.41053385396719,2.0070346090147284,1.5570346090147285,0,0,0
0.701467991,1787250373.422428608,1787250373.422344923,-19.385245908371193,0.044027427984020026,2.0064907573301163,0.08361231457331687,0.0,0.0,0.0,0.0,0.024345679545938668,0.2459067924403919,0.03176634297046881,0.9684668485670571,2.551776364535153,0.09167646559767474,-0.006645746561726121,0.6167723810917853,20.0,0.0,2.0,39.385271051590024,2.007027875093112,1.5570278750931121,0,0,0
0.711488485,1787250373.432449102,1787250373.432344198,-19.359476270948374,0.04492646741697197,2.006411458940518,0.08177868866130973,0.0,0.0,0.0,0.0,0.024967375948824925,0.24359084269495673,0.03091363630756364,0.969063712344877,2.6020418400621645,0.08810067733136333,-0.00921790929493463,0.6425578183198051,20.0,0.0,2.0,39.35950243356271,2.0073231760336627,1.5573231760336628,0,0,0
0.721485376,1787250373.442445993,1787250373.442344427,-19.3332073113383,0.04578885237081976,2.00630631464764,0.07987938736109954,0.0,0.0,0.0,0.0,0.025519050873038476,0.2411400402819246,0.03005510925340212,0.969689099362851,2.6516392422525965,0.08434791879769375,-0.011807857465401637,0.6688411400681438,20.0,0.0,2.0,39.33323446889821,2.007103768287658,1.5571037682876578,0,0,0
0.731467962,1787250373.452428579,1787250373.452344179,-19.306445713974234,0.04661288349107364,2.006175445793964,0.07791304127321122,0.0,0.0,0.0,0.0,0.02599105039317058,0.23855481982750512,0.029191580463753912,0.9703421638095268,2.7005624420467953,0.08043299276430617,-0.014365988562715782,0.6956157408573304,20.0,0.0,2.0,39.30647383781254,2.006727319705646,1.5567273197056462,0,0,0
0.741466761,1787250373.462427378,1787250373.462344408,-19.279198468494755,0.0473970374801132,2.006018997192401,0.07587615703258303,0.0,0.0,0.0,0.0,0.026376414816537498,0.23583126679023378,0.028322307091966346,0.9710230405435949,2.7487674362526744,0.07637537328450195,-0.016916285290500214,0.7228747166242676,20.0,0.0,2.0,39.279227525944165,2.0066865317712455,1.5566865317712455,0,0,0
0.751465559,1787250373.472426176,1787250373.472344637,-19.251472758658664,0.04813997147391479,2.0058373523936575,0.0737698197178199,0.0,0.0,0.0,0.0,0.026672198720309088,0.23297793240404235,0.02744680536872929,0.9717286399521283,2.7962490945882945,0.07219238285340397,-0.0194077051856847,0.7506109732510575,20.0,0.0,2.0,39.251502713339015,2.0070013413728622,1.5570013413728623,0,0,0
0.761465549,1787250373.482426167,1787250373.482345104,-19.22327603798149,0.048840536711839765,2.0056309482603827,0.07159437744262727,0.0,0.0,0.0,0.0,0.026879208219597578,0.2300009543596369,0.026563422684339495,0.9724564019710277,2.8429686710999023,0.06790454497257963,-0.021860916842612033,0.7788171507883543,20.0,0.0,2.0,39.223306850102496,2.006360770828472,1.5563607708284721,0,0,0
0.771463156,1787250373.492423773,1787250373.492344379,-19.19461591504082,0.04949776750314721,2.005400455806402,0.06935515294506746,0.0,0.0,0.0,0.0,0.027002392118833797,0.2269187724676071,0.02567114158679913,0.9732007675763956,2.8889245456810713,0.06352865880324156,-0.02422778591359232,0.8074857350934534,20.0,0.0,2.0,39.19464754174327,2.006018428836292,1.556018428836292,0,0,0
0.781486750,1787250373.502447367,1787250373.502344847,-19.16550020475122,0.050110879169330685,2.005146590503834,0.06705676798422626,0.0,0.0,0.0,0.0,0.027049322559389563,0.2237460943689379,0.02476832969002809,0.9739571598628405,2.9340861713357373,0.059083209633394515,-0.026529080687432344,0.8366090065301431,20.0,0.0,2.0,39.16553260043801,2.006063500920728,1.5560635009207282,0,0,0
0.791490555,1787250373.512451172,1787250373.512344360,-19.13593681174367,0.050679244439471645,2.004870262601359,0.06470824265267476,0.0,0.0,0.0,0.0,0.027029982448283262,0.22050675980509432,0.023854531579375934,0.9747189904029943,2.9784571992382087,0.054581981711867754,-0.02872399532638848,0.866179153677373,20.0,0.0,2.0,39.13596992841838,2.00579905791549,1.55579905791549,0,0,0
0.801489353,1787250373.522449970,1787250373.522344112,-19.105933785661026,0.051202383937353615,2.004572350672348,0.06231831646790041,0.0,0.0,0.0,0.0,0.026952894073299,0.21721153707713722,0.022930411884871497,0.9754828988108665,3.022013667479619,0.050039953785605405,-0.030840637144995905,0.8961882189838336,20.0,0.0,2.0,39.10596757323639,2.005175009739724,1.5551750097397241,0,0,0
0.811471462,1787250373.532432079,1787250373.532344818,-19.07549921021305,0.051679940725727715,2.0042538647056958,0.05989951298497252,0.0,0.0,0.0,0.0,0.02682633834405007,0.2138749839643606,0.02199846500384661,0.976244798369123,3.06476447257177,0.04546747440945704,-0.03284220992522435,0.926628207099726,20.0,0.0,2.0,39.07553361681705,2.004985721606064,1.5549857216060639,0,0,0
0.821466208,1787250373.542426825,1787250373.542344332,-19.044641246171228,0.05211167225558323,2.003915785233998,0.05746051093116883,0.0,0.0,0.0,0.0,0.026656482268111504,0.21050072182702426,0.021060606325526372,0.9770032389529693,3.1066928330730454,0.04087634178405226,-0.03475436525607719,0.9574910429164395,20.0,0.0,2.0,39.044676218429245,2.004985295705086,1.5549852957050863,0,0,0
0.831467390,1787250373.552428007,1787250373.552345037,-19.013368045418805,0.052497430471543344,2.003559219304646,0.055011661432152116,0.0,0.0,0.0,0.0,0.026449059700723376,0.2070981818536285,0.02011950019620042,0.9777555911503263,3.1478098983651184,0.03627445804494118,-0.0365427423168212,0.9887686552608068,20.0,0.0,2.0,39.01340352873039,2.0041669341795028,1.5541669341795028,0,0,0
0.841485023,1787250373.562445641,1787250373.562344313,-18.981687803122774,0.05283715884401683,2.0031852436787765,0.052560368707443586,0.0,0.0,0.0,0.0,0.02620776672839428,0.20366812089782044,0.0191774165671307,0.9785012397472329,3.1881027562955766,0.03167153533397483,-0.038231716395333515,1.0204529262019375,20.0,0.0,2.0,38.981723741918636,2.0038238594656366,1.5538238594656366,0,0,0
0.851473093,1787250373.572433710,1787250373.572344542,-18.949608690374422,0.05313087848252654,2.0027950424926644,0.05011553255926425,0.0,0.0,0.0,0.0,0.025936090802211067,0.20021795346320084,0.018237172012058593,0.9792382222227182,3.2275816638618338,0.027074227328501694,-0.039792962175195574,1.0525357565464255,20.0,0.0,2.0,38.949645028367094,2.0039579233245073,1.5539579233245073,0,0,0
0.861467838,1787250373.582428455,1787250373.582344532,-18.917138941657075,0.053378693343655026,2.002389678496724,0.04767642328257293,0.0,0.0,0.0,0.0,0.02563433067376746,0.19673911160801819,0.017298483081366164,0.9799680431206312,3.2662313608465023,0.02249163333364575,-0.041259961736867815,1.0850089811159418,20.0,0.0,2.0,38.91717562207859,2.0030057949543405,1.5530057949543405,0,0,0
0.871469736,1787250373.592430353,1787250373.592344761,-18.884286783390145,0.053580779112895674,2.0019702915901036,0.045241759223750205,0.0,0.0,0.0,0.0,0.02530252293917551,0.19322788512880484,0.01636061397139857,0.9806911323408817,3.304061393256578,0.017929835029711263,-0.04260141099470187,1.1178644376921487,20.0,0.0,2.0,38.88432374922918,2.0025698603678825,1.5525698603678826,0,0,0
0.881469011,1787250373.602429628,1787250373.602344751,-18.851060504408636,0.053737389514640625,2.0015379592370195,0.04281084604028664,0.0,0.0,0.0,0.0,0.02493934264419275,0.1896718973154961,0.015423679713137323,0.9814095529702785,3.341056289845144,0.013397639518120103,-0.043844595374222084,1.151093898311282,20.0,0.0,2.0,38.85109769864387,2.002670139559105,1.552670139559105,0,0,0
0.891490459,1787250373.612451077,1787250373.612344265,-18.817468411738908,0.053848850472590686,2.001093860892521,0.040387945028534135,0.0,0.0,0.0,0.0,0.024544828885469033,0.18606918670762804,0.014489402784384358,0.9821231421465929,3.37722182066088,0.008901379423266636,-0.044957627255953064,1.1846891113157616,20.0,0.0,2.0,38.81750577756867,2.001702335651647,1.5517023356516468,0,0,0
0.901468039,1787250373.622428656,1787250373.622344732,-18.78351889061204,0.053915566965618736,2.0006391489562683,0.03797761208291411,0.0,0.0,0.0,0.0,0.024118646491055287,0.18241393865313496,0.01355985974911132,0.9828324252282655,3.412542390869062,0.004449861259651689,-0.04596291221286302,1.2186417430072674,20.0,0.0,2.0,38.78355637168069,2.001237545992265,1.551237545992265,0,0,0
0.911488295,1787250373.632448912,1787250373.632344723,-18.74922036137124,0.05393801773340899,2.0001750801362626,0.03558725282656112,0.0,0.0,0.0,0.0,0.023661830202173946,0.1787124473584857,0.012637795162447472,0.9835355942130696,3.4470204311636237,4.9753672822297316e-05,-0.046834138023629915,1.252943418942835,20.0,0.0,2.0,38.74925790198463,2.0013111712445175,1.5513111712445176,0,0,0
0.921472549,1787250373.642433167,1787250373.642344236,-18.71458135742382,0.053916766462648806,1.9997027882275622,0.033209817921298485,0.0,0.0,0.0,0.0,0.023165752563320444,0.17495956339331306,0.011721232903742754,0.9842332608607639,3.4806378231653996,-0.004289181207724175,-0.04760294742663848,1.2875856490346294,20.0,0.0,2.0,38.714618902768876,2.000286968373398,1.550286968373398,0,0,0
0.931468487,1787250373.652429104,1787250373.652344704,-18.67961044994019,0.05385246705135223,1.9992234979078425,0.03083585948274949,0.0,0.0,0.0,0.0,0.02261994442375779,0.17115916721920174,0.010806888148998854,0.9849244076372716,3.513398813191884,-0.008557825302689866,-0.04823722050626627,1.322559899903714,20.0,0.0,2.0,38.67964794630743,1.9998597642147193,1.5498597642147194,0,0,0
0.941466808,1787250373.662427425,1787250373.662344456,-18.64431629208734,0.053745890082096424,1.9987383920614556,0.028460173083510374,0.0,0.0,0.0,0.0,0.02201157960450697,0.16730867761465132,0.00989391884858783,0.9856091553592472,3.545288210884947,-0.01274253971868006,-0.04876187020262786,1.3578575523026262,20.0,0.0,2.0,38.64435368712022,1.999765009422408,1.549765009422408,0,0,0
0.951466799,1787250373.672427416,1787250373.672344208,-18.608707571366306,0.05359794094746866,1.9982487485960632,0.026085124345572457,0.0,0.0,0.0,0.0,0.021332374564235538,0.16341692984776154,0.008983788522426844,0.9862855207181981,3.576309535096889,-0.01682952118370735,-0.04914763312617291,1.3934699466486704,20.0,0.0,2.0,38.608744814321966,1.9988064586675816,1.5488064586675816,0,0,0
0.961467981,1787250373.682428598,1787250373.682344675,-18.5727930382376,0.053409683125469426,1.9977558144510426,0.023716334092698268,0.0,0.0,0.0,0.0,0.020576187291246637,0.15948835572385667,0.008079221063239031,0.9869522841009425,3.606451263443472,-0.020801591044650576,-0.049416312444566235,1.429388355785656,20.0,0.0,2.0,38.57283008026934,1.998483938537096,1.548483938537096,0,0,0
0.971488237,1787250373.692448854,1787250373.692344666,-18.536581452963826,0.0531823452242436,1.9972609208728862,0.021364802158561968,0.0,0.0,0.0,0.0,0.019744182180079117,0.15553859868023837,0.007184036505396729,0.9876063493164252,3.635718980864375,-0.024642623870648018,-0.049542196188213754,1.4656040362323177,20.0,0.0,2.0,38.536618247393136,1.9981447834595931,1.5481447834595932,0,0,0
0.981482029,1787250373.702442646,1787250373.702344894,-18.50008159470781,0.05291732519546255,1.9967653647565338,0.019042851061539214,0.0,0.0,0.0,0.0,0.018840766852094487,0.15157835368810094,0.006302468231040581,0.9882455702363794,3.664107141507912,-0.02833546183840804,-0.049545726138856494,1.5021082204334375,20.0,0.0,2.0,38.50011809729069,1.997320356878684,1.547320356878684,0,0,0
0.991468191,1787250373.712428808,1787250373.712344646,-18.46330220553611,0.05261617773876505,1.9962704980776325,0.01676490699894593,0.0,0.0,0.0,0.0,0.017876332200897793,0.14762652615037825,0.005438873199557575,0.9888666564214479,3.6916245613254444,-0.03186560429049066,-0.04940943609018149,1.538892171426555,20.0,0.0,2.0,38.46333837468796,1.9971695856224498,1.5471695856224499,0,0,0
1.001430750,1787250373.722391367,1787250373.722344637,-18.426252020929237,0.052280604448783914,1.9957775168656033,0.014534198244386076,0.0,0.0,0.0,0.0,0.016852620582849597,0.1436843758218506,0.004594142362999347,0.9894693947667731,3.718268058632465,-0.035218464356563596,-0.049166044259021005,1.57594715515765,20.0,0.0,2.0,38.426287817937,1.9965207547906259,1.546520754790626,0,0,0
1.011444569,1787250373.732405186,1787250373.732344389,-18.388939711179184,0.05191244164244854,1.9952876236937498,0.012351078238046424,0.0,0.0,0.0,0.0,0.015771296693237,0.13975570727739786,0.0037677769759170716,0.9900532371244831,3.744049575611739,-0.03838119836495365,-0.04879587487034598,1.6132644969447563,20.0,0.0,2.0,38.388975100367524,1.9958975199326583,1.5458975199326583,0,0,0
1.021440744,1787250373.742401361,1787250373.742344379,-18.351373910254683,0.051513660887525764,1.9948019148238194,0.010218574041221644,0.0,0.0,0.0,0.0,0.01463034450273727,0.13583284109832727,0.0029613283005397394,0.9906193127703418,3.7689679168972408,-0.04133988788400987,-0.048326617541726666,1.6508355541337156,20.0,0.0,2.0,38.351408859147675,1.9959829919293204,1.5459829919293204,0,0,0
1.031442404,1787250373.752403021,1787250373.752344370,-18.313563190584368,0.0510863667297633,1.9943215091508215,0.008144063405329438,0.0,0.0,0.0,0.0,0.013431832709552184,0.1319154310173279,0.002177728200597624,0.9911675753521498,3.793033309959122,-0.04408161543003118,-0.047738433108245486,1.6886517397146945,20.0,0.0,2.0,38.31359767003127,1.9949674728516271,1.5449674728516272,0,0,0
1.041466951,1787250373.762427568,1787250373.762344360,-18.275516094011213,0.050632796571065654,1.9938474542463798,0.006136729488487554,0.0,0.0,0.0,0.0,0.01217715955569527,0.12799673365160838,0.0014210099867260266,0.9916988119839067,3.816244612633918,-0.046593020689207613,-0.04705385975238535,1.7267044927240143,20.0,0.0,2.0,38.2755500783048,1.994608526760394,1.544608526760394,0,0,0
1.051450968,1787250373.772411585,1787250373.772344589,-18.237241113613354,0.05015531368289139,1.9933808326401357,0.004207408406830596,0.0,0.0,0.0,0.0,0.010872922821670355,0.12407989012812984,0.0006952408803326182,0.9922124152898025,3.8386097980847103,-0.04886216136632773,-0.046255644794169874,1.7649852953552072,20.0,0.0,2.0,38.23727458056432,1.994352008855531,1.5443520088555311,0,0,0
1.061442375,1787250373.782402992,1787250373.782344580,-18.19874672844409,0.04965639986697634,1.9929226229766726,0.0023558555570643847,0.0,0.0,0.0,0.0,0.009519539122694631,0.12015851636718253,6.2648866457117e-08,0.9927090758723449,3.8601267182759025,-0.05087737841201005,-0.04536884548235396,1.8034856402971835,20.0,0.0,2.0,38.19877965944896,1.9935415640696919,1.543541564069692,0,0,0
1.071444988,1787250373.792405605,1787250373.792344332,-18.16004137831845,0.04913864850714892,1.9924738345203055,0.0005782801409478513,0.0,0.0,0.0,0.0,0.00811982527263299,0.11623520841158448,-0.0006670262461357133,0.9931883002930736,3.8808026234080093,-0.05262785216640978,-0.044374441441150374,1.8421970547107318,20.0,0.0,2.0,38.160073758378935,1.9934798145523986,1.5434798145523987,0,0,0
1.081445456,1787250373.802406073,1787250373.802345037,-18.12113348703616,0.04860476088209603,1.9920354080796157,-0.00112403385406552,0.0,0.0,0.0,0.0,0.006674184113514512,0.11230723979721655,-0.0013056878741763795,0.9936502575527895,3.9006359398063757,-0.05410292353318285,-0.04329417898911533,1.8811110786323786,20.0,0.0,2.0,38.121165304774394,1.9927405980054265,1.5427405980054265,0,0,0
1.091468096,1787250373.812428713,1787250373.812344790,-18.082031442130063,0.0480575412201683,1.9916083110839327,-0.002745220386078179,0.0,0.0,0.0,0.0,0.0051881228716124566,0.10838238151254025,-0.0019139612733658261,0.9940938987394417,3.919633460771035,-0.055292674916039876,-0.042111245785808944,1.9202192846387993,20.0,0.0,2.0,38.08206268976372,1.9922689140311645,1.5422689140311645,0,0,0
1.101443768,1787250373.822404385,1787250373.822344780,-18.042743603057406,0.04749988804127505,1.9911934500392197,-0.004276543398169672,0.0,0.0,0.0,0.0,0.003666440952489013,0.10446441310999552,-0.0024882401096794097,0.9945187541044577,3.9377960423458056,-0.056188252609174365,-0.04084497726209464,1.9595132712748395,20.0,0.0,2.0,38.04277427636753,1.9922189909292112,1.5422189909292112,0,0,0
1.111471653,1787250373.832432270,1787250373.832344532,-18.003278273015066,0.04693478199780588,1.9907917499481607,-0.005708338915950206,0.0,0.0,0.0,0.0,0.002119393968004084,0.10056638086780428,-0.0030249115200998533,0.9949234951083705,3.955132131607031,-0.05678217740392974,-0.039482886077252755,1.998984691101777,20.0,0.0,2.0,38.00330837127012,1.9913476975681252,1.5413476975681253,0,0,0
1.121447325,1787250373.842407942,1787250373.842344522,-17.96364370666161,0.046365267267811476,1.9904040162950911,-0.007041437515946972,0.0,0.0,0.0,0.0,0.0005573977150745696,0.09668963875255734,-0.0035252933722092223,0.9953081811038866,3.9716449403647673,-0.0570693235914729,-0.03805004987606934,2.0386252452659144,20.0,0.0,2.0,37.96367323254245,1.9912755313866568,1.5412755313866568,0,0,0
1.131466389,1787250373.852427006,1787250373.852358103,-17.923848080779237,0.04579442749302569,1.9900310453243553,-0.008281318557463823,0.0,0.0,0.0,0.0,-0.00100493941981181,0.09284091265859545,-0.003993221371657867,0.995672440723634,3.9873449519960755,-0.05704703069117047,-0.036533487726404974,2.0784267126353884,20.0,0.0,2.0,37.92387704024563,1.9907010174527568,1.540701017452757,0,0,0
1.141448498,1787250373.862409115,1787250373.862344265,-17.883899500768102,0.04522535625293216,1.9896735424948,-0.009427633268016374,0.0,0.0,0.0,0.0,-0.002554956549847384,0.08901883614286785,-0.0044292645352664506,0.9960168174405863,4.002237481428806,-0.056715896649422164,-0.034954954026850005,2.11838094514279,20.0,0.0,2.0,37.88392790290984,1.9902524401664292,1.5402524401664293,0,0,0
1.151473284,1787250373.872433901,1787250373.872358561,-17.84380598467924,0.04466112970650946,1.9893322073058322,-0.01047638982392913,0.0,0.0,0.0,0.0,-0.004078240158705344,0.0852291871161747,-0.004832132688234993,0.9963413090474607,4.016333288949475,-0.056078883022591064,-0.033302781344615985,2.1584798839526242,20.0,0.0,2.0,37.84383384151706,1.9903161091839003,1.5403161091839004,0,0,0
1.161447763,1787250373.882408381,1787250373.882345200,-17.80357546948546,0.04410477805660777,1.9890076583548546,-0.011420585804703691,0.0,0.0,0.0,0.0,-0.0055642930972087685,0.08147186786560448,-0.0051985228334938205,0.9966465515663853,4.0296391268944065,-0.0551420316860061,-0.03159628310019317,2.198715554842233,20.0,0.0,2.0,37.80360279576677,1.9894998699017592,1.5394998699017592,0,0,0
1.171448469,1787250373.892409086,1787250373.892344713,-17.763215795300002,0.04355926385567804,1.9887005134185167,-0.012252535209221989,0.0,0.0,0.0,0.0,-0.007002789474807135,0.07775459115565378,-0.0055245672921516,0.9969326274377939,4.042166501981828,-0.05391289650427398,-0.029824504125768276,2.2390800841236644,20.0,0.0,2.0,37.76324260825942,1.989517206469805,1.539517206469805,0,0,0
1.181467056,1787250373.902427673,1787250373.902345419,-17.722734705993844,0.043027461530881536,1.9884113193800932,-0.012963579329134686,0.0,0.0,0.0,0.0,-0.008388108419172563,0.07408005483466044,-0.005805432602121547,0.9972001213724074,4.053924229025503,-0.05240129735310289,-0.02800480049431643,2.2795656993260756,20.0,0.0,2.0,37.72276102512589,1.9834398782218972,1.5334398782218972,0,0,0
1.191464901,1787250373.912425518,1787250373.912344933,-17.682139831713126,0.04251214586039418,1.9881406176101173,-0.013547116757932562,0.0,0.0,0.0,0.0,-0.009715181824375875,0.07045759820082928,-0.006037114427551363,0.9974491943689556,4.064925123795608,-0.05061746353447232,-0.026129838579821756,2.3201647466985915,20.0,0.0,2.0,37.682165678531234,1.9777518661221418,1.5277518661221419,0,0,0
1.201442480,1787250373.922403097,1787250373.922344923,-17.64143869499556,0.04201597945301431,1.9878888141313094,-0.014007510072473936,0.0,0.0,0.0,0.0,-0.010980003484379365,0.0668832584956321,-0.006221054361910147,0.9976809949774105,4.075178843404997,-0.04857342048320406,-0.024224388700574993,2.360869686401258,20.0,0.0,2.0,37.641464092838646,1.9728509657814741,1.5228509657814742,0,0,0
1.211468458,1787250373.932429075,1787250373.932344913,-17.600638701786,0.04154150457502902,1.9876562729629539,-0.014355648890623952,0.0,0.0,0.0,0.0,-0.012177885701791659,0.06335629581027663,-0.006361945992940108,0.9978963896739069,4.084698033014636,-0.04628139224945982,-0.02228021689846772,2.401673101058674,20.0,0.0,2.0,37.60066367561145,1.9687478476506597,1.5187478476506597,0,0,0
1.221468210,1787250373.942428827,1787250373.942345142,-17.55974715329937,0.04109113177783936,1.9874432668128508,-0.014597328746899771,0.0,0.0,0.0,0.0,-0.01330658754518303,0.059868075897379414,-0.006461909241617202,0.9980966846679741,4.093491696459385,-0.04375523967966726,-0.02031631118704223,2.4425676843786066,20.0,0.0,2.0,37.559771729503886,1.965451831109723,1.5154518311097231,0,0,0
1.231467962,1787250373.952428579,1787250373.952344656,-17.51877125067393,0.040667135716915596,1.987250054938208,-0.014736241634424573,0.0,0.0,0.0,0.0,-0.01436436208203715,0.0564168341700497,-0.0065219291049894365,0.9982826605550928,4.1015701629094705,-0.041008442068377615,-0.018323834527809946,2.4835462360789506,20.0,0.0,2.0,37.518795456909636,1.9629708440934377,1.5129708440934377,0,0,0
1.241463661,1787250373.962424278,1787250373.962344885,-17.47771810978837,0.04027164982696183,1.9870768221536657,-0.014773230335902414,0.0,0.0,0.0,0.0,-0.015352148497381186,0.05299657758102036,-0.006541518402109255,0.9984552482901816,4.108940840661387,-0.03805547874180886,-0.01631934166953599,2.524601647357567,20.0,0.0,2.0,37.47774197481839,1.9613113926353003,1.5113113926353003,0,0,0
1.251507044,1787250373.972467661,1787250373.972344637,-17.43659476318374,0.03990666902356081,1.9869237455698359,-0.014709513526202775,0.0,0.0,0.0,0.0,-0.01627105735528212,0.049609552395682016,-0.00652028920852851,0.9986148561043333,4.115612394881543,-0.03490980271265398,-0.014295990414575802,2.5657268984740256,20.0,0.0,2.0,37.43661831674302,1.9604785281100234,1.5104785281100235,0,0,0
1.261452913,1787250373.982413530,1787250373.982344866,-17.395408171857287,0.03957404709747923,1.9867908825820024,-0.01454897248219423,0.0,0.0,0.0,0.0,-0.017118058528068813,0.046249551480786695,-0.006459561857277891,0.9987623466674481,4.121591083885658,-0.031586068745364626,-0.012275784898962876,2.606915047194399,20.0,0.0,2.0,37.39543144457351,1.960475829736054,1.510475829736054,0,0,0
1.271491289,1787250373.992451906,1787250373.992344379,-17.354165224942268,0.039275493060312354,1.9866782601915836,-0.014298478634145809,0.0,0.0,0.0,0.0,-0.017887933031857314,0.04291667659494429,-0.006362129324143494,0.9988982450842306,4.126884503801107,-0.028098890042833793,-0.01025041951880561,2.64815922846341,20.0,0.0,2.0,37.354188248245904,1.9613053950114412,1.5113053950114412,0,0,0
1.281494617,1787250374.002455235,1787250374.002344847,-17.3128727470479,0.03901255837749717,1.9865858268072951,-0.0139622581798698,0.0,0.0,0.0,0.0,-0.018575056403999812,0.039606450402902345,-0.006229529822167041,0.9990232676590999,4.131498429821787,-0.024464934210777858,-0.008236811277742959,2.689452646936996,20.0,0.0,2.0,37.312895553107964,1.9610755756734637,1.5110755756734637,0,0,0
1.291491508,1787250374.012452126,1787250374.012344360,-17.271537497729735,0.038786628164302686,1.9865135277744361,-0.013544790697928535,0.0,0.0,0.0,0.0,-0.01917516209415115,0.03632263648329031,-0.006063175987961816,0.9991377368183552,4.135439801593202,-0.020701001043584046,-0.0062256809962663445,2.7307885769229823,20.0,0.0,2.0,37.27156011937428,1.961466248857209,1.511466248857209,0,0,0
1.301496506,1787250374.022457123,1787250374.022358179,-17.23016617175688,0.03859891007647627,1.9864612492558056,-0.013049287010294657,0.0,0.0,0.0,0.0,-0.019685933732153764,0.03306604919869417,-0.005863805032608525,0.9992420708687272,4.138715032268652,-0.016825474307906152,-0.004231499040504654,2.772160361799588,20.0,0.0,2.0,37.2301886424211,1.9616797611266785,1.5116797611266786,0,0,0
1.311427832,1787250374.032388449,1787250374.032305241,-17.188765390472067,0.03845043187708701,1.9864288784677115,-0.012480020637061886,0.0,0.0,0.0,0.0,-0.02010813213951553,0.02984516708957109,-0.005632428621803794,0.9993363821912398,4.141332145424059,-0.012856134429369937,-0.002247217303162869,2.8135614219869387,20.0,0.0,2.0,37.18878774413902,1.961628689925112,1.5116286899251121,0,0,0
1.321461201,1787250374.042421818,1787250374.042344809,-17.147341695658593,0.03834203828282958,1.9864161981248516,-0.011837856794065,0.0,0.0,0.0,0.0,-0.020445248100295715,0.026659906649046727,-0.005368489267583913,0.9994210426694874,4.1432992643532,-0.008811390853923818,-0.00029237533162301474,2.854985260558011,20.0,0.0,2.0,37.147363966849504,1.9622761473530874,1.5122761473530875,0,0,0
1.331467628,1787250374.052428246,1787250374.052344799,-17.105901540711923,0.038274401361098435,1.9864229745853814,-0.01112410977302524,0.0,0.0,0.0,0.0,-0.02070380935527222,0.023514457015735842,-0.00507156318486719,0.9994962240230313,4.1446256637525005,-0.004707556936801499,0.0016418013199284995,2.8964254712558057,20.0,0.0,2.0,37.10592376446686,1.9617814566497125,1.5117814566497125,0,0,0
1.341491461,1787250374.062452078,1787250374.062345028,-17.064451287733878,0.03824803084053372,1.9864489052241066,-0.0103406529138743,0.0,0.0,0.0,0.0,-0.020891729819316973,0.020407093007362827,-0.004741708153764351,0.9995622053598916,4.145320463500747,-0.0005604650682662704,0.0035396198228512896,2.937875740733172,20.0,0.0,2.0,37.06447349963075,1.9621208318388828,1.5121208318388828,0,0,0
1.351472139,1787250374.072432756,1787250374.072345018,-17.022997204694967,0.03826329273437301,1.9864936874122276,-0.009492019110342776,0.0,0.0,0.0,0.0,-0.02101847946713415,0.017341950277394356,-0.004380282359301938,0.9996190741517085,4.145393285074858,0.003616757892688898,0.00541019720625132,2.9793298507702564,20.0,0.0,2.0,37.02301944086816,1.9619179902679127,1.5119179902679127,0,0,0
1.361463785,1787250374.082424402,1787250374.082344770,-16.981545462048775,0.03832042543728628,1.986556967603072,-0.00858316013372285,0.0,0.0,0.0,0.0,-0.021093100567571004,0.014318987273166855,-0.0039890854735577155,0.9996670120140015,4.144854090259932,0.007811952169751806,0.007240372914402674,3.020781681090936,20.0,0.0,2.0,36.98156775924603,1.9618124370967698,1.5118124370967698,0,0,0
1.371491432,1787250374.092452049,1787250374.092344999,-16.940102128186112,0.038419560188992695,1.9866383994448475,-0.007621274091839648,0.0,0.0,0.0,0.0,-0.02112466904781654,0.011344358098217861,-0.0035710364910608245,0.9997061076113015,4.143713361743719,0.012015605793489563,0.0090388879732856,3.062225213523585,20.0,0.0,2.0,36.94012452382632,1.9625402185092597,1.5125402185092598,0,0,0
1.381487846,1787250374.102448463,1787250374.102345228,-16.898673161357085,0.03856073642955565,1.9867375954640498,-0.0066136117450663065,0.0,0.0,0.0,0.0,-0.021120360597629218,0.008420579045465205,-0.0031292990194845415,0.9997365811574627,4.14198265157794,0.016219035593574342,0.010794291000054114,3.1036545396477417,20.0,0.0,2.0,36.89869569362068,1.963964464898976,1.513964464898976,0,0,0
1.391492605,1787250374.112453222,1787250374.112344742,-16.857264401306672,0.03874391821054175,1.986854174738838,-0.005568947958858496,0.0,0.0,0.0,0.0,-0.02108610579291541,0.005555298705855317,-0.002667795466196493,0.9997586697129109,4.139674181082739,0.02041555653395977,0.012513226015135687,3.1450638689734483,20.0,0.0,2.0,36.85728710922371,1.962135961169376,1.512135961169376,0,0,0
1.401468515,1787250374.122429132,1787250374.122344732,-16.815881558760985,0.03896900103980318,1.9869876814776293,-0.004493503967054053,0.0,0.0,0.0,0.0,-0.02102030349247616,0.0027476448628454965,-0.0021894525889557563,0.9997728760004208,4.136801326721227,0.024598162890892734,0.014180700539048085,3.186447538983374,20.0,0.0,2.0,36.81590448233199,1.9611384824786728,1.5111384824786729,0,0,0
1.411469460,1787250374.132430077,1787250374.132345200,-16.774530213451044,0.03923581259053178,1.9871376527534217,-0.0033938312143441574,0.0,0.0,0.0,0.0,-0.020918549378751483,-8.402069010678344e-07,-0.0016973037649993556,0.999779742468866,4.133376950870844,0.028759960664907047,0.015804312540814238,3.2278000170074197,20.0,0.0,2.0,36.7745533937394,1.9609717768922186,1.5109717768922186,0,0,0
1.421490431,1787250374.142451048,1787250374.142345190,-16.73321581369584,0.039544101588235715,1.9873035741945413,-0.002276785338016052,0.0,0.0,0.0,0.0,-0.02077292987229272,-0.0026944020790220197,-0.0011946084464351271,0.9997798750188048,4.129414281507823,0.03289216461503453,0.017371780991035448,3.269115900141677,20.0,0.0,2.0,36.733239292917695,1.960778357806527,1.510778357806527,0,0,0
1.431452990,1787250374.152413607,1787250374.152345181,-16.691943682373118,0.03989352569094794,1.9874849380932607,-0.0011508950034401953,0.0,0.0,0.0,0.0,-0.020576802027092722,-0.005332952235980245,-0.0006853045899920783,0.9997738170188323,4.124925350101223,0.03698517823383885,0.018891384244704882,3.310389909081774,20.0,0.0,2.0,36.6919675039457,1.9601629865779133,1.5101629865779134,0,0,0
1.441487074,1787250374.162447691,1787250374.162344694,-16.650719018928253,0.04028363624535556,1.9876812035187517,-2.4536567238018624e-05,0.0,0.0,0.0,0.0,-0.02032350693175977,-0.007919965461107055,-0.00017326944253070813,0.9997620712903595,4.1199226382497285,0.04102753494675198,0.020353208050728044,3.351616885474717,20.0,0.0,2.0,36.650743227505295,1.9603746247611087,1.5103746247611087,0,0,0
1.451471329,1787250374.172431946,1787250374.172344923,-16.60954690463137,0.04071386829801575,1.9878918440913411,0.0010933810825849905,0.0,0.0,0.0,0.0,-0.020010218045647607,-0.01045382442934608,0.00033747387490177557,0.9997450649240285,4.1144175603365225,0.04500735993993439,0.021764651712293255,3.392791786382256,20.0,0.0,2.0,36.60957154609865,1.961410373634761,1.511410373634761,0,0,0
1.461467743,1787250374.182428360,1787250374.182344675,-16.568432300988942,0.04118353176736552,1.9881162842488,0.0022003373077396733,0.0,0.0,0.0,0.0,-0.019633996174848803,-0.01293782996542226,0.0008460134486699099,0.9997231631863076,4.108422369078089,0.04891172048419149,0.023114247414183213,3.4339096850376176,20.0,0.0,2.0,36.56845742245632,1.960047488898692,1.5100474888986921,0,0,0
1.471489191,1787250374.192449808,1787250374.192345142,-16.52738005525766,0.041691809566470325,1.988353959740611,0.0032957610100878823,0.0,0.0,0.0,0.0,-0.019195897175981316,-0.015371269909337622,0.0013524466655473193,0.9996966602329931,4.101947932165535,0.052728075831765274,0.024410294115614583,3.4749657651664134,20.0,0.0,2.0,36.52740570501105,1.9585342137421755,1.5085342137421756,0,0,0
1.481475830,1787250374.202436447,1787250374.202345371,-16.486394900093224,0.04223775749174082,1.9886042726639195,0.004377258605510511,0.0,0.0,0.0,0.0,-0.018697799826400126,-0.017756671049877194,0.0018558576544467364,0.999665768498274,4.095006038918311,0.05644375706524183,0.025642809582073826,3.5159553206598497,20.0,0.0,2.0,36.486421127541526,1.9578426799760904,1.5078426799760904,0,0,0
1.491493225,1787250374.212453842,1787250374.212344885,-16.44548145811939,0.0428203112236704,1.988866639744377,0.005440047996085827,0.0,0.0,0.0,0.0,-0.01814569733019176,-0.02009179508580276,0.0023541143920583155,0.9996306875962044,4.087607232939545,0.06004737817491706,0.026819986621218588,3.5568737509753183,20.0,0.0,2.0,36.445508313712516,1.9577397384743462,1.5077397384743463,0,0,0
1.501431465,1787250374.222392082,1787250374.222304821,-16.404644238362653,0.04343829640358729,1.9891404554586645,0.0064786329651810555,0.0,0.0,0.0,0.0,-0.017545992176175973,-0.022376773277114025,0.00284460445862827,0.9995915797973352,4.079763428778492,0.06352848490439247,0.027933616902033255,3.5977165642744517,20.0,0.0,2.0,36.404671773510785,1.9565973531059295,1.5065973531059296,0,0,0
1.511469364,1787250374.232429981,1787250374.232344627,-16.36388763656103,0.04409044417432349,1.9894251323657357,0.0074871540909726905,0.0,0.0,0.0,0.0,-0.016908143486071822,-0.024607874414184144,0.003324457340416914,0.9995486557362088,4.071485723650948,0.06687857249054086,0.02899072020287288,3.6384793773284136,20.0,0.0,2.0,36.36391590353725,1.9562714774891097,1.5062714774891097,0,0,0
1.521459103,1787250374.242419720,1787250374.242344141,-16.323215928933006,0.044775407507018056,1.9897200450355261,0.008469988270159904,0.0,0.0,0.0,0.0,-0.01624044700525042,-0.026792200566182846,0.0037956666554107414,0.9995018853331554,4.062786286309323,0.07009064190558693,0.029982012844843944,3.679157921422684,20.0,0.0,2.0,36.32324498078998,1.9553894495329873,1.5053894495329874,0,0,0
1.531445980,1787250374.252406597,1787250374.252344608,-16.282633286908908,0.045491780830569976,1.9900245907022764,0.009435215808844035,0.0,0.0,0.0,0.0,-0.015552639849195539,-0.028936726042343906,0.004261972520746318,0.9994511578210833,4.0536741754813965,0.07315987307016092,0.030916414424377613,3.7197480282525257,20.0,0.0,2.0,36.282663177380236,1.9546108215745106,1.5046108215745106,0,0,0
1.541441917,1787250374.262402534,1787250374.262344360,-16.242143791606956,0.04623811726554971,1.9903381554016735,0.010386639249430375,0.0,0.0,0.0,0.0,-0.014851732808806983,-0.03105352855407281,0.004724912237029351,0.9993962075179541,4.044157983287637,0.07608285319715558,0.03178682094514215,3.760245615473268,20.0,0.0,2.0,36.24217457502024,1.9542402310187907,1.5042402310187908,0,0,0
1.551450253,1787250374.272410870,1787250374.272344589,-16.201751457614776,0.047012944341397356,1.9906601445815129,0.011323789264961503,0.0,0.0,0.0,0.0,-0.014144955569630397,-0.033149675529356847,0.005183925092366834,0.9993368532005954,4.034242838399367,0.07885778010827976,0.03260045027885019,3.8006466634716216,20.0,0.0,2.0,36.20178318879815,1.9530101733992946,1.5030101733992947,0,0,0
1.561442137,1787250374.282402754,1787250374.282344103,-16.16146024721273,0.047814776530418976,1.9909899496716221,0.012243632504839966,0.0,0.0,0.0,0.0,-0.01343648511377358,-0.03523303040651319,0.005637224248251594,0.9992728937277024,4.023933798009485,0.08148383909878355,0.03335088375710076,3.8409472012089614,20.0,0.0,2.0,36.1614929814106,1.9525864127081238,1.5025864127081239,0,0,0
1.571444273,1787250374.292404890,1787250374.292344809,-16.121274086231175,0.048642125388611956,1.991326979061673,0.013140762012112514,0.0,0.0,0.0,0.0,-0.012730553169741303,-0.03730412380350863,0.006081922326254486,0.9992043562675567,4.013233586764523,0.08396118258874531,0.034044584763833895,3.8811432909364263,20.0,0.0,2.0,36.121307879010836,1.9514931069861219,1.501493106986122,0,0,0
1.581470966,1787250374.302431583,1787250374.302344084,-16.08119686537905,0.04949350662824822,1.9916706305766947,0.014008620276243784,0.0,0.0,0.0,0.0,-0.012028575783295378,-0.03936273330743788,0.006514648405983858,0.9991313466943871,4.00214628186509,0.08629047043511087,0.034676133093391126,3.9212310269364683,20.0,0.0,2.0,36.08123177254114,1.950614911072334,1.5006149110723341,0,0,0
1.591471910,1787250374.312432528,1787250374.312344313,-16.041232440581346,0.05036744485614745,1.9920203211572447,0.01484029222437593,0.0,0.0,0.0,0.0,-0.011332454176571154,-0.04140252818873897,0.006931900824068212,0.9990542302061896,3.9906751858944256,0.08847278377351359,0.035252207447040544,3.961206535700454,20.0,0.0,2.0,36.04126851805842,1.9500848416177885,1.5000848416177885,0,0,0
1.601441860,1787250374.322402477,1787250374.322344303,-16.001384624358145,0.05126247708486049,1.9923754811006142,0.015636353835809146,0.0,0.0,0.0,0.0,-0.010643495987675963,-0.04342837640161905,0.007333782734157286,0.9989729264334885,3.9788250932417437,0.09050953844827361,0.03577094902323937,4.001065984756278,20.0,0.0,2.0,36.00142192811023,1.9487529303866342,1.4987529303866343,0,0,0
1.611442804,1787250374.332403421,1787250374.332344770,-15.961657194636173,0.05217715636563943,1.9927355725573528,0.01640049676022473,0.0,0.0,0.0,0.0,-0.009964524532313043,-0.04544479264501041,0.007721888194493256,0.9988873067143305,3.9665983653355936,0.0924025321973786,0.036238288639326405,4.040805574290623,20.0,0.0,2.0,35.96169578053961,1.9482137389960796,1.4982137389960797,0,0,0
1.621468544,1787250374.342429161,1787250374.342344761,-15.922053904234705,0.05311005597204447,1.9931000657422653,0.017133755568244993,0.0,0.0,0.0,0.0,-0.009297020823342573,-0.04746113239230716,0.008096487254975296,0.998797003004104,3.953997296330886,0.09415400112097783,0.036651927921022974,4.080421527738451,20.0,0.0,2.0,35.92209382797558,1.9470270811593426,1.4970270811593427,0,0,0
1.631444931,1787250374.352405548,1787250374.352344513,-15.882578498208689,0.05405977305320027,1.9934684491372046,0.01783476535656042,0.0,0.0,0.0,0.0,-0.008643277605684705,-0.04948126679270439,0.008456679209243827,0.9987018486843671,3.9410215212330653,0.09576648852935843,0.037016052305971395,4.119910074809452,20.0,0.0,2.0,35.88261981517414,1.9460291681883124,1.4960291681883124,0,0,0
1.641467810,1787250374.362428427,1787250374.362344265,-15.843234722326242,0.05502493224864391,1.9938402121038936,0.018500954786512293,0.0,0.0,0.0,0.0,-0.008004146592334593,-0.051509576375832956,0.008801023534600803,0.9986016418791099,3.927671059892434,0.09724292372359401,0.03732829993810767,4.159267443124218,20.0,0.0,2.0,35.843277487500075,1.945465286733033,1.4954652867330331,0,0,0
1.651445389,1787250374.372406006,1787250374.372344494,-15.80402633081882,0.05600418824446552,1.994214854254568,0.019129170205748097,0.0,0.0,0.0,0.0,-0.007380663175342619,-0.05354294686406563,0.009127851634101685,0.9984965503078865,3.9139446508274314,0.09858638090070458,0.03759137543487691,4.198489850796947,20.0,0.0,2.0,35.80407059867606,1.9440085889312144,1.4940085889312145,0,0,0
1.661443233,1787250374.382403851,1787250374.382344961,-15.764957080390229,0.05699622601123369,1.9945918626629835,0.01972089584268667,0.0,0.0,0.0,0.0,-0.006766395284053523,-0.05557874339214256,0.00943820202629107,0.998386768502228,3.8998428271708434,0.09979960308205162,0.037801913065988374,4.237573512387472,20.0,0.0,2.0,35.765002904793455,1.943327284135812,1.493327284135812,0,0,0
1.671443701,1787250374.392404318,1787250374.392344713,-15.726030724940639,0.05799974984023523,1.9949707288725012,0.02027937537514303,0.0,0.0,0.0,0.0,-0.00615323974191214,-0.05760808789827227,0.009734181838173381,0.9982728542604596,3.8853660174815214,0.10088364895960497,0.03796262668264507,4.2765146442183255,20.0,0.0,2.0,35.72607815901365,1.9421812154790212,1.4921812154790213,0,0,0
1.681443214,1787250374.402403831,1787250374.402344942,-15.687250999045371,0.059013466640663585,1.9953509400665688,0.020804711684520874,0.0,0.0,0.0,0.0,-0.005530325365860963,-0.05962283589073186,0.010016543137013636,0.9981553996273721,3.8705174636111104,0.10183789784303879,0.03807123430167214,4.31530948050894,20.0,0.0,2.0,35.68730009501795,1.9410339689460816,1.4910339689460816,0,0,0
1.691470861,1787250374.412431479,1787250374.412344694,-15.648621601327063,0.06003606608818016,1.9957319897951709,0.021294801476455995,0.0,0.0,0.0,0.0,-0.004889301817032143,-0.06161017091657487,0.010284890043717344,0.9980353213209245,3.8553014301260333,0.10265961142931082,0.038130118857738,4.35395428968954,20.0,0.0,2.0,35.648672410340126,1.940577827300453,1.490577827300453,0,0,0
1.701442957,1787250374.422403574,1787250374.422344923,-15.61014617003275,0.06106620383173455,1.9961133705310081,0.021746044375926102,0.0,0.0,0.0,0.0,-0.004222826149803277,-0.06355948571663515,0.010538044647654484,0.997913477777382,3.8397254967253827,0.1033447561677275,0.03813779021017511,4.392445398381285,20.0,0.0,2.0,35.61019874190872,1.9389642360904122,1.4889642360904123,0,0,0
1.711467743,1787250374.432428360,1787250374.432344913,-15.57182826216947,0.06210248870767882,1.9964945868157,0.022154683444297853,0.0,0.0,0.0,0.0,-0.003528611645446503,-0.06545843174472922,0.010774462668089372,0.9977908866929935,3.823798466588229,0.10388817743865603,0.03809771302266439,4.430779212113011,20.0,0.0,2.0,35.57188264514972,1.938105446176867,1.488105446176867,0,0,0
1.721470118,1787250374.442430735,1787250374.442344666,-15.533671334892245,0.06314347852403548,1.99687517452619,0.022522518376509336,0.0,0.0,0.0,0.0,-0.002808891301851755,-0.06730629744337181,0.010994979331608213,0.9976678219144969,3.8075310973936283,0.10428495398578178,0.03801256927871858,4.4689522340793495,20.0,0.0,2.0,35.53372757535518,1.937151699819,1.487151699819,0,0,0
1.731445312,1787250374.452405930,1787250374.452344179,-15.495678741689677,0.06418768503807644,1.9972546967852687,0.02285407521987286,0.0,0.0,0.0,0.0,-0.0020715959186780823,-0.0691049976309185,0.01120134976533147,0.9975443536786799,3.790933323934325,0.10453099045081565,0.03788498877394898,4.506961069139701,20.0,0.0,2.0,35.49573688386875,1.9358190847084256,1.4858190847084256,0,0,0
1.741440773,1787250374.462401390,1787250374.462344646,-15.457853737815752,0.06523358851414932,1.997632739353961,0.02315123738567044,0.0,0.0,0.0,0.0,-0.0013264283406044387,-0.070862744799968,0.011393806171609806,0.9974201186903118,3.774014621276267,0.10462413322225192,0.03771687315651859,4.544802418855685,20.0,0.0,2.0,35.45791382353632,1.9352268544935256,1.4852268544935257,0,0,0
1.751442432,1787250374.472403049,1787250374.472344637,-15.420199493966972,0.06627965716584158,1.9980089023323209,0.02341418528546156,0.0,0.0,0.0,0.0,-0.0005854651883285889,-0.07258568428520712,0.01157151828015786,0.9972948789761499,3.7567825179757772,0.10456421626031447,0.037509219647836566,4.582473068412518,20.0,0.0,2.0,35.420261562414275,1.9338268701536432,1.4838268701536432,0,0,0
1.761439085,1787250374.482399702,1787250374.482344389,-15.38271910990253,0.06732437020314898,1.998382794859994,0.023641795997420098,0.0,0.0,0.0,0.0,0.00014027320978736224,-0.07428157671068168,0.01173301616345734,0.9971682726684147,3.7392435959385892,0.10435356217656086,0.03726283705505807,4.6199698737507155,20.0,0.0,2.0,35.38278319743146,1.9327535593917693,1.4827535593917693,0,0,0
1.771442890,1787250374.492403507,1787250374.492344618,-15.345415627865275,0.06836624011160139,1.998754029661041,0.023832508312411443,0.0,0.0,0.0,0.0,0.0008401615950198344,-0.07595315749486671,0.011876599607798672,0.997040299274212,3.721402959311767,0.10399650131403507,0.03697770154804608,4.657289748888333,20.0,0.0,2.0,35.34548176785503,1.9321679783891523,1.4821679783891524,0,0,0
1.781465054,1787250374.502425671,1787250374.502344370,-15.308292039640754,0.06940383320385203,1.9991222207291912,0.023984266612039912,0.0,0.0,0.0,0.0,0.0015066479475198805,-0.07760224660744512,0.012000503474075898,0.9969110337687151,3.7032656120068386,0.10349936038733319,0.036654050604167675,4.694429659587628,20.0,0.0,2.0,35.308360262395624,1.9306141728741937,1.4806141728741937,0,0,0
1.791469812,1787250374.512430429,1787250374.512344599,-15.271351289084016,0.07043578529901416,1.9994869827425368,0.024095643273808368,0.0,0.0,0.0,0.0,0.002134024052567376,-0.07922552761848077,0.012103383846414146,0.9967809537779013,3.684836212104576,0.10286965671017496,0.03629255922013137,4.731386621423637,20.0,0.0,2.0,35.27142162177485,1.9297769512063148,1.4797769512063148,0,0,0
1.801441431,1787250374.522402048,1787250374.522344828,-15.23459627312183,0.0714608128710268,1.9998479605811563,0.024169716362555615,0.0,0.0,0.0,0.0,0.00271893110550273,-0.08082491973216485,0.012186278573109601,0.9966501062953192,3.666119489691436,0.10211591868450143,0.03589727388194253,4.768157699527275,20.0,0.0,2.0,35.234668739762306,1.9288494847238478,1.4788494847238478,0,0,0
1.811443567,1787250374.532404184,1787250374.532344341,-15.198029841370484,0.07247771996168174,2.0002048124362104,0.02421204362970006,0.0,0.0,0.0,0.0,0.003259521378050918,-0.08240063019804536,0.012251563059857137,0.9965186455184577,3.6471200996842827,0.10124707863031362,0.035467827047510926,4.804740009108592,20.0,0.0,2.0,35.19810446282365,1.9275232975935095,1.4775232975935095,0,0,0
1.821439028,1787250374.542399645,1787250374.542344570,-15.161654799058072,0.07348540110065496,2.00055721445238,0.02422624677191661,0.0,0.0,0.0,0.0,0.0037566334222966496,-0.08395474553878242,0.012300873286959968,0.9963865599872507,3.627842343041749,0.1002722164890074,0.03500718179255883,4.841130712752362,20.0,0.0,2.0,35.16173159306558,1.9268962478732554,1.4768962478732555,0,0,0
1.831442595,1787250374.552403212,1787250374.552344561,-15.125473907200552,0.07448283990562977,2.000904845344906,0.024214849832621142,0.0,0.0,0.0,0.0,0.00421250355715296,-0.08548559667387896,0.012335430234137893,0.9962541366217912,3.608290751544853,0.0992000235560989,0.03451385381055347,4.8773270201194485,20.0,0.0,2.0,35.125552888426,1.9256858656271396,1.4756858656271397,0,0,0
1.841465950,1787250374.562426567,1787250374.562344074,-15.089489881314247,0.07546910433167073,2.001247390026506,0.024179339586219307,0.0,0.0,0.0,0.0,0.004631051917081078,-0.08699159868452237,0.012356104282990096,0.9961216501027373,3.5884700139985855,0.0980386252610833,0.03398972620517597,4.913326189184349,20.0,0.0,2.0,35.08957106139295,1.924560000357832,1.474560000357832,0,0,0
1.851446152,1787250374.572406769,1787250374.572344303,-15.053705385678768,0.07644333932055299,2.0015845322262873,0.024120935040488924,0.0,0.0,0.0,0.0,0.0050169407720952715,-0.08846763025294456,0.012363718853286007,0.9959896822552102,3.5683855473306725,0.09679526006866704,0.03343430590403766,4.949125531728061,20.0,0.0,2.0,35.0537887732672,1.924114332419445,1.474114332419445,0,0,0
1.861442089,1787250374.582402706,1787250374.582344770,-15.018123032384876,0.07740475614896376,2.0019159941472333,0.024040879558418705,0.0,0.0,0.0,0.0,0.005379993586265091,-0.0899141027627578,0.012359612997875958,0.995858298032367,3.5480425433414355,0.09547579642680047,0.03285360477792331,4.984722414390091,20.0,0.0,2.0,35.01820863320327,1.9226816135322615,1.4726816135322616,0,0,0
1.871442318,1787250374.592402935,1787250374.592344522,-14.982745375970081,0.07835261407843391,2.0022415115543923,0.02394059192591541,0.0,0.0,0.0,0.0,0.005731235318591979,-0.09133076682595093,0.012345382578981559,0.9957275910115605,3.52744707108774,0.09408391119956827,0.032245989298691206,5.020114263305344,20.0,0.0,2.0,34.98283319281706,1.9217261569338255,1.4717261569338256,0,0,0
1.881440401,1787250374.602401018,1787250374.602344275,-14.947574915157581,0.07928619811611255,2.0025608396442327,0.023819820852280012,0.0,0.0,0.0,0.0,0.006082276133533449,-0.09271953857692061,0.012321924373249471,0.9955974403657627,3.5066044037043502,0.0926210708125512,0.03161548222878871,5.055298561839605,20.0,0.0,2.0,34.94766494788547,1.9213046285001545,1.4713046285001545,0,0,0
1.891469002,1787250374.612429619,1787250374.612344742,-14.912614091529472,0.08020479695805341,2.002873733529427,0.02367780423462818,0.0,0.0,0.0,0.0,0.006442140803842979,-0.09407953786962361,0.012289698484873322,0.9954679817489122,3.4855205444365716,0.09108662198554525,0.030959485640056187,5.090272851184373,20.0,0.0,2.0,34.912706336975106,1.9198387965910872,1.4698387965910873,0,0,0
1.901441574,1787250374.622402191,1787250374.622344732,-14.877865290030648,0.08110768482266953,2.0031799549923344,0.02351288988083046,0.0,0.0,0.0,0.0,0.0068173730994305634,-0.09540997278330868,0.012248536429071647,0.9953393561358141,3.4642010344593017,0.08947841856429768,0.03028066141943536,5.125034729495032,20.0,0.0,2.0,34.8779597419083,1.9190226048326002,1.4690226048326003,0,0,0
1.911468983,1787250374.632429600,1787250374.632344723,-14.84333083443042,0.0819941092936631,2.0034792631471103,0.023323641789097436,0.0,0.0,0.0,0.0,0.007210008272160655,-0.09670733425950223,0.012197960148048134,0.9952119960336908,3.442652206090916,0.08779339476261458,0.02957827726435878,5.159581856109534,20.0,0.0,2.0,34.84342748319689,1.9184984354279069,1.468498435427907,0,0,0
1.921451569,1787250374.642412186,1787250374.642344236,-14.809012994856124,0.08286328673686229,2.0037714759622673,0.023108394202726205,0.0,0.0,0.0,0.0,0.007615557165778885,-0.09797584713974301,0.012136771651212703,0.9950856422641173,3.420878810580953,0.08602863957999721,0.028861479645062516,5.193911944527774,20.0,0.0,2.0,34.80911182757156,1.9171616082141976,1.4671616082141976,0,0,0
1.931444645,1787250374.652405262,1787250374.652344465,-14.774913987204503,0.08371441172889627,2.004056431263487,0.022866220494506533,0.0,0.0,0.0,0.0,0.008024543975191518,-0.0992203302705586,0.012063623833205108,0.9949600000678431,3.3988864543079087,0.0841828310993003,0.02812761019757555,5.228022762989093,20.0,0.0,2.0,34.77501498741355,1.9164540766889488,1.466454076688949,0,0,0
1.941442013,1787250374.662402630,1787250374.662344456,-14.741035985669244,0.08454667536716746,2.004333993087507,0.022596585109312,0.0,0.0,0.0,0.0,0.008424697511962577,-0.10044770186100288,0.011977049453485272,0.994834576172875,3.3766782291112754,0.0822567263158592,0.027382309544541808,5.261912122548589,20.0,0.0,2.0,34.74113913332977,1.9158977504337027,1.4658977504337027,0,0,0
1.951443195,1787250374.672403812,1787250374.672344446,-14.707381129395861,0.08535928996587375,2.0046040206866493,0.02230004977490397,0.0,0.0,0.0,0.0,0.008802975479872728,-0.10166140883163488,0.01187597375908491,0.9947092172209633,3.3542577466331474,0.08025379812760723,0.0266211948149457,5.295577870842254,20.0,0.0,2.0,34.70748640086939,1.9146604736645447,1.4646604736645448,0,0,0
1.961440802,1787250374.682401419,1787250374.682344198,-14.673951532762567,0.08615151451742588,2.0048663781560916,0.02197762641316575,0.0,0.0,0.0,0.0,0.00914730898404744,-0.1028634130953682,0.0117595773004488,0.9945839116567475,3.3316267827065857,0.07817991470702682,0.025847657810031278,5.329017882538523,20.0,0.0,2.0,34.67405890087657,1.9140319275626139,1.464031927562614,0,0,0
1.971470594,1787250374.692431211,1787250374.692344666,-14.64074928399417,0.08692267899056777,2.005120912630275,0.02163136605349539,0.0,0.0,0.0,0.0,0.009448151470461543,-0.10405076746508818,0.01162773044152508,0.9944591324476318,3.3087885876937237,0.0760432823032536,0.02505680550351894,5.362230061113884,20.0,0.0,2.0,34.640858718172844,1.913518103641494,1.4635181036414942,0,0,0
1.981465578,1787250374.702426195,1787250374.702344418,-14.607776442666712,0.08767220308060208,2.005367466070551,0.02126367004592256,0.0,0.0,0.0,0.0,0.009699104919791049,-0.10521814839003657,0.011480745513814975,0.9943355877648019,3.2857460519781574,0.07385356987564659,0.024250857775875007,5.395212341813772,20.0,0.0,2.0,34.60788790912386,1.9123511392237451,1.4623511392237452,0,0,0
1.991462708,1787250374.712423325,1787250374.712344408,-14.575035026343103,0.08839960915482145,2.005605866561973,0.020877812554757767,0.0,0.0,0.0,0.0,0.009897245669696943,-0.10635694312405324,0.011319680606906059,0.994214317945793,3.26250421193182,0.07162145958647634,0.02342767492050807,5.4279627051288095,20.0,0.0,2.0,34.57514848832165,1.911771625737747,1.461771625737747,0,0,0
2.001443624,1787250374.722404242,1787250374.722344637,-14.542527010224022,0.08910452762798304,2.0058359974284152,0.02047794592246279,0.0,0.0,0.0,0.0,0.010037871521380637,-0.10746546269128708,0.01114586425604428,0.9940956619832186,3.2390670405929014,0.06935802360861093,0.022596707860828607,5.4604791776045865,20.0,0.0,2.0,34.54264242827647,1.9113775429769109,1.461377542976911,0,0,0
2.011443377,1787250374.732403994,1787250374.732344151,-14.51025431398709,0.08978670622179555,2.0060577586703343,0.02006911405144288,0.0,0.0,0.0,0.0,0.010117638796235152,-0.10854362156293497,0.010961206698393039,0.993979762143529,3.2154410379476617,0.06707553480271228,0.021754614929345325,5.49275984469936,20.0,0.0,2.0,34.5103716462909,1.9102504220971739,1.460250422097174,0,0,0
2.021439791,1787250374.742400408,1787250374.742344379,-14.478218804424227,0.09044601632702622,2.006271075937883,0.01965671125525485,0.0,0.0,0.0,0.0,0.010133952010894627,-0.10959389595679428,0.010767883121348862,0.9938664566624317,3.1916307107419977,0.06478648902781849,0.020907432438785525,5.52480284810141,20.0,0.0,2.0,34.4783380071316,1.9096884990582763,1.4596884990582764,0,0,0
2.031446218,1787250374.752406836,1787250374.752344370,-14.44642229283173,0.09108245771286048,2.0064758714130893,0.019246466168558938,0.0,0.0,0.0,0.0,0.010087415768484395,-0.11061722132701557,0.01056857470594321,0.9937556941309512,3.1676422171654046,0.0625038994611994,0.020050716461942383,5.55660638797162,20.0,0.0,2.0,34.4465433204423,1.9094929130141938,1.4594929130141938,0,0,0
2.041450739,1787250374.762411356,1787250374.762344122,-14.414866539559206,0.09169615702421355,2.0066720733368033,0.01884410793989197,0.0,0.0,0.0,0.0,0.00998019784290658,-0.11161398685513126,0.01036614362787778,0.9936474508876906,3.1434800340710676,0.060240127680784704,0.019188154339237047,5.588168718155496,20.0,0.0,2.0,34.41498934530487,1.9083734170805373,1.4583734170805374,0,0,0
2.051447153,1787250374.772407770,1787250374.772344112,-14.383553250250063,0.092287362736268,2.0068596001462176,0.01845506580400841,0.0,0.0,0.0,0.0,0.009817265072310984,-0.11258213373448793,0.01016362029855981,0.9935419393728262,3.119150073743155,0.058007007821468996,0.01831698242803554,5.619488149469879,20.0,0.0,2.0,34.38367778647619,1.9077958600226383,1.4577958600226384,0,0,0
2.061444521,1787250374.782405138,1787250374.782344818,-14.352484085833964,0.09285643518892588,2.007038416177241,0.018081715314365542,0.0,0.0,0.0,0.0,0.009598463920629947,-0.11352381990710378,0.009962007477442702,0.9934389614923925,3.094655992763403,0.055815349379900916,0.017445655832617098,5.650563039592676,20.0,0.0,2.0,34.352610304376206,1.9077483696625166,1.4577483696625166,0,0,0
2.071442604,1787250374.792403221,1787250374.792344332,-14.321660657150424,0.09340384614844978,2.007208494251221,0.017725039034004426,0.0,0.0,0.0,0.0,0.009323459496420713,-0.11444101808502294,0.009761608744317848,0.993338329813868,3.0700035833566557,0.05367656445491748,0.016570000868607535,5.681391797938077,20.0,0.0,2.0,34.321788509712775,1.9067328161219215,1.4567328161219215,0,0,0
2.081441164,1787250374.802401781,1787250374.802344561,-14.291084530544795,0.09393018000142309,2.00736981996199,0.01738830565433157,0.0,0.0,0.0,0.0,0.00898975627961811,-0.1153358115990544,0.009563602351622366,0.9932398362706163,3.045196430427807,0.05160189346435548,0.01569461082298859,5.711972879859965,20.0,0.0,2.0,34.29121396909024,1.9061049189255832,1.4561049189255832,0,0,0
2.091476440,1787250374.812437057,1787250374.812344551,-14.260757225588923,0.09443613767040757,2.0075223673406137,0.017076057732001236,0.0,0.0,0.0,0.0,0.008597349426248253,-0.11620769162064214,0.009370061790601304,0.9931435243372858,3.0202399441370402,0.04960326141040078,0.014814558923778729,5.742304788631949,20.0,0.0,2.0,34.26088820274297,1.9059827464435053,1.4559827464435053,0,0,0
2.101443529,1787250374.822404146,1787250374.822344303,-14.230680215999305,0.09492253683908727,2.007666105847329,0.016794080699862348,0.0,0.0,0.0,0.0,0.008146217123393848,-0.11705410178649614,0.009183662531639342,0.9930496647922702,2.995138320226167,0.047692140534250374,0.013932273177236285,5.772386074355196,20.0,0.0,2.0,34.230812685461984,1.9053399164400706,1.4553399164400707,0,0,0
2.111445189,1787250374.832405806,1787250374.832344532,-14.200854922440422,0.09539031048559588,2.0078009944171353,0.016547932837142475,0.0,0.0,0.0,0.0,0.0076386842426621766,-0.1178703794667601,0.009007247419609414,0.9929587572710786,2.9698972775572057,0.04587994910657909,0.013046503901563053,5.802215340906423,20.0,0.0,2.0,34.20098883939857,1.9046258572550656,1.4546258572550657,0,0,0
2.121441126,1787250374.842401743,1787250374.842344761,-14.171282726272437,0.0958405045375026,2.007927069485421,0.016338915664347448,0.0,0.0,0.0,0.0,0.007059037213625327,-0.1186599065153512,0.008839478488064104,0.9928705153238482,2.944519742473373,0.04417859892366863,0.012169435798878012,5.831791232368981,20.0,0.0,2.0,34.17141804783035,1.90439252609493,1.45439252609493,0,0,0
2.131431818,1787250374.852392435,1787250374.852344751,-14.14196496314506,0.09627430674963093,2.008044393852441,0.016166274010613147,0.0,0.0,0.0,0.0,0.0063878669362412354,-0.11942843872157055,0.00867752880098955,0.9927843389550627,2.9190111460657997,0.04260458201244932,0.011297151081195748,5.861112439440985,20.0,0.0,2.0,34.14210164882996,1.9046270686877869,1.454627068687787,0,0,0
2.141441107,1787250374.862401724,1787250374.862344742,-14.112902934643534,0.09669308722311472,2.0081530524315405,0.01603639704566878,0.0,0.0,0.0,0.0,0.005600486532805548,-0.1201829399294352,0.008521366868831906,0.992699391461081,2.893373337608716,0.04117810767068508,0.010435836626473016,5.890177688182314,20.0,0.0,2.0,34.11304094703069,1.9053161265409686,1.4553161265409686,0,0,0
2.151444197,1787250374.872404814,1787250374.872344732,-14.084097915684866,0.09709844455365021,2.008253125952436,0.015959034525754912,0.0,0.0,0.0,0.0,0.004680071682483486,-0.12092783994868046,0.008373467706821692,0.9926149502666963,2.8676094848932943,0.03992433472565388,0.009580183233886602,5.918985733004624,20.0,0.0,2.0,34.08423722115571,1.9064458273823615,1.4564458273823615,0,0,0
2.161442280,1787250374.882402897,1787250374.882344723,-14.055551162814972,0.09749224036540248,2.008344684992325,0.01594827316371012,0.0,0.0,0.0,0.0,0.0036139252726426034,-0.1216644974049402,0.008238866274308284,0.992530508698771,2.841720420053575,0.03887060776401335,0.008732541909792928,5.947535348722073,20.0,0.0,2.0,34.05569173242275,1.9080017873940165,1.4580017873940165,0,0,0
2.171442747,1787250374.892403364,1787250374.892344236,-14.027263915842092,0.09787662078877997,2.008427785972474,0.016018517693863928,0.0,0.0,0.0,0.0,0.0024028216801156694,-0.12238993306644462,0.008124373181705334,0.9924459306644212,2.815708681990416,0.03804599046584371,0.007888279173361322,5.975825329199045,20.0,0.0,2.0,34.02740572625017,1.9099691270266559,1.459969127026656,0,0,0
2.181449413,1787250374.902410030,1787250374.902344704,-13.9992373905663,0.09825401545675082,2.0085024650238372,0.016186215277922168,0.0,0.0,0.0,0.0,0.001054076621710052,-0.12309698408391131,0.008038636008673215,0.9923615277523816,2.789576678737557,0.03747792599044128,0.007047950207366636,6.00385449477226,20.0,0.0,2.0,33.999380424995195,1.9123325104174904,1.4623325104174905,0,0,0
2.191468239,1787250374.912428856,1787250374.912344694,-13.971472768844277,0.09862711886080656,2.008568756594679,0.016464664613541413,0.0,0.0,0.0,0.0,-0.00041333577332137013,-0.12377614842260139,0.007990295406832148,0.9922779093653734,2.7633282016017757,0.037191513847298276,0.0062133632014332914,6.031621702411659,20.0,0.0,2.0,33.971617017982716,1.9150762034249849,1.465076203424985,0,0,0
2.201442242,1787250374.922402859,1787250374.922344446,-13.94397121001419,0.09899885477886677,2.0086268055327148,0.016852439800193162,0.0,0.0,0.0,0.0,-0.0019863655619354673,-0.12442736720777707,0.007980136952635147,0.9921946391992916,2.7369650416357425,0.03720780777924971,0.005399111284268198,6.059125834744033,20.0,0.0,2.0,33.94411667286826,1.9181841464103913,1.4681841464103913,0,0,0
2.211445332,1787250374.932405949,1787250374.932344675,-13.916733828707244,0.09937234784904624,2.008676782806781,0.017339040359561075,0.0,0.0,0.0,0.0,-0.0036485877396224852,-0.1250547530951835,0.00800497008521424,0.9921108390647407,2.71049310920751,0.0375457756519393,0.0046002189014256525,6.086365822542514,20.0,0.0,2.0,33.916880513358706,1.9216400220702492,1.4716400220702492,0,0,0
2.221442223,1787250374.942402840,1787250374.942344189,-13.88976170716724,0.09975089455714255,2.0087188977711063,0.017924459412930204,0.0,0.0,0.0,0.0,-0.005388732212211825,-0.12566438160554616,0.008066090514046682,0.9920253842239422,2.6839136809637707,0.03822100515951293,0.0038262406564598993,6.113340633230434,20.0,0.0,2.0,33.889909631462906,1.9254273193003228,1.475427319300323,0,0,0
2.231453657,1787250374.952414274,1787250374.952344656,-13.86305589825367,0.10013793764617823,2.0087533617352498,0.01861294977272392,0.0,0.0,0.0,0.0,-0.007191413416166183,-0.12626095948849506,0.008167405258740516,0.9919373705902313,2.6572309552997884,0.03924697369111269,0.003069817160144979,6.140049268909663,20.0,0.0,2.0,33.86320509042447,1.9295293924894454,1.4795293924894455,0,0,0
2.241475105,1787250374.962435722,1787250374.962345123,-13.836617429603608,0.10053703684910542,2.008780364027594,0.01941522852184121,0.0,0.0,0.0,0.0,-0.009045222043795223,-0.12684633590437686,0.008315510444570792,0.9918462800816761,2.6304459805057796,0.040633755990325184,0.002333482223526137,6.166490763456262,20.0,0.0,2.0,33.83676792880675,1.9339295222481374,1.4839295222481375,0,0,0
2.251437664,1787250374.972398281,1787250374.972344875,-13.810447309081454,0.10095184183539677,2.0088000773960424,0.02034052679281669,0.0,0.0,0.0,0.0,-0.010934057392489526,-0.1274188210260325,0.008516946939825782,0.9917521626152865,2.6035615569345807,0.042389092801022,0.001612295227430599,6.192664178593336,20.0,0.0,2.0,33.810599165881484,1.9386109714921935,1.4886109714921936,0,0,0
2.261425734,1787250374.982386351,1787250374.982345104,-13.784546524468771,0.10138605959281648,2.008812666906122,0.021380211296101213,0.0,0.0,0.0,0.0,-0.012837366117873774,-0.12797456173685856,0.008770208506490424,0.9916555838708152,2.5765796013978743,0.0445165688955462,0.0009072686206250794,6.2185686057653315,20.0,0.0,2.0,33.784699801243946,1.9435570456394071,1.4935570456394072,0,0,0
2.271422386,1787250374.992383003,1787250374.992344379,-13.758916022985026,0.10184341142890826,2.0088182427156855,0.022514416285354708,0.0,0.0,0.0,0.0,-0.014728585998040802,-0.1285074375000842,0.009069221249102834,0.9915576919612873,2.5495054535443322,0.04701533129949616,0.00021002707573871505,6.244203188034209,20.0,0.0,2.0,33.75907079421487,1.9487511648898728,1.4987511648898728,0,0,0
2.281446218,1787250375.002406836,1787250375.002344370,-13.733556712630838,0.10232758460020878,2.0088169156995797,0.023734189830876967,0.0,0.0,0.0,0.0,-0.016584322056711013,-0.12900814304896227,0.00941300861484416,0.9914601628697921,2.522342504175561,0.04987946669163982,-0.0004738642113731873,6.269567120045252,20.0,0.0,2.0,33.73371306507562,1.9541769358401315,1.5041769358401316,0,0,0
2.291443586,1787250375.012404203,1787250375.012344360,-13.708469438502,0.10284218406395823,2.0088087820636367,0.025035143276972854,0.0,0.0,0.0,0.0,-0.018381825088190126,-0.12946617426727677,0.009802890758806627,0.99136497898594,2.495099742198914,0.053098432866847234,-0.0011519663426793113,6.294659672764726,20.0,0.0,2.0,33.7086274712556,1.9598182259054546,1.5098182259054547,0,0,0
2.301444292,1787250375.022404909,1787250375.022344589,-13.68365495303634,0.10339068736184366,2.0087938971642787,0.026419588101133897,0.0,0.0,0.0,0.0,-0.020105562444320567,-0.12986907486516597,0.010242683181310918,0.9912743702899368,2.467786620738444,0.056657561627725374,-0.0018242894118752696,6.319480224055007,20.0,0.0,2.0,33.683814777457584,1.9656592349558077,1.5156592349558078,0,0,0
2.311477423,1787250375.032438040,1787250375.032344341,-13.659113898125714,0.10397641194506264,2.008772306163254,0.027889648513248214,0.0,0.0,0.0,0.0,-0.021743589465763873,-0.1302057752695066,0.01073571103331823,0.9911904039649598,2.4404156979516225,0.06053961917892332,-0.0024926938077172523,6.3440282772483885,20.0,0.0,2.0,33.659275637698975,1.9716845510084173,1.5216845510084174,0,0,0
2.321469069,1787250375.042429686,1787250375.042344332,-13.634846788598965,0.10460249232762367,2.008744070256949,0.029439186169457492,0.0,0.0,0.0,0.0,-0.02329006298736527,-0.1304681332543863,0.011280462013381969,0.9911147210832483,2.413000143573425,0.06472543287743689,-0.0031536642387852117,6.368303478147558,20.0,0.0,2.0,33.635010578751,1.9778791943957075,1.5278791943957075,0,0,0
2.331469297,1787250375.052429914,1787250375.052344322,-13.610853988443798,0.10527186654165248,2.0087092422392394,0.031055831101946967,0.0,0.0,0.0,0.0,-0.02474212551550868,-0.13065259432182644,0.011871884751817958,0.9910483263566872,2.3855564304937427,0.06919503221784563,-0.0038110462732111,6.392305639177661,20.0,0.0,2.0,33.6110199763303,1.9842286533588267,1.5342286533588267,0,0,0
2.341468573,1787250375.062429190,1787250375.062344313,-13.58713570448716,0.10598727292180243,2.0086678758866676,0.03273656474360166,0.0,0.0,0.0,0.0,-0.026103238836547145,-0.130756736842611,0.01250860558707487,0.9909918422866968,2.3580995179375104,0.07392865759728746,-0.004460945434657456,6.41603474601529,20.0,0.0,2.0,33.587304048787985,1.990718903645587,1.540718903645587,0,0,0
2.351467848,1787250375.072428465,1787250375.072344303,-13.563691986259768,0.10675125705761776,2.0086200429477565,0.03448138016640077,0.0,0.0,0.0,0.0,-0.027379067163384934,-0.1307815113684989,0.013190286239576526,0.9909453059146868,2.3306461640582143,0.07890750329683525,-0.005105105696814609,6.439490958072551,20.0,0.0,2.0,33.56386285701546,1.9973364146811032,1.5473364146811033,0,0,0
2.361463785,1787250375.082424402,1787250375.082344294,-13.540522715391333,0.10756618171924065,2.0085657901115685,0.036295632469388286,0.0,0.0,0.0,0.0,-0.028578810003152436,-0.13072717587393037,0.013918717749106718,0.9909086367587331,2.303212549676316,0.08411405926390779,-0.005744305919610632,6.462674619520848,20.0,0.0,2.0,33.540696293873985,2.004068154199644,1.554068154199644,0,0,0
2.371468067,1787250375.092428684,1787250375.092344522,-13.517627617464417,0.1084342458483906,2.0085051765228554,0.03818421070198542,0.0,0.0,0.0,0.0,-0.029711409217694825,-0.13059636022854226,0.014695375603422345,0.9908813595951989,2.2758144373128975,0.08953288984058898,-0.0063783614436775105,6.485586247975031,20.0,0.0,2.0,33.51780409613245,2.008600577063697,1.5586005770636973,0,0,0
2.381450653,1787250375.102411270,1787250375.102344990,-13.495006254521345,0.10935750013405805,2.00843822833586,0.04015489588298973,0.0,0.0,0.0,0.0,-0.030786384087940058,-0.13038938664992664,0.015523122711274056,0.9908631787815796,2.2484678759921177,0.09515000562174816,-0.007010387906597341,6.50822654262722,20.0,0.0,2.0,33.495185837026746,2.0084661456288937,1.5584661456288937,0,0,0
2.391492844,1787250375.112453461,1787250375.112344742,-13.472658041923603,0.11033786786855153,2.008364991990443,0.04221172799327891,0.0,0.0,0.0,0.0,-0.031810790577145566,-0.13010896511046877,0.01640320768369358,0.9908535035909322,2.221186659463789,0.10095371644962371,-0.00763542892681698,6.530596368079623,20.0,0.0,2.0,33.472840943214386,2.0085771912293415,1.5585771912293416,0,0,0
2.401453733,1787250375.122414351,1787250375.122344255,-13.450582258603296,0.11137715998078554,2.0082855487266884,0.0443428771925849,0.0,0.0,0.0,0.0,-0.03278718948408458,-0.12976264738030546,0.01732949549154451,0.9908513229221616,2.193984251669202,0.10693309324851064,-0.008251950897426393,6.55269674474003,20.0,0.0,2.0,33.45076870509359,2.0089247507207046,1.5589247507207047,0,0,0
2.411486149,1787250375.132446766,1787250375.132345200,-13.42877805341659,0.11247707987856495,2.0081999784116777,0.04652635575536014,0.0,0.0,0.0,0.0,-0.03371409460938759,-0.12936309520237568,0.01829113853371947,0.9908551779525959,2.166872588918796,0.11307754019266902,-0.008860142115918552,6.574528842895826,20.0,0.0,2.0,33.42896828317815,2.008445481787779,1.558445481787779,0,0,0
2.421462059,1787250375.142422676,1787250375.142344713,-13.407244479342864,0.11363922615893302,2.0081083961373682,0.04875092361078506,0.0,0.0,0.0,0.0,-0.034588258629753156,-0.1289210459620781,0.019282751212389575,0.9908638613748542,2.139859257075935,0.11937655049435861,-0.009453762722256984,6.5960939485918,20.0,0.0,2.0,33.40743874232795,2.008167928974971,1.558167928974971,0,0,0
2.431463242,1787250375.152423859,1787250375.152344465,-13.385980515228391,0.11486508766005599,2.008010948779979,0.0510096515015321,0.0,0.0,0.0,0.0,-0.03540520652531295,-0.12844722124930244,0.02030112864906623,0.9908762015912012,2.1129518543714463,0.12581853080452565,-0.010034089878722573,6.617393441596776,20.0,0.0,2.0,33.386179073485984,2.008114648292822,1.558114648292822,0,0,0
2.441483498,1787250375.162444115,1787250375.162344217,-13.364985068571574,0.11615603127885826,2.0079077487661423,0.0533012336226129,0.0,0.0,0.0,0.0,-0.03616001067394436,-0.1279465901539988,0.021346062957445507,0.9908917545787944,2.086156503770619,0.13239084793244746,-0.010603863504707345,6.638428791985801,20.0,0.0,2.0,33.36518819641359,2.008277353546876,1.558277353546876,0,0,0
2.451453924,1787250375.172414541,1787250375.172344446,-13.344256998127193,0.11751329537420013,2.0077989174103923,0.05562482821138112,0.0,0.0,0.0,0.0,-0.03684872576736634,-0.127423156510678,0.022417447648211866,0.9909101718294734,2.0594770380133216,0.13908041725495537,-0.011159231045178117,6.659201536494789,20.0,0.0,2.0,33.344464982285395,2.008363854929831,1.558363854929831,0,0,0
2.461498022,1787250375.182458639,1787250375.182344437,-13.32379513855498,0.11893798724553621,2.007684645874987,0.05798586513185919,0.0,0.0,0.0,0.0,-0.03747343546244266,-0.12688531466052105,0.02351721839524769,0.9909302694928099,2.0329144501621994,0.14587426793079217,-0.011690707436901496,6.67971325270931,20.0,0.0,2.0,33.324008278341495,2.007915433392319,1.557915433392319,0,0,0
2.471469641,1787250375.192430258,1787250375.192344189,-13.303598315589317,0.12043108601922836,2.0075651869569646,0.06038973698628407,0.0,0.0,0.0,0.0,-0.0380400163331497,-0.12634485737878162,0.02464660732622485,0.9909502908413802,2.006469851237451,0.15275973693847494,-0.012197169220153167,6.699965543253527,20.0,0.0,2.0,33.303816923059394,2.0076724541011077,1.5576724541011078,0,0,0
2.481482029,1787250375.202442646,1787250375.202344418,-13.28366535209975,0.12199344930999095,2.007440788660998,0.06284567765514026,0.0,0.0,0.0,0.0,-0.03855677777983349,-0.12581073481496186,0.025808531513158543,0.9909686945578504,1.9801420762775563,0.15972545692056667,-0.012677916972278146,6.71996002968016,20.0,0.0,2.0,33.28388975221459,2.007627413304802,1.5576274133048023,0,0,0
2.491500378,1787250375.212460995,1787250375.212344646,-13.26399509265039,0.12362583007047542,2.0073117126124114,0.06536056334184963,0.0,0.0,0.0,0.0,-0.039032609099546776,-0.12529002679790419,0.027004772537952575,0.9909841607573937,1.953928830589324,0.16676165798747564,-0.013134085683422204,6.73969832834997,20.0,0.0,2.0,33.26422562349635,2.0077729193660248,1.5577729193660248,0,0,0
2.501439571,1787250375.222400188,1787250375.222344160,-13.244586401915361,0.12532888921383448,2.007178173454064,0.06794274864515062,0.0,0.0,0.0,0.0,-0.03947546510520527,-0.12478295617050664,0.028238316465250133,0.990996215425309,1.9278276365363198,0.1738599461995946,-0.013570089460520612,6.759182052819398,20.0,0.0,2.0,33.2448234149478,2.0078339772381355,1.5578339772381355,0,0,0
2.511471748,1787250375.232432365,1787250375.232344627,-13.225438174191922,0.12710321282843337,2.007040367237182,0.07059802636008286,0.0,0.0,0.0,0.0,-0.03989216026328314,-0.12428672104596036,0.029511224775484922,0.9910048002575079,1.9018367549050077,0.18101325710681396,-0.01399145571937804,6.778412805269352,20.0,0.0,2.0,33.22568203454268,2.0073850602220236,1.5573850602220236,0,0,0
2.521483660,1787250375.242444277,1787250375.242344379,-13.206549299857873,0.12894931808413823,2.0068983627203045,0.07335231524383684,0.0,0.0,0.0,0.0,-0.04029315844491433,-0.12379537143328727,0.03083515205246541,0.9910097682627194,1.8759556765250731,0.1882158600807851,-0.014405975826609907,6.797392211042596,20.0,0.0,2.0,33.20680038663668,2.0071179770351466,1.5571179770351466,0,0,0
2.531492233,1787250375.252452850,1787250375.252344370,-13.18791871446984,0.1308676880156958,2.006752330999985,0.07623469232051795,0.0,0.0,0.0,0.0,-0.04068903850524811,-0.1233029295536008,0.032223339712858914,0.9910108203681572,1.850178944025033,0.19546577119743225,-0.014797338858241813,6.816121871486887,20.0,0.0,2.0,33.18817742124442,2.007025861523554,1.557025861523554,0,0,0
2.541444540,1787250375.262405157,1787250375.262344360,-13.169545371346839,0.1328587851453368,2.0066024849172757,0.07926436752431276,0.0,0.0,0.0,0.0,-0.04108787185635484,-0.12279986459426843,0.03368476612712649,0.9910082323436602,1.8245070930987197,0.2027612473682596,-0.01516763070965323,6.834603393587182,20.0,0.0,2.0,33.16981210666461,2.0071019895283264,1.5571019895283265,0,0,0
2.551473618,1787250375.272434235,1787250375.272344112,-13.151428218089734,0.13492306414386368,2.006449055599884,0.08244736046868377,0.0,0.0,0.0,0.0,-0.04149416990639033,-0.12227750050761381,0.035222399989476474,0.9910024365622778,1.7989418654353622,0.21010202290001626,-0.01551568037908492,6.852838415673284,20.0,0.0,2.0,33.15170340605008,2.0073397598907894,1.5573397598907894,0,0,0
2.561472416,1787250375.282433033,1787250375.282344580,-13.13356616105848,0.1370609755959963,2.0062922256674316,0.08578575517903665,0.0,0.0,0.0,0.0,-0.04190833590170148,-0.12172396757962815,0.036838014125719375,0.9909944136138695,1.77348859964632,0.2174878030970049,-0.01584725272539777,6.870828644754444,20.0,0.0,2.0,33.13385024189575,2.0069159033895643,1.5569159033895643,0,0,0
2.571467400,1787250375.292428017,1787250375.292344332,-13.115958050489917,0.13927296984080811,2.0061321609793725,0.08927319387939175,0.0,0.0,0.0,0.0,-0.04232725672007347,-0.12112974531569763,0.038529580973355286,0.990985095512705,1.7481541688116535,0.2249184106892784,-0.01616417747980824,6.888575872623556,20.0,0.0,2.0,33.116251481188726,2.006580331298303,1.556580331298303,0,0,0
2.581486940,1787250375.302447557,1787250375.302344799,-13.098602650134094,0.14155948930743315,2.0059689752155827,0.09290091154123184,0.0,0.0,0.0,0.0,-0.04274408367114548,-0.12048314622421354,0.04029449871134478,0.9909758363152102,1.7229481089747674,0.2323926198224754,-0.016471143375500413,6.906082006473601,20.0,0.0,2.0,33.098905905016586,2.006399923808488,1.556399923808488,0,0,0
2.591470003,1787250375.312430620,1787250375.312349558,-13.081498623992644,0.1439209601076411,2.0058027698655465,0.0966532701894389,0.0,0.0,0.0,0.0,-0.043149909032731956,-0.11977709477617297,0.04212678107803695,0.990967641870031,1.6978812213929722,0.23990817450144447,-0.01676809220040683,6.923349081466373,20.0,0.0,2.0,33.08181219528525,2.0063685434744727,1.5563685434744727,0,0,0
2.601460218,1787250375.322420835,1787250375.322344542,-13.064644525253383,0.14635777768864078,2.00563365477058,0.100509265136457,0.0,0.0,0.0,0.0,-0.043531030631436735,-0.11901058146689608,0.044017983602634564,0.9909611233497682,1.6729646110025995,0.2474610561251478,-0.017053133013906863,6.940379270078105,20.0,0.0,2.0,33.06496892359835,2.0064801786416195,1.5564801786416196,0,0,0
2.611453056,1787250375.332413673,1787250375.332344532,-13.048038790377664,0.14887028246001666,2.0054617379246378,0.10444178075282455,0.0,0.0,0.0,0.0,-0.043873119641398235,-0.11819078821741273,0.045956155455609694,0.9909561638787147,1.648210085098955,0.255044313253972,-0.017327957439671995,6.95717488457686,20.0,0.0,2.0,33.04837454523123,2.0066331922579295,1.5566331922579295,0,0,0
2.621442556,1787250375.342403173,1787250375.342344522,-13.031679757112467,0.15145873639601096,2.005287155773185,0.10842995420123508,0.0,0.0,0.0,0.0,-0.04416124904698814,-0.11732557239974224,0.0479323249554093,0.990952565145301,1.623625653944439,0.2626491437156898,-0.017585485315306928,6.973738354686658,20.0,0.0,2.0,33.03202741702786,2.0061253381840793,1.5561253381840794,0,0,0
2.631448507,1787250375.352409124,1787250375.352344513,-13.015565681114158,0.15412329719636655,2.0051100815369787,0.1124534208359838,0.0,0.0,0.0,0.0,-0.044383877609085555,-0.11642613197388206,0.049937044032582714,0.9909497055023881,1.5992199334878778,0.2702635019245552,-0.0178268577985606,6.990072205574407,20.0,0.0,2.0,33.0159258138801,2.005695527837291,1.555695527837291,0,0,0
2.641442537,1787250375.362403154,1787250375.362344742,-12.99969474275063,0.15686399292265085,2.0049306764762003,0.11649608284084449,0.0,0.0,0.0,0.0,-0.0445312962833045,-0.11549976664217984,0.051962893207959174,0.9909473372921433,1.5749989654657999,0.27787372941505495,-0.018051059553789002,7.0061790452327255,20.0,0.0,2.0,33.00006793536296,2.0053946517649313,1.5553946517649313,0,0,0
2.651443958,1787250375.372404575,1787250375.372344494,-12.984065068325426,0.15968070760594105,2.004749119073685,0.12054209530004416,0.0,0.0,0.0,0.0,-0.044599664355447065,-0.11455448200225095,0.05400178685163889,0.9909449770847055,1.550967941859705,0.2854647275823103,-0.01825759871461242,7.022061537711406,20.0,0.0,2.0,32.98445192684031,2.005217503268916,1.555217503268916,0,0,0
2.661443233,1787250375.382403851,1787250375.382344484,-12.968674745092871,0.16257317620327782,2.0045656091707067,0.12459299561970408,0.0,0.0,0.0,0.0,-0.04459576171392837,-0.11359760315137066,0.05605298034180537,0.9909414039135812,1.527128598964958,0.2930223955171748,-0.018438991301554485,7.037722383782855,20.0,0.0,2.0,32.96907589439128,2.0051590289013825,1.5551590289013826,0,0,0
2.671444178,1787250375.392404795,1787250375.392344713,-12.953521855759723,0.16554100406891054,2.0043804457691774,0.12865482202871248,0.0,0.0,0.0,0.0,-0.04453466038150843,-0.11263816040562386,0.0581169240771294,0.9909347768551439,1.503481609644412,0.30053466122860517,-0.018589588329903744,7.053164285960628,20.0,0.0,2.0,32.953937939347504,2.0052144062958392,1.5552144062958393,0,0,0
2.681441069,1787250375.402401686,1787250375.402344465,-12.938604467742088,0.16858368605463087,2.0041939049662028,0.13273204577511497,0.0,0.0,0.0,0.0,-0.04443404461404799,-0.11168044379077807,0.06019338815981157,0.9909237358019909,1.480028088514872,0.30799205949651254,-0.018713558350947776,7.068389960868693,20.0,0.0,2.0,32.939036147562085,2.004812598198328,1.554812598198328,0,0,0
2.691459894,1787250375.412420511,1787250375.412344456,-12.923920651766942,0.17170064391237164,2.0040062673762833,0.13682303418278843,0.0,0.0,0.0,0.0,-0.04431261915304355,-0.11072795907705754,0.06227916446101795,0.9909071684756672,1.4567674637839654,0.3153890914552523,-0.018810933979766034,7.083402125460918,20.0,0.0,2.0,32.92436860814713,2.0043492823253124,1.5543492823253124,0,0,0
2.701488733,1787250375.422449350,1787250375.422344446,-12.909468474288134,0.17489125829471336,2.0038177517873597,0.14092851395528921,0.0,0.0,0.0,0.0,-0.04418560733889586,-0.10977747088772621,0.06437311060981879,0.9908847771663482,1.4337000374606976,0.32272336851669614,-0.018888135695621065,7.098203510265828,20.0,0.0,2.0,32.90993340600405,2.003997603836913,1.553997603836913,0,0,0
2.711447001,1787250375.432407618,1787250375.432344437,-12.895246002039814,0.17815490270152035,2.003628546889403,0.14504787352858983,0.0,0.0,0.0,0.0,-0.044064694363411046,-0.10882432592762394,0.0664739683739491,0.9908565891821464,1.4108289061338577,0.32999461740014835,-0.018959691174375338,7.112796861154563,20.0,0.0,2.0,32.89572862653183,2.0037531615596516,1.5537531615596516,0,0,0
2.721462011,1787250375.442422628,1787250375.442344427,-12.881251208560423,0.18149093877291,2.0034384473941844,0.14921125381587869,0.0,0.0,0.0,0.0,-0.043951191986506585,-0.10785089091922093,0.06859761427877113,0.9908233169269668,1.3881632168095261,0.3372025995202752,-0.019059840419514407,7.127185034041295,20.0,0.0,2.0,32.88175226207133,2.0036112797295664,1.5536112797295665,0,0,0
2.731467247,1787250375.452427864,1787250375.452344179,-12.867482067823309,0.1848987603657073,2.0032474030537526,0.15345585577221732,0.0,0.0,0.0,0.0,-0.04384119609548395,-0.10683734292891287,0.0707641190472255,0.9907856332912167,1.3656996753348511,0.34435189806814676,-0.019148973320735212,7.1413709066823,20.0,0.0,2.0,32.86800230582775,2.003567558204357,1.5535675582043569,0,0,0
2.741469622,1787250375.462430239,1787250375.462344646,-12.853936500928366,0.18837777948153228,2.0030554689823297,0.15779697179668292,0.0,0.0,0.0,0.0,-0.04372231952102548,-0.10575829620712872,0.07298404789526854,0.990745613319528,1.3434502158215151,0.35144203725627093,-0.019236034652093937,7.1553574285945345,20.0,0.0,2.0,32.85447669847637,2.003617824079491,1.5536178240794911,0,0,0
2.751466751,1787250375.472427368,1787250375.472344160,-12.840612305391032,0.19192739798708564,2.0028627185773784,0.16223045884391046,0.0,0.0,0.0,0.0,-0.043580641503467084,-0.10459441894427313,0.07525810856995592,0.9907052802455072,1.3214288187879055,0.3584709954028776,-0.01931480884467821,7.169147683522225,20.0,0.0,2.0,32.84117325727351,2.0032915152914095,1.5532915152914095,0,0,0
2.761466742,1787250375.482427359,1787250375.482344389,-12.827507093500483,0.1955469766832002,2.002669163343187,0.16674979001132417,0.0,0.0,0.0,0.0,-0.04339907935987938,-0.1033266920387575,0.07758604902985415,0.9906667046080533,1.299656654018123,0.36543310604251067,-0.019395207267310113,7.182744940314028,20.0,0.0,2.0,32.82808961420612,2.002863571227338,1.552863571227338,0,0,0
2.771466732,1787250375.492427349,1787250375.492344618,-12.814618271988907,0.19923581321183154,2.0024748381611093,0.1713421900545354,0.0,0.0,0.0,0.0,-0.04316404562549358,-0.10194669194154266,0.07996334291075148,0.9906309105605146,1.2781549603871731,0.3723209754697593,-0.01947036818428241,7.196152661864262,20.0,0.0,2.0,32.81522319549934,2.002528638669277,1.552528638669277,0,0,0
2.781468391,1787250375.502429008,1787250375.502344370,-12.801943008865138,0.2029931145413017,2.0022797513826456,0.17599244563785985,0.0,0.0,0.0,0.0,-0.04286223681618675,-0.10044846209305587,0.08238392647690544,0.9905987198540592,1.2569487960028964,0.37912432266354346,-0.019546017199176088,7.209374525098631,20.0,0.0,2.0,32.802571188226295,2.002282972906869,1.552282972906869,0,0,0
2.791482210,1787250375.512442827,1787250375.512344599,-12.789478235123022,0.20681798096622941,2.002083950172128,0.18068051726660936,0.0,0.0,0.0,0.0,-0.04248772713745196,-0.09883787094221017,0.08483768770751704,0.9905697527457348,1.2360607533269137,0.38583210027420706,-0.01961185255251473,7.2224144072194445,20.0,0.0,2.0,32.79013054185216,2.002122996585812,1.552122996585812,0,0,0
2.801482677,1787250375.522443295,1787250375.522344351,-12.777220667340165,0.2107094043787734,2.0018875879644917,0.18539001146444892,0.0,0.0,0.0,0.0,-0.042053203536341295,-0.09712793108621783,0.08731398639778312,0.9905422559661803,1.21551066723302,0.39243434170931674,-0.019656046641069284,7.235276355059629,20.0,0.0,2.0,32.777897990743604,2.002045371490714,1.552045371490714,0,0,0
2.811450720,1787250375.532411337,1787250375.532344580,-12.765166836663347,0.214666294656214,2.0016909238733787,0.19010340520191,0.0,0.0,0.0,0.0,-0.04158425254744434,-0.09534307916063195,0.0897997231516732,0.9905132290475088,1.1953158815755343,0.3989248236861148,-0.019671999035312332,7.247964557903918,20.0,0.0,2.0,32.765870083238575,2.002047000967453,1.552047000967453,0,0,0
2.821466684,1787250375.542427301,1787250375.542344809,-12.753313126735025,0.21868752570872696,2.0014942618444898,0.19480892886249604,0.0,0.0,0.0,0.0,-0.04111172936709487,-0.09350690293776417,0.0922844130917267,0.9904796171106954,1.1754879096008086,0.4053029554427206,-0.019654024730043337,7.260483320390526,20.0,0.0,2.0,32.75404321980222,2.0021249708497435,1.5521249708497435,0,0,0
2.831482410,1787250375.552443027,1787250375.552357674,-12.741655832293498,0.22277199657916127,2.0012979674080804,0.1994943859759599,0.0,0.0,0.0,0.0,-0.0406667781875355,-0.09164662051565044,0.09475735175236727,0.9904383647601623,1.1560336829995432,0.4115740670653256,-0.019599647179330982,7.272837022163422,20.0,0.0,2.0,32.74241371199652,2.001861835887691,1.551861835887691,0,0,0
2.841451645,1787250375.562412262,1787250375.562344313,-12.730191200617945,0.22691868479161226,2.0011023818055125,0.20415205325530517,0.0,0.0,0.0,0.0,-0.04027445638015052,-0.08978163487472951,0.09721136228597602,0.9903873874626073,1.1369550795732362,0.4177486478292668,-0.01951116609631832,7.28503009627602,20.0,0.0,2.0,32.730977824283855,2.001511782236909,1.5515117822369089,0,0,0
2.851484060,1787250375.572444677,1787250375.572344303,-12.718915485951255,0.23112669648813436,2.00090785974909,0.20877438506005866,0.0,0.0,0.0,0.0,-0.039953670972483916,-0.08793040040277636,0.09964015314366506,0.9903250924531484,1.1182500181107693,0.4238413160092586,-0.019389659508349456,7.297066995482755,20.0,0.0,2.0,32.71973182883472,2.001239755218752,1.551239755218752,0,0,0
2.861476660,1787250375.582437277,1787250375.582344532,-12.70782497758324,0.2353952999139219,2.0007146999067955,0.21337767907707195,0.0,0.0,0.0,0.0,-0.03973257678111591,-0.08610814601589008,0.10204883384588011,0.9902488298618357,1.0999115550931173,0.4298708783352802,-0.019234070376880522,7.308952182136415,20.0,0.0,2.0,32.70867203391534,2.0010432507080087,1.5510432507080087,0,0,0
2.871494532,1787250375.592455149,1787250375.592344761,-12.696916076760358,0.23972398719197957,2.000523349006988,0.21798425071103364,0.0,0.0,0.0,0.0,-0.039637437669483966,-0.08433031679372355,0.10444585124828558,0.9901557126843682,1.0819267836197273,0.43586234059514556,-0.019029645438895747,7.320690080835993,20.0,0.0,2.0,32.69779486134561,2.000920040741184,1.550920040741184,0,0,0
2.881490469,1787250375.602451086,1787250375.602344513,-12.68618530370556,0.24411251107702292,2.0003342442806678,0.22261077429740794,0.0,0.0,0.0,0.0,-0.03968835402234919,-0.08260406248863347,0.10683809099999117,0.9900439514116776,1.06428336099543,0.44184326481459196,-0.018783409633401752,7.332285096698021,20.0,0.0,2.0,32.68709685392633,2.0008680134928083,1.5508680134928083,0,0,0
2.891484737,1787250375.612445354,1787250375.612344265,-12.675629321487746,0.24856092025071572,2.0001478227929357,0.22726387757638014,0.0,0.0,0.0,0.0,-0.03989339478042252,-0.08093382114536896,0.10922868419564863,0.9899127881771151,1.0469666281767804,0.4478443721842821,-0.018496569223757316,7.34374161701313,20.0,0.0,2.0,32.67657469974779,2.0008851803501266,1.5508851803501267,0,0,0
2.901469946,1787250375.622430563,1787250375.622344494,-12.665244927460465,0.253069566270192,1.9999644096789149,0.2319538795859974,0.0,0.0,0.0,0.0,-0.040248925892959087,-0.07931397000317945,0.11162412390077649,0.9897622811009631,1.029962986554804,0.4538958038962577,-0.018179983358898404,7.355064035863055,20.0,0.0,2.0,32.66622522388561,2.0008160975582614,1.5508160975582614,0,0,0
2.911473751,1787250375.632434368,1787250375.632344723,-12.655029060907601,0.25763910011598234,1.9997843064187761,0.23668820675942345,0.0,0.0,0.0,0.0,-0.04073804022950997,-0.07773682305695408,0.11403049897468345,0.9895930697629483,1.013260619041375,0.4600258098102232,-0.017844419760679096,7.3662567569878785,20.0,0.0,2.0,32.65604539623793,2.000737440844354,1.550737440844354,0,0,0
2.921466351,1787250375.642426968,1787250375.642344475,-12.644978733664828,0.2622704177664248,1.9996074847262024,0.2414987694354248,0.0,0.0,0.0,0.0,-0.04132629066144246,-0.07618961272144867,0.11646739868862467,0.9894051878053938,0.9968522762154867,0.46625635060097365,-0.017516386513314504,7.377324252042184,20.0,0.0,2.0,32.64603226193855,2.0004700349423006,1.5504700349423006,0,0,0
2.931468964,1787250375.652429581,1787250375.652344942,-12.635091083003196,0.26696462320955466,1.9994340787267761,0.24642007641299482,0.0,0.0,0.0,0.0,-0.04196957880843844,-0.07466158812220788,0.11895597581467918,0.989198502592725,0.9807243044136796,0.4726051624359995,-0.017162051087231053,7.388270999047091,20.0,0.0,2.0,32.63618299412827,2.000015550752285,1.550015550752285,0,0,0
2.941465378,1787250375.662425995,1787250375.662344217,-12.6253633256419,0.27172293545520015,1.9992643027979695,0.25146859103586194,0.0,0.0,0.0,0.0,-0.04261938162684686,-0.07313907810354468,0.12150867480605616,0.9889741682727536,0.9648729666524212,0.4790780414401733,-0.016789232596838788,7.399101494076097,20.0,0.0,2.0,32.62649484736358,1.9996256380573572,1.5496256380573572,0,0,0
2.951466322,1787250375.672426939,1787250375.672344685,-12.615792705111128,0.27654658852910013,1.9990983544915244,0.2566420733426302,0.0,0.0,0.0,0.0,-0.043230188643556614,-0.07161304310874617,0.12412787716914411,0.9887340354999565,0.949297395833179,0.485671923526534,-0.016399333637729566,7.40982026010404,20.0,0.0,2.0,32.61696510424248,1.9992986187332131,1.5492986187332132,0,0,0
2.961469650,1787250375.682430267,1787250375.682344675,-12.606376450732117,0.28143673935391983,1.9989363534606845,0.26193875077112966,0.0,0.0,0.0,0.0,-0.04376206521267114,-0.07007259422532269,0.12681566456064267,0.988479893780798,0.9340000782098257,0.49237520460640327,-0.015998256299094526,7.420431841793577,20.0,0.0,2.0,32.60759103362988,1.9990328387643963,1.5490328387643963,0,0,0
2.971465588,1787250375.692426205,1787250375.692344189,-12.597111760326591,0.2863943982297166,1.9987784267983215,0.2673497025022587,0.0,0.0,0.0,0.0,-0.04418605754770849,-0.06851243230085184,0.1295692580845705,0.9882132595234825,0.9189857558171082,0.4991700131579792,-0.015586179558437588,7.43094078135329,20.0,0.0,2.0,32.598369872722174,1.9988267522785017,1.5488267522785018,0,0,0
2.981459856,1787250375.702420473,1787250375.702344656,-12.587995770726153,0.29142037031265783,1.9986246579036069,0.2728627567286603,0.0,0.0,0.0,0.0,-0.044483352053496114,-0.06692611759857198,0.13238354167453448,0.9879355870030059,0.9042610704603673,0.5060339200702744,-0.015166125021236529,7.44135160776846,20.0,0.0,2.0,32.58929879694659,1.9986788685237085,1.5486788685237085,0,0,0
2.991472960,1787250375.712433577,1787250375.712344408,-12.579025545443683,0.2965152248819112,1.9984751218703678,0.27845638827928615,0.0,0.0,0.0,0.0,-0.044649364426623685,-0.0653140356133905,0.1352473461927623,0.9876480478166332,0.8898342013470107,0.5129424187798157,-0.014739761998258522,7.451668818909332,20.0,0.0,2.0,32.580374907212345,1.9985877849172056,1.5485877849172056,0,0,0
3.001489639,1787250375.722450256,1787250375.722344875,-12.570198071555028,0.30167929178851305,1.998329883580425,0.28409130002091204,0.0,0.0,0.0,0.0,-0.04470839629332289,-0.0636855714089325,0.13813847096041226,0.9873515433400184,0.8757119029584611,0.51987305555859,-0.014307955180348888,7.461896867424645,20.0,0.0,2.0,32.57159522658829,1.9985521823619548,1.5485521823619548,0,0,0
3.011471033,1787250375.732431650,1787250375.732344866,-12.561510277859009,0.3069127064364972,1.998188963498118,0.28971712150586265,0.0,0.0,0.0,0.0,-0.0447017729417633,-0.06206004224164999,0.14102783891650045,0.9870468333890593,0.8618976300221397,0.5268104245239841,-0.013871434196738619,7.472040153216336,20.0,0.0,2.0,32.56295671870635,1.9985707878521908,1.5485707878521908,0,0,0
3.021478176,1787250375.742438793,1787250375.742353439,-12.552959116518455,0.31221550960863487,1.998052604887303,0.2953089733682264,0.0,0.0,0.0,0.0,-0.04468101409936544,-0.06045629285947291,0.14389879183426624,0.9867328824668713,0.8483843995354207,0.5337507202925619,-0.013393192961323566,7.482102989567254,20.0,0.0,2.0,32.55445637018855,1.9986426373242812,1.5486426373242812,0,0,0
3.031475067,1787250375.752435684,1787250375.752344847,-12.54454160544656,0.31758774022586106,1.9979212181151655,0.3008526163319138,0.0,0.0,0.0,0.0,-0.044696196442912964,-0.058894072431283064,0.14674033151988305,0.9864081373150924,0.8351661803226325,0.5406971580415884,-0.012878590627515436,7.492089611465276,20.0,0.0,2.0,32.546091233859684,1.9984959983015331,1.5484959983015332,0,0,0
3.041449308,1787250375.762409925,1787250375.762344122,-12.536254848234975,0.32302951269895325,1.9977951520315136,0.30633901480964587,0.0,0.0,0.0,0.0,-0.044789100551745925,-0.05738620221297654,0.14954527166764528,0.9860714842186581,0.8222313978066873,0.5476617593803645,-0.01232910711562531,7.502004203004522,20.0,0.0,2.0,32.537858449454276,1.9982575751353489,1.548257575135349,0,0,0
3.051447153,1787250375.772407770,1787250375.772344351,-12.528096075423434,0.32854109470431364,1.997674703584593,0.31175749914999173,0.0,0.0,0.0,0.0,-0.04498023296284203,-0.05594275429043415,0.15230707392454784,0.9857229540380761,0.8095676017322049,0.5546618442690586,-0.011763047692379578,7.511850908942068,20.0,0.0,2.0,32.52975528573633,1.9980767319661732,1.5480767319661732,0,0,0
3.061466932,1787250375.782427549,1787250375.782344580,-12.520062629910115,0.33412290391842725,1.9975598035349305,0.31710369060517096,0.0,0.0,0.0,0.0,-0.04518068600174819,-0.0545741548767796,0.15502728177940728,0.9853663831976333,0.7971634820978839,0.5617073813594508,-0.011220682037413625,7.521633855478754,20.0,0.0,2.0,32.521779126037345,1.997952404416648,1.547952404416648,0,0,0
3.071459293,1787250375.792419910,1787250375.792344809,-12.512151987316201,0.3397753540421573,1.9974502034773516,0.3223722697667636,0.0,0.0,0.0,0.0,-0.04525091514480276,-0.05329069495689211,0.15770862573879357,0.985007840515572,0.7850054251930392,0.5687852946677845,-0.010707994547416057,7.531357047898043,20.0,0.0,2.0,32.51392748714043,1.9978834233571001,1.5478834233571002,0,0,0
3.081480742,1787250375.802441359,1787250375.802354097,-12.504361727444284,0.3454985724698721,1.9973454540742919,0.3275572697274877,0.0,0.0,0.0,0.0,-0.04501486363064968,-0.052097313014068995,0.1603546769674613,0.9846552237223389,0.7730854869431418,0.5758508563710816,-0.010249579349131477,7.541024226932321,20.0,0.0,2.0,32.506197987749005,1.9978684828445392,1.5478684828445393,0,0,0
3.091450930,1787250375.812411547,1787250375.812349796,-12.496689506016889,0.3512920753220244,1.9972450729963387,0.3326473348083996,0.0,0.0,0.0,0.0,-0.04431486319885874,-0.0509950890512347,0.1629651308975676,0.9843160365979322,0.7613975695051698,0.5828266528713588,-0.00983630523971147,7.550638681326081,20.0,0.0,2.0,32.49858831645269,1.9978415652901078,1.5478415652901079,0,0,0
3.101476192,1787250375.822436810,1787250375.822344780,-12.489132996911904,0.35715445544530866,1.9971485402943328,0.3376280612716578,0.0,0.0,0.0,0.0,-0.04301501773975039,-0.049978307374757544,0.1655373702857207,0.9839965732052585,0.7499433817003173,0.5896067115694547,-0.009476973854339743,7.56020307619069,20.0,0.0,2.0,32.49109616998012,1.9976373845699025,1.5476373845699025,0,0,0
3.111472607,1787250375.832433224,1787250375.832347870,-12.481689841826611,0.36308313661419384,1.997055404941185,0.342482116664388,0.0,0.0,0.0,0.0,-0.04103922879165291,-0.04903772790494882,0.16806513726255637,0.983699747168324,0.7387291401058901,0.5960642617895754,-0.009163979830932159,7.569719298772156,20.0,0.0,2.0,32.48371919924434,1.9974801103481383,1.5474801103481384,0,0,0
3.121481657,1787250375.842442274,1787250375.842344761,-12.474357567249104,0.3690742100038151,1.9969650315653182,0.34723189993709536,0.0,0.0,0.0,0.0,-0.03835646143322488,-0.048156885776296614,0.17056066845742648,0.9834219616187174,0.7277685921993747,0.6020627932434082,-0.008914613838130133,7.579188373604834,20.0,0.0,2.0,32.47645492336059,1.9973685333628666,1.5473685333628666,0,0,0
3.131444693,1787250375.852405310,1787250375.852344990,-12.467133593950672,0.3751224226957186,1.9968771180090945,0.3519111274793413,0.0,0.0,0.0,0.0,-0.03500562247933573,-0.04731850844524401,0.17303942317441326,0.9831545774601357,0.7170714471318688,0.6074707020935015,-0.00866903760334235,7.588610390149944,20.0,0.0,2.0,32.46930073764818,1.9973018069042825,1.5473018069042825,0,0,0
3.141449213,1787250375.862409830,1787250375.862345457,-12.460015198789199,0.3812212484632615,1.9967916300547401,0.3565085398984933,0.0,0.0,0.0,0.0,-0.031063315716253995,-0.0465009045729817,0.17549384348976768,0.9828909640381255,0.7066560311501832,0.6121665732837365,-0.008427435028515562,7.597984531903091,20.0,0.0,2.0,32.462253874916684,1.9972793606822923,1.5472793606822923,0,0,0
3.151451826,1787250375.872412443,1787250375.872345209,-12.452999473644137,0.38736303929427923,1.9967086215040561,0.36098528276884695,0.0,0.0,0.0,0.0,-0.02665019024317234,-0.04568469363763036,0.17790116478526877,0.9826259978726816,0.6965406263799422,0.6160489684958669,-0.008172057330783772,7.6073091704667295,20.0,0.0,2.0,32.45531136491731,1.9973007012076371,1.5473007012076372,0,0,0
3.161470890,1787250375.882431507,1787250375.882345200,-12.446083323726818,0.39353926413042756,1.9966282488767544,0.3653066792342734,0.0,0.0,0.0,0.0,-0.021898182709129712,-0.04485280049347377,0.18024016233711979,0.9823554243564897,0.6867438815909273,0.619043056782338,-0.007897746096389815,7.616581998657995,20.0,0.0,2.0,32.448470034368974,1.9971714168529457,1.5471714168529458,0,0,0
3.171464205,1787250375.892424822,1787250375.892346382,-12.43926347896407,0.3997407756051226,1.9965507741250748,0.3694409960137416,0.0,0.0,0.0,0.0,-0.01695472530104394,-0.043995408853346525,0.18249007395425948,0.9820765317417792,0.6772823350684121,0.6211007442501014,-0.007594048337192755,7.625800188800094,20.0,0.0,2.0,32.44172652067847,1.9969376574997473,1.5469376574997473,0,0,0
3.181473017,1787250375.902433634,1787250375.902344942,-12.432536510471257,0.40595808949977574,1.9964764294089565,0.3733484577926525,0.0,0.0,0.0,0.0,-0.011948297594968281,-0.04310507477435413,0.18462673737548504,0.981790282371629,0.6681705269329021,0.622202250000405,-0.0072700983547714084,7.634960572214819,20.0,0.0,2.0,32.43507729124491,1.9967511178884072,1.5467511178884072,0,0,0
3.191474915,1787250375.912435532,1787250375.912345171,-12.4258988688968,0.41218164185557105,1.9964054548466306,0.37699275798700055,0.0,0.0,0.0,0.0,-0.007001597184586619,-0.04218069547604982,0.1866276341264948,0.981499818006284,0.6594190301806275,0.6223510505199361,-0.006929158082944221,7.64405979893937,20.0,0.0,2.0,32.42851868467878,1.9966111553686752,1.5466111553686752,0,0,0
3.201472521,1787250375.922433138,1787250375.922342062,-12.419346900587122,0.4184020349254886,1.9963377726128944,0.3804072738749332,0.0,0.0,0.0,0.0,-0.0022731527508293675,-0.0412148179437384,0.18850323377843634,0.9812047199303049,0.6510357661002992,0.6215782277963658,-0.0066051313322953555,7.653094518611837,20.0,0.0,2.0,32.42204693006515,1.9965167468338127,1.5465167468338128,0,0,0
3.211447001,1787250375.932407618,1787250375.932344675,-12.412876938897774,0.4246103387823811,1.9962734725095004,0.38365717765566365,0.0,0.0,0.0,0.0,0.0020748716610090507,-0.0401998045113971,0.19027936805728343,0.9809043952988267,0.6430168592589661,0.6199460816673772,-0.006246705024119659,7.662061545741518,20.0,0.0,2.0,32.41565824232078,1.9964669813576328,1.5464669813576328,0,0,0
3.221464872,1787250375.942425489,1787250375.942344904,-12.406485364079298,0.43079839223557775,1.9962129995462905,0.3867579054804556,0.0,0.0,0.0,0.0,0.005910997920517212,-0.03911764561872837,0.19195886971311657,0.9806052530163675,0.6353577999366237,0.6175453913190472,-0.005840291859325118,7.670958055797662,20.0,0.0,2.0,32.409348886523645,1.9964612590880384,1.5464612590880384,0,0,0
3.231443644,1787250375.952404261,1787250375.952344656,-12.400168595748731,0.43695906024689957,1.9961568054563676,0.3896956823948923,0.0,0.0,0.0,0.0,0.009146767215290988,-0.037954374414981264,0.193531882498297,0.9803168939526351,0.628054846161617,0.6144892518851213,-0.005393030066337292,7.67978180501574,20.0,0.0,2.0,32.40311517467755,1.996498958093494,1.546498958093494,0,0,0
3.241447926,1787250375.962408543,1787250375.962345362,-12.39392309559061,0.4430864129897799,1.9961052370538457,0.39246940042237954,0.0,0.0,0.0,0.0,0.011743480066145654,-0.036697075640508545,0.19499684183325297,0.9800467575531425,0.6211034004992841,0.6109039086916838,-0.004915721429567005,7.688531284037996,20.0,0.0,2.0,32.39695347191759,1.9965793414780613,1.5465793414780613,0,0,0
3.251492500,1787250375.972453117,1787250375.972345114,-12.387745369920292,0.4491758051624057,1.996058579554284,0.3950852783419729,0.0,0.0,0.0,0.0,0.01371742300051001,-0.03534412605075302,0.19635798053865972,0.9797990449774449,0.6144993617370671,0.6069183259355317,-0.004413597480752548,7.697205796612891,20.0,0.0,2.0,32.39086020138292,1.99670162033386,1.54670162033386,0,0,0
3.261470795,1787250375.982431412,1787250375.982345104,-12.381631964190484,0.45522383609448697,1.9960170174271556,0.3975687770163122,0.0,0.0,0.0,0.0,0.015192735518399454,-0.03391705706506425,0.19763281074445144,0.979571378790112,0.6082385319229934,0.6026484289240707,-0.0038945525665821396,7.705805455628402,20.0,0.0,2.0,32.38483183944887,1.996603258280885,1.546603258280885,0,0,0
3.271453142,1787250375.992413759,1787250375.992345333,-12.375579473706399,0.4612281036850886,1.9959807934353677,0.3999491706135188,0.0,0.0,0.0,0.0,0.016350406324329943,-0.03245546734286188,0.19884247401763952,0.9793574308591987,0.602315325055759,0.5981763077831225,-0.0033446040126257066,7.714331016169333,20.0,0.0,2.0,32.378864924143485,1.9965061477529662,1.5465061477529662,0,0,0
3.281467199,1787250376.002427816,1787250376.002329350,-12.36958455318629,0.4671868370334646,1.995950237909441,0.4022193554386517,0.0,0.0,0.0,0.0,0.017402543681364315,-0.031006707048922288,0.19999088965364795,0.9791523781551792,0.5967234654304204,0.5935450611127874,-0.002760916205504168,7.722783619839188,20.0,0.0,2.0,32.372956060377724,1.996450978345676,1.5464509783456761,0,0,0
3.291502953,1787250376.012463570,1787250376.012344837,-12.363643923156712,0.4730984776441617,1.9959256839015742,0.4043520304727227,0.0,0.0,0.0,0.0,0.01854925892606687,-0.029619016734415148,0.20107112362713186,0.9789530336457939,0.591455891705224,0.588754465509324,-0.0021446294695884795,7.731164501818888,20.0,0.0,2.0,32.36710192084672,1.9964372405592625,1.5464372405592626,0,0,0
3.301452875,1787250376.022413492,1787250376.022344828,-12.357754382747597,0.47896127282316103,1.9959074485253103,0.4063199248125732,0.0,0.0,0.0,0.0,0.01996677788553981,-0.028330756998773802,0.20207506368358372,0.9787565400169858,0.5865041383422652,0.5837666714730845,-0.0014974577708143622,7.739474699534372,20.0,0.0,2.0,32.361299253028506,1.9964644352126264,1.5464644352126264,0,0,0
3.311488390,1787250376.032449007,1787250376.032344580,-12.351912815432735,0.48477292450212217,1.995895827409655,0.4080993326894561,0.0,0.0,0.0,0.0,0.021775423250403513,-0.027169006620983274,0.2029945015187992,0.9785606309139098,0.5818598254212379,0.5785124032888622,-0.0008225781002008691,7.747714805054446,20.0,0.0,2.0,32.35554487950905,1.9965320660853776,1.5465320660853776,0,0,0
3.321485996,1787250376.042446613,1787250376.042344332,-12.346116190812523,0.4905303456726727,1.9958910688009155,0.4096790609346268,0.0,0.0,0.0,0.0,0.02402859959117692,-0.026145674423845716,0.20382556783205252,0.9783630042108863,0.5775141708615886,0.5729053844511368,-0.00012623166982818544,7.75588479759833,20.0,0.0,2.0,32.3498356956088,1.9964472087842375,1.5464472087842376,0,0,0
3.331475258,1787250376.052435875,1787250376.052344322,-12.340361565064754,0.496229553962798,1.9958933395545213,0.411055386121687,0.0,0.0,0.0,0.0,0.02670785468638938,-0.025260481033294608,0.2045663569826234,0.9781621563865959,0.5734585880699709,0.5668553611896998,0.0005800248152900494,7.763983976432474,20.0,0.0,2.0,32.34416866753579,1.9963058226262504,1.5463058226262505,0,0,0
3.341476679,1787250376.062437296,1787250376.062344074,-12.334646082533224,0.5018657064841857,1.9959026507930024,0.4122082503645847,0.0,0.0,0.0,0.0,0.02974372635052301,-0.024498026826238327,0.20520581320322193,0.9779599846885406,0.5696839743934796,0.5602819251019889,0.0012815594172831595,7.772010995961025,20.0,0.0,2.0,32.33854083378372,1.9962049468328615,1.5462049468328616,0,0,0
3.351453066,1787250376.072413683,1787250376.072344303,-12.328966979680557,0.5074332338907289,1.9959189528291787,0.41311332047513394,0.0,0.0,0.0,0.0,0.0330241592463699,-0.023834447487832595,0.20572964722920742,0.9777610322926386,0.5661811202473154,0.5531218915619787,0.001976891265633704,7.779963972535249,20.0,0.0,2.0,32.332949310495614,1.9961436066991898,1.5461436066991898,0,0,0
3.361489534,1787250376.082450151,1787250376.082344770,-12.323321584798004,0.5129260610229416,1.9959421467589606,0.41375077614598155,0.0,0.0,0.0,0.0,0.03642008058268586,-0.023238456233983566,0.20612502859892107,0.9775714932767352,0.5629409103669639,0.5453376962256062,0.002660031497102093,7.787840657830645,20.0,0.0,2.0,32.32739129414122,1.9961207517894322,1.5461207517894322,0,0,0
3.371452332,1787250376.092412949,1787250376.092344522,-12.317707314173735,0.5183378665912014,1.9959721079634711,0.41410909488828845,0.0,0.0,0.0,0.0,0.039795861096413844,-0.022678788523616215,0.2063825862857234,0.9773986853217637,0.559954891765439,0.5369181805655345,0.003328484444116248,7.795638642943798,20.0,0.0,2.0,32.32186406153665,1.99613527533559,1.5461352753355901,0,0,0
3.381477356,1787250376.102437973,1787250376.102344751,-12.312121666813681,0.5236623578076548,1.9960086465794582,0.41417550674495635,0.0,0.0,0.0,0.0,0.043032372793545805,-0.022123301962863495,0.2064922742958869,0.9772511013338022,0.5572149782447294,0.5278792628283038,0.003976506007230491,7.803355572269341,20.0,0.0,2.0,32.3163649689574,1.996185975554679,1.546185975554679,0,0,0
3.391452074,1787250376.112412691,1787250376.112344027,-12.30656221770312,0.5288935091591898,1.996051575525708,0.41394471022703483,0.0,0.0,0.0,0.0,0.046031277686302996,-0.02154630762284638,0.20644797038758034,0.9771366913719067,0.5547141703063618,0.5182584121890746,0.004603358759573701,7.810989330306508,20.0,0.0,2.0,32.3108914494851,1.9962716288159017,1.5462716288159017,0,0,0
3.401455402,1787250376.122416019,1787250376.122344494,-12.301026607732933,0.5340257781792567,1.9961005645858523,0.41344789835675455,0.0,0.0,0.0,0.0,0.04871698896543775,-0.02093060075923834,0.2062619824085632,0.9770591382055072,0.5524460448098338,0.5081134470266476,0.005187043700457325,7.818538208565189,20.0,0.0,2.0,32.305441006908225,1.9963908525218776,1.5463908525218777,0,0,0
3.411468744,1787250376.132429361,1787250376.132344723,-12.29551254450153,0.5390542565622688,1.9961551820671302,0.41273483656627596,0.0,0.0,0.0,0.0,0.051041569618895236,-0.020268645902412643,0.20595670686982884,0.9770188202176341,0.5504035444945349,0.4975120972669221,0.005731876442812587,7.826001014420736,20.0,0.0,2.0,32.30001121959865,1.9965421577347522,1.5465421577347522,0,0,0
3.421467304,1787250376.142427921,1787250376.142344713,-12.290017810645889,0.5439747397298367,1.9962151456305754,0.411822266122497,0.0,0.0,0.0,0.0,0.05299090189388437,-0.019556112339817966,0.20553954075248676,0.9770174102716297,0.5485789658785268,0.48652671906051315,0.00625863020998473,7.833377114364175,20.0,0.0,2.0,32.29459975064586,1.996724211131945,1.546724211131945,0,0,0
3.431463718,1787250376.152424335,1787250376.152344704,-12.284540261651099,0.548783757043099,1.9962803096973607,0.4107102945279335,0.0,0.0,0.0,0.0,0.054580257211774535,-0.018795587166913322,0.20501095431791977,0.9770558991354606,0.5469654294352884,0.47523105317855185,0.006771371768501138,7.840666451567596,20.0,0.0,2.0,32.28920434687515,1.99693583315459,1.54693583315459,0,0,0
3.441433907,1787250376.162394524,1787250376.162344217,-12.279077821167855,0.553478557247135,1.996350518674321,0.4093999233542252,0.0,0.0,0.0,0.0,0.055850305842465996,-0.01799272920278264,0.20437281715347075,0.9771329268026395,0.5455562044952371,0.46369394999688157,0.00726793954221367,7.847869529679713,20.0,0.0,2.0,32.28382283461884,1.9970016240617454,1.5470016240617455,0,0,0
3.451447248,1787250376.172407866,1787250376.172344685,-12.273628476596222,0.558057027891348,1.996425610486532,0.4078957669220759,0.0,0.0,0.0,0.0,0.056857644301461105,-0.017158462512104254,0.2036294967779221,0.9772450171224613,0.544345253992595,0.45197413102131423,0.007745959350402947,7.854987351571314,20.0,0.0,2.0,32.278453114546885,1.9970396950895006,1.5470396950895007,0,0,0
3.461498976,1787250376.182459593,1787250376.182344437,-12.26819027678104,0.5625175898960671,1.9965053568278586,0.4061902336970999,0.0,0.0,0.0,0.0,0.057657779027827115,-0.016309817328137577,0.2027796480277291,0.9773893721143336,0.5433260453025586,0.44011888065635535,0.008200241724853103,7.862021339779063,20.0,0.0,2.0,32.2730931580786,1.9971098192142434,1.5471098192142434,0,0,0
3.471460104,1787250376.192420721,1787250376.192344189,-12.262761343368302,0.5668590713148962,1.9965895518724095,0.40427457360494723,0.0,0.0,0.0,0.0,0.0583025489080986,-0.015467785796037168,0.2018214375108508,0.9775631272477704,0.5424904622008135,0.42816318425657257,0.008634073075601755,7.868973236478202,20.0,0.0,2.0,32.2677410169511,1.9972109612350109,1.547210961235011,0,0,0
3.481483221,1787250376.202443838,1787250376.202344418,-12.25733988906031,0.5710806059170159,1.99667794619048,0.40214114244020854,0.0,0.0,0.0,0.0,0.05883528787748149,-0.01465160613509819,0.20075326371169716,0.9777637068572027,0.5418283643565658,0.41613285609218825,0.00904081371975147,7.875845014615337,20.0,0.0,2.0,32.262394840012384,1.9973420662604724,1.5473420662604724,0,0,0
3.491450310,1787250376.212410927,1787250376.212344408,-12.251924237714451,0.5751815356434175,1.9967702821927256,0.3997893729907268,0.0,0.0,0.0,0.0,0.05929046090174587,-0.013877909877089938,0.1995766231685424,0.9779883518468631,0.5413277189138498,0.404044593515882,0.009420716538165117,7.882638793391401,20.0,0.0,2.0,32.25705289181414,1.997502098547299,1.5475020985472991,0,0,0
3.501508713,1787250376.222469330,1787250376.222344637,-12.246512841521508,0.5791613418367225,1.9968662542372428,0.39721711062500753,0.0,0.0,0.0,0.0,0.05969072840018657,-0.013156410166690198,0.1982916007535649,0.9782353330795048,0.5409750128870391,0.39190939761653765,0.009769064266328948,7.88935677498758,20.0,0.0,2.0,32.251713568718365,1.997517583661865,1.547517583661865,0,0,0
3.511492252,1787250376.232452869,1787250376.232344151,-12.241104291106444,0.5830195970327732,1.9969655016498844,0.3944243172024064,0.0,0.0,0.0,0.0,0.060048820829966924,-0.012492001293169092,0.1968988274821177,0.9785034188784367,0.5407562009722254,0.37973757799183644,0.010057425322643844,7.896001201283285,20.0,0.0,2.0,32.2463754082332,1.9974615439378434,1.5474615439378434,0,0,0
3.521505356,1787250376.242465973,1787250376.242344618,-12.235697320785393,0.5867560136027299,1.9970670085574844,0.3913613836510222,0.0,0.0,0.0,0.0,0.06036058030802985,-0.011889482769685017,0.19537420383015486,0.9787973033381735,0.5406563433312201,0.3675409715522332,0.010235115905062627,7.902574361899706,20.0,0.0,2.0,32.24103709528011,1.9974306968183702,1.5474306968183702,0,0,0
3.531491280,1787250376.252451897,1787250376.252344370,-12.230290822864823,0.5903703218048669,1.9971701322778639,0.3879673468897777,0.0,0.0,0.0,0.0,0.060612888926545976,-0.01135212228776147,0.19368775491056436,0.9791232101289639,0.5406588636117678,0.3553166628595869,0.01038630883307979,7.909078520419212,20.0,0.0,2.0,32.23569747425149,1.9974236891204407,1.5474236891204407,0,0,0
3.541488171,1787250376.262448788,1787250376.262344360,-12.22488386118675,0.593862287037439,1.9972746629221612,0.3842231822694547,0.0,0.0,0.0,0.0,0.06078457175977184,-0.010881235797132151,0.19182979648603996,0.9794836209573047,0.5407460475901655,0.34307455265967635,0.01051621144642939,7.9155159098302414,20.0,0.0,2.0,32.23035556289136,1.9974396338213674,1.5474396338213674,0,0,0
3.551474571,1787250376.272435188,1787250376.272344351,-12.219475681546152,0.5972318063602577,1.9973803600778095,0.3801443526095436,0.0,0.0,0.0,0.0,0.060855480587066885,-0.010475282633823602,0.189807458340988,0.9798775472957796,0.540899355167931,0.33083054732025424,0.010617552079761535,7.921888761576559,20.0,0.0,2.0,32.22501056457213,1.9974776450950034,1.5474776450950034,0,0,0
3.561489344,1787250376.282449961,1787250376.282344341,-12.21406571471968,0.6004789537025587,1.9974869197500833,0.37574516238091216,0.0,0.0,0.0,0.0,0.06080676706462927,-0.010128081258734494,0.18762710006076097,0.9803040499620277,0.5411005054756823,0.3186035130881756,0.01068975513014645,7.928199313207747,20.0,0.0,2.0,32.21966187224332,1.9975368041307442,1.5475368041307442,0,0,0
3.571464300,1787250376.292424917,1787250376.292344570,-12.208653569270512,0.6036040096745736,1.997594042137328,0.3710482853434009,0.0,0.0,0.0,0.0,0.0606278674354464,-0.009830124830185836,0.18529918909051787,0.9807608479432942,0.5413323880447115,0.3064163000344888,0.010729021399561629,7.934449814659393,20.0,0.0,2.0,32.214309061881345,1.997616225961031,1.547616225961031,0,0,0
3.581489563,1787250376.302450180,1787250376.302344084,-12.203239014347773,0.6066074927156921,1.9977013889140687,0.3660847863176803,0.0,0.0,0.0,0.0,0.06031379131674793,-0.009568917851187707,0.18283827616349324,0.9812445399377869,0.5415801468310811,0.2942931824350544,0.010733791378076056,7.940642539319841,20.0,0.0,2.0,32.20895187597762,1.9977150160109571,1.5477150160109572,0,0,0
3.591479301,1787250376.312439919,1787250376.312344551,-12.197821953692973,0.60949017686786,1.9978085486834474,0.36089426712432754,0.0,0.0,0.0,0.0,0.059869329843707436,-0.009331222105306344,0.18026327344885396,0.9817503470249402,0.541831810018469,0.28226108789396803,0.010687527210624624,7.946779794184608,20.0,0.0,2.0,32.203590197986784,1.9978322351146385,1.5478322351146385,0,0,0
3.601496220,1787250376.322456837,1787250376.322344542,-12.1924023949606,0.6122530924283842,1.9979150196536337,0.35547600741486457,0.0,0.0,0.0,0.0,0.05929602983154062,-0.00910589431723655,0.1775733026559994,0.9822773466382808,0.542078485545156,0.2703424752036612,0.010604971247189628,7.952863925619391,20.0,0.0,2.0,32.19822402175928,1.9979668820218472,1.5479668820218473,0,0,0
3.611500740,1787250376.332461357,1787250376.332344294,-12.186980423431905,0.6148974749319932,1.998020622219041,0.34981905374595096,0.0,0.0,0.0,0.0,0.058599626628142935,-0.00888471267211486,0.17476266732720064,0.9828250890918783,0.5423133906674051,0.258558606678695,0.010512433242148185,7.958897306594035,20.0,0.0,2.0,32.19285342433943,1.998118305654487,1.548118305654487,0,0,0
3.621490955,1787250376.342451572,1787250376.342344284,-12.18155618346854,0.6174247977179386,1.9981251785662044,0.34394086924313455,0.0,0.0,0.0,0.0,0.057785196766373816,-0.008662866376289097,0.1718398325469621,0.983390511308224,0.5425314331769703,0.2469346795195071,0.01039304684535578,7.964882343910063,20.0,0.0,2.0,32.18747854811767,1.9982858848468095,1.5482858848468095,0,0,0
3.631481409,1787250376.352442026,1787250376.352344751,-12.176129863821147,0.6198367813497854,1.9982283469447968,0.3378828670623081,0.0,0.0,0.0,0.0,0.0568641951420481,-0.00843823783442546,0.16882534229376386,0.9839681210549914,0.5427288198043299,0.23549406668978962,0.010236183381628643,7.9708214729430376,20.0,0.0,2.0,32.18209958638111,1.9984688628489087,1.5484688628489087,0,0,0
3.641469955,1787250376.362430573,1787250376.362344027,-12.170701684246373,0.6221353472094907,1.9983298444570923,0.3316816694051066,0.0,0.0,0.0,0.0,0.05584783222873524,-0.008210082678159057,0.16573747197794492,0.9845530481188551,0.5429030671377371,0.2242541591107311,0.010059461532556215,7.976717135777054,20.0,0.0,2.0,32.17671676906206,1.9986665697956891,1.5486665697956892,0,0,0
3.651479244,1787250376.372439861,1787250376.372344732,-12.165271885636036,0.6243226008962405,1.9984293865719884,0.3253726066613452,0.0,0.0,0.0,0.0,0.054752067335483566,-0.007979176415879061,0.16259403204441383,0.985140459330422,0.5430523841195776,0.21323559863741112,0.009832451007969954,7.982571766446162,20.0,0.0,2.0,32.17133035256242,1.9988783619220378,1.5488783619220379,0,0,0
3.661487579,1787250376.382448196,1787250376.382344246,-12.15984072425168,0.6264008476790642,1.9985262936242767,0.3189296491934622,0.0,0.0,0.0,0.0,0.053583785989280194,-0.007749607298877678,0.15938253948885295,0.9857311639447403,0.5431753495874752,0.20245327091924328,0.009548717869113836,7.9883877800852465,20.0,0.0,2.0,32.165940614305384,1.9991032281186305,1.5491032281186305,0,0,0
3.671466589,1787250376.392427206,1787250376.392344475,-12.154408473877817,0.6283724716369217,1.9986204198402255,0.31230812214738324,0.0,0.0,0.0,0.0,0.05234920706505562,-0.007526930444819405,0.15608130285703625,0.9863272949362138,0.5432697214342406,0.1919129323799113,0.009278131172678958,7.994167529638649,20.0,0.0,2.0,32.160547852475055,1.9993407166435726,1.5493407166435726,0,0,0
3.681479931,1787250376.402440548,1787250376.402344227,-12.148975435782392,0.6302399562504076,1.9987118744061112,0.3054988556383491,0.0,0.0,0.0,0.0,0.05104898696039592,-0.007316917471958805,0.15268604446999814,0.9869282828418343,0.5433322663269181,0.18162761325463142,0.009013029904524851,7.999913290307662,20.0,0.0,2.0,32.155152396346395,1.9995415808986405,1.5495415808986406,0,0,0
3.691466808,1787250376.412427425,1787250376.412344217,-12.143541948242078,0.6320059196595331,1.998800651885973,0.2985247217225073,0.0,0.0,0.0,0.0,0.04968754096523051,-0.007124194289373796,0.1492083098860362,0.9875308979416838,0.5433589129450753,0.17161069758228004,0.008741524544183176,8.005627246472532,20.0,0.0,2.0,32.14975461647131,1.9995319917555332,1.5495319917555332,0,0,0
3.701518297,1787250376.422478914,1787250376.422344208,-12.138108391161161,0.6336730997720822,1.9988866946673753,0.2914157973672913,0.0,0.0,0.0,0.0,0.04826692589778464,-0.006951212269298762,0.14566307869473474,0.9881316977091346,0.5433454621946054,0.16187288932308752,0.008464951136195555,8.011311473371547,20.0,0.0,2.0,32.144354928958315,1.999534329857824,1.5495343298578241,0,0,0
3.711520433,1787250376.432481050,1787250376.432344198,-12.132675186508513,0.6352443554151438,1.9989698092884798,0.28420924505765344,0.0,0.0,0.0,0.0,0.04678678698177286,-0.006800795870449805,0.1420688342862787,0.9887270564033275,0.5432877259529768,0.15242925028694432,0.008137867129110719,8.016967926777495,20.0,0.0,2.0,32.138953795885136,1.9995482121758916,1.5495482121758917,0,0,0
3.721508265,1787250376.442468882,1787250376.442344427,-12.127242809744496,0.6367227358819717,1.9990491431424504,0.27688356410151355,0.0,0.0,0.0,0.0,0.045137193156078566,-0.006708203968775511,0.1384149561681641,0.9893224619417419,0.5431775218979283,0.14330164251604954,0.007723362143483002,8.022598434744927,20.0,0.0,2.0,32.133551738063396,1.999572619205286,1.549572619205286,0,0,0
3.731457472,1787250376.452418089,1787250376.452344418,-12.121811879410227,0.6381115710196097,1.9991242198752388,0.26940087723411316,0.0,0.0,0.0,0.0,0.04316570327315973,-0.006718845908407167,0.1346825299191997,0.9899253483496402,0.5429939979072275,0.13453035909690772,0.00728389938478672,8.028204637011259,20.0,0.0,2.0,32.128149426325194,1.9996069313512643,1.5496069313512644,0,0,0
3.741472721,1787250376.462433338,1787250376.462344408,-12.116383283253844,0.6394147891238221,1.999194635173275,0.2617581015763734,0.0,0.0,0.0,0.0,0.040687037942906804,-0.0068838818560706325,0.13086946925260634,0.9905404379082993,0.5427039021079406,0.12619403166720633,0.006791463015629497,8.033787914898884,20.0,0.0,2.0,32.12274781394066,1.9996506297605188,1.5496506297605188,0,0,0
3.751440048,1787250376.472400665,1787250376.472345114,-12.110958310193531,0.640637271708075,1.9992598257821022,0.25398911526945084,0.0,0.0,0.0,0.0,0.03755241834231167,-0.007242391508424375,0.12699145183196014,0.9911662498307202,0.542261073972125,0.11840535479009366,0.006217842045443734,8.039349303771225,20.0,0.0,2.0,32.11734827567099,1.999703070082576,1.549703070082576,0,0,0
3.761485577,1787250376.482446194,1787250376.482344389,-12.10553874538744,0.6417851942865935,1.999318310495958,0.24619290347711573,0.0,0.0,0.0,0.0,0.03364086945992446,-0.0078207356036842,0.12309547450646367,0.9917936439363917,0.5416129296467458,0.11130604195249964,0.005450744725794499,8.044889414726383,20.0,0.0,2.0,32.11195270972913,1.9997627267057894,1.5497627267057894,0,0,0
3.771442175,1787250376.492402792,1787250376.492344618,-12.100126924351663,0.6428661818642256,1.9993682869518765,0.23850848811118203,0.0,0.0,0.0,0.0,0.028918659974193836,-0.008623204097038898,0.11924769801663089,0.9924058333031563,0.540703380509963,0.10504464665659943,0.004494651427594454,8.05040836740895,20.0,0.0,2.0,32.10656359510205,1.9998277877119366,1.5498277877119366,0,0,0
3.781480789,1787250376.502441406,1787250376.502345085,-12.094725719910828,0.6438893881649496,1.9994072559748792,0.23111156040223424,0.0,0.0,0.0,0.0,0.02340874083157164,-0.009637892964217647,0.1155318315895808,0.9929811366594269,0.5394811637417558,0.09977243871359134,0.003271543210585857,8.055905773991176,20.0,0.0,2.0,32.101183980218586,1.9952082105547613,1.5452082105547613,0,0,0
3.791469574,1787250376.512430191,1787250376.512344360,-12.089338504982752,0.6448653453367136,1.9994335993671566,0.2241777269648225,0.0,0.0,0.0,0.0,0.017228473278225236,-0.010831130933370393,0.11203179418854065,0.9934962221378106,0.5378979986648311,0.09561315295821668,0.0020254967551548222,8.061380741667493,20.0,0.0,2.0,32.09581744280389,1.9898440611125385,1.5398440611125386,0,0,0
3.801439285,1787250376.522399902,1787250376.522344351,-12.083969084349903,0.6458056885411099,1.999448598233775,0.21776264242989166,0.0,0.0,0.0,0.0,0.010604754034274516,-0.012123450054419607,0.1087733126064445,0.9939360782340438,0.5359185420125163,0.09266418557744965,0.0010147558745459907,8.066831901933027,20.0,0.0,2.0,32.09046801617134,1.984497487267368,1.534497487267368,0,0,0
3.811483622,1787250376.532444239,1787250376.532344341,-12.07862148652854,0.6467228862625136,1.9994546282939543,0.21184744400370784,0.0,0.0,0.0,0.0,0.0038269794098026648,-0.01341336863982548,0.10574810160272884,0.9942951145297597,0.5335343011850097,0.09099038837498206,0.00022190697407572203,8.072257589952146,20.0,0.0,2.0,32.08513997577409,1.9791727566554764,1.5291727566554765,0,0,0
3.821482182,1787250376.542442799,1787250376.542344570,-12.073299687861386,0.6476297808473763,1.9994535960571755,0.20639432185307766,0.0,0.0,0.0,0.0,-0.002799878191975182,-0.01458731309088587,0.10294206604965048,0.9945764435257494,0.530764104222674,0.09060009052099255,-0.0004014949706093739,8.077656108258802,20.0,0.0,2.0,32.07983755412373,1.9738741208383774,1.5238741208383775,0,0,0
3.831449032,1787250376.552409649,1787250376.552344799,-12.068007341851699,0.6485390103586627,1.9994470677019351,0.2013614958455074,0.0,0.0,0.0,0.0,-0.0089877610720432,-0.015542583918239044,0.10034233805340734,0.9947909646905887,0.5276536044102687,0.09144460153604414,-0.000890255728875424,8.083025993472647,20.0,0.0,2.0,32.074564658475815,1.968605530587094,1.518605530587094,0,0,0
3.841438770,1787250376.562399387,1787250376.562344790,-12.062747520892776,0.649462454702505,1.9994360137398621,0.1967735350636501,0.0,0.0,0.0,0.0,-0.014494336193591827,-0.016192390957911213,0.09797073327035599,0.9949519868394867,0.5242720329629009,0.09342240276323621,-0.001307535929353366,8.088366273256158,20.0,0.0,2.0,32.06932460134863,1.9633703632938206,1.5133703632938207,0,0,0
3.851452589,1787250376.572413206,1787250376.572344542,-12.057522523282723,0.6504107675703134,1.999421138889986,0.19268053591112022,0.0,0.0,0.0,0.0,-0.0191522442006294,-0.016482874063875653,0.09586115396096508,0.9950739397481707,0.5207044937881491,0.09639166065964834,-0.0016709016144763448,8.093676651640179,20.0,0.0,2.0,32.06411989798614,1.958150239782175,1.508150239782175,0,0,0
3.861468315,1787250376.582428932,1787250376.582344294,-12.052333738988283,0.6513930234007339,1.9994024910014159,0.18902840728100595,0.0,0.0,0.0,0.0,-0.022861422136570553,-0.016421938794273606,0.09399257999827068,0.9951748942821053,0.5170439959985095,0.10018138103045712,-0.002057032281497159,8.098957622830628,20.0,0.0,2.0,32.05895212485022,1.9529384355150379,1.502938435515038,0,0,0
3.871449471,1787250376.592410088,1787250376.592344522,-12.04718168057204,0.6524165275582655,1.99938013260709,0.1857136307790708,0.0,0.0,0.0,0.0,-0.025592260935738687,-0.01606544053717753,0.09231505949494978,0.9952712532726882,0.5133719002078238,0.10461075271896092,-0.0024047348494725903,8.104210409384702,20.0,0.0,2.0,32.053821946489606,1.947762711811809,1.497762711811809,0,0,0
3.881466627,1787250376.602427244,1787250376.602344751,-12.04206611268733,0.653486761860562,1.9993546422475912,0.18265938193560843,0.0,0.0,0.0,0.0,-0.02737751733238444,-0.0154976665468032,0.0907880237440889,0.9953732107209646,0.5097556366065065,0.10949743988996417,-0.002679126952147146,8.109436793029568,20.0,0.0,2.0,32.04872924367267,1.9426227634488502,1.4926227634488503,0,0,0
3.891449451,1787250376.612410069,1787250376.612344980,-12.036986218587991,0.6546074221581974,1.9993268565918247,0.17981566629245202,0.0,0.0,0.0,0.0,-0.028312449668018692,-0.01481539979571624,0.0893815267939235,0.9954847320731123,0.5062434015033501,0.11466865521675393,-0.0028611005188584346,8.114638905639447,20.0,0.0,2.0,32.043673280388184,1.9375177602694826,1.4875177602694827,0,0,0
3.901458025,1787250376.622418642,1787250376.622344494,-12.031940805034603,0.6557805739387732,1.9992977485106802,0.17718850570021114,0.0,0.0,0.0,0.0,-0.02853896623377317,-0.014111209093750498,0.08809253223278485,0.995603388377639,0.5028624012305103,0.11997246619190045,-0.002945520130062647,8.119818995436484,20.0,0.0,2.0,32.03865291162463,1.9324465451722332,1.4824465451722333,0,0,0
3.911504507,1787250376.632465124,1787250376.632344246,-12.026928505253782,0.6570068946416558,1.9992681941060582,0.17481422927933166,0.0,0.0,0.0,0.0,-0.028230839895995005,-0.013464747399006808,0.08693342561423889,0.9957230035342265,0.4996205472964364,0.12528415483390157,-0.0029600972668928243,8.124979216848592,20.0,0.0,2.0,32.03366679098388,1.9274078281082923,1.4774078281082923,0,0,0
3.921502590,1787250376.642463207,1787250376.642344236,-12.021947957978487,0.658285972607599,1.9992386318259852,0.17274931044778025,0.0,0.0,0.0,0.0,-0.02756153307363872,-0.012930942591450683,0.08592810804897721,0.9958360873484404,0.4965090445232795,0.13051174601477347,-0.002945530133580457,8.130121469811332,20.0,0.0,2.0,32.02871355557222,1.9224003551851907,1.4724003551851907,0,0,0
3.931491137,1787250376.652451754,1787250376.652344465,-12.016997963023176,0.659616656300286,1.999209441195163,0.17105201090919567,0.0,0.0,0.0,0.0,-0.02669269992560688,-0.012539699095972157,0.08510295269189397,0.9959356119551029,0.4935058138012519,0.13559822026099044,-0.0028866534776867876,8.135247288891295,20.0,0.0,2.0,32.023791988496335,1.917423053514939,1.467423053514939,0,0,0
3.941520214,1787250376.662480831,1787250376.662344217,-12.012077572636473,0.6609973663314742,1.9991810263567644,0.16976955815666658,0.0,0.0,0.0,0.0,-0.025751116591628147,-0.012294849579709052,0.0844804016763023,0.9960164548845101,0.490583273569572,0.14051421653893875,-0.0027882898700600034,8.140357808351274,20.0,0.0,2.0,32.01890111645791,1.9124751136161562,1.4624751136161562,0,0,0
3.951476097,1787250376.672436714,1787250376.672344208,-12.007186123612492,0.662426345935821,1.9991538391757242,0.1689330505155037,0.0,0.0,0.0,0.0,-0.02482991978703698,-0.012179380857044302,0.08407592285150152,0.9960754875821294,0.48771307671796227,0.14525227902583324,-0.002642481181235999,8.145453786707455,20.0,0.0,2.0,32.014040246919,1.9075560148013215,1.4575560148013216,0,0,0
3.961512327,1787250376.682472944,1787250376.682344437,-12.00232321761528,0.6639018405594815,1.9991283015921433,0.16855978562703547,0.0,0.0,0.0,0.0,-0.023978937768990672,-0.012158749044509653,0.08389893239540115,0.9961115120848948,0.48487118629902737,0.1498191256759282,-0.0024588489678892015,8.150535675262939,20.0,0.0,2.0,32.009208952088684,1.902665501088754,1.4526655010887541,0,0,0
3.971471548,1787250376.692432165,1787250376.692344427,-11.997488662059352,0.665422202789699,1.9991047681840133,0.1686506601685974,0.0,0.0,0.0,0.0,-0.0232162463383297,-0.012189513420901991,0.08395104247635302,0.9961248135327486,0.48204093969533734,0.15422835964538198,-0.0022438048534711486,8.155603710637294,20.0,0.0,2.0,32.00440701197294,1.8978035197697614,1.4478035197697614,0,0,0
3.981522560,1787250376.702483177,1787250376.702344656,-11.992682386076911,0.6669859323470418,1.9990834826136312,0.16919029733816535,0.0,0.0,0.0,0.0,-0.022526533931300927,-0.012223805555967691,0.08422602678914502,0.9961170163480223,0.4792148686095496,0.1584947626790525,-0.0020117015899001963,8.160658014943863,20.0,0.0,2.0,31.999634331197424,1.8929701367015455,1.4429701367015455,0,0,0
3.991509676,1787250376.712470293,1787250376.712344170,-11.98790434232923,0.6685916543919079,1.9990644898807188,0.17015340510352475,0.0,0.0,0.0,0.0,-0.02187734894361203,-0.012218531888338116,0.0847126359581788,0.9960902862646087,0.4763959765551132,0.16262757505868433,-0.0018005144749575696,8.165698690103405,20.0,0.0,2.0,31.994890840406175,1.8881654387349616,1.4381654387349616,0,0,0
4.001494884,1787250376.722455502,1787250376.722344398,-11.983154407441091,0.670238048265114,1.9990472830214554,0.17157484467283704,0.0,0.0,0.0,0.0,-0.021220477502136365,-0.012145073736514928,0.08542929929415817,0.9960441874438227,0.4735948397089735,0.16662954299414662,-0.0016409480374222536,8.170725895122429,20.0,0.0,2.0,31.990176395250316,1.883389435635469,1.433389435635469,0,0,0
4.011532545,1787250376.732493162,1787250376.732344389,-11.978432344567327,0.6719238013420525,1.9990317450615818,0.1735056027887206,0.0,0.0,0.0,0.0,-0.020511051188123422,-0.011989857367022839,0.08640199862947591,0.9959770252030459,0.4708241996351856,0.17049791782250467,-0.001464306599265782,8.175739863874663,20.0,0.0,2.0,31.98549073796426,1.8786420227829526,1.4286420227829526,0,0,0
4.021511793,1787250376.742472410,1787250376.742344379,-11.97373776346627,0.673647514368373,1.9990179703983735,0.17592853194263816,0.0,0.0,0.0,0.0,-0.019708537101576204,-0.011751851945018309,0.08762234839104775,0.9958894474808015,0.4681015284914232,0.17421838178300433,-0.0012945806628940687,8.18074091057039,20.0,0.0,2.0,31.98083345544493,1.8739229423709158,1.4239229423709159,0,0,0
4.031466722,1787250376.752427340,1787250376.752344608,-11.96907009551579,0.6754076046628955,1.999005738879015,0.17877968659112656,0.0,0.0,0.0,0.0,-0.018785377364387887,-0.01144133114884598,0.08905819980421456,0.9957835319919951,0.46544427655305515,0.17776951975003863,-0.0011577022554013735,8.185729416514146,20.0,0.0,2.0,31.97620395220473,1.8692317592640824,1.4192317592640824,0,0,0
4.041470528,1787250376.762431145,1787250376.762344599,-11.964428610331952,0.677202258370024,1.9989946863749848,0.1819815859822845,0.0,0.0,0.0,0.0,-0.01772229816460758,-0.011075436946713257,0.09067041054032152,0.9956616551302223,0.46286721459146496,0.18112659258172645,-0.0010601979573547045,8.190705789570714,20.0,0.0,2.0,31.971601465901028,1.8645678769392402,1.4145678769392402,0,0,0
4.051475525,1787250376.772436142,1787250376.772344589,-11.959812445291515,0.6790293981364594,1.9989843941031957,0.1854538204836325,0.0,0.0,0.0,0.0,-0.016517707908551796,-0.010677228535730535,0.09241812870370975,0.995526017542057,0.46038165444297074,0.18426237691000094,-0.0010009593114201551,8.195670416982464,20.0,0.0,2.0,31.96702509607673,1.8599305658639353,1.4099305658639354,0,0,0
4.061507463,1787250376.782468081,1787250376.782344818,-11.955220659334534,0.680886692837847,1.9989747726543765,0.1891969530948344,0.0,0.0,0.0,0.0,-0.015205228469752953,-0.010288648212797593,0.09430027452309879,0.9953745038778139,0.4579911866656039,0.18715440635026645,-0.000913417635616908,8.200623611351233,20.0,0.0,2.0,31.962473858046963,1.8553190153035306,1.4053190153035306,0,0,0
4.071467876,1787250376.792428493,1787250376.792344570,-11.95065232145801,0.6827716204570178,1.9989663198010235,0.19324198283948338,0.0,0.0,0.0,0.0,-0.013842092289501716,-0.009958171706894428,0.09633086938022888,0.9952032932530691,0.45569052991986336,0.18978695763541428,-0.0007723493312476518,8.205565547665506,20.0,0.0,2.0,31.957946772608626,1.850732419375657,1.400732419375657,0,0,0
4.081466913,1787250376.802427530,1787250376.802344561,-11.946106594255603,0.684681543365382,1.9989593253507967,0.19755555210839065,0.0,0.0,0.0,0.0,-0.012491801361246163,-0.009734627329937212,0.09849217009202903,0.9950118011159773,0.4534658084435548,0.1921533677319106,-0.0006292443294374901,8.210496216001232,20.0,0.0,2.0,31.953442951118276,1.846170058970404,1.396170058970404,0,0,0
4.091464043,1787250376.812424660,1787250376.812344313,-11.941582832972724,0.6866138186822168,1.9989536620445445,0.2020617291833892,0.0,0.0,0.0,0.0,-0.011216414385819844,-0.00965549808287249,0.10074571654113068,0.994802123039407,0.4512925027179043,0.19425948721082062,-0.0005045695687635605,8.215415376104092,20.0,0.0,2.0,31.94896169684527,1.841631399069322,1.391631399069322,0,0,0
4.101481199,1787250376.822441816,1787250376.822344542,-11.937080679204296,0.6885659228030411,1.9989492227965062,0.20668100517190294,0.0,0.0,0.0,0.0,-0.010069197416723316,-0.009743751311056408,0.1030516774833628,0.9945773083786078,0.44913858813424307,0.19612276237657086,-0.0003850377584725259,8.220322525863375,20.0,0.0,2.0,31.94450260129562,1.8371161809493712,1.3871161809493713,0,0,0
4.111490011,1787250376.832450628,1787250376.832344532,-11.932600114360834,0.6905355490302973,1.9989459083811805,0.21133820145556131,0.0,0.0,0.0,0.0,-0.009089828603883045,-0.010003156947221281,0.10537269075095002,0.9943409414838282,0.44696874709695605,0.19776879313882637,-0.00028061959370735917,8.225216900162192,20.0,0.0,2.0,31.940065599795837,1.8326244753653729,1.382624475365373,0,0,0
4.121490955,1787250376.842451572,1787250376.842344761,-11.92814147674274,0.6925206819472624,1.9989436672666687,0.2160387853480503,0.0,0.0,0.0,0.0,-0.008299899285564937,-0.010418662431160818,0.10771167925942217,0.9940929319214127,0.4447472987739679,0.19922986079992097,-0.00015990764970696736,8.230097495118763,20.0,0.0,2.0,31.9356509902282,1.8281567000903036,1.3781567000903037,0,0,0
4.131478071,1787250376.852438688,1787250376.852344275,-11.923705447418628,0.6945196452871066,1.9989428795515696,0.22082089239819364,0.0,0.0,0.0,0.0,-0.007701841831395025,-0.01095907964546515,0.1100878932165848,0.9938315933662314,0.44244248843250333,0.2005405676829901,7.5674812565564e-06,8.234963110313053,20.0,0.0,2.0,31.931259420021927,1.8237136066906032,1.3737136066906033,0,0,0
4.141468763,1787250376.862429380,1787250376.862344503,-11.919292982131704,0.6965311021021107,1.9989438483267137,0.22566015232317055,0.0,0.0,0.0,0.0,-0.0072789714493020205,-0.011581272694612937,0.11248962595852245,0.9935587424753128,0.4400314096910241,0.20173380224482743,0.00018560248480057096,8.23981242050786,20.0,0.0,2.0,31.926891818196367,1.819296214322918,1.3692962143229181,0,0,0
4.151468754,1787250376.872429371,1787250376.872344494,-11.914905220969773,0.6985540284572554,1.9989465703255718,0.2304934527475239,0.0,0.0,0.0,0.0,-0.007001404131256238,-0.012236188520630346,0.1148860655236301,0.9932786356200252,0.43750007419553577,0.20283903033108344,0.00036059684867586805,8.244644054440784,20.0,0.0,2.0,31.92254930458831,1.8149057212301682,1.3649057212301683,0,0,0
4.161466599,1787250376.882427216,1787250376.882344484,-11.910543397795509,0.7005876706920431,1.9989511117656835,0.23526446325787348,0.0,0.0,0.0,0.0,-0.006829266932291065,-0.012876337188915928,0.11724994040100563,0.9929954745766596,0.4348439618814847,0.20388037775736897,0.0005490753533753631,8.249456665246504,20.0,0.0,2.0,31.918233098451466,1.8105434155256936,1.3605434155256937,0,0,0
4.171467781,1787250376.892428398,1787250376.892344713,-11.906208739654138,0.7026314791924391,1.9989575617609405,0.23992094732116137,0.0,0.0,0.0,0.0,-0.0067193837801422605,-0.013460509755881133,0.11955613803112894,0.9927134503056805,0.43206873767080933,0.20487444594536694,0.0007409683521153262,8.254248998289112,20.0,0.0,2.0,31.91394441651818,1.8062105759291163,1.3562105759291163,0,0,0
4.181487083,1787250376.902447701,1787250376.902344704,-11.901902375180553,0.7046850338946226,1.9989659287026291,0.24440719606081487,0.0,0.0,0.0,0.0,-0.00662900597705666,-0.013956728347199724,0.1217778857516673,0.9924371076070526,0.4291880704372199,0.20583055281251997,0.0009322758209333143,8.259019944935211,20.0,0.0,2.0,31.909684379853232,1.8019083811050973,1.3519083811050974,0,0,0
4.191470861,1787250376.912431479,1787250376.912344694,-11.897625265260276,0.7067479719774613,1.9989762186156876,0.24867084468159353,0.0,0.0,0.0,0.0,-0.006521648221676601,-0.01434666674095669,0.12388997250876983,0.9921708098758364,0.4262213224788057,0.20675101319301617,0.001128929040269838,8.263768575125706,20.0,0.0,2.0,31.905453942970208,1.7976378406781497,1.3476378406781497,0,0,0
4.201483488,1787250376.922444105,1787250376.922344208,-11.893378168159987,0.7088199251983743,1.9989886021509198,0.2527022775435536,0.0,0.0,0.0,0.0,-0.006373585058450691,-0.01464822129836366,0.12588787288009748,0.9919158484912021,0.4231885494542758,0.20763263199485746,0.0013525255412957938,8.268494141470693,20.0,0.0,2.0,31.90125385759231,1.793399760234861,1.343399760234861,0,0,0
4.211488247,1787250376.932448864,1787250376.932344437,-11.889161663679708,0.7109004706330119,1.9990033554003324,0.2565136298486066,0.0,0.0,0.0,0.0,-0.006174200264633685,-0.014900249664225632,0.12777742501607622,0.9916717155728991,0.42010470694226326,0.20846799577859887,0.0016018781678025361,8.273196034386974,20.0,0.0,2.0,31.897084695701366,1.7891947651330842,1.3391947651330842,0,0,0
4.221511841,1787250376.942472458,1787250376.942344427,-11.88497622099596,0.7129890995814315,1.9990207026717215,0.26010292293010684,0.0,0.0,0.0,0.0,-0.005924290656495962,-0.01515590156600276,0.12955713492185716,0.9914384248246477,0.4169763621807362,0.20924768736658575,0.0018701761205508472,8.277873704990057,20.0,0.0,2.0,31.892946916655774,1.7850233678395522,1.3350233678395522,0,0,0
4.231473207,1787250376.952433825,1787250376.952344656,-11.880822298513428,0.7150852063495587,1.9990408020143637,0.26345993986122895,0.0,0.0,0.0,0.0,-0.0056337816436068345,-0.015467252488492988,0.1312213191217301,0.991216419361989,0.4137991011752089,0.20996202355075827,0.002151509404956075,8.282526568576909,20.0,0.0,2.0,31.888840966736183,1.7808860671290139,1.330886067129014,0,0,0
4.241488695,1787250376.962449312,1787250376.962344408,-11.87670044802173,0.7171880943749092,1.9990637666384126,0.26658602573868107,0.0,0.0,0.0,0.0,-0.00531904291209948,-0.01587994045738109,0.13277001817578463,0.9910053771535102,0.4105588183864733,0.21060273604439342,0.0024429471552336996,8.287153913052634,20.0,0.0,2.0,31.884767383378456,1.7767834516386167,1.3267834516386168,0,0,0
4.251491070,1787250376.972451687,1787250376.972345114,-11.8726114059322,0.7192969959103066,1.9990896722496638,0.2694898679475289,0.0,0.0,0.0,0.0,-0.005001550276683689,-0.016423671432857723,0.13420700129748142,0.990804586340936,0.4072333639112451,0.21116403715494214,0.002735176068482073,8.2917548262225,20.0,0.0,2.0,31.880726886797635,1.7727162906832425,1.3227162906832426,0,0,0
4.261478662,1787250376.982439280,1787250376.982344627,-11.86855615229538,0.7214111086832632,1.9991184068944472,0.272201797248522,0.0,0.0,0.0,0.0,-0.004728279121225274,-0.01710959143566386,0.13554650445839106,0.9906119575225043,0.4037962916002497,0.21164581171956556,0.003010295119308557,8.296328159859524,20.0,0.0,2.0,31.87672043979653,1.7686855932620278,1.3186855932620278,0,0,0
4.271423340,1787250376.992383957,1787250376.992344379,-11.864535950305266,0.723529680593199,1.9991498613019476,0.2747606538827572,0.0,0.0,0.0,0.0,-0.004552662639119344,-0.01792881436109343,0.13680691146305182,0.9904250097076712,0.40021833028568443,0.2120584245322655,0.003278211459838158,8.30087253664393,20.0,0.0,2.0,31.872749289161295,1.76469264826807,1.31469264826807,0,0,0
4.281459808,1787250377.002420425,1787250377.002344608,-11.860552344844022,0.7256521145758152,1.9991839303164165,0.2772041466510039,0.0,0.0,0.0,0.0,-0.004528610357676267,-0.018857091294944985,0.13800596188899478,0.9902415141162361,0.3964727117565309,0.21242265110903355,0.0035349383909375693,8.305386404074323,20.0,0.0,2.0,31.868814966608095,1.7607390247576782,1.3107390247576782,0,0,0
4.291424751,1787250377.012385368,1787250377.012344599,-11.856607131568346,0.7277780757647393,1.9992205439239636,0.2795652718130115,0.0,0.0,0.0,0.0,-0.004696120916514546,-0.019857252541273043,0.13915921861930014,0.9900597698336779,0.3925368502268309,0.21276970830025876,0.0037832528963330074,8.309868117956716,20.0,0.0,2.0,31.86491926037483,1.7568265435720398,1.3068265435720399,0,0,0
4.301428080,1787250377.022388697,1787250377.022344589,-11.852702291735893,0.7299075783137423,1.9992595124058024,0.2818855976626908,0.0,0.0,0.0,0.0,-0.005081331406821421,-0.020885847137268564,0.140286690011926,0.989877571251107,0.38839598319327984,0.21313782975069867,0.00400882231772563,8.314316047111491,20.0,0.0,2.0,31.861064152145936,1.7529572152583164,1.3029572152583164,0,0,0
4.311457396,1787250377.032418013,1787250377.032344580,-11.848839923476786,0.7320410455961548,1.9993007093282977,0.2842047599305481,0.0,0.0,0.0,0.0,-0.005689386526111178,-0.021897736665943315,0.14140787670218993,0.9896928475120167,0.384042032533734,0.21356988905192822,0.0042290493770866175,8.318728673132412,20.0,0.0,2.0,31.85725174984016,1.7491331744786385,1.2991331744786385,0,0,0
4.321458817,1787250377.042419434,1787250377.042344570,-11.845022159938287,0.7341793351943998,1.9993440739544777,0.28655475503963446,0.0,0.0,0.0,0.0,-0.006521564736251241,-0.0228580540089702,0.14253860255445852,0.9895037773258554,0.3794755510507674,0.21410974499790586,0.004444112062250304,8.323104685167664,20.0,0.0,2.0,31.853484206494997,1.7453566011958084,1.2953566011958084,0,0,0
4.331442356,1787250377.052402973,1787250377.052344561,-11.841251101353333,0.7363237476271087,1.9993895775466857,0.2889584148092447,0.0,0.0,0.0,0.0,-0.0075654572510768705,-0.02374167187694459,0.1436905194922554,0.9893089161031126,0.3747028113209534,0.21480154077707775,0.004650090124185563,8.327443055611692,20.0,0.0,2.0,31.849763652708162,1.741629655701364,1.291629655701364,0,0,0
4.341495037,1787250377.062455654,1787250377.062344074,-11.837528752561857,0.7384760089223078,1.9994369659493292,0.29145637188698426,0.0,0.0,0.0,0.0,-0.0088025298656015,-0.02453427375045839,0.14488428302845183,0.9891052165522303,0.36973531609277,0.2156861460459253,0.0048261117093794615,8.331743096875321,20.0,0.0,2.0,31.846092133933237,1.737954418716827,1.287954418716827,0,0,0
4.351448536,1787250377.072409153,1787250377.072344303,-11.8338570063788,0.740638237895118,1.9994860838787607,0.2940912362195531,0.0,0.0,0.0,0.0,-0.010201531400413775,-0.025230442933608786,0.14614185685949035,0.9888892309961317,0.3645847695611531,0.2168006006826726,0.00499171910531229,8.336004477723668,20.0,0.0,2.0,31.84247159323715,1.7343328766989843,1.2843328766989843,0,0,0
4.361462831,1787250377.082423449,1787250377.082344532,-11.830237618437664,0.742812886728673,1.9995367172357383,0.2969096100208631,0.0,0.0,0.0,0.0,-0.011728392780514078,-0.02583227834726174,0.14748724932450427,0.98865699283668,0.35926567400824005,0.2181746397171577,0.005135029132897732,8.340227229238327,20.0,0.0,2.0,31.83890384491158,1.7307668979709958,1.2807668979709959,0,0,0
4.371467590,1787250377.092428207,1787250377.092344284,-11.826672213655728,0.7450026743279577,1.9995887899374267,0.29995031575889575,0.0,0.0,0.0,0.0,-0.013342511726939604,-0.02634734768622593,0.1489407311582407,0.9884050046680087,0.3537906783148156,0.2198313294773731,0.005273866616165762,8.34441172353935,20.0,0.0,2.0,31.835390579500277,1.7272582397915763,1.2772582397915764,0,0,0
4.381472826,1787250377.102433443,1787250377.102344751,-11.823162278122485,0.7472105029439762,1.9996421210987425,0.3032575156450724,0.0,0.0,0.0,0.0,-0.015006565433602006,-0.026785639600728425,0.15052508456697938,0.9881293090588755,0.3481735010078735,0.22178476147067505,0.005393321397244679,8.348558649974434,20.0,0.0,2.0,31.831933353843038,1.7238085400841503,1.2738085400841503,0,0,0
4.391470671,1787250377.112431288,1787250377.112344742,-11.819709182498187,0.749439384544408,1.9996966565833372,0.30686024174734083,0.0,0.0,0.0,0.0,-0.01668242090796627,-0.02715913363478456,0.15225553062713876,0.9878270758013802,0.3424252354344791,0.22404212862984982,0.005502312714787443,8.352668973161043,20.0,0.0,2.0,31.828533612811682,1.7204193402408696,1.2704193402408697,0,0,0
4.401489258,1787250377.122449875,1787250377.122344255,-11.81631415912178,0.7516923465925928,1.9997518167322497,0.31070377285001505,0.0,0.0,0.0,0.0,-0.018328572331596873,-0.02748846923702699,0.1541056662186267,0.9875018436107366,0.33656073756865434,0.2265997052012662,0.005512860477041768,8.356743904370147,20.0,0.0,2.0,31.825192664262914,1.7169934989634277,1.2669934989634277,0,0,0
4.411447525,1787250377.132408142,1787250377.132344484,-11.812978336819478,0.7539723478116983,1.9998066512004615,0.3146903230262893,0.0,0.0,0.0,0.0,-0.01990339608358537,-0.027795736347925263,0.15602765412954353,0.9871608901349608,0.3305849680314301,0.2294479880128465,0.005452432031886312,8.360784835303802,20.0,0.0,2.0,31.821911711862846,1.7135962356288386,1.2635962356288386,0,0,0
4.421494484,1787250377.142455101,1787250377.142344713,-11.809702838646446,0.7562822268298328,1.9998609903111173,0.31879961605975154,0.0,0.0,0.0,0.0,-0.021372118413212106,-0.028096311640398552,0.1580118477573717,0.9868060021073233,0.3244958635049452,0.23257204105883686,0.005423134181044904,8.364793249216923,20.0,0.0,2.0,31.81869195157045,1.7102613122365475,1.2602613122365476,0,0,0
4.431478500,1787250377.152439117,1787250377.152344704,-11.806488790255925,0.7586246299078974,1.9999152449869988,0.32304893708437643,0.0,0.0,0.0,0.0,-0.022708521366264597,-0.02839893130863411,0.16006706050967257,0.9864361914983037,0.31829561764843073,0.23594827149226344,0.00543199668648228,8.368770673359078,20.0,0.0,2.0,31.81553457826793,1.706989929302978,1.256989929302978,0,0,0
4.441468477,1787250377.162429094,1787250377.162344456,-11.803337286137246,0.7610019375681198,1.9999697105911822,0.3274508285954812,0.0,0.0,0.0,0.0,-0.023898878503425293,-0.028706133929459657,0.16219963508661464,0.9860507491295118,0.31198742849001637,0.2395480570474121,0.00546497440616131,8.372718652136053,20.0,0.0,2.0,31.812440750211348,1.7037832789187135,1.2537832789187136,0,0,0
4.451488256,1787250377.172448874,1787250377.172344446,-11.800249390735653,0.7634162362179271,2.000024597124514,0.33200433213595554,0.0,0.0,0.0,0.0,-0.024940449152707073,-0.029015173429400926,0.16440918122758094,0.985649894655805,0.30557453243164817,0.24334141883989513,0.005514243378785051,8.376638722098845,20.0,0.0,2.0,31.809411589391424,1.7006425452632512,1.2506425452632512,0,0,0
4.461466789,1787250377.182427406,1787250377.182344198,-11.797226129967672,0.765869312560032,2.000080011854846,0.336689396113844,0.0,0.0,0.0,0.0,-0.025843207839836943,-0.029321360911881908,0.16668569471985056,0.9852351321276475,0.29906135741112483,0.2472988575852474,0.0055677463523338125,8.380532404161332,20.0,0.0,2.0,31.806448172825302,1.6975688947448269,1.247568894744827,0,0,0
4.471476078,1787250377.192436695,1787250377.192344427,-11.79426847832786,0.7683626705602958,2.0001358919778824,0.3414726389137125,0.0,0.0,0.0,0.0,-0.026625333582565056,-0.02961825790552709,0.16901251511161208,0.984808925703817,0.29245378637033936,0.2513935968507886,0.005603440675613196,8.384401210169408,20.0,0.0,2.0,31.803551519979173,1.6945634611504756,1.2445634611504757,0,0,0
4.481467962,1787250377.202428579,1787250377.202344656,-11.791377352778712,0.7708975712826921,2.0001920499904364,0.3463605650671313,0.0,0.0,0.0,0.0,-0.02731244434886681,-0.02989679751281219,0.17139259709195362,0.9843702502332358,0.28575670334252506,0.2556045651856766,0.005629617938821606,8.388246659731646,20.0,0.0,2.0,31.800722587530363,1.6916273372136834,1.2416273372136835,0,0,0
4.491462231,1787250377.212422848,1787250377.212344646,-11.788553624910955,0.7734750984376996,2.0002485058126336,0.35137354705860074,0.0,0.0,0.0,0.0,-0.027931601589738557,-0.03014703328506496,0.17383573803495983,0.983916723203027,0.27897567694207054,0.2599165380000864,0.005659159607323346,8.392070306232803,20.0,0.0,2.0,31.79796228303785,1.688761584335197,1.2387615843351971,0,0,0
4.501458645,1787250377.222419262,1787250377.222344637,-11.78579809152259,0.7760962019384192,2.000305211428248,0.3565329575813943,0.0,0.0,0.0,0.0,-0.02850824586138559,-0.030357815617304204,0.17635231698415332,0.9834457500254772,0.2721189558104263,0.2643186908223286,0.005682960318185673,8.395873773511843,20.0,0.0,2.0,31.795271436533742,1.6859672014915281,1.2359672014915282,0,0,0
4.511479855,1787250377.232440472,1787250377.232344627,-11.78311146701635,0.7787617532167712,2.0003621241683027,0.36185278656338404,0.0,0.0,0.0,0.0,-0.029065478257502313,-0.030520182041737558,0.17894904595307373,0.9829552153655255,0.2651965268374074,0.26880486655172475,0.005685289776927538,8.399658790541531,20.0,0.0,2.0,31.792650794235346,1.6832451161541013,1.2332451161541014,0,0,0
4.521514416,1787250377.242475033,1787250377.242344379,-11.780494344056715,0.7814725771029324,2.0004187331777556,0.3673828050864813,0.0,0.0,0.0,0.0,-0.029656051998524908,-0.030638179014686562,0.18164897631075924,0.982438532414002,0.2582186471515307,0.2733750762908317,0.0056374144522480674,8.403427225668688,20.0,0.0,2.0,31.790100979970514,1.6805961440720156,1.2305961440720157,0,0,0
4.531474352,1787250377.252434969,1787250377.252344370,-11.777947281822472,0.7842295868713961,2.0004749441569953,0.3731768620105122,0.0,0.0,0.0,0.0,-0.030336457568074057,-0.030723540164593402,0.1844766965754077,0.9818880342699977,0.2511847209404777,0.2780449105410936,0.005605190039537911,8.407181128779145,20.0,0.0,2.0,31.78762258673625,1.6780210762328291,1.2280210762328292,0,0,0
4.541469812,1787250377.262430429,1787250377.262344837,-11.77547083879832,0.7870338807328554,2.00053089529247,0.379273855167416,0.0,0.0,0.0,0.0,-0.031162255861893327,-0.030791666270829087,0.18744926353673502,0.9812968769426506,0.24409382657831055,0.28283674787056445,0.005590696832660929,8.41092278144112,20.0,0.0,2.0,31.78521621192144,1.6755207118351847,1.2255207118351847,0,0,0
4.551470041,1787250377.272430658,1787250377.272344351,-11.773065615646722,0.789886833133376,2.000586822727208,0.3856895316984689,0.0,0.0,0.0,0.0,-0.032171197791533865,-0.03085762763393976,0.19057275377937324,0.9806604133778468,0.23693991098079692,0.28778193278975567,0.0055928237628381445,8.414654746565095,20.0,0.0,2.0,31.782882502531304,1.6730959023791274,1.2230959023791275,0,0,0
4.561468124,1787250377.282428741,1787250377.282344580,-11.770732281988794,0.7927901492145251,2.000642780796924,0.3924468120374918,0.0,0.0,0.0,0.0,-0.033386036708081324,-0.030931787717884174,0.1938572896583273,0.9799734426543557,0.2297135070606494,0.2929161659891686,0.005603177358769042,8.418379907169934,20.0,0.0,2.0,31.780622183457382,1.6707475807851564,1.2207475807851564,0,0,0
4.571466923,1787250377.292427540,1787250377.292344570,-11.768471630626497,0.795745915706914,2.000698931987694,0.3995567901318923,0.0,0.0,0.0,0.0,-0.03480520006099044,-0.031018930312894214,0.1973079580739868,0.9792323491856425,0.222401556568561,0.2982780371556994,0.005627403197956159,8.422101499986942,20.0,0.0,2.0,31.778436113137957,1.6684768188690169,1.218476818869017,0,0,0
4.581447840,1787250377.302408457,1787250377.302344561,-11.766284579091126,0.7987565877668837,2.00075537338364,0.4070234282041249,0.0,0.0,0.0,0.0,-0.03640980114530269,-0.031116260372759143,0.20092706738951843,0.9784346775902938,0.2149913833128398,0.30390297435347075,0.005662351093044028,8.425823129509373,20.0,0.0,2.0,31.776325284980526,1.6662848327748068,1.2162848327748068,0,0,0
4.591439247,1787250377.312399864,1787250377.312345028,-11.76417215973714,0.801824948384285,2.0008121019461234,0.4148277293070772,0.0,0.0,0.0,0.0,-0.038160647880112794,-0.03121548597009277,0.20470638539447908,0.977581021791927,0.2074745960330693,0.30981927556497824,0.00567048934468983,8.429548766439526,20.0,0.0,2.0,31.77429081664579,1.6641729770322522,1.2141729770322522,0,0,0
4.601470470,1787250377.322431087,1787250377.322344303,-11.7621354425614,0.804953993631831,2.0008683794607087,0.4228912368968311,0.0,0.0,0.0,0.0,-0.03998878575573305,-0.03130128905552766,0.2086096015985893,0.9766796611162343,0.1998512258780617,0.31604134694366964,0.0055602123304846485,8.433282706473028,20.0,0.0,2.0,31.77233387017016,1.662142670569497,1.212142670569497,0,0,0
4.611441851,1787250377.332402468,1787250377.332344532,-11.760175486607233,0.8081468100886533,2.000922838677802,0.4311010709982538,0.0,0.0,0.0,0.0,-0.041809226123441366,-0.03135573661862763,0.2125841314239151,0.9757442254293908,0.1921213005167876,0.32257449861968696,0.005327178145387019,8.43702950111319,20.0,0.0,2.0,31.770455600421823,1.6601953504542595,1.2101953504542595,0,0,0
4.621504545,1787250377.342465162,1787250377.342344284,-11.758293390352824,0.8114065247142447,2.000975049045481,0.43940326350491593,0.0,0.0,0.0,0.0,-0.043530000475985785,-0.0313548754752557,0.21660674693925278,0.9747838365621818,0.1842805322834185,0.32941860526079697,0.00511951680464638,8.44079390699907,20.0,0.0,2.0,31.768657204338957,1.6583325247263594,1.2083325247263594,0,0,0
4.631470680,1787250377.352431297,1787250377.352344751,-11.756490187581724,0.8147361305151175,2.001025250305917,0.44776922184034174,0.0,0.0,0.0,0.0,-0.04506835016204183,-0.03127637290203368,0.22066632387077675,0.9738054250316754,0.17634624474891114,0.3365470081690757,0.0049216099191627125,8.444580770501952,20.0,0.0,2.0,31.766939812444626,1.6565556682714813,1.2065556682714813,0,0,0
4.641467810,1787250377.362428427,1787250377.362344265,-11.75476669589506,0.8181382817945334,2.0010734759145894,0.4561566358044349,0.0,0.0,0.0,0.0,-0.04635954647352828,-0.031100920004935834,0.224744431089737,0.9728172829055648,0.16834324366769135,0.34392000048894517,0.004719806488106323,8.448394873624753,20.0,0.0,2.0,31.76530433210446,1.6548660684603305,1.2048660684603305,0,0,0
4.651465178,1787250377.372425795,1787250377.372344255,-11.753123443585551,0.8216151787591152,2.001119528955938,0.4645101983076372,0.0,0.0,0.0,0.0,-0.0473625438304623,-0.03081642216992433,0.22881531889890885,0.9718285277783028,0.16030362584039534,0.3514877525736198,0.004488504809608073,8.452240808041465,20.0,0.0,2.0,31.76375137131782,1.6532647480914016,1.2032647480914016,0,0,0
4.661452532,1787250377.382413149,1787250377.382344484,-11.751560637397146,0.8251685169250965,2.001163249939124,0.4727900253560416,0.0,0.0,0.0,0.0,-0.04804734560164022,-0.030400970898436998,0.23286104225590143,0.9708465216235593,0.15226037940813458,0.35919912772997203,0.00425463629004352,8.456122880532893,20.0,0.0,2.0,31.76228120498877,1.6517524287112793,1.2017524287112793,0,0,0
4.671468258,1787250377.392428875,1787250377.392344713,-11.750078106025036,0.8287994503240941,2.0012045672853715,0.4809599527635424,0.0,0.0,0.0,0.0,-0.04840489182047162,-0.029835889237193686,0.2368647682136526,0.9698772436449713,0.14425600936633526,0.3669974642339393,0.004006686356920586,8.46004503347998,20.0,0.0,2.0,31.760893717251257,1.6503294688359385,1.2003294688359385,0,0,0
4.681456327,1787250377.402416945,1787250377.402344704,-11.748675238097588,0.8325085761196555,2.0012433506165794,0.48898247980428006,0.0,0.0,0.0,0.0,-0.04844187210594645,-0.0291038442912539,0.2408085133419989,0.9689260091340092,0.13633563745877894,0.37482877953219024,0.0037473792322969294,8.464010781421536,20.0,0.0,2.0,31.759588338790298,1.6489957960964967,1.1989957960964968,0,0,0
4.691479683,1787250377.412440300,1787250377.412344933,-11.747350950247558,0.8362959661664414,2.0012794492647235,0.4968168298776483,0.0,0.0,0.0,0.0,-0.04818488060345477,-0.0281994120892084,0.24467151405504634,0.9679973453729432,0.12854788813757326,0.38264263352963257,0.003470747258953182,8.468023182795854,20.0,0.0,2.0,31.758364015455854,1.6477508700460934,1.1977508700460935,0,0,0
4.701472521,1787250377.422433138,1787250377.422344923,-11.746103685329912,0.8401612316604596,2.001312760394372,0.5044305658522449,0.0,0.0,0.0,0.0,-0.047670703855361464,-0.027123053735714765,0.24843646848545453,0.9670941862489195,0.12093873753544843,0.39039748130865315,0.0031910162505989553,8.472084839692416,20.0,0.0,2.0,31.757219207894174,1.6465936760142852,1.1965936760142852,0,0,0
4.711477518,1787250377.432438135,1787250377.432344913,-11.744931426292633,0.8441035996743367,2.0013432087330085,0.5117984502664444,0.0,0.0,0.0,0.0,-0.046957658961542394,-0.025887644282951167,0.25208855953869436,0.9662174528997275,0.11355447222383787,0.39805758350909265,0.0028873747145307938,8.476197914443578,20.0,0.0,2.0,31.756151907169333,1.6455227354505315,1.1955227354505316,0,0,0
4.721508265,1787250377.442468882,1787250377.442344904,-11.74383172318506,0.8481220214401886,2.0013704321208086,0.518956295170452,0.0,0.0,0.0,0.0,-0.04623415772553609,-0.024497673843314853,0.25564182598772844,0.965354610203596,0.10643137938548401,0.4056110815337781,0.0025645744890497456,8.480364183941091,20.0,0.0,2.0,31.75515966439511,1.6445361309165585,1.1945361309165585,0,0,0
4.731471062,1787250377.452431679,1787250377.452344894,-11.74280186747181,0.8522155911636666,2.0013947628737214,0.5259601655672295,0.0,0.0,0.0,0.0,-0.04573409593214933,-0.022958062248925406,0.2591204365993786,0.9644884235612114,0.09958720397439295,0.4130968268513545,0.0023204320275167565,8.484585381384546,20.0,0.0,2.0,31.754239776079633,1.6434968862834598,1.1934968862834598,0,0,0
4.741466045,1787250377.462426662,1787250377.462344646,-11.741839015827594,0.8563839863492673,2.0014172078611594,0.5328014987892578,0.0,0.0,0.0,0.0,-0.04570192992631571,-0.02126373591452852,0.2625190714783884,0.9636093213777522,0.09303186010341517,0.4205925360727531,0.0021832079747467637,8.488863594269569,20.0,0.0,2.0,31.753389419828373,1.64241848026477,1.1924184802647702,0,0,0
4.751465797,1787250377.472426414,1787250377.472344875,-11.740940258228443,0.8606278654491665,2.001438667120447,0.539433503485177,0.0,0.0,0.0,0.0,-0.046336392317707614,-0.019418215643183846,0.2658155913351557,0.9627138427650014,0.08676730894853622,0.42821667206049424,0.0021240999493150337,8.493201650923925,20.0,0.0,2.0,31.752605733529613,1.6414127792854774,1.1914127792854774,0,0,0
4.761462212,1787250377.482422829,1787250377.482344866,-11.740102742889254,0.8649492603333524,2.001460036103036,0.5458298398057273,0.0,0.0,0.0,0.0,-0.04778831455527576,-0.01742269892743403,0.2690001244587582,0.9617960592533236,0.08078082362954263,0.43612355410456777,0.002164527743926998,8.497603507614217,20.0,0.0,2.0,31.751885951606443,1.6404775037528443,1.1904775037528443,0,0,0
4.771466732,1787250377.492427349,1787250377.492344856,-11.739323772700986,0.8693518558761675,2.001482195113594,0.5519720429028702,0.0,0.0,0.0,0.0,-0.0501209282302951,-0.015287111717741171,0.2720683653509382,0.9608501451027269,0.07505463977288342,0.44448643896028434,0.0022795153402666284,8.502074540279002,20.0,0.0,2.0,31.75122751004376,1.6396105285149678,1.1896105285149678,0,0,0
4.781467915,1787250377.502428532,1787250377.502344608,-11.738600861775545,0.8738411015128068,2.0015058357314985,0.5578168900124889,0.0,0.0,0.0,0.0,-0.05332671679832592,-0.013018911112329267,0.2750056972781968,0.9598742811918096,0.06956509129036244,0.45348271507455157,0.002455041420327418,8.506621680640924,20.0,0.0,2.0,31.75062810719394,1.6388099610151323,1.1888099610151324,0,0,0
4.791486263,1787250377.512446880,1787250377.512344837,-11.737931759550207,0.8784241827140256,2.001531378589716,0.5633126405899909,0.0,0.0,0.0,0.0,-0.05731452790577481,-0.010637086684325062,0.27779329993972823,0.958870575096767,0.06428860939310264,0.46328034777806004,0.0026616141672771024,8.511253417196745,20.0,0.0,2.0,31.750085728447456,1.6380741922403121,1.1880741922403122,0,0,0
4.801466465,1787250377.522427082,1787250377.522344589,-11.737314463468312,0.8831098741417636,2.0015592525807118,0.568441786113635,0.0,0.0,0.0,0.0,-0.061927117623992584,-0.008163124157637197,0.2804278456592165,0.9578406020240016,0.05920039289498416,0.47402616737611264,0.0029193953575531585,8.515979677406262,20.0,0.0,2.0,31.749598656268873,1.6374019390258474,1.1874019390258475,0,0,0
4.811466694,1787250377.532427311,1787250377.532345533,-11.736747181426862,0.8879082268087168,2.001589835881196,0.5732087379800724,0.0,0.0,0.0,0.0,-0.06695333396608892,-0.005627287257775901,0.28291384774427486,0.9567890778345419,0.05428324395546118,0.48582697263151325,0.0032014234084859804,8.520811543771268,20.0,0.0,2.0,31.74916542532447,1.6367922364033813,1.1867922364033814,0,0,0
4.821480274,1787250377.542440891,1787250377.542344570,-11.736228270993134,0.892830150487793,2.0016233417287115,0.5776034054577311,0.0,0.0,0.0,0.0,-0.07217534271502608,-0.0030599761228338003,0.28524599178240345,0.955728036955163,0.04952472258958697,0.49874727494059173,0.003499679784169,8.525760859217135,20.0,0.0,2.0,31.748784751253744,1.6362444035329002,1.1862444035329003,0,0,0
4.831459761,1787250377.552420378,1787250377.552344561,-11.735756175199453,0.8978869759625644,2.001659801849643,0.5816135906789341,0.0,0.0,0.0,0.0,-0.0773785020783033,-0.0004962490654029501,0.28741462103802473,0.9546754195885383,0.04491963217085818,0.5128079889256012,0.0037954579925025193,8.530839804743632,20.0,0.0,2.0,31.74845545515964,1.6357580005711039,1.185758000571104,0,0,0
4.841465712,1787250377.562426329,1787250377.562344790,-11.73532937151284,0.9030900694542254,2.0016993350080345,0.5852461001055226,0.0,0.0,0.0,0.0,-0.08238364396304618,0.002041774907154748,0.2894176355250596,0.95364888644075,0.04046703033418386,0.5279949671521627,0.004112806096717447,8.536060523673099,20.0,0.0,2.0,31.74817640242809,1.6353327924589165,1.1853327924589165,0,0,0
4.851465702,1787250377.572426319,1787250377.572344780,-11.73494629973806,0.9084504586663424,2.0017420557652827,0.5885208077310212,0.0,0.0,0.0,0.0,-0.08704888537170893,0.004534683155270231,0.2912578001992599,0.9526651153618004,0.03617485141563533,0.5442565326467813,0.004432809463388541,8.54143475306466,20.0,0.0,2.0,31.74794642048313,1.6349686850442098,1.1849686850442098,0,0,0
4.861463785,1787250377.582424402,1787250377.582344532,-11.734605303695739,0.9139785388436017,2.001788023380951,0.5914648920827259,0.0,0.0,0.0,0.0,-0.09127912697604355,0.006963574044164483,0.29294089705970555,0.9517380209095767,0.03205406564226468,0.561518951285661,0.004760603284022849,8.546973531067865,20.0,0.0,2.0,31.74776423227072,1.6346656688778505,1.1846656688778505,0,0,0
4.871463299,1787250377.592423916,1787250377.592344522,-11.734304601882789,0.9196838669664767,2.0018372490669063,0.5941079484859223,0.0,0.0,0.0,0.0,-0.09502276217247234,0.009306817147974569,0.294473987604129,0.950878082851956,0.02811804280618553,0.5796903966649845,0.00508597447700245,8.552686990067292,20.0,0.0,2.0,31.7476284209659,1.6344237871193124,1.1844237871193124,0,0,0
4.881470680,1787250377.602431297,1787250377.602344513,-11.73404228988158,0.9255750590332377,2.001889783683779,0.5964694570711253,0.0,0.0,0.0,0.0,-0.09827966557644069,0.011548855366648125,0.2958610850044673,0.9500915480383365,0.02437790766982751,0.5986753164105773,0.005421636479809163,8.558584253113775,20.0,0.0,2.0,31.747537429179907,1.6342431320316735,1.1842431320316735,0,0,0
4.891490459,1787250377.612451077,1787250377.612344742,-11.733816359482331,0.9316597609775236,2.001945683613169,0.598562096119229,0.0,0.0,0.0,0.0,-0.10108692273778903,0.01367633600229894,0.29710478174961913,0.9493803982316402,0.020842765072333545,0.61837733101738,0.005760687614033654,8.564673404704777,20.0,0.0,2.0,31.74748957686667,1.6341238562816514,1.1841238562816514,0,0,0
4.901468039,1787250377.622428656,1787250377.622344494,-11.733624737984153,0.9379447157067805,2.002005056049922,0.6003951231281407,0.0,0.0,0.0,0.0,-0.10351580552768794,0.015686146499194982,0.2982087698020656,0.9487412462980085,0.017516541641199947,0.6387125839943273,0.006115491556416826,8.570961560223974,20.0,0.0,2.0,31.74748310214798,1.634066204811283,1.184066204811283,0,0,0
4.911468029,1787250377.632428646,1787250377.632344961,-11.733465329691237,0.9444358756558551,2.0020679948457087,0.6019777129948698,0.0,0.0,0.0,0.0,-0.10565169023678987,0.017579056249157756,0.2991784915253402,0.9481671410358621,0.014399854394955957,0.659606998733407,0.0064696987579148995,8.577454982263264,20.0,0.0,2.0,31.747516205689923,1.6340705501400954,1.1840705501400954,0,0,0
4.921493769,1787250377.642454386,1787250377.642344713,-11.733336054992769,0.9511385193235353,2.0021343806806255,0.6033341075792077,0.0,0.0,0.0,0.0,-0.1075735446334833,0.019361200407637055,0.3000276060954108,0.9476478839708451,0.011488832293547527,0.6810012163210406,0.006804012822045043,8.584159201170984,20.0,0.0,2.0,31.747587092842597,1.6340677532702728,1.1840677532702728,0,0,0
4.931477070,1787250377.652437687,1787250377.652344704,-11.733234892077007,0.9580574288612665,2.0022040086303723,0.6044955412226507,0.0,0.0,0.0,0.0,-0.10934602090458231,0.02103962399924328,0.3007732655152292,0.9471727533484114,0.008775974138675268,0.7028546683234679,0.00711938889038599,8.59107920053357,20.0,0.0,2.0,31.747694020359717,1.6337744653306265,1.1837744653306266,0,0,0
4.941452980,1787250377.662413597,1787250377.662344933,-11.733159907417889,0.9651970477029259,2.002276722336772,0.6054742047075489,0.0,0.0,0.0,0.0,-0.11101789862177006,0.022625679676141475,0.30142362749782836,0.9467348634073055,0.006251591256797599,0.7251387278329329,0.007420019879617852,8.598219583379496,20.0,0.0,2.0,31.74783533146966,1.6335318993360421,1.1835318993360422,0,0,0
4.951478004,1787250377.672438622,1787250377.672344446,-11.73310926304755,0.9725615593867798,2.002352320399369,0.6062739977469661,0.0,0.0,0.0,0.0,-0.11261972289423236,0.024129726105609983,0.30198232253027146,0.946330402773005,0.00390636544105742,0.7478296617634486,0.007693882602241458,8.605584657191818,20.0,0.0,2.0,31.748009465488106,1.6333410606860155,1.1833410606860155,0,0,0
4.961472988,1787250377.682433605,1787250377.682344675,-11.733081212163581,0.9801549331880918,2.0024304715709556,0.6069084712631787,0.0,0.0,0.0,0.0,-0.11416513771580074,0.025566351915863657,0.30245724551930847,0.9459557588031902,0.0017316271369424354,0.7709084210233256,0.007929501137930204,8.613178484958114,20.0,0.0,2.0,31.74821495482879,1.6332032125392593,1.1832032125392593,0,0,0
4.971467733,1787250377.692428350,1787250377.692344666,-11.73307408364755,0.9879809693037144,2.002510767520278,0.6073974992471277,0.0,0.0,0.0,0.0,-0.11565287588267432,0.026948413823058577,0.3028585074321874,0.9456082274221368,-0.00027900622638017436,0.7943596745045258,0.00812265983440129,8.621004936231728,20.0,0.0,2.0,31.748450410971618,1.6331198602053678,1.1831198602053679,0,0,0
4.981487036,1787250377.702447653,1787250377.702344418,-11.733086258600219,0.9960433170310034,2.002592780309837,0.6077517983108653,0.0,0.0,0.0,0.0,-0.11707088193722814,0.028289903427430183,0.30319135999725416,0.9452878340429024,-0.0021293800549735506,0.8181679083073709,0.008272237904323942,8.629067710270657,20.0,0.0,2.0,31.748714501656185,1.633092728516333,1.183092728516333,0,0,0
4.991475344,1787250377.712435961,1787250377.712344646,-11.733116137739726,1.004345452255762,2.0026760386991898,0.6079800891432281,0.0,0.0,0.0,0.0,-0.11839959028054979,0.029599992034479317,0.3034593048487746,0.9449962051742088,-0.0038196040305737994,0.842312802827557,0.008367289477153747,8.637370316729628,20.0,0.0,2.0,31.749005917665006,1.633123730008158,1.183123730008158,0,0,0
5.001482964,1787250377.722443581,1787250377.722344398,-11.73316210851139,1.0128905995465975,2.0027598613848103,0.6081079205082044,0.0,0.0,0.0,0.0,-0.11960493188064554,0.03088203775960807,0.303672553683521,0.9447348517721623,-0.005347111707258679,0.8667658538561008,0.00838489568161941,8.645915998784124,20.0,0.0,2.0,31.749323337490956,1.6332149310685484,1.1832149310685485,0,0,0
5.011461020,1787250377.732421637,1787250377.732344389,-11.733222523354781,1.0216817018268873,2.0028435018394477,0.6081691950906735,0.0,0.0,0.0,0.0,-0.12065027148032681,0.03213219189684124,0.30384447748689225,0.9445049326162069,-0.006707615777673093,0.8914980106142502,0.008330489626033593,8.65470770652389,20.0,0.0,2.0,31.749665404569257,1.6333685274427283,1.1833685274427284,0,0,0
5.021494150,1787250377.742454767,1787250377.742344379,-11.733295687132953,1.0307213609062613,2.0029262179159932,0.6081859765945101,0.0,0.0,0.0,0.0,-0.12150055812401502,0.033343511020488714,0.3039825329233749,0.9443095066374524,-0.007895988721021749,0.9164705459351808,0.008201204271593711,8.663748040099543,20.0,0.0,2.0,31.750030712640115,1.633586826669693,1.183586826669693,0,0,0
5.031461716,1787250377.752422333,1787250377.752344608,-11.73337985127759,1.0400117733481329,2.003007309175269,0.608172838495658,0.0,0.0,0.0,0.0,-0.12213122653128856,0.03450588181181466,0.30409089865818956,0.9441514883638149,-0.008906841844157378,0.9416405728548836,0.008004740082444726,8.673039187646303,20.0,0.0,2.0,31.750417797535857,1.63387223438822,1.18387223438822,0,0,0
5.041488647,1787250377.762449265,1787250377.762344360,-11.733473216549918,1.0495546619853897,2.0030860713648075,0.6081480636193427,0.0,0.0,0.0,0.0,-0.12252682859385572,0.03561227704950868,0.304176238898847,0.9440316507868963,-0.009735477800404901,0.9669577944759068,0.007737410128916641,8.68258285801465,20.0,0.0,2.0,31.750825137275136,1.634227245919573,1.184227245919573,0,0,0
5.051471710,1787250377.772432327,1787250377.772344589,-11.733573940131413,1.059351260195768,2.003161869061166,0.6081300783736671,0.0,0.0,0.0,0.0,-0.1226863321645402,0.03665671165931768,0.3042462596408818,0.9439483899477084,-0.010377959455884092,0.9923734041297081,0.007409994983062937,8.692380267214343,20.0,0.0,2.0,31.751251158083235,1.634082277904182,1.184082277904182,0,0,0
5.061482668,1787250377.782443285,1787250377.782344818,-11.73368014630478,1.0694022737400535,2.003234025345562,0.6081348366246897,0.0,0.0,0.0,0.0,-0.12260823118945686,0.03763509325426271,0.3043076948972789,0.9439002321361301,-0.010831621590924392,1.017832712460293,0.007011251026790692,8.702432100855429,20.0,0.0,2.0,31.751694243142026,1.6339694780695087,1.1839694780695087,0,0,0
5.071470499,1787250377.792431116,1787250377.792344332,-11.733789937113247,1.0797079041803277,2.0033019221376547,0.6081741559485608,0.0,0.0,0.0,0.0,-0.12230008464347743,0.038544306883461506,0.30436604539046425,0.9438847048853168,-0.011094712351682683,1.0432881477969662,0.0065574332920731926,8.71273853975388,20.0,0.0,2.0,31.752152743300247,1.6339189040279856,1.1839189040279856,0,0,0
5.081474543,1787250377.802435160,1787250377.802344799,-11.733901403329604,1.090267851667095,2.003364964908888,0.6082542487388877,0.0,0.0,0.0,0.0,-0.1217718814584323,0.03938536519801554,0.3044246968837182,0.94389936212583,-0.011166620845061839,1.0686887178415732,0.006043140817798172,8.723299263688899,20.0,0.0,2.0,31.752624987355176,1.633933470921882,1.183933470921882,0,0,0
5.091484785,1787250377.812445402,1787250377.812344551,-11.734012631142292,1.1010813580361538,2.0034226563880417,0.608376136558162,0.0,0.0,0.0,0.0,-0.12104354037980049,0.04016142162841202,0.3044854405940735,0.9439407492058712,-0.01104707100875531,1.0939924655535624,0.0054868708395320685,8.734113495974492,20.0,0.0,2.0,31.753109289408023,1.6340161920679943,1.1840161920679944,0,0,0
5.101482868,1787250377.822443485,1787250377.822344542,-11.734121707919465,1.1121472335333424,2.003474542575649,0.6085373157315089,0.0,0.0,0.0,0.0,-0.1201359601925874,0.040879950075472515,0.3045488252778202,0.9440053992283792,-0.01073642538281805,1.1191566632224712,0.004884805761752503,8.745180030682297,20.0,0.0,2.0,31.753603954741063,1.6341701676102316,1.1841701676102316,0,0,0
5.111474514,1787250377.832435131,1787250377.832345724,-11.73422672242606,1.1234639193387266,2.003520262580908,0.6087328872085993,0.0,0.0,0.0,0.0,-0.11907636102060518,0.04154898531780613,0.30461475713122105,0.9440891651761705,-0.010234682567405617,1.1441482572660087,0.0042508669947853486,8.756497296075636,20.0,0.0,2.0,31.754107281431242,1.6343985683168143,1.1843985683168143,0,0,0
5.121489525,1787250377.842450142,1787250377.842344522,-11.734325767304673,1.1350295003144348,2.0035593827608764,0.6089635851440188,0.0,0.0,0.0,0.0,-0.11787783468074224,0.042169697969759175,0.3046845678435393,0.9441895184665601,-0.009542649708878694,1.1689311557456554,0.0035669944442258453,8.768063367300652,20.0,0.0,2.0,31.754617562509033,1.6347046217014647,1.1847046217014647,0,0,0
5.131475449,1787250377.852436066,1787250377.852344990,-11.734416945585558,1.1468417659649244,2.003591508551323,0.6092316511364565,0.0,0.0,0.0,0.0,-0.11655245707176477,0.04273885078201649,0.3047600412437872,0.9443040996657021,-0.008661782666998623,1.1934800841941837,0.002850359849414294,8.779876028531003,20.0,0.0,2.0,31.755133093900945,1.6350916037931933,1.1850916037931933,0,0,0
5.141495228,1787250377.862455845,1787250377.862344265,-11.734498384319764,1.1588982178846092,2.003616231436762,0.6095377404247988,0.0,0.0,0.0,0.0,-0.11510316247550256,0.043251496758166606,0.3048416033337166,0.9444321928509455,-0.007595306296902324,1.2177644514355415,0.002089110349880761,8.791932780845793,20.0,0.0,2.0,31.755652187617553,1.635018702909358,1.185018702909358,0,0,0
5.151476145,1787250377.872436762,1787250377.872344255,-11.734568245584102,1.1711961007556912,2.0036332219239625,0.6098796269495959,0.0,0.0,0.0,0.0,-0.1135366080832058,0.04370303715190264,0.30492863931404657,0.9445729236510775,-0.006347107562136812,1.2417616081026812,0.0013029564107840815,8.804230873884299,20.0,0.0,2.0,31.756173183183794,1.6348256696221808,1.1848256696221808,0,0,0
5.161492109,1787250377.882452726,1787250377.882344723,-11.734624738666433,1.183732397000258,2.003642172610154,0.6102551851431466,0.0,0.0,0.0,0.0,-0.11185439782175595,0.0440912897568253,0.30502045350809576,0.9447259257568978,-0.004922513171172855,1.2654434550661424,0.0004840948875306052,8.816767300612625,20.0,0.0,2.0,31.756694458918563,1.6347093598009488,1.1847093598009488,0,0,0
5.171487093,1787250377.892447710,1787250377.892344475,-11.734666124520109,1.1965038520440425,2.0036428761090748,0.6106603087939644,0.0,0.0,0.0,0.0,-0.11006492737749542,0.04441701252155351,0.3051160336064393,0.9448899654437658,-0.003326613577063147,1.28878915496689,-0.00034700965757085775,8.829538822730964,20.0,0.0,2.0,31.75721443661687,1.634673540934934,1.184673540934934,0,0,0
5.181483984,1787250377.902444601,1787250377.902344465,-11.734690718923117,1.2095069748364338,2.003635164598294,0.6110881651470353,0.0,0.0,0.0,0.0,-0.10817376158438549,0.044684742527164124,0.30521309884480174,0.9450643763170417,-0.00156501283598119,1.3117738470085656,-0.0011960353385045838,8.842541971069195,20.0,0.0,2.0,31.757731584014383,1.6347220239077418,1.1847220239077418,0,0,0
5.191487312,1787250377.912447929,1787250377.912344217,-11.734696886485663,1.2227380690789285,2.0036189673337454,0.6115299793890481,0.0,0.0,0.0,0.0,-0.10619348717410572,0.04490124817228936,0.30530897816980235,0.9452477183486268,0.00035797599240513405,1.3343796701764135,-0.002046050320130486,8.855773076663361,20.0,0.0,2.0,31.758244409280913,1.6348586416118214,1.1848586416118214,0,0,0
5.201445341,1787250377.922405958,1787250377.922344446,-11.734683037528407,1.2361932289268254,2.0035941865614304,0.6119865382285055,0.0,0.0,0.0,0.0,-0.1041260679478021,0.04506684760079924,0.3054045512425046,0.945438946363762,0.0024375864712098366,1.3565842876507725,-0.002910262910424983,8.869228266458112,20.0,0.0,2.0,31.75875145703645,1.6350872302616146,1.1850872302616147,0,0,0
5.211482286,1787250377.932442904,1787250377.932344675,-11.734647627101722,1.249868369621952,2.0035607895643377,0.6124613962380259,0.0,0.0,0.0,0.0,-0.10197723304630966,0.04517936756169284,0.305502150234099,0.9456362434304674,0.0046693538424846205,1.3783725340846296,-0.003770351434736555,8.882903493779413,20.0,0.0,2.0,31.75925130787747,1.6354116137558543,1.1854116137558544,0,0,0
5.221469402,1787250377.942430019,1787250377.942344189,-11.734589163297764,1.263759223216482,2.003518755707808,0.6129522092170862,0.0,0.0,0.0,0.0,-0.09974696269983524,0.04523511409044601,0.30560092848995585,0.9458395214789129,0.007047323504379443,1.3997243488609548,-0.004635019235379093,8.896794534001302,20.0,0.0,2.0,31.759742585846034,1.6349942684197658,1.1849942684197659,0,0,0
5.231467009,1787250377.952427626,1787250377.952344179,-11.73450621234191,1.2778613564314192,2.0034681481035514,0.6134515955875555,0.0,0.0,0.0,0.0,-0.09744231903084725,0.04523226714772354,0.30569819676541915,0.9460484390161735,0.00956565273932589,1.4206254700002654,-0.00548562184212135,8.910897001983981,20.0,0.0,2.0,31.76022396355982,1.6346594313905851,1.1846594313905852,0,0,0
5.241442919,1787250377.962403536,1787250377.962344408,-11.734397405960163,1.2921701697750567,2.0034090642057745,0.6139552115896755,0.0,0.0,0.0,0.0,-0.0950670248361984,0.04517126955481523,0.30579260068924285,0.9462624913623646,0.012217345476819784,1.441058165522385,-0.006327745104815029,8.925206350992191,20.0,0.0,2.0,31.760694168874622,1.6344193344660953,1.1844193344660954,0,0,0
5.251487494,1787250377.972448111,1787250377.972344398,-11.734261441509036,1.3066809186070103,2.0033416831335096,0.6144590565170492,0.0,0.0,0.0,0.0,-0.09263220995357037,0.04505537800705389,0.30588347940950583,0.9464801020708747,0.014996070039242823,1.4610097718117037,-0.007147287691694664,8.939717893232936,20.0,0.0,2.0,31.761151985215285,1.6342781325458493,1.1842781325458493,0,0,0
5.261481762,1787250377.982442379,1787250377.982344627,-11.734097086855666,1.3213887040313022,2.0032661342245666,0.6149607154870148,0.0,0.0,0.0,0.0,-0.09013624004271996,0.04487874439788951,0.3059698449014309,0.9467015424848659,0.01789414552894808,1.4804634563253662,-0.007959281310366164,8.954426790954273,20.0,0.0,2.0,31.761596255427015,1.634239942262421,1.184239942262421,0,0,0
5.271470070,1787250377.992430687,1787250377.992344618,-11.73390318696394,1.3362884904508263,2.003182588748741,0.6154567572748012,0.0,0.0,0.0,0.0,-0.08758084238485621,0.04463406189492085,0.30605043344184646,0.9469268867003288,0.020903542532388433,1.4994072990359295,-0.008747742142573985,8.969328073193127,20.0,0.0,2.0,31.762025888443933,1.6343088339334597,1.1843088339334598,0,0,0
5.281487226,1787250378.002447844,1787250378.002344370,-11.733678678999784,1.3513750938454718,2.0030912204349085,0.6159458904971179,0.0,0.0,0.0,0.0,-0.08496126665171602,0.044312987124200065,0.3061246588807278,0.947156605618218,0.024014083552174204,1.517824616554406,-0.009521495767601165,8.984416623619927,20.0,0.0,2.0,31.762439873251473,1.6344046973269515,1.1844046973269515,0,0,0
5.291491508,1787250378.012452126,1787250378.012344599,-11.733422602448215,1.3666431853306347,2.002992275061376,0.6164257245657467,0.0,0.0,0.0,0.0,-0.08228095344622342,0.04391191047149898,0.30619207918267505,0.9473900988845693,0.02721534709146818,1.5357022097877207,-0.010263710635949826,8.999687182974007,20.0,0.0,2.0,31.762837288493166,1.6337655220963168,1.1837655220963168,0,0,0
5.301466227,1787250378.022426844,1787250378.022344351,-11.733134108700858,1.3820872840253873,2.0028860264446235,0.6168918899342267,0.0,0.0,0.0,0.0,-0.07954084498994965,0.04343084394641361,0.30625128996126755,0.9476271224323662,0.03049570344096503,1.5530238976998236,-0.010979844601818672,9.01513434135036,20.0,0.0,2.0,31.763217311075515,1.6332345100162222,1.1832345100162223,0,0,0
5.311479092,1787250378.032439709,1787250378.032344580,-11.732812459763208,1.3977017708563666,2.002772822950596,0.6173373539019524,0.0,0.0,0.0,0.0,-0.07675127255740298,0.04287581308938093,0.3063002607065337,0.9478665819111111,0.033844538756408686,1.569777418071073,-0.011656111469898306,9.030752550980948,20.0,0.0,2.0,31.76357921480678,1.6328160500545683,1.1828160500545684,0,0,0
5.321491718,1787250378.042452335,1787250378.042344570,-11.732457027174886,1.4134808908682883,2.002652996719048,0.6177535018030056,0.0,0.0,0.0,0.0,-0.07391479542744506,0.0422456259270486,0.3063355677663324,0.9481088703457159,0.03725064728530388,1.5859487656999052,-0.012302412683547712,9.046536128490537,20.0,0.0,2.0,31.763922368762053,1.632514463507125,1.182514463507125,0,0,0
5.331478119,1787250378.052438736,1787250378.052344084,-11.732067291913747,1.4294187737966249,2.0025269328041704,0.6181303775933996,0.0,0.0,0.0,0.0,-0.07104023693482256,0.041540162077738745,0.3063534816263759,0.9483539655456698,0.04070311800020864,1.6015280931589448,-0.012904206997073247,9.062479274288082,20.0,0.0,2.0,31.76424623747294,1.6323339888669175,1.1823339888669175,0,0,0
5.341486692,1787250378.062447309,1787250378.062344313,-11.731642850421313,1.4455094418107521,2.002395036523164,0.6184644033939429,0.0,0.0,0.0,0.0,-0.06813149449979876,0.040758514912763874,0.30635299037552616,0.9486014380166745,0.04418995285018306,1.616504350012265,-0.013467088209985061,9.078576079696308,20.0,0.0,2.0,31.76455038670086,1.6322787734178135,1.1822787734178135,0,0,0
5.351469755,1787250378.072430372,1787250378.072344303,-11.731183416793268,1.4617468256616277,2.002257770051867,0.6187544150842806,0.0,0.0,0.0,0.0,-0.06520016011205224,0.039904990981667325,0.3063346556742319,0.9488496243078065,0.047699541089251354,1.6308699035813976,-0.013978650656676347,9.09482054200392,20.0,0.0,2.0,31.764834485796293,1.631633076889498,1.181633076889498,0,0,0
5.361468554,1787250378.082429171,1787250378.082344055,-11.730688823138836,1.4781247800010129,2.0021156160736617,0.6189971498398062,0.0,0.0,0.0,0.0,-0.0622540739700372,0.03898621964077972,0.30629780557350295,0.9490975499141859,0.05122015059040927,1.6446176736188696,-0.014443062748197887,9.111206579321694,20.0,0.0,2.0,31.76509830823686,1.6308365322357123,1.1808365322357124,0,0,0
5.371453285,1787250378.092413902,1787250378.092344999,-11.730159010797719,1.4946371093465836,2.0019691061362814,0.619187939303294,0.0,0.0,0.0,0.0,-0.0593081607196622,0.03801487537808835,0.3062414008816476,0.9493437816239622,0.05474164961550941,1.6577444684493678,-0.01485018959517324,9.127728055850598,20.0,0.0,2.0,31.765341723591177,1.6301686399718451,1.1801686399718452,0,0,0
5.381472588,1787250378.102433205,1787250378.102344513,-11.729594016927352,1.5112775954291735,2.0018187866505834,0.6193252977785818,0.0,0.0,0.0,0.0,-0.05637306083758444,0.0370057607918323,0.30616557786819815,0.9495869052428283,0.05825522994094839,1.6702492385260521,-0.015203933297358764,9.144378809319623,20.0,0.0,2.0,31.76556468500856,1.6296336732123409,1.179633673212341,0,0,0
5.391487122,1787250378.112447739,1787250378.112344503,-11.728993953249098,1.5280400301730008,2.001665229158436,0.6194095955812946,0.0,0.0,0.0,0.0,-0.05346398290430285,0.035976741554113206,0.30607141683892936,0.9498250177760993,0.06175469242406003,1.6821347515588863,-0.015499446139229354,9.161152684091494,20.0,0.0,2.0,31.76576720924771,1.6292357328449336,1.1792357328449337,0,0,0
5.401470900,1787250378.122431517,1787250378.122344255,-11.728358986238739,1.544918239236215,2.001508951530983,0.6194426822352619,0.0,0.0,0.0,0.0,-0.05057938529082085,0.03493460739821618,0.30595973364884527,0.9500578615932099,0.06523527543148777,1.6934049305675711,-0.015747405146476035,9.17804355579732,20.0,0.0,2.0,31.76594935780286,1.6289787202035786,1.1789787202035786,0,0,0
5.411477089,1787250378.132437706,1787250378.132344246,-11.72768932158321,1.561906093528347,2.0013504627921197,0.6194268167222567,0.0,0.0,0.0,0.0,-0.047716910160801096,0.03388272632785156,0.30583145227439834,0.9502853151243739,0.06869366981765411,1.7040644153520887,-0.015942659332242662,9.195045342846978,20.0,0.0,2.0,31.766111221798237,1.6281352084652667,1.1781352084652668,0,0,0
5.421521902,1787250378.142482519,1787250378.142344475,-11.726985197382488,1.5789975019244866,2.0011902478701806,0.6193665655050146,0.0,0.0,0.0,0.0,-0.04486512417045861,0.032819168650220096,0.3056882214651116,0.9505076191487234,0.07212673675145055,1.7141161517678185,-0.016091959426311208,9.212151999465817,20.0,0.0,2.0,31.76625291473172,1.6271208049273924,1.1771208049273925,0,0,0
5.431437254,1787250378.152397871,1787250378.152344227,-11.726246879767023,1.5961863959386078,2.0010287995360043,0.6192669027142459,0.0,0.0,0.0,0.0,-0.04201830816748202,0.03174334307647147,0.3055321745040942,0.950724414481858,0.07553189542258588,1.7235616385585453,-0.01618983829395606,9.229357500211062,20.0,0.0,2.0,31.766374567220208,1.6262512952832626,1.1762512952832627,0,0,0
5.441457987,1787250378.162418604,1787250378.162344456,-11.725474661363055,1.6134667141245906,2.000866607373408,0.6191311488591968,0.0,0.0,0.0,0.0,-0.0391678756219822,0.030654074592779936,0.3053646014433523,0.9509356789054998,0.07890652023056677,1.7324008929030557,-0.01624005716528683,9.246655824527881,20.0,0.0,2.0,31.76647632453725,1.6255302941964034,1.1755302941964034,0,0,0
5.451445580,1787250378.172406197,1787250378.172344446,-11.724668857997838,1.6308323897550134,2.0007041725571963,0.6189611217199245,0.0,0.0,0.0,0.0,-0.036314126141317155,0.029553234547552064,0.3051864328554993,0.9511409631444256,0.08224850607611842,1.7406329008337416,-0.01623967269384507,9.264040944436411,20.0,0.0,2.0,31.766558342523524,1.624961165465491,1.174961165465491,0,0,0
5.461449146,1787250378.182409763,1787250378.182344437,-11.723829809683414,1.648277342311082,2.000541953080714,0.6187565037512125,0.0,0.0,0.0,0.0,-0.0334507410098196,0.02842950424742341,0.3049973519711123,0.9513408571614851,0.08555488746838463,1.7482558727536386,-0.016196518705005235,9.281506816499265,20.0,0.0,2.0,31.766620787937885,1.6245470153629016,1.1745470153629016,0,0,0
5.471438646,1787250378.192399263,1787250378.192344427,-11.722957895200121,1.665795466592174,2.0003804025347014,0.6185157130983235,0.0,0.0,0.0,0.0,-0.03057844885227575,0.027270368276492058,0.30479674055325867,0.9515357231486177,0.08882068350959875,1.755266664771781,-0.01610648811753389,9.299047369847802,20.0,0.0,2.0,31.766663852250286,1.6233179569781393,1.1733179569781393,0,0,0
5.481434345,1787250378.202394962,1787250378.202344656,-11.722053556442766,1.6833806227591972,2.0002199631551085,0.6182399978298555,0.0,0.0,0.0,0.0,-0.02769578748428195,0.026061202660695778,0.3045853237060231,0.9517255579495597,0.092038268423696,1.7616615324263645,-0.01597380254262731,9.316656494948191,20.0,0.0,2.0,31.766687775203884,1.6221383282903865,1.1721383282903866,0,0,0
5.491433382,1787250378.212393999,1787250378.212344170,-11.721117323437833,1.701026629568299,2.0000610835067847,0.6179318339003611,0.0,0.0,0.0,0.0,-0.024810416756187913,0.024794443733962883,0.3043647062142251,0.9519095568337551,0.09519771860179985,1.7674362014486757,-0.015794831948914418,9.334328035098643,20.0,0.0,2.0,31.766692869191456,1.6211172681634058,1.1711172681634059,0,0,0
5.501430988,1787250378.222391605,1787250378.222344637,-11.720149833797738,1.718727270394046,1.9999042120797295,0.6175912177905989,0.0,0.0,0.0,0.0,-0.021929089991437008,0.023467122107225312,0.3041352559963654,0.9520872624146263,0.09828763521039023,1.7725879437072471,-0.015571765122629637,9.35205579103363,20.0,0.0,2.0,31.766679538751767,1.6202576850379455,1.1702576850379456,0,0,0
5.511457920,1787250378.232418537,1787250378.232344627,-11.719151841784731,1.7364763071085936,1.9997498010775276,0.6172166917487473,0.0,0.0,0.0,0.0,-0.019066044099804988,0.02208526685609114,0.3038967335872409,0.9522581069569769,0.10129623627476393,1.7771154263485767,-0.015304046148200533,9.369833533722453,20.0,0.0,2.0,31.766648290147714,1.6195622962829626,1.1695622962829626,0,0,0
5.521476984,1787250378.242437601,1787250378.242344618,-11.718124219715335,1.754267502342489,1.9995982549588325,0.6168006954851397,0.0,0.0,0.0,0.0,-0.01622600194623246,0.02064624914551989,0.30364571046122885,0.952423084440711,0.10421160111696615,1.7810198779023745,-0.01499844980883951,9.387655026398269,20.0,0.0,2.0,31.766599733815806,1.61877001895834,1.16877001895834,0,0,0
5.531422377,1787250378.252382994,1787250378.252344608,-11.71706796268492,1.772094632958747,1.999449970234546,0.6163341093098522,0.0,0.0,0.0,0.0,-0.01341609531887833,0.01915006332429941,0.3033780047659397,0.9525833662652878,0.10702109611385088,1.7843029388536549,-0.014652129805111554,9.405514036821103,20.0,0.0,2.0,31.766534589726152,1.617308434281583,1.1673084342815832,0,0,0
5.541425705,1787250378.262386322,1787250378.262344360,-11.715984193559606,1.7899515002232618,1.9993053364526048,0.6158164146673083,0.0,0.0,0.0,0.0,-0.010637427358352297,0.017595650652793084,0.3030933690709681,0.952739023994772,0.10971184143559289,1.7869676563465273,-0.014268242327454914,9.423404346571086,20.0,0.0,2.0,31.76645369287909,1.6160152025533205,1.1660152025533206,0,0,0
5.551496029,1787250378.272456646,1787250378.272344589,-11.714874164813107,1.8078319344323468,1.99916473307161,0.6152525536220583,0.0,0.0,0.0,0.0,-0.007895717322729593,0.01598901169769841,0.3027941516951334,0.9528891388047799,0.11227096328103063,1.7890170248813047,-0.013846344429796811,9.44131975504073,20.0,0.0,2.0,31.766357995381753,1.6148929914221783,1.1648929914221784,0,0,0
5.561483383,1787250378.282444000,1787250378.282344580,-11.713739251662183,1.8257298062539058,1.9990285303952957,0.6146438564916363,0.0,0.0,0.0,0.0,-0.005192899783225051,0.014338986980356657,0.3024808374768654,0.9530334570221093,0.1146869204376051,1.7904560084962478,-0.013388094411039083,9.459254090678554,20.0,0.0,2.0,31.76624856025048,1.6139442711279934,1.1639442711279935,0,0,0
5.571472645,1787250378.292433262,1787250378.292344332,-11.712580936172435,1.8436390385133374,1.9988970910942037,0.6139910264286714,0.0,0.0,0.0,0.0,-0.0025360908233196407,0.012662190377024247,0.3021535497490391,0.9531717943541169,0.1169500721108887,1.791290340461765,-0.012893988712567056,9.477201223351656,20.0,0.0,2.0,31.76612654627608,1.613171296439861,1.163171296439861,0,0,0
5.581468821,1787250378.302429438,1787250378.302344799,-11.71140078152732,1.861553626365516,1.9987707629276332,0.6132990136818967,0.0,0.0,0.0,0.0,7.03471581799224e-05,0.010977374031435087,0.30181428997558196,0.9533035333392963,0.11905392978701422,1.791528659117464,-0.012366193390591003,9.495155085936222,20.0,0.0,2.0,31.765993183615556,1.611859448631279,1.161859448631279,0,0,0
5.591473818,1787250378.312434435,1787250378.312344313,-11.710200399464464,1.8794676590390542,1.9986498711639877,0.6125756311755229,0.0,0.0,0.0,0.0,0.002617568345165018,0.00930757151241089,0.30146633512774723,0.9534277981227234,0.12099536805767296,1.791181363757208,-0.011807260888276182,9.513109698116493,20.0,0.0,2.0,31.765849742741302,1.6103314866338558,1.1603314866338559,0,0,0
5.601469755,1787250378.322430372,1787250378.322344780,-11.70898141354535,1.8973753468995345,1.9985347125086392,0.6118227757158597,0.0,0.0,0.0,0.0,0.0051025703098423305,0.007671812857759797,0.3011100443870629,0.9535448852743795,0.12277508117872166,1.7902620199992911,-0.011219906149809966,9.531059195956134,20.0,0.0,2.0,31.7656974996403,1.608983839982651,1.158983839982651,0,0,0
5.611466885,1787250378.332427502,1787250378.332344532,-11.707745424644818,1.9152710410905065,1.9984255589516358,0.6110406161683531,0.0,0.0,0.0,0.0,0.007520190984327585,0.006088379314540673,0.30074491305142037,0.9536555330089451,0.12439686824059107,1.788785313730996,-0.010606761441985555,9.548997854034097,20.0,0.0,2.0,31.76553770289099,1.6078183380416022,1.1578183380416023,0,0,0
5.621503115,1787250378.342463732,1787250378.342344522,-11.706493980225813,1.9331492517728033,1.9983226529402913,0.6102347281584386,0.0,0.0,0.0,0.0,0.009869497244686906,0.004570686098309112,0.30037300080244506,0.9537598032217872,0.12586749906192435,1.786768149741652,-0.00997096999840816,9.566920106124211,20.0,0.0,2.0,31.765371544517134,1.6068364480591106,1.1568364480591107,0,0,0
5.631473064,1787250378.352433681,1787250378.352344751,-11.705228549273942,1.9510046603033984,1.998226203073488,0.6094141785148103,0.0,0.0,0.0,0.0,0.012146711526062294,0.0031301141281840812,0.2999980335225879,0.9538573476506995,0.1271958177801489,1.784227960242179,-0.009315914784190613,9.584820559522525,20.0,0.0,2.0,31.765200136195844,1.605976699824627,1.155976699824627,0,0,0
5.641488075,1787250378.362448692,1787250378.362344027,-11.703950502898454,1.9688321310286787,1.9981363932520457,0.6085839083595618,0.0,0.0,0.0,0.0,0.01435111230219325,0.0017740949708051133,0.29962178947693413,0.953948468961172,0.12839245447211986,1.7811837485856652,-0.008643432683005292,9.6026940085686,20.0,0.0,2.0,31.765024491151213,1.6042540014341728,1.154254001434173,0,0,0
5.651473284,1787250378.372433901,1787250378.372344732,-11.702661100393339,1.9866267191187819,1.9980533793063726,0.6077470782963578,0.0,0.0,0.0,0.0,0.01647907027734199,0.0005077709696705444,0.2992452088395356,0.9540337978279488,0.12946904736413156,1.7776547826037914,-0.00795752595411132,9.620535443920943,20.0,0.0,2.0,31.764845511301356,1.6027176962754242,1.1527176962754242,0,0,0
5.661473036,1787250378.382433653,1787250378.382344246,-11.701361482742938,2.004383679038811,1.9979772739629191,0.6069041390821667,0.0,0.0,0.0,0.0,0.01852838651205215,-0.0006731065758116814,0.29886805631459856,0.9541143174355637,0.1304373348813612,1.7736614738180922,-0.007262217294962657,9.638340061964081,20.0,0.0,2.0,31.76466398191165,1.601368378835266,1.151368378835266,0,0,0
5.671456814,1787250378.392417431,1787250378.392344713,-11.700052680593329,2.0220984679039815,1.9979081558697167,0.6060552767203234,0.0,0.0,0.0,0.0,0.020494008045717875,-0.0017766574440995777,0.298490020922515,0.9541910429951777,0.13130749829764066,1.7692240270436532,-0.006560673562241894,9.656103267894183,20.0,0.0,2.0,31.764480580392053,1.6002062610883303,1.1502062610883304,0,0,0
5.681470156,1787250378.402430773,1787250378.402344704,-11.698735632086619,2.039766748940454,1.9978460701560523,0.6052026693703028,0.0,0.0,0.0,0.0,0.022372763284657347,-0.0028139338924155145,0.29811181178100654,0.9542645801431088,0.13208778135044594,1.7643633420572187,-0.005856204062801809,9.673820678150443,20.0,0.0,2.0,31.764295894957513,1.5992312013277263,1.1492312013277264,0,0,0
5.691479683,1787250378.412440300,1787250378.412344694,-11.697411204619309,2.0573843924125503,1.9977910323475718,0.604350417538366,0.0,0.0,0.0,0.0,0.024159924699682492,-0.0037948030120008845,0.2977350536777472,0.9543352321485961,0.13278411418887573,1.7591000147657259,-0.005151605461468221,9.691488119922994,20.0,0.0,2.0,31.764110447050243,1.5979806942936732,1.1479806942936732,0,0,0
5.701472521,1787250378.422433138,1787250378.422344446,-11.696080215632117,2.0749474777026347,1.9977430295269791,0.6035009754892574,0.0,0.0,0.0,0.0,0.02585315088940868,-0.004726848613131548,0.2973605939943933,0.9544034517071801,0.13340065303827472,1.7534551908384721,-0.004449525769596367,9.709101631806249,20.0,0.0,2.0,31.763924712870825,1.5962780318699619,1.146278031869962,0,0,0
5.711476326,1787250378.432436943,1787250378.432344675,-11.694743447796576,2.092452294119288,1.9977020275438948,0.6026562363620437,0.0,0.0,0.0,0.0,0.027450667808745256,-0.005615423032534074,0.2969890084124943,0.9544697254199229,0.1339402850065989,1.7474497499297634,-0.0037516913322812656,9.726657463520795,20.0,0.0,2.0,31.763739139236844,1.594762582549337,1.144762582549337,0,0,0
5.721503496,1787250378.442464113,1787250378.442344189,-11.693401663011402,2.109895336030683,1.9976679799600703,0.6018107727238287,0.0,0.0,0.0,0.0,0.02896724665169756,-0.0064851745042259126,0.2966179386712982,0.9545347765228145,0.13440380320793438,1.7411030540142638,-0.0030586137941035346,9.744152070025955,20.0,0.0,2.0,31.763554157875582,1.5934337143096586,1.1434337143096587,0,0,0
5.731469631,1787250378.452430248,1787250378.452344418,-11.692055637737427,2.127273263520433,1.9976408380710438,0.6009569585900338,0.0,0.0,0.0,0.0,0.03042301419692336,-0.007365819652438093,0.29624426113658775,0.9545991423899661,0.13478740774984663,1.7344287225750383,-0.0023706597613861458,9.76158206958302,20.0,0.0,2.0,31.763370218677654,1.5922905955759608,1.1422905955759608,0,0,0
5.741452694,1787250378.462413311,1787250378.462344408,-11.690706207333337,2.1445828461382996,1.9976205473317086,0.6000915017702274,0.0,0.0,0.0,0.0,0.03184339310722817,-0.008288742454564544,0.29586716601375623,0.9546621994920135,0.1350831053152667,1.7274348166869902,-0.001688605484706767,9.778944184216162,20.0,0.0,2.0,31.763187830651713,1.5913322484335992,1.1413322484335993,0,0,0
5.751468897,1787250378.472429514,1787250378.472344398,-11.689354308794043,2.1618208997913366,1.9976070402425286,0.5992152219533778,0.0,0.0,0.0,0.0,0.03324948362060622,-0.00927660442883991,0.2954877284843095,0.954722692075776,0.13527880946169688,1.720122794926335,-0.0010141968177111097,9.796235173367942,20.0,0.0,2.0,31.763007600624263,1.5898142281069876,1.1398142281069876,0,0,0
5.761472225,1787250378.482432842,1787250378.482344389,-11.688001011330545,2.1789842326977196,1.9976002338563592,0.5983270398279572,0.0,0.0,0.0,0.0,0.034659365959076316,-0.010342607015400455,0.2951060004879787,0.9547796642720398,0.13536041976858104,1.712489820071654,-0.0003487204477242519,9.813451777469998,20.0,0.0,2.0,31.76283026021624,1.5881414999285883,1.1381414999285884,0,0,0
5.771470308,1787250378.492430925,1787250378.492344618,-11.686647529920329,2.19606960564564,1.997600028794879,0.5974270013887852,0.0,0.0,0.0,0.0,0.036081667593211415,-0.01148558673748513,0.2947222170647128,0.9548324509197669,0.13531325341115522,1.704529721138134,0.0003056351598159263,9.830590677106187,20.0,0.0,2.0,31.762656676640077,1.5866538317865138,1.1366538317865138,0,0,0
5.781485319,1787250378.502445936,1787250378.502344608,-11.685295218624661,2.2130737157048888,1.9976063012632865,0.5965190101382154,0.0,0.0,0.0,0.0,0.03751863819299139,-0.012692738162378897,0.2943381439401887,0.9548802559525092,0.13512447679187847,1.6962362044225079,0.0009463995713286594,9.84764847720149,20.0,0.0,2.0,31.762487844819965,1.585350551549802,1.1353505515498021,0,0,0
5.791473627,1787250378.512434244,1787250378.512344122,-11.683945544909662,2.2299932007215557,1.9976189039086825,0.5956102341491692,0.0,0.0,0.0,0.0,0.038963213911065706,-0.013940770923698984,0.2939567112870744,0.9549224967279077,0.1347845004741569,1.6876041362903158,0.0015713768139363187,9.864621713522029,20.0,0.0,2.0,31.762324861975767,1.5842308984590947,1.1342308984590947,0,0,0
5.801469326,1787250378.522429943,1787250378.522344589,-11.682600052542778,2.246824663159628,1.9976376721874547,0.5947037277659787,0.0,0.0,0.0,0.0,0.040406283654624474,-0.015213737308549852,0.2935789286814377,0.954959311736677,0.13428737641536026,1.6786315379228465,0.0021793223194706986,9.88150687948988,20.0,0.0,2.0,31.762168892205057,1.5832939853633283,1.1332939853633284,0,0,0
5.811464787,1787250378.532425404,1787250378.532344103,-11.681260335166922,2.263564698010271,1.997662428078977,0.5938016673822155,0.0,0.0,0.0,0.0,0.04183403494225309,-0.01649692861580029,0.2932052420958344,0.9549913354969345,0.133629010448665,1.6693190720282687,0.002768565812185065,9.89830045630669,20.0,0.0,2.0,31.76202114209582,1.5816813943286068,1.1316813943286068,0,0,0
5.821485281,1787250378.542445898,1787250378.542344332,-11.679928017029832,2.2802099265752145,1.99769297531479,0.5929089164782642,0.0,0.0,0.0,0.0,0.043232403951257714,-0.017779298994073434,0.2928373637148883,0.9550189182358583,0.13280724555534937,1.6596712688585442,0.003337374842716438,9.914998948416196,20.0,0.0,2.0,31.76188284399725,1.5800532589404306,1.1300532589404306,0,0,0
5.831474066,1787250378.552434683,1787250378.552344322,-11.678604738923925,2.2967570304670724,1.9977291032102702,0.5920325663129911,0.0,0.0,0.0,0.0,0.04458559015314587,-0.01904897482373976,0.2924779276245795,0.9550423674169076,0.1318209555309261,1.6496957587205754,0.003884409575768718,9.931598918819132,20.0,0.0,2.0,31.76175524461684,1.5786093218043948,1.1286093218043949,0,0,0
5.841476440,1787250378.562437057,1787250378.562344313,-11.677292144903545,2.313202787423008,1.997770586156559,0.5911774916527334,0.0,0.0,0.0,0.0,0.04588003747054883,-0.020294948643532467,0.29212850093464543,0.9550623415060058,0.13067059570064965,1.6394040142146857,0.004408300767787456,9.948097026157578,20.0,0.0,2.0,31.76163959463673,1.5773485956303712,1.1273485956303713,0,0,0
5.851474285,1787250378.572434902,1787250378.572344780,-11.67599186838869,2.3295441036918647,1.997817190513282,0.5903476376665572,0.0,0.0,0.0,0.0,0.047103281399045696,-0.021505456929983475,0.2917901546739567,0.9550797358540403,0.12935789190123598,1.6288102940431377,0.004908400358758647,9.964490058469506,20.0,0.0,2.0,31.761537137580877,1.5762698970604003,1.1262698970604004,0,0,0
5.861472845,1787250378.582433462,1787250378.582344770,-11.674705518712388,2.3457780436846383,1.9978686700731143,0.5895430080856834,0.0,0.0,0.0,0.0,0.048246598335321605,-0.02267828996153854,0.2914623223135574,0.9550956368788827,0.1278856409489265,1.617931686967209,0.005383407213316596,9.980774964159247,20.0,0.0,2.0,31.761449099024894,1.5753718435578998,1.1253718435578999,0,0,0
5.871468544,1787250378.592429161,1787250378.592344522,-11.673434680392845,2.361901847784125,1.9979247768332589,0.5887624851602925,0.0,0.0,0.0,0.0,0.049303789523524516,-0.023814361196995166,0.2911440118423628,0.9551110809260529,0.12625595785867214,1.6067862725313482,0.005833568386814171,9.996948870200818,20.0,0.0,2.0,31.761376687704036,1.5738968441571368,1.1238968441571369,0,0,0
5.881470442,1787250378.602431059,1787250378.602344513,-11.672180918452954,2.3779129439421656,1.9979852527084614,0.5880076092235814,0.0,0.0,0.0,0.0,0.05027242579279184,-0.02491749641542734,0.29083566505565994,0.9551263882381889,0.12447055151581075,1.595393252036734,0.006257314161334121,10.013009093627515,20.0,0.0,2.0,31.76132110223675,1.5723369684433421,1.1223369684433422,0,0,0
5.891478777,1787250378.612439394,1787250378.612344503,-11.670945785844042,2.39380894988615,1.998049838092212,0.5872819490479472,0.0,0.0,0.0,0.0,0.0511526322108661,-0.025989859412284762,0.29053874828436443,0.9551414404008363,0.12253022972653697,1.583771406350664,0.006655140094792445,10.028953143577406,20.0,0.0,2.0,31.761283539264575,1.5709588145265356,1.1209588145265357,0,0,0
5.901448488,1787250378.622409105,1787250378.622344732,-11.669730827062091,2.4095876724288967,1.9981182617387045,0.586587595504934,0.0,0.0,0.0,0.0,0.05194727338591221,-0.027031568918476915,0.2902540906166096,0.9551561851079121,0.12043594143607357,1.571939597808341,0.007025116328816372,10.044778720714376,20.0,0.0,2.0,31.761265197574026,1.5697608526117592,1.1197608526117593,0,0,0
5.911466837,1787250378.632427454,1787250378.632344484,-11.668537576100743,2.4252471011223227,1.9981902516370291,0.5859259999450893,0.0,0.0,0.0,0.0,0.0526606507486251,-0.028039353220950677,0.2899822277048954,0.9551706434710964,0.11818899581801637,1.5599156489668615,0.0073677491417400084,10.060483711558268,20.0,0.0,2.0,31.76126727612732,1.5687414119062655,1.1187414119062655,0,0,0
5.921489477,1787250378.642450094,1787250378.642344475,-11.667367548378603,2.440785404664822,1.998265511660123,0.5852951395947872,0.0,0.0,0.0,0.0,0.05329558367741921,-0.029012474219585107,0.2897220643282957,0.9551853131939855,0.11579165166260573,1.54771739717355,0.0076793501566175745,10.076066185877853,20.0,0.0,2.0,31.761290966271773,1.567898684803404,1.117898684803404,0,0,0
5.931440830,1787250378.652401447,1787250378.652344227,-11.666222237143822,2.456200923482202,1.998343743142148,0.5846921854593147,0.0,0.0,0.0,0.0,0.05385429584807384,-0.029949570238213128,0.2894721120745424,0.95520083458525,0.11324614410362231,1.5353615697477314,0.007961454132463304,10.091524390120206,20.0,0.0,2.0,31.761337448096914,1.5668350275258076,1.1168350275258077,0,0,0
5.941444874,1787250378.662405491,1787250378.662344456,-11.665103109340794,2.471492168374736,1.9984246281556117,0.5841193205518851,0.0,0.0,0.0,0.0,0.054337633223125355,-0.030848243170061636,0.2892332281484546,0.9552172251607767,0.11055547470103919,1.5228653674770662,0.008210351304828424,10.106856746748864,20.0,0.0,2.0,31.761407886699832,1.5653631294526775,1.1153631294526776,0,0,0
5.951462269,1787250378.672422886,1787250378.672344446,-11.664011600343288,2.48665781745248,1.9985078501294342,0.5835815732332046,0.0,0.0,0.0,0.0,0.05474667127451242,-0.03170397675931364,0.28900761854457374,0.9552341368822617,0.10772307875291573,1.5102452737499874,0.008428266678693291,10.122061852132841,20.0,0.0,2.0,31.761503427172382,1.5640688389929427,1.1140688389929427,0,0,0
5.961472511,1787250378.682433128,1787250378.682344675,-11.66294910387549,2.5016967190627213,1.9985930757506232,0.5830823571787447,0.0,0.0,0.0,0.0,0.05508162984075475,-0.03250937010865975,0.2887966568819261,0.95525161391282,0.10475387694404527,1.4975186806183374,0.008611512946602812,10.13713848052891,20.0,0.0,2.0,31.761625185248548,1.5629502766119054,1.1129502766119055,0,0,0
5.971454620,1787250378.692415237,1787250378.692344904,-11.661916958212691,2.516607892066503,1.9986799786074922,0.5826240862297462,0.0,0.0,0.0,0.0,0.05534376017245266,-0.03325535673399088,0.28860127779937145,0.9552698319904378,0.10165416141536551,1.4847025354586818,0.008763064574922902,10.152085585838115,20.0,0.0,2.0,31.761774234032085,1.5620054280442917,1.1120054280442917,0,0,0
5.981500626,1787250378.702461243,1787250378.702344418,-11.660916427216971,2.531390532056355,1.9987682151024635,0.5822114816541366,0.0,0.0,0.0,0.0,0.05553351340789749,-0.033930381439050264,0.2884234751927842,0.9552887820244165,0.0984325262130578,1.471815004764802,0.008878815472051393,10.166902309262072,20.0,0.0,2.0,31.761951586045466,1.5612321367010191,1.1112321367010192,0,0,0
5.991451740,1787250378.712412357,1787250378.712344408,-11.659948679065726,2.5460440128198156,1.99885745158642,0.581849550548171,0.0,0.0,0.0,0.0,0.05565248128226221,-0.034523080279013144,0.2882654635968718,0.9553083171167605,0.09509961089273644,1.4588738867394944,0.008961871018178946,10.181587982488704,20.0,0.0,2.0,31.76215817260704,1.5606280939756552,1.1106280939756552,0,0,0
6.001449108,1787250378.722409725,1787250378.722344160,-11.659014761268855,2.560567897502314,1.9989473151252384,0.5815401944369778,0.0,0.0,0.0,0.0,0.05569715759721376,-0.03501800193530449,0.28812773245036744,0.9553292500332332,0.09166887394793442,1.4458990193089325,0.009004865047105582,10.196142140113844,20.0,0.0,2.0,31.762394820291874,1.5595133304182518,1.1095133304182518,0,0,0
6.011466503,1787250378.732427120,1787250378.732344389,-11.658115575682366,2.5749619466616593,1.9990374387124663,0.5812828935226246,0.0,0.0,0.0,0.0,0.05566410655470737,-0.035401430984486795,0.28800967806389155,0.9553526423615786,0.08815603527343556,1.432910437390915,0.009012994124993515,10.21056452924261,20.0,0.0,2.0,31.7626622271582,1.5583166508447113,1.1083166508447113,0,0,0
6.021489143,1787250378.742449760,1787250378.742344379,-11.657251853152296,2.589226136759848,1.9991274357315125,0.5810805291588726,0.0,0.0,0.0,0.0,0.055547728450981215,-0.03565928356998152,0.28791225480996474,0.9553791911536768,0.08457945960653897,1.419930938734511,0.008980554729445462,10.224855128783204,20.0,0.0,2.0,31.76296093947419,1.5572889845818938,1.1072889845818938,0,0,0
6.031490088,1787250378.752450705,1787250378.752344370,-11.656424132628091,2.603360671193508,1.999216945152999,0.5809361909964608,0.0,0.0,0.0,0.0,0.055345458405529145,-0.03578295409800574,0.2878367597331239,0.9554090538487888,0.08095913342509908,1.4069834003026325,0.008914784183438917,10.239014161125107,20.0,0.0,2.0,31.763291332327796,1.5564275765664928,1.1064275765664928,0,0,0
6.041482925,1787250378.762443542,1787250378.762344122,-11.655632744303883,2.6173659950227672,1.9993056000664984,0.5808498937863353,0.0,0.0,0.0,0.0,0.055054643188463905,-0.035764892000138146,0.28778306273218796,0.9554427076324833,0.07731666396222445,1.394092828722178,0.00881087891844382,10.253042106474865,20.0,0.0,2.0,31.76365359457783,1.5557294467816984,1.1057294467816985,0,0,0
6.051469803,1787250378.772430420,1787250378.772344589,-11.654877799897893,2.631242796609958,1.999393072242426,0.5808185547520597,0.0,0.0,0.0,0.0,0.05467704593420119,-0.03560528760507204,0.28774988345491986,0.9554803444938831,0.07367404768329995,1.3812830620897953,0.008678090969179628,10.266939703919315,20.0,0.0,2.0,31.764047719859974,1.5551913943300524,1.1051913943300524,0,0,0
6.061490297,1787250378.782450914,1787250378.782344580,-11.65415919262289,2.6449920070967146,1.9994790559949163,0.5808408295756,0.0,0.0,0.0,0.0,0.05421283367838108,-0.0353157585265688,0.28773689298657906,0.9555214525476041,0.07005250636572206,1.368578403166662,0.008514625256093143,10.280707949218936,20.0,0.0,2.0,31.764473507062895,1.5548100112077408,1.1048100112077408,0,0,0
6.071452379,1787250378.792412996,1787250378.792344570,-11.653476620264861,2.6586147875547566,1.99956329894375,0.5809147048347761,0.0,0.0,0.0,0.0,0.05366595614947611,-0.03491848672195946,0.2877437672548469,0.9555648532891944,0.06646972429212876,1.3560007125377032,0.008329603581702177,10.294348079324854,20.0,0.0,2.0,31.76493058278212,1.554027462744733,1.104027462744733,0,0,0
6.081423998,1787250378.802384615,1787250378.802344322,-11.65282962237437,2.6721125149692395,1.999645561957749,0.5810343504702847,0.0,0.0,0.0,0.0,0.053039455976563496,-0.03443708071117297,0.2877683472033455,0.9556099004979266,0.06293949389835114,1.3435709354414012,0.00811987673134008,10.307861554778247,20.0,0.0,2.0,31.76541843768695,1.553079679706008,1.103079679706008,0,0,0
6.091449738,1787250378.812410355,1787250378.812344551,-11.652217624759531,2.6854867574513217,1.99972564735147,0.58119129277114,0.0,0.0,0.0,0.0,0.0523403841052333,-0.033896964770859114,0.28780739941483874,0.9556559950176148,0.05947086161355226,1.3313065947774247,0.00789358296950625,10.321250031790976,20.0,0.0,2.0,31.76593646919375,1.5522851159593545,1.1022851159593545,0,0,0
6.101436853,1787250378.822397470,1787250378.822344542,-11.651639981377924,2.6987392524342315,1.9998033609439714,0.5813799554413132,0.0,0.0,0.0,0.0,0.05157429125135982,-0.033316782954184554,0.2878589043576378,0.9557025351214278,0.05606924644851062,1.319223760410395,0.007646626249578416,10.334515337462193,20.0,0.0,2.0,31.76648402171789,1.551640124601981,1.1016401246019811,0,0,0
6.111448288,1787250378.832408905,1787250378.832344532,-11.651096008444066,2.711871879951703,1.9998785411717277,0.581596196276078,0.0,0.0,0.0,0.0,0.05074984064391522,-0.0327116232225287,0.2879215835742244,0.9557486934821703,0.052737033293702155,1.307335216443619,0.007386112781329374,10.347659441240392,20.0,0.0,2.0,31.767060418675328,1.5511410635956242,1.1011410635956242,0,0,0
6.121473312,1787250378.842433929,1787250378.842344284,-11.650585005686422,2.7248866448400997,1.9999510153644604,0.5818412099487541,0.0,0.0,0.0,0.0,0.04987064350098495,-0.0320859651857202,0.28799634324942675,0.9557936576635444,0.04947530934494099,1.295652982627375,0.007106480497696857,10.360684435728958,20.0,0.0,2.0,31.767664982365478,1.550784324777223,1.100784324777223,0,0,0
6.131453276,1787250378.852413893,1787250378.852344275,-11.650106265143796,2.737785660419559,2.000020637813361,0.5821174892002056,0.0,0.0,0.0,0.0,0.048941748766083454,-0.031440033759376436,0.28808469755433214,0.9558365114076548,0.04628478331496921,1.2841871327606913,0.006815020296849439,10.373592520122534,20.0,0.0,2.0,31.768297041511676,1.5505663492919965,1.1005663492919966,0,0,0
6.141428471,1787250378.862389088,1787250378.862344503,-11.649659066465478,2.7505711446357446,2.000087253975827,0.5824234426030606,0.0,0.0,0.0,0.0,0.047964215040029054,-0.030764265194133847,0.28818592480291233,0.9558775375581064,0.043167387677718785,1.2729483582015086,0.006506247697217828,10.386385996233948,20.0,0.0,2.0,31.76895592638852,1.5504467919360336,1.1004467919360337,0,0,0
6.151442051,1787250378.872402668,1787250378.872344732,-11.649242661193844,2.7632454171552028,2.0001507358864594,0.5827541082239008,0.0,0.0,0.0,0.0,0.046941628744255094,-0.030048067324578896,0.2882977813781892,0.9559173533278429,0.04012695656694986,1.2619465962885568,0.006187574232140241,10.399067266170382,20.0,0.0,2.0,31.769640953043254,1.5496782117139656,1.0996782117139656,0,0,0
6.161445618,1787250378.882406235,1787250378.882344484,-11.648856249190255,2.7758109037564247,2.000210953781037,0.583107194875275,0.0,0.0,0.0,0.0,0.045874461380410216,-0.029274596636269728,0.28841911633585443,0.9559565602666712,0.03717007412435841,1.2511929518292815,0.005854558621167037,10.41163883703312,20.0,0.0,2.0,31.770351400320134,1.5490447551778608,1.0990447551778608,0,0,0
6.171456814,1787250378.892417431,1787250378.892344713,-11.648498949791236,2.788270139025534,2.000267810409321,0.583480361036888,0.0,0.0,0.0,0.0,0.044766473298427506,-0.02843039214393158,0.28854892834179796,0.9559953930975628,0.034306272015452846,1.2406982889031197,0.005514682107475373,10.424103324147628,20.0,0.0,2.0,31.771086481498248,1.5485430172701098,1.0985430172701098,0,0,0
6.183738470,1787250378.904699087,1787250378.903440952,-11.648169772310757,2.800625772807786,2.000321205385003,0.5838686042306924,0.0,0.0,0.0,0.0,0.04361877439874157,-0.027499159467279724,0.2886848239590991,0.9560346600224537,0.03154799922600554,1.2304745633761598,0.005163377374300895,10.436463457439718,20.0,0.0,2.0,31.771845315616975,1.5481695506504687,1.0981695506504687,0,0,0
6.191671133,1787250378.912631750,1787250378.912348509,-11.64786758834723,2.8128805708262843,2.0003710764016818,0.5842646123839895,0.0,0.0,0.0,0.0,0.042436695589571465,-0.02647265107496893,0.288823544482173,0.9560749373167646,0.02891019837958526,1.2205330413654472,0.004810143073654203,10.44872208202571,20.0,0.0,2.0,31.772626900100487,1.5479208436343446,1.0979208436343446,0,0,0
6.201566696,1787250378.922527313,1787250378.922347307,-11.647591112757606,2.8250374120755204,2.0004173875044633,0.5846692117338325,0.0,0.0,0.0,0.0,0.04122471809683592,-0.025347195116689515,0.2889657257618007,0.9561155012091942,0.026409100604661347,1.2108849706030251,0.00445205874198988,10.460882154913199,20.0,0.0,2.0,31.77343009173125,1.5477933066697498,1.0977933066697498,0,0,0
6.211541891,1787250378.932502508,1787250378.932346582,-11.647338894765165,2.8370992816838063,2.0004601329774565,0.5850880280156774,0.0,0.0,0.0,0.0,0.039987439985616165,-0.024125120450011098,0.2891143452796736,0.9561547356783707,0.024061439115452943,1.2015403569927936,0.004097126048262671,10.472946736942363,20.0,0.0,2.0,31.774253597306878,1.5477832686423554,1.0977832686423554,0,0,0
6.221623659,1787250378.942584276,1787250378.942346334,-11.647109318671387,2.8490692627930043,2.0004993228265597,0.5855159801822718,0.0,0.0,0.0,0.0,0.038728039265834076,-0.02281099505460033,0.2892672168220741,0.9561925929180032,0.02188335488492988,1.192508741374876,0.0037414039220176787,10.48491898354781,20.0,0.0,2.0,31.775095973756752,1.547886982348258,1.097886982348258,0,0,0
6.231514931,1787250378.952475548,1787250378.952348948,-11.646900611353372,2.8609505274205165,2.0005349848143905,0.5859405688726756,0.0,0.0,0.0,0.0,0.03744915996609084,-0.02141255980374134,0.2894186037031877,0.9562300635992275,0.019890094097638183,1.1837984155044852,0.0033914956778177095,10.496802134631212,20.0,0.0,2.0,31.77595563490475,1.5473931227001325,1.0973931227001326,0,0,0
6.241501331,1787250378.962461948,1787250378.962344646,-11.646710854585882,2.8727463284825,2.000567164460473,0.586355287392387,0.0,0.0,0.0,0.0,0.0361501905470579,-0.019934596192654162,0.28956549165408163,0.9562675366450423,0.01809548725503481,1.1754172908036855,0.0030458661436318455,10.508599505772882,20.0,0.0,2.0,31.77683086311864,1.5469506705555105,1.0969506705555105,0,0,0
6.251448154,1787250378.972408772,1787250378.972346306,-11.646537996618296,2.884459994765714,2.0005959406946356,0.5867568299605863,0.0,0.0,0.0,0.0,0.03483396262164278,-0.018388013662693815,0.28970655033768977,0.9563046537024957,0.016512273057307743,1.167372600571543,0.002710740963844769,10.5203144827572,20.0,0.0,2.0,31.777719820464693,1.5466158039220492,1.0966158039220493,0,0,0
6.261447430,1787250378.982408047,1787250378.982344627,-11.646379869964688,2.896094923211522,2.000621408302645,0.5871461579146631,0.0,0.0,0.0,0.0,0.03349957490716801,-0.016786243432663137,0.289842425415242,0.9563406134541543,0.015150731320368545,1.1596707135568642,0.002384934143041414,10.531950513548528,20.0,0.0,2.0,31.778620565790867,1.5463845443342303,1.0963845443342304,0,0,0
6.271481752,1787250378.992442369,1787250378.992344856,-11.646234217944222,2.90765456999788,2.000643689613296,0.5875249247304964,0.0,0.0,0.0,0.0,0.03214917601217216,-0.015149375256866932,0.2899742559714299,0.9563743293213598,0.014018253301505119,1.1523170684063762,0.002073199052122862,10.543511099381142,20.0,0.0,2.0,31.779531080394335,1.5462529166914525,1.0962529166914525,0,0,0
6.281458139,1787250379.002418756,1787250379.002344847,-11.64609872857851,2.919142439422591,2.0006629099397037,0.5878868811225274,0.0,0.0,0.0,0.0,0.030781984446156065,-0.013493097072746945,0.2900992935884336,0.9564061927990816,0.01311860718211827,1.1453158698785364,0.001773345333945996,10.554999783844925,20.0,0.0,2.0,31.780449300789094,1.5462169859751334,1.0962169859751334,0,0,0
6.291423559,1787250379.012384176,1787250379.012344837,-11.645971065824986,2.9305620732949897,2.0006792124988273,0.5882215666360286,0.0,0.0,0.0,0.0,0.02940076422661639,-0.011834341090980086,0.29021287183097366,0.9564371555190923,0.012452828688067253,1.1386703773886628,0.001489522216297526,10.56642014291685,20.0,0.0,2.0,31.781373148839823,1.5462728907635714,1.0962728907635715,0,0,0
6.301424026,1787250379.022384644,1787250379.022345304,-11.64584889775461,2.9419170394101366,2.0006927476190874,0.5885225125174631,0.0,0.0,0.0,0.0,0.028005795397287005,-0.010181061646329183,0.2903120696221225,0.9564679417730836,0.012019331058634985,1.1323826356594973,0.001220290104925369,10.577775774282523,20.0,0.0,2.0,31.782300558741618,1.5464168730964225,1.0964168730964226,0,0,0
6.311435461,1787250379.032396078,1787250379.032345057,-11.64572991284242,2.953210923990824,2.0007036786370995,0.588786135883111,0.0,0.0,0.0,0.0,0.026601058670191313,-0.008540213514127188,0.29039538687845273,0.9564988069571608,0.01181567562647324,1.1264542145844436,0.0009686618751094062,10.589070290908673,20.0,0.0,2.0,31.783229492506134,1.5464376796221249,1.096437679622125,0,0,0
6.321433067,1787250379.042393684,1787250379.042344332,-11.645611829425661,2.96444732276689,2.0007121763096545,0.5890147429781641,0.0,0.0,0.0,0.0,0.02518863895824982,-0.006913101013804238,0.2904640177238636,0.9565293492149183,0.011838504882050146,1.1208855381213003,0.0007339290724783741,10.600307313350518,20.0,0.0,2.0,31.784157948502273,1.5460204552676458,1.0960204552676458,0,0,0
6.331448793,1787250379.052409410,1787250379.052344322,-11.645492397986661,2.975629834287775,2.0007184203641795,0.5892127624301006,0.0,0.0,0.0,0.0,0.02377416652701618,-0.005302222024308486,0.2905202122908623,0.9565587706450781,0.012084724418562214,1.115676643693146,0.0005176873884276294,10.611490464372102,20.0,0.0,2.0,31.78508396304567,1.5456843126014583,1.0956843126014584,0,0,0
6.341446400,1787250379.062407017,1787250379.062344313,-11.645369400694808,2.986762051052928,2.0007225866158787,0.5893760266593687,0.0,0.0,0.0,0.0,0.022360411446064724,-0.003703281359864912,0.2905619498367959,0.9565877121383966,0.012551294942790768,1.110826410337681,0.00031866514888243664,10.62262336138042,20.0,0.0,2.0,31.786005609043936,1.5454258866100412,1.0954258866100413,0,0,0
6.351469755,1787250379.072430372,1787250379.072344780,-11.645240643286485,2.9978475541194367,2.000724858225576,0.589496164976896,0.0,0.0,0.0,0.0,0.020952734078689684,-0.002113519426208012,0.29058521824123695,0.9566173461264204,0.013236494336346022,1.1063335868379658,0.0001387671603903674,10.633709612408968,20.0,0.0,2.0,31.78692098732858,1.5452419309552272,1.0952419309552273,0,0,0
6.361469030,1787250379.082429647,1787250379.082344770,-11.645103945092787,3.0088899070139306,2.0007254242580266,0.5895689204570116,0.0,0.0,0.0,0.0,0.019553284380915612,-0.0005240209616250646,0.29058782824106355,0.95664837247031,0.014139513989690872,1.1021960887505264,-2.2354508562772613e-05,10.644752811409397,20.0,0.0,2.0,31.78782821607191,1.545129308183542,1.095129308183542,0,0,0
6.371473551,1787250379.092434168,1787250379.092344522,-11.644957122785543,3.019892654870539,2.0007244744027646,0.5895925614427275,0.0,0.0,0.0,0.0,0.018166342671505253,0.0010712909897280499,0.2905688302522013,0.9566810289827139,0.015261598318389837,1.0984122166451329,-0.00016473496150205407,10.655756538872772,20.0,0.0,2.0,31.788725414441195,1.545084973429664,1.0950849734296642,0,0,0
6.381487846,1787250379.102448463,1787250379.102344275,-11.644797974773804,3.0308593224977556,2.0007221876740484,0.5895610587864497,0.0,0.0,0.0,0.0,0.016792513403930065,0.0026831628760561367,0.2905251069367317,0.9567162454824105,0.01660529930831812,1.0949797598014586,-0.0002895628982678944,10.666724361453605,20.0,0.0,2.0,31.789610686804185,1.5451059587025497,1.0951059587025498,0,0,0
6.391495228,1787250379.112455845,1787250379.112344503,-11.644624262405372,3.041793416615774,2.0007187431150255,0.5894680875594854,0.0,0.0,0.0,0.0,0.015434481571117237,0.004316441253509517,0.2904534792388708,0.9567548910309112,0.018175283999340118,1.0918972007957912,-0.00039672287847169297,10.677659835930445,20.0,0.0,2.0,31.79048210415774,1.5451893540342496,1.0951893540342497,0,0,0
6.401471615,1787250379.122432232,1787250379.122344732,-11.644433699853277,3.0526984248660374,2.0007143024697416,0.589323041017183,0.0,0.0,0.0,0.0,0.014094553057327633,0.005965169326867306,0.2903584402483194,0.9567955562739509,0.019976000090054537,1.0891621432883183,-0.0004889306296940751,10.688566509976363,20.0,0.0,2.0,31.79133769390362,1.5451576667606923,1.0951576667606924,0,0,0
6.411470175,1787250379.132430792,1787250379.132344246,-11.644223963721817,3.063577806641513,2.000709014318148,0.5891423767981425,0.0,0.0,0.0,0.0,0.01277819222046061,0.007612218315353929,0.29024802896116825,0.9568358551078933,0.022010185718858717,1.086771111763616,-0.0005660605031888609,10.69944791452844,20.0,0.0,2.0,31.792175448468978,1.5446532115354736,1.0946532115354737,0,0,0
6.421470165,1787250379.142430782,1787250379.142344475,-11.643992719549985,3.0744349747177253,2.000703037397914,0.5889238260556992,0.0,0.0,0.0,0.0,0.011488234929231792,0.009239056130127907,0.2901213456062783,0.9568763060728579,0.024277251000810282,1.084718357608067,-0.0006264966185383184,10.710307546576797,20.0,0.0,2.0,31.79299334983986,1.5442041315686459,1.094204131568646,0,0,0
6.431467533,1787250379.152428150,1787250379.152344704,-11.643737655141345,3.085273278121863,2.0006965399724845,0.58865638090881,0.0,0.0,0.0,0.0,0.01022882361202521,0.010824538788525568,0.2899733522829567,0.9569188343288652,0.02677324485383481,1.0829967907526774,-0.0006700643974661612,10.721148852805717,20.0,0.0,2.0,31.793789400970606,1.543807672224556,1.093807672224556,0,0,0
6.441470623,1787250379.162431240,1787250379.162344694,-11.643456516120926,3.096095984343622,2.000689692725222,0.5883392583521223,0.0,0.0,0.0,0.0,0.009000968912265185,0.012354548164249574,0.2898038084946311,0.9569640015592566,0.02949074975192899,1.0815973861784556,-0.000696839182386741,10.73197521211973,20.0,0.0,2.0,31.79456165930867,1.543461225901739,1.093461225901739,0,0,0
6.451467752,1787250379.172428370,1787250379.172344685,-11.643147133117452,3.1069062680916337,2.0006826496247645,0.5879782080334203,0.0,0.0,0.0,0.0,0.007806565253413679,0.013817821180741591,0.28961555315363297,0.9570114715761125,0.03242028764375366,1.0805105812446532,-0.0007093852229897484,10.742789924421064,20.0,0.0,2.0,31.795308262585486,1.5431623572999913,1.0931623572999913,0,0,0
6.461469173,1787250379.182429790,1787250379.182344437,-11.642807441639654,3.117707202634627,2.0006755518120585,0.5875759785051344,0.0,0.0,0.0,0.0,0.0066437856412094425,0.015205629767641452,0.2894099839924386,0.9570613930679784,0.035550398602204276,1.0797258157485483,-0.0007080886242852669,10.753596201656128,20.0,0.0,2.0,31.796027447566715,1.5429088209233102,1.0929088209233102,0,0,0
6.471460342,1787250379.192420959,1787250379.192344427,-11.6424354998435,3.1285017568080336,2.0006685254980865,0.5871341712835259,0.0,0.0,0.0,0.0,0.005511556093675943,0.01651033369126446,0.2891879373131276,0.9571140833481702,0.03886805485622484,1.0792327269721038,-0.0006952146609886133,10.76439716410729,20.0,0.0,2.0,31.79671756724322,1.5426985761633711,1.0926985761633712,0,0,0
6.481470108,1787250379.202430725,1787250379.202344894,-11.642029502278316,3.139292794154245,2.000661686464694,0.5866522205359321,0.0,0.0,0.0,0.0,0.004405916926159664,0.01773153152620606,0.28894912585183125,0.9571700911307444,0.04235920736563459,1.0790208000525807,-0.0006708472036107482,10.77519583846124,20.0,0.0,2.0,31.797377104225266,1.5425297982268125,1.0925297982268125,0,0,0
6.491499186,1787250379.212459803,1787250379.212349892,-11.641587783645777,3.150083078545973,2.0006551399838943,0.5861294157256028,0.0,0.0,0.0,0.0,0.0033244732163266078,0.01887232483715765,0.28869312088113036,0.9572298915041192,0.04600999757737815,1.0790805795736014,-0.0006367539163875851,10.785995162304014,20.0,0.0,2.0,31.79800467483945,1.5423954912940459,1.092395491294046,0,0,0
6.501463175,1787250379.222423792,1787250379.222344398,-11.641108813272355,3.16087528182781,2.0006489858726657,0.5855638240802297,0.0,0.0,0.0,0.0,0.0022629073337506788,0.019943742894007098,0.2884187979642176,0.9572939586932807,0.049807592671019314,1.0794032706044006,-0.0005925285641032081,10.796797990737725,20.0,0.0,2.0,31.79859902419907,1.5416051268269382,1.0916051268269382,0,0,0
6.511477232,1787250379.232437849,1787250379.232344389,-11.640591178046828,3.1716719965026514,2.000643315411086,0.5849539791503862,0.0,0.0,0.0,0.0,0.0012196431207788453,0.020958160164711893,0.2881251983740847,0.9573625948693957,0.05374136794336327,1.0799817099262405,-0.000540454931285355,10.807607108470027,20.0,0.0,2.0,31.799159010318945,1.540851353906827,1.090851353906827,0,0,0
6.521472692,1787250379.242433310,1787250379.242344618,-11.64003356127557,3.182475745267152,2.0006381978667975,0.5842954475281245,0.0,0.0,0.0,0.0,0.0001978852682068791,0.021923098760687848,0.28780995075026095,0.9574365623012745,0.057802580995294804,1.0808089133828818,-0.000482099423052019,10.818425239085771,20.0,0.0,2.0,31.799683583884207,1.5401330148317074,1.0901330148317074,0,0,0
6.531470299,1787250379.252430916,1787250379.252344608,-11.639434726486087,3.193288978777781,2.0006336896731116,0.5835842381444643,0.0,0.0,0.0,0.0,-0.000794251882701363,0.022840849295294435,0.28747088463234877,0.9575166605632047,0.06198379759260011,1.081877241966533,-0.00041871463645332807,10.829255042518165,20.0,0.0,2.0,31.80017177178639,1.5394491036160995,1.0894491036160996,0,0,0
6.541462183,1787250379.262422800,1787250379.262349844,-11.63879350755983,3.2041140628119624,2.000629839123913,0.5828187365561952,0.0,0.0,0.0,0.0,-0.0017480555928116863,0.023713236858706823,0.28710693199964676,0.9576033815192371,0.06627837243321041,1.0831773454821343,-0.00035080484781058413,10.840099101762064,20.0,0.0,2.0,31.80062266588843,1.5387987544574995,1.0887987544574995,0,0,0
6.551466227,1787250379.272426844,1787250379.272344828,-11.638108800894726,3.2149532623063615,2.0006266819593286,0.582000399065497,0.0,0.0,0.0,0.0,-0.0026541049426268876,0.024540546369084964,0.28671847741988,0.9576968372177523,0.07068040958309377,1.0846983634996124,-0.0002801130747662918,10.850959906468177,20.0,0.0,2.0,31.801035413470377,1.5381812316056576,1.0881812316056576,0,0,0
6.561471701,1787250379.282432318,1787250379.282346725,-11.637379558557644,3.2258087249631258,2.00062424796121,0.5811294235212846,0.0,0.0,0.0,0.0,-0.003505947262689736,0.025325743707026956,0.2863052893877072,0.9577972626334336,0.07518472639345435,1.0864278362208324,-0.00020628827629784062,10.861839836146393,20.0,0.0,2.0,31.801409208586573,1.5375959194963909,1.087595919496391,0,0,0
6.571471930,1787250379.292432547,1787250379.292344332,-11.636604779659324,3.236682470094051,2.0006225613975555,0.5802071487313482,0.0,0.0,0.0,0.0,-0.004299078013346508,0.026072034034867016,0.28586770653554744,0.9579047036786207,0.07978708691560954,1.0883526028003636,-0.00013056568532082263,10.872741148836068,20.0,0.0,2.0,31.80174328215609,1.537042310488621,1.087042310488621,0,0,0
6.581492424,1787250379.302453041,1787250379.302344799,-11.635783500826415,3.247576382955137,2.000621646594319,0.5792359578173928,0.0,0.0,0.0,0.0,-0.005033324283243407,0.026786557049906873,0.2854065903838936,0.9580189059582864,0.08448429694792799,1.090459189047622,-5.21090447923287e-05,10.883665975479232,20.0,0.0,2.0,31.802036891695053,1.5365199913516605,1.0865199913516606,0,0,0
6.591493368,1787250379.312453985,1787250379.312341452,-11.634914783905247,3.2584922174188895,2.000621520580556,0.5782207089752777,0.0,0.0,0.0,0.0,-0.005710616307143054,0.02747617002172545,0.2849240503103061,0.9581392041332513,0.08927447648424115,1.0927348512874022,2.6915891933474936e-05,10.894616323014587,20.0,0.0,2.0,31.802289309139585,1.5354756595752777,1.0854756595752777,0,0,0
6.601471424,1787250379.322432041,1787250379.322345018,-11.633997704888824,3.2694316030165473,2.000622182492717,0.5771699473766022,0.0,0.0,0.0,0.0,-0.0063330304642912364,0.028145060908272238,0.28442402524300503,0.9582644322608319,0.09415659447840792,1.0951674498497386,0.00010512324407777275,10.905594081966884,20.0,0.0,2.0,31.802499810342358,1.5343019909219042,1.0843019909219043,0,0,0
6.611476421,1787250379.332437038,1787250379.332344770,-11.6330313477039,3.280396051045208,2.0006236138241156,0.5760947714874106,0.0,0.0,0.0,0.0,-0.006902467304051311,0.0287939002102073,0.28391174751360615,0.9583931275210458,0.09913000691816966,1.0977454507894921,0.00018092562899507883,10.916601032899397,20.0,0.0,2.0,31.802667669323352,1.5331564320943027,1.0831564320943028,0,0,0
6.621466160,1787250379.342426777,1787250379.342344522,-11.632014802512073,3.2913869598972147,2.000625799035904,0.5750000278285027,0.0,0.0,0.0,0.0,-0.007422129442570052,0.02942370023872005,0.2833894954247928,0.9585246745606922,0.10419408803598897,1.1004578392909965,0.00025589641058543336,10.92763885180964,20.0,0.0,2.0,31.80279215694353,1.5320387598049074,1.0820387598049075,0,0,0
6.631466866,1787250379.352427483,1787250379.352344990,-11.63094716625759,3.302405621382833,2.0006287251867576,0.5738883597627227,0.0,0.0,0.0,0.0,-0.007895704948121654,0.030034276267420817,0.2828585402498406,0.9586587746952477,0.10934806615512564,1.1032943157327784,0.0003291563218708606,10.938709116335335,20.0,0.0,2.0,31.80287254192639,1.5309488039746184,1.0809488039746185,0,0,0
6.641486645,1787250379.362447262,1787250379.362344742,-11.629827544584785,3.313453228077246,2.0006323790645224,0.5727634220954706,0.0,0.0,0.0,0.0,-0.00832814370548924,0.030628005598062443,0.2823206397854399,0.958794880903442,0.11459103885373587,1.1062453962218985,0.0004013046925008998,10.94981331282655,20.0,0.0,2.0,31.80290809336047,1.5298864466151236,1.0798864466151237,0,0,0
6.651473761,1787250379.372434378,1787250379.372345209,-11.62865505133757,3.324530883339181,2.0006367405332517,0.5716303450795904,0.0,0.0,0.0,0.0,-0.008724191476133287,0.031206305712939145,0.28177828573494074,0.9589322461233204,0.11992222308683712,1.1093026966604231,0.0004700927949486102,10.960952846279053,20.0,0.0,2.0,31.802898081090287,1.5288516186092502,1.0788516186092503,0,0,0
6.661474943,1787250379.382435560,1787250379.382344961,-11.62742881094798,3.3356396093999683,2.000641761124813,0.5704897444230627,0.0,0.0,0.0,0.0,-0.009084369269872295,0.03176194409210386,0.2812318604892102,0.9590710577367227,0.1253400986563687,1.1124581867642187,0.0005330539687820254,10.97212904802173,20.0,0.0,2.0,31.802841778797657,1.5278442997219286,1.0778442997219286,0,0,0
6.671465397,1787250379.392426014,1787250379.392344713,-11.62614797111512,3.3467803454598775,2.0006473810806646,0.5693412970277383,0.0,0.0,0.0,0.0,-0.009406856219881582,0.03228281649292327,0.28068132617605857,0.9592118243388119,0.13084136428604015,1.115703151935756,0.0005897327762823757,10.983343172250482,20.0,0.0,2.0,31.80273847628106,1.5268645289171459,1.076864528917146,0,0,0
6.681471348,1787250379.402431965,1787250379.402345419,-11.624811724061848,3.357953937941048,2.0006535311387186,0.568185718308333,0.0,0.0,0.0,0.0,-0.00968862681695035,0.03275669732849889,0.2801271148338597,0.9593549545529999,0.13642044784245239,1.1190277269400402,0.0006390934873350577,10.994596383478655,20.0,0.0,2.0,31.802587499428355,1.5253910767258543,1.0753910767258543,0,0,0
6.691491365,1787250379.412451982,1787250379.412344694,-11.623419327576665,3.3691611287427397,2.0006601394104693,0.5670255617976039,0.0,0.0,0.0,0.0,-0.009927102307994982,0.033173502945081555,0.27957051648001696,0.9595005459389879,0.14206985249851273,1.1224208990793323,0.0006813501944937783,11.005889741584493,20.0,0.0,2.0,31.802388229737783,1.5237311977524428,1.0737311977524429,0,0,0
6.701471090,1787250379.422431707,1787250379.422344923,-11.621970122062866,3.3804025453958766,2.000667136271364,0.5658605864833659,0.0,0.0,0.0,0.0,-0.010120878266530926,0.033528588717307226,0.27901142081815405,0.9596489090364114,0.14778073594738528,1.125870905836354,0.0007170605357716809,11.017224188811717,20.0,0.0,2.0,31.802140120039507,1.5220960548916878,1.0720960548916878,0,0,0
6.711490631,1787250379.432451248,1787250379.432345152,-11.620463538712306,3.3916786962974803,2.0006744587014196,0.56468994746174,0.0,0.0,0.0,0.0,-0.01027027938487123,0.03382168434348235,0.27844940312769406,0.9598002630377622,0.1535438185524164,1.129365724942892,0.0007454629233816599,11.028600542628556,20.0,0.0,2.0,31.801842701907184,1.520486077907027,1.070486077907027,0,0,0
6.721483946,1787250379.442444563,1787250379.442344904,-11.61889910417816,3.402989968549195,2.00068200701485,0.5635051400019285,0.0,0.0,0.0,0.0,-0.010373934673056641,0.03404887366780655,0.2778803885342679,0.9599560121950366,0.15934934802850836,1.1328931274729193,0.0007627993702411652,11.040019491456757,20.0,0.0,2.0,31.80149558985204,1.5189018185256487,1.0689018185256487,0,0,0
6.731473207,1787250379.452433825,1787250379.452344656,-11.617276443812141,3.414336625781744,2.0006896918072465,0.5622965029843647,0.0,0.0,0.0,0.0,-0.010431127689235027,0.03420658642251332,0.27729976317542604,0.9601176711025075,0.16518722590550208,1.1364406002157663,0.0007728344575490787,11.051481590569592,20.0,0.0,2.0,31.801098484081766,1.5173439495171859,1.067343949517186,0,0,0
6.741466761,1787250379.462427378,1787250379.462345362,-11.615595287640874,3.425718804797969,2.000697436918422,0.5610623910146456,0.0,0.0,0.0,0.0,-0.010441578452566526,0.03429367875075917,0.2767067270140133,0.9602855326736683,0.17104671716728245,1.1399953474898468,0.0007750199728295879,11.062987256357209,20.0,0.0,2.0,31.800651175846454,1.5158132662188162,1.0658132662188162,0,0,0
6.751474380,1787250379.472434998,1787250379.472344875,-11.61385547279263,3.437136514805151,2.0007051705811536,0.5598072849802057,0.0,0.0,0.0,0.0,-0.0104071511597632,0.03431311755197664,0.2761034115129107,0.9604588524864219,0.17691723293376094,1.1435447507533298,0.0007705536253015603,11.074536763590153,20.0,0.0,2.0,31.80015354952383,1.5143106842515779,1.064310684251578,0,0,0
6.761469126,1787250379.482429743,1787250379.482345104,-11.612056938860153,3.448589642855165,2.00071282853056,0.5585315321194799,0.0,0.0,0.0,0.0,-0.01033130525463217,0.03427264686542438,0.2754899321436579,0.9606372609346654,0.18278904239867114,1.1470771076725352,0.0007603207686995338,11.08613024991138,20.0,0.0,2.0,31.799605578350633,1.5128372301728183,1.0628372301728184,0,0,0
6.771469831,1787250379.492430449,1787250379.492344618,-11.610199714734739,3.460077965565618,2.0007203652357375,0.5572352097115747,0.0,0.0,0.0,0.0,-0.010219806631841577,0.034184191520497655,0.27486627287893184,0.960820237420165,0.18865408383707408,1.15058211917963,0.0007464523840229771,11.09776772802966,20.0,0.0,2.0,31.799007312369596,1.5107270812272942,1.0607270812272942,0,0,0
6.781483889,1787250379.502444506,1787250379.502344847,-11.608283899627118,3.47160116620343,2.000727747592129,0.5559216281361979,0.0,0.0,0.0,0.0,-0.010079487964921745,0.034063610871988025,0.27423393314554173,0.961006672322442,0.1945064891590371,1.1540514925325878,0.0007295993074009141,11.10944910444535,20.0,0.0,2.0,31.798358861208992,1.5085510248323724,1.0585510248323724,0,0,0
6.791492939,1787250379.512453556,1787250379.512345076,-11.606309637766724,3.4831588562585027,2.0007349479709604,0.5545973896981682,0.0,0.0,0.0,0.0,-0.009918120561533622,0.03392765603038822,0.27359600833633935,0.9611949694329618,0.20034311433587357,1.1574791906737045,0.0007096733009588473,11.121174204067442,20.0,0.0,2.0,31.79766037111011,1.506403578021858,1.0564035780218581,0,0,0
6.801470041,1787250379.522430658,1787250379.522345304,-11.604277093845115,3.4947505972291446,2.00074192338269,0.5532684365762169,0.0,0.0,0.0,0.0,-0.009739407928443872,0.03378396746295662,0.2729553253517361,0.9613839908370604,0.20616280754460162,1.160861063999449,0.0006846371598781883,11.132942795409658,20.0,0.0,2.0,31.796912002768863,1.5042860546035326,1.0542860546035326,0,0,0
6.811472416,1787250379.532433033,1787250379.532344818,-11.602186439411048,3.5063759132989185,2.000748626041949,0.5519413174841651,0.0,0.0,0.0,0.0,-0.009545455218315537,0.03363460541956586,0.27231505923782656,0.9615727253386737,0.21196515775547498,1.1641936851692651,0.0006549977836639071,11.144754605373015,20.0,0.0,2.0,31.79611391911124,1.502199775457523,1.052199775457523,0,0,0
6.821466208,1787250379.542426825,1787250379.542345047,-11.600037849971011,3.518034296487988,2.0007550060317754,0.550620633500289,0.0,0.0,0.0,0.0,-0.009336221016780001,0.03347769110841296,0.2716774603359736,0.9617605922060704,0.217749704086598,1.167473953952793,0.0006202865681629108,11.156609324933987,20.0,0.0,2.0,31.795266282906017,1.5001460638190094,1.0501460638190094,0,0,0
6.831436634,1787250379.552397251,1787250379.552316427,-11.59783150773388,3.5297252067658116,2.0007610190961858,0.5493108996367617,0.0,0.0,0.0,0.0,-0.009111802399553713,0.03331035556858234,0.27104476225726837,0.9619470526602943,0.22351550878598656,1.1706985458105392,0.0005816275711780318,11.16850660888237,20.0,0.0,2.0,31.79436925943913,1.498126246306724,1.048126246306724,0,0,0
6.841436148,1787250379.562396765,1787250379.562302351,-11.595567607056276,3.5414480705964486,2.000766626188838,0.5480151346970495,0.0,0.0,0.0,0.0,-0.008871831693094316,0.03313033638934483,0.2704184573733015,0.9621317629747925,0.2292611255718312,1.1738640820185466,0.0005393235345447683,11.1804460734478,20.0,0.0,2.0,31.793423021696025,1.4961416565688328,1.0461416565688328,0,0,0
6.851479769,1787250379.572440386,1787250379.572344542,-11.593246358277666,3.5532022798052383,2.0007717968032095,0.5467362842653409,0.0,0.0,0.0,0.0,-0.008616905391231021,0.032937047048221015,0.26980000252668423,0.9623143241736678,0.2349848104881213,1.1769670444461249,0.0004940905848100631,11.192427294452,20.0,0.0,2.0,31.79242775397482,1.4939793039439608,1.0439793039439609,0,0,0
6.861468077,1787250379.582428694,1787250379.582344532,-11.590867990300364,3.564987190902798,2.000776495441395,0.5454724380030165,0.0,0.0,0.0,0.0,-0.008344078231855174,0.032729175614800744,0.2691884328552952,0.9624950727348928,0.24068466417510204,1.1800037923998639,0.0004452695751995377,11.204449806081856,20.0,0.0,2.0,31.79138365429901,1.4912788874413383,1.0412788874413383,0,0,0
6.871451378,1787250379.592411995,1787250379.592344284,-11.58843275039885,3.576802120348092,2.000780697312396,0.5442206773774543,0.0,0.0,0.0,0.0,-0.008050403448026999,0.03250657642132991,0.2685822801524433,0.962674437326453,0.24635889691964777,1.1829699446959565,0.0003947638059103403,11.216513096214772,20.0,0.0,2.0,31.79029093361817,1.4886133358128846,1.0386133358128846,0,0,0
6.881467342,1787250379.602427959,1787250379.602344751,-11.585940903038772,3.5886463383863565,2.000784384903374,0.5429802041253328,0.0,0.0,0.0,0.0,-0.0077323029672256415,0.03227100887358469,0.2679810458554255,0.9628525081960042,0.2520059536477856,1.185860645641515,0.0003426096872714955,11.22861660057517,20.0,0.0,2.0,31.78914981385207,1.4859841023264917,1.0359841023264917,0,0,0
6.891490221,1787250379.612450838,1787250379.612344742,-11.583392724777804,3.6005190639768623,2.000787547980529,0.5417525922155652,0.0,0.0,0.0,0.0,-0.007388447592247595,0.03202650124392609,0.26738539866264627,0.9630289521308626,0.25762500182753756,1.1886705828350104,0.0002898879483206152,11.240759698837236,20.0,0.0,2.0,31.78796052215115,1.483392643214626,1.033392643214626,0,0,0
6.901469231,1787250379.622429848,1787250379.622344494,-11.580788495929095,3.6124194640527296,2.000790182761375,0.5405364103679592,0.0,0.0,0.0,0.0,-0.007018708286288854,0.03177970384160924,0.2667945494388713,0.9632037461240697,0.26321622262381683,1.1913947289695777,0.0002372320277964056,11.252941715780429,20.0,0.0,2.0,31.78672328242191,1.4808404065830725,1.0308404065830725,0,0,0
6.911485910,1787250379.632446527,1787250379.632344484,-11.578128488124639,3.624346657285887,2.0007922940211738,0.5393294384499118,0.0,0.0,0.0,0.0,-0.006625597934286716,0.03153836277194095,0.26620738098710317,0.963376906217741,0.2687811069351296,1.1940285220970936,0.0001843777932521217,11.265161927906176,20.0,0.0,2.0,31.785438303292565,1.4783288172046887,1.0283288172046887,0,0,0
6.921475887,1787250379.642436504,1787250379.642344236,-11.575412953749375,3.6362997201569023,2.0007938592171692,0.5381217070546939,0.0,0.0,0.0,0.0,-0.006208214040821651,0.03130545130744212,0.26561903583404795,0.963549663794997,0.274322031321356,1.196567991347207,0.00012858271140905056,11.277419572108531,20.0,0.0,2.0,31.784105768211088,1.4758592633650423,1.0258592633650423,0,0,0
6.931470156,1787250379.652430773,1787250379.652344465,-11.572642117196814,3.648277688877359,2.000794868753738,0.5369019835749679,0.0,0.0,0.0,0.0,-0.005766120835888736,0.031081323317964964,0.2650241053467418,0.9637234700765926,0.2798420314072169,1.1990090035258794,7.34419701745991e-05,11.289713850081979,20.0,0.0,2.0,31.782725826894815,1.473433085712823,1.023433085712823,0,0,0
6.941467524,1787250379.662428141,1787250379.662344456,-11.56981617342765,3.660279558002793,2.000795330358237,0.5356668770373855,0.0,0.0,0.0,0.0,-0.005297976024100817,0.030864992780980947,0.2644209526317124,0.9638987724237519,0.2853439346051954,1.2013473205755871,1.904909736957119e-05,11.302043927977255,20.0,0.0,2.0,31.781298593658782,1.4703526148988106,1.0203526148988107,0,0,0
6.951467514,1787250379.672428131,1787250379.672344446,-11.5669352900723,3.6723042776839376,2.0007952528627477,0.5344190599053101,0.0,0.0,0.0,0.0,-0.004804805822467848,0.03065542632080787,0.2638109245944882,0.964075181063541,0.2908303561654861,1.2035783884192368,-3.44524703307963e-05,11.314408933934523,20.0,0.0,2.0,31.77982414910339,1.4671965492666057,1.0171965492666057,0,0,0
6.961480379,1787250379.682440996,1787250379.682344198,-11.563999609756586,3.6843507545724643,2.0007946458742114,0.5331573212277996,0.0,0.0,0.0,0.0,-0.004288368596785349,0.030452860274973962,0.2631934923120883,0.9642527774398256,0.296303744952811,1.2056980963209283,-8.658905245899099e-05,11.326807959086135,20.0,0.0,2.0,31.778302542440723,1.4640830824312758,1.0140830824312759,0,0,0
6.971493006,1787250379.692453623,1787250379.692344666,-11.561009250299362,3.6964178560799237,2.000793528856992,0.5318803320470649,0.0,0.0,0.0,0.0,-0.003753275125309666,0.030258812339040618,0.26256811587837997,0.9644315951511242,0.3017665985144113,1.2077028037486357,-0.0001363632631397296,11.33924006227596,20.0,0.0,2.0,31.776733792098845,1.4610134758391464,1.0110134758391465,0,0,0
6.981485128,1787250379.702445745,1787250379.702344656,-11.557964304095119,3.7085044191939303,2.000791928441582,0.530589663131093,0.0,0.0,0.0,0.0,-0.003204823980995861,0.03007711208488161,0.26193561679225236,0.9646112320969245,0.307221579626691,1.2095901040089274,-0.00018326280047984144,11.351704279373594,20.0,0.0,2.0,31.77511788605785,1.4579889406859923,1.0079889406859923,0,0,0
6.991486788,1787250379.712447405,1787250379.712344646,-11.554864834475698,3.7206092627152003,2.0007898711466483,0.5292903231229822,0.0,0.0,0.0,0.0,-0.002650069977537444,0.029912208685054568,0.26129849598833815,0.9647908233886392,0.3126718376582694,1.2113588385860417,-0.00022788945722977832,11.364199636624534,20.0,0.0,2.0,31.77345477960698,1.4550106323532506,1.0050106323532506,0,0,0
7.001446724,1787250379.722407341,1787250379.722344160,-11.55171087184926,3.732731201359736,2.0007873756499124,0.5279899042964423,0.0,0.0,0.0,0.0,-0.0020919778290926804,0.029764826998883026,0.2606604617138705,0.9649693271817509,0.3181207344664364,1.213009178841525,-0.00027102611096779095,11.376725165873966,20.0,0.0,2.0,31.771744393129183,1.4520796452878753,1.0020796452878753,0,0,0
7.011442184,1787250379.732402802,1787250379.732344389,-11.548502413820081,3.744869052915284,2.000784453771239,0.5266978334483056,0.0,0.0,0.0,0.0,-0.0015327691642032341,0.02963334210472513,0.2600261354033691,0.9651455457917124,0.3235714115915663,1.2145415398346902,-0.0003130503734503595,11.389279912062037,20.0,0.0,2.0,31.769986613054495,1.4491970123904125,0.9991970123904126,0,0,0
7.021441698,1787250379.742402315,1787250379.742344379,-11.54523942837865,3.757021641566536,2.0007811231706683,0.5254175658123522,0.0,0.0,0.0,0.0,-0.0009725518255790371,0.029515599200524722,0.25939722008204236,0.9653191004846475,0.3290266426733902,1.2159566969593163,-0.00035264034836892695,11.401862936182273,20.0,0.0,2.0,31.768181295426523,1.4458781580958073,0.9958781580958074,0,0,0
7.031439781,1787250379.752400398,1787250379.752344847,-11.541921858082457,3.7691877978362958,2.00077740895676,0.524150335013604,0.0,0.0,0.0,0.0,-0.0004121855361988601,0.029409502794896132,0.2587743678017033,0.9654898952434818,0.33448872762872156,1.2172551735131936,-0.00038973389977115213,11.414473314639947,20.0,0.0,2.0,31.76632827005826,1.4422508581884852,0.9922508581884852,0,0,0
7.041428566,1787250379.762389183,1787250379.762306929,-11.538549624308839,3.7813663585839,2.0007733388316846,0.5228972449260919,0.0,0.0,0.0,0.0,0.00014814850088229445,0.02931466898228798,0.2581581161041037,0.9656578148205817,0.339959670177325,1.2184376998831574,-0.00042381437434366723,11.427110138571337,20.0,0.0,2.0,31.76442734476531,1.4386701265200845,0.9886701265200846,0,0,0
7.051444769,1787250379.772405386,1787250379.772344351,-11.535122628548391,3.7935561676569547,2.0007689403390465,0.5216603921475712,0.0,0.0,0.0,0.0,0.0007069402160797479,0.029231312463922462,0.2575495009892754,0.9658225950697896,0.3454414397479347,1.2195049992578422,-0.0004556331590769572,11.439772514514514,20.0,0.0,2.0,31.76247830673832,1.4351369194923869,0.9851369194923869,0,0,0
7.061444521,1787250379.782405138,1787250379.782344341,-11.531640753867029,3.805756077518541,2.0007642312513694,0.520439147266601,0.0,0.0,0.0,0.0,0.0012654963985659947,0.029155598766987013,0.2569482651193403,0.965984440160174,0.3509356723563287,1.220457941109814,-0.0004859078541018024,11.45245956594907,20.0,0.0,2.0,31.76048092420118,1.4316521480110438,0.9816521480110438,0,0,0
7.071445227,1787250379.792405844,1787250379.792344332,-11.528103870813455,3.8179649458892913,2.000759226957732,0.5192325547124097,0.0,0.0,0.0,0.0,0.001824643337655252,0.029081983740080385,0.2563540504947937,0.9661436278801122,0.3564431548973954,1.2212967135488615,-0.0005147849858736712,11.465170428770763,20.0,0.0,2.0,31.758434951887462,1.4282166830335599,0.9782166830335599,0,0,0
7.081444502,1787250379.802405119,1787250379.802344322,-11.524511847152098,3.830181630902381,2.000753939955356,0.5180378469926955,0.0,0.0,0.0,0.0,0.002385934132108886,0.0290052733815171,0.2557656070717251,0.9663006549069563,0.36196369621137436,1.2220211855465453,-0.0005423396953530407,11.477904244170917,20.0,0.0,2.0,31.756340140125726,1.424831364761553,0.974831364761553,0,0,0
7.091468334,1787250379.812428951,1787250379.812344313,-11.520864556571071,3.8424049862854734,2.0007483853890475,0.5168527116109504,0.0,0.0,0.0,0.0,0.0029490605821683342,0.028921802177586834,0.255181920128147,0.9664559069301586,0.36749631229101976,1.2226306838124932,-0.0005683419863858825,11.490660151675169,20.0,0.0,2.0,31.754196242896946,1.4214970105747828,0.9714970105747829,0,0,0
7.101442337,1787250379.822402954,1787250379.822344303,-11.51716188551367,3.8546338596027563,2.0007425795248204,0.5156732934671832,0.0,0.0,0.0,0.0,0.0035132673929783604,0.028830920172277782,0.2546011721581691,0.9666098893193321,0.3730395512278534,1.2231246838022958,-0.0005924454460264387,11.503437285519562,20.0,0.0,2.0,31.752003024387232,1.4178876455191705,0.9678876455191705,0,0,0
7.111461878,1787250379.832422495,1787250379.832344294,-11.513403734913062,3.866867093774495,2.0007365415146245,0.514496180029728,0.0,0.0,0.0,0.0,0.004075997854885485,0.028733965607272607,0.25402175186918496,0.9667629983813393,0.37859195706508025,1.2235028592831327,-0.0006154526984129153,11.51623477553499,20.0,0.0,2.0,31.74976026087507,1.4137918438768937,0.9637918438768938,0,0,0
7.121449709,1787250379.842410326,1787250379.842344284,-11.50959002134299,3.8791035306841213,2.0007302659903985,0.5133118202900293,0.0,0.0,0.0,0.0,0.004638933663972742,0.028627805451965825,0.2534390897503129,0.9669165200967448,0.38415185630414905,1.2237651535486473,-0.0006395492674418031,11.529051750170996,20.0,0.0,2.0,31.74746774229674,1.409744711833323,0.9597447118333231,0,0,0
7.131444216,1787250379.852404833,1787250379.852344513,-11.505720679812873,3.8913420076415592,2.000723755105724,0.5121100989183504,0.0,0.0,0.0,0.0,0.0052040464736759,0.028508014171275943,0.25284837169722757,0.9670718235779444,0.38971711806058074,1.2239106898086467,-0.0006624416050702734,11.541887332140897,20.0,0.0,2.0,31.74512527457792,1.4057471477753267,0.9557471477753268,0,0,0
7.141442776,1787250379.862403393,1787250379.862344503,-11.50179567082179,3.903581350713694,2.000717021530399,0.5108858017331873,0.0,0.0,0.0,0.0,0.005774665257807574,0.02837030464208578,0.25224712228457014,0.9672296357922604,0.39528480695024387,1.2239380485748144,-0.000684011531403028,11.55474062976285,20.0,0.0,2.0,31.742732685797016,1.4018000473531762,0.9518000473531762,0,0,0
7.151439905,1787250379.872400522,1787250379.872344255,-11.497814987237135,3.915820367065993,2.0007100791992056,0.5096385812312639,0.0,0.0,0.0,0.0,0.006352159855891026,0.02821240996335871,0.25163521738498723,0.9673900078876332,0.40085142227063414,1.223844960804117,-0.0007043058791138718,11.567610727325377,20.0,0.0,2.0,31.74028983203464,1.397904309066175,0.947904309066175,0,0,0
7.161440134,1787250379.882400751,1787250379.882344484,-11.493778657958265,3.9280578407845654,2.0007029408309402,0.5083657315053599,0.0,0.0,0.0,0.0,0.006937223527229405,0.028034915420962193,0.2510113368944155,0.9675532167263726,0.40641337376163517,1.2236291157169716,-0.0007230036177125873,11.580496679677319,20.0,0.0,2.0,31.737796600443808,1.39406083626758,0.94406083626758,0,0,0
7.171433926,1787250379.892394543,1787250379.892344713,-11.489686746109996,3.9402925325157687,2.0006956262903524,0.50706558697995,0.0,0.0,0.0,0.0,0.007527714279919024,0.027841464395995767,0.2503746438764421,0.9677193415870902,0.411967451000695,1.223288258995365,-0.0007394875806101889,11.59339751212465,20.0,0.0,2.0,31.73525290735574,1.3902705335489118,0.9402705335489119,0,0,0
7.181465149,1787250379.902425766,1787250379.902344704,-11.485539343218267,3.952523184802474,2.000688160674028,0.5057384332421746,0.0,0.0,0.0,0.0,0.008120406908209818,0.027638832526789534,0.24972517709677186,0.9678881597851,0.41751128450553854,1.2228210777955317,-0.0007531973976876462,11.606312227059174,20.0,0.0,2.0,31.732658693108455,1.3863523131115112,0.9363523131115112,0,0,0
7.191468477,1787250379.912429094,1787250379.912344694,-11.481336557545529,3.9647485322003213,2.0006805819458537,0.5043884871129737,0.0,0.0,0.0,0.0,0.008705029479992233,0.027444564831634932,0.2490647241468507,0.9680587696563715,0.42304431386169505,1.2222275270425031,-0.0007584756110625774,11.619239817083852,20.0,0.0,2.0,31.730013911692964,1.381786076246803,0.9317860762468031,0,0,0
7.201443672,1787250379.922404289,1787250379.922344685,-11.47707845852064,3.976967344993201,2.0006730981433325,0.5030312447689075,0.0,0.0,0.0,0.0,0.009207559641416167,0.02739610733499834,0.24839856221707798,0.9682266410488959,0.4285779320301734,1.2215179381965746,-0.0007335573646060701,11.63217932439211,20.0,0.0,2.0,31.72731848108295,1.377270847201819,0.927270847201819,0,0,0
7.211440563,1787250379.932401180,1787250379.932344437,-11.472764870076391,3.9891786247329684,2.000665998339638,0.5016880997752282,0.0,0.0,0.0,0.0,0.009529363987233459,0.02767564914845653,0.24773389136833238,0.968385857359407,0.43415118412187764,1.220729279034086,-0.0006803286844572787,11.645130094583742,20.0,0.0,2.0,31.724572102877836,1.3728073014432782,0.9228073014432783,0,0,0
7.221466780,1787250379.942427397,1787250379.942344666,-11.468395069817163,4.001381880397775,2.000659632315685,0.5003708467631698,0.0,0.0,0.0,0.0,0.00956112546377863,0.02849573425368744,0.24707247266524182,0.9685307280929668,0.43983520695488765,1.2199267258884579,-0.0005863790621279669,11.658092140859406,20.0,0.0,2.0,31.721773999226205,1.3683955450839873,0.9183955450839874,0,0,0
7.231452942,1787250379.952413559,1787250379.952344656,-11.463967449124198,4.013577428681113,2.0006543902108267,0.4990834066263289,0.0,0.0,0.0,0.0,0.009215272224719486,0.0300293756079595,0.24641291247587357,0.9686557654417682,0.445735032307683,1.2192055385512641,-0.00045455980220908377,11.671066548376192,20.0,0.0,2.0,31.71892261480191,1.3640348003046239,0.9140348003046239,0,0,0
7.241462946,1787250379.962423563,1787250379.962344646,-11.459479217853858,4.025766645593478,2.0006507046065662,0.49782301085336605,0.0,0.0,0.0,0.0,0.008430367772946788,0.03241069373139729,0.24575139029634416,0.9687542154739128,0.4519809333882099,1.2186812543835908,-0.0002753529276281893,11.68405582250743,20.0,0.0,2.0,31.716015357651223,1.3597231519754218,0.9097231519754219,0,0,0
7.251480103,1787250379.972440720,1787250379.972344160,-11.454926184564057,4.037952140602209,2.0006490128897534,0.49658097606727575,0.0,0.0,0.0,0.0,0.007190503433758478,0.035690016139578444,0.24508304759391036,0.968818259112826,0.4587207389061711,1.2184828445894675,-5.3968568817871544e-05,11.697064143060357,20.0,0.0,2.0,31.71304840578063,1.3554573833525112,0.9054573833525112,0,0,0
7.261468172,1787250379.982428789,1787250379.982344389,-11.45030264897593,4.05013781199427,2.000649812853871,0.49534961720925924,0.0,0.0,0.0,0.0,0.005535887777813613,0.039855608134580736,0.24440421706909315,0.9688382027591489,0.4661066069442816,1.218736865454756,0.0002211677849392275,11.710097472230217,20.0,0.0,2.0,31.710016610380148,1.3512329318369618,0.9012329318369618,0,0,0
7.271443367,1787250379.992403984,1787250379.992344618,-11.445601410532449,4.062328763572063,2.000653547664436,0.4941203796473516,0.0,0.0,0.0,0.0,0.003554569843202419,0.04481477284727767,0.24371172072913147,0.9688052427330905,0.4742845704620276,1.2195556614462277,0.000533584857877967,11.723163495237367,20.0,0.0,2.0,31.706913496594865,1.3470439604213476,0.8970439604213476,0,0,0
7.281464577,1787250380.002425194,1787250380.002344370,-11.4408138798353,4.074531100239007,2.0006606565008953,0.49286634289423137,0.0,0.0,0.0,0.0,0.0013604670472729733,0.050432263765109675,0.2429931965821254,0.9687151502457987,0.48338500984323696,1.2210259658647233,0.0008948169595365462,11.736271413487232,20.0,0.0,2.0,31.703731350579634,1.3428835239026418,0.8928835239026418,0,0,0
7.291470289,1787250380.012430906,1787250380.012344360,-11.435930279126303,4.086751645574134,2.000671547472698,0.491555290305284,0.0,0.0,0.0,0.0,-0.0009185251959670581,0.056524510346724864,0.24223363554215202,0.9685695647982954,0.493514109818586,1.22320397034239,0.0012919820069161622,11.749431633955982,20.0,0.0,2.0,31.700461384302734,1.3387438106069958,0.8887438106069958,0,0,0
7.301435947,1787250380.022396564,1787250380.022344351,-11.430939901957345,4.098997618498096,2.0006866817849143,0.49016128991678937,0.0,0.0,0.0,0.0,-0.0031584640690082684,0.06290778772767747,0.24141991370193253,0.9683744418436939,0.5047507254379906,1.2261125380418227,0.0017412395413972492,11.762655398404515,20.0,0.0,2.0,31.697093953049375,1.3346164269916578,0.8846164269916579,0,0,0
7.311471224,1787250380.032431841,1787250380.032344580,-11.425831413847481,4.111276303919998,2.0007064639348506,0.48866927737127797,0.0,0.0,0.0,0.0,-0.005249428885724281,0.06939448486576784,0.24054388991061706,0.9681402202125772,0.5171422368394155,1.2297426300117182,0.002224612968314561,11.77595438926067,20.0,0.0,2.0,31.69361881196006,1.3304927062262497,0.8804927062262498,0,0,0
7.321462870,1787250380.042423487,1787250380.042344570,-11.420593126040295,4.123594759103302,2.0007313737030774,0.4870843291117218,0.0,0.0,0.0,0.0,-0.007098772987648421,0.07584048143493512,0.23960548492123,0.9678775957699658,0.5307119986585269,1.2340582363188737,0.0027633673380348393,11.789340375132117,20.0,0.0,2.0,31.690025349696114,1.326363975836845,0.8763639758368451,0,0,0
7.331468105,1787250380.052428722,1787250380.052344561,-11.415213255226789,4.135959555868618,2.000761807460035,0.4854242314669107,0.0,0.0,0.0,0.0,-0.008641191105463365,0.08212818248854487,0.23861079390705403,0.967597633569064,0.5454576962217977,1.2389998602089676,0.0033324821077208226,11.802824889777856,20.0,0.0,2.0,31.686302812090723,1.3222217985190337,0.8722217985190337,0,0,0
7.341483831,1787250380.062444448,1787250380.062344074,-11.409680088910239,4.14837660597106,2.000798242335103,0.48368788405313495,0.0,0.0,0.0,0.0,-0.009844284053217507,0.08819137141021664,0.2375566770326362,0.9673118407615388,0.561367469120245,1.244495945067095,0.003962341595606004,11.816419020505242,20.0,0.0,2.0,31.682440442457132,1.3180581134653293,0.8680581134653294,0,0,0
7.351466179,1787250380.072426796,1787250380.072344542,-11.403982118836705,4.160851054659057,2.000841173751128,0.4818669523644495,0.0,0.0,0.0,0.0,-0.010707604636107714,0.09399131514913128,0.2364380079801052,0.967030531194281,0.5784142543738193,1.2504664553479021,0.004635479324762452,11.83013326770058,20.0,0.0,2.0,31.678427598712126,1.3138653434598289,0.8638653434598289,0,0,0
7.361461163,1787250380.082421780,1787250380.082344532,-11.3981080954154,4.173387261180953,2.0008912067579616,0.47995837146533765,0.0,0.0,0.0,0.0,-0.011255418825202841,0.09953519611375031,0.2352524663970248,0.966758675852347,0.5965728740866233,1.2568347299703302,0.005379909284394847,11.843977513018237,20.0,0.0,2.0,31.674253803324667,1.3096364280190826,0.8596364280190827,0,0,0
7.371465683,1787250380.092426300,1787250380.092344522,-11.39204706685705,4.185988829217006,2.000948896432911,0.4779651569071651,0.0,0.0,0.0,0.0,-0.011532866022668445,0.10484632384858074,0.23400228297879586,0.9664973734767485,0.6158112240187793,1.263527871992812,0.006169182744182922,11.857961035902367,20.0,0.0,2.0,31.669908784625544,1.3053648464005458,0.8553648464005459,0,0,0
7.381483555,1787250380.102444172,1787250380.102344513,-11.385788334755585,4.198658706804534,2.001014839741548,0.47588215646734683,0.0,0.0,0.0,0.0,-0.01159634996256443,0.10997545973768998,0.2326858857665845,0.9662443797963585,0.636109825251379,1.2704875864420473,0.007028129847206404,11.872092627253691,20.0,0.0,2.0,31.665382444559313,1.30104456976077,0.85104456976077,0,0,0
7.391491652,1787250380.112452269,1787250380.112344742,-11.379321417619042,4.211399303986849,2.0010895533272,0.47370791566669235,0.0,0.0,0.0,0.0,-0.01150739445316661,0.11497063531616172,0.2313047266434936,0.9659955777954038,0.6574448326839679,1.2776648536130903,0.007918066393058674,11.886380713757237,20.0,0.0,2.0,31.660664836907525,1.2966700298791272,0.8466700298791272,0,0,0
7.401479721,1787250380.122440338,1787250380.122344494,-11.372636032069027,4.224212613413472,2.0011732417160952,0.47149768996068797,0.0,0.0,0.0,0.0,-0.011314425979759892,0.11989184970840154,0.22988555898629073,0.9657383485747096,0.6798018260527853,1.285025283622575,0.0088188673392895,11.900833474121997,20.0,0.0,2.0,31.6557461636982,1.292236112978633,0.8422361129786331,0,0,0
7.411465645,1787250380.132426262,1787250380.132344723,-11.365721986289627,4.237100345565014,2.001265915230271,0.46933182747026775,0.0,0.0,0.0,0.0,-0.011057870975700487,0.12478643101840475,0.2284670912748848,0.965457849068289,0.7031798793676568,1.2925476776899012,0.009725738849204399,11.915459008554276,20.0,0.0,2.0,31.65061668691688,1.287738077916578,0.837738077916578,0,0,0
7.421467304,1787250380.142427921,1787250380.142344475,-11.358568951083614,4.250064089993319,2.001368018559368,0.46722624848850813,0.0,0.0,0.0,0.0,-0.010771240959855478,0.12970171571472341,0.2270565258977339,0.9651459886235313,0.727601435742803,1.3002266075285753,0.010703333179764605,11.930265595174786,20.0,0.0,2.0,31.645266522821238,1.2831713700823093,0.8331713700823093,0,0,0
7.431464195,1787250380.152424812,1787250380.152344227,-11.351166462742416,4.263105378178218,2.001480080076817,0.46516136077822634,0.0,0.0,0.0,0.0,-0.010479454022156108,0.13465799466279496,0.2256453251587346,0.964801322942087,0.7530734182983772,1.3080564761868854,0.011718595187688606,11.945261747646231,20.0,0.0,2.0,31.63968565315834,1.278531655294696,0.828531655294696,0,0,0
7.441469908,1787250380.162430525,1787250380.162344694,-11.343503914818077,4.276225729547762,2.0016025687276273,0.46313140505929073,0.0,0.0,0.0,0.0,-0.010189114164061298,0.1396634286735576,0.2242304633050987,0.9644226293330527,0.7796144215373335,1.3160388753549843,0.012781772599749499,11.960456261926808,20.0,0.0,2.0,31.633863923278312,1.2738148449992852,0.8238148449992853,0,0,0
7.451448202,1787250380.172408819,1787250380.172344208,-11.335570605981562,4.2894266505991485,2.0017356869272236,0.46114135218800767,0.0,0.0,0.0,0.0,-0.009894980841421234,0.14470018273959942,0.2228147669893274,0.9640111649149953,0.8072280726060327,1.3241703897368855,0.013845266329761617,11.975858191226592,20.0,0.0,2.0,31.62779108957714,1.2690171702488424,0.8190171702488425,0,0,0
7.461444139,1787250380.182404757,1787250380.182344437,-11.327355722284695,4.302709626761591,2.0018795329339714,0.4592081178247673,0.0,0.0,0.0,0.0,-0.009559725360932542,0.14975047265455205,0.2214024939626378,0.9635685462165554,0.8359295153116408,1.3324478478939579,0.01492084514048645,11.99147684870919,20.0,0.0,2.0,31.621456800967195,1.2641351919020445,0.8141351919020445,0,0,0
7.471465111,1787250380.192425728,1787250380.192344189,-11.318848406384916,4.316076031393254,2.0020339680361854,0.4573530550468101,0.0,0.0,0.0,0.0,-0.00913642619331558,0.15478189220526717,0.21999952397821013,0.9630988012717762,0.8657160035236755,1.3408528929218493,0.015964422263287512,12.007321691617745,20.0,0.0,2.0,31.614850655157493,1.2591658756839543,0.8091658756839544,0,0,0
7.481446505,1787250380.202407122,1787250380.202344894,-11.31003774679172,4.3295270328625985,2.002198798728695,0.4555700013532015,0.0,0.0,0.0,0.0,-0.008573725599963845,0.15976444824371505,0.21859743351319538,0.9626094609799771,0.8965974114248328,1.349361470072003,0.01699572570654099,12.02340224919989,20.0,0.0,2.0,31.6079621751945,1.254106584616502,0.8041065846165021,0,0,0
7.491471291,1787250380.212431908,1787250380.212344170,-11.30091285195795,4.343063467685327,2.0023736997885493,0.45383894125882346,0.0,0.0,0.0,0.0,-0.007831475829352707,0.164658601227679,0.21718346916497988,0.9621109882698268,0.9285627624754785,1.357932540589258,0.017979930069553274,12.039727976253166,20.0,0.0,2.0,31.60078086510933,1.2489551389401843,0.7989551389401843,0,0,0
7.501442671,1787250380.222403288,1787250380.222344637,-11.291462880562968,4.3566857412696605,2.002558313961752,0.4521411316168832,0.0,0.0,0.0,0.0,-0.006875536449235753,0.16943282255439446,0.21574552081529114,0.9616127681597854,0.9616097111319191,1.3665201310069455,0.01893419159067571,12.056308156570804,20.0,0.0,2.0,31.593296225604615,1.243709833418119,0.793709833418119,0,0,0
7.511471272,1787250380.232431889,1787250380.232344389,-11.281677134766465,4.370393729927876,2.002752163652529,0.4504624476887944,0.0,0.0,0.0,0.0,-0.005689059853797805,0.1740541398827496,0.214276548453123,0.9611234841427363,0.9957164321993369,1.3750663621584849,0.01983182460609759,12.073151771133901,20.0,0.0,2.0,31.585497831960296,1.2383695082068904,0.7883695082068904,0,0,0
7.521453857,1787250380.242414474,1787250380.242345572,-11.271545033189945,4.3841867384792135,2.002954899234,0.4487995126097007,0.0,0.0,0.0,0.0,-0.004232399688691967,0.1785142737642655,0.21276845085607335,0.9606478684594053,1.0308768182152288,1.3835125948179752,0.020707977411254536,12.090267485228562,20.0,0.0,2.0,31.57737530023851,1.232933515006801,0.7829335150068011,0,0,0
7.531449795,1787250380.252410412,1787250380.252345085,-11.261056185580687,4.398063399163039,2.0031661257574696,0.44715733991623824,0.0,0.0,0.0,0.0,-0.0024737593801599025,0.18281134510439132,0.21121724763826186,0.9601880893427961,1.0670642434760245,1.3917847651619775,0.021533970451996436,12.107663526518134,20.0,0.0,2.0,31.5689183458262,1.227401757520859,0.7774017575208589,0,0,0
7.541453362,1787250380.262413979,1787250380.262344837,-11.25020033226314,4.412021608591693,2.003385536580174,0.44553848704137244,0.0,0.0,0.0,0.0,-0.000383267566942492,0.18695865466200992,0.20961602349347205,0.9597434226123812,1.1042745713928597,1.3998085975501573,0.02234146677429922,12.125347680521518,20.0,0.0,2.0,31.56011671307819,1.221774608759566,0.771774608759566,0,0,0
7.551464796,1787250380.272425413,1787250380.272344589,-11.238967368974432,4.426058458634655,2.0036127670657686,0.44394574703294226,0.0,0.0,0.0,0.0,0.0020438443760546466,0.19096756314198454,0.20796209287635645,0.9593117222541714,1.142485635297626,1.4074995642637709,0.023101014797061094,12.143327231602333,20.0,0.0,2.0,31.550960188418774,1.2160529021738953,0.7660529021738953,0,0,0
7.561466217,1787250380.282426834,1787250380.282344580,-11.227347276458948,4.440170230489605,2.0038475006500165,0.44238186251558725,0.0,0.0,0.0,0.0,0.004801296150850028,0.1948552216443448,0.20625387082797303,0.9588888000814708,1.1816976638826078,1.4147792762875335,0.023838179564712826,12.161609019119153,20.0,0.0,2.0,31.541438527809024,1.2102378512971586,0.7602378512971586,0,0,0
7.571462393,1787250380.292423010,1787250380.292345047,-11.215330154086006,4.45435240346324,2.00408932236377,0.4408504176777305,0.0,0.0,0.0,0.0,0.007855407067583869,0.1986307170826903,0.20449611209018284,0.9584703808417964,1.2218912182442698,1.4215678075334914,0.02452073551422032,12.18019943972014,20.0,0.0,2.0,31.531541489203903,1.204331071912744,0.7543310719127441,0,0,0
7.581474543,1787250380.302435160,1787250380.302345037,-11.202906172438242,4.468599727894841,2.0043378174213697,0.43934985514861236,0.0,0.0,0.0,0.0,0.011163973051974358,0.2023032557294435,0.2026931437460914,0.9580523200250018,1.2630666278916216,1.4277985823036927,0.025168810315418257,12.199104553399694,20.0,0.0,2.0,31.52125879388046,1.1983345548697935,0.7483345548697935,0,0,0
7.591493845,1787250380.312454462,1787250380.312345028,-11.190065655682064,4.482906306860752,2.004592395891502,0.43788102629884323,0.0,0.0,0.0,0.0,0.014666902758215526,0.2058707452488823,0.20085584079618193,0.957632001048529,1.3051901302719038,1.433409293135364,0.02572310062192607,12.218330106251848,20.0,0.0,2.0,31.51058021763404,1.1922507678125156,0.7422507678125156,0,0,0
7.601468801,1787250380.322429419,1787250380.322345257,-11.176799354608699,4.497265681125284,2.0048517526701066,0.4365009067051614,0.0,0.0,0.0,0.0,0.018325749812521688,0.2093139024130432,0.1990203950360716,0.9572056934171036,1.3482193917146026,1.4383505243267984,0.02612256914742651,12.237881414120547,20.0,0.0,2.0,31.499495871262138,1.186082933728544,0.7360829337285439,0,0,0
7.611466169,1787250380.332426786,1787250380.332345009,-11.163098309724178,4.511670959760126,2.005114372267832,0.43528657612258087,0.0,0.0,0.0,0.0,0.022099106087373196,0.21259957398265825,0.19723587255472233,0.9567711645059693,1.3921381094469902,1.4425851886801004,0.02638494479836151,12.257763558183203,20.0,0.0,2.0,31.487996082118027,1.1798349600365512,0.7298349600365512,0,0,0
7.621461630,1787250380.342422247,1787250380.342344761,-11.148953667277997,4.5261149406573855,2.0053791601549698,0.4342429634571679,0.0,0.0,0.0,0.0,0.025953433442522364,0.21569510359542005,0.19551773550240786,0.9563340716933159,1.4369321434475402,1.4460864196962013,0.026555532254713844,12.277981609689615,20.0,0.0,2.0,31.476071228119263,1.1735113386562843,0.7235113386562844,0,0,0
7.631465673,1787250380.352426291,1787250380.352345228,-11.134356924183741,4.540590158181213,2.005645107699698,0.43333315374997344,0.0,0.0,0.0,0.0,0.02985077913492239,0.21856943933144882,0.19386395960538005,0.9559043343041697,1.4825503152630637,1.4488291587832545,0.02661724333402217,12.298540489995176,20.0,0.0,2.0,31.463711985941536,1.1671174078980313,0.7171174078980314,0,0,0
7.641468525,1787250380.362429142,1787250380.362344980,-11.119300073606414,4.555088937960907,2.0059111758163666,0.4325246615013468,0.0,0.0,0.0,0.0,0.033768790696664594,0.22119770162930558,0.192271535786496,0.9554909220369913,1.5289435413836285,1.450796050392734,0.02657810673050583,12.319444895192424,20.0,0.0,2.0,31.45090948201488,1.1606595251993779,0.7106595251993779,0,0,0
7.651445389,1787250380.372406006,1787250380.372344255,-11.103775698397087,4.569603441080499,2.0061762674861945,0.4317912825052084,0.0,0.0,0.0,0.0,0.03768437222625711,0.22356127941107803,0.19074009110435278,0.9551012826310611,1.576042702210196,1.4519717957239364,0.02641768797005247,12.340699242983924,20.0,0.0,2.0,31.437655390490114,1.1541451872461403,0.7041451872461404,0,0,0
7.661433220,1787250380.382393837,1787250380.382344484,-11.0877771198477,4.584125699726939,2.006439058425358,0.4311113328580264,0.0,0.0,0.0,0.0,0.04159808181349815,0.22563571542654443,0.18926821986495962,0.9547437690095382,1.6237720473298993,1.452345097374202,0.02611688732745286,12.362307564780691,20.0,0.0,2.0,31.423942084749594,1.1475831906382734,0.6975831906382735,0,0,0
7.671442747,1787250380.392403364,1787250380.392344713,-11.0712984062077,4.5986476242194625,2.0066981225569247,0.430466154125965,0.0,0.0,0.0,0.0,0.04551059305529596,0.22740032731700818,0.18785555053672814,0.954425570271677,1.6720551984867553,1.451902911694924,0.02566853344921672,12.38427347947642,20.0,0.0,2.0,31.409762646097633,1.140983652682755,0.6909836526827551,0,0,0
7.681446075,1787250380.402406693,1787250380.402344704,-11.054334455026803,4.613160997719519,2.006951885801697,0.42980723547807204,0.0,0.0,0.0,0.0,0.049431219883870135,0.2288410500624354,0.1864852241760375,0.954154908529599,1.7208077059800766,1.450632403047184,0.025059487008168825,12.406600101384008,20.0,0.0,2.0,31.395110943652703,1.1343580835841207,0.6843580835841208,0,0,0
7.691434860,1787250380.412395477,1787250380.412311077,-11.036880915991542,4.62765745702783,2.007198851773708,0.42907772904985575,0.0,0.0,0.0,0.0,0.053360261427634614,0.2299574825650619,0.1851356452974949,0.9539376455266844,1.769959562194178,1.448517517091699,0.0243093458999291,12.429290062810248,20.0,0.0,2.0,31.379981554431993,1.1277193102875311,0.6777193102875312,0,0,0
7.701463938,1787250380.422424555,1787250380.422344685,-11.018934191699554,4.642128482346716,2.007437613214504,0.428223084243572,0.0,0.0,0.0,0.0,0.05730267281338102,0.23075795718773154,0.1837832672998772,0.9537771645114856,1.8194340956660602,1.4455427043680187,0.02342317782096723,12.45234548502755,20.0,0.0,2.0,31.364369761780527,1.1210814660472865,0.6710814660472866,0,0,0
7.711458445,1787250380.432419062,1787250380.432344675,-11.000491375487593,4.656565386632795,2.007666933881987,0.4272002081375601,0.0,0.0,0.0,0.0,0.061252187025727,0.23126281216743308,0.18240909718823087,0.9536732158113441,1.8691623589507977,1.4416910337026392,0.022414873083735083,12.475768001185344,20.0,0.0,2.0,31.348271491480073,1.1144599226112653,0.6644599226112653,0,0,0
7.721469164,1787250380.442429781,1787250380.442344666,-10.981550399118928,4.6709593367225315,2.0078853898144136,0.4259527831920145,0.0,0.0,0.0,0.0,0.06521186273244249,0.2314838956097888,0.18098732580470087,0.953627918493552,1.919056958441122,1.43694907734306,0.021255412885829172,12.499558631861696,20.0,0.0,2.0,31.331683460003138,1.1078714025215077,0.6578714025215078,0,0,0
7.731478930,1787250380.452439547,1787250380.452344656,-10.9621098422752,4.685301341260798,2.0080916772205217,0.4244310352731642,0.0,0.0,0.0,0.0,0.06917598716117408,0.23143663943628737,0.17949559469893706,0.9536420168021069,1.9690664277716665,1.4312995948925147,0.01997982425051094,12.523717913702509,20.0,0.0,2.0,31.314602983572623,1.1013337940807935,0.6513337940807935,0,0,0
7.741488695,1787250380.462449312,1787250380.462344408,-10.94216893183616,4.699582260399387,2.0082845572768013,0.4225920609811769,0.0,0.0,0.0,0.0,0.07314364771761245,0.23113131167430043,0.17791427002359625,0.9537163289386683,2.01911953863972,1.4247292893502275,0.018579312642238506,12.548245892895602,20.0,0.0,2.0,31.29702797810739,1.0948661288856685,0.6448661288856685,0,0,0
7.751466274,1787250380.472426891,1787250380.472344398,-10.92172745742652,4.713792803653516,2.008462968254326,0.4204116287370721,0.0,0.0,0.0,0.0,0.07710240205780768,0.230584621377062,0.17623269681809586,0.9538490386604865,2.0691676573777684,1.4172227008999003,0.01708382959439145,12.573142182701401,20.0,0.0,2.0,31.27895687469409,1.0884884821346172,0.6384884821346173,0,0,0
7.761464119,1787250380.482424736,1787250380.482344151,-10.900785824100742,4.727923566266835,2.0086258690315666,0.41786669586648495,0.0,0.0,0.0,0.0,0.08104133738198767,0.22981057151393355,0.1744404960062305,0.9540387393648533,2.119144155776889,1.4087713447180301,0.01548260156296921,12.598405931335533,20.0,0.0,2.0,31.26038867642281,1.082221996206383,0.6322219962063831,0,0,0
7.771476269,1787250380.492436886,1787250380.492344379,-10.87934494399869,4.7419650490779075,2.0087723880986084,0.41495007815208906,0.0,0.0,0.0,0.0,0.0849384902463749,0.22883089569664836,0.17253455151836394,0.9542817731580611,2.1690068835781817,1.3993664222882891,0.013805911671635744,12.624035914693335,20.0,0.0,2.0,31.241322853744954,1.0760887677090567,0.6260887677090567,0,0,0
7.781504869,1787250380.502465487,1787250380.502344370,-10.857406266624615,4.755907720750599,2.0089016955307217,0.41165794968950864,0.0,0.0,0.0,0.0,0.0887750130565691,0.22766369733508213,0.17051296149430073,0.9545750719220408,2.218697312898626,1.389009035329282,0.012044931592677853,12.650030536804616,20.0,0.0,2.0,31.22175938335318,1.070111862069077,0.6201118620690771,0,0,0
7.791508913,1787250380.512469530,1787250380.512344599,-10.834971700544838,4.769742062969933,2.0090130831968556,0.40800439723773263,0.0,0.0,0.0,0.0,0.09252431783986201,0.22633216930735467,0.16838203506608235,0.9549138652317809,2.2681716304390855,1.3777031499610688,0.010212510484470453,12.67638791123838,20.0,0.0,2.0,31.201698677417138,1.064315234804487,0.6143152348044871,0,0,0
7.801489115,1787250380.522449732,1787250380.522344828,-10.812043830076862,4.783458693274445,2.0091054858580613,0.40402711141082664,0.0,0.0,0.0,0.0,0.09615951058666704,0.22483699721432343,0.1661639778452041,0.9552963967659658,2.317350622315924,1.3654694881165295,0.008249131255862482,12.703105727941075,20.0,0.0,2.0,31.181141816275957,1.0587239048233277,0.6087239048233277,0,0,0
7.811489344,1787250380.532449961,1787250380.532344818,-10.788625781033835,4.7970484183730555,2.0091777433912057,0.39978367105691603,0.0,0.0,0.0,0.0,0.09964786079623876,0.22317647964701987,0.16389180489345542,0.9557206909237982,2.366198389691605,1.3523267508503496,0.006182530930720658,12.730181378817619,20.0,0.0,2.0,31.160090424190532,1.0533638275209434,0.6033638275209434,0,0,0
7.821466684,1787250380.542427301,1787250380.542344332,-10.764721149534601,4.810502303898279,2.0092287726974343,0.39528956493666767,0.0,0.0,0.0,0.0,0.1029610419302108,0.22134090184577626,0.16157968742151438,0.9561899568744223,2.41466190649665,1.33830622877656,0.004010917500289643,12.757612037701978,20.0,0.0,2.0,31.138546610185223,1.0482618252930302,0.5982618252930303,0,0,0
7.831476688,1787250380.552437305,1787250380.552344799,-10.74033392703081,4.823811716553926,2.009257770098479,0.39055108972914404,0.0,0.0,0.0,0.0,0.10607205724513978,0.21933087364277667,0.1592344872575437,0.9567063627920049,2.462705777210067,1.323439360830632,0.0017730518696110348,12.785394728851992,20.0,0.0,2.0,31.116512901166026,1.0434454946040779,0.5934454946040779,0,0,0
7.841482401,1787250380.562443018,1787250380.562345743,-10.715468657990492,4.836968424479782,2.009263934271926,0.3855708045799048,0.0,0.0,0.0,0.0,0.1089660260254575,0.21714210804767295,0.15685978327101702,0.9572725413783693,2.510265118211993,1.3077716616104413,-0.0005491810014243879,12.813526216652866,20.0,0.0,2.0,31.09399241396783,1.0389432917430113,0.5889432917430113,0,0,0
7.851446152,1787250380.572406769,1787250380.572344542,-10.690130347746855,4.849964606086421,2.0092466633147006,0.3803640875957676,0.0,0.0,0.0,0.0,0.11163513139887977,0.21478153649993315,0.15446089828820364,0.9578874254923091,2.557302567780069,1.2913426467877989,-0.00291856292842229,12.842003066911303,20.0,0.0,2.0,31.07098876673811,1.0347843782548831,0.5847843782548832,0,0,0
7.861453533,1787250380.582414150,1787250380.582344770,-10.664324580152192,4.862792912538533,2.0092053012821993,0.37492801338825993,0.0,0.0,0.0,0.0,0.11409009314739664,0.21224090455688233,0.1520344074999403,0.9585524440606454,2.6037510271349134,1.2742028527217164,-0.005360019050088968,12.870821547065482,20.0,0.0,2.0,31.047506205889267,1.0309986172236254,0.5809986172236254,0,0,0
7.871444702,1787250380.592405319,1787250380.592344284,-10.63805738279139,4.875446403569591,2.0091394103977462,0.36926671011788087,0.0,0.0,0.0,0.0,0.11634947459314166,0.20952021074564842,0.1495766787043972,0.9592658120869109,2.649577984781835,1.2563869312853644,-0.007827404972109512,12.899977692799668,20.0,0.0,2.0,31.023549464142878,1.0276163053477743,0.5776163053477743,0,0,0
7.881457329,1787250380.602417946,1787250380.602349281,-10.611335308672498,4.887918540382222,2.009048587445413,0.363374593085638,0.0,0.0,0.0,0.0,0.11844152650537404,0.20661241450382986,0.14707930320565957,0.9600263504407117,2.6947213861109804,1.2379363337168146,-0.010338343028628445,12.929467211118848,20.0,0.0,2.0,30.999123841075356,1.024668053111209,0.5746680531112089,0,0,0
7.891472816,1787250380.612433434,1787250380.612344265,-10.584165315371747,4.900203083804481,2.0089326933951703,0.3572598977598815,0.0,0.0,0.0,0.0,0.12039394637151224,0.2035248961742149,0.14453720945022855,0.9608287617461861,2.739152218406807,1.2188735907163888,-0.012844225635380796,12.959285527209584,20.0,0.0,2.0,30.974235068739414,1.0221844590497047,0.5721844590497047,0,0,0
7.901443243,1787250380.622403860,1787250380.622344255,-10.556554833799886,4.912294074203166,2.0087916483093564,0.350924832350722,0.0,0.0,0.0,0.0,0.12223509971673761,0.20026206729630636,0.14194318745427106,0.9616682465043601,2.782814951354358,1.1992280456964743,-0.015360666209314948,12.989427700906372,20.0,0.0,2.0,30.948889377093177,1.0201959315977986,0.5701959315977987,0,0,0
7.911438704,1787250380.632399321,1787250380.632344246,-10.528511652156133,4.924185739851709,2.0086256030642136,0.3443846702506802,0.0,0.0,0.0,0.0,0.12398615610946329,0.1968433146083708,0.13929431242995055,0.9625368757153449,2.8256807471354994,1.179013869045671,-0.01785426918858165,13.01988848421253,20.0,0.0,2.0,30.923093365596852,1.0187323455543913,0.5687323455543913,0,0,0
7.921447277,1787250380.642407894,1787250380.642344236,-10.500044080448507,4.935872549627866,2.0084344741851954,0.3376158817753007,0.0,0.0,0.0,0.0,0.1256620826953884,0.1932744261728966,0.13657351626560232,0.9634322559552614,2.867691951891687,1.1582571261545804,-0.020365794365635525,13.0506621855161,20.0,0.0,2.0,30.896854174427315,1.017822936759812,0.567822936759812,0,0,0
7.931442022,1787250380.652402639,1787250380.652344704,-10.471160663773574,4.947349066619017,2.0082184957132805,0.33059857114111957,0.0,0.0,0.0,0.0,0.12726771738202375,0.1895719867351278,0.1337648071475529,0.9643507486005515,2.9088428527077523,1.1369582809218144,-0.022826769506067924,13.081742868387721,20.0,0.0,2.0,30.87017917875032,1.0174958244904908,0.5674958244904909,0,0,0
7.941441059,1787250380.662401676,1787250380.662344456,-10.441870248277294,4.958609980423101,2.007978000065371,0.32332690495313193,0.0,0.0,0.0,0.0,0.12880351730626385,0.18574070599656883,0.13086237617918225,0.9652901545992114,2.9490889731912615,1.115137574222383,-0.025263014780767767,13.11312430331037,20.0,0.0,2.0,30.843076059293875,1.017777848492904,0.5677778484929041,0,0,0
7.951442003,1787250380.672402620,1787250380.672344685,-10.412181938302645,4.969650094365482,2.00771347658153,0.31582400816857664,0.0,0.0,0.0,0.0,0.13026301665039333,0.18179584729662604,0.12787319892052926,0.9662454457314001,2.9884152559803296,1.0928019565726168,-0.0276360540758382,13.144800001214048,20.0,0.0,2.0,30.81555275841356,1.018694324932944,0.5686943249329441,0,0,0
7.961441278,1787250380.682401896,1787250380.682344198,-10.38210513768891,4.9804643838017695,2.0074254044553115,0.3081065221649937,0.0,0.0,0.0,0.0,0.1316365900042904,0.17774523748788737,0.12480336110788633,0.9672138128555606,3.026785292418176,1.0699744677652316,-0.029966232853638544,13.176763195308506,20.0,0.0,2.0,30.787617530632865,1.0202689047582474,0.5702689047582474,0,0,0
7.971464396,1787250380.692425013,1787250380.692344427,-10.351649444232105,4.991047979711765,2.007114445916523,0.3002068180634013,0.0,0.0,0.0,0.0,0.1329112510883085,0.17360958913429658,0.1216643667132677,0.9681901113763871,3.0641887870632263,1.0466678645159713,-0.032216339733057014,13.209006930537754,20.0,0.0,2.0,30.759278836420737,1.0225233318710405,0.5725233318710405,0,0,0
7.981465578,1787250380.702426195,1787250380.702344179,-10.320824683786418,5.001396246814257,2.0067812671651715,0.29215449613293465,0.0,0.0,0.0,0.0,0.13407463946489526,0.16940179618935458,0.11846809943081947,0.9691709508221077,3.1005975411754565,1.0229119456559541,-0.03440497109891442,13.241524056742861,20.0,0.0,2.0,30.73054538904482,1.0254773528516847,0.5754773528516848,0,0,0
7.991471052,1787250380.712431669,1787250380.712344170,-10.289640829047626,5.011504791636786,2.006426652849707,0.2839938209310273,0.0,0.0,0.0,0.0,0.13511330650595485,0.1651447030318269,0.1152317765707562,0.9701511527251333,3.1360011360347184,0.9987311373718201,-0.03651401184468792,13.27430730286206,20.0,0.0,2.0,30.70142607650619,1.0291485532849833,0.5791485532849834,0,0,0
8.001442194,1787250380.722402811,1787250380.722344160,-10.258108144232715,5.021369626671759,2.006051020763924,0.2757567358341941,0.0,0.0,0.0,0.0,0.13598740359801048,0.1608394177618189,0.11197503774330946,0.9711332033655813,3.1703626291741633,0.9741758858228392,-0.038604871451810886,13.307349189632758,20.0,0.0,2.0,30.67193013180938,1.0335524146291812,0.5835524146291813,0,0,0
8.011441708,1787250380.732402325,1787250380.732344151,-10.226237045883073,5.030987179753302,2.005654757638452,0.2674834662669604,0.0,0.0,0.0,0.0,0.1366493322145236,0.1564911711135072,0.10872137701416901,0.9721199182966013,3.2036793649114577,0.9492848971291495,-0.040646226308071506,13.340642150777022,20.0,0.0,2.0,30.642066998377253,1.038702188570826,0.5887021885708261,0,0,0
8.021439552,1787250380.742400169,1787250380.742344379,-10.194038132256916,5.040354427850078,2.0052381326877446,0.2591927338484057,0.0,0.0,0.0,0.0,0.13704919845635957,0.15209114111102534,0.10548634527592246,0.9731178926308696,3.2359257879017824,0.9241234456782611,-0.04266954865906339,13.37417853328857,20.0,0.0,2.0,30.61184638221887,1.0446089565739087,0.5946089565739088,0,0,0
8.031440735,1787250380.752401352,1787250380.752344370,-10.16152208523119,5.049468921162365,2.0048016232960046,0.25090824663729244,0.0,0.0,0.0,0.0,0.13715036380362874,0.14764137284750453,0.10228326199480994,0.974130349105261,3.267101929923613,0.8987468277145126,-0.044627239247244065,13.407950679251892,20.0,0.0,2.0,30.581278160653454,1.0512815950570469,0.6012815950570469,0,0,0
8.041459322,1787250380.762419939,1787250380.762344837,-10.128699748742545,5.0583289181270255,2.0043457050612288,0.2426424853760941,0.0,0.0,0.0,0.0,0.13692859045914973,0.14313466158337618,0.09911960483211515,0.9751606707134001,3.2971836987990994,0.8732346667261967,-0.0465428218185783,13.44195087307817,20.0,0.0,2.0,30.550372483473776,1.0587268948025546,0.6087268948025546,0,0,0
8.051445484,1787250380.772406101,1787250380.772344589,-10.09558205336687,5.066933369514387,2.0038710970122398,0.23441680425681857,0.0,0.0,0.0,0.0,0.13638104218692043,0.13857704453121314,0.09600157949578321,0.9762071044585358,3.3261683410681813,0.847652715113395,-0.048374011199144064,13.476171387151947,20.0,0.0,2.0,30.519139697695092,1.0669495405119331,0.6169495405119332,0,0,0
8.061443567,1787250380.782404184,1787250380.782344103,-10.062180139335906,5.075282036882385,2.0033783393586746,0.22622230895967474,0.0,0.0,0.0,0.0,0.13550266110159973,0.13396245398278095,0.09292297114535744,0.9772708995927463,3.3540284344755014,0.8220877987810566,-0.050161708979161286,13.510604378858428,20.0,0.0,2.0,30.487590490180757,1.0759522492814508,0.6259522492814509,0,0,0
8.071447849,1787250380.792408466,1787250380.792344093,-10.028505201099433,5.083375367811743,2.0028682732900305,0.2180536189496268,0.0,0.0,0.0,0.0,0.13430108079689107,0.1292979239476995,0.08987518847795009,0.9783494861529058,3.380769671403139,0.7965989614548723,-0.05184014984771817,13.545241983252449,20.0,0.0,2.0,30.455735715453052,1.0837541054421038,0.6337541054421039,0,0,0
8.081443071,1787250380.802403688,1787250380.802344561,-9.994568553393796,5.091214545267912,2.002341769567701,0.20990765497482775,0.0,0.0,0.0,0.0,0.13278780526058356,0.1245813106228185,0.0868520679014798,0.9794404597109592,3.4063708506943677,0.7712667700230862,-0.053440668277554955,13.580076247517042,20.0,0.0,2.0,30.42358647059995,1.0912305752228533,0.6412305752228533,0,0,0
8.091452599,1787250380.812413216,1787250380.812344551,-9.960381559152232,5.098801399098126,2.001799938276298,0.201800314483795,0.0,0.0,0.0,0.0,0.13099080597706028,0.11982390047405002,0.08385284289212963,0.9805367623723106,3.430836603819654,0.7461459449241132,-0.05490924225164978,13.615099161551457,20.0,0.0,2.0,30.391154010948842,1.099516882677572,0.6495168826775721,0,0,0
8.101442814,1787250380.822403431,1787250380.822344303,-9.925955653873656,5.106138397574113,2.0012439259306474,0.19374100537402725,0.0,0.0,0.0,0.0,0.1289410059349705,0.11502978557111386,0.08087503034737659,0.981632107709529,3.454154290566014,0.7213032989060814,-0.05626881563995952,13.65030262232756,20.0,0.0,2.0,30.358449773994476,1.1064435899359233,0.6564435899359233,0,0,0
8.111466169,1787250380.832426786,1787250380.832344770,-9.891302271895984,5.11322853192971,2.0006750862315124,0.18574818079155042,0.0,0.0,0.0,0.0,0.12668107731807413,0.11021658558350914,0.07791786208069187,0.9827171595533577,3.4763287996362586,0.6967841574342539,-0.057486719376476834,13.685678468130511,20.0,0.0,2.0,30.325485288538015,1.1132627110804867,0.6632627110804867,0,0,0
8.121466637,1787250380.842427254,1787250380.842344284,-9.856432925109704,5.12007535066165,2.0000944877170297,0.1777985545207668,0.0,0.0,0.0,0.0,0.12423953665362798,0.10539709487964137,0.07496299231748106,0.9837868365178674,3.497351392644491,0.6726436032535392,-0.05860629938282528,13.721218408573412,20.0,0.0,2.0,30.292272259059008,1.1209223241881432,0.6709223241881432,0,0,0
8.131470442,1787250380.852431059,1787250380.852344751,-9.82135899106507,5.126682720096507,1.9995036027293454,0.1698668257119584,0.0,0.0,0.0,0.0,0.12164488158238813,0.10059813831253112,0.07198965621001603,0.9848350251446296,3.517247409950131,0.6489004759159975,-0.059545208444095755,13.756914169180027,20.0,0.0,2.0,30.258822317349427,1.126885263248153,0.676885263248153,0,0,0
8.141469002,1787250380.862429619,1787250380.862344742,-9.786091719240845,5.133054820451976,1.998904078954142,0.161951517377696,0.0,0.0,0.0,0.0,0.1189139085327841,0.09583641489546282,0.06899236586140735,0.98585745287556,3.536021973656283,0.6255940882420625,-0.06032978474633091,13.79275748869177,20.0,0.0,2.0,30.22514702855614,1.1331407118146002,0.6831407118146002,0,0,0
8.151463270,1787250380.872423887,1787250380.872344732,-9.750642217442502,5.139196132080541,1.998297638030386,0.15407885628524484,0.0,0.0,0.0,0.0,0.11606785300234757,0.09113500509647919,0.06597877755924701,0.9868482483428127,3.553695550433942,0.6027482350553538,-0.06093254720349867,13.828740132519926,20.0,0.0,2.0,30.191257875953102,1.1402661684497488,0.6902661684497489,0,0,0
8.161467791,1787250380.882428408,1787250380.882344246,-9.71502143102693,5.145111428329191,1.9976859390030375,0.14627148330419207,0.0,0.0,0.0,0.0,0.11311871535947618,0.08650522278124217,0.06295789758684983,0.9878042851690982,3.57028304243194,0.5803944431653254,-0.06137789840681132,13.864853915626561,20.0,0.0,2.0,30.157166239737972,1.1452122891799457,0.6952122891799457,0,0,0
8.171468973,1787250380.892429590,1787250380.892344713,-9.679240087526873,5.150805722528041,1.9970706933899718,0.1385610830375537,0.0,0.0,0.0,0.0,0.11008435251425754,0.08196321959822961,0.05994261055270756,0.9887215732473604,3.5858103838760713,0.5585522276062208,-0.06164534373528098,13.901090748493916,20.0,0.0,2.0,30.122883333856453,1.15099668022421,0.70099668022421,0,0,0
8.181483269,1787250380.902443886,1787250380.902344704,-9.643308687254699,5.1562842648549605,1.9964535374723078,0.13097796899667272,0.0,0.0,0.0,0.0,0.10697516594201002,0.0775126536042413,0.0569477940823402,0.9895984292388826,3.6002990650446196,0.5372468892326029,-0.06175767388198224,13.937442651236053,20.0,0.0,2.0,30.08842019656827,1.15710046577538,0.7071004657753801,0,0,0
8.191479921,1787250380.912440538,1787250380.912352800,-9.607237468834867,5.161552495949581,1.995836137168673,0.12355897203474484,0.0,0.0,0.0,0.0,0.10380926044274873,0.0731613651207874,0.05399078750748391,0.9904322525868764,3.6137787184754298,0.5164925489709784,-0.061693470058348486,13.973901782332288,20.0,0.0,2.0,30.053787648850125,1.161582504187245,0.711582504187245,0,0,0
8.201442003,1787250380.922402620,1787250380.922344208,-9.571036379299704,5.16661599538284,1.9952202760342386,0.11631950326309431,0.0,0.0,0.0,0.0,0.1006073070935556,0.06891001511672558,0.05107929844684935,0.9912217132640777,3.626278485148673,0.49630178346180687,-0.061445796859092995,14.010460463859122,20.0,0.0,2.0,30.018996256293676,1.1669852783415862,0.7169852783415862,0,0,0
8.211443424,1787250380.932404041,1787250380.932344198,-9.534715065273625,5.171480431614408,1.9946078910166838,0.10927223688707982,0.0,0.0,0.0,0.0,0.09739959077146902,0.06476618362773957,0.048218610430944005,0.9919645289948412,3.637828027931873,0.4766814671832605,-0.06100108104505429,14.047111188379134,20.0,0.0,2.0,29.984056311918685,1.1720070871166777,0.7220070871166777,0,0,0
8.221462488,1787250380.942423105,1787250380.942344666,-9.498282897695939,5.176151550478899,1.9940008383389227,0.10243547931715656,0.0,0.0,0.0,0.0,0.09421163356829278,0.06072920037581042,0.04541846290169984,0.9926597078303094,3.6484540641258576,0.4576383790229639,-0.06037906347284319,14.083846603155727,20.0,0.0,2.0,29.948977858617585,1.1761681036632798,0.7261681036632799,0,0,0
8.231452465,1787250380.952413082,1787250380.952344418,-9.461748963166915,5.180635113750957,1.9934009226608669,0.09583678138279138,0.0,0.0,0.0,0.0,0.09107213035585739,0.05680318876871941,0.04269284630904542,0.993305887273494,3.6581861890427922,0.4391698239746021,-0.0595755850166,14.120659516794916,20.0,0.0,2.0,29.913770670016138,1.1812730257913573,0.7312730257913573,0,0,0
8.241465330,1787250380.962425947,1787250380.962344408,-9.4251220581911,5.184936844817772,1.9928098864551465,0.08949646805337491,0.0,0.0,0.0,0.0,0.08799997473290248,0.052984299033485414,0.040053773235353855,0.993903598822617,3.667053050296302,0.42127035550770986,-0.05860282915865254,14.157542905767123,20.0,0.0,2.0,29.878444235299906,1.1852249410613986,0.7352249410613987,0,0,0
8.251461744,1787250380.972422361,1787250380.972344398,-9.388410690661221,5.189062382216202,1.9922294330772472,0.08343369013487513,0.0,0.0,0.0,0.0,0.08501238413423777,0.04927367830642132,0.03751238442354021,0.9944535284189144,3.6750830686936085,0.40392975023893546,-0.05746371986158445,14.194489914994712,20.0,0.0,2.0,29.843007752423556,1.1891442443039126,0.7391442443039127,0,0,0
8.261427164,1787250380.982387781,1787250380.982344866,-9.351623097094171,5.193017270994992,1.9916610873386582,0.07764016623271945,0.0,0.0,0.0,0.0,0.0821071093953275,0.045667558569431214,0.03506750700779433,0.9949588768553752,3.6823030982598914,0.3871382563302072,-0.05617974054347236,14.231493849955546,20.0,0.0,2.0,29.80747014337494,1.194026814683393,0.744026814683393,0,0,0
8.271429300,1787250380.992389917,1787250380.992344379,-9.314767233731652,5.196806933197362,1.991106355098,0.07209997770779683,0.0,0.0,0.0,0.0,0.07927638526554127,0.042168881762108874,0.0327135958367994,0.9954229557316776,3.68874136072582,0.37088310934152596,-0.05474457077411586,14.268548187510865,20.0,0.0,2.0,29.77184003997258,1.1969310748024657,0.7469310748024658,0,0,0
8.281470537,1787250381.002431154,1787250381.002344847,-9.277850790259102,5.200436700968639,1.990566613065504,0.06680657005897052,0.0,0.0,0.0,0.0,0.07650001570114288,0.03877517832953335,0.030450507484967547,0.9958498881544073,3.694423582132648,0.3551581878627526,-0.053182084572440044,14.30564657472914,20.0,0.0,2.0,29.7361258029059,1.2006780824862933,0.7506780824862933,0,0,0
8.291463852,1787250381.012424469,1787250381.012340069,-9.24088119313957,5.203911845036883,1.9900431461062642,0.06176393700764588,0.0,0.0,0.0,0.0,0.07376078005116564,0.03548870290378633,0.028282527060162384,0.9962429412324795,3.699376357129105,0.3399581390701899,-0.05149270973553311,14.342782834033665,20.0,0.0,2.0,29.70033552977404,1.2046469014225958,0.7546469014225958,0,0,0
8.301441669,1787250381.022402287,1787250381.022344589,-9.203865609464543,5.207237614071992,1.9895371147215797,0.05697237120341956,0.0,0.0,0.0,0.0,0.07103780091418736,0.03230607187655812,0.02621235450804909,0.9966056697773333,3.703625240451908,0.32528313105684636,-0.04969479368792184,14.379950968803117,20.0,0.0,2.0,29.664477065625825,1.2072891423390528,0.7572891423390529,0,0,0
8.311423302,1787250381.032383919,1787250381.032344818,-9.166810949807509,5.210419262823193,1.9890496091006784,0.05243197218816513,0.0,0.0,0.0,0.0,0.06831924348478582,0.02922814884851314,0.024241683044970836,0.9969405885446249,3.707195400189642,0.3111354245597946,-0.04779494604484676,14.41714516664102,20.0,0.0,2.0,29.628558010596315,1.2109236983668248,0.7609236983668248,0,0,0
8.321417093,1787250381.042377710,1787250381.042344809,-9.12972388495277,5.213462105547824,1.9885814335201717,0.048114969786229575,0.0,0.0,0.0,0.0,0.06559114017053215,0.02625175354420622,0.022358401289001396,0.997250595216059,3.710110627445299,0.2975222592524725,-0.045825999420670914,14.454359793600867,20.0,0.0,2.0,29.59258574581193,1.2138797930274308,0.7638797930274308,0,0,0
8.331420898,1787250381.052381516,1787250381.052344561,-9.092610833913936,5.216371496341129,1.9881334004017919,0.04398582140170523,0.0,0.0,0.0,0.0,0.0628486014109315,0.023378795679933746,0.02054573517244018,0.9975376473995704,3.712396731727372,0.28444600633918177,-0.04376749481436414,14.491589403401058,20.0,0.0,2.0,29.556567418047596,1.2164518234234596,0.7664518234234596,0,0,0
8.341438293,1787250381.062398911,1787250381.062344551,-9.055477966950663,5.2191528383721675,1.9877063331056744,0.04002498995935976,0.0,0.0,0.0,0.0,0.060086729572163766,0.020606866393268558,0.01879512203304276,0.9978034302278854,3.7140778412847264,0.27191342148334896,-0.041632310561785915,14.52882873823509,20.0,0.0,2.0,29.520509944316498,1.2200274681134142,0.7700274681134143,0,0,0
8.351423979,1787250381.072384596,1787250381.072344780,-9.018331213983044,5.22181159396076,1.9873010287494384,0.03622728161636263,0.0,0.0,0.0,0.0,0.0573114678766578,0.017936911595411286,0.01710469154117079,0.9980486422913077,3.715177839677861,0.2599297790200907,-0.03941767663323786,14.566072724446803,20.0,0.0,2.0,29.484420021955945,1.2220150851826048,0.7720150851826049,0,0,0
8.361442089,1787250381.082402706,1787250381.082344532,-8.98117626928026,5.224353282047083,1.9869181820117279,0.03258835568254359,0.0,0.0,0.0,0.0,0.05452960880685307,0.01536525750480593,0.015473291930300984,0.9982740144178963,3.715720070698562,0.2485003761378978,-0.03714058949890598,14.603316471114125,20.0,0.0,2.0,29.448304132847642,1.2245678527789108,0.7745678527789108,0,0,0
8.371441841,1787250381.092402458,1787250381.092344999,-8.944018595300905,5.226783453242545,1.986558439820432,0.029107867175297376,0.0,0.0,0.0,0.0,0.05175692177318079,0.012891133670305376,0.013901508584164689,0.9984797382923419,3.7157274655119727,0.237626562007114,-0.03479918231498081,14.640555266503336,20.0,0.0,2.0,29.412168542760572,1.2276465236401308,0.7776465236401309,0,0,0
8.381452799,1787250381.102413416,1787250381.102344990,-8.906863428056372,5.229107663192928,1.986222356650616,0.02578690702965174,0.0,0.0,0.0,0.0,0.049007592677258086,0.010509498557707744,0.012390984586062097,0.9986662454499168,3.7152223774078164,0.22730752710908136,-0.032408765690763175,14.67778457426966,20.0,0.0,2.0,29.376019301890143,1.2292040445170418,0.7792040445170418,0,0,0
8.391447544,1787250381.112408161,1787250381.112344265,-8.869715784787266,5.23133143555753,1.9859104324621457,0.0226287709462879,0.0,0.0,0.0,0.0,0.046300840314586575,0.008216263899557636,0.01094442182719678,0.99883379239219,3.7142261201029796,0.21753814012491435,-0.0299714178481238,14.715000026177137,20.0,0.0,2.0,29.339862245739344,1.231784368585568,0.7817843685855681,0,0,0
8.401463270,1787250381.122423887,1787250381.122344732,-8.832580481310066,5.233460234596116,1.9856230023941293,0.01962257790665847,0.0,0.0,0.0,0.0,0.04364753389454656,0.00597893635769046,0.009558805637349769,0.9989833704020016,3.712756819088909,0.20831113489180597,-0.027509599368640128,14.752197407344827,20.0,0.0,2.0,29.30370300723752,1.2339741989701523,0.7839741989701523,0,0,0
8.411433220,1787250381.132393837,1787250381.132344246,-8.795462190944114,5.235499427650682,1.98536034524955,0.01675443995385984,0.0,0.0,0.0,0.0,0.04105858055753569,0.003759082996058871,0.00822956649460542,0.9991157773215975,3.710824552795615,0.19961507381355928,-0.025019532702559508,14.789372597684359,20.0,0.0,2.0,29.267547067810685,1.2355944919990844,0.7855944919990845,0,0,0
8.421460629,1787250381.142421246,1787250381.142344475,-8.75836552567804,5.237454266651005,1.985122641451839,0.014015981243449254,0.0,0.0,0.0,0.0,0.038536899571224734,0.0015098886437004127,0.006954895689410457,0.9992318334769316,3.7084312673715467,0.19143808351779218,-0.022518596426961066,14.826521493663591,20.0,0.0,2.0,29.231399833732993,1.2382438544909242,0.7882438544909243,0,0,0
8.431442261,1787250381.152402878,1787250381.152344227,-8.721295126625089,5.239329873334075,1.984910032104562,0.011406127743843005,0.0,0.0,0.0,0.0,0.03608629577089064,-0.0008045652569731384,0.0057357944566710835,0.9993318931137113,3.705569559996426,0.18376640887567064,-0.020002753885169172,14.863639920207683,20.0,0.0,2.0,29.19526672218358,1.2396046678723023,0.7896046678723023,0,0,0
8.441461325,1787250381.162421942,1787250381.162344456,-8.68425573971554,5.2411312350619985,1.984722585535945,0.00892521222667077,0.0,0.0,0.0,0.0,0.03370467336768836,-0.0032149513260403173,0.004573474545117504,0.9994162007951111,3.702226023574828,0.1765867664549155,-0.01748548293313061,14.900723558418168,20.0,0.0,2.0,29.159153234686688,1.2413251055888666,0.7913251055888666,0,0,0
8.451444864,1787250381.172405481,1787250381.172344685,-8.647252274757065,5.242863202717925,1.984560347001812,0.006576422964945194,0.0,0.0,0.0,0.0,0.03139257469801853,-0.005732042296390973,0.0034696952285266196,0.9994846727989194,3.698382013051303,0.16988547371694132,-0.01496402044073645,14.93776788932367,20.0,0.0,2.0,29.123065014501346,1.2438569310713352,0.7938569310713353,0,0,0
8.461484909,1787250381.182445526,1787250381.182346821,-8.610289828907625,5.244530495773826,1.9844232556872514,0.0043552007083195905,0.0,0.0,0.0,0.0,0.029151117530387762,-0.008350596102049586,0.0024218349100333003,0.9995372002117473,3.6940191669434896,0.1636494608646331,-0.012455399246953798,14.974768173962245,20.0,0.0,2.0,29.087007870356143,1.2446705036285735,0.7946705036285735,0,0,0
8.471477985,1787250381.192438602,1787250381.192344427,-8.57337367576216,5.246137693441387,1.9843112238163734,0.0022552480339729044,0.0,0.0,0.0,0.0,0.026986329173052333,-0.011043883521991203,0.0014259879395106686,0.9995737777837677,3.6891213707948243,0.1578639607272129,-0.009954122245359465,15.011719466206795,20.0,0.0,2.0,29.050987763774618,1.246520866319693,0.796520866319693,0,0,0
8.481471539,1787250381.202432156,1787250381.202344656,-8.536509215010602,5.247689226449327,1.984224097263793,0.0002752295460235974,0.0,0.0,0.0,0.0,0.02490241309973605,-0.013777540588003269,0.00048085130383384125,0.9995948269069722,3.683679669796524,0.15251382545280215,-0.007473973557972211,15.048616665452998,20.0,0.0,2.0,29.01501075779371,1.248322958086389,0.7983229580863891,0,0,0
8.491489410,1787250381.212450027,1787250381.212344646,-8.49970190377271,5.2491893651920645,1.984161693843513,-0.0015823774684169923,0.0,0.0,0.0,0.0,0.022905896871038667,-0.01650728278336065,-0.0004128084321935422,0.9996012500456579,3.677691995280298,0.14758229076956508,-0.005011450453752166,15.085454587096292,20.0,0.0,2.0,28.97908294697217,1.2492898026127566,0.7992898026127566,0,0,0
8.501469135,1787250381.222429752,1787250381.222344637,-8.462957170229776,5.250642209676479,1.9841237618619132,-0.003316618914550937,0.0,0.0,0.0,0.0,0.021000071080992798,-0.019192300088076028,-0.0012545577661315288,0.9995944571258556,3.671165930214186,0.14305193120258994,-0.002579312565203775,15.122228050885719,20.0,0.0,2.0,28.943210370366803,1.2512913980361524,0.8012913980361525,0,0,0
8.511447906,1787250381.232408524,1787250381.232344389,-8.42628033250181,5.252051679209847,1.9841100208362012,-0.00492770597278776,0.0,0.0,0.0,0.0,0.01918930087275164,-0.021792484185513866,-0.0020441957821443267,0.9995762500323042,3.664116108322892,0.13890424308421292,-0.00017641575784660944,15.158931963741228,20.0,0.0,2.0,28.907398929590812,1.252428271310129,0.802428271310129,0,0,0
8.521471500,1787250381.242432117,1787250381.242344379,-8.389676517413902,5.253421506534171,1.9841200671301924,-0.006425579506361489,0.0,0.0,0.0,0.0,0.017480182248815285,-0.024278333858469166,-0.002785864631475866,0.9995485204290285,3.65656549596482,0.1351200448099124,0.0021786506590728296,15.195561402814414,20.0,0.0,2.0,28.871654307659373,1.2535646021354465,0.8035646021354466,0,0,0
8.531460285,1787250381.252420902,1787250381.252344370,-8.353150604358268,5.2547552197979535,1.9841534625239623,-0.00782406106258752,0.0,0.0,0.0,0.0,0.01588148971022903,-0.026626769296828633,-0.003485291924156403,0.9995132046059225,3.6485406687571698,0.1316777656771225,0.004491479558263107,15.23211167272956,20.0,0.0,2.0,28.83598191021359,1.2557295108776725,0.8057295108776725,0,0,0
8.541451693,1787250381.262412310,1787250381.262344360,-8.316707180557502,5.256056125977678,1.9842097062596302,-0.009133616417832481,0.0,0.0,0.0,0.0,0.01439962772641676,-0.028828529802066988,-0.004146256092506477,0.999472048209057,3.6400727609170715,0.1285546546534863,0.0067489295798410995,15.268578351472879,20.0,0.0,2.0,28.800386818274518,1.2562664719283858,0.8062664719283859,0,0,0
8.551473141,1787250381.272433758,1787250381.272344112,-8.28035052465909,5.257327295589777,1.9842882829300026,-0.01036140129294575,0.0,0.0,0.0,0.0,0.01303924677066971,-0.030881832030085373,-0.004770828078899981,0.9994266004532603,3.6311923868909823,0.12572638386837176,0.008956245791965942,15.304957307953122,20.0,0.0,2.0,28.764873769036296,1.257578981879579,0.8075789818795791,0,0,0
8.561471701,1787250381.282432318,1787250381.282344341,-8.244084603104788,5.25857155459882,1.984388618534502,-0.011514656758526394,0.0,0.0,0.0,0.0,0.011800679271331372,-0.03279641181363512,-0.005361180794997117,0.9993780051018579,3.6219306802525226,0.1231683805635132,0.011101464273421817,15.341244706783817,20.0,0.0,2.0,28.72944715057023,1.2594401702043796,0.8094401702043796,0,0,0
8.571468115,1787250381.292428732,1787250381.292344809,-8.207913092371816,5.259791481635724,1.984510134036274,-0.012599479389268092,0.0,0.0,0.0,0.0,0.010681272805214435,-0.03458594076044759,-0.005919120483160101,0.999327117177194,3.6123146880030816,0.12085597713712029,0.013190668421527739,15.377436987406872,20.0,0.0,2.0,28.694111022874306,1.2599115576892823,0.8099115576892824,0,0,0
8.581482410,1787250381.302443027,1787250381.302344322,-8.17183940581578,5.260989414390706,1.9846522048019082,-0.013621463103364892,0.0,0.0,0.0,0.0,0.009674344610854122,-0.036270287714355864,-0.006446452427352349,0.9992743950169894,3.602369456440169,0.11876568503275879,0.015213355721636032,15.41353083852768,20.0,0.0,2.0,28.658869145174297,1.261397188178763,0.8113971881787629,0,0,0
8.591490507,1787250381.312451124,1787250381.312344790,-8.135866736102146,5.262167461650031,1.9848142075191881,-0.01458458437301564,0.0,0.0,0.0,0.0,0.008770879828669713,-0.037868560079347864,-0.006944465059190212,0.9992201049966867,3.592114485658179,0.11687539386214202,0.01717514621987229,15.449523157243648,20.0,0.0,2.0,28.623725019543503,1.2627682704819483,0.8127682704819483,0,0,0
8.601468563,1787250381.322429180,1787250381.322344542,-8.0999980914666,5.263327523136456,1.984995456478306,-0.015488458316177326,0.0,0.0,0.0,0.0,0.007957613016244584,-0.03940589195758752,-0.007412563897828445,0.9991641036239098,3.5815665475498957,0.11516544584070385,0.019063360910501873,15.485411013989747,20.0,0.0,2.0,28.5886819299624,1.2634166244931369,0.8134166244931369,0,0,0
8.611468554,1787250381.332429171,1787250381.332344532,-8.064236348782794,5.264471314521077,1.9851952602508536,-0.01633015045787377,0.0,0.0,0.0,0.0,0.007220187742985856,-0.040904326178079965,-0.007849148546311965,0.9991061484426823,3.570735644403679,0.11361880618727396,0.020884567809675254,15.521191601185347,20.0,0.0,2.0,28.553742998809728,1.2650636156335113,0.8150636156335114,0,0,0
8.621466875,1787250381.342427492,1787250381.342344522,-8.028584296007018,5.265600396819511,1.9854128836336489,-0.01710990936747875,0.0,0.0,0.0,0.0,0.006544046899706103,-0.04238458891466675,-0.008254392835556635,0.9990458383235604,3.559629209695466,0.11222151776309319,0.02262819587347389,15.556862192067754,20.0,0.0,2.0,28.518911233799248,1.2660071920695415,0.8160071920695415,0,0,0
8.631469250,1787250381.352429867,1787250381.352344275,-7.993044676401994,5.2667162046064995,1.9856475975546246,-0.01782961233343285,0.0,0.0,0.0,0.0,0.0059166853015338045,-0.04385911420199024,-0.00862939810968689,0.9989829350017567,3.548249438635179,0.11096224413676248,0.024301253524679624,15.592420098070667,20.0,0.0,2.0,28.484189576436233,1.2668166051149639,0.8168166051149639,0,0,0
8.641484976,1787250381.362445593,1787250381.362344265,-7.9576202109494325,5.267820071868782,1.9858986352163681,-0.018492251665934312,0.0,0.0,0.0,0.0,0.005327887307683345,-0.04533530519036482,-0.008975855462164069,0.9989172927419244,3.5365983458421426,0.10983207055035732,0.02589389569208462,15.627862647293883,20.0,0.0,2.0,28.449580928684355,1.268606570076829,0.818606570076829,0,0,0
8.651472569,1787250381.372433186,1787250381.372344732,-7.922313616148701,5.268913251854572,1.986165238033644,-0.019100842379290318,0.0,0.0,0.0,0.0,0.00477122731553811,-0.04681142065737528,-0.009295421463783383,0.9988490984256593,3.524675590778175,0.1088236931830814,0.02741245754830966,15.66318716789879,20.0,0.0,2.0,28.415088173974937,1.2691848307399782,0.8191848307399783,0,0,0
8.661477566,1787250381.382438183,1787250381.382344484,-7.8871275958127285,5.269996929761267,1.9864465905567072,-0.01965537370783637,0.0,0.0,0.0,0.0,0.00424833269522128,-0.048281379794663154,-0.009587915308611777,0.9987787201950535,3.5124836835144793,0.10793047179385801,0.028844709427697925,15.698390996442447,20.0,0.0,2.0,28.380714171418248,1.2701344801852157,0.8201344801852157,0,0,0
8.671460867,1787250381.392421484,1787250381.392344236,-7.852064833550238,5.271072219396959,1.9867418778760915,-0.020154646380140116,0.0,0.0,0.0,0.0,0.003765837553828914,-0.04973274226063455,-0.00985233006542892,0.9987068661058847,3.5000248556787628,0.10714464872963637,0.030197885802190058,15.733471485889966,20.0,0.0,2.0,28.346461747671196,1.2720448710837386,0.8220448710837387,0,0,0
8.681474209,1787250381.402434826,1787250381.402344704,-7.817127965147896,5.272140149926015,1.9870502442318516,-0.020602226830677684,0.0,0.0,0.0,0.0,0.0033340204702557827,-0.05115169319694827,-0.010089798393975205,0.9986343597928915,3.4873059822395684,0.10645689223765538,0.03146162962013569,15.76842603264982,20.0,0.0,2.0,28.312333667256212,1.272321350085969,0.822321350085969,0,0,0
8.691494703,1787250381.412455320,1787250381.412344933,-7.782319556431448,5.2732016455100945,1.9873708498652736,-0.02100435044558375,0.0,0.0,0.0,0.0,0.0029632863326292625,-0.05252203562363839,-0.01030271492738927,0.9985622207820528,3.474334766076519,0.10585557074476354,0.032644499739930166,15.80325209872422,20.0,0.0,2.0,28.27833260687972,1.273387030871647,0.8233870308716471,0,0,0
8.701471329,1787250381.422431946,1787250381.422344685,-7.747642068110202,5.274257504724964,1.9877028302329522,-0.02136895711124482,0.0,0.0,0.0,0.0,0.0026632754196894786,-0.053829604119054464,-0.010494290976208775,0.9984914373900917,3.461123944455975,0.10532719469435398,0.03373789197764821,15.837947246020583,20.0,0.0,2.0,28.24446111694275,1.2752071179067461,0.8252071179067462,0,0,0
8.711473227,1787250381.432433844,1787250381.432345629,-7.713097833311129,5.275308381842699,1.98804535013775,-0.02170391965573079,0.0,0.0,0.0,0.0,0.0024402276351952476,-0.0550618076374839,-0.010667841526297357,0.9984229763912442,3.4476867717459396,0.10485653919973671,0.03475137627573437,15.872509158879325,20.0,0.0,2.0,28.210721595802315,1.2754316683717246,0.8254316683717247,0,0,0
8.721473694,1787250381.442434311,1787250381.442344427,-7.678689029944948,5.27635477432427,1.9883975601390473,-0.02201214515868033,0.0,0.0,0.0,0.0,0.002298798404391034,-0.05621549947855734,-0.01082424995844861,0.9983573352047399,3.4340401970954013,0.10442749154535665,0.035677240897984464,15.906935671020449,20.0,0.0,2.0,28.17711626014167,1.2765853970127963,0.8265853970127963,0,0,0
8.731474161,1787250381.452434778,1787250381.452344418,-7.644417679059883,5.2773970142959605,1.988758643048661,-0.02229393293181589,0.0,0.0,0.0,0.0,0.002239462881486318,-0.05729251956074156,-0.010963334099110983,0.9982947246749407,3.4201990133923434,0.10402326213355702,0.03652491274090782,15.941224767487306,20.0,0.0,2.0,28.143647141565086,1.278218462909771,0.8282184629097711,0,0,0
8.741466999,1787250381.462427616,1787250381.462344885,-7.610285644262129,5.278435267535431,1.9891277672219159,-0.022554511555814647,0.0,0.0,0.0,0.0,0.002260344831486364,-0.058300330913202136,-0.011087512182280865,0.9982349569766938,3.4061791750194264,0.1036274322735149,0.03728689027371105,15.975374584791057,20.0,0.0,2.0,28.110316085678487,1.2785228723662698,0.8285228723662699,0,0,0
8.751466990,1787250381.472427607,1787250381.472344875,-7.576294651910338,5.279469538248175,1.9895041365583574,-0.022801427719103685,0.0,0.0,0.0,0.0,0.002355427463233654,-0.05924760160988109,-0.011200633265880994,0.998177699349863,3.391992694273001,0.10322427003537002,0.03797303654678151,16.00938339145704,20.0,0.0,2.0,28.077124772622614,1.279732160047956,0.8297321600479561,0,0,0
8.761451006,1787250381.482411623,1787250381.482344151,-7.542446304090955,5.280499681434266,1.9898869472153624,-0.023043180836846863,0.0,0.0,0.0,0.0,0.0025170321850472225,-0.06014431417904148,-0.011307158053536638,0.9981224745479207,3.3776518233719544,0.10279970053311008,0.03857654863328218,16.04324957501948,20.0,0.0,2.0,28.044074731985678,1.2812429108958472,0.8312429108958472,0,0,0
8.771468401,1787250381.492429018,1787250381.492344618,-7.508742103485501,5.281525419405997,1.9902754323904914,-0.02328780802915549,0.0,0.0,0.0,0.0,0.002734657789488933,-0.060998465230473455,-0.01141153812612521,0.9980688782262961,3.3631648124186078,0.10234137647192494,0.03910705460835676,16.076971618219304,20.0,0.0,2.0,28.01116737016012,1.2815921317534142,0.8315921317534143,0,0,0
8.781487942,1787250381.502448559,1787250381.502344608,-7.475183464440953,5.2825463630323055,1.9906688178970715,-0.023543873115342638,0.0,0.0,0.0,0.0,0.002998008477609849,-0.06181633612660839,-0.011518524263353954,0.9980165710707638,3.348540584323352,0.10183932491891466,0.039557970009360455,16.11054808814345,20.0,0.0,2.0,27.978403985095984,1.2828203711837391,0.8328203711837392,0,0,0
8.791493893,1787250381.512454510,1787250381.512344599,-7.441771730426176,5.283562033324084,1.9910663644530195,-0.023818022136502706,0.0,0.0,0.0,0.0,0.0032956923346155035,-0.06260077597281093,-0.011632036621836388,0.9979654187313636,3.3337850963428735,0.10128560495681438,0.039938108436860666,16.143977619987016,20.0,0.0,2.0,27.945785787389216,1.2842726239901805,0.8342726239901805,0,0,0
8.801470280,1787250381.522430897,1787250381.522344828,-7.4085081730083076,5.284571884744321,1.991467311045854,-0.024104115682334053,0.0,0.0,0.0,0.0,0.0036155982462056442,-0.06335211262768306,-0.011749740091239379,0.9979155179085651,3.318906249045305,0.10067483077839981,0.040239175311928686,16.177258918191157,20.0,0.0,2.0,27.913313903613705,1.2846283981142208,0.8346283981142208,0,0,0
8.811466932,1787250381.532427549,1787250381.532344580,-7.3753939984560715,5.285575328933599,1.9918709237248224,-0.02438965474934072,0.0,0.0,0.0,0.0,0.00394516518711426,-0.0640678183739086,-0.011866229566438381,0.9978671970339194,3.303909816479139,0.10000385474380882,0.04047076528206785,16.210390751217894,20.0,0.0,2.0,27.880989387222566,1.2858364858134297,0.8358364858134297,0,0,0
8.821463346,1787250381.542423964,1787250381.542344093,-7.342430339994839,5.286571758375219,1.9922764736004834,-0.02467031809489164,0.0,0.0,0.0,0.0,0.004274822737799169,-0.06474326581284025,-0.011980029301224333,0.9978208828844936,3.2888042407772766,0.09927187388684529,0.040627900156240314,16.243371959829503,20.0,0.0,2.0,27.84881321540975,1.2872943951850992,0.8372943951850993,0,0,0
8.831465960,1787250381.552426577,1787250381.552344799,-7.309618252959553,5.2875605650854105,1.9926832699802006,-0.02494656846577954,0.0,0.0,0.0,0.0,0.004597088268589267,-0.06537242477932313,-0.012091948079640426,0.9977770781339697,3.273597208290965,0.0984795625204248,0.04071929237831412,16.276201462987725,20.0,0.0,2.0,27.816786287893972,1.2876172763760987,0.8376172763760987,0,0,0
8.841487408,1787250381.562448025,1787250381.562344551,-7.276958697210055,5.2885411551548405,1.9930906164528075,-0.025220520543731095,0.0,0.0,0.0,0.0,0.004908269893893212,-0.06594847324602182,-0.012203397106748776,0.9977363303309259,3.258299616788463,0.09762890255904438,0.040739195611787495,16.30887827540552,20.0,0.0,2.0,27.784909412460763,1.2887656724682834,0.8387656724682835,0,0,0
8.851469040,1787250381.572429657,1787250381.572344303,-7.2444525292903394,5.2895129560977585,1.9934978515365431,-0.025494134420099165,0.0,0.0,0.0,0.0,0.005206756760104306,-0.06646494804069922,-0.012315584228427334,0.9976991664580566,3.2429217908024186,0.09672216581112406,0.04069597273598589,16.341401516177477,20.0,0.0,2.0,27.75318329870315,1.2902953096854455,0.8402953096854455,0,0,0
8.861468077,1787250381.582428694,1787250381.582344294,-7.212100482292038,5.290475420206336,1.99390429593428,-0.025762553641940956,0.0,0.0,0.0,0.0,0.005493034396088607,-0.06691365382529449,-0.0124262132213216,0.9976662662082197,3.227477544797192,0.0957619166308384,0.040582319794520094,16.373770428411117,20.0,0.0,2.0,27.72160853896783,1.2905465485802832,0.8405465485802832,0,0,0
8.871468067,1787250381.592428684,1787250381.592344284,-7.179903157143442,5.291428022954775,1.9943093025209344,-0.026017889540902103,0.0,0.0,0.0,0.0,0.005768267488119993,-0.06728749554566772,-0.01253143269776094,0.9976382526887784,3.2119800142162793,0.0947502423538655,0.04040778111381176,16.405984388569035,20.0,0.0,2.0,27.690185599555758,1.2915969177484037,0.8415969177484037,0,0,0
8.881468534,1787250381.602429152,1787250381.602344513,-7.1478610045257085,5.292370259906709,1.9947122270143436,-0.026258954719267806,0.0,0.0,0.0,0.0,0.006035521679378336,-0.0675795960208865,-0.012630590852048562,0.9976156769289664,3.19644557992716,0.09368897687657601,0.04016731469590241,16.43804292414069,20.0,0.0,2.0,27.65891480245629,1.2932670003202984,0.8432670003202984,0,0,0
8.891491652,1787250381.612452269,1787250381.612344265,-7.115974317944568,5.293301640326189,1.9951124690478954,-0.026488451420317617,0.0,0.0,0.0,0.0,0.006297944386857798,-0.06778624206874014,-0.012724932445895587,0.9975988358939407,3.1808897353781753,0.09257907430585116,0.03987066370427477,16.46994572095061,20.0,0.0,2.0,27.627796317384206,1.2934095262947005,0.8434095262947006,0,0,0
8.901471376,1787250381.622431993,1787250381.622344255,-7.084243220841871,5.294221681106716,1.9955094320399993,-0.02671081508468905,0.0,0.0,0.0,0.0,0.006559446220241201,-0.06790487363079466,-0.012816497418522817,0.9975879105103422,3.1653304070026005,0.09142103661803083,0.039512967782163205,16.501692635414784,20.0,0.0,2.0,27.596830148037288,1.2943253834068842,0.8443253834068842,0,0,0
8.911480188,1787250381.632440805,1787250381.632344484,-7.052667668477028,5.295129899185354,1.995902564493489,-0.026930417839936598,0.0,0.0,0.0,0.0,0.006822420689465414,-0.06793652776140628,-0.012907361270166097,0.9975828200188198,3.1497837836579685,0.09021447004236674,0.03910363777738198,16.53328369301578,20.0,0.0,2.0,27.566016132536937,1.296000997422872,0.8460009974228719,0,0,0
8.921469688,1787250381.642430305,1787250381.642344713,-7.021247441525541,5.296025808792986,1.9962913047661701,-0.02714574393083582,0.0,0.0,0.0,0.0,0.0070814756381943475,-0.06787935164021272,-0.012997231136036244,0.9975837399970423,3.1342680736546717,0.08895943015049743,0.03863587521841282,16.564719093994732,20.0,0.0,2.0,27.53535393667516,1.2962052712627083,0.8462052712627084,0,0,0
8.931469440,1787250381.652430058,1787250381.652344465,-6.989982150438355,5.296908930695225,1.9966751278843136,-0.027352363008013286,0.0,0.0,0.0,0.0,0.007326781357100506,-0.06773343500294399,-0.013084646257247924,0.9975907437872356,3.1187996244078477,0.08765735891522596,0.038119518977394046,16.595999209903194,20.0,0.0,2.0,27.504843060010984,1.2969518829168094,0.8469518829168095,0,0,0
8.941466808,1787250381.662427425,1787250381.662344694,-6.958871229978904,5.2977788114085635,1.997053510340812,-0.027550077623752892,0.0,0.0,0.0,0.0,0.007546570542368033,-0.06749726946490246,-0.013170381858027545,0.9976039840184807,3.1033967203527295,0.08631198185939554,0.037549222659420886,16.627124589219328,20.0,0.0,2.0,27.474482834277246,1.2984337106166737,0.8484337106166737,0,0,0
8.951466322,1787250381.672426939,1787250381.672344208,-6.927913943818108,5.298635045110616,1.9974259746117322,-0.027741099228897368,0.0,0.0,0.0,0.0,0.007729992571605374,-0.06717274816316128,-0.013256288522101185,0.9976233457240615,3.0880757430534813,0.08492912974794409,0.03693530325532056,16.658095953932996,20.0,0.0,2.0,27.444272432195298,1.298937561598508,0.848937561598508,0,0,0
8.961467028,1787250381.682427645,1787250381.682344437,-6.8971093819935945,5.299477295428125,1.997792050407736,-0.027928350075414672,0.0,0.0,0.0,0.0,0.00786841756823239,-0.06676068277214771,-0.013344398630767166,0.9976487489422076,3.0728545247678563,0.0835167347501316,0.03627303932721662,16.68891420220064,20.0,0.0,2.0,27.41421086930513,1.2994823864133005,0.8494823864133005,0,0,0
8.971468210,1787250381.692428827,1787250381.692344427,-6.866456469781522,5.300305311510935,1.998151316358659,-0.028114833035822167,0.0,0.0,0.0,0.0,0.007957083571276643,-0.06626570046724108,-0.01343644902071318,0.9976798101597223,3.0577485961224773,0.08208389651699914,0.03557283274256253,16.71958040036308,20.0,0.0,2.0,27.38429701590909,1.3007392112149936,0.8507392112149936,0,0,0
8.981491804,1787250381.702452421,1787250381.702344656,-6.835953970645496,5.301118938032597,1.9985033616594565,-0.028304134321149095,0.0,0.0,0.0,0.0,0.007995182239734713,-0.06569092681896067,-0.013534186706216414,0.9977161946088781,3.042774316149324,0.08064043567370695,0.03483040075437666,16.75009577972421,20.0,0.0,2.0,27.354529602054903,1.3016164585327192,0.8516164585327193,0,0,0
8.991495848,1787250381.712456465,1787250381.712344885,-6.805600499521203,5.3019181161297535,1.9988478254264694,-0.028499166541389658,0.0,0.0,0.0,0.0,0.007986080841375033,-0.06504305677582453,-0.013638687007081284,0.9977572898730306,3.027945390777016,0.07919573763291762,0.03405630066812051,16.78046172364517,20.0,0.0,2.0,27.324907230905332,1.3019306709927363,0.8519306709927363,0,0,0
9.001469374,1787250381.722429991,1787250381.722344160,-6.775394531560734,5.30270287757793,1.9991843689005508,-0.02869591046993127,0.0,0.0,0.0,0.0,0.007935370384929174,-0.06432762738580833,-0.013747437817341049,0.9978025827813962,3.0132756784175863,0.07775841889808234,0.03324778850404088,16.810679758201864,20.0,0.0,2.0,27.295428386340813,1.302935489948487,0.8529354899484871,0,0,0
9.011465788,1787250381.732426405,1787250381.732344151,-6.74533441875208,5.303473332917849,1.9995127053970045,-0.028887114944035237,0.0,0.0,0.0,0.0,0.007850882557615147,-0.063553431575389,-0.013856141429343953,0.9978513578297867,2.998776258570005,0.07633558583960902,0.0324147413954342,16.840751535474826,20.0,0.0,2.0,27.266091447094343,1.3042615511857005,0.8542615511857006,0,0,0
9.021464586,1787250381.742425203,1787250381.742344141,-6.715418402248178,5.304229656324267,1.9998325702457862,-0.029070112630532614,0.0,0.0,0.0,0.0,0.007741432309424893,-0.06272631048796536,-0.013962759365510032,0.9979030622005661,2.984457938956248,0.07493279049218432,0.031554740413542434,16.870678820384725,20.0,0.0,2.0,27.23689469602295,1.3043208031301254,0.8543208031301255,0,0,0
9.031467438,1787250381.752428055,1787250381.752344847,-6.685644628756908,5.3049720677769345,2.0001437440798466,-0.02924508287134805,0.0,0.0,0.0,0.0,0.007616423936684469,-0.06185416663284856,-0.014066631982228529,0.9979570040944895,2.970329110796875,0.07355366898143857,0.03067615946369144,16.90046347401423,20.0,0.0,2.0,27.207836332807837,1.3050510294803772,0.8550510294803773,0,0,0
9.041427374,1787250381.762387991,1787250381.762344599,-6.6560111603444945,5.30570081544102,2.0004460164890445,-0.029413034090967228,0.0,0.0,0.0,0.0,0.007484532337984282,-0.06094068944318097,-0.01416763104606172,0.9980127716499494,2.956398072506081,0.07220020440695504,0.02977557022866728,16.930107442910394,20.0,0.0,2.0,27.178914480205282,1.3064416633007068,0.8564416633007068,0,0,0
9.051449060,1787250381.772409678,1787250381.772344828,-6.626515987078617,5.306416158370068,2.0007392132006014,-0.029575197093656448,0.0,0.0,0.0,0.0,0.007353328342905942,-0.059990972314097946,-0.01426582249972582,0.9980698863864679,2.942671222741054,0.07087266614784427,0.028860709651060773,16.95961274626084,20.0,0.0,2.0,27.150127193116433,1.30668543571697,0.85668543571697,0,0,0
9.061468124,1787250381.782428741,1787250381.782344818,-6.597157032333265,5.307118352632341,2.0010231700791934,-0.029731521497872497,0.0,0.0,0.0,0.0,0.0072269362953700745,-0.05900433593357926,-0.01436092723158035,0.9981282600457064,2.9291553760900357,0.06957026413342446,0.02792864594653243,16.988981469965328,20.0,0.0,2.0,27.121472461102087,1.3071218445838193,0.8571218445838193,0,0,0
9.071482182,1787250381.792442799,1787250381.792344332,-6.567932156435103,5.30780764264267,2.0012977573200783,-0.029881382081411594,0.0,0.0,0.0,0.0,0.007107129080466063,-0.05798139295427724,-0.014452520155459394,0.9981877435875834,2.915856593299256,0.06829156797545438,0.026986444051166472,17.018215763015345,20.0,0.0,2.0,27.092948210270663,1.3082013815934823,0.8582013815934824,0,0,0
9.081490993,1787250381.802451611,1787250381.802344799,-6.538839153066333,5.308484258124579,2.0015628523687963,-0.030025726474786074,0.0,0.0,0.0,0.0,0.006993317688760127,-0.0569182055042368,-0.014541145164426277,0.9982484492786297,2.9027819950845988,0.06703511439929903,0.026031194959676315,17.0473178407575,20.0,0.0,2.0,27.064552299153046,1.3090614867447081,0.8590614867447082,0,0,0
9.091446161,1787250381.812406778,1787250381.812344790,-6.5098757464302475,5.309148414663838,2.001818364836005,-0.030166339930033138,0.0,0.0,0.0,0.0,0.006883828371660468,-0.05581375351635287,-0.014627792437793235,0.9983103052226608,2.889938542897206,0.06579960720737522,0.025069619379884604,17.0762899879768,20.0,0.0,2.0,27.036282516029246,1.309186926468131,0.8591869264681311,0,0,0
9.101474524,1787250381.822435141,1787250381.822344303,-6.481039584670457,5.309800317408583,2.0020642118761156,-0.030305352492630732,0.0,0.0,0.0,0.0,0.006776092572509417,-0.05466377221700377,-0.014713696241958585,0.9983734089604729,2.8773343263798155,0.06458425318901888,0.024099053884909582,17.105134565335337,20.0,0.0,2.0,27.008136573199685,1.309939170268514,0.859939170268514,0,0,0
9.111437559,1787250381.832398176,1787250381.832344294,-6.452328235979256,5.310440165623991,2.0023003406250592,-0.03044483401210488,0.0,0.0,0.0,0.0,0.00666745850467641,-0.053467662134270635,-0.014800018472610922,0.9984376362879127,2.864977406221884,0.06338870200682672,0.023125378469564847,17.133854013557624,20.0,0.0,2.0,26.98011210407075,1.3113090087132298,0.8613090087132298,0,0,0
9.121449947,1787250381.842410564,1787250381.842344284,-6.423739180294894,5.311068159088785,2.002526692241987,-0.030586440170563934,0.0,0.0,0.0,0.0,0.006551762290136545,-0.05221510798217909,-0.01488797251056629,0.9985033826601828,2.852877399065163,0.06221348718364699,0.022144512287033048,17.16245086156173,20.0,0.0,2.0,26.952206656281632,1.311285493743958,0.861285493743958,0,0,0
9.131443262,1787250381.852403879,1787250381.852344751,-6.3952697953331175,5.31168450890693,2.002743232865686,-0.030731414170986456,0.0,0.0,0.0,0.0,0.006422393365415365,-0.05089785172341414,-0.014978531645229342,0.9985708813815642,2.8410453216481355,0.06106038123955844,0.021162844695976357,17.190927740903433,20.0,0.0,2.0,26.924417680163728,1.311695906821159,0.8616959068211592,0,0,0
9.141443014,1787250381.862403631,1787250381.862344742,-6.366917336290866,5.312289450495576,2.0029499348228077,-0.030880769924277372,0.0,0.0,0.0,0.0,0.006272745184022012,-0.04950343708213879,-0.015072545411493242,0.9986405162818749,2.8294945644801017,0.05993244642504224,0.02017776157991334,17.21928740616534,20.0,0.0,2.0,26.89674251144101,1.3127097062738422,0.8627097062738422,0,0,0
9.151443958,1787250381.872404575,1787250381.872344494,-6.338678916975928,5.31288325531335,2.0031468035309676,-0.03103526227316741,0.0,0.0,0.0,0.0,0.0060985336618072095,-0.048026322146195226,-0.015170509471760053,0.9987122387908606,2.818240005155305,0.058833778826537744,0.01919603889403894,17.247532754222252,20.0,0.0,2.0,26.869178355106317,1.3134566564292378,0.8634566564292379,0,0,0
9.161472082,1787250381.882432699,1787250381.882344484,-6.310551494817192,5.313466239352735,2.003333858847244,-0.031195475162619366,0.0,0.0,0.0,0.0,0.005897536304882083,-0.04646019896973009,-0.015272702325948434,0.9987859698358246,2.807297871951255,0.0577690995110892,0.018216067592669385,17.275666839197196,20.0,0.0,2.0,26.841722272476915,1.313512849785668,0.8635128497856681,0,0,0
9.171484232,1787250381.892444849,1787250381.892344713,-6.282531863297328,5.314038766668003,2.003511156358761,-0.031361765072338066,0.0,0.0,0.0,0.0,0.005670804919503283,-0.04480774447877437,-0.01537903737183316,0.9988611481160962,2.796684608844098,0.056743216942933564,0.017244408738903583,17.303692880167038,20.0,0.0,2.0,26.814371174560645,1.3141595607036487,0.8641595607036487,0,0,0
9.181452751,1787250381.902413368,1787250381.902344704,-6.2546166530721035,5.3146012477039255,2.0036787686671245,-0.031534342550222756,0.0,0.0,0.0,0.0,0.00542167866215084,-0.04307141262000729,-0.015489253888952531,0.9989372061492979,2.78641618928334,0.05576050829426131,0.016279916486652914,17.33161425980201,20.0,0.0,2.0,26.787121822905988,1.315389538993834,0.865389538993834,0,0,0
9.191497564,1787250381.912458181,1787250381.912344456,-6.226802340977561,5.315154132451394,2.0038368023199906,-0.03171306040716225,0.0,0.0,0.0,0.0,0.005155392257294805,-0.04126223073685969,-0.015602786787157472,0.9990132147723403,2.776507235781014,0.05482445452108401,0.01532895381634573,17.359434515255042,20.0,0.0,2.0,26.759970837156626,1.3154328142714913,0.8654328142714913,0,0,0
9.201452732,1787250381.922413349,1787250381.922344208,-6.199085269229332,5.315697902372928,2.003985394234524,-0.031896088805309204,0.0,0.0,0.0,0.0,0.004869401812925553,-0.03939227887846601,-0.015718573488052674,0.9990883162855254,2.766969954558772,0.05393812713884879,0.01439234769078937,17.387157318713225,20.0,0.0,2.0,26.732914712335585,1.315704256305042,0.8657042563050421,0,0,0
9.211482048,1787250381.932442665,1787250381.932344437,-6.171461671088171,5.316233074276507,2.0041247148212387,-0.03208077760709804,0.0,0.0,0.0,0.0,0.004558721527273012,-0.037480856711782404,-0.01583517716998842,0.9991614737379453,2.757813762961519,0.05310560567030247,0.013474791930160008,17.41478645176978,20.0,0.0,2.0,26.705949844829355,1.3165488765793503,0.8665488765793503,0,0,0
9.221477270,1787250381.942437887,1787250381.942344189,-6.143927704265527,5.316760210916089,2.0042549523527367,-0.03226473836917704,0.0,0.0,0.0,0.0,0.004215893172145775,-0.035543673812414876,-0.015951384751601426,0.9992319184359475,2.7490444187365197,0.05233208024871465,0.012576245684415992,17.44232577209258,20.0,0.0,2.0,26.679072567292565,1.3174996050291254,0.8674996050291255,0,0,0
9.231444836,1787250381.952405453,1787250381.952344418,-6.116479483380006,5.317279934799646,2.004376314851997,-0.032445898643276905,0.0,0.0,0.0,0.0,0.003835595382500463,-0.03359931876354049,-0.016066016048815208,0.9992988827748217,2.7406647278847553,0.051624241281573294,0.0116997524245818,17.469779181198767,20.0,0.0,2.0,26.652279183269922,1.3173902820626604,0.8673902820626604,0,0,0
9.241442442,1787250381.962403059,1787250381.962344408,-6.089113112323239,5.3177929395439865,2.004489017822177,-0.03262209677702029,0.0,0.0,0.0,0.0,0.003413844861036773,-0.03165917949324032,-0.01617782975923868,0.999361956370844,2.732674233786618,0.05098957612683965,0.010844639832028314,17.497150592208136,20.0,0.0,2.0,26.625566001246643,1.3178455543195398,0.8678455543195398,0,0,0
9.251477718,1787250381.972438335,1787250381.972344637,-6.061824708500212,5.318299997134499,2.0045932866860943,-0.032791433036457686,0.0,0.0,0.0,0.0,0.002951092319607656,-0.029734853323485688,-0.0162855748372233,0.9994207870582708,2.7250706885269356,0.050436122742444016,0.010012984463167021,17.52444390572271,20.0,0.0,2.0,26.59892935992717,1.3188606167169996,0.8688606167169997,0,0,0
9.261469841,1787250381.982430458,1787250381.982344627,-6.034610422360537,5.318801957925128,2.0046893554194942,-0.03295376673009946,0.0,0.0,0.0,0.0,0.0024504972574294023,-0.027827990468961606,-0.016388873130831802,0.9994753638020061,2.7178500632131977,0.0499714306731103,0.009204815103794109,17.55166299027618,20.0,0.0,2.0,26.57236564744973,1.3192643691153707,0.8692643691153707,0,0,0
9.271439314,1787250381.992399931,1787250381.992344379,-6.007466442952493,5.319299744119222,2.0047774654189543,-0.03310987186948659,0.0,0.0,0.0,0.0,0.0019194766505774038,-0.025939834365998164,-0.01648772658099036,0.9995256852500806,2.711008663985107,0.04960217609624381,0.00842123793557278,17.578811676663765,20.0,0.0,2.0,26.545871305595952,1.3193295216810839,0.8693295216810839,0,0,0
9.281480074,1787250382.002440691,1787250382.002344370,-5.9803889977373315,5.319794336104314,2.0048578616207493,-0.03325944856112708,0.0,0.0,0.0,0.0,0.0013671245382782602,-0.024063570007742254,-0.016581644153128558,0.9995719707185463,2.7045427805763707,0.04933326638338505,0.007662145008062769,17.605893757901384,20.0,0.0,2.0,26.519442826933943,1.319948968650796,0.869948968650796,0,0,0
9.291462183,1787250382.012422800,1787250382.012344360,-5.953374341999746,5.320286754292848,2.004930791566176,-0.03340163813349632,0.0,0.0,0.0,0.0,0.0008048589502179774,-0.022194431256618685,-0.016669853062213386,0.9996143633532631,2.6984504642176708,0.049167718433625836,0.00692800303489945,17.63291299954636,20.0,0.0,2.0,26.493076740850245,1.3211189871660194,0.8711189871660194,0,0,0
9.301442385,1787250382.022403002,1787250382.022344351,-5.9264187474185945,5.320778037409232,2.004996505259075,-0.033535507636157626,0.0,0.0,0.0,0.0,0.00024378431653218776,-0.020322399229229186,-0.01675162979701594,0.9996531016097127,2.692730585224809,0.049106191241637204,0.006218918620950416,17.659873150818438,20.0,0.0,2.0,26.466769598024985,1.3210516773932754,0.8710516773932755,0,0,0
9.311438560,1787250382.032399178,1787250382.032344341,-5.899518485391882,5.321269220405665,2.0050552546932248,-0.03366039747463279,0.0,0.0,0.0,0.0,-0.00030546723616360947,-0.018442710907976265,-0.016826449641061617,0.9996882732615249,2.6873841131791263,0.04914727935279347,0.005535612966846787,17.686777960970858,20.0,0.0,2.0,26.44051794966945,1.3212789789970838,0.8712789789970838,0,0,0
9.321435452,1787250382.042396069,1787250382.042344570,-5.872669817638657,5.321761315480162,2.0051073134244426,-0.033778166753440496,0.0,0.0,0.0,0.0,-0.0008412178713256827,-0.01655505596552811,-0.016895262514601526,0.9997198470466783,2.6824119338675865,0.04928814737082408,0.004880797477219189,17.71363118848259,20.0,0.0,2.0,26.414318334496958,1.3220537068633016,0.8720537068633016,0,0,0
9.331434727,1787250382.052395344,1787250382.052344322,-5.84586899645376,5.322255307773904,2.005152962519195,-0.03389172911074349,0.0,0.0,0.0,0.0,-0.0013659557160367983,-0.014668358972015526,-0.016959625137935336,0.9997476404199366,2.677814693147163,0.04952634838369348,0.004253982349371399,17.740436600779567,20.0,0.0,2.0,26.388167278081283,1.3230606937314193,0.8730606937314194,0,0,0
9.341435194,1787250382.062395811,1787250382.062344551,-5.819112279518257,5.3227521610821,2.005192493572091,-0.03400168382728591,0.0,0.0,0.0,0.0,-0.001886583342852357,-0.01279149792935997,-0.017019998151187692,0.9997715429271565,2.673590723689106,0.04986021174049831,0.0036569945580787744,17.76719795962176,20.0,0.0,2.0,26.36206130849149,1.3229004171042227,0.8729004171042227,0,0,0
9.351434946,1787250382.072395563,1787250382.072344542,-5.792395947974203,5.323252830595412,2.005226194370981,-0.03410721452744249,0.0,0.0,0.0,0.0,-0.0024098502471725297,-0.010937746628797793,-0.0170761112687546,0.9997914606278689,2.6697368045355394,0.050289676176522316,0.0030880923193220286,17.793919003330366,20.0,0.0,2.0,26.33599697654573,1.3232850000261986,0.8732850000261987,0,0,0
9.361432076,1787250382.082392693,1787250382.082344294,-5.765716329790499,5.3237582769812475,2.005254354188978,-0.0342068608782453,0.0,0.0,0.0,0.0,-0.002942794005374645,-0.0091160646381624,-0.01712734733536644,0.9998074271089451,2.6662469802471827,0.050815911111840174,0.0025484760248048037,17.820603423793486,20.0,0.0,2.0,26.30997088153457,1.3242125838533467,0.8742125838533468,0,0,0
9.371437311,1787250382.092397928,1787250382.092344761,-5.739069818345557,5.3242694795736005,2.0052772515713064,-0.03429892107948491,0.0,0.0,0.0,0.0,-0.0034893336242778667,-0.00733632368458141,-0.01717292095579194,0.9998195305611407,2.6631140453517097,0.05144137498341189,0.0020357110441500317,17.847254848231326,20.0,0.0,2.0,26.283979692089442,1.3248562071122383,0.8748562071122383,0,0,0
9.381483555,1787250382.102444172,1787250382.102344751,-5.7124528894974524,5.324787444908719,2.005295162446689,-0.034381188263189935,0.0,0.0,0.0,0.0,-0.004051359871215193,-0.005601694838101342,-0.017211757758009233,0.9998279666487702,2.6603289701958617,0.052168982476537444,0.0015507899525942948,17.873876822429214,20.0,0.0,2.0,26.25802016464358,1.3248565553071707,0.8748565553071708,0,0,0
9.391491652,1787250382.112452269,1787250382.112344742,-5.685862109403461,5.325313209960135,2.00530834941578,-0.03445165973622779,0.0,0.0,0.0,0.0,-0.004626955698707596,-0.003915865026613922,-0.017242871563977545,0.9998329563793562,2.6578826720551265,0.0530017810171857,0.0010911525243760373,17.90047280311789,20.0,0.0,2.0,26.232089151762917,1.3253992446148957,0.8753992446148957,0,0,0
9.401470661,1787250382.122431278,1787250382.122344494,-5.659294142130365,5.3258478397512645,2.005317076555115,-0.03451124533483211,0.0,0.0,0.0,0.0,-0.00521458901564661,-0.0022877876054507727,-0.01726678655645806,0.9998347024239976,2.655764504019607,0.053942349291509824,0.0006583820930694021,17.927046150483264,20.0,0.0,2.0,26.206183609137977,1.3264832139205813,0.8764832139205814,0,0,0
9.411466599,1787250382.132427216,1787250382.132344723,-5.632745767355549,5.326392423901224,2.0053215935720075,-0.03456220470220362,0.0,0.0,0.0,0.0,-0.005810721534953187,-0.0007314137694979342,-0.017284766876502457,0.9998334548229351,2.6539618022606817,0.05499296685914537,0.00024925337770606207,17.95360011055486,20.0,0.0,2.0,26.180300612228162,1.326807247894803,0.876807247894803,0,0,0
9.421467781,1787250382.142428398,1787250382.142344713,-5.606213906040931,5.326948070909425,2.0053221457702066,-0.0346041118737547,0.0,0.0,0.0,0.0,-0.006411487529916097,0.0007416490566654037,-0.017296782202227922,0.9998295675312765,2.652459070115137,0.05615511365612375,-0.00013507642619193757,17.9801377895928,20.0,0.0,2.0,26.15443738024822,1.3269732936044139,0.8769732936044139,0,0,0
9.431458950,1787250382.152419567,1787250382.152344465,-5.579695643811915,5.327515900370895,2.005318960787465,-0.03463511154177481,0.0,0.0,0.0,0.0,-0.00701114056979401,0.0021212563288718206,-0.017302137035151443,0.9998234745361376,2.6512389012683153,0.057429472256589356,-0.0004981109803623373,18.006662130717288,20.0,0.0,2.0,26.128591297467587,1.327681821856758,0.8776818218567581,0,0,0
9.441478491,1787250382.162439108,1787250382.162344694,-5.553188249586501,5.328097032787926,2.005312259104875,-0.03465282386402181,0.0,0.0,0.0,0.0,-0.007603894159775274,0.003404111520681385,-0.017299878549121673,0.9998156365153265,2.6502822802783284,0.05881552901189736,-0.0008389042603586447,18.033175895225938,20.0,0.0,2.0,26.10275992935816,1.328932383398434,0.8789323833984339,0,0,0
9.451469660,1787250382.172430277,1787250382.172344446,-5.526689183225633,5.328692577885498,2.005302243464249,-0.03465516872166861,0.0,0.0,0.0,0.0,-0.008183042487419056,0.00459070340262908,-0.01728921006064787,0.9998065045164474,2.649570148822856,0.060311618942969346,-0.0011608048867332934,18.059681654831614,20.0,0.0,2.0,26.07694102766669,1.3289711783236742,0.8789711783236742,0,0,0
9.461474895,1787250382.182435513,1787250382.182344675,-5.500196094083828,5.329303622237697,2.005289110870548,-0.034642339466012965,0.0,0.0,0.0,0.0,-0.008743035379146443,0.005686698346777321,-0.017270440782385762,0.9997964556195696,2.6490838403746966,0.06191480054202879,-0.0014627640041015705,18.08618179294335,20.0,0.0,2.0,26.051132526426137,1.3293141589710662,0.8793141589710662,0,0,0
9.471467257,1787250382.192427874,1787250382.192344189,-5.4737068111286025,5.329931217720558,2.005273041797484,-0.03461586499356511,0.0,0.0,0.0,0.0,-0.009278606522151268,0.006699753905497956,-0.017244525948703012,0.9997858006010174,2.6488061623237913,0.06362109632347854,-0.0017479940637092162,18.112678514359164,20.0,0.0,2.0,26.02533252986293,1.3302015563885468,0.8802015563885468,0,0,0
9.481467485,1787250382.202428102,1787250382.202344656,-5.447219327162634,5.330576371493234,2.0052542120192554,-0.03457538195831623,0.0,0.0,0.0,0.0,-0.009785877413810347,0.0076420768473379865,-0.01721140867581004,0.9997747759751171,2.6487216897064534,0.06542556934963994,-0.002015317900506271,18.139173860833562,20.0,0.0,2.0,25.999539294837234,1.3314243286688783,0.8814243286688783,0,0,0
9.491492748,1787250382.212453365,1787250382.212344885,-5.420731776271131,5.331240037566312,2.005232783366338,-0.034519746547894026,0.0,0.0,0.0,0.0,-0.010261653430747655,0.008526328891016116,-0.017170605856885363,0.9997635572869302,2.6488176075526195,0.06732256393011067,-0.002267653839615596,18.165669733419186,20.0,0.0,2.0,25.973751206964558,1.331411740309664,0.881411740309664,0,0,0
9.501459837,1787250382.222420454,1787250382.222344398,-5.394242408252472,5.331923110557081,2.0052089141535516,-0.03444756301447046,0.0,0.0,0.0,0.0,-0.010704052765449019,0.009367668727655263,-0.017121441473223618,0.9997522324450606,2.6490836675001925,0.06930588270857561,-0.002503809169090654,18.19216791781884,20.0,0.0,2.0,25.947966754232745,1.331945740705537,0.8819457407055371,0,0,0
9.511467457,1787250382.232428074,1787250382.232344389,-5.367749560305049,5.332626421163472,2.0051827505401674,-0.03435773752805435,0.0,0.0,0.0,0.0,-0.011112390733130643,0.010179360724360128,-0.017063367760743686,0.9997408348507624,2.6495125829977835,0.07136899445024056,-0.0027263035615209797,18.218670112496053,20.0,0.0,2.0,25.9221844982816,1.3330266825153712,0.8830266825153712,0,0,0
9.521450043,1787250382.242410660,1787250382.242344618,-5.341251630004453,5.333350735909857,2.005154441137033,-0.03424921780047665,0.0,0.0,0.0,0.0,-0.011492867294027976,0.010975062858209735,-0.01699575024629281,0.9997292665868025,2.6500995729050363,0.07350580705323298,-0.0029333027766409456,18.2451779555522,20.0,0.0,2.0,25.896403047830738,1.3339986635887626,0.8839986635887627,0,0,0
9.531474113,1787250382.252434731,1787250382.252344608,-5.31474704971314,5.3340967676769315,2.0051241255202696,-0.034121404045436066,0.0,0.0,0.0,0.0,-0.01185448562310476,0.011764664596383588,-0.01691814892010802,0.9997173801003278,2.6508423481776124,0.07571179344112437,-0.0031273597875494867,18.271693050476653,20.0,0.0,2.0,25.87062103573403,1.3341881096899753,0.8841881096899753,0,0,0
9.541463137,1787250382.262423754,1787250382.262344599,-5.288234265823324,5.334865193326371,2.005091943707834,-0.03397337830042415,0.0,0.0,0.0,0.0,-0.012207965964892051,0.012557140359207597,-0.016829909987317045,0.999704975441664,2.651740352598218,0.07798431654440091,-0.0033068941591137065,18.298216987274117,20.0,0.0,2.0,25.844837102253457,1.334926758003598,0.884926758003598,0,0,0
9.551466942,1787250382.272427559,1787250382.272344351,-5.2617117221479255,5.335656673463264,2.005058025230982,-0.03380452529707192,0.0,0.0,0.0,0.0,-0.01256242843328237,0.013356935680100027,-0.01673056412702857,0.9996918854752637,2.652794520339671,0.08032273046160296,-0.003474533120744841,18.324751359591616,20.0,0.0,2.0,25.819049882859716,1.3362149302462245,0.8862149302462246,0,0,0
9.561465740,1787250382.282426357,1787250382.282344580,-5.235177849673664,5.336471870548761,2.0050224987383487,-0.03361410057929397,0.0,0.0,0.0,0.0,-0.012924880125555685,0.014167602225862726,-0.016619583300982118,0.9996779561297786,2.654006439407772,0.08272796411903882,-0.003628862208293953,18.35129777548718,20.0,0.0,2.0,25.793258001952992,1.3369441950914271,0.8869441950914272,0,0,0
9.571466923,1787250382.292427540,1787250382.292344332,-5.2086310606834605,5.337311461875929,2.0049854814214823,-0.033401812892728824,0.0,0.0,0.0,0.0,-0.013298436235086843,0.014988622387191574,-0.016496752148050818,0.9996631182359391,2.6553781411002255,0.08520195058750744,-0.0037725505575916204,18.377857863769577,20.0,0.0,2.0,25.767460069819688,1.3373486081014123,0.8873486081014124,0,0,0
9.581486940,1787250382.302447557,1787250382.302344561,-5.182069748300126,5.338176146199586,2.0049470890269347,-0.03316730045524923,0.0,0.0,0.0,0.0,-0.013682692587177468,0.01581961111921549,-0.01636186319746658,0.9996473444471851,2.656911413568104,0.08774691171039312,-0.0039042404077817335,18.4044332747444,20.0,0.0,2.0,25.741654683601762,1.3383054057402684,0.8883054057402684,0,0,0
9.591490984,1787250382.312451601,1787250382.312344313,-5.155492288599706,5.339066642615244,2.0049074256716977,-0.03291086858956857,0.0,0.0,0.0,0.0,-0.014073883190221438,0.016657035120142192,-0.016215145987313002,0.9996307008258423,2.658607790311512,0.09036460311514942,-0.004026642674980225,18.431025678193045,20.0,0.0,2.0,25.71584042917736,1.3398150900730181,0.8898150900730182,0,0,0
9.601470947,1787250382.322431564,1787250382.322344542,-5.128897046827227,5.339983684777248,2.0048665916589323,-0.032635013649119055,0.0,0.0,0.0,0.0,-0.014470890876215737,0.017495760160654888,-0.0160579222024388,0.9996132426234609,2.6604678337502614,0.0930562525279374,-0.004138758218084854,18.457636757064073,20.0,0.0,2.0,25.690015886087803,1.3403040714743073,0.8903040714743073,0,0,0
9.611469507,1787250382.332430124,1787250382.332344294,-5.1022823884395585,5.340928017921554,2.004824674314149,-0.03234359054036718,0.0,0.0,0.0,0.0,-0.014872703148863596,0.018327686987573397,-0.0158922497338744,0.9995950855166944,2.6624908662644726,0.09582297420312653,-0.0042431349572434425,18.484268196440183,20.0,0.0,2.0,25.66417963775707,1.3409386400807435,0.8909386400807435,0,0,0
9.621467113,1787250382.342427731,1787250382.342344761,-5.075646693416735,5.341900397725731,2.0047817610998067,-0.03203849420129911,0.0,0.0,0.0,0.0,-0.015278711894278806,0.019146420180083338,-0.01571918913087437,0.9995763515861144,2.6646746920084183,0.0986657314438692,-0.004338246516590506,18.51092166926037,20.0,0.0,2.0,25.638330285288145,1.3421298825196517,0.8921298825196518,0,0,0
9.631510258,1787250382.352470875,1787250382.352344275,-5.048988369871861,5.342901588543238,2.0047379305991284,-0.03172082660003658,0.0,0.0,0.0,0.0,-0.015686995805734467,0.01994537313399551,-0.015539447047662237,0.999557214889968,2.6670158967377375,0.10158527546267804,-0.004426428367546098,18.537598822751495,20.0,0.0,2.0,25.612466460433282,1.343803179368547,0.893803179368547,0,0,0
9.641481161,1787250382.362441778,1787250382.362349749,-5.02230586563804,5.343932360340535,2.0046932616819957,-0.03139111386143707,0.0,0.0,0.0,0.0,-0.01609490450011641,0.020721752003044405,-0.015353410335324528,0.9995378111077797,2.669510051091007,0.10458192867199131,-0.00450622305196912,18.564301266796903,20.0,0.0,2.0,25.58658683631218,1.3441256516849753,0.8941256516849754,0,0,0
9.651467323,1787250382.372427940,1787250382.372344732,-4.995597675078611,5.344993483017295,2.0046478246082993,-0.03105004890782908,0.0,0.0,0.0,0.0,-0.01649849654202132,0.021473359272311948,-0.015161579087464334,0.9995182944663844,2.672152320251182,0.10765533048365582,-0.004580015672448097,18.591030566990167,20.0,0.0,2.0,25.560690132900678,1.3450087182235282,0.8950087182235282,0,0,0
9.661466837,1787250382.382427454,1787250382.382344484,-4.968862343350615,5.346085719531429,2.0046016846790375,-0.03069821867170157,0.0,0.0,0.0,0.0,-0.016895668060795448,0.022197161207077144,-0.014964390022369605,0.9994988191420663,2.6749373307240494,0.11080449914444171,-0.004647099589808999,18.617788240134555,20.0,0.0,2.0,25.53477511977092,1.3464536729831977,0.8964536729831978,0,0,0
9.671466112,1787250382.392426729,1787250382.392344475,-4.942098472992465,5.347209821149457,2.0045548965417193,-0.030336546470255854,0.0,0.0,0.0,0.0,-0.017284526093930594,0.022888771889276988,-0.014762477940289136,0.9994795738403919,2.6778589611221273,0.11402810437427595,-0.004709555519793925,18.644575747486403,20.0,0.0,2.0,25.50884062153615,1.3478751139043699,0.8978751139043699,0,0,0
9.681465864,1787250382.402426481,1787250382.402344704,-4.915304731343703,5.348366524303353,2.004507513526709,-0.0299647928692175,0.0,0.0,0.0,0.0,-0.017663671628678684,0.02354592913068044,-0.014555856079428674,0.9994607100730685,2.6809104177266327,0.11732450521304491,-0.004766304926207479,18.67139448718231,20.0,0.0,2.0,25.482885524439435,1.3484609128270884,0.8984609128270884,0,0,0
9.691473484,1787250382.412434101,1787250382.412349939,-4.88847985574716,5.349556547376684,2.004459582339908,-0.029582639728861396,0.0,0.0,0.0,0.0,-0.018031185867315242,0.024167160809522456,-0.014344500783645733,0.9994423745128546,2.6840845432874745,0.12069173517455369,-0.004819056001011269,18.69824578888416,20.0,0.0,2.0,25.456908780749234,1.3496130846886567,0.8996130846886568,0,0,0
9.701467752,1787250382.422428370,1787250382.422344446,-4.8616226553988895,5.35078058735434,2.004411150740211,-0.029189332921540863,0.0,0.0,0.0,0.0,-0.018384878141990853,0.024754482759371903,-0.014128113663773362,0.9994246386012923,2.6873742147511255,0.12412744993421741,-0.00486657975375125,18.725130911722523,20.0,0.0,2.0,25.4309094098442,1.3513328536384834,0.9013328536384835,0,0,0
9.711469412,1787250382.432430029,1787250382.432344198,-4.834732008412632,5.352039315074132,2.0043622611632124,-0.028784410100394127,0.0,0.0,0.0,0.0,-0.018722017198969935,0.025310809780186412,-0.013906537025322059,0.9994075531074578,2.6907728185059563,0.12762876053928812,-0.004910674870083281,18.752051046956264,20.0,0.0,2.0,25.404886494316337,1.3524923800109871,0.9024923800109872,0,0,0
9.721464634,1787250382.442425251,1787250382.442344666,-4.807806856137697,5.353333370001713,2.0043129507462645,-0.02836531365267914,0.0,0.0,0.0,0.0,-0.01904021421840229,0.025838908668623206,-0.013678559489084235,0.9993911736910805,2.6942743049718,0.13119228568079366,-0.004950905642928459,18.779007323307074,20.0,0.0,2.0,25.37883917328274,1.353362758438788,0.903362758438788,0,0,0
9.731483936,1787250382.452444553,1787250382.452344418,-4.780846198155462,5.354663355356684,2.004263250886476,-0.02792931520216633,0.0,0.0,0.0,0.0,-0.01933719155776111,0.02634041995196268,-0.013442902716506631,0.9993755768808678,2.6978730540254228,0.13481417386163186,-0.004988481433623061,18.806000811595094,20.0,0.0,2.0,25.35276663642735,1.354805468355543,0.9048054683555431,0,0,0
9.741466045,1787250382.462426662,1787250382.462350130,-4.753849088268583,5.3560298339020305,2.0042131933110983,-0.027474632074157207,0.0,0.0,0.0,0.0,-0.019610733528457693,0.026818038405740385,-0.013198736498188075,0.9993607983613303,2.7015638580933983,0.13849017000199262,-0.005022599710306576,18.833032528366694,20.0,0.0,2.0,25.326668119147097,1.356821501041717,0.9068215010417171,0,0,0
9.751448631,1787250382.472409248,1787250382.472344398,-4.7268146299345855,5.357433323375568,2.0041628054433342,-0.027000963908638518,0.0,0.0,0.0,0.0,-0.01985885309455486,0.02727408262290474,-0.012945970605375992,0.9993468628138744,2.705342001672037,0.14221554943120857,-0.0050544357348476475,18.860103440044217,20.0,0.0,2.0,25.300542897070635,1.3577045300679873,0.9077045300679873,0,0,0
9.761483192,1787250382.482443810,1787250382.482344389,-4.699741970884468,5.358874292692171,2.0041121161250866,-0.026508168085413883,0.0,0.0,0.0,0.0,-0.020079420030923244,0.027712461121765966,-0.012684561727239564,0.9993337471953923,2.7092033781939024,0.1459852478209463,-0.005083019946485004,18.887214467874646,20.0,0.0,2.0,25.27439027993846,1.3588805390170635,0.9088805390170636,0,0,0
9.771444559,1787250382.492405176,1787250382.492344379,-4.672630296222284,5.360353157606696,2.0040611512346818,-0.02599703225920528,0.0,0.0,0.0,0.0,-0.020270733625072087,0.028136728313141453,-0.012414924016573264,0.9993214155314578,2.713144628472157,0.14979373156069586,-0.005109425568853225,18.914366494352308,20.0,0.0,2.0,25.248209603876454,1.3606345198487584,0.9106345198487584,0,0,0
9.781445265,1787250382.502405882,1787250382.502344370,-4.645478820584521,5.361870277339663,2.0040099390910227,-0.02546858898745462,0.0,0.0,0.0,0.0,-0.020430854099674132,0.028551908066124843,-0.012137566589249513,0.9993097859141744,2.7171632325217976,0.1536351973406591,-0.0051325984844126935,18.941560370579793,20.0,0.0,2.0,25.222000222950406,1.3626353377587448,0.9126353377587448,0,0,0
9.791451216,1787250382.512411833,1787250382.512350559,-4.618286779305105,5.363425950541049,2.0039585029985783,-0.02492475154073139,0.0,0.0,0.0,0.0,-0.020558177900282647,0.028961298972086436,-0.011853464294089375,0.9992988040959013,2.7212575035101914,0.15750334314237813,-0.005154796570170369,18.968796924578466,20.0,0.0,2.0,25.195761499601307,1.3635543268018482,0.9135543268018482,0,0,0
9.801443577,1787250382.522404194,1787250382.522344351,-4.591053425012186,5.365020409912159,2.0039068356075296,-0.024367757391797997,0.0,0.0,0.0,0.0,-0.020646118288430746,0.02935737918124059,-0.011564134056202562,0.9992888235594148,2.7254253467077163,0.16139114201195967,-0.005179121931741718,18.99607696409913,20.0,0.0,2.0,25.16949280009317,1.3650553184171037,0.9150553184171037,0,0,0
9.811434746,1787250382.532395363,1787250382.532345295,-4.563778040877231,5.3666538107265085,2.00385491050416,-0.02380052658312974,0.0,0.0,0.0,0.0,-0.020687234292057422,0.029726630446051117,-0.01127159986112992,0.9992803994956772,2.72966253998471,0.1652901054592339,-0.005206575987654926,19.023401262336158,20.0,0.0,2.0,25.143193504923016,1.3671391743791825,0.9171391743791826,0,0,0
9.821444750,1787250382.542405367,1787250382.542344809,-4.536459966413116,5.368326216285041,2.0038026897783157,-0.023224505633696227,0.0,0.0,0.0,0.0,-0.020672645520766458,0.030053059796113328,-0.010977253057962925,0.999274214237196,2.733961966882343,0.16919028242764778,-0.0052382178611868006,19.050770530864625,20.0,0.0,2.0,25.11686303080654,1.368817162287693,0.9188171622876931,0,0,0
9.831439495,1787250382.552400112,1787250382.552344561,-4.509098627620638,5.370037582003577,2.0037501341390924,-0.02264110831007892,0.0,0.0,0.0,0.0,-0.020596046065259867,0.03032227514486661,-0.01068235411133433,0.9992708590903454,2.7383134857630873,0.17308012709734516,-0.005273583784794771,19.0781853880635,20.0,0.0,2.0,25.09050085658062,1.3700729267571299,0.9200729267571299,0,0,0
9.841445923,1787250382.562406540,1787250382.562344790,-4.481693564849887,5.371787742733871,2.0036972055460804,-0.02205170415094336,0.0,0.0,0.0,0.0,-0.020452146393858735,0.030523635598585515,-0.01038801209983007,0.9992707874156748,2.74270450670229,0.17694710595949995,-0.005312621477509161,19.10564632995351,20.0,0.0,2.0,25.06410654752184,1.3719148683543176,0.9219148683543177,0,0,0
9.851446152,1787250382.572406769,1787250382.572344780,-4.454244452772988,5.37357640356302,2.0036438738252467,-0.021458290081892713,0.0,0.0,0.0,0.0,-0.02023987062457529,0.030652219355001956,-0.010095370953761892,0.9992741728730005,2.747120924244642,0.1807779309842647,-0.005354212660148601,19.13315370906611,20.0,0.0,2.0,25.03767977266912,1.374343110123385,0.924343110123385,0,0,0
9.861446857,1787250382.582407475,1787250382.582344532,-4.426751110134874,5.375403136521311,2.0035901131989977,-0.020860293152318358,0.0,0.0,0.0,0.0,-0.01995829281357609,0.03070859246861968,-0.00980413789620836,0.999281005411729,2.7515482366098976,0.18455929100113144,-0.005398106785224469,19.160707723890134,20.0,0.0,2.0,25.011220313401566,1.3756679445478586,0.9256679445478586,0,0,0
9.871442080,1787250382.592402697,1787250382.592344284,-4.399213497721478,5.377267380042015,2.0035359106099357,-0.02025686900870169,0.0,0.0,0.0,0.0,-0.019610205665915932,0.030699028741120668,-0.009513624023612556,0.9992909988717149,2.755972698189498,0.18827789139669343,-0.005442505700518153,19.188308420244674,20.0,0.0,2.0,24.98472806108807,1.3772721435967168,0.9272721435967168,0,0,0
9.881451130,1787250382.602411747,1787250382.602344751,-4.371631706132594,5.379168443308034,2.003481262575987,-0.019649235800362527,0.0,0.0,0.0,0.0,-0.01919876112797027,0.030634269751644263,-0.009224050866567112,0.9993036905633571,2.7603822577334545,0.19192118742397787,-0.005486958620498339,19.215955703207047,20.0,0.0,2.0,24.958203005826313,1.3794645626885844,0.9294645626885845,0,0,0
9.891452312,1787250382.612412930,1787250382.612344503,-4.344005934284164,5.381105513221113,2.003426176576331,-0.019040520554106995,0.0,0.0,0.0,0.0,-0.01873053210991295,0.030528429715292252,-0.00893641963471708,0.9993184290055449,2.7647673995734974,0.1954773805661535,-0.005530004024734431,19.243649358518997,20.0,0.0,2.0,24.93164521670335,1.3818106537442147,0.9318106537442148,0,0,0
9.901485920,1787250382.622446537,1787250382.622344255,-4.316336461692501,5.383077665903808,2.003370668405677,-0.01843404660257523,0.0,0.0,0.0,0.0,-0.01821149334820713,0.030397222289621044,-0.008651831372541698,0.9993345266731279,2.7691215836136505,0.19893608942362648,-0.005571209237097552,19.27138908059514,20.0,0.0,2.0,24.90505481698031,1.383178247759929,0.9331782477599291,0,0,0
9.911450148,1787250382.632410765,1787250382.632344484,-4.288623617406446,5.385083879063516,2.0033147616602567,-0.017833140597184285,0.0,0.0,0.0,0.0,-0.01765009130633875,0.03025622029974424,-0.008371344599956757,0.9993512675729391,2.7734414161517993,0.20228809093801065,-0.00560985858607146,19.29917450402595,20.0,0.0,2.0,24.878431956219202,1.3851345660646832,0.9351345660646833,0,0,0
9.921442747,1787250382.642403364,1787250382.642344713,-4.260867750314527,5.3871230472552405,2.0032584779813933,-0.017234710721162436,0.0,0.0,0.0,0.0,-0.017054724634883403,0.030117106337232823,-0.008092920608982005,0.999368100806463,2.777726230980301,0.20552599476315248,-0.005646351573218737,19.32700523403418,20.0,0.0,2.0,24.851776784411186,1.3876787502151464,0.9376787502151465,0,0,0
9.931483746,1787250382.652444363,1787250382.652344704,-4.233069205160273,5.3891939994399936,2.003201847068001,-0.016633449294821488,0.0,0.0,0.0,0.0,-0.01643574729561005,0.029988017664087853,-0.007813449726864409,0.9993845781333525,2.7819773736035027,0.20864412958744827,-0.005679254159824326,19.354880871474514,20.0,0.0,2.0,24.825089432215787,1.3895912366050676,0.9395912366050676,0,0,0
9.941473246,1787250382.662433863,1787250382.662350178,-4.205228306629337,5.3912955182714795,2.003144904191379,-0.016028715945006475,0.0,0.0,0.0,0.0,-0.015801160674011015,0.029873415140567697,-0.007532311040919028,0.9994004035818558,2.7861973974209704,0.2116388201941815,-0.005708716367328247,19.382801030050356,20.0,0.0,2.0,24.79836999949405,1.391308896963347,0.941308896963347,0,0,0
9.951436043,1787250382.672396660,1787250382.672344685,-4.177345350526677,5.39342635645291,2.0030876850859736,-0.015423329794088366,0.0,0.0,0.0,0.0,-0.015159013766703817,0.029774864942548007,-0.007250672355324331,0.9994153738409619,2.7903894304031573,0.21450776326712365,-0.005734528452356747,19.410765346355323,20.0,0.0,2.0,24.771618550165716,1.3936139239967267,0.9436139239967267,0,0,0
9.961463213,1787250382.682423830,1787250382.682344675,-4.149420600547627,5.395585251468665,2.003030225014403,-0.01482066881716182,0.0,0.0,0.0,0.0,-0.014513579479284553,0.029691598976812967,-0.0069701357943753465,0.9994294283079254,2.7945566929698153,0.2172500848683145,-0.005756896020712707,19.438773484293097,20.0,0.0,2.0,24.744835112206427,1.3964633119295415,0.9464633119295416,0,0,0
9.971473932,1787250382.692434549,1787250382.692344904,-4.121454289485038,5.397770934850755,2.0029725591002796,-0.014224824902562445,0.0,0.0,0.0,0.0,-0.013868501999859558,0.029621383197201333,-0.006692699444350659,0.9994425676765585,2.798702093779853,0.21986545817609326,-0.005775708439881141,19.466825134719656,20.0,0.0,2.0,24.718019680810663,1.3979387372308407,0.9479387372308408,0,0,0
9.981439114,1787250382.702399731,1787250382.702344418,-4.093446623428693,5.3999821383389985,2.0029147224312456,-0.013640699261498614,0.0,0.0,0.0,0.0,-0.013223552965215503,0.029561412127008073,-0.0064208825668008096,0.9994548678290065,2.802828047781246,0.2223541126517958,-0.005791029961190723,19.494920011901634,20.0,0.0,2.0,24.691172223813,1.4000005102747723,0.9500005102747724,0,0,0
9.991433859,1787250382.712394476,1787250382.712350130,-4.065397787205369,5.4022175943310256,2.0028567495974534,-0.013073333775319683,0.0,0.0,0.0,0.0,-0.012578088162640083,0.029508413330653273,-0.006157285391409592,0.9994664241871705,2.806936362260111,0.22471594403075912,-0.005803225951915785,19.52305784831143,20.0,0.0,2.0,24.664292687079985,1.402647371722557,0.952647371722557,0,0,0
10.001432657,1787250382.722393274,1787250382.722344875,-4.037307952446916,5.404476032688082,2.0027986630782824,-0.012522392617594786,0.0,0.0,0.0,0.0,-0.011924752356903339,0.02945406185507524,-0.0059020740967297486,0.9994775755577614,2.8110277293682935,0.2269503303805068,-0.005813725704325771,19.551238386535772,20.0,0.0,2.0,24.63738100166458,1.4049742496665418,0.9549742496665419,0,0,0
10.011442900,1787250382.732403517,1787250382.732344627,-4.0091772927328195,5.406756168216171,2.0027404828551165,-0.011985399671140073,0.0,0.0,0.0,0.0,-0.011255839156269584,0.029388575667712784,-0.005654349476096559,0.9994886923007751,2.8151009966474474,0.22905487678217784,-0.005822085896175002,19.57946136332624,20.0,0.0,2.0,24.610437095806876,1.406788772262001,0.956788772262001,0,0,0
10.021460533,1787250382.742421150,1787250382.742344856,-3.9810060029795493,5.409056684767806,2.0026822255949943,-0.011463584833712813,0.0,0.0,0.0,0.0,-0.010561080030553676,0.029302008405244686,-0.005415110123367015,0.9995001413078235,2.819153061560739,0.23102569366267656,-0.005829047694118173,19.607726489129522,20.0,0.0,2.0,24.583460910301188,1.4091872505617535,0.9591872505617536,0,0,0
10.031495333,1787250382.752455950,1787250382.752344370,-3.952794318186217,5.411376216717516,2.0026239097733285,-0.010960653635010255,0.0,0.0,0.0,0.0,-0.00983348367626687,0.029186982705160753,-0.005186434432348885,0.9995121427662779,2.8231790851684675,0.23285689159252937,-0.005833776185171514,19.636033427997564,20.0,0.0,2.0,24.556452412616373,1.4121678676467082,0.9621678676467083,0,0,0
10.041485310,1787250382.762445927,1787250382.762350321,-3.9245425278970214,5.413713334205801,2.002565557680051,-0.010480713480126552,0.0,0.0,0.0,0.0,-0.009066279804545616,0.029039069712535122,-0.004970536967449403,0.9995248014746765,2.8271731027521394,0.23454150761392467,-0.0058361405483376115,19.664381782053233,20.0,0.0,2.0,24.529411607623146,1.413928677264862,0.9639286772648621,0,0,0
10.051453114,1787250382.772413731,1787250382.772344589,-3.896250984434235,5.416066531123062,2.0025071975416218,-0.010027638712220843,0.0,0.0,0.0,0.0,-0.00825751893934495,0.0288575070814622,-0.004769320242804595,0.9995380489258182,2.831128620320753,0.2360714223846824,-0.005835659488675148,19.69277108238177,20.0,0.0,2.0,24.50233854281393,1.416073713631887,0.9660737136318871,0,0,0
10.061448812,1787250382.782409430,1787250382.782344818,-3.8679201066629574,5.4184342189822505,2.00244884827953,-0.009600368596359973,0.0,0.0,0.0,0.0,-0.007401988036410469,0.028638174944379494,-0.004582330007712324,0.9995519334985373,2.835038748486273,0.23743816832604595,-0.005833818862993648,19.721200784907932,20.0,0.0,2.0,24.47523331043734,1.4187990541697448,0.9687990541697449,0,0,0
10.071456194,1787250382.792416811,1787250382.792344570,-3.8395503863627747,5.420814718775357,2.0023905307416747,-0.009195804097615183,0.0,0.0,0.0,0.0,-0.0064979814995865335,0.02837776433334457,-0.0044079603799495205,0.9995664303152447,2.8388957949816445,0.23863223508822054,-0.005829369628373512,19.74967026347904,20.0,0.0,2.0,24.448096051714504,1.4213670942297731,0.9713670942297732,0,0,0
10.081496477,1787250382.802457094,1787250382.802350044,-3.811142395041073,5.423206256465856,2.0023322675424375,-0.008814976946174752,0.0,0.0,0.0,0.0,-0.005543264134451621,0.028073420982278007,-0.004246655201419729,0.9995814730059215,2.842691538682214,0.23964409412138094,-0.005822761647947957,19.77817880286743,20.0,0.0,2.0,24.420926962270794,1.4232517844518306,0.9732517844518307,0,0,0
10.091490984,1787250382.812451601,1787250382.812344551,-3.7826967883889013,5.425606960268156,2.002274087913928,-0.00846137013352589,0.0,0.0,0.0,0.0,-0.004540684708799034,0.027725759253979774,-0.004099898199965769,0.9995968463790368,2.846417464488686,0.2404639042947821,-0.005812627398108114,19.806725594305796,20.0,0.0,2.0,24.393726295652943,1.4257137777698403,0.9757137777698404,0,0,0
10.101466417,1787250382.822427034,1787250382.822344542,-3.7542143054756005,5.42801486474341,2.00221602662617,-0.008139097542185047,0.0,0.0,0.0,0.0,-0.003493226602951109,0.027337514626555977,-0.003969470510908668,0.9996122753176885,2.8500654919202555,0.2410827637516584,-0.005798892947060005,19.835309736902374,20.0,0.0,2.0,24.366494363225726,1.4287503946311855,0.9787503946311855,0,0,0
10.111461878,1787250382.832422495,1787250382.832344770,-3.7256957626284555,5.430427917993779,2.002158126004094,-0.007851829915377877,0.0,0.0,0.0,0.0,-0.0024087739489528,0.026914692079402735,-0.003856796519026515,0.9996273917210076,2.8536283400771216,0.24149245784315246,-0.0057806553363292275,19.863930244665088,20.0,0.0,2.0,24.339231529586957,1.4306603216173948,0.9806603216173948,0,0,0
10.121464968,1787250382.842425585,1787250382.842344522,-3.6971420437977294,5.43284399573709,2.002100424485162,-0.0075983734440195514,0.0,0.0,0.0,0.0,-0.001295813834385396,0.026458875254131577,-0.003760893519892441,0.999641988147119,2.857099638580156,0.24168673404019161,-0.005758954864059785,19.892586057691265,20.0,0.0,2.0,24.311938206110298,1.4328483855904157,0.9828483855904158,0,0,0
10.131473780,1787250382.852434397,1787250382.852344513,-3.6685540958739504,5.4352609192123635,2.002042962336401,-0.007375207009214675,0.0,0.0,0.0,0.0,-0.00016674945577599775,0.02597161390334367,-0.003679531055116321,0.9996558950544379,2.8604731580181992,0.2416610934554244,-0.005732820381792176,19.92127604875917,20.0,0.0,2.0,24.284614850207607,1.4356068151825725,0.9856068151825725,0,0,0
10.141491652,1787250382.862452269,1787250382.862355709,-3.6399329261689544,5.437676478176153,2.001985781408555,-0.007183311956908676,0.0,0.0,0.0,0.0,0.000967854707968135,0.0254531060204252,-0.0036128008026297936,0.9996690203870168,2.863743004475181,0.24141365915111357,-0.005702576391586621,19.94999902823638,20.0,0.0,2.0,24.25726196788098,1.4382323336087997,0.9882323336087997,0,0,0
10.151444197,1787250382.872404814,1787250382.872344494,-3.6112796008627037,5.44008845273598,2.001928927862027,-0.0070259301728465475,0.0,0.0,0.0,0.0,0.002096117740482824,0.024905755374723948,-0.0035619162374710294,0.9996812603987082,2.866903365154332,0.24094443696055098,-0.00566735714233973,19.978753747930874,20.0,0.0,2.0,24.229880117005724,1.440133918777434,0.9901339187774341,0,0,0
10.161439180,1787250382.882399797,1787250382.882344484,-3.5825952409942254,5.442494635241396,2.001872450235521,-0.0069068992599287836,0.0,0.0,0.0,0.0,0.0032099763907820567,0.024332266877660342,-0.0035285200532246055,0.9996925459291967,2.8699490936134517,0.2402557263921043,-0.0056272742214440235,20.007538907389108,20.0,0.0,2.0,24.202469908281362,1.4426008460715867,0.9926008460715867,0,0,0
10.171437263,1787250382.892397881,1787250382.892344236,-3.5538810163327788,5.444892847133802,2.0018164011291124,-0.00682963534146432,0.0,0.0,0.0,0.0,0.004301622046161414,0.023738104325488226,-0.0035140946926719456,0.9997027806249692,2.8728756776862348,0.23935105539333934,-0.005581658168787095,20.036353161842264,20.0,0.0,2.0,24.17503200303246,1.445629824979235,0.995629824979235,0,0,0
10.181443691,1787250382.902404308,1787250382.902344704,-3.525138135438928,5.447280952959982,2.0017608354184544,-0.006798250922507345,0.0,0.0,0.0,0.0,0.005367807576285165,0.023129266277385974,-0.0035206245324068573,0.9997118729344949,2.875679889405581,0.23823534946524483,-0.0055305006504678235,20.065195133672624,20.0,0.0,2.0,24.14756710669845,1.4475003223472769,0.9975003223472769,0,0,0
10.191459179,1787250382.912419796,1787250382.912345171,-3.4963678334169437,5.449656867791897,2.001705810667342,-0.0068156646142566776,0.0,0.0,0.0,0.0,0.006405935528785616,0.022513532979810354,-0.0035495597010790575,0.9997197134440715,2.8783597013484776,0.2369137877960283,-0.005473624916629037,20.09406342557651,20.0,0.0,2.0,24.120075958621936,1.4496624216555845,0.9996624216555845,0,0,0
10.201457739,1787250382.922418356,1787250382.922345400,-3.467571358519563,5.4520185610196945,2.0016513782215752,-0.006877433622127517,0.0,0.0,0.0,0.0,0.007418884998441924,0.021894457252411566,-0.0035988025988657334,0.9997262832930105,2.8809143764100664,0.23539185733262774,-0.0054120734033525665,20.122956634541747,20.0,0.0,2.0,24.092559319922014,1.452381577060244,1.002381577060244,0,0,0
10.211440563,1787250382.932401180,1787250382.932344198,-3.4387499641996264,5.4543640521798755,2.0015975855634336,-0.006975234800272573,0.0,0.0,0.0,0.0,0.008409797949085574,0.02127482459418444,-0.003664323692279999,0.9997315789094693,2.883343598193808,0.2336741088095476,-0.005345575070388991,20.151873359684437,20.0,0.0,2.0,24.065017964885453,1.4548810607356233,1.0048810607356233,0,0,0
10.221460104,1787250382.942420721,1787250382.942344666,-3.4099049039076634,5.456691403827804,2.0015444852180666,-0.007106709293970441,0.0,0.0,0.0,0.0,0.009384909675071149,0.02065528570151373,-0.0037451209513407733,0.9997355934005948,2.885647594140047,0.2317644779557563,-0.005273572316236981,20.180812207080052,20.0,0.0,2.0,24.03745267435888,1.4567258961975746,1.0067258961975747,0,0,0
10.231460333,1787250382.952420950,1787250382.952344656,-3.381037429247171,5.458998710682407,2.001492132042184,-0.007272437639793657,0.0,0.0,0.0,0.0,0.01034868112438444,0.020037322704514974,-0.0038416209494210496,0.9997382919776064,2.8878265431675985,0.2296655355826591,-0.005196171714482451,20.20977179096951,20.0,0.0,2.0,24.009864231551735,1.4591226976979512,1.0091226976979513,0,0,0
10.241477966,1787250382.962438583,1787250382.962344408,-3.352148787917252,5.461284089944094,2.0014405797240897,-0.007474014265078449,0.0,0.0,0.0,0.0,0.011306680990083143,0.019421693620008222,-0.003954765172635392,0.9997396244094501,2.889881017355436,0.2273791540093844,-0.005113417692947851,20.23875073528948,20.0,0.0,2.0,23.982253417879054,1.4620680608023597,1.0120680608023598,0,0,0
10.251466036,1787250382.972426653,1787250382.972344398,-3.3232402217500363,5.463545671559017,2.001389880082335,-0.007712429788080463,0.0,0.0,0.0,0.0,0.012260965073357458,0.018810539348497055,-0.00408513303884676,0.9997395380962701,2.8918116691221676,0.22490613997003692,-0.005025764144882581,20.267747675122827,20.0,0.0,2.0,23.954621008866674,1.463730840909329,1.013730840909329,0,0,0
10.261467695,1787250382.982428312,1787250382.982344627,-3.294312963677951,5.465781594142041,2.001340078147617,-0.007986326155728682,0.0,0.0,0.0,0.0,0.013209055267324242,0.01820410741476656,-0.004232025825566611,0.999738076342793,2.893619559114851,0.22224756014889124,-0.00493399558530296,20.2967612596928,20.0,0.0,2.0,23.926967770288947,1.4657932389579362,1.0157932389579363,0,0,0
10.271458387,1787250382.992419004,1787250382.992344379,-3.265368236579871,5.467990010361291,2.0012912115241295,-0.00829255323866567,0.0,0.0,0.0,0.0,0.014143216564356622,0.01760341521508568,-0.0043937735081187625,0.9997353569581994,2.8953056737832665,0.21940534019257313,-0.004838793223789738,20.32579015421062,20.0,0.0,2.0,23.89929445829516,1.4683990239313667,1.0183990239313667,0,0,0
10.281503201,1787250383.002463818,1787250383.002344370,-3.236407251683104,5.470169101177129,2.0012433130442715,-0.008631510043356662,0.0,0.0,0.0,0.0,0.015054710715628538,0.01700894204340115,-0.004570476368789982,0.9997315451267882,2.8968713319070907,0.21638323352706515,-0.0047403847013592435,20.35483304279352,20.0,0.0,2.0,23.87160182114664,1.4706203508677376,1.0206203508677376,0,0,0
10.291499615,1787250383.012460232,1787250383.012344599,-3.207431206961446,5.472317093352255,2.001196413318579,-0.009004615539356678,0.0,0.0,0.0,0.0,0.015933351829949965,0.016422629569597808,-0.004762765122541824,0.9997268334929649,2.8983179169770934,0.21318670654739197,-0.004639112132529035,20.383888631544743,20.0,0.0,2.0,23.84389060173377,1.472336332809278,1.022336332809278,0,0,0
10.301466942,1787250383.022427559,1787250383.022346497,-3.178441283853573,5.474432278606261,2.001150539903323,-0.00941399047692261,0.0,0.0,0.0,0.0,0.016771151042562042,0.015846436741651024,-0.004971685618452735,0.9997214118330224,2.899647349334019,0.20982319944967381,-0.004535133539684669,20.412955653319074,20.0,0.0,2.0,23.81616153887599,1.474590332341835,1.024590332341835,0,0,0
10.311479092,1787250383.032439709,1787250383.032349825,-3.149438643016624,5.476513029720419,2.001105717777496,-0.00986097564916913,0.0,0.0,0.0,0.0,0.017561342392152762,0.015283105256949692,-0.00519794872015391,0.9997154631574893,2.900861892991219,0.20630146369804603,-0.004429129626413535,20.442032873092277,20.0,0.0,2.0,23.78841536702478,1.4773409012137249,1.027340901213725,0,0,0
10.321440935,1787250383.042401552,1787250383.042344809,-3.120424421065712,5.478557813421767,2.0010619599727244,-0.010348879698696425,0.0,0.0,0.0,0.0,0.01830112951120873,0.014727808322934978,-0.005443191392630537,0.9997092237186171,2.901963843501869,0.2026313804959027,-0.004322256919613912,20.47111909200343,20.0,0.0,2.0,23.760652816220674,1.478699258220233,1.028699258220233,0,0,0
10.331432104,1787250383.052392721,1787250383.052345037,-3.0913997385113774,5.4805651962033775,2.001019275737233,-0.010880558075815672,0.0,0.0,0.0,0.0,0.01898986942126572,0.014173654495701082,-0.005708805103543947,0.9997029068287685,2.9029540591335414,0.19882297395958626,-0.004214530645217256,20.500213139589764,20.0,0.0,2.0,23.73287462134501,1.4805905247532438,1.0305905247532439,0,0,0
10.341452122,1787250383.062412739,1787250383.062345028,-3.0623657138405442,5.482533845142352,2.0009776707494433,-0.011458806738661337,0.0,0.0,0.0,0.0,0.01963067223948251,0.013611384219913392,-0.0059961385670196906,0.999696660617274,2.9038320048146127,0.19488619587235784,-0.004106358804111869,20.529313859481313,20.0,0.0,2.0,23.705081536200193,1.4830117633212594,1.0330117633212594,0,0,0
10.351425886,1787250383.072386503,1787250383.072344780,-3.0333234805560507,5.484462522398997,2.0009371504951554,-0.012084639225087799,0.0,0.0,0.0,0.0,0.020228027478755163,0.013034066063190986,-0.006305684912066775,0.9996905412996409,2.904595294069682,0.19083008320588316,-0.003997629422160783,20.55842009166623,20.0,0.0,2.0,23.677274348999397,1.484836796760712,1.034836796760712,0,0,0
10.361426353,1787250383.082386971,1787250383.082344770,-3.0042742013837365,5.48635007612437,2.0008977200901916,-0.012759070145990564,0.0,0.0,0.0,0.0,0.02078877501349032,0.01243616103374815,-0.0066379724610941436,0.9996845032577963,2.9052405089292415,0.18666270501175855,-0.0038883311624383784,20.587530657346992,20.0,0.0,2.0,23.64945389424755,1.4863564927344142,1.0363564927344142,0,0,0
10.371457338,1787250383.092417955,1787250383.092344522,-2.9752190783293173,5.488195427699577,2.0008593859376056,-0.01348133894348431,0.0,0.0,0.0,0.0,0.021319603390756472,0.011816650768088863,-0.0069927110825289225,0.9996784199269294,2.905763366243208,0.1823906567244119,-0.003778389632816985,20.61664434772885,20.0,0.0,2.0,23.621621059707017,1.4884019832185678,1.0384019832185678,0,0,0
10.381443501,1787250383.102404118,1787250383.102344513,-2.946159355348754,5.48999755834428,2.00082215520211,-0.014250521436238863,0.0,0.0,0.0,0.0,0.021827868831362545,0.011177190289836315,-0.00736957938538694,0.999672098169789,2.9061598399524344,0.1780192770343308,-0.003667619062513445,20.645759920206398,20.0,0.0,2.0,23.593776786000678,1.490712607142341,1.0407126071423412,0,0,0
10.391437531,1787250383.112398148,1787250383.112344980,-2.917096314635551,5.491755495414485,2.000786033745859,-0.01506373539957239,0.0,0.0,0.0,0.0,0.022318452876998882,0.010523253577502731,-0.007767322357640792,0.9996653522548,2.906426435096381,0.1735525601566172,-0.0035570917962913615,20.674876100982726,20.0,0.0,2.0,23.565922059905624,1.4918536646272076,1.0418536646272076,0,0,0
10.401427031,1787250383.122387648,1787250383.122344494,-2.888031268157706,5.4934683058338045,2.0007510011243705,-0.01591553600150483,0.0,0.0,0.0,0.0,0.022783447906325326,0.009855869584621485,-0.008183174473321078,0.9996583476327149,2.906560554952582,0.16899481674189465,-0.0034500258724800255,20.703991592968546,20.0,0.0,2.0,23.53805790466512,1.4935164536614784,1.0435164536614785,0,0,0
10.411421537,1787250383.132382154,1787250383.132344484,-2.858965553867523,5.495135110134604,2.0007170210903467,-0.01679801462532978,0.0,0.0,0.0,0.0,0.023208011144545525,0.009176115172042032,-0.008613098127757993,0.9996514400878467,2.906559608933217,0.16435269616244247,-0.0033467703261864552,20.73310508019386,20.0,0.0,2.0,23.51018537965312,1.4956982801596603,1.0456982801596604,0,0,0
10.421438932,1787250383.142399549,1787250383.142344475,-2.829900533625015,5.496755111119781,2.000684049815896,-0.017705955340299163,0.0,0.0,0.0,0.0,0.023573626194167488,0.008483416891990392,-0.009054375066495007,0.9996451040634619,2.9064213459404513,0.15963611356473992,-0.003248166042650677,20.762215231206767,20.0,0.0,2.0,23.482305585158315,1.497053898612184,1.047053898612184,0,0,0
10.431435108,1787250383.152395725,1787250383.152344227,-2.8008375925984463,5.498327628897447,2.000652045097703,-0.01863447963040502,0.0,0.0,0.0,0.0,0.023863463469466956,0.0077792646959096,-0.009504570984090134,0.999639775760469,2.906143426707716,0.1548585752613008,-0.003153558875221464,20.791320701097785,20.0,0.0,2.0,23.45441967015834,1.4983280049179808,1.0483280049179808,0,0,0
10.441419840,1787250383.162380457,1787250383.162344456,-2.771778136534146,5.499852134060105,2.0006209635667163,-0.019579404910107186,0.0,0.0,0.0,0.0,0.024064069025989687,0.0070651210951309705,-0.009961676377953952,0.9996358185107036,2.9057240704565825,0.15003654235754074,-0.0030633467872049486,20.8204201352642,20.0,0.0,2.0,23.426528837658722,1.5001177555533578,1.0501177555533578,0,0,0
10.451455116,1787250383.172415733,1787250383.172344685,-2.742723587458826,5.5013282730517865,2.0005907675640837,-0.020536046834247326,0.0,0.0,0.0,0.0,0.024168830232965066,0.006344318986499553,-0.0104235647125681,0.9996334160883431,2.9051618720508703,0.14518852038987615,-0.002976558813953307,20.849512174039294,20.0,0.0,2.0,23.39863434674001,1.5019361615334688,1.0519361615334688,0,0,0
10.461433411,1787250383.182394028,1787250383.182344198,-2.7136753793101236,5.502755881280421,2.000561420010681,-0.021504348852721747,0.0,0.0,0.0,0.0,0.02417906056432465,0.00561028173532694,-0.010890257027799591,0.999632582537677,2.904455509964467,0.14033350730198604,-0.002893335232089737,20.87859545657727,20.0,0.0,2.0,23.370737511701204,1.5028182087699145,1.0528182087699145,0,0,0
10.471457243,1787250383.192417860,1787250383.192344427,-2.6846349684387825,5.504134979902126,2.000532895551404,-0.02248515459055398,0.0,0.0,0.0,0.0,0.024104031430245424,0.004854685061133537,-0.011362225337585415,0.9996330964594684,2.9036017738291844,0.13548942702773017,-0.0028119464402097576,20.90766860897307,20.0,0.0,2.0,23.34283971183188,1.5042135511299721,1.0542135511299722,0,0,0
10.481439114,1787250383.202399731,1787250383.202344179,-2.6556038507781126,5.5054657585339175,2.0005051743468574,-0.023478540497820957,0.0,0.0,0.0,0.0,0.023958319797394524,0.00406633434698163,-0.011839496762166219,0.999634578310436,2.902595849398551,0.13067185202261977,-0.002732453805839771,20.936730225116353,20.0,0.0,2.0,23.3149424043248,1.5061203230880675,1.0561203230880676,0,0,0
10.491436720,1787250383.212397337,1787250383.212344646,-2.6265835821313526,5.506748546700326,2.0004782451209406,-0.024482468551644883,0.0,0.0,0.0,0.0,0.023760583431674136,0.0032380537144383837,-0.012321123175008747,0.9996365037386515,2.9014307215782122,0.12589307485231332,-0.0026535329621945386,20.965778844067916,20.0,0.0,2.0,23.287047137507166,1.5069831132468934,1.0569831132468934,0,0,0
10.501453400,1787250383.222414017,1787250383.222357273,-2.597575793332199,5.50798377809462,2.0004521019961956,-0.025495349383232627,0.0,0.0,0.0,0.0,0.02353038803797605,0.0023645462423450485,-0.012806383440137206,0.9996382977372537,2.9000984456359666,0.12116159234736616,-0.002575044760878859,20.994812932499908,20.0,0.0,2.0,23.259155557318564,1.507985794266092,1.057985794266092,0,0,0
10.511467695,1787250383.232428312,1787250383.232345104,-2.568582199575397,5.5091719524352225,2.0004267431850042,-0.026515045281707405,0.0,0.0,0.0,0.0,0.023286139576074148,0.0014463815580120236,-0.013294362184874993,0.9996393967917279,2.89859030578867,0.11648219514955031,-0.0024975367432338675,21.02383087316198,20.0,0.0,2.0,23.2312694074732,1.5094990017611627,1.0594990017611627,0,0,0
10.521432638,1787250383.242393255,1787250383.242344856,-2.539604602532998,5.510313603471778,2.0004021350904604,-0.02754899172242764,0.0,0.0,0.0,0.0,0.023032813632192575,0.0004771548402912293,-0.013788697202951603,0.9996395018449843,2.8968974740902627,0.11185725023781756,-0.00242444039222745,21.052830961144593,20.0,0.0,2.0,23.203390523991217,1.5108328388959302,1.0608328388959303,0,0,0
10.531435013,1787250383.252395630,1787250383.252344370,-2.5106449005138374,5.511409286140924,2.0003782511482258,-0.028606832734434765,0.0,0.0,0.0,0.0,0.02276789807180571,-0.0005472422381657321,-0.014294172896196842,0.9996384346175062,2.8950095472615054,0.107288946724546,-0.0023527671632044204,21.08181139302531,20.0,0.0,2.0,23.175520842032096,1.5114468191815078,1.0614468191815079,0,0,0
10.541426182,1787250383.262386799,1787250383.262337208,-2.481705097808087,5.51245958226286,2.000355070666465,-0.029691807738901514,0.0,0.0,0.0,0.0,0.02248151867887337,-0.0016317881942572695,-0.014812376382550691,0.9996361898666346,2.8929156884346727,0.10278069471575613,-0.0022836095751116586,21.110770257642663,20.0,0.0,2.0,23.147662406320148,1.512570268615688,1.0625702686156882,0,0,0
10.551433802,1787250383.272394419,1787250383.272344828,-2.452787312198636,5.513465119004616,2.000332574644171,-0.03080106500465539,0.0,0.0,0.0,0.0,0.022162837636959143,-0.0027752090927628524,-0.015342042186201537,0.9996327968728947,2.8906042681499726,0.09833818833890476,-0.002215971033029018,21.139705529107854,20.0,0.0,2.0,23.11981738284095,1.5142013785949937,1.0642013785949938,0,0,0
10.561433554,1787250383.282394171,1787250383.282344341,-2.4238937732628134,5.514426590846431,2.0003107441895054,-0.031930450299702054,0.0,0.0,0.0,0.0,0.021800039823353722,-0.003974258561728994,-0.015881356547099986,0.9996283039444255,2.888064599717662,0.09396921666959152,-0.0021503302163830597,21.16861506900228,20.0,0.0,2.0,23.091988062463805,1.5146151007658883,1.0646151007658884,0,0,0
10.571457386,1787250383.292418003,1787250383.292344570,-2.39502681387288,5.515344781428822,2.000289565230458,-0.03307336821479381,0.0,0.0,0.0,0.0,0.021385454826833853,-0.005218806853148853,-0.016427478018029663,0.9996227109979275,2.885286958278514,0.0896836881741028,-0.002085661026994812,21.197496635215245,20.0,0.0,2.0,23.06417685797539,1.5153529700965418,1.0653529700965418,0,0,0
10.581453800,1787250383.302414417,1787250383.302344799,-2.3661888511966684,5.516220579086835,2.000269027767596,-0.034221938067933416,0.0,0.0,0.0,0.0,0.020914245731358274,-0.0064971531180507145,-0.016976975519777945,0.9996160080896314,2.8822642379322945,0.08549253723748945,-0.002021889226832592,21.226347900952465,20.0,0.0,2.0,23.036386289453283,1.5165975461719343,1.0665975461719344,0,0,0
10.591446400,1787250383.312407017,1787250383.312345505,-2.337382362052339,5.5170549851540365,2.000249125871441,-0.03536683130815339,0.0,0.0,0.0,0.0,0.02038654321622168,-0.007792699702878675,-0.01752577685566242,0.9996081781541403,2.8789917990534177,0.08140726637457354,-0.001958958556665441,21.255166479099085,20.0,0.0,2.0,23.00861896246282,1.5175155137928864,1.0675155137928865,0,0,0
10.601441860,1787250383.322402477,1787250383.322344780,-2.308609850822619,5.517849117653292,2.0002298382955117,-0.03650279292389762,0.0,0.0,0.0,0.0,0.01978989791470605,-0.00908822916387947,-0.018071946519846026,0.9995995041916409,2.8754687636116465,0.07744010998192127,-0.0018988731682994403,21.283949953887603,20.0,0.0,2.0,22.98087753794952,1.5178735543973376,1.0678735543973377,0,0,0
10.611437798,1787250383.332398415,1787250383.332344055,-2.2798738143855086,5.518604231611242,2.000211143344724,-0.037625526595718085,0.0,0.0,0.0,0.0,0.019110891352720927,-0.010364269010865741,-0.018614114359530372,0.9995903513470832,2.8716976144864717,0.07360627561903152,-0.0018406950821726214,21.312695915981532,20.0,0.0,2.0,22.953164703253453,1.5187376067896294,1.0687376067896295,0,0,0
10.621437788,1787250383.342398405,1787250383.342344522,-2.251176704299292,5.519321745893255,2.000193012004563,-0.038727615180734164,0.0,0.0,0.0,0.0,0.018333898019822267,-0.011604389119206894,-0.019149334737859708,0.9995811669472701,2.8676848056128175,0.06992338736581191,-0.0017859828890489308,21.341402000402624,20.0,0.0,2.0,22.9254831420822,1.5201060207579904,1.0701060207579904,0,0,0
10.631452322,1787250383.352412939,1787250383.352344513,-2.222520893198148,5.520003270202611,2.0001754181981006,-0.039799419434117356,0.0,0.0,0.0,0.0,0.0174508565713526,-0.012793513494108906,-0.0196734504217409,0.9995722830120418,2.8634396428693596,0.06641173616751306,-0.0017331724190740578,21.370065920141396,20.0,0.0,2.0,22.897835508677396,1.5201701091262327,1.0701701091262328,0,0,0
10.641457558,1787250383.362418175,1787250383.362344503,-2.193908645671562,5.520650621186601,2.000158341939253,-0.04083167165936538,0.0,0.0,0.0,0.0,0.016457881533648765,-0.013921670403662382,-0.02018231040083845,0.9995639046981841,2.8589742359585872,0.06309229331926428,-0.0016821909040589868,21.398685494970834,20.0,0.0,2.0,22.870224403767775,1.5206628298100267,1.0706628298100267,0,0,0
10.651447296,1787250383.372407913,1787250383.372344732,-2.165342097761925,5.52126582723857,2.0001417743685166,-0.04181611987778916,0.0,0.0,0.0,0.0,0.01536140824691212,-0.014981716278207323,-0.020672021652840704,0.9995560228595571,2.854302111231162,0.05998609460120806,-0.0016315380659084383,21.427258671420862,20.0,0.0,2.0,22.842652356194307,1.5216605767110492,1.0716605767110492,0,0,0
10.661464930,1787250383.382425547,1787250383.382344246,-2.1368232433173526,5.521851117757418,2.0001257087266735,-0.042754017485440984,0.0,0.0,0.0,0.0,0.01416874095239538,-0.015970587847401976,-0.021143271174652613,0.9995484726553623,2.8494380096622303,0.057112281839522154,-0.001581429462218666,21.45578353569621,20.0,0.0,2.0,22.815121807440715,1.5222965541227769,1.072296554122777,0,0,0
10.671442747,1787250383.392403364,1787250383.392344236,-2.10835392814272,5.522408906084261,2.0001101519164384,-0.043650721699211595,0.0,0.0,0.0,0.0,0.01289413177283825,-0.016887281972364273,-0.021598569668438733,0.9995409260564012,2.844396757847486,0.0544882773206678,-0.0015297566668610945,21.4842583188621,20.0,0.0,2.0,22.787635102181092,1.522431830712604,1.072431830712604,0,0,0
10.681446075,1787250383.402406693,1787250383.402344942,-2.0799358490030837,5.522941763217783,2.0000951171568304,-0.04450559007368634,0.0,0.0,0.0,0.0,0.011552422796142084,-0.0177340220378775,-0.02203728339918372,0.9995330930640983,2.839193209615847,0.052128182102931776,-0.001476876588606369,21.51268139724491,20.0,0.0,2.0,22.76019448126562,1.523073927794861,1.073073927794861,0,0,0
10.691441774,1787250383.412402391,1787250383.412343979,-2.0515705582189714,5.523452386906932,2.0000806222386225,-0.04531418380662488,0.0,0.0,0.0,0.0,0.010163771769628512,-0.01851431928709316,-0.022456699785394114,0.9995246942219583,2.833841369409441,0.05004305491576123,-0.001421805462593196,21.54105128740899,20.0,0.0,2.0,22.73280207895713,1.5242219599738165,1.0742219599738165,0,0,0
10.701444864,1787250383.422405481,1787250383.422344923,-2.0232594717454786,5.5239435637075065,2.0000666873296375,-0.04607167559926546,0.0,0.0,0.0,0.0,0.008746942860920141,-0.019233337775842057,-0.022853854461741232,0.9995155181610887,2.8283544359445854,0.048239661981750365,-0.0013647639782917204,21.569366637771306,20.0,0.0,2.0,22.705459921774317,1.524121055834678,1.074121055834678,0,0,0
10.711472034,1787250383.432432652,1787250383.432344437,-1.9950038800305718,5.524418130669346,2.0000533358457453,-0.0467741721507094,0.0,0.0,0.0,0.0,0.007322879788811411,-0.019897175051277447,-0.023226157651785703,0.9995053894088375,2.82274430374868,0.04672124919293078,-0.0013051944537517983,21.597626217655353,20.0,0.0,2.0,22.678169929865877,1.5244263187090694,1.0744263187090695,0,0,0
10.721481323,1787250383.442441940,1787250383.442344427,-1.9668049634879365,5.524878936238185,2.0000405926823417,-0.04742974898649749,0.0,0.0,0.0,0.0,0.0059071334457978485,-0.020524082849358843,-0.02357698893364934,0.9994938686107429,2.8170206443302868,0.045487055594249086,-0.001242785663630125,21.625828901895314,20.0,0.0,2.0,22.65093392259256,1.5252402047807754,1.0752402047807754,0,0,0
10.731452227,1787250383.452412844,1787250383.452344418,-1.938663827972647,5.5253288089543435,2.0000284958991523,-0.04805121778061884,0.0,0.0,0.0,0.0,0.004514180580811722,-0.021135771057112954,-0.02391215219841554,0.9994804201847802,2.811188612876735,0.04453388810550546,-0.0011755250384092213,21.65397363568128,20.0,0.0,2.0,22.623753645331895,1.525818753874531,1.075818753874531,0,0,0
10.741437435,1787250383.462398052,1787250383.462344170,-1.9105815489689435,5.525770531659101,2.000017104045201,-0.0486418799699557,0.0,0.0,0.0,0.0,0.0031526123300541805,-0.02175551686477194,-0.024232899466373414,0.9994646192361667,2.8052490931768954,0.04385601685980718,-0.0011018643223137073,21.682059390838727,20.0,0.0,2.0,22.59663080600431,1.5258072241456306,1.0758072241456307,0,0,0
10.751439810,1787250383.472400427,1787250383.472344875,-1.8825592157019468,5.526206824616921,2.0000064761911025,-0.049198888296015444,0.0,0.0,0.0,0.0,0.001829831000138268,-0.02240159599502364,-0.024537553129545676,0.9994462110097779,2.7991986133565,0.04344666461637527,-0.0010227761255068107,21.71008512234074,20.0,0.0,2.0,22.569567113641916,1.5263064737052305,1.0763064737052306,0,0,0
10.761439085,1787250383.482399702,1787250383.482344627,-1.8545979677694706,5.526640333086329,1.9999966662933262,-0.04971769835536564,0.0,0.0,0.0,0.0,0.0005484142054089285,-0.023087403448065116,-0.02482377751317435,0.9994250602790897,2.7930307305465045,0.04329778035573317,-0.0009384704514160615,21.738049732328516,20.0,0.0,2.0,22.54256431074649,1.5273153076502493,1.0773153076502493,0,0,0
10.771439314,1787250383.492399931,1787250383.492344618,-1.826699020570977,5.527073621530477,1.999987718667764,-0.05019307485385433,0.0,0.0,0.0,0.0,-0.0006894062959814953,-0.023817621279060362,-0.02508895889094402,0.999401215617299,2.7867370158673275,0.04340124196199273,-0.0008504624431152009,21.76595204538174,20.0,0.0,2.0,22.515624196378898,1.5273070044921249,1.077307004492125,0,0,0
10.781459570,1787250383.502420187,1787250383.502344608,-1.7988636754194816,5.52750917038135,1.9999796677565174,-0.050618313416157516,0.0,0.0,0.0,0.0,-0.0018845565699100693,-0.02459025020978341,-0.02532983182971168,0.9993748884480906,2.7803089329240307,0.04374847846810526,-0.0007593319149745924,21.793790799077293,20.0,0.0,2.0,22.48874863500827,1.527509593140975,1.077509593140975,0,0,0
10.791442156,1787250383.512402773,1787250383.512344122,-1.7710933151455215,5.527949376461341,1.9999725365615484,-0.05098749756256727,0.0,0.0,0.0,0.0,-0.0030374334364946264,-0.025395252098537803,-0.0255434856338358,0.9993464792106113,2.773738987536721,0.04433129556045515,-0.0006668304919030613,21.821564649044344,20.0,0.0,2.0,22.461939552190223,1.5282227885538688,1.0782227885538689,0,0,0
10.801440954,1787250383.522401571,1787250383.522345066,-1.7433893845147201,5.528396554619259,1.9999663306103876,-0.05130465121358382,0.0,0.0,0.0,0.0,-0.004153847462302833,-0.0262154956502211,-0.02573205005023661,0.9993164438451343,2.7670225099626693,0.045141687957812884,-0.000574485542096525,21.849272189159176,20.0,0.0,2.0,22.435198915830615,1.5290123164501597,1.0790123164501597,0,0,0
10.811439753,1787250383.532400370,1787250383.532344103,-1.715753356806084,5.528852946855352,1.9999610429210828,-0.051578813321575184,0.0,0.0,0.0,0.0,-0.005239573411017528,-0.027028816088260826,-0.025900085028233804,0.9992853324085508,2.760158633083154,0.0461730724602143,-0.0004831943509872712,21.87691198563718,20.0,0.0,2.0,22.408528705899087,1.5289341062891666,1.0789341062891666,0,0,0
10.821436882,1787250383.542397499,1787250383.542344093,-1.6881866912929124,5.529320733570829,1.9999566634136605,-0.0518121733898642,0.0,0.0,0.0,0.0,-0.006302143469981444,-0.0278120053201828,-0.02604870407937471,0.9992538418057442,2.753151071884846,0.04741977852448008,-0.0003929778715056801,21.9044826202165,20.0,0.0,2.0,22.38193087588623,1.5293663600971794,1.0793663600971795,0,0,0
10.831448317,1787250383.552408934,1787250383.552344322,-1.660690787473193,5.52980204586462,1.9999531761538627,-0.05200322865868666,0.0,0.0,0.0,0.0,-0.007346130027907096,-0.02854316069315279,-0.026177034271939098,0.9992227405478639,2.7460080170799306,0.04887750414067025,-0.0003048648073074955,21.93198273658986,20.0,0.0,2.0,22.35540731141276,1.5303070017687128,1.0803070017687129,0,0,0
10.841461897,1787250383.562422514,1787250383.562344790,-1.6332669423289154,5.530298973942067,1.9999505578804981,-0.052149791761811254,0.0,0.0,0.0,0.0,-0.008374946837988185,-0.029204262391592916,-0.026283783292708723,0.9991927411963349,2.7387416468722074,0.05054235084700272,-0.00021924651608925175,21.959411083730487,20.0,0.0,2.0,22.32895979085659,1.530660524073934,1.080660524073934,0,0,0
10.851443291,1787250383.572403908,1787250383.572344542,-1.6059163152525828,5.53081357181968,1.9999487812375252,-0.05225035982260926,0.0,0.0,0.0,0.0,-0.00938820512842499,-0.029782511050717993,-0.026367867571156323,0.9991644505284055,2.731367129354352,0.05241084250146119,-0.00013660996012525276,21.986766551476457,20.0,0.0,2.0,22.30258995252672,1.5308250052813823,1.0808250052813824,0,0,0
10.861437798,1787250383.582398415,1787250383.582344532,-1.578639903052715,5.531347857313565,1.999947814783079,-0.05230781593874544,0.0,0.0,0.0,0.0,-0.010388542624390385,-0.030270066211415637,-0.026430479647408283,0.9991382441981218,2.723901651380221,0.054479339805685284,-5.72424732188551e-05,22.01404819593606,20.0,0.0,2.0,22.276299270456697,1.5314968225831456,1.0814968225831456,0,0,0
10.871442318,1787250383.592402935,1787250383.592344522,-1.5514385249104488,5.5319038155064275,1.9999476248870978,-0.05232734616068739,0.0,0.0,0.0,0.0,-0.011377091172269493,-0.03066483950120911,-0.026473946047513595,0.9991142875544801,2.716363361762355,0.05674487726575254,1.867584891430421e-05,22.041255254990407,20.0,0.0,2.0,22.25008904071514,1.5326733252343006,1.0826733252343006,0,0,0
10.881440401,1787250383.602401018,1787250383.602344275,-1.5243128182794272,5.532483401655682,1.9999481771483185,-0.052309380654404436,0.0,0.0,0.0,0.0,-0.012355361977020066,-0.030969303260556472,-0.026498273894406767,0.9990926327256094,2.708770303679582,0.05920448547844403,9.125203771851588e-05,22.068387152834855,20.0,0.0,2.0,22.22396037819158,1.5326762515836365,1.0826762515836366,0,0,0
10.891440630,1787250383.612401247,1787250383.612344742,-1.4972632442313698,5.533088543312837,1.9999494393544264,-0.0522521243148018,0.0,0.0,0.0,0.0,-0.013321823733620172,-0.03119051211877542,-0.026502327935159175,0.9990732243335301,2.7011395686097837,0.061855477649783025,0.00016057460771099562,22.09544349505253,20.0,0.0,2.0,22.19791422234254,1.5330909868711615,1.0830909868711616,0,0,0
10.901441097,1787250383.622401714,1787250383.622345209,-1.4702901009568197,5.533721138143037,1.9999513764380983,-0.052152907780658155,0.0,0.0,0.0,0.0,-0.014273950521683593,-0.031337781518375636,-0.026484560167015597,0.9990559373021968,2.693486551032339,0.06469455143983191,0.00022628437374687957,22.122424055426265,20.0,0.0,2.0,22.171951349764857,1.5340088689613827,1.0840088689613827,0,0,0
10.911453485,1787250383.632414103,1787250383.632344961,-1.44339354285864,5.53438304877519,1.999953953697821,-0.05200960706285053,0.0,0.0,0.0,0.0,-0.015206711462259916,-0.031422307297947955,-0.02644367641691814,0.9990406030327968,2.6858245669609295,0.06771789678304684,0.0002884356921540313,22.14932875705732,20.0,0.0,2.0,22.14607239143325,1.534996529025359,1.0849965290253591,0,0,0
10.921440840,1787250383.642401457,1787250383.642344475,-1.4165736014837589,5.535076094928428,1.9999571298050842,-0.05182111974051001,0.0,0.0,0.0,0.0,-0.016120301828661733,-0.031451219996997216,-0.02637904781358632,0.9990270779443878,2.6781649937305576,0.07092094071198524,0.0003460780884498472,22.176157651525973,20.0,0.0,2.0,22.12027785101844,1.5351655624443246,1.0851655624443246,0,0,0
10.931468487,1787250383.652429104,1787250383.652348757,-1.3898302008126329,5.535802053034921,1.999960860934178,-0.05158776095442204,0.0,0.0,0.0,0.0,-0.01701553297788886,-0.031430101880060596,-0.026290781401870175,0.9990152226800983,2.6705180372875414,0.07429959086108516,0.000399227486921524,22.202910903824527,20.0,0.0,2.0,22.094568119597035,1.535835724278063,1.085835724278063,0,0,0
10.941470623,1787250383.662431240,1787250383.662346601,-1.3631631674932079,5.536562658568321,1.9999650957070174,-0.05130834762939847,0.0,0.0,0.0,0.0,-0.017894978702697305,-0.03136081949543127,-0.02617825963940317,0.9990049887062912,2.662893057049228,0.07784983266607087,0.00044690561766749516,22.229588782390298,20.0,0.0,2.0,22.068943486139293,1.537004149440551,1.0870041494405511,0,0,0
10.951468945,1787250383.672429562,1787250383.672344446,-1.3365722359717906,5.537359610516104,1.9999697829456926,-0.05098195647665942,0.0,0.0,0.0,0.0,-0.01875936523569082,-0.03124476343007989,-0.026040938061006085,0.9989963566094999,2.655299176494112,0.0815682894911547,0.0004895117312401134,22.25619165429455,20.0,0.0,2.0,22.043404143596568,1.5377945587402355,1.0877945587402356,0,0,0
10.961466789,1787250383.682427406,1787250383.682344675,-1.3100570503563214,5.538194573175103,1.9999748650566023,-0.05060762692249196,0.0,0.0,0.0,0.0,-0.019608832232269457,-0.03108069510381081,-0.025878197462276244,0.9989893908277776,2.6477453968590816,0.08545141159768119,0.0005259982648204674,22.282719983617984,20.0,0.0,2.0,22.017950191160374,1.5382274509311322,1.0882274509311323,0,0,0
10.971487999,1787250383.692448616,1787250383.692344666,-1.2836171635833016,5.539069176024426,1.9999802852642725,-0.05018556912537286,0.0,0.0,0.0,0.0,-0.020440769912575433,-0.030868292680173395,-0.025689931991014006,0.9989841594473305,2.64024094840314,0.08949566251183877,0.0005569241123466708,22.309174332449373,20.0,0.0,2.0,21.992581633431538,1.5391563678664506,1.0891563678664506,0,0,0
10.981490374,1787250383.702450991,1787250383.702344656,-1.2572520359728698,5.53998500884895,1.9999859810163287,-0.04971597713950315,0.0,0.0,0.0,0.0,-0.021251280222105973,-0.030605665895587417,-0.025475962469850736,0.9989808064423681,2.632795144389028,0.09369663121940136,0.0005812548946464436,22.33555536230263,20.0,0.0,2.0,21.96729837780104,1.5405782070468657,1.0905782070468657,0,0,0
10.991465330,1787250383.712425947,1787250383.712345839,-1.2309610332915626,5.540943614026518,1.999991891281956,-0.04920052099071148,0.0,0.0,0.0,0.0,-0.022034709575606867,-0.03029244060911504,-0.025236824751081768,0.9989794503854147,2.6254175675249085,0.09804914436607569,0.0005994532990401483,22.36186383585786,20.0,0.0,2.0,21.942100230630427,1.541254620205457,1.091254620205457,0,0,0
11.001467228,1787250383.722427845,1787250383.722344160,-1.204743423381058,5.541946476198882,1.9999979412412103,-0.048645490058141796,0.0,0.0,0.0,0.0,-0.0227900954513501,-0.02992035748113067,-0.024975353681049122,0.9989802878265548,2.6181184486770346,0.10254703289016158,0.0006092734035473947,22.388100619932096,20.0,0.0,2.0,21.91698689136989,1.5419537720305998,1.0919537720305998,0,0,0
11.011466742,1787250383.732427359,1787250383.732344627,-1.178598362649756,5.542995019859348,2.0000040534460344,-0.04806001192180722,0.0,0.0,0.0,0.0,-0.023517842877019333,-0.029481145860134787,-0.02469582575119822,0.9989834279384477,2.610909864933763,0.10718444473901095,0.0006117844125942919,22.41426669877113,20.0,0.0,2.0,21.891957938855832,1.543143435798978,1.093143435798978,0,0,0
11.021456718,1787250383.742417336,1787250383.742344618,-1.1525248788738731,5.544090610538765,2.0000101503453918,-0.04744987989375371,0.0,0.0,0.0,0.0,-0.024220099345837756,-0.028963904285472738,-0.024400829806039765,0.998989028238547,2.6038055351075005,0.11195553118342287,0.0006065268452363266,22.44036319110861,20.0,0.0,2.0,21.867012814953608,1.544820282528207,1.094820282528207,0,0,0
11.031452894,1787250383.752413511,1787250383.752344370,-1.126521852178603,5.545234558705055,2.000016165087434,-0.046819308094494305,0.0,0.0,0.0,0.0,-0.024898182852453276,-0.028362408392277452,-0.024092222773741206,0.998997106643786,2.5968211475620047,0.11685505361305669,0.0005951857446824717,22.46639136912589,20.0,0.0,2.0,21.84215080714118,1.5454621474031776,1.0954621474031776,0,0,0
11.041457415,1787250383.762418032,1787250383.762344360,-1.1005880009210112,5.5464281220301945,2.0000220300309506,-0.04617147030717995,0.0,0.0,0.0,0.0,-0.02555288483496173,-0.027671240329247445,-0.02377133602957945,0.9990076456757582,2.5899733046457807,0.1218777288728555,0.0005768958157557245,22.49235267242252,20.0,0.0,2.0,21.817371035437436,1.5464282339663236,1.0964282339663236,0,0,0
11.051496744,1787250383.772457361,1787250383.772344828,-1.0747218734025616,5.5476725072125594,2.000027687763596,-0.045509331592895365,0.0,0.0,0.0,0.0,-0.026183534476956802,-0.026891504576280253,-0.02343950916013542,0.9990204496977276,2.583279229379501,0.12701854521627334,0.0005535944678514786,22.51824871612214,20.0,0.0,2.0,21.792672444868277,1.5478789278357186,1.0978789278357186,0,0,0
11.061492920,1787250383.782453537,1787250383.782345057,-1.0489218473246802,5.548968869662846,2.0000330820603955,-0.04483449560619497,0.0,0.0,0.0,0.0,-0.026793156400609704,-0.026021014680035467,-0.023097435160776433,0.9990353057095168,2.576755901715668,0.13227243918682946,0.0005246016664664261,22.54408129110646,20.0,0.0,2.0,21.7680538048849,1.5497412388604355,1.0997412388604355,0,0,0
11.071449280,1787250383.792409897,1787250383.792344570,-1.023186128311881,5.550318319510036,2.0000381696808605,-0.04414829364130885,0.0,0.0,0.0,0.0,-0.027385144020082824,-0.025062177329116506,-0.022745793426924673,0.9990518355100014,2.570420637097247,0.13763536851579108,0.0004921147121559642,22.569852365470553,20.0,0.0,2.0,21.743513709494856,1.5504916929191983,1.1004916929191983,0,0,0
11.081460238,1787250383.802420855,1787250383.802344322,-0.9975127523642215,5.551721928290311,2.0000429093637178,-0.04345119303609456,0.0,0.0,0.0,0.0,-0.02796302808911662,-0.024016172268120244,-0.022384805982123314,0.9990696737419358,2.564290056523609,0.14310372439024496,0.0004553976418391574,22.595564082111466,20.0,0.0,2.0,21.71905058138129,1.5517239222809631,1.1017239222809632,0,0,0
11.091466188,1787250383.812426805,1787250383.812344551,-0.9718995907156943,5.5531807363393995,2.0000472720726727,-0.042743716050477436,0.0,0.0,0.0,0.0,-0.0285283574772224,-0.022889976363820775,-0.022014828709924637,0.9990883490055262,2.5583803272494667,0.14867475003732383,0.0004165595799150504,22.62121875399771,20.0,0.0,2.0,21.694662678542542,1.5534349149457127,1.1034349149457128,0,0,0
11.101478338,1787250383.822438955,1787250383.822345018,-0.9463443612228001,5.5546957559900685,2.000051229788328,-0.042025614601082256,0.0,0.0,0.0,0.0,-0.029080788166878747,-0.021689538925042193,-0.021635779731118326,0.9991074840557641,2.5527059663633995,0.15434560178813916,0.0003747488464631829,22.646818852720955,20.0,0.0,2.0,21.670348106183454,1.5553863501860374,1.1053863501860375,0,0,0
11.111468554,1787250383.832429171,1787250383.832344294,-0.9208446424996213,5.556267971767722,2.0000547640668196,-0.04129640634072388,0.0,0.0,0.0,0.0,-0.0296172955036558,-0.02042628205300065,-0.02124758182181832,0.999126680193891,2.547280156012099,0.16011340357372095,0.0003314840493103924,22.672366994138756,20.0,0.0,2.0,21.646104830493083,1.5564075632892598,1.1064075632892598,0,0,0
11.121495008,1787250383.842455626,1787250383.842344284,-0.8953978945752227,5.557898333977383,2.0000578492838255,-0.0405494910594045,0.0,0.0,0.0,0.0,-0.030130630672333656,-0.019112829539379653,-0.020847101869091934,0.9991457567271883,2.542113337449229,0.16597414531350646,0.0002854902901925633,22.697865917064657,20.0,0.0,2.0,21.62193069702134,1.557905132384813,1.107905132384813,0,0,0
11.131488085,1787250383.852448702,1787250383.852348804,-0.8700014864929728,5.559587746935317,2.000060476119043,-0.0397765726599503,0.0,0.0,0.0,0.0,-0.03061124808878548,-0.01776677222738298,-0.020430538550480458,0.9991645942434132,2.5372131463991967,0.17192247213705783,0.00023969161084614162,22.723318454590864,20.0,0.0,2.0,21.59782345436108,1.5598762301638969,1.109876230163897,0,0,0
11.141504049,1787250383.862464666,1787250383.862349033,-0.8446527290600845,5.56133705041012,2.0000626393767105,-0.038973333603228986,0.0,0.0,0.0,0.0,-0.031048103853612487,-0.01640299079352712,-0.019996070607412413,0.9991832235883398,2.5325836685418057,0.1779508380627511,0.0001930021850182771,22.748727499648048,20.0,0.0,2.0,21.57378078101518,1.561975433243101,1.111975433243101,0,0,0
11.151473522,1787250383.872434139,1787250383.872344255,-0.8193489059192006,5.56314699922865,2.0000643383741927,-0.038139180275638306,0.0,0.0,0.0,0.0,-0.03143104626743965,-0.015037681607505616,-0.019543890573591162,0.9992016782430125,2.528226216461862,0.1840497863245742,0.00014663186791934857,22.774095971875546,20.0,0.0,2.0,21.549800310108793,1.5632667478827518,1.1132667478827518,0,0,0
11.161471605,1787250383.882432222,1787250383.882344484,-0.7940873035354941,5.565018243526141,2.000065568921879,-0.037274394419327485,0.0,0.0,0.0,0.0,-0.03175067922763634,-0.013681199054871007,-0.019074548090383572,0.9992201362943766,2.524139102034553,0.19020790481616245,9.952228597055216e-05,22.799426785358882,20.0,0.0,2.0,21.525879653155506,1.565029414097186,1.1150294140971861,0,0,0
11.171469927,1787250383.892430544,1787250383.892344475,-0.7688652334108151,5.566951311883687,2.0000663309522912,-0.03638097721705794,0.0,0.0,0.0,0.0,-0.03200067516926641,-0.012343034488234938,-0.01858953262539242,0.9992387280150339,2.5203190399248534,0.19641234871227717,5.274978816901615e-05,22.824722824084933,20.0,0.0,2.0,21.502016416998284,1.5672606013827688,1.1172606013827688,0,0,0
11.181472778,1787250383.902433395,1787250383.902344227,-0.743680048804227,5.568946598571375,2.000066621345059,-0.03546234260343431,0.0,0.0,0.0,0.0,-0.0321764912496604,-0.011025931846138039,-0.018090889653139385,0.9992576354220881,2.5167611898369127,0.20264919649870697,5.377612765708185e-06,22.849986922974825,20.0,0.0,2.0,21.478208216453638,1.5695545168333733,1.1195545168333734,0,0,0
11.191471100,1787250383.912431717,1787250383.912345648,-0.7185291517198199,5.571004355942312,2.0000664418585368,-0.03452354818103679,0.0,0.0,0.0,0.0,-0.03227786448526177,-0.009731630653841838,-0.017581518107159192,0.9992769010890504,2.5134606666928128,0.20890410435945875,-4.105456832653726e-05,22.875221858868944,20.0,0.0,2.0,21.454452678849833,1.5711136243790473,1.1211136243790474,0,0,0
11.201488018,1787250383.922448635,1787250383.922344923,-0.6934099940531844,5.573124695161359,2.0000658073323434,-0.03356969960737925,0.0,0.0,0.0,0.0,-0.03231217390188608,-0.008453729359165189,-0.017064143983708712,0.9992963888995895,2.51041267163975,0.2151634329573372,-8.535723937135141e-05,22.900430347928936,20.0,0.0,2.0,21.430747445064256,1.5731384995855846,1.1231384995855846,0,0,0
11.211476803,1787250383.932437420,1787250383.932344437,-0.668320066311717,5.575307600348862,2.0000647458098473,-0.032606539125009965,0.0,0.0,0.0,0.0,-0.03229247869024441,-0.007185587370386936,-0.016541799791286817,0.9993157318955045,2.507614272718281,0.2214155790499191,-0.0001264146969739028,22.92561505658829,20.0,0.0,2.0,21.40709016205153,1.5756261159780562,1.1256261159780563,0,0,0
11.221475124,1787250383.942435741,1787250383.942344904,-0.6432568820930058,5.577552952955379,2.0000632909021374,-0.031640110474407596,0.0,0.0,0.0,0.0,-0.032233590818269,-0.0059161786392642165,-0.01601746777029858,0.9993344961420556,2.5050639451548027,0.22765168588165116,-0.00016389027335693754,22.950778617815295,20.0,0.0,2.0,21.383478473978627,1.5781458992025215,1.1281458992025215,0,0,0
11.231506109,1787250383.952466726,1787250383.952344656,-0.6182179575698828,5.579860560541172,2.000061481873226,-0.03067682624893651,0.0,0.0,0.0,0.0,-0.0321506596778242,-0.00463779296727904,-0.015494345221104603,0.9993521657678252,2.502762568738714,0.23386582943553402,-0.00019728525575852564,22.97592365305721,20.0,0.0,2.0,21.359910009752383,1.579965596980771,1.1299655969807711,0,0,0
11.241484404,1787250383.962445021,1787250383.962344408,-0.5932007939891609,5.582230185379842,2.0000593582572397,-0.02972226233017249,0.0,0.0,0.0,0.0,-0.03205563754709295,-0.003341455174660553,-0.014975081750350717,0.9993683093361203,2.5007123066425687,0.24005478562944577,-0.00022673555534652467,23.001052791522554,20.0,0.0,2.0,21.33638237348696,1.5822447954021281,1.1322447954021282,0,0,0
11.251495838,1787250383.972456455,1787250383.972344637,-0.5682028613237025,5.584661568090987,2.0000569613310053,-0.02878108166573227,0.0,0.0,0.0,0.0,-0.03195786204067724,-0.00202416342951616,-0.014461994191250523,0.9993825336377516,2.498917035026873,0.24621735513432166,-0.00025192312144527135,23.026168688185425,20.0,0.0,2.0,21.31289313485904,1.5849805513549324,1.1349805513549325,0,0,0
11.261488199,1787250383.982448816,1787250383.982344627,-0.5432215913991922,5.5871544465244,2.0000543371434625,-0.02785092420865819,0.0,0.0,0.0,0.0,-0.03186625614301174,-0.000688958465670884,-0.013954029937635568,0.9993944927325545,2.4973803185167736,0.2523541899004962,-0.0002719537903463271,23.051274032174533,20.0,0.0,2.0,21.289439827426175,1.5877428463191945,1.1377428463191945,0,0,0
11.271489620,1787250383.992450237,1787250383.992344618,-0.5182543844783027,5.589708573548536,2.000051541219006,-0.02692660268467925,0.0,0.0,0.0,0.0,-0.03178814682437438,0.0006530093119001782,-0.013448931688086595,0.9994039291181318,2.4961046217836733,0.25846756263878257,-0.00028631297492107355,23.07637154189369,20.0,0.0,2.0,21.266019959692073,1.5898133771052811,1.1398133771052812,0,0,0
11.281472683,1787250384.002433300,1787250384.002344608,-0.4932986294232803,5.592323730726759,2.000048628684481,-0.026005561857724225,0.0,0.0,0.0,0.0,-0.03172708625006092,0.0019891645572334142,-0.01294576861387653,0.9994107475394897,2.4950897282081157,0.2645608272606738,-0.00029537174712120984,23.101463946440003,20.0,0.0,2.0,21.242631038229153,1.592337832926147,1.142337832926147,0,0,0
11.291477442,1787250384.012438059,1787250384.012350082,-0.4683517291790598,5.594999735383908,2.0000456481981432,-0.02508771931035674,0.0,0.0,0.0,0.0,-0.031683327007966736,0.003303825032840935,-0.012444935698831379,0.9994150164497784,2.4943329192195254,0.2706376758835921,-0.00030006768295866596,23.126553961218864,20.0,0.0,2.0,21.219270594212638,1.5953136904710778,1.145313690471078,0,0,0
11.301470280,1787250384.022430897,1787250384.022345066,-0.44341113003082083,5.597736440957021,2.0000426399367743,-0.02417263328003057,0.0,0.0,0.0,0.0,-0.03165253833846903,0.004584577475738164,-0.011946563603782127,0.9994170191087209,2.493828367977252,0.27670149030055213,-0.00030102095863437944,23.151644259190725,20.0,0.0,2.0,21.19593621182382,1.5983260813342268,1.1483260813342269,0,0,0
11.311485529,1787250384.032446146,1787250384.032344580,-0.4184743470365892,5.600533729056671,2.000039635002172,-0.023259936727961106,0.0,0.0,0.0,0.0,-0.03162766820819085,0.005819455084395747,-0.011450845853769105,0.9994171814990308,2.4935681410963437,0.2827543935885576,-0.0003001527257888694,23.17673744503556,20.0,0.0,2.0,21.172625550754532,1.6006403470790003,1.1506403470790003,0,0,0
11.321467876,1787250384.042428493,1787250384.042344332,-0.39353898765478623,5.603391493517899,2.0000366333916006,-0.022341047298237784,0.0,0.0,0.0,0.0,-0.031595743982810835,0.006996935432531482,-0.010953928855171243,0.9994162112450257,2.493541726451181,0.28879660913320854,-0.0003000921359140416,23.20183603013961,20.0,0.0,2.0,21.14933636481217,1.6034045115269913,1.1534045115269913,0,0,0
11.331495762,1787250384.052456379,1787250384.052344322,-0.36860277483060233,5.606309618035563,2.0000336362072986,-0.021405240475753474,0.0,0.0,0.0,0.0,-0.03154263456031693,0.008105772607313929,-0.010450947684078194,0.9994148970012091,2.4937365248011196,0.2948257707738386,-0.0002993429239395476,23.226942407211915,20.0,0.0,2.0,21.126066518243437,1.606616437189528,1.156616437189528,0,0,0
11.341487408,1787250384.062448025,1787250384.062356472,-0.3436635685497022,5.609287948090164,2.000030645451443,-0.020448504701815896,0.0,0.0,0.0,0.0,-0.031452876295687986,0.009139260883748926,-0.009940317430973363,0.9994140185991981,2.4941378942540164,0.3008365713992653,-0.00029883224158675506,23.252058825523054,20.0,0.0,2.0,21.102813998987553,1.6098801840462749,1.159880184046275,0,0,0
11.351471663,1787250384.072432280,1787250384.072344780,-0.31871937985826093,5.612326261122529,2.000027658559259,-0.019472390528818675,0.0,0.0,0.0,0.0,-0.031314108831879364,0.010093846084041628,-0.009423152806225733,0.9994142009449773,2.494730360096166,0.30682080883720214,-0.00029872946841097203,23.277187373122914,20.0,0.0,2.0,21.079576924110178,1.6124349251384762,1.1624349251384762,0,0,0
11.361477613,1787250384.082438231,1787250384.082344770,-0.2937683770712165,5.615424241395148,2.0000246673595794,-0.018479424736813764,0.0,0.0,0.0,0.0,-0.031115494040628654,0.010972020419182573,-0.008900873988092356,0.9994159370556268,2.4954981605749045,0.3127681112357286,-0.00029960984956206767,23.302329967078112,20.0,0.0,2.0,21.056353538864997,1.6154362610664863,1.1654362610664863,0,0,0
11.371470451,1787250384.092431068,1787250384.092344284,-0.268808881351641,5.618581459765027,2.0000216647717934,-0.0174738977542132,0.0,0.0,0.0,0.0,-0.030851513889739824,0.011779473764557048,-0.00837563513795919,0.9994194699046928,2.496426578185936,0.3186663292327517,-0.0003010861811276805,23.327488354614403,20.0,0.0,2.0,21.033142206747044,1.6188819688262135,1.1688819688262135,0,0,0
11.381470680,1787250384.102431297,1787250384.102344275,-0.2438393546952504,5.621797361533888,2.000018642394027,-0.016461690463016484,0.0,0.0,0.0,0.0,-0.03051906778105487,0.012526621288911476,-0.00785020508900435,0.9994248568756533,2.4975023378365377,0.32450259008926785,-0.000303460402651039,23.35266412262187,20.0,0.0,2.0,21.009941394330568,1.6223897715976308,1.1723897715976308,0,0,0
11.391467810,1787250384.112428427,1787250384.112344503,-0.21885837980816347,5.6250712611243525,2.000015594922259,-0.015450065256675954,0.0,0.0,0.0,0.0,-0.03012034415675854,0.013225107739342417,-0.007327933211063662,0.9994319200365853,2.498714594952006,0.33026375634990285,-0.0003061693184144893,23.37785871597292,20.0,0.0,2.0,20.986749650093728,1.6251806799097999,1.1751806799098,0,0,0
11.401468992,1787250384.122429609,1787250384.122345209,-0.19386463584046168,5.628402344468155,2.0000125173461583,-0.014444195560042662,0.0,0.0,0.0,0.0,-0.029656935053634245,0.013891121436231052,-0.006810985923895535,0.9994404001336012,2.500055076230898,0.33593725839635075,-0.00030929121893746874,23.403073460929747,20.0,0.0,2.0,20.963565581313198,1.628413902653747,1.178413902653747,0,0,0
11.411475420,1787250384.132436037,1787250384.132344484,-0.1688568671839116,5.631789673323623,2.000009411240489,-0.013448643384507178,0.0,0.0,0.0,0.0,-0.029133749783595397,0.014540197912386416,-0.00630120546782815,0.9994498997337824,2.501518958414877,0.3415109242791115,-0.00031196835951740573,23.42830959572893,20.0,0.0,2.0,20.940387824813435,1.6320868337687844,1.1820868337687844,0,0,0
11.421466827,1787250384.142427444,1787250384.142344236,-0.14383385216649885,5.635232193076017,2.0000062771594664,-0.012469346763384093,0.0,0.0,0.0,0.0,-0.028554781876189327,0.01518830431529812,-0.005801134153764012,0.9994599975419522,2.5031043164332076,0.34697363548469873,-0.0003147751376941006,23.45356830180485,20.0,0.0,2.0,20.91721501858239,1.635819590228923,1.185819590228923,0,0,0
11.431489944,1787250384.152450562,1787250384.152344704,-0.11879437230261955,5.638728741708349,2.000003118304689,-0.011513037118663439,0.0,0.0,0.0,0.0,-0.027926835846051608,0.015847195776971558,-0.005313809485890631,0.9994702204940284,2.504812277214276,0.3523151177936898,-0.0003169724979034372,23.47885073472121,20.0,0.0,2.0,20.894045774276773,1.6388365132877019,1.188836513287702,0,0,0
11.441474199,1787250384.162434816,1787250384.162344694,-0.09373718813687168,5.642278061673792,1.9999999384314218,-0.010585436894130038,0.0,0.0,0.0,0.0,-0.027254866328333766,0.01652654205469962,-0.004841864970632656,0.9994801658926229,2.5066458594638954,0.3575264821628084,-0.0003188605464336942,23.50415804909166,20.0,0.0,2.0,20.87087865690278,1.6422900032229784,1.1922900032229784,0,0,0
11.451483011,1787250384.172443628,1787250384.172344208,-0.06866102081485667,5.645878810843013,1.9999967445551445,-0.009691089008182056,0.0,0.0,0.0,0.0,-0.026545879782141034,0.01723040199169816,-0.0043874762029199104,0.9994894594573599,2.5086097131731826,0.36259976178236025,-0.000319909898944852,23.529491417844003,20.0,0.0,2.0,20.847712169806794,1.6461771446908051,1.1961771446908052,0,0,0
11.461493492,1787250384.182454109,1787250384.182357073,-0.043564543089796265,5.649529574802812,1.9999935414988286,-0.008827928050356154,0.0,0.0,0.0,0.0,-0.025804859696321878,0.017960830947431814,-0.003949599726249351,0.9994978331290836,2.51070883069941,0.3675284201669392,-0.0003204644362719442,23.55485204248052,20.0,0.0,2.0,20.82454474915646,1.6501047504947963,1.2001047504947964,0,0,0
11.471467733,1787250384.192428350,1787250384.192344666,-0.018446375781440406,5.653228878350987,1.9999903414241065,-0.007991095828730794,0.0,0.0,0.0,0.0,-0.025038531098990614,0.018715099590107826,-0.0035258810995114076,0.9995050701073054,2.5129484142815985,0.3723068764566276,-0.0003193434034998917,23.580241157981312,20.0,0.0,2.0,20.80137476348984,1.6533317855428857,1.2033317855428858,0,0,0
11.481470585,1787250384.202431202,1787250384.202344418,0.006694907661170483,5.656975197289467,1.9999871583770892,-0.007179803607007503,0.0,0.0,0.0,0.0,-0.024250728935493845,0.019489639028715873,-0.0031160521377127286,0.9995110536335767,2.5153327334818063,0.3769308173239176,-0.0003170189202875391,23.605660029885122,20.0,0.0,2.0,20.778200521177354,1.6569887224679485,1.2069887224679485,0,0,0
11.491506338,1787250384.212466955,1787250384.212344646,0.03186077328108899,5.660766967081524,1.9999840063740735,-0.006395968020919621,0.0,0.0,0.0,0.0,-0.023446368975672514,0.02027762000174465,-0.0027212315828797073,0.9995157231417592,2.5178652925340805,0.38139653114447103,-0.00031318363571905983,23.631109947772828,20.0,0.0,2.0,20.755020280247564,1.6610725535264914,1.2110725535264915,0,0,0
11.501482487,1787250384.222443104,1787250384.222345829,0.05705271432237284,5.664602591215501,1.9999808987336052,-0.005641310031882395,0.0,0.0,0.0,0.0,-0.022626945535405354,0.021073270292796056,-0.002342451470651924,0.9995191101404777,2.5205480817975667,0.3857012141119421,-0.0003080928665318224,23.656592214461295,20.0,0.0,2.0,20.731832262395113,1.6651565261323895,1.2151565261323896,0,0,0
11.511439800,1787250384.232400417,1787250384.232344866,0.08227223913357115,5.668480445410645,1.9999778492234792,-0.0049170044454233085,0.0,0.0,0.0,0.0,-0.02179530687097296,0.021869205064250292,-0.001980453170299945,0.9995212755481987,2.5233820529326576,0.3898421572762529,-0.00030176262949518695,23.68210813486721,20.0,0.0,2.0,20.70863466567709,1.6685746224746831,1.2185746224746832,0,0,0
11.521468878,1787250384.242429495,1787250384.242344618,0.10752085693524988,5.672398882476794,1.9999748656766068,-0.004216754039205627,0.0,0.0,0.0,0.0,-0.02095560285390394,0.0226579402015982,-0.001632182369716063,0.9995222941163255,2.5263664616270907,0.3938175534290078,-0.00029466747838197436,23.70765900293149,20.0,0.0,2.0,20.685425679444496,1.6724157933982777,1.2224157933982778,0,0,0
11.531470299,1787250384.252430916,1787250384.252344370,0.13280006307029144,5.676356241807774,1.9999719633411157,-0.0035316544848337287,0.0,0.0,0.0,0.0,-0.020115247041734313,0.023430758395170094,-0.0012931921345325631,0.9995222378974769,2.5294992041944484,0.3976266228660188,-0.00028537335047318764,23.73324608881707,20.0,0.0,2.0,20.66220350104596,1.6766770989888309,1.226677098988831,0,0,0
11.541467428,1787250384.262428045,1787250384.262345076,0.15811132276440093,5.6803508629533885,1.9999691667885182,-0.0028596490757923417,0.0,0.0,0.0,0.0,-0.019280246889296575,0.02418150223171444,-0.0009623890890154032,0.999521185786948,2.5327764532980637,0.40127011256739653,-0.0002735250018197986,23.758870625363517,20.0,0.0,2.0,20.63896635510161,1.680872893799263,1.230872893799263,0,0,0
11.551481724,1787250384.272442341,1787250384.272344589,0.18345605797032602,5.684381097746172,1.9999665006917897,-0.002203226576307448,0.0,0.0,0.0,0.0,-0.018457353677629223,0.024904798244318162,-0.0006408790683794238,0.9995192176209763,2.536193406353778,0.40474977462629286,-0.00025928297561961683,23.784533797463855,20.0,0.0,2.0,20.61571250944117,1.6844623432072605,1.2344623432072606,0,0,0
11.561466694,1787250384.282427311,1787250384.282344341,0.208835637664523,5.688445322303736,1.9999639894144647,-0.00156532006527374,0.0,0.0,0.0,0.0,-0.017649806181723366,0.025599194031689827,-0.0003299734753623986,0.9995164114331395,2.539744407584449,0.40806858366552734,-0.00024258649259283318,23.810236734903278,20.0,0.0,2.0,20.592440287715146,1.688468440968443,1.238468440968443,0,0,0
11.571468353,1787250384.292428970,1787250384.292344809,0.2342513742264207,5.6925419440953124,1.999961656166912,-0.0009492879852617411,0.0,0.0,0.0,0.0,-0.016860354738051093,0.026264561003739306,-3.117466119824456e-05,0.9995128314841828,2.543423828519936,0.41122983380688105,-0.00022368372454517634,23.835980510471966,20.0,0.0,2.0,20.569148074823733,1.6928884754833773,1.2428884754833773,0,0,0
11.581482887,1787250384.302443504,1787250384.302344322,0.25970452393780724,5.696669406166436,1.9999595232904332,-0.00035976612386152387,0.0,0.0,0.0,0.0,-0.016087743753930787,0.026904466742857652,0.0002533340471142597,0.9995085142168879,2.5472262075110597,0.41423719917367274,-0.00020254754709117626,23.861766141701935,20.0,0.0,2.0,20.54583431761856,1.6971478432391585,1.2471478432391585,0,0,0
11.591496944,1787250384.312457561,1787250384.312348127,0.28519629307709865,5.700826185454442,1.999957611002781,0.00019852792551044578,0.0,0.0,0.0,0.0,-0.015330811559308257,0.027522434553087533,0.0005213136278096248,0.9995034817574702,2.5511469930781034,0.4170937937072383,-0.00017973159815903858,23.88759459716402,20.0,0.0,2.0,20.522497518602865,1.7008906093620315,1.2508906093620316,0,0,0
11.601471901,1787250384.322432518,1787250384.322344780,0.31072784390031755,5.70501079009409,1.9999559314129476,0.0007263527029166358,0.0,0.0,0.0,0.0,-0.014590052297637681,0.028117467563688204,0.0007732253341688447,0.9994978441769345,2.5551817959716994,0.4198028015756122,-0.0001560495273706392,23.913466802447875,20.0,0.0,2.0,20.49913622946085,1.7050445397872431,1.2550445397872432,0,0,0
11.611468792,1787250384.332429409,1787250384.332344294,0.33630029287726265,5.7092217608516,1.9999544922916082,0.0012269437134293701,0.0,0.0,0.0,0.0,-0.01386870968576075,0.028684976076840295,0.0010107986651817613,0.999491775516528,2.5593257172512747,0.42236765878685334,-0.00013173167023523946,23.939383639127342,20.0,0.0,2.0,20.475749053173885,1.7096071888703275,1.2596071888703275,0,0,0
11.621466637,1787250384.342427254,1787250384.342344522,0.3619147020871064,5.713457676622379,1.9999532968213478,0.0016997074336170578,0.0,0.0,0.0,0.0,-0.013169268183359025,0.029219607379312337,0.0012338364167307676,0.9994854989282288,2.5635727625745046,0.4247925224039446,-0.00010736985513661055,23.96534593761988,20.0,0.0,2.0,20.452334653844265,1.7138808891310016,1.2638808891310016,0,0,0
11.631466866,1787250384.352427483,1787250384.352344275,0.387572068668896,5.717717159712851,1.99995234453111,0.002141837319410151,0.0,0.0,0.0,0.0,-0.012494801820438365,0.029715885317376563,0.0014410690676213338,0.9994792491128642,2.5679159296900655,0.4270819434582441,-8.313550481300198e-05,23.991354468086193,20.0,0.0,2.0,20.428891768336392,1.7177621187662604,1.2677621187662604,0,0,0
11.641482830,1787250384.362443447,1787250384.362344265,0.41327331458375066,5.721998880934098,1.9999516330017397,0.002550874337402057,0.0,0.0,0.0,0.0,-0.011845813527145364,0.03017042612562914,0.001631363772602523,0.9994732416335715,2.5723472596158814,0.4292409790492344,-5.921826683510279e-05,24.017409931595765,20.0,0.0,2.0,20.405419217574224,1.7220500367293228,1.2720500367293228,0,0,0
11.651472092,1787250384.372432709,1787250384.372344494,0.43901927992443024,5.726301561090031,1.9999511601110704,0.0029249638892074412,0.0,0.0,0.0,0.0,-0.011222301177327457,0.030582125568388078,0.0018039031402504045,0.9994676280327769,2.576858416504308,0.43127456879152526,-3.5173441754450935e-05,24.043512954180734,20.0,0.0,2.0,20.38191591342913,1.7267424781790384,1.2767424781790384,0,0,0
11.661470413,1787250384.382431030,1787250384.382344484,0.46481072282942815,5.73062397017859,1.999950935014558,0.0032645566519140016,0.0,0.0,0.0,0.0,-0.010620361615857485,0.030959031179581077,0.001958992070236631,0.9994623097734296,2.581441634679042,0.43318746531077595,-9.592409677498921e-06,24.069664086995612,20.0,0.0,2.0,20.358380858626084,1.7309816907731481,1.2809816907731482,0,0,0
11.671452522,1787250384.392413139,1787250384.392344236,0.4906483338874846,5.734964920429183,1.9999509734214547,0.003571327909686446,0.0,0.0,0.0,0.0,-0.010035561624304157,0.03131345691728907,0.0020975410435086226,0.999457030212077,2.5860913157604655,0.43498336318576747,1.7693726395590134e-05,24.09586381970927,20.0,0.0,2.0,20.33481313100772,1.7349901242319876,1.2849901242319877,0,0,0
11.681468487,1787250384.402429104,1787250384.402344704,0.5165327607114977,5.73932325695465,1.9999512982060426,0.0038447820327267394,0.0,0.0,0.0,0.0,-0.00946099295336123,0.031661803518947075,0.002219296868698009,0.9994513967830915,2.5908045895410186,0.436665046141232,4.7656337315102613e-05,24.122112603478854,20.0,0.0,2.0,20.311211857361457,1.7394018301507965,1.2894018301507966,0,0,0
11.691495657,1787250384.412456274,1787250384.412348509,0.5424646387155301,5.743697844978536,1.9999519335433307,0.004083550318526544,0.0,0.0,0.0,0.0,-0.008890811122766289,0.03201945696920622,0.002323546307679909,0.999445000480533,2.595581861288647,0.4382338044146916,7.988546570319237e-05,24.148410879422315,20.0,0.0,2.0,20.287576180321718,1.7442148441159464,1.2942148441159465,0,0,0
11.701468468,1787250384.422429085,1787250384.422344208,0.5684446218406527,5.748087557657311,1.9999529055599288,0.0042864986205888465,0.0,0.0,0.0,0.0,-0.008318088456415329,0.0324011766818774,0.0024096088383268933,0.9994374252244647,2.6004264014335527,0.43968988250074487,0.00011488617938844783,24.174759107095703,20.0,0.0,2.0,20.26390522547878,1.7483723444534485,1.2983723444534485,0,0,0
11.711464167,1787250384.432424784,1787250384.432344198,0.5944734100273449,5.752491263206999,1.999954234030763,0.004453263223559939,0.0,0.0,0.0,0.0,-0.0077373008958108985,0.03281591363966105,0.002477145874790572,0.9994283935005834,2.605343910755503,0.44103210653651953,0.00015031596811642236,24.201157789615877,20.0,0.0,2.0,20.24019807139997,1.7524999780803545,1.3024999780803546,0,0,0
11.721474648,1787250384.442435265,1787250384.442344904,0.6205517623691431,5.756907810384447,1.9999558961802861,0.004585194469536173,0.0,0.0,0.0,0.0,-0.007129948175596448,0.03325519467591689,0.002526090525727989,0.9994182681604015,2.610340021386725,0.44225732441658167,0.00018134432491119789,24.22760748437019,20.0,0.0,2.0,20.21645373289352,1.7570280106166525,1.3070280106166525,0,0,0
11.731470346,1787250384.452430964,1787250384.452344418,0.6466804826941772,5.76133599508926,1.999957844641459,0.004684728072605798,0.0,0.0,0.0,0.0,-0.006475683005095763,0.033699234770715784,0.0025567701101469787,0.9994077696476497,2.615417634150836,0.44335806811100764,0.00020714870184719716,24.25410878338364,20.0,0.0,2.0,20.192671165277236,1.7619544700737333,1.3119544700737333,0,0,0
11.741466999,1787250384.462427616,1787250384.462344408,0.6728603815122437,5.765774519502054,1.99996001324334,0.004753268528086641,0.0,0.0,0.0,0.0,-0.005751353242625986,0.03412178190472914,0.00256887986013999,0.9993978320928002,2.6205750123247453,0.44432295451390896,0.00022543500635599417,24.28066226913956,20.0,0.0,2.0,20.168849289036228,1.765983072842504,1.3159830728425042,0,0,0
11.751471043,1787250384.472431660,1787250384.472344637,0.6990922264714503,5.770221949022863,1.9999623325281435,0.004791736558685717,0.0,0.0,0.0,0.0,-0.004940722233038807,0.03449625695283039,0.0025621540439941205,0.9993893299844236,2.625805271230257,0.44513625295737497,0.0002371869888699774,24.307268458733066,20.0,0.0,2.0,20.14498702468331,1.7702221821715711,1.3202221821715712,0,0,0
11.761470795,1787250384.482431412,1787250384.482344627,0.7253766907188535,5.7746766790419075,1.9999647330841828,0.0048002119698699755,0.0,0.0,0.0,0.0,-0.004031264527273424,0.03479936319830759,0.0025361307704541243,0.9993829702711662,2.631096537915709,0.4457797978097718,0.00024196952823640405,24.333927747659786,20.0,0.0,2.0,20.12108333225123,1.7748581051497714,1.3248581051497714,0,0,0
11.771461010,1787250384.492421627,1787250384.492344618,0.7517143085870676,5.779136912264838,1.9999671562822234,0.004778525641336124,0.0,0.0,0.0,0.0,-0.003021252628136044,0.03501494537926277,0.0024907280663720643,0.9993791182060707,2.6364331238480485,0.4462335910211074,0.00024182851606540786,24.360640362680538,20.0,0.0,2.0,20.09713724663372,1.7797920279651829,1.329792027965183,0,0,0
11.781459093,1787250384.502419710,1787250384.502344608,0.778105443996572,5.783600653681291,1.99996955509317,0.004725365554011913,0.0,0.0,0.0,0.0,-0.0019140514085074435,0.03513504964579322,0.0024255986931226024,0.9993777970140088,2.641796931514859,0.4464782359412164,0.00023745814478920156,24.387406330277283,20.0,0.0,2.0,20.073147905704868,1.7837350321288798,1.33373503212888,0,0,0
11.791460752,1787250384.512421370,1787250384.512348652,0.8045502754410676,5.788065718719494,1.9999718981969485,0.0046397777687665715,0.0,0.0,0.0,0.0,-0.0007217404861667968,0.03516053310626158,0.0023409753646242413,0.9993786748959057,2.6471692115818386,0.44649553439832923,0.0002304826387852733,24.41422546377211,20.0,0.0,2.0,20.049114566311278,1.788071508678463,1.3380715086784631,0,0,0
11.801491022,1787250384.522451639,1787250384.522344351,0.8310487951855597,5.79252975250844,1.999974151353953,0.004526214184695533,0.0,0.0,0.0,0.0,0.0005558572874317679,0.035094816374127584,0.002239402872153272,0.9993813236003155,2.652531618225475,0.446269186529174,0.00021976965328079554,24.44109736641027,20.0,0.0,2.0,20.025036609877162,1.7927986337674218,1.3427986337674218,0,0,0
11.811470985,1787250384.532431602,1787250384.532344818,0.8576008176613357,5.796990233271956,1.9999762902919644,0.00439175477103787,0.0,0.0,0.0,0.0,0.001918495255524298,0.034945952038325255,0.0021247712157268397,0.9993851035308513,2.6578670496334147,0.4457821612250489,0.00020785997480863986,24.46802144096764,20.0,0.0,2.0,20.000913534666672,1.7974903581600055,1.3474903581600055,0,0,0
11.821469069,1787250384.542429686,1787250384.542344809,0.8842059954867891,5.801444471174927,1.999978308187161,0.00423770412322459,0.0,0.0,0.0,0.0,0.0033709436492692655,0.03472488800894442,0.0019979025239937414,0.9993892271168349,2.663160349757482,0.44501767329079417,0.00019593374968744206,24.49499690623688,20.0,0.0,2.0,19.97674493944346,1.801513706032428,1.351513706032428,0,0,0
11.831468582,1787250384.552429199,1787250384.552344322,0.910863841549376,5.8058896020679045,1.9999802160952194,0.004062448466798047,0.0,0.0,0.0,0.0,0.004911926507407925,0.03444615875604558,0.0018583325629477304,0.9993927564901722,2.6683988249770887,0.4439578787229868,0.00018600186918051967,24.522022818783775,20.0,0.0,2.0,19.952530499855367,1.805922279285467,1.355922279285467,0,0,0
11.841452837,1787250384.562413454,1787250384.562344551,0.937573756696728,5.810322587878839,1.9999820373631991,0.003863100694867129,0.0,0.0,0.0,0.0,0.006540906903212838,0.03412524560424114,0.0017048718941459794,0.9993947055899177,2.6735728088711914,0.44258577543853095,0.0001788574338433544,24.54909810149136,20.0,0.0,2.0,19.92826994139017,1.8107124734454543,1.3607124734454543,0,0,0
11.851439953,1787250384.572400570,1787250384.572344303,0.9643350603352057,5.814740220233508,1.9999838061839643,0.0036373592533602483,0.0,0.0,0.0,0.0,0.008249151857718079,0.03377817280322672,0.0015368187760573004,0.9993941288219345,2.6786756745665734,0.44088461388897804,0.00017542266593825585,24.576221575663755,20.0,0.0,2.0,19.903963010522475,1.8150906465288985,1.3650906465288986,0,0,0
11.861504316,1787250384.582464933,1787250384.582345247,0.9911470195286011,5.819139135213855,1.9999855555987167,0.003387344608518982,0.0,0.0,0.0,0.0,0.0100288315677261,0.0334139760865185,0.0013556138921456762,0.9993903596945746,2.683703368014764,0.43883996784829504,0.00017499852973644196,24.603391993618825,20.0,0.0,2.0,19.87960945059944,1.8191606769987307,1.3691606769987308,0,0,0
11.871495724,1787250384.592456341,1787250384.592344284,1.0180088676152932,5.823515831286057,1.999987316881622,0.0031174799333313365,0.0,0.0,0.0,0.0,0.011865046099049084,0.03303818908291207,0.001164056591222175,0.9993829815018073,2.6886530806493187,0.4364390091524914,0.00017774595940657742,24.630608061561183,20.0,0.0,2.0,19.855208988759898,1.823604756087384,1.373604756087384,0,0,0
11.881475449,1787250384.602436066,1787250384.602344275,1.0449198146952836,5.827866696238296,1.9999891215637824,0.002824922067117369,0.0,0.0,0.0,0.0,0.013744526574193972,0.032652138808960514,0.0009612660217389595,0.9993718035786716,2.6935228409036123,0.4336723339681645,0.0001838072874073808,24.657868455942623,20.0,0.0,2.0,19.830761333357156,1.82841856506865,1.37841856506865,0,0,0
11.891472101,1787250384.612432718,1787250384.612348080,1.0718790511549388,5.83218803516862,1.9999910052172025,0.0025036352843782316,0.0,0.0,0.0,0.0,0.01564906459147548,0.032256293572572696,0.0007449121893982242,0.9993568348734109,2.6983106363340883,0.43053300708561637,0.0001935344585755253,24.68517183309979,20.0,0.0,2.0,19.80626617845353,1.8324038270536367,1.3824038270536367,0,0,0
11.901467323,1787250384.622427940,1787250384.622344732,1.09888574778289,5.836476103692122,1.9999930060177553,0.002146071325135886,0.0,0.0,0.0,0.0,0.017564045991769386,0.03184941977701287,0.0005117938272702421,0.9993382094242895,2.703014510396907,0.42701791118692556,0.00020734000784436123,24.712516836270748,20.0,0.0,2.0,19.781723213218378,1.8364764417471433,1.3864764417471434,0,0,0
11.911489964,1787250384.632450581,1787250384.632344246,1.1259390535924048,5.840727138481052,1.9999951630680548,0.0017456391420527931,0.0,0.0,0.0,0.0,0.01947111544986158,0.03143069295705729,0.0002592824810533137,0.9993162262146915,2.7076320331740846,0.4231265507452959,0.000224064104276983,24.739902099765057,20.0,0.0,2.0,19.757132132850682,1.8409098923164156,1.3909098923164156,0,0,0
11.921488285,1787250384.642448902,1787250384.642345190,1.1530380896635732,5.844937395201597,1.9999974826160816,0.0012966156342899397,0.0,0.0,0.0,0.0,0.021341149750231974,0.030990545996381454,-1.4321133128462007e-05,0.9992918198309688,2.712159825575287,0.4188635265251357,0.00023963486708872142,24.767326250126,20.0,0.0,2.0,19.73249265560498,1.8455349949867315,1.3955349949867315,0,0,0
11.931475639,1787250384.652436256,1787250384.652344465,1.18018193246251,5.849103205271236,1.9999999494105694,0.0007952119707118616,0.0,0.0,0.0,0.0,0.02313805391098232,0.030518112278212287,-0.000309491426581664,0.999266320606896,2.7165922613901006,0.41423966440142146,0.00025291620025805374,24.79478789941214,20.0,0.0,2.0,19.707804555584694,1.8492094044307914,1.3992094044307914,0,0,0
11.941463709,1787250384.662424326,1787250384.662344217,1.2073695914657587,5.853221045425807,2.0000025244513258,0.00023364726582073963,0.0,0.0,0.0,0.0,0.02482812175899668,0.030001078990984316,-0.000628734240185512,0.9992412643213612,2.7209215808694602,0.4092730567881924,0.00026150744994097783,24.822285634159684,20.0,0.0,2.0,19.683067704968852,1.8532356982831537,1.4032356982831538,0,0,0
11.951471567,1787250384.672432184,1787250384.672344923,1.234599987557401,5.857287603084491,2.0000051693318217,-0.0003955599522734509,0.0,0.0,0.0,0.0,0.02638243279424783,0.029431745299788314,-0.0009746801210800221,0.9992180891112444,2.7251379184884006,0.40398765464158376,0.00026671226396204336,24.849818003645336,20.0,0.0,2.0,19.658282114474158,1.8576098612026475,1.4076098612026475,0,0,0
11.961470127,1787250384.682430744,1787250384.682344675,1.2618719368278404,5.861299832137692,2.000007845571569,-0.0010995038238250463,0.0,0.0,0.0,0.0,0.02778271963712336,0.028805383031210424,-0.0013502126313096028,0.9991979520214403,2.7292303226065044,0.3984123941870919,0.00026814404613625237,24.87738351118913,20.0,0.0,2.0,19.63344796601246,1.8616903101059639,1.411690310105964,0,0,0
11.971491814,1787250384.692452431,1787250384.692345142,1.289184142862348,5.865254988774459,2.0000105264854824,-0.001882079052995225,0.0,0.0,0.0,0.0,0.029020745541835792,0.028124082886179038,-0.0017571661957123228,0.9991815373879603,2.7331874303990387,0.3925785262085155,0.00026763819120297424,24.90498061012507,20.0,0.0,2.0,19.6085656314573,1.865286346648406,1.415286346648406,0,0,0
11.981476307,1787250384.702436924,1787250384.702330828,1.3165351997107724,5.869150647344742,2.0000131934566534,-0.002746710094734415,0.0,0.0,0.0,0.0,0.030100392898900725,0.02739374357204448,-0.00219767273027251,0.9991690144289962,2.7369988562543406,0.38651798042676494,0.0002657495135463358,24.932607706851556,20.0,0.0,2.0,19.583635675355275,1.8692237846362139,1.419223784636214,0,0,0
11.991494179,1787250384.712454796,1787250384.712344885,1.3439236045026064,5.872984693269882,2.00001584083684,-0.0036931730460048654,0.0,0.0,0.0,0.0,0.031034519899836924,0.02662468284629018,-0.002672479485033868,0.999160068603286,2.7406556960346893,0.3802608412230119,0.00026309506745867127,24.960263169823744,20.0,0.0,2.0,19.558658841604355,1.873499652707625,1.4234996527076251,0,0,0
12.001468658,1787250384.722429276,1787250384.722344637,1.3713477717251696,5.876755299611777,2.000018438124483,-0.004714341853151678,0.0,0.0,0.0,0.0,0.03184615332711033,0.025811513391558277,-0.0031786852343254316,0.9991543845947355,2.744149862727427,0.37383412085240636,0.0002556361955149021,24.987945337852686,20.0,0.0,2.0,19.533636033618112,1.8769740018923347,1.4269740018923347,0,0,0
12.011471033,1787250384.732431650,1787250384.732344866,1.3988060266619744,5.880460882738819,2.0000209412599608,-0.0057980134092798855,0.0,0.0,0.0,0.0,0.03256261912123795,0.0249448394328577,-0.0037107695294243967,0.9991514705044144,2.747471482278283,0.3672593574771377,0.00024435460849920275,25.015652505097854,20.0,0.0,2.0,19.508568307992437,1.8804612618889003,1.4304612618889003,0,0,0
12.021468639,1787250384.742429256,1787250384.742344141,1.4262965876053346,5.884100047589552,2.000023316251271,-0.00693981066248389,0.0,0.0,0.0,0.0,0.033213493806737646,0.02400988789225947,-0.004266910014171709,0.9991507306665406,2.750608828739987,0.36055263158821266,0.0002304408372303292,25.043382893977782,20.0,0.0,2.0,19.483456875569804,1.8842835512852636,1.4342835512852636,0,0,0
12.031467915,1787250384.752428532,1787250384.752344370,1.4538175400903959,5.887671530330126,2.0000255476762105,-0.008137427017159273,0.0,0.0,0.0,0.0,0.0338255300230998,0.022996935168859745,-0.004846304719440238,0.9991513838363344,2.7535472249872597,0.35372426696025083,0.00021553535089587826,25.071134620403907,20.0,0.0,2.0,19.458303109109263,1.8882363799786468,1.4382363799786468,0,0,0
12.041482449,1787250384.762443066,1787250384.762344360,1.4813668157780782,5.891174147007768,2.0000276221499913,-0.009389231575313928,0.0,0.0,0.0,0.0,0.03442174678261434,0.021898020154094883,-0.005448357532301732,0.9991526086949705,2.7562706490864763,0.34677997194726806,0.00019931634467885187,25.098905665015334,20.0,0.0,2.0,19.43310854811708,1.891265938631527,1.441265938631527,0,0,0
12.051496506,1787250384.772457123,1787250384.772344351,1.508942179225718,5.894606749015291,2.0000295336359994,-0.01069148488816325,0.0,0.0,0.0,0.0,0.03501820274220532,0.02071397544969603,-0.0060714699065252,0.9991535387271314,2.7587619808861605,0.33972140617276325,0.00018266317790831632,25.126693853683637,20.0,0.0,2.0,19.407874898031125,1.8946278518104367,1.4446278518104367,0,0,0
12.061462879,1787250384.782423496,1787250384.782344341,1.5365412263388976,5.8979681921503815,2.0000312708819683,-0.012044562148348634,0.0,0.0,0.0,0.0,0.035625884435255065,0.019443102674613737,-0.006715838445925814,0.9991534715100371,2.7610045411565607,0.3325478690199079,0.0001648146429250959,25.154496851804776,20.0,0.0,2.0,19.38260402224837,1.8983199205125583,1.4483199205125583,0,0,0
12.071472645,1787250384.792433262,1787250384.792344570,1.5641613841676107,5.901257314924898,2.000032831648161,-0.013448069047802384,0.0,0.0,0.0,0.0,0.03624870558805092,0.01809018162771336,-0.007381312542431617,0.9991517867156212,2.762981434574737,0.32525692184011945,0.00014720979307296242,25.18231216142996,20.0,0.0,2.0,19.357297935586185,1.9015950638153882,1.4515950638153883,0,0,0
12.081472635,1787250384.802433252,1787250384.802344322,1.5917999181470426,5.9044729312478434,2.0000342138490432,-0.014901673303596296,0.0,0.0,0.0,0.0,0.03688552816296959,0.016660701755040842,-0.00806769372213992,0.9991480326494039,2.76467726390901,0.3178461775773857,0.0001293428965196566,25.210137127751217,20.0,0.0,2.0,19.331958794973165,1.9044905851066176,1.4544905851066177,0,0,0
12.091475725,1787250384.812436342,1787250384.812348843,1.6194539451893841,5.907613832843752,2.00003542119432,-0.016402019663429416,0.0,0.0,0.0,0.0,0.03752972077031423,0.01516760390728761,-0.008773473635815416,0.9991418768177899,2.766077969744066,0.31031382503083904,0.00011214318902396155,25.237968952627632,20.0,0.0,2.0,19.306588887534627,1.9050457772496439,1.455045777249644,0,0,0
12.101465702,1787250384.822426319,1787250384.822344303,1.6471204572412401,5.910678802145189,2.0000364590794715,-0.017946786645026618,0.0,0.0,0.0,0.0,0.038172038808390256,0.013624567544055067,-0.009497716535755546,0.9991331542857812,2.7671726378524655,0.3026598463470415,9.567882126894653e-05,25.265804719673135,20.0,0.0,2.0,19.281190611953164,1.8876910051978972,1.4376910051978973,0,0,0
12.111458540,1787250384.832419157,1787250384.832344532,1.674796350086793,5.913666630658029,2.0000373359558923,-0.019531978131209802,0.0,0.0,0.0,0.0,0.03880047078079321,0.01205106093474187,-0.010238924505881356,0.9991218443325613,2.7679531233617074,0.2948862849772962,7.89014816505826e-05,25.293641425023978,20.0,0.0,2.0,19.255766456590205,1.8705828045231587,1.4205828045231588,0,0,0
12.121471643,1787250384.842432261,1787250384.842344284,1.702478459511426,5.916576146151529,2.000038024588153,-0.02116274855478778,0.0,0.0,0.0,0.0,0.039396903333781465,0.010467587036778227,-0.011000273806903063,0.9991082561992516,2.7684156594991887,0.28699831679029403,5.876921254095954e-05,25.321476016148665,20.0,0.0,2.0,19.230318973415354,1.8537299697349447,1.4037299697349448,0,0,0
12.131472588,1787250384.852433205,1787250384.852344275,1.7301636041563448,5.9194062433085435,2.0000385139123327,-0.022845121345052948,0.0,0.0,0.0,0.0,0.03994140467989462,0.008898093109380343,-0.011785658555373554,0.9990928917691437,2.7685606512208163,0.27900440136624916,3.898863991209561e-05,25.3493054373458,20.0,0.0,2.0,19.2048507467696,1.8371413241571932,1.3871413241571933,0,0,0
12.141467810,1787250384.862428427,1787250384.862344265,1.7578486307231413,5.9221559227350395,2.000038802104733,-0.024578956042690274,0.0,0.0,0.0,0.0,0.04041506377217331,0.007362703837326276,-0.012595917407123111,0.9990764515677306,2.7683931888607325,0.27091716010850925,1.8647930288072277e-05,25.377126678026904,20.0,0.0,2.0,19.179364362624245,1.820825688128547,1.370825688128547,0,0,0
12.151463270,1787250384.872423887,1787250384.872344494,1.785530454767635,5.924824328020671,2.0000388862546594,-0.026357583545797005,0.0,0.0,0.0,0.0,0.040803479302810135,0.005880326994914902,-0.01342874432141433,0.9990596411912395,2.7679219293288497,0.2627524465519824,-1.9368547527304967e-06,25.40493681591232,20.0,0.0,2.0,19.153862381608963,1.8047918548130186,1.3547918548130187,0,0,0
12.161471128,1787250384.882431746,1787250384.882344484,1.8132060971820263,5.927410773546816,2.0000387631227485,-0.028175312938534654,0.0,0.0,0.0,0.0,0.041097937670770114,0.004463679533578357,-0.014282190290427547,0.9990430692040955,2.7671590678146756,0.2545283374293298,-2.2616252568576562e-05,25.432733054570168,20.0,0.0,2.0,19.128347313436112,1.7890485615037879,1.339048561503788,0,0,0
12.171471357,1787250384.892431974,1787250384.892344713,1.8408727109324095,5.9299147604342926,2.0000384350352074,-0.030024613788684866,0.0,0.0,0.0,0.0,0.0412968873695599,0.0031224341635581816,-0.015153319487414161,0.9990271239596012,2.7661187334230566,0.24626390463139397,-4.292122117601332e-05,25.460512749796234,20.0,0.0,2.0,19.102821597032545,1.7736044635277477,1.3236044635277477,0,0,0
12.181477308,1787250384.902437925,1787250384.902344704,1.868527599524398,5.932335979552565,2.0000379081800235,-0.03189830677069861,0.0,0.0,0.0,0.0,0.04140483254007943,0.0018598452745091662,-0.016039099532948766,0.999011975956272,2.7648166791808038,0.2379778070944429,-6.225941814180151e-05,25.488273426396987,20.0,0.0,2.0,19.077287584584436,1.7584681196452672,1.3084681196452672,0,0,0
12.191495180,1787250384.912455797,1787250384.912348747,1.8961682248808647,5.934674302354719,2.00003719052884,-0.033787314782665515,0.0,0.0,0.0,0.0,0.04143128694009421,0.0006767043264636333,-0.01693539216020719,0.9989975890992541,2.763268762818421,0.22968739821696776,-8.175032791337754e-05,25.516012783349495,20.0,0.0,2.0,19.05174753187292,1.7436479838135757,1.2936479838135757,0,0,0
12.201469421,1787250384.922430038,1787250384.922344923,1.9237922092621347,5.936929767059735,2.0000362607191327,-0.035682971842331046,0.0,0.0,0.0,0.0,0.04137687360994131,-0.00042671372449539364,-0.017838159177007453,0.9989842703080165,2.761491179029934,0.22140887488255653,-0.00010473492062907996,25.54372869276984,20.0,0.0,2.0,19.026203592788736,1.7291524246942922,1.2791524246942922,0,0,0
12.211465836,1787250384.932426453,1787250384.932344198,1.951397336921505,5.939102573879148,2.0000350851967434,-0.03757517036027683,0.0,0.0,0.0,0.0,0.04124009836643127,-0.0014495805171904476,-0.0187426263339767,0.9989724055053554,2.759500157102949,0.21315856541319447,-0.0001312144001735054,25.571419199517578,20.0,0.0,2.0,19.000657816874998,1.7149897048629361,1.2649897048629362,0,0,0
12.221472740,1787250384.942433357,1787250384.942345142,1.9789815560098616,5.941193088003573,2.0000336195422523,-0.03945531452404767,0.0,0.0,0.0,0.0,0.04101642256692967,-0.00239224726613782,-0.019644700823181385,0.9989624697466849,2.7573122006111794,0.2049531862844377,-0.00016255834283702273,25.599082521699973,20.0,0.0,2.0,18.975112149041554,1.7010528781493044,1.2510528781493044,0,0,0
12.231469870,1787250384.952430487,1787250384.952344179,2.0065429789234437,5.943201845330559,2.0000318229755627,-0.04131435172350802,0.0,0.0,0.0,0.0,0.04070431122433721,-0.003255419534187582,-0.020540017806021174,0.9989547882461633,2.754943650177106,0.19681011804319515,-0.0001975299519408705,25.62671704978076,20.0,0.0,2.0,18.949568431620875,1.68746019318155,1.23746019318155,0,0,0
12.241466999,1787250384.962427616,1787250384.962344408,2.0340798813124197,5.945129556053208,2.0000296548211347,-0.04314505506399149,0.0,0.0,0.0,0.0,0.040303086617427236,-0.004041028016766614,-0.02142503997033146,0.998949597809592,2.7524107641916773,0.18874676051678688,-0.00023654310236300295,25.654321344129848,20.0,0.0,2.0,18.924028407033212,1.6742273659732176,1.2242273659732177,0,0,0
12.251498222,1787250384.972458839,1787250384.972344398,2.061590699012056,5.946977103543336,2.0000270831146203,-0.044940578075258475,0.0,0.0,0.0,0.0,0.039816787274660134,-0.004751027291055131,-0.022296366820591926,0.9989469071063816,2.749729329847233,0.18078030723884606,-0.0002791117846323798,25.681894130148756,20.0,0.0,2.0,18.898493720944348,1.6613622186545651,1.2113622186545652,0,0,0
12.261467695,1787250384.982428312,1787250384.982344389,2.089074026167917,5.948745541368701,2.0000240472483517,-0.04670201056364275,0.0,0.0,0.0,0.0,0.039242774217519975,-0.005380684046696184,-0.023154817895217297,0.9989468991488696,2.7469154212106246,0.1729276262123772,-0.00032871574046672937,25.70943429451128,20.0,0.0,2.0,18.87296592368632,1.6488724382910205,1.1988724382910205,0,0,0
12.271477461,1787250384.992438078,1787250384.992344379,2.1165286234206677,5.950436092111978,2.0000205007584837,-0.04843280221742212,0.0,0.0,0.0,0.0,0.03858000400691597,-0.005922847266367726,-0.024002436526906364,0.9989496414794179,2.743986359729895,0.16520577919903742,-0.0003816017317068385,25.73694089162368,20.0,0.0,2.0,18.847446462681926,1.636765526039746,1.186765526039746,0,0,0
12.281467438,1787250385.002428055,1787250385.002344608,2.1439534323295995,5.952050151043961,2.0000163940010554,-0.05013205743631405,0.0,0.0,0.0,0.0,0.037825945349284816,-0.006368774096191541,-0.024839102055218696,0.9989552820742453,2.7409610482107194,0.15763216751637968,-0.000440346323911522,25.76441315667032,20.0,0.0,2.0,18.821936670481737,1.6250487967276164,1.1750487967276164,0,0,0
12.291495562,1787250385.012456179,1787250385.012348890,2.1713475917115903,5.953589287209711,2.0000116866552946,-0.05179531322181427,0.0,0.0,0.0,0.0,0.03698365981661556,-0.006712140391626719,-0.025662716637432182,0.9989637536230827,2.7378599637816134,0.1502240474703787,-0.0005019067481358789,25.791850520438395,20.0,0.0,2.0,18.796437750182424,1.6137293520939202,1.1637293520939203,0,0,0
12.301470757,1787250385.022431374,1787250385.022344351,2.198710450596237,5.955055238160238,2.0000063418843004,-0.053419469954086855,0.0,0.0,0.0,0.0,0.03605738918831051,-0.006948294879817224,-0.026471718747545392,0.998974891571223,2.734704602084135,0.14299774438661866,-0.0005672651987566229,25.819252620487426,20.0,0.0,2.0,18.77095076204963,1.6028140731572942,1.1528140731572942,0,0,0
12.311483860,1787250385.032444477,1787250385.032344341,2.2260415762846644,5.956449898611341,2.0000003338015513,-0.05500281807527033,0.0,0.0,0.0,0.0,0.03505580087578924,-0.00707924087606445,-0.027264903545862702,0.9989882883238475,2.7315169663668337,0.13596845261665733,-0.0006369835408263819,25.846619307266565,20.0,0.0,2.0,18.74547661284259,1.592309603559973,1.1423096035599731,0,0,0
12.321490049,1787250385.042450666,1787250385.042344570,2.253340747850893,5.957775316025863,1.9999935491516587,-0.05656218669547735,0.0,0.0,0.0,0.0,0.03396216428793924,-0.007134023604760189,-0.0280495124040121,0.9990039549260968,2.72831640104097,0.1291519619011765,-0.0007211924727713989,25.87395063627846,20.0,0.0,2.0,18.72001606110898,1.5822224371910136,1.1322224371910137,0,0,0
12.331472635,1787250385.052433252,1787250385.052346706,2.2806079004887923,5.959033711527724,1.9999858997764475,-0.058120239529352795,0.0,0.0,0.0,0.0,0.03275396543817969,-0.007155396525744519,-0.02883536603467294,0.9990217713915349,2.7251144425692133,0.12256774791969749,-0.0008099466216956978,25.901246812397666,20.0,0.0,2.0,18.694569777118247,1.5725588276771867,1.1225588276771867,0,0,0
12.341426134,1787250385.062386751,1787250385.062344551,2.3078430431306485,5.9602275277241645,1.9999773240657848,-0.059686959562364035,0.0,0.0,0.0,0.0,0.03140100780414917,-0.007192760895158859,-0.029625956084005065,0.9990418127514471,2.7219140593936784,0.11624078847004357,-0.0009057669632055154,25.92850810850361,20.0,0.0,2.0,18.669138436715706,1.5633248022279602,1.1133248022279603,0,0,0
12.351424456,1787250385.072385073,1787250385.072345018,2.3350461657466512,5.961359486599868,1.9999677813775296,-0.06126137510113242,0.0,0.0,0.0,0.0,0.0298835009984993,-0.007291055131460774,-0.03041964031505945,0.9990637929412942,2.7187086757314223,0.11020169191243223,-0.0010034590524331693,25.955734773779042,20.0,0.0,2.0,18.643722828228658,1.5545261778663209,1.104526177866321,0,0,0
12.361419916,1787250385.082380533,1787250385.082344532,2.3622171535805214,5.962432633408397,1.9999572438118343,-0.0628389048702595,0.0,0.0,0.0,0.0,0.028186959216813336,-0.007487142955875238,-0.031213495811043324,0.999087161212535,2.7154841469108537,0.10448425620731465,-0.0011039036004155246,25.982926947928625,20.0,0.0,2.0,18.618323948390486,1.5461685699413377,1.0961685699413377,0,0,0
12.371433735,1787250385.092394352,1787250385.092344761,2.3893557179206883,5.963450362727956,1.9999457148051993,-0.06441032456153654,0.0,0.0,0.0,0.0,0.02631480869065193,-0.0078032260145332625,-0.032002901364937775,0.9991108320960025,2.712220330417364,0.09912401218263331,-0.0012016865162841998,26.010084591057794,20.0,0.0,2.0,18.59294307692034,1.5382573624685056,1.0882573624685057,0,0,0
12.381460190,1787250385.102420807,1787250385.102344751,2.416461353501896,5.964416416574061,1.9999332171780115,-0.06596152342608425,0.0,0.0,0.0,0.0,0.02427916159836426,-0.008247307562405283,-0.03278136296418793,0.9991335678838249,2.708894480495828,0.09415457592256646,-0.001296886261561196,26.03720743929476,20.0,0.0,2.0,18.5675818169101,1.5307976937131513,1.0807976937131514,0,0,0
12.391490698,1787250385.112451315,1787250385.112349272,2.443533323614323,5.96533485825092,1.9999198039476287,-0.0674758522946295,0.0,0.0,0.0,0.0,0.022108366721486927,-0.008812199761200271,-0.033541502492643364,0.9991539084979916,2.7054835636577406,0.0896060642069028,-0.0013845373612363322,26.064294987740432,20.0,0.0,2.0,18.542242101119697,1.5237944090197886,1.0737944090197886,0,0,0
12.401470900,1787250385.122431517,1787250385.122344732,2.4705706711864193,5.966210020443256,1.9999055578794964,-0.06894970863755885,0.0,0.0,0.0,0.0,0.019831866014059875,-0.009486647403505228,-0.03428251477284436,0.9991703607454996,2.7019666222487753,0.08550218918866473,-0.0014625257818436032,26.091346499261004,20.0,0.0,2.0,18.51692616529068,1.5172520169385142,1.0672520169385142,0,0,0
12.411472082,1787250385.132432699,1787250385.132344723,2.497572240189891,5.967046444552017,1.9998906016326516,-0.07038467501812982,0.0,0.0,0.0,0.0,0.017486809817585724,-0.010252129518680686,-0.035006138305962727,0.9991815028330137,2.6983250906709833,0.08186075226243784,-0.0015265600100548863,26.11836102419905,20.0,0.0,2.0,18.491636508724167,1.5111746340883898,1.0611746340883899,0,0,0
12.421471834,1787250385.142432451,1787250385.142344236,2.5245367089913966,5.9678488115109944,1.999875069242383,-0.07177222741461667,0.0,0.0,0.0,0.0,0.015106604347578325,-0.01108759399203215,-0.03570889794498388,0.9991865343228502,2.6945444661471796,0.07869196590452501,-0.0015776013858426934,26.145337432628256,20.0,0.0,2.0,18.466375840647512,1.5055659680331501,1.0555659680331502,0,0,0
12.431472063,1787250385.152432680,1787250385.152344704,2.551462630185994,5.968621873394158,1.9998590979832012,-0.07309800675886093,0.0,0.0,0.0,0.0,0.012727038133221557,-0.01196819962570107,-0.036384138722496726,0.9991851575896717,2.690614230798521,0.07599973342052443,-0.0016142444295984611,26.172274453843194,20.0,0.0,2.0,18.441147020541006,1.5004292838185198,1.0504292838185199,0,0,0
12.441467762,1787250385.162428379,1787250385.162344694,2.5783484754956767,5.969370384520739,1.9998428332867553,-0.07434860893336367,0.0,0.0,0.0,0.0,0.01037570649351293,-0.012870154516024102,-0.037025417082944774,0.9991775729705547,2.6865286843300487,0.0737809007025678,-0.0016361890578237446,26.19917072145532,20.0,0.0,2.0,18.415952993357646,1.495767362289407,1.045767362289407,0,0,0
12.451474905,1787250385.172435522,1787250385.172344446,2.6051926806719856,5.970099043919493,1.9998264232130423,-0.07551322719409415,0.0,0.0,0.0,0.0,0.008077958367452695,-0.013770081002019744,-0.0376272921050249,0.9991643099844264,2.6822863412334605,0.07202760607781426,-0.0016436223862004386,26.226024819193984,20.0,0.0,2.0,18.390796728279195,1.4915824747710817,1.0415824747710818,0,0,0
12.461468935,1787250385.182429552,1787250385.182344198,2.631993687889891,5.970812447419762,1.9998100063518183,-0.07659717049053759,0.0,0.0,0.0,0.0,0.005844832951531981,-0.014651185707858111,-0.03819222691680187,0.9991459025028617,2.677889730696764,0.07072756935979074,-0.0016373120441934797,26.252835324634237,20.0,0.0,2.0,18.365681162860714,1.4878763712535767,1.0378763712535768,0,0,0
12.471465588,1787250385.192426205,1787250385.192344427,2.658749977420858,5.971515062010105,1.9997937270243273,-0.07761294536004543,0.0,0.0,0.0,0.0,0.00368228640332979,-0.015500570589804813,-0.0387261556236612,0.9991228442733388,2.673343847054137,0.06986745316119844,-0.0016158962812722246,26.279600842782482,20.0,0.0,2.0,18.34060916447333,1.4846502492962044,1.0346502492962044,0,0,0
12.481463194,1787250385.202423811,1787250385.202344179,2.685460090808541,5.972211215384955,1.999777741209567,-0.07856118855074748,0.0,0.0,0.0,0.0,0.0015858243497543635,-0.01631136344454609,-0.039229113957078406,0.999095841849947,2.6686557710309073,0.06943311495999435,-0.001578784621786957,26.306320031435032,20.0,0.0,2.0,18.31558350469765,1.4819047384768866,1.0319047384768867,0,0,0
12.491495609,1787250385.212456226,1787250385.212348700,2.7121226452599165,5.972905101762651,1.9997621983273888,-0.07943557792994374,0.0,0.0,0.0,0.0,-0.00044963841364144096,-0.0170798957254317,-0.03969764278510719,0.9990656495669398,2.6638334444755603,0.06941198527902373,-0.0015273456478057546,26.332991617997493,20.0,0.0,2.0,18.29060684733415,1.4796399145605355,1.0296399145605355,0,0,0
12.501469135,1787250385.222429752,1787250385.222344398,2.73873634010021,5.97360079304546,1.9997472428243377,-0.08022938975358392,0.0,0.0,0.0,0.0,-0.002433982518003673,-0.01780683863479734,-0.040128173256925324,0.9990328933213353,2.658885214819612,0.0697923622699544,-0.0014615150269273072,26.35961440829228,20.0,0.0,2.0,18.265681745698316,1.4778552988669142,1.0278552988669143,0,0,0
12.511493683,1787250385.232454300,1787250385.232344151,2.765299956441169,5.974302255623701,1.9997330089796812,-0.08093736404782263,0.0,0.0,0.0,0.0,-0.0043734998334068655,-0.018494427545205406,-0.040517853808969995,0.9989980641481231,2.653819041181698,0.07056470024773918,-0.0013832738100039235,26.38618728855507,20.0,0.0,2.0,18.24081064822179,1.4765498681517977,1.0265498681517977,0,0,0
12.521470547,1787250385.242431164,1787250385.242344141,2.7918123523511804,5.975013364112477,1.9997196158810504,-0.08156599819048126,0.0,0.0,0.0,0.0,-0.006275051957998292,-0.01914797358336982,-0.04086977242810238,0.998961280797334,2.648642244389601,0.07172024290175208,-0.0012935621176312958,26.412709222714312,20.0,0.0,2.0,18.215995907351083,1.475722067273457,1.025722067273457,0,0,0
12.531469822,1787250385.252430439,1787250385.252344370,2.8182724530216756,5.9757379132985555,1.999707171367508,-0.08212716775294057,0.0,0.0,0.0,0.0,-0.008139972584712699,-0.019772664056220413,-0.04118965586914703,0.9989225169410394,2.643360923577401,0.07325158316648009,-0.0011934230228296276,26.43917924451033,20.0,0.0,2.0,18.191239792624803,1.47536981517619,1.02536981517619,0,0,0
12.541465998,1787250385.262426615,1787250385.262344360,2.844679239575762,5.976479622953085,1.9996957853429174,-0.0826222893770516,0.0,0.0,0.0,0.0,-0.009968834115553157,-0.02037341455862882,-0.041478036383191946,0.9988819343763273,2.6379801973630457,0.07515110857359564,-0.0010821657730296398,26.465596447976374,20.0,0.0,2.0,18.166544502716054,1.4754905031426113,1.0254905031426114,0,0,0
12.551471233,1787250385.272431850,1787250385.272344828,2.871031739980389,5.977242137519496,1.9996855557572315,-0.08304718923727604,0.0,0.0,0.0,0.0,-0.011756675513318021,-0.020953118166730435,-0.041732558756689526,0.998839897560958,2.63250435787081,0.0774111660459635,-0.0009623063573184961,26.491959979808893,20.0,0.0,2.0,18.141912173808283,1.4759457561339022,1.0259457561339023,0,0,0
12.561466932,1787250385.282427549,1787250385.282344818,2.897329022363857,5.978029017759264,1.9996765664619038,-0.08339732144230967,0.0,0.0,0.0,0.0,-0.013497691330902794,-0.021513202865313878,-0.04195065899153736,0.9987968445291502,2.6269372001459126,0.0800226549814724,-0.0008344633043066843,26.518269033803193,20.0,0.0,2.0,18.117344883041188,1.4754438962050112,1.0254438962050112,0,0,0
12.571470976,1787250385.292431593,1787250385.292344570,2.9235701916597523,5.978843727930959,1.9996688835464618,-0.08366906051243812,0.0,0.0,0.0,0.0,-0.015182257991667069,-0.022052806286996463,-0.042130117601784055,0.9987533358983101,2.6212823519869923,0.08297523545884307,-0.0007012830041382554,26.5445228483395,20.0,0.0,2.0,18.092844647313722,1.4754091500008408,1.0254091500008409,0,0,0
12.581486464,1787250385.302447081,1787250385.302344322,2.9497543898439935,5.979689617772055,1.9996625560474566,-0.08385766869278971,0.0,0.0,0.0,0.0,-0.016801305135319453,-0.022569334873984433,-0.042268125492982304,0.9987100414216358,2.615543654222263,0.0862563710320432,-0.0005636673597667949,26.570720707111015,20.0,0.0,2.0,18.068413416938508,1.4758385110773071,1.0258385110773072,0,0,0
12.591497898,1787250385.312458515,1787250385.312348604,2.975880799782893,5.980569903275154,1.9996576169194427,-0.08396006087974904,0.0,0.0,0.0,0.0,-0.01834440868718218,-0.02305884805286338,-0.0423626163833264,0.9986677029570706,2.6097254911975845,0.08985178708880108,-0.0004239350321037674,26.596861943180823,20.0,0.0,2.0,18.04405306543925,1.4767285108096668,1.0267285108096669,0,0,0
12.601467848,1787250385.322428465,1787250385.322344303,3.0019486511810416,5.981487646541643,1.9996540787453647,-0.08398369939909309,0.0,0.0,0.0,0.0,-0.019803945225040535,-0.023519453701752974,-0.04241685589168263,0.9986267818296077,2.6038327808119694,0.09374509279480203,-0.0002838316781285952,26.622945944824316,20.0,0.0,2.0,18.01976537700971,1.475958227868897,1.025958227868897,0,0,0
12.611483335,1787250385.332443953,1787250385.332344532,3.027957223654954,5.982445739808447,1.9996519356930476,-0.08394170250938823,0.0,0.0,0.0,0.0,-0.02117328431619555,-0.02395014408602475,-0.04243696023434992,0.9985875960753731,2.5978705427743596,0.0979187529798328,-0.00014477496730669472,26.648972158329766,20.0,0.0,2.0,17.995552038017255,1.475448115741775,1.025448115741775,0,0,0
12.621470451,1787250385.342431068,1787250385.342344522,3.053905847119837,5.983446893982521,1.9996511840384708,-0.08383954654999497,0.0,0.0,0.0,0.0,-0.022449159767487358,-0.02435045364142264,-0.04242532316434695,0.9985505408278499,2.5918438351525794,0.10235412562692979,-5.698427857532219e-06,26.674940087973223,20.0,0.0,2.0,17.971414632495154,1.4753950299618392,1.0253950299618393,0,0,0
12.631469488,1787250385.352430105,1787250385.352344275,3.079793902713213,5.9844936312519925,1.9996518156254426,-0.08367897164755576,0.0,0.0,0.0,0.0,-0.02362985171968167,-0.024720013925279637,-0.0423825235939107,0.998516035280882,2.58575783462649,0.10703215745438772,0.00013167038011053513,26.700849296407984,20.0,0.0,2.0,17.947354638452683,1.4757959302031445,1.0257959302031445,0,0,0
12.641482115,1787250385.362442732,1787250385.362344265,3.105620823599096,5.98558828161483,1.9996538092307992,-0.0834615806805012,0.0,0.0,0.0,0.0,-0.02471618070761241,-0.025058333368073782,-0.042309148443126804,0.9984844146495531,2.579617773956795,0.1119335579359275,0.00026651138974019214,26.726699404837873,20.0,0.0,2.0,17.92337342558206,1.4766473497794073,1.0266473497794073,0,0,0
12.651470900,1787250385.372431517,1787250385.372344255,3.1313860957898947,5.986732983941774,1.9996571323313905,-0.08318997303716907,0.0,0.0,0.0,0.0,-0.025710035313541362,-0.025364885249805538,-0.042206326606441,0.9984559292601908,2.573429000048137,0.11703941639604824,0.00039726485212722873,26.752490093187088,20.0,0.0,2.0,17.899472254451666,1.4759894059085694,1.0259894059085695,0,0,0
12.661464453,1787250385.382425070,1787250385.382344484,3.157089259513843,5.987929689282467,1.9996617356828355,-0.08286748116309756,0.0,0.0,0.0,0.0,-0.026613434227357163,-0.025639010252500018,-0.04207557187746697,0.9984307750280349,2.567197001889188,0.12233110071572406,0.0005224068573299015,26.77822110075157,20.0,0.0,2.0,17.875652275936595,1.4754474611317423,1.0254474611317423,0,0,0
12.671475887,1787250385.392436504,1787250385.392344713,3.1827299103186086,5.989180164938036,1.9996675589964699,-0.08249854069050552,0.0,0.0,0.0,0.0,-0.027428446009584412,-0.025880267776298514,-0.04191897353333751,0.99840908036097,2.5609273596056616,0.12779048112875724,0.0006410051111380778,26.803892226495645,20.0,0.0,2.0,17.85191453116154,1.4753525969685586,1.0253525969685586,0,0,0
12.681469917,1787250385.402430534,1787250385.402344227,3.2083077003284557,5.990485998477625,1.999674529829697,-0.0820859095735599,0.0,0.0,0.0,0.0,-0.028156962307667413,-0.026087744116283125,-0.04173778553026379,0.9983909917159497,2.5546258079799,0.13339975443169858,0.000751900718390617,26.829503329392892,20.0,0.0,2.0,17.82825995128902,1.4757018437369191,1.0257018437369192,0,0,0
12.691489458,1787250385.412450075,1787250385.412344694,3.2338223396563857,5.991848601935459,1.999682571338614,-0.08163227579637242,0.0,0.0,0.0,0.0,-0.02880120854349239,-0.02626085734609476,-0.04153326150651913,0.9983766052680287,2.548298222199977,0.1391416012230222,0.0008548813865690993,26.85505432884269,20.0,0.0,2.0,17.804689357230647,1.476491834040507,1.0264918340405071,0,0,0
12.701470852,1787250385.422431469,1787250385.422344446,3.259273598275958,5.993269215679648,1.9996915961566601,-0.0811401544564858,0.0,0.0,0.0,0.0,-0.029362853534459915,-0.026398458083980503,-0.04130655670575521,0.9983660213650185,2.5419506915596846,0.1449990205636369,0.0009486227206635963,26.880545205449387,20.0,0.0,2.0,17.78120345882434,1.477718824445643,1.027718824445643,0,0,0
12.711486578,1787250385.432447195,1787250385.432344198,3.284661307787811,5.994748912425113,1.9997015143979333,-0.08061235557679045,0.0,0.0,0.0,0.0,-0.02984409947101109,-0.026500220051462617,-0.04105902649140551,0.9983592662000822,2.53558946584368,0.150955456763843,0.0010331396587268948,26.90597600164393,20.0,0.0,2.0,17.75780285416756,1.4793787046998141,1.0293787046998142,0,0,0
12.721474648,1787250385.442435265,1787250385.442344427,3.3099853626272857,5.996288600572761,1.9997122222403152,-0.08004487962046296,0.0,0.0,0.0,0.0,-0.03024593317512966,-0.026568115547818894,-0.04078867318683888,0.9983564508241837,2.5292207162642306,0.1569946379951862,0.0011069165362605786,26.931346821649647,20.0,0.0,2.0,17.734488029257857,1.4814670277927828,1.0314670277927829,0,0,0
12.731469870,1787250385.452430487,1787250385.452344656,3.33524571502855,5.997889028225071,1.9997236251651138,-0.07943195113795538,0.0,0.0,0.0,0.0,-0.03057005624494986,-0.026606128221527695,-0.04049270756568883,0.998357614402895,2.5228498327471653,0.16310072476027682,0.001171980134459933,26.956657825227797,20.0,0.0,2.0,17.711259363742606,1.483979006080633,1.033979006080633,0,0,0
12.741466761,1787250385.462427378,1787250385.462344646,3.360442368032985,5.999550785688925,1.999735626969703,-0.07877291111966986,0.0,0.0,0.0,0.0,-0.030817023384879776,-0.02661857821357139,-0.040170892725005784,0.9983626904793969,2.5164815351778325,0.16925800996016335,0.0012268339135139798,26.981909219338576,20.0,0.0,2.0,17.688117137997065,1.486909541852864,1.036909541852864,0,0,0
12.751468897,1787250385.472429514,1787250385.472344398,3.385575366866773,6.001274307824614,1.9997481324822444,-0.07807146569261136,0.0,0.0,0.0,0.0,-0.03098863671991717,-0.02661012531487756,-0.039825232810735016,0.9983714521442099,2.510119567064675,0.17545111811742653,0.00127248336776615,27.00710124814372,20.0,0.0,2.0,17.665061541677606,1.4902532441567158,1.0402532441567158,0,0,0
12.761462688,1787250385.482423306,1787250385.482344866,3.4106447908088686,6.003059877136425,1.9997610405024646,-0.07733186164726179,0.0,0.0,0.0,0.0,-0.031085685071550195,-0.026583930287376933,-0.03945794655829005,0.9983837164575109,2.503767004930746,0.18166496309873933,0.0013075481833620336,27.032234183530832,20.0,0.0,2.0,17.642092682057417,1.4940044552424452,1.0440044552424452,0,0,0
12.771469116,1787250385.492429733,1787250385.492344618,3.435650746535881,6.0049076272219875,1.9997742540767711,-0.0765597252417976,0.0,0.0,0.0,0.0,-0.03111064758444033,-0.026542443382508003,-0.03907197911915905,0.9983992221320463,2.4974263213815213,0.18788485569467514,0.0013333452810177823,27.05730831715093,20.0,0.0,2.0,17.619210591089697,1.4981572598545927,1.0481572598545927,0,0,0
12.781466007,1787250385.502426624,1787250385.502344847,3.460593364645933,6.006817546723607,1.9997876703576085,-0.07576196528374665,0.0,0.0,0.0,0.0,-0.031064830550863842,-0.026485876259607088,-0.03867082896972589,0.9984177690968852,2.4910998568317413,0.1940965039754363,0.0013483292763811574,27.082323955673324,20.0,0.0,2.0,17.59641522965131,1.5027055151171362,1.0527055151171363,0,0,0
12.791505098,1787250385.512465715,1787250385.512348652,3.4854727987524456,6.008789483785486,1.9998011917426914,-0.07494642944767214,0.0,0.0,0.0,0.0,-0.030951113886585058,-0.02641402674762344,-0.03825850209599202,0.998439089157434,2.484789937597267,0.20028610335582295,0.0013541273736646085,27.107281418686703,20.0,0.0,2.0,17.573706489546282,1.5076428599087046,1.0576428599087047,0,0,0
12.801469088,1787250385.522429705,1787250385.522344351,3.5102892265458547,6.010823149974459,1.9998147174791274,-0.07411537184352544,0.0,0.0,0.0,0.0,-0.030767284194751717,-0.026328291847358454,-0.03783612257761148,0.9984631305661575,2.478498932539122,0.20644003167603364,0.0013496263791276273,27.132181038554066,20.0,0.0,2.0,17.551084193484122,1.5129627439925541,1.0629627439925542,0,0,0
12.811475039,1787250385.532435656,1787250385.532344580,3.5350428463503634,6.012918118719877,1.999828159717763,-0.0732692762200028,0.0,0.0,0.0,0.0,-0.030511699076601458,-0.026231513599297967,-0.03740399268420023,0.9984898022739286,2.4722286225803156,0.2125442291296802,0.0013371026261025443,27.157023155375388,20.0,0.0,2.0,17.52854809741746,1.5186584321863665,1.0686584321863666,0,0,0
12.821470499,1787250385.542431116,1787250385.542344332,3.5597338729208827,6.015073820221654,1.9998414238679063,-0.07241300910241967,0.0,0.0,0.0,0.0,-0.030180216985178802,-0.02612621698109078,-0.03696453057938264,0.998519002707525,2.4659804559341745,0.21858409997700307,0.0013143022553422745,27.18180811085262,20.0,0.0,2.0,17.506097892364455,1.5247230426984533,1.0747230426984533,0,0,0
12.831472874,1787250385.552433491,1787250385.552344561,3.584362531782924,6.017289536023372,1.9998544214401106,-0.07155454627487179,0.0,0.0,0.0,0.0,-0.029771749386713703,-0.026014920036533398,-0.03652179350142314,0.998550462156714,2.4597551961139006,0.22454455908781254,0.001283619614375825,27.206536240640247,20.0,0.0,2.0,17.483733207454918,1.5311495526348768,1.0811495526348769,0,0,0
12.841483116,1787250385.562443733,1787250385.562344551,3.6089290552400155,6.019564395937635,1.9998670647398453,-0.07070165018462858,0.0,0.0,0.0,0.0,-0.029284491716762274,-0.025898438383319233,-0.03607966873823059,0.9985839708997616,2.4535534411340114,0.23041036713064553,0.001243860040157574,27.231207868520272,20.0,0.0,2.0,17.461453612190102,1.5379308208169755,1.0879308208169756,0,0,0
12.851476192,1787250385.572436810,1787250385.572344303,3.6334336802281353,6.021897377053235,1.9998792790227082,-0.06986142395084906,0.0,0.0,0.0,0.0,-0.02872111754817674,-0.025776879136730626,-0.035641818604588524,0.9986192020361474,2.447375608005628,0.2361663017695049,0.0011975073311740493,27.255823302619284,20.0,0.0,2.0,17.43925861766563,1.5450595935615083,1.0950595935615084,0,0,0
12.861469984,1787250385.582430601,1787250385.582344532,3.657876649944946,6.0242873073111225,1.9998909872662594,-0.0690315183716783,0.0,0.0,0.0,0.0,-0.028085345334465665,-0.02564721872203894,-0.03520713487149193,0.9986560424908109,2.441222552067085,0.24179786806985845,0.0011433176978205913,27.28038283584566,20.0,0.0,2.0,17.41714767582018,1.5525285373646582,1.1025285373646583,0,0,0
12.871465206,1787250385.592425823,1787250385.592344522,3.6822582184123815,6.026732875350309,1.9999021347117736,-0.06820596773347072,0.0,0.0,0.0,0.0,-0.027385828455625958,-0.025505662651778702,-0.03477282271996717,0.9986943117754193,2.435095694250277,0.24729177154959786,0.0010852106509279219,27.304886749986714,20.0,0.0,2.0,17.39512017811248,1.560330234251473,1.1103302342514731,0,0,0
12.881461859,1787250385.602422476,1787250385.602344275,3.7065786596940953,6.029232644771976,1.9999126714561348,-0.06738648748868126,0.0,0.0,0.0,0.0,-0.026630390851149086,-0.02534661959952272,-0.03433986613383055,0.9987337707076409,2.4289976256941954,0.25263633032521743,0.0010215168855573654,27.329335325043797,20.0,0.0,2.0,17.373175451400538,1.56845721877093,1.11845721877093,0,0,0
12.891495228,1787250385.612455845,1787250385.612344265,3.730838278724135,6.0317850707357525,1.9999225569331296,-0.06657962144840526,0.0,0.0,0.0,0.0,-0.025829734697655322,-0.025165417045638194,-0.033911771632939146,0.9987740076389069,2.422931945304396,0.25782159758771866,0.0009547940249798173,27.35372885065011,20.0,0.0,2.0,17.351312753177382,1.576901994792779,1.126901994792779,0,0,0
12.901478767,1787250385.622439384,1787250385.622344255,3.755037422232553,6.034388519063434,1.9999317518017357,-0.06579155272429237,0.0,0.0,0.0,0.0,-0.02499190869369165,-0.02495685843644385,-0.03349179633218246,0.9988147272118454,2.4169033815255165,0.262839604345225,0.0008837833377903593,27.378067638094876,20.0,0.0,2.0,17.329531267657735,1.5856570644561243,1.1356570644561244,0,0,0
12.911475897,1787250385.632436514,1787250385.632344484,3.779176488610936,6.0370412836798,1.9999402265314268,-0.06502719998804825,0.0,0.0,0.0,0.0,-0.024126067789147578,-0.02471789576532183,-0.033082655261361234,0.9988555933681436,2.410917545389496,0.2676839078105052,0.0008099539328813639,27.402352031386677,20.0,0.0,2.0,17.307830102357123,1.5947149411016874,1.1447149411016875,0,0,0
12.921467781,1787250385.642428398,1787250385.642344475,3.8032559366071843,6.039741600778295,1.9999479278459973,-0.06427855233155702,0.0,0.0,0.0,0.0,-0.023233649772310197,-0.02444592919448923,-0.032680427153444144,0.998896683218612,2.404980740457136,0.2723492652108112,0.0007298741728877492,27.426582417011893,20.0,0.0,2.0,17.286208284697196,1.6040366401222579,1.154036640122258,0,0,0
12.931469917,1787250385.652430534,1787250385.652344465,3.8272762876070936,6.04248765558707,1.9999548234572622,-0.06353265424916156,0.0,0.0,0.0,0.0,-0.022315454237941415,-0.02414097673119739,-0.03227876968063552,0.9989380935636215,2.3990992057261886,0.2768306116170134,0.0006488897662059068,27.45075922670054,20.0,0.0,2.0,17.26466476209019,1.6135079026391559,1.163507902639156,0,0,0
12.941466331,1787250385.662426949,1787250385.662344694,3.85123812616143,6.045277582066877,1.999960897792923,-0.06278833570210313,0.0,0.0,0.0,0.0,-0.021367128293840836,-0.02380322739201765,-0.03187710689669205,0.9989798307524008,2.393279292264282,0.28112261915153236,0.0005659388673466222,27.474882937724434,20.0,0.0,2.0,17.243198401216393,1.6232591970903731,1.1732591970903732,0,0,0
12.951473475,1787250385.672434092,1787250385.672344446,3.8751420990493743,6.048109455926345,1.999966145346882,-0.062051775039141624,0.0,0.0,0.0,0.0,-0.02038618530216833,-0.023435269244840042,-0.03147863247351931,0.9990216650813157,2.387527047048911,0.28521902088113604,0.00048335636240639325,27.498954070994813,20.0,0.0,2.0,17.22180798632541,1.633283488005427,1.183283488005427,0,0,0
12.961466312,1787250385.682426929,1787250385.682344675,3.8989889113428826,6.050981288261955,1.9999705606624767,-0.061329437061756774,0.0,0.0,0.0,0.0,-0.01936761397008319,-0.023039158634729398,-0.031086614997461355,0.9990634189412149,2.381848057179715,0.2891131015262152,0.00039985162772369584,27.522973186237067,20.0,0.0,2.0,17.200492220538994,1.6435738341255,1.1935738341255,0,0,0
12.971477032,1787250385.692437649,1787250385.692348957,3.9227793211057964,6.053891018323535,1.999974148949284,-0.060627937726445376,0.0,0.0,0.0,0.0,-0.0183104588841411,-0.022618648571212888,-0.030704527214336325,0.9991047772084809,2.376247324965068,0.2927973161643565,0.000317716860923337,27.546940875708405,20.0,0.0,2.0,17.17924972809552,1.6541233880737325,1.2041233880737325,0,0,0
12.981474161,1787250385.702434778,1787250385.702344418,3.946514133431026,6.056836510052904,1.9999769131054237,-0.059956129577609124,0.0,0.0,0.0,0.0,-0.01721274049312077,-0.022176095911945422,-0.030336907558707098,0.9991454420526549,2.3707292544605747,0.29626413984184263,0.00023539622225525803,27.570857757722628,20.0,0.0,2.0,17.158079058512715,1.6649254154945803,1.2149254154945803,0,0,0
12.991494179,1787250385.712454796,1787250385.712348700,3.970194194556384,6.059815550755635,1.9999788668895544,-0.059322591005391306,0.0,0.0,0.0,0.0,-0.016077143168052158,-0.02171529981893219,-0.02998828123467892,0.999185004996531,2.36529766788887,0.2995059065641034,0.00015556716725109902,27.594724470571833,20.0,0.0,2.0,17.13697869141058,1.6759732893642247,1.2259732893642248,0,0,0
13.001448870,1787250385.722409487,1787250385.722344398,3.9938203847767637,6.062825854698719,1.9999800307255307,-0.05872341034582947,0.0,0.0,0.0,0.0,-0.014903693206574519,-0.021242572608567493,-0.02965689348745596,0.9992232491823075,2.359955424053095,0.3025155968691308,7.791978329804132e-05,27.618541665946474,20.0,0.0,2.0,17.115947044192144,1.6872604980091956,1.2372604980091957,0,0,0
13.011475086,1787250385.732435703,1787250385.732344627,4.017393605332033,6.065865065688238,1.9999804441552993,-0.0581491169507674,0.0,0.0,0.0,0.0,-0.013696322772738384,-0.02076667300214833,-0.029338299353420815,0.9992599362658227,2.354703816845727,0.30528625328406256,5.509048490802194e-06,27.64230999636653,20.0,0.0,2.0,17.094982484998365,1.6987806343227794,1.2487806343227794,0,0,0
13.021447659,1787250385.742408276,1787250385.742344618,4.040914762441303,6.068930763038021,1.9999801557267902,-0.05760045976796406,0.0,0.0,0.0,0.0,-0.012457027933037395,-0.020295248167511975,-0.029033059372793015,0.9992947547247262,2.349542562937288,0.30781187278147826,-6.22336139631122e-05,27.666030100330946,20.0,0.0,2.0,17.074083349527346,1.7105274018594738,1.2605274018594739,0,0,0
13.031462908,1787250385.752423525,1787250385.752344608,4.06438475221815,6.072020467480099,1.999979220973932,-0.05708400880505477,0.0,0.0,0.0,0.0,-0.011191611144953276,-0.019835503271567405,-0.02874467364891956,0.9993272959279963,2.344469957807726,0.3100868765654907,-0.00012384145627972022,27.689702588466723,20.0,0.0,2.0,17.05324795701002,1.722494612524282,1.272494612524282,0,0,0
13.041460276,1787250385.762420893,1787250385.762344599,4.0878044478091216,6.075131651177655,1.999977696310756,-0.05660606765601812,0.0,0.0,0.0,0.0,-0.009903892473521407,-0.01939125895638946,-0.02847639462252857,0.9993572869295851,2.3394832053803443,0.31210705285188745,-0.00018004762479991622,27.713328032545054,20.0,0.0,2.0,17.032474625573382,1.7346761873928531,1.2846761873928532,0,0,0
13.051448584,1787250385.772409201,1787250385.772344351,4.1111746915689436,6.07826174710864,1.9999756416549106,-0.056171451150742194,0.0,0.0,0.0,0.0,-0.008600562032029711,-0.018964614011869566,-0.02823074588585185,0.9993845099534225,2.3345790236465502,0.3138688790123588,-0.00023016870465542618,27.736906959538288,20.0,0.0,2.0,17.011761682694615,1.7470661515173418,1.2970661515173418,0,0,0
13.061444759,1787250385.782405376,1787250385.782344580,4.134496292364461,6.081408159074557,1.9999731064178048,-0.055776122497111974,0.0,0.0,0.0,0.0,-0.007278907952459431,-0.018553538335544573,-0.028005604727989172,0.9994090603041733,2.329754091026433,0.3153697162400368,-0.00027599086676343375,27.76043985095333,20.0,0.0,2.0,16.99110747111497,1.759658644806767,1.309658644806767,0,0,0
13.071454048,1787250385.792414665,1787250385.792345524,4.157770028194705,6.084568258880062,1.999970141698039,-0.055412080678780576,0.0,0.0,0.0,0.0,-0.005936346717311858,-0.018154550988603572,-0.027796877149868802,0.9994310910146679,2.325005623585467,0.3166058200886517,-0.00031613079390478395,27.783927145796845,20.0,0.0,2.0,16.970510345226167,1.7724479131730768,1.3224479131730769,0,0,0
13.081446409,1787250385.802407026,1787250385.802344561,4.180996653267522,6.087739379159596,1.9999668003186077,-0.05508068389093986,0.0,0.0,0.0,0.0,-0.004565688941799788,-0.017760929041921513,-0.02760507301928587,0.9994506810381663,2.3203317417042495,0.31757292990717806,-0.00035116554538164644,27.807369247393446,20.0,0.0,2.0,16.94996866172932,1.785428312462678,1.335428312462678,0,0,0
13.091483116,1787250385.812443733,1787250385.812348604,4.204176909865012,6.090918801136498,1.9999631392674366,-0.05478814881197617,0.0,0.0,0.0,0.0,-0.0031636934059258493,-0.017366176985712748,-0.027433245656566938,0.9994677703526416,2.315731944312798,0.3182651768465079,-0.0003801564111308986,27.83076653427539,20.0,0.0,2.0,16.92948076398796,1.7985943131469868,1.3485943131469869,0,0,0
13.101447821,1787250385.822408438,1787250385.822344303,4.2273115415186,6.094103746167635,1.9999592152446797,-0.05454084477388546,0.0,0.0,0.0,0.0,-0.0017259141206200765,-0.01696243619150232,-0.02728454488600314,0.999482291283473,2.3112070164602856,0.31867639434375084,-0.00040361088341899897,27.85411937290363,20.0,0.0,2.0,16.909044966497376,1.8119405116700573,1.3619405116700574,0,0,0
13.111465216,1787250385.832425833,1787250385.832344294,4.250401307111184,6.097291368726897,1.9999550892478553,-0.054343480162365905,0.0,0.0,0.0,0.0,-0.00025464086448554125,-0.016544218707436286,-0.02716145300022375,0.9994941117667013,2.3067591766538995,0.31879961110065475,-0.00042049529516880634,27.877428131551927,20.0,0.0,2.0,16.888659538998755,1.8254616351592092,1.3754616351592093,0,0,0
13.121446848,1787250385.842407465,1787250385.842344522,4.2734469914068764,6.100478760339252,1.9999508273793738,-0.05419235139135143,0.0,0.0,0.0,0.0,0.0012391319113202047,-0.01611046653096989,-0.027062408132166788,0.9995031483123746,2.3023912447057175,0.3186294830497292,-0.00043074497957108006,27.900693192224765,20.0,0.0,2.0,16.868322697881307,1.8391525475780084,1.3891525475780084,0,0,0
13.131446123,1787250385.852406740,1787250385.852344275,4.296449407462859,6.10366297152258,1.9999464972122545,-0.05407964369653135,0.0,0.0,0.0,0.0,0.00273502422142522,-0.015664783360157752,-0.026983909442573988,0.9995093810645214,2.2981059097353373,0.31816347957691793,-0.0004341161424272409,27.923914957102202,20.0,0.0,2.0,16.848032611707872,1.8530082549005094,1.4030082549005094,0,0,0
13.141443014,1787250385.862403631,1787250385.862344265,4.319409391091571,6.106841049856179,1.9999421691226835,-0.054005827400472245,0.0,0.0,0.0,0.0,0.004211471820929718,-0.015212049289244207,-0.026926546716825508,0.9995127903851105,2.2939049995340124,0.31740356872815373,-0.0004303064686160446,27.9470938494152,20.0,0.0,2.0,16.827787420090026,1.8670239015261096,1.4170239015261097,0,0,0
13.151445866,1787250385.872406483,1787250385.872344255,4.342327792054279,6.110010083015393,1.9999379140584947,-0.0539754710290735,0.0,0.0,0.0,0.0,0.005645330676772681,-0.014758880627601367,-0.026892897979711068,0.9995134204813976,2.289789417141441,0.3163558725728983,-0.00041960277583165433,27.97023031180592,20.0,0.0,2.0,16.807585257552027,1.881194767383922,1.431194767383922,0,0,0
13.161442280,1787250385.882402897,1787250385.882344484,4.365205462925351,6.11316724290915,1.999933798673978,-0.053993150950004114,0.0,0.0,0.0,0.0,0.0070185104732387316,-0.014310521685405368,-0.026885402991304194,0.9995114429489158,2.285758864668292,0.3150309323690069,-0.000402438742071269,27.99332480249128,20.0,0.0,2.0,16.78742428011812,1.8955162653078155,1.4455162653078155,0,0,0
13.171445370,1787250385.892405987,1787250385.892344236,4.3880432491980015,6.116309822200632,1.9999298843758702,-0.05406236237910579,0.0,0.0,0.0,0.0,0.008316297778174019,-0.013871870408332439,-0.026905857186517782,0.999507121161074,2.281812229113783,0.313442263107114,-0.0003795536788304567,28.016377791489678,20.0,0.0,2.0,16.76730268811821,1.9099839355892085,1.4599839355892086,0,0,0
13.181463957,1787250385.902424574,1787250385.902344465,4.410841980945271,6.119435262175067,1.9999262247336094,-0.05418798148479026,0.0,0.0,0.0,0.0,0.009532032214898664,-0.013444793285191744,-0.026956623715206313,0.9995007345336218,2.277947632072098,0.3116057897403686,-0.00035153830751787535,28.039389757023084,20.0,0.0,2.0,16.74721874450957,1.924593442320315,1.474593442320315,0,0,0
13.191485643,1787250385.912446260,1787250385.912348270,4.433602468673265,6.122541166859816,1.9999228684145232,-0.054373395221919696,0.0,0.0,0.0,0.0,0.010663670299692386,-0.013030160284428048,-0.027039259274183696,0.9994925610111388,2.274163072930429,0.3095380035160856,-0.00031920815784349394,28.062361183987726,20.0,0.0,2.0,16.727170784359725,1.939340567651746,1.489340567651746,0,0,0
13.201482296,1787250385.922442913,1787250385.922348976,4.456325502129133,6.125625306695286,1.9999198481724207,-0.05461100311328543,0.0,0.0,0.0,0.0,0.011714722712684433,-0.012627154538131099,-0.027149782007702537,0.9994829711290579,2.2704564469338435,0.3072554918016854,-0.0002845104330490771,28.08529256373433,20.0,0.0,2.0,16.707157217797743,1.9542212182186127,1.5042212182186128,0,0,0
13.211443663,1787250385.932404280,1787250385.932344437,4.479011851080175,6.1286856123067075,1.999917185183465,-0.0548875067140161,0.0,0.0,0.0,0.0,0.012690877674282803,-0.012234887569548929,-0.02728135271476514,0.9994723492643853,2.2668258514676314,0.30477363448982997,-0.0002475035105014879,28.10818439429144,20.0,0.0,2.0,16.687176527509475,1.9692314206359134,1.5192314206359134,0,0,0
13.221466541,1787250385.942427158,1787250385.942347527,4.501662266755041,6.131720161879303,1.9999149117610147,-0.055198675335877696,0.0,0.0,0.0,0.0,0.013601756309347027,-0.011850312890125432,-0.027431667836262823,0.9994608876336424,2.2632695721505187,0.3021064381433004,-0.0002065629391699903,28.13103718025992,20.0,0.0,2.0,16.667227263242125,1.9682809233444545,1.5182809233444545,0,0,0
13.231455564,1787250385.952416182,1787250385.952344418,4.524277486917591,6.134727163036971,1.9999130645918477,-0.055544810573692545,0.0,0.0,0.0,0.0,0.014457311857411777,-0.011470548624763396,-0.027600712866244916,0.9994486546578466,2.259786614248541,0.2992657848186679,-0.000162366555671422,28.15385143550472,20.0,0.0,2.0,16.64730803086154,1.9654231674165843,1.5154231674165843,0,0,0
13.241460323,1787250385.962420940,1787250385.962344408,4.54685824171835,6.137704932785408,1.9999116739840546,-0.05592622298289754,0.0,0.0,0.0,0.0,0.015269104495666774,-0.011091204452972497,-0.027788512901168308,0.9994356598513104,2.2563765008120207,0.296261600474262,-0.00011534659179595987,28.17662768633712,20.0,0.0,2.0,16.627417479912143,1.9628548419446636,1.5128548419446637,0,0,0
13.251447439,1787250385.972408056,1787250385.972344398,4.5694052609924505,6.140651875446873,1.9999107640318214,-0.05634211822132447,0.0,0.0,0.0,0.0,0.016046531019403253,-0.010709014496020687,-0.027994577043667687,0.9994218976522945,2.253039606959737,0.29310150373776267,-6.641219520937288e-05,28.19936647588328,20.0,0.0,2.0,16.60755428902401,1.9595873566229476,1.5095873566229476,0,0,0
13.261446714,1787250385.982407331,1787250385.982344627,4.591919280371932,6.143566464369759,1.9999103491117494,-0.056790901330715474,0.0,0.0,0.0,0.0,0.01679403865585065,-0.010321908860623868,-0.028218066461849912,0.9994074040091225,2.249776684467162,0.28979183775732265,-1.647018204399721e-05,28.22206836781724,20.0,0.0,2.0,16.587717153747835,1.956450606712279,1.5064506067122791,0,0,0
13.271442890,1787250385.992403507,1787250385.992344618,4.61440104465731,6.146447233135369,1.9999104350708155,-0.05726995523330015,0.0,0.0,0.0,0.0,0.017511144875787775,-0.009930234723728388,-0.028457645921245618,0.9993922716491718,2.2465887368277353,0.2863384767048148,3.3599688883919514e-05,28.24473394864085,20.0,0.0,2.0,16.567904780399406,1.9536062305958612,1.5036062305958613,0,0,0
13.281446218,1787250386.002406836,1787250386.002344608,4.63685130769646,6.149292775873411,1.9999110198334575,-0.05777973891482936,0.0,0.0,0.0,0.0,0.018194984114536336,-0.009534396221953583,-0.028713535246828785,0.9993765910483313,2.2434765720827055,0.28274772325830866,8.329048336984546e-05,28.26736382765827,20.0,0.0,2.0,16.548115886503645,1.9510556620344175,1.5010556620344175,0,0,0
13.291474581,1787250386.012435198,1787250386.012348413,4.6592708311713,6.152101752769999,1.9999120987284786,-0.05832139368705544,0.0,0.0,0.0,0.0,0.018840750556472413,-0.009136179821523548,-0.02898627808451574,0.9993604715114285,2.240440905298108,0.27902656547238736,0.00013229065491955288,28.289958636469333,20.0,0.0,2.0,16.52834920418594,1.9483243890773116,1.4983243890773117,0,0,0
13.301469088,1787250386.022429705,1787250386.022344351,4.681660381955956,6.154872899140284,1.999913661733491,-0.05889661524076339,0.0,0.0,0.0,0.0,0.019444002622660106,-0.008736415827237746,-0.02927669831948572,0.9993440252165484,2.2374820919592953,0.2751830134183161,0.0001801339448180118,28.312519027400946,20.0,0.0,2.0,16.508603486236005,1.945213937992837,1.495213937992837,0,0,0
13.311438322,1787250386.032398939,1787250386.032344341,4.704020730170769,6.15760503422915,1.9999156956292532,-0.05950643874214991,0.0,0.0,0.0,0.0,0.020000149445899777,-0.008336723779085977,-0.02958526461571237,0.9993273763769265,2.2346004087327866,0.27122587431468875,0.00022590300209513874,28.335045672481122,20.0,0.0,2.0,16.488877511453502,1.942399510886984,1.492399510886984,0,0,0
13.321446180,1787250386.042406797,1787250386.042344093,4.726352646854668,6.1602970722303,1.9999181645877018,-0.0601565123315937,0.0,0.0,0.0,0.0,0.020498062578716017,-0.007939128269252464,-0.029914779306716554,0.9993107152692169,2.231795734585992,0.2671655030654578,0.0002673357235151918,28.357539262178456,20.0,0.0,2.0,16.46917009120586,1.939882317724567,1.489882317724567,0,0,0
13.331442356,1787250386.052402973,1787250386.052344561,4.7486568998412215,6.162948042405734,1.999921032406057,-0.06085292610895238,0.0,0.0,0.0,0.0,0.020924938855497212,-0.007546780750051186,-0.030268231015273286,0.9992942645814648,2.2290675295353064,0.26301465114196376,0.00030551846559080377,28.380000503292507,20.0,0.0,2.0,16.449480081096464,1.9376633564612027,1.4876633564612027,0,0,0
13.341443300,1787250386.062403917,1787250386.062344551,4.7709342488458155,6.165557114292462,1.9999242602256655,-0.06159823807324562,0.0,0.0,0.0,0.0,0.021268435605923005,-0.007161708291493337,-0.03064684016452288,0.9992783069641582,2.2264147440000612,0.25878858657926684,0.00033941404296939867,28.402430116423396,20.0,0.0,2.0,16.429806395338815,1.934661621225236,1.4846616212252361,0,0,0
13.351443052,1787250386.072403669,1787250386.072344780,4.793185441864221,6.16812362114967,1.999927808529696,-0.06239122733649355,0.0,0.0,0.0,0.0,0.021520395943839726,-0.006785894895275197,-0.031049894525001873,0.9992630926031828,2.2238360840960474,0.2545046598377545,0.0003695060357189836,28.424828834261273,20.0,0.0,2.0,16.41014801933628,1.931888781239359,1.481888781239359,0,0,0
13.361441612,1787250386.082402229,1787250386.082344532,4.815411212467343,6.170647076107162,1.999931636218292,-0.06323037210171707,0.0,0.0,0.0,0.0,0.021677238839053332,-0.0064192828763142695,-0.031476540906073006,0.9992487765798149,2.2213300212069416,0.2501813277940478,0.00039544267148833176,28.44719739967071,20.0,0.0,2.0,16.390504018760556,1.9294148546069347,1.4794148546069348,0,0,0
13.371442556,1787250386.092403173,1787250386.092344522,4.837612279788989,6.173127178384492,1.9999357065084356,-0.06411243741984214,0.0,0.0,0.0,0.0,0.0217417077675769,-0.006061435269343909,-0.031925044492028175,0.9992353820196755,2.2188952036859635,0.24583715710151174,0.00041800197301110115,28.46953656514513,20.0,0.0,2.0,16.370873542442645,1.9272402585418922,1.4772402585418922,0,0,0
13.381460428,1787250386.102421045,1787250386.102344275,4.859789350018426,6.175563808180543,1.9999399848015371,-0.06503327296830781,0.0,0.0,0.0,0.0,0.021721441103173717,-0.005709856064364619,-0.03239324377299955,0.9992228251486196,2.2165304589268375,0.24148960419460028,0.00043717869669206096,28.491847092414297,20.0,0.0,2.0,16.3512558196099,1.9248566264156821,1.4748566264156822,0,0,0
13.391474485,1787250386.112435102,1787250386.112349987,4.8819431205306625,6.177957011092776,1.999944441233602,-0.06598710494461964,0.0,0.0,0.0,0.0,0.02162894109435624,-0.005362401041294511,-0.032878150196279335,0.9992109190765882,2.214235180856669,0.23715414093605267,0.00045359848957262836,28.51412975356479,20.0,0.0,2.0,16.331650150700245,1.9221281890230477,1.4721281890230478,0,0,0
13.401472092,1787250386.122432709,1787250386.122344494,4.904074283412894,6.180306974363936,1.99994904764492,-0.06696981851297582,0.0,0.0,0.0,0.0,0.021476957546174062,-0.005019572787877647,-0.033377564752011465,0.9991994207138094,2.2120088265399103,0.23284361228412614,0.00046732794583112064,28.536385330823418,20.0,0.0,2.0,16.312055895584823,1.9196977311258694,1.4696977311258694,0,0,0
13.411425352,1787250386.132385969,1787250386.132344484,4.926183523863304,6.182614001217302,1.9999537813116646,-0.0679769802551815,0.0,0.0,0.0,0.0,0.02127925760510282,-0.004684255791512151,-0.03388909370085438,0.9991880605129297,2.209850483270118,0.2285683491344476,0.0004790011688381172,28.5586146112572,20.0,0.0,2.0,16.292472465725837,1.9175651501947624,1.4675651501947624,0,0,0
13.421443701,1787250386.142404318,1787250386.142344236,4.948271514424218,6.184878484670544,1.9999586198516337,-0.0690036313191476,0.0,0.0,0.0,0.0,0.021048323082794685,-0.004359538736526103,-0.034410104518977205,0.9991766146304667,2.2077585264978548,0.22433601451343893,0.0004883844453559609,28.58081837750846,20.0,0.0,2.0,16.27289931989215,1.915730150937175,1.465730150937175,0,0,0
13.431444168,1787250386.152404785,1787250386.152344704,4.9703389082031615,6.18710088273938,1.9999635431053435,-0.07004351614862843,0.0,0.0,0.0,0.0,0.02079610169121579,-0.0040487524295575675,-0.03493733519143072,0.9991649074942206,2.2057306851648053,0.220151966937245,0.0004959325109938556,28.602997397901834,20.0,0.0,2.0,16.253335961235628,1.9131294451600749,1.463129445160075,0,0,0
13.441461325,1787250386.162421942,1787250386.162344694,4.992386332223935,6.189281695657177,1.9999685324241192,-0.07109120105711068,0.0,0.0,0.0,0.0,0.020532104438879376,-0.0037535846634377695,-0.035467996986119174,0.9991528233855309,2.203764071382197,0.21601936776111447,0.0005016869429251068,28.625152417103532,20.0,0.0,2.0,16.23378193491603,1.9107338551562985,1.4607338551562985,0,0,0
13.451429367,1787250386.172389984,1787250386.172344446,5.014414383403064,6.191421446962864,1.9999735710604105,-0.07214136169083654,0.0,0.0,0.0,0.0,0.020263923224923423,-0.003475007861516787,-0.035999390616127,0.9991403012646244,2.2018555791160717,0.21193979240878794,0.0005054183805430257,28.647284149972613,20.0,0.0,2.0,16.21423682468488,1.9086333656285928,1.4586333656285928,0,0,0
13.461442471,1787250386.182403088,1787250386.182344675,5.036423626382188,6.193520670768868,1.9999786293494977,-0.07319586437857985,0.0,0.0,0.0,0.0,0.019990278846051025,-0.003214083124127664,-0.03653244110155342,0.9991273388154734,2.200001855690922,0.20791404000455582,0.0005059012893264193,28.66939327801259,20.0,0.0,2.0,16.194700250044495,1.906827618934014,1.4568276189340141,0,0,0
13.471444607,1787250386.192405224,1787250386.192344189,5.058414591319853,6.195579912418799,1.9999836838607108,-0.07425866640083696,0.0,0.0,0.0,0.0,0.01970601269186923,-0.002971897842101143,-0.037069126915450036,0.9991139678318637,2.198199367547076,0.20394371741154807,0.0005045331519837828,28.691480447152397,20.0,0.0,2.0,16.17517186852483,1.904874447697194,1.454874447697194,0,0,0
13.481445789,1787250386.202406406,1787250386.202344179,5.080387772490907,6.197599739362394,1.9999887097735605,-0.07532927296021553,0.0,0.0,0.0,0.0,0.019402287965104997,-0.0027482480003416785,-0.037609231562067226,0.9991003673585345,2.1964445180534637,0.20003174346802982,0.0005002398294184322,28.713546267257662,20.0,0.0,2.0,16.155651381133204,1.9025017316536148,1.4525017316536148,0,0,0
13.491449356,1787250386.212409973,1787250386.212344646,5.102343629223877,6.199580757422054,1.9999936813533084,-0.07640340577229766,0.0,0.0,0.0,0.0,0.01907128797380063,-0.002542163251502521,-0.038150654531557096,0.9990867584648677,2.194733939429185,0.19618284082339718,0.0004936114984664183,28.735591314369156,20.0,0.0,2.0,16.136138537753205,1.900421069276591,1.450421069276591,0,0,0
13.501468897,1787250386.222429514,1787250386.222344398,5.124282588823194,6.201523626373366,1.9999985734775314,-0.0774775244714572,0.0,0.0,0.0,0.0,0.018705908794801322,-0.002350899705753088,-0.03869169164770184,0.9990733282618315,2.1930646531520788,0.19240304820057452,0.00048450762898994744,28.757616134731542,20.0,0.0,2.0,16.11663314050605,1.8986320439713276,1.4486320439713276,0,0,0
13.511445999,1787250386.232406616,1787250386.232344866,5.146205052331244,6.203429072784855,2.0000033639504657,-0.07854839370598703,0.0,0.0,0.0,0.0,0.01830272359786069,-0.002171487276034491,-0.03923078382103521,0.9990601786442584,2.191434395097488,0.1886995918156019,0.00047256190207039834,28.779621251301048,20.0,0.0,2.0,16.09713504349372,1.8971340607905962,1.4471340607905963,0,0,0
13.521446705,1787250386.242407322,1787250386.242344856,5.168111400280253,6.205297898940897,2.0000080069983937,-0.07962399568985008,0.0,0.0,0.0,0.0,0.01785587417945986,-0.0020048019180921623,-0.0397719068351278,0.9990472180799337,2.189841184333029,0.18508040581286575,0.00045568221443341396,28.801607169822283,20.0,0.0,2.0,16.077644151092567,1.8949708092719026,1.4449708092719027,0,0,0
13.531443834,1787250386.252404451,1787250386.252345324,5.1900019915158015,6.207130991578691,2.000012475646761,-0.08071564499250641,0.0,0.0,0.0,0.0,0.017362014111556873,-0.0018538148852985587,-0.04032066282465682,0.9990342176250729,2.188282604955902,0.18155442267255237,0.0004378730854959299,28.823574377956895,20.0,0.0,2.0,16.058160422603773,1.8928957931438937,1.4428957931438937,0,0,0
13.541429281,1787250386.262389898,1787250386.262326717,5.211877157878187,6.208929329389431,2.0000167606043924,-0.081825574815783,0.0,0.0,0.0,0.0,0.016818920564378906,-0.0017220911505070166,-0.04087811302487585,0.9990210899618907,2.1867556514801225,0.17813106288979016,0.0004190240158632961,28.845523340133372,20.0,0.0,2.0,16.03868388027266,1.8911083511282665,1.4411083511282665,0,0,0
13.551450491,1787250386.272411108,1787250386.272344828,5.233737197826418,6.210693987210194,2.0000208550813308,-0.08294913231763969,0.0,0.0,0.0,0.0,0.016229166690685182,-0.0016126181041916262,-0.041441895419005975,0.9990077992265407,2.1852566677698357,0.17481996415865791,0.0003997640134133008,28.867454491049987,20.0,0.0,2.0,16.019214617017244,1.8896075950344364,1.4396075950344365,0,0,0
13.561445713,1787250386.282406330,1787250386.282344818,5.255582370852513,6.2124261319776215,2.000024754577418,-0.08408168525682463,0.0,0.0,0.0,0.0,0.01559765314332385,-0.001526747576459832,-0.04200969673599654,0.9989942780809147,2.1837815660120663,0.17162983403131823,0.0003801557179686268,28.88936822932627,20.0,0.0,2.0,15.999752800234337,1.888096790602,1.4380967906020001,0,0,0
13.571465731,1787250386.292426348,1787250386.292344809,5.277412894713225,6.214127012460182,2.0000284592944118,-0.08521745484251288,0.0,0.0,0.0,0.0,0.014933674375339769,-0.0014639876941295873,-0.0425786663356213,0.9989804298797662,2.1823261415505377,0.16856818363466242,0.0003607963603363893,28.911264913554117,20.0,0.0,2.0,15.980298670567882,1.886008629537763,1.436008629537763,0,0,0
13.581486702,1787250386.302447319,1787250386.302349329,5.299228946042997,6.215797941934627,2.000031970888093,-0.08634916721506333,0.0,0.0,0.0,0.0,0.014247851234577604,-0.0014215053503357077,-0.04314524499387717,0.9989661985733825,2.1808864490168447,0.16564036009430874,0.0003415929169531352,28.933144861297727,20.0,0.0,2.0,15.960852534775231,1.8842025976498735,1.4342025976498736,0,0,0
13.591483831,1787250386.312444448,1787250386.312355995,5.3210306650772505,6.217440276666815,2.000035292876486,-0.08746859324815145,0.0,0.0,0.0,0.0,0.013552861841549064,-0.0013953590710183174,-0.04370540667818879,0.9989515555501483,2.179459190722378,0.16284953792680237,0.00032282453969253744,28.955008352035865,20.0,0.0,2.0,15.941414753112936,1.8826775693921156,1.4326775693921157,0,0,0
13.601465225,1787250386.322425842,1787250386.322344780,5.342818161348345,6.219055392436761,2.0000384295629026,-0.0885745218688404,0.0,0.0,0.0,0.0,0.012856225313666722,-0.0013868547242286608,-0.044258558541833616,0.9989364214505632,2.1780413471666664,0.16019662730121886,0.0003047498708090748,28.97685563110105,20.0,0.0,2.0,15.92198572499591,1.8814322820267835,1.4314322820267835,0,0,0
13.611445189,1787250386.332405806,1787250386.332344055,5.364591511184138,6.220644668750372,2.0000413932232775,-0.08966816750236033,0.0,0.0,0.0,0.0,0.012163738294563018,-0.0013994426282439337,-0.04480529802360951,0.9989207027087021,2.1766292355356853,0.1576815257265448,0.00028813351524608125,28.998686906168167,20.0,0.0,2.0,15.902565885135305,1.8796892467847282,1.4296892467847282,0,0,0
13.621442318,1787250386.342402935,1787250386.342344284,5.386350750547277,6.222209478780367,2.0000441943799787,-0.09074637997930146,0.0,0.0,0.0,0.0,0.011477719379936939,-0.0014375507608376569,-0.04534404224432735,0.9989044565115275,2.1752184342348557,0.1553031858949084,0.00027223528848238605,29.020502339602753,20.0,0.0,2.0,15.88315570615007,1.8778405099448898,1.4278405099448899,0,0,0
13.631443262,1787250386.352403879,1787250386.352344513,5.408095866665272,6.223751184385143,2.0000468410725074,-0.09180279356646424,0.0,0.0,0.0,0.0,0.01080027934162239,-0.0015043127945280072,-0.04587162699973064,0.9988878239550009,2.1738036645890295,0.15306038757443954,0.0002572580455316326,29.04230204001725,20.0,0.0,2.0,15.863755704238535,1.8762666636881704,1.4262666636881705,0,0,0
13.641462326,1787250386.362422943,1787250386.362344027,5.429826791748727,6.225271132814074,2.0000493430795747,-0.09283205624439884,0.0,0.0,0.0,0.0,0.01013184002743988,-0.001601014706320954,-0.04638542159025783,0.9988709502400511,2.172379261803606,0.1509514919696212,0.00024335001203906355,29.06408605604895,20.0,0.0,2.0,15.84436644356366,1.8749665037052663,1.4249665037052663,0,0,0
13.651445866,1787250386.372406483,1787250386.372344494,5.451543400685868,6.226770655341242,2.000051711978513,-0.09382952967487768,0.0,0.0,0.0,0.0,0.009473849625535833,-0.0017264331781818635,-0.04688317613962598,0.9988539599945604,2.170939512732514,0.14897490081178522,0.00023051645111641506,29.0858543742465,20.0,0.0,2.0,15.824988537721595,1.8738563583003414,1.4238563583003414,0,0,0
13.661442995,1787250386.382403612,1787250386.382344484,5.473245512489577,6.2282510648470675,2.000053956594822,-0.09479783555708979,0.0,0.0,0.0,0.0,0.008828448801153372,-0.0018808628504672928,-0.04736624617060505,0.9988368032718903,2.1694788935583156,0.1471285108367229,0.0002186946605922987,29.107606920628108,20.0,0.0,2.0,15.805622647339275,1.8719405198324681,1.4219405198324682,0,0,0
13.671444178,1787250386.392404795,1787250386.392344236,5.494932890015541,6.229713651144285,2.0000560927106763,-0.09574216239468843,0.0,0.0,0.0,0.0,0.008199599184586353,-0.002063715779130266,-0.04783727008208346,0.9988193546590338,2.1679917299065257,0.1454097536355249,0.00020886114384075394,29.129343560368266,20.0,0.0,2.0,15.786269478364824,1.870293595236164,1.420293595236164,0,0,0
13.681446075,1787250386.402406693,1787250386.402344465,5.516605240532877,6.231159673801301,2.000058140147322,-0.09666298585882682,0.0,0.0,0.0,0.0,0.007591496507786456,-0.0022734943075720117,-0.048296531178958844,0.9988016046645528,2.1664726041293783,0.1438151433430677,0.0002009345739230663,29.151064098176132,20.0,0.0,2.0,15.766929778569684,1.8689144785227743,1.4189144785227743,0,0,0
13.691443205,1787250386.412403822,1787250386.412344694,5.538262218576005,6.232590353678354,2.000060117264623,-0.09755738366911786,0.0,0.0,0.0,0.0,0.007009179478384326,-0.002506575091320616,-0.048742618549742656,0.9987836330363377,2.1649164588571277,0.1423403863650371,0.0001947777968880578,29.172768280878554,20.0,0.0,2.0,15.747604331422757,1.867801973679281,1.417801973679281,0,0,0
13.701472759,1787250386.422433376,1787250386.422344208,5.559903432349518,6.234006863152942,2.0000620415409816,-0.09842336417707301,0.0,0.0,0.0,0.0,0.0064572505559584254,-0.002757649671680835,-0.04917458185126586,0.9987655179186449,2.1633191376589336,0.14098009563511754,0.00019035907201532965,29.19445580347532,20.0,0.0,2.0,15.728293946158253,1.866424266167516,1.4164242661675162,0,0,0
13.711447001,1787250386.432407618,1787250386.432344198,5.581528453725947,6.235410316490605,2.0000639287384785,-0.09925957179499893,0.0,0.0,0.0,0.0,0.00594003551033042,-0.0030201620999359387,-0.04959177770680313,0.9987473405135581,2.1616775813722766,0.1397280408111874,0.00018707805588487407,29.216126318798302,20.0,0.0,2.0,15.708999444579492,1.864681556996884,1.414681556996884,0,0,0
13.721450806,1787250386.442411423,1787250386.442344427,5.603136829107617,6.2368017614777695,2.000065783966248,-0.10007208761542605,0.0,0.0,0.0,0.0,0.005459442140512702,-0.0032939671064677366,-0.04999722575983684,0.9987290031277433,2.1599895309702735,0.1385772426630505,0.00018415763159479017,29.237779448115546,20.0,0.0,2.0,15.689721647553126,1.863201261850857,1.4132012618508571,0,0,0
13.731442690,1787250386.452403307,1787250386.452344179,5.624728080292455,6.238182175191599,2.0000676172064074,-0.10086940147411123,0.0,0.0,0.0,0.0,0.0050159563456945895,-0.003581210805413826,-0.05039513528348172,0.9987103411154131,2.158252264290607,0.13752059198977273,0.0001828027141136353,29.259414782018883,20.0,0.0,2.0,15.670461372307534,1.86198241679997,1.41198241679997,0,0,0
13.741443157,1787250386.462403774,1787250386.462344646,5.646301699891024,6.239552463458391,2.000069446177942,-0.10165446412694876,0.0,0.0,0.0,0.0,0.004608587510530884,-0.0038857321899654776,-0.0507869457630994,0.9986913177486634,2.156462607311754,0.13655100265850595,0.00018326899430719717,29.28103187608499,20.0,0.0,2.0,15.651219436185277,1.8610239968091866,1.4110239968091867,0,0,0
13.751443624,1787250386.472404242,1787250386.472344398,5.667857144609974,6.240913463078996,2.000071287426307,-0.10242610916600628,0.0,0.0,0.0,0.0,0.00423572042154591,-0.004209970109982384,-0.05117205315098919,0.9986719961030728,2.154616606675198,0.1356617690926459,0.0001852198547781596,29.3026302445509,20.0,0.0,2.0,15.631996663447376,1.8593647641344,1.4093647641344,0,0,0
13.761443377,1787250386.482403994,1787250386.482344627,5.6893938303907445,6.2422659453324,2.0000731552908775,-0.10318355969455446,0.0,0.0,0.0,0.0,0.003895470260568817,-0.004554862779889154,-0.05155005720498761,0.9986524270929641,2.1527101065921346,0.13484650072471818,0.00018855997912826467,29.324209355889284,20.0,0.0,2.0,15.612793890885346,1.857764712591466,1.407764712591466,0,0,0
13.771442413,1787250386.492403030,1787250386.492344379,5.710911131147573,6.243610619686554,2.0000750621175007,-0.10392559165762032,0.0,0.0,0.0,0.0,0.0035860668477396894,-0.004918267000948609,-0.05192034681723245,0.9986326793975097,2.150738963329388,0.13409921558711393,0.00019297843375351694,29.345768631958173,20.0,0.0,2.0,15.593611970222273,1.8564218298201862,1.4064218298201863,0,0,0
13.781470060,1787250386.502430677,1787250386.502344608,5.732408382865788,6.244948137066148,2.000077018060098,-0.10465035772126559,0.0,0.0,0.0,0.0,0.003306342188686426,-0.0052954796943189076,-0.0522820040083428,0.9986128469296848,2.1486998137471627,0.13341416326183878,0.00019833490065282553,29.367307452445903,20.0,0.0,2.0,15.574451765436116,1.8553353203777925,1.4053353203777925,0,0,0
13.791446686,1787250386.512407303,1787250386.512344122,5.753884893016677,6.24627909173311,2.0000790308742054,-0.10535529516350331,0.0,0.0,0.0,0.0,0.003055147546886416,-0.005679861266655794,-0.052633756180582296,0.9985930567352156,2.146590391130995,0.13278575231724113,0.0002043756431774968,29.38882516451383,20.0,0.0,2.0,15.555314144673728,1.8542948112294062,1.4042948112294062,0,0,0
13.801470280,1787250386.522430897,1787250386.522344351,5.775339951590934,6.247604023852054,2.0000811088968637,-0.10603904981656888,0.0,0.0,0.0,0.0,0.0028268782928792453,-0.006072985360197448,-0.05297492480896733,0.9985733748450417,2.144409189564582,0.13220892286906713,0.00021136809663273653,29.410321094078814,20.0,0.0,2.0,15.53619997097862,1.8525604982532988,1.4025604982532989,0,0,0
13.811443806,1787250386.532404423,1787250386.532344341,5.79677282984246,6.248923429981181,2.000083260579277,-0.10670049727167964,0.0,0.0,0.0,0.0,0.002614108437690204,-0.006479244719299525,-0.053304956186756125,0.9985538380432332,2.1421538902819446,0.13168007276939436,0.0002191164232766939,29.431794545299056,20.0,0.0,2.0,15.517110107484621,1.851079766817946,1.401079766817946,0,0,0
13.821443796,1787250386.542404413,1787250386.542344570,5.818182772167696,6.250237777997738,2.000085494285372,-0.10733846924898864,0.0,0.0,0.0,0.0,0.002408990137080154,-0.006905132001316616,-0.05362328373371334,0.998534455770144,2.1398213637866275,0.1311970892988483,0.00022774556770946696,29.453244793457714,20.0,0.0,2.0,15.49804543071353,1.8498519678018306,1.3998519678018306,0,0,0
13.831441641,1787250386.552402258,1787250386.552344561,5.839568985194171,6.251547522710503,2.000087817394341,-0.10795146094446563,0.0,0.0,0.0,0.0,0.002205105588697191,-0.0073550457890935485,-0.05392918547189347,0.9985152396258763,2.137407260960327,0.13075941753367368,0.00023699455478537048,29.47467107508153,20.0,0.0,2.0,15.479006846742287,1.8488763258428087,1.3988763258428087,0,0,0
13.841468334,1787250386.562428951,1787250386.562344551,5.860930629555549,6.252853118848409,2.000090236555473,-0.10853866351558848,0.0,0.0,0.0,0.0,0.001998352625986893,-0.007831271649334079,-0.05422228923522254,0.9984961798230519,2.134906790414087,0.13036751933159804,0.0002469237059173185,29.496072580564782,20.0,0.0,2.0,15.459995303889176,1.8475604025608707,1.3975604025608708,0,0,0
13.851446867,1787250386.572407484,1787250386.572344542,5.882266816478921,6.25415502916979,2.0000927570258167,-0.1090994726071866,0.0,0.0,0.0,0.0,0.001787613708768246,-0.00833192015820613,-0.0545023225629341,0.998477280852675,2.1323150015650203,0.1300224330482994,0.00025724080660584174,29.51744845129013,20.0,0.0,2.0,15.441011799055977,1.8459305356354232,1.3959305356354232,0,0,0
13.861442089,1787250386.582402706,1787250386.582344770,5.903576610917728,6.255453726171575,2.0000953828113026,-0.1096347177796602,0.0,0.0,0.0,0.0,0.0015765845894052037,-0.008853523110969543,-0.05476969323825773,0.9984585170211846,2.1296276249984762,0.12972490627293295,0.00026796130604594026,29.538797782891407,20.0,0.0,2.0,15.42205737551373,1.8445501251343,1.3945501251343,0,0,0
13.871446133,1787250386.592406750,1787250386.592344284,5.9248590384861695,6.2567496847971675,2.000098116577087,-0.11014567530320614,0.0,0.0,0.0,0.0,0.0013720158255396031,-0.00938954105734768,-0.05502500318297782,0.9984398845779451,2.1268411639632427,0.12947457673440424,0.00027880298608144244,29.56011963176618,20.0,0.0,2.0,15.403133113568837,1.8434183213431827,1.3934183213431828,0,0,0
13.881447792,1787250386.602408409,1787250386.602345228,5.946113097179767,6.258043368565772,2.0001009589117755,-0.11063389616635262,0.0,0.0,0.0,0.0,0.0011831544529989227,-0.009931492140104184,-0.05526895442799625,0.9984214081668359,2.1239536444189935,0.129269434662976,0.0002896399265664452,29.581413025970086,20.0,0.0,2.0,15.384240114165692,1.8425341398505766,1.3925341398505766,0,0,0
13.891443014,1787250386.612403631,1787250386.612344503,5.967337773196286,6.259335210987041,2.0001039082808942,-0.11110074246599852,0.0,0.0,0.0,0.0,0.0010194293536695473,-0.010468846677558437,-0.055502134494231595,0.9984031635965598,2.1209647520865924,0.1291054808300826,0.0003001512404829194,29.602676979919114,20.0,0.0,2.0,15.36537947679337,1.840954942871976,1.390954942871976,0,0,0
13.901470423,1787250386.622431040,1787250386.622344732,5.9885320602138,6.260625595896649,2.0001069600656463,-0.1115483587548506,0.0,0.0,0.0,0.0,0.0008902719560385115,-0.010990154963651645,-0.0557255010129328,0.9983852425024003,2.1178763223108863,0.12897677475621652,0.0003101012420992616,29.623910512472815,20.0,0.0,2.0,15.346552273754952,1.83941053788582,1.3894105378858201,0,0,0
13.911449194,1787250386.632409811,1787250386.632344961,6.009694980667824,6.261914838216131,2.000110108227962,-0.11197895938313451,0.0,0.0,0.0,0.0,0.000802539855759801,-0.011484593718286596,-0.05594005508301067,0.9983677530220092,2.114692263169198,0.12887555898609135,0.0003194934441141258,29.645112667028723,20.0,0.0,2.0,15.327759522746508,1.838111114457403,1.388111114457403,0,0,0
13.921445370,1787250386.642405987,1787250386.642344475,6.03082560411094,6.263203170118158,2.000113350061655,-0.1123959408569179,0.0,0.0,0.0,0.0,0.0007565422249342638,-0.011951672959657217,-0.056147428609746634,0.9983506655568677,2.111417750981789,0.12879327839440619,0.0003288752109408423,29.666282529019156,20.0,0.0,2.0,15.309002164275398,1.8370558582541634,1.3870558582541634,0,0,0
13.931442738,1787250386.652403355,1787250386.652344465,6.0519230492225065,6.2644907400582035,2.0001166856237615,-0.11280268259962675,0.0,0.0,0.0,0.0,0.0007473543139688675,-0.012396331949062747,-0.056349299766689544,0.9983338764318989,2.108057276678445,0.12872192501637497,0.00033827484010575504,29.687419227855827,20.0,0.0,2.0,15.29028105924482,1.8361391672082792,1.3861391672082792,0,0,0
13.941443920,1787250386.662404537,1787250386.662344933,6.072986474562165,6.265777622618077,2.0001201166477265,-0.11320211176427089,0.0,0.0,0.0,0.0,0.0007671335393407757,-0.012827186114842216,-0.056547159842661655,0.9983172309022,2.1046142038900655,0.12865483422669094,0.00034795967194083485,29.7085219282881,20.0,0.0,2.0,15.27159700123919,1.8344216715143589,1.384421671514359,0,0,0
13.951443434,1787250386.672404051,1787250386.672344685,6.094015063411293,6.267063834602728,2.000123644831404,-0.1135962634802371,0.0,0.0,0.0,0.0,0.0008064548767535688,-0.013252550741050835,-0.05674208964465426,0.9983005833876617,2.1010901333253886,0.12858716698547418,0.00035767860164184436,29.7295898162388,20.0,0.0,2.0,15.252950736788783,1.8329463217599162,1.3829463217599163,0,0,0
13.961442947,1787250386.682403564,1787250386.682344675,6.115008008518191,6.268349354030337,2.0001272701490436,-0.11398726469950614,0.0,0.0,0.0,0.0,0.0008566812634554828,-0.013679005121782993,-0.05693522370616974,0.9982837929254484,2.0974854078752476,0.12851597455963115,0.00036735260137604184,29.750622084723272,20.0,0.0,2.0,15.234342986945128,1.831712517208883,1.381712517208883,0,0,0
13.971427441,1787250386.692388058,1787250386.692323208,6.135964500625056,6.269634137773169,2.000130990507597,-0.11437666838601995,0.0,0.0,0.0,0.0,0.000910438656596936,-0.014109468312521366,-0.05712741579841108,0.9982667741488676,2.0937994063196594,0.12843993017959404,0.00037662065739294594,29.771617923466508,20.0,0.0,2.0,15.215774464897207,1.830719545803579,1.380719545803579,0,0,0
13.981467962,1787250386.702428579,1787250386.702344894,6.156883723566406,6.270918135992198,2.0001348002102883,-0.11476597800917245,0.0,0.0,0.0,0.0,0.0009634234002843129,-0.014542599261302283,-0.057319476306562034,0.9982494990021376,2.0900314981086976,0.1283589071383577,0.00038517780908283854,29.792576514888886,20.0,0.0,2.0,15.19724588632255,1.8295903573582244,1.3795903573582244,0,0,0
13.991470337,1787250386.712430954,1787250386.712344646,6.177764857396502,6.27220130065335,2.0001386907350835,-0.11515580640798118,0.0,0.0,0.0,0.0,0.001013619904311666,-0.014973347091753872,-0.05751175856418913,0.9982320216655114,2.086181679517048,0.12827331319097807,0.00039275624296683677,29.81349703774837,20.0,0.0,2.0,15.178757970024288,1.8279343238073165,1.3779343238073165,0,0,0
14.001474380,1787250386.722434998,1787250386.722345114,6.198607087736863,6.273483588864584,2.0001426515806737,-0.11554335936062221,0.0,0.0,0.0,0.0,0.0010614115033870664,-0.01539663938712738,-0.057702885431615114,0.9982145029571897,2.0822510589686973,0.12818368750488057,0.0003991976171310243,29.834378676676042,20.0,0.0,2.0,15.160311430797517,1.8265173291516577,1.3765173291516577,0,0,0
14.011443377,1787250386.732403994,1787250386.732344627,6.219409615914074,6.274764961749801,2.000146670045834,-0.11592404321329079,0.0,0.0,0.0,0.0,0.001108520335252155,-0.015806876048525598,-0.05789056508106217,0.998197173070956,2.078241685143311,0.12809025153976308,0.0004042710492890066,29.85522063222687,20.0,0.0,2.0,15.14190696975373,1.8253386259832516,1.3753386259832516,0,0,0
14.021442175,1787250386.742402792,1787250386.742344141,6.240171669665418,6.276045380118218,2.0001507326206904,-0.11629654227765611,0.0,0.0,0.0,0.0,0.0011588632718556743,-0.016197506135742636,-0.05807411015138142,0.9981801919298063,2.074156817600241,0.12799264441737784,0.0004080172086876096,29.87602213129969,20.0,0.0,2.0,15.123545262811287,1.8243973383129908,1.3743973383129908,0,0,0
14.031441927,1787250386.752402544,1787250386.752344370,6.26089251545005,6.277324796398145,2.000154825455375,-0.11666118010639216,0.0,0.0,0.0,0.0,0.0012168379013750212,-0.016561648817603657,-0.05825364216372299,0.9981636861099612,2.0700009538027335,0.1278895388842199,0.00041024468238105806,29.896782438927445,20.0,0.0,2.0,15.105226946175367,1.8230950942430668,1.3730950942430669,0,0,0
14.041466713,1787250386.762427330,1787250386.762344599,6.281571471601651,6.278603144951968,2.000158931115634,-0.11701877012353115,0.0,0.0,0.0,0.0,0.0012880698992432417,-0.01689146023419493,-0.05842950859632443,0.9981477906463969,2.0657799961782146,0.12777860247776893,0.0004105831368052732,29.917500870803465,20.0,0.0,2.0,15.086952600370743,1.8214904710545476,1.3714904710545477,0,0,0
14.051445484,1787250386.772406101,1787250386.772344351,6.302207922570884,6.279880330657524,2.0001630321113253,-0.11736986818918074,0.0,0.0,0.0,0.0,0.0013766234894720237,-0.017180784331801875,-0.058601946256588655,0.9981326251818705,2.0615012149040552,0.1276563213385888,0.0004095665942551741,29.93817680678591,20.0,0.0,2.0,15.068722732548988,1.8201213970578842,1.3701213970578843,0,0,0
14.061445236,1787250386.782405853,1787250386.782344341,6.322801327811328,6.281156221906087,2.0001671232303257,-0.11771368662342951,0.0,0.0,0.0,0.0,0.0014763993075510018,-0.017437187116817455,-0.05877063616293796,0.9981181177974585,2.057171909388575,0.12751928145873875,0.0004086750321126623,29.958809699327013,20.0,0.0,2.0,15.050537765489953,1.8189870798224261,1.3689870798224262,0,0,0
14.071444273,1787250386.792404890,1787250386.792344332,6.343351209178313,6.282430662355751,2.0001712058538095,-0.11804860926326691,0.0,0.0,0.0,0.0,0.001575558319728238,-0.01767535638915129,-0.05893491635319631,0.9981040902766302,2.052797041626945,0.12736614567454396,0.0004079578635868185,29.97939906161254,20.0,0.0,2.0,15.032398053952358,1.818086638186306,1.368086638186306,0,0,0
14.081442595,1787250386.802403212,1787250386.802344084,6.363857123856717,6.283703495390786,2.000175285191444,-0.11837492238786744,0.0,0.0,0.0,0.0,0.0016596342408422657,-0.01791322931635069,-0.059095107282601214,0.9980902414736377,2.048378612376142,0.1271982934108792,0.000408008269182118,29.999944442051316,20.0,0.0,2.0,15.014303919506373,1.8166564682114716,1.3666564682114717,0,0,0
14.091443539,1787250386.812404156,1787250386.812344551,6.384318631978554,6.284974593742846,2.0001793672017003,-0.11869365871902109,0.0,0.0,0.0,0.0,0.0017152122876117881,-0.018166883426025446,-0.059251895719765094,0.9980762672496565,2.0439152734411925,0.12702017309912694,0.0004084624889349214,30.02044539379272,20.0,0.0,2.0,14.996255692393751,1.8150935376944608,1.3650935376944608,0,0,0
14.101469755,1787250386.822430372,1787250386.822344542,6.404735267046366,6.286243887390671,2.000183455454062,-0.11900591789859666,0.0,0.0,0.0,0.0,0.0017320109703514684,-0.01844776253252906,-0.05940597602501398,0.9980619270406308,2.0394031903457335,0.12683867689542264,0.00040918553719876524,30.040901446945036,20.0,0.0,2.0,14.97825375017079,1.8137626843996653,1.3637626843996653,0,0,0
14.111446381,1787250386.832406998,1787250386.832344532,6.425106515213264,6.287511384644673,2.000187549857345,-0.11931246365324238,0.0,0.0,0.0,0.0,0.0017050570836012818,-0.018760801367765114,-0.05955782243713845,0.9980470885178351,2.0348369335621346,0.1266623945596739,0.00040962142904263447,30.06131208921642,20.0,0.0,2.0,14.96029854550091,1.8126628840201682,1.3626628840201682,0,0,0
14.121446848,1787250386.842407465,1787250386.842344761,6.4454318060764635,6.288777181397171,2.0001916459132727,-0.11961485616901825,0.0,0.0,0.0,0.0,0.0016406015501271105,-0.019104609379978883,-0.059708139751529075,0.9980316930711189,2.030210803215841,0.12649986633675592,0.0004094490718312669,30.081676757317567,20.0,0.0,2.0,14.942390618562795,1.8117929124343033,1.3617929124343033,0,0,0
14.131444216,1787250386.852404833,1787250386.852344751,6.4657105148106035,6.290041449536131,2.0001957349762947,-0.1199146562151286,0.0,0.0,0.0,0.0,0.0015522519198380188,-0.019471811923030408,-0.05985752026293778,0.9980157896157673,2.025519800018119,0.12635750402770005,0.0004080934080866723,30.101994838392603,20.0,0.0,2.0,14.924530590410644,1.8102837187559677,1.3602837187559678,0,0,0
14.141443253,1787250386.862403870,1787250386.862344742,6.485941975182565,6.291304409532189,2.0001998016278626,-0.12021373228693602,0.0,0.0,0.0,0.0,0.0014594019562965957,-0.019849087989477193,-0.060006609955526924,0.9979995443954678,2.020760819517697,0.12623840614469825,0.0004049149776226703,30.122265681327015,20.0,0.0,2.0,14.906719139752125,1.8087506148956887,1.3587506148956887,0,0,0
14.151446819,1787250386.872407436,1787250386.872344494,6.506125502944248,6.2925662918772645,2.0002038261295687,-0.12051364915038765,0.0,0.0,0.0,0.0,0.0013824624097211011,-0.02021980347650081,-0.06015587049098472,0.9979832261067965,2.0159334742192776,0.12614144492627466,0.0003995101097886923,30.142488617715088,20.0,0.0,2.0,14.888956965533438,1.807444480904557,1.357444480904557,0,0,0
14.161443949,1787250386.882404566,1787250386.882344723,6.5262604262084025,6.293827295145094,2.0002077817032897,-0.12081644234864994,0.0,0.0,0.0,0.0,0.0013417710880565504,-0.020564267921287703,-0.06030598532358001,0.9979671831625331,2.0110407162088255,0.12606135468761806,0.0003911321549653021,30.16266298957003,20.0,0.0,2.0,14.871244741669893,1.8063639918137566,1.3563639918137567,0,0,0
14.171444178,1787250386.892404795,1787250386.892344236,6.546346120737314,6.295087544775428,2.0002116392670573,-0.121123850406984,0.0,0.0,0.0,0.0,0.001353440636529682,-0.020863593458019455,-0.06045755104537275,0.9979517839996369,2.006089111976961,0.12598892139381274,0.0003797601974942181,30.182788181959676,20.0,0.0,2.0,14.853583067535517,1.805507783356925,1.3555077833569251,0,0,0
14.181463003,1787250386.902423620,1787250386.902344704,6.566382045402051,6.296347058994135,2.0002153641971523,-0.1214379655798526,0.0,0.0,0.0,0.0,0.0014298379955595335,-0.021099070743945122,-0.06061141521953503,0.997937393388049,2.0010887084759488,0.12591203182837735,0.0003646782502512227,30.202863656228377,20.0,0.0,2.0,14.835972421239607,1.8039666057103778,1.3539666057103779,0,0,0
14.191445827,1787250386.912406445,1787250386.912344217,6.586367775996989,6.297605723198758,2.0002189250814753,-0.12176015683076512,0.0,0.0,0.0,0.0,0.0015757813001965664,-0.0212580838896902,-0.06076820811991783,0.9979242634912368,1.996052654096812,0.1258164898223945,0.0003475540713402475,30.222888982085234,20.0,0.0,2.0,14.818413117928852,1.802446223059942,1.352446223059942,0,0,0
14.201469183,1787250386.922429800,1787250386.922344685,6.606303024498487,6.298863280877537,2.000222320521716,-0.1220886223791499,0.0,0.0,0.0,0.0,0.0017794094713994325,-0.02135394618605969,-0.06092721638889268,0.9979121789953849,1.9909942362454343,0.12568871704526324,0.00033178304903603656,30.242863856193996,20.0,0.0,2.0,14.800905288264367,1.8011481432342253,1.3511481432342254,0,0,0
14.211444378,1787250386.932404995,1787250386.932344437,6.626187617010893,6.300119357087536,2.000225566241193,-0.12241972600332007,0.0,0.0,0.0,0.0,0.0020180795882757804,-0.02141502997512434,-0.061086964930191265,0.9979006496448218,1.9859225153525668,0.12551898229788414,0.00031789797800613597,30.262788081583317,20.0,0.0,2.0,14.783448908147989,1.8000715399924587,1.3500715399924588,0,0,0
14.221442938,1787250386.942403555,1787250386.942344427,6.6460214415323735,6.30137350530868,2.0002286910157485,-0.12275237538298886,0.0,0.0,0.0,0.0,0.002263849423176387,-0.021477822024430757,-0.06124729529436977,0.9978889452068304,1.9808405619163945,0.12530289562646718,0.00030759669544412214,30.282661518444456,20.0,0.0,2.0,14.766043865765768,1.7992155717998455,1.3492155717998455,0,0,0
14.231447935,1787250386.952408552,1787250386.952344656,6.6658043819063035,6.302625265456492,2.000231727585034,-0.12308658304811183,0.0,0.0,0.0,0.0,0.002488922756882727,-0.021577431788194417,-0.06140857443717369,0.9978763483951958,1.975744518202391,0.1250421237645028,0.0003002708157551445,30.302484021881885,20.0,0.0,2.0,14.748690045968738,1.7977003890007686,1.3477003890007686,0,0,0
14.241465807,1787250386.962426424,1787250386.962344170,6.6855362530727644,6.303874221945051,2.0002347070315056,-0.12342222565772686,0.0,0.0,0.0,0.0,0.002669804662094175,-0.021742417337533165,-0.061571029636459725,0.9978622889662145,1.9706246697843877,0.12474374806451821,0.0002960146127588532,30.32225538098836,20.0,0.0,2.0,14.731387413595176,1.7961844088160825,1.3461844088160826,0,0,0
14.251453161,1787250386.972413778,1787250386.972344398,6.705216749106107,6.305120052653414,2.0002376545267344,-0.12375849814197455,0.0,0.0,0.0,0.0,0.0027895024289083877,-0.021990801317270763,-0.06173447994571051,0.9978464197056861,1.9654668831152653,0.12441913572286355,0.00029405733427208773,30.341975270109753,20.0,0.0,2.0,14.714136081438852,1.7948879262262405,1.3448879262262405,0,0,0
14.261444092,1787250386.982404709,1787250386.982344627,6.72484540772177,6.306362565949479,2.0002406002504887,-0.12409313259910293,0.0,0.0,0.0,0.0,0.0028306432606535685,-0.022338777137806246,-0.06189806256218451,0.9978284403371986,1.9602540911447834,0.12408304227592294,0.0002955097861680998,30.36164321578332,20.0,0.0,2.0,14.696936358302134,1.7938099048994556,1.3438099048994556,0,0,0
14.271445751,1787250386.992406368,1787250386.992344379,6.744421582724615,6.3076017353442495,2.000243570672667,-0.12442282190599423,0.0,0.0,0.0,0.0,0.0027811233315619154,-0.022793993979207165,-0.06206039143088201,0.9978082015131646,1.9549668410024976,0.12375353898388892,0.0002990076306917081,30.381258571435318,20.0,0.0,2.0,14.67978878892954,1.7929490399663903,1.3429490399663904,0,0,0
14.281446695,1787250387.002407312,1787250387.002344608,6.763944430271995,6.308837724295176,2.0002465885138587,-0.1247449948697952,0.0,0.0,0.0,0.0,0.00263499403790068,-0.02335537506056212,-0.06222043673025569,0.9977856485815463,1.9495853362686135,0.12345033465631422,0.00030476917051072564,30.400820505239327,20.0,0.0,2.0,14.662694177306692,1.7915255351585269,1.341525535158527,0,0,0
14.291442633,1787250387.012403250,1787250387.012344837,6.7834129128779646,6.310070897016739,2.000249667269265,-0.1250573051592987,0.0,0.0,0.0,0.0,0.002395057928126312,-0.024010764494826666,-0.06237721853283636,0.9977609079804649,1.9440909834379878,0.12319355345532847,0.00031108886668789875,30.420328004807924,20.0,0.0,2.0,14.645653587982762,1.790006357372673,1.340006357372673,0,0,0
14.301473141,1787250387.022433758,1787250387.022344351,6.802825822445344,6.311301812015207,2.000252811275483,-0.125357213990902,0.0,0.0,0.0,0.0,0.002071328674981211,-0.02473928417338957,-0.06252958271236059,0.997734297647388,1.9384685283065017,0.12300168273516547,0.00031759058177747323,30.439779899818166,20.0,0.0,2.0,14.628668322816518,1.78870081916366,1.33870081916366,0,0,0
14.311440706,1787250387.032401323,1787250387.032344103,6.822181820317228,6.31253119969006,2.000256013563135,-0.12564238980590078,0.0,0.0,0.0,0.0,0.0016806432554134915,-0.025512503361806733,-0.06267635118818135,0.9977063508929858,1.9327073469144254,0.12289036532677312,0.00032247078530741767,30.459174900666994,20.0,0.0,2.0,14.611739875503572,1.7876068264710627,1.3376068264710628,0,0,0
14.321446896,1787250387.042407513,1787250387.042344332,6.841479491099668,6.31375992705937,2.0002592512245285,-0.12591451305112078,0.0,0.0,0.0,0.0,0.0012406681794377386,-0.0262958615735628,-0.06281830642315576,0.9976777279185394,1.9268029044263235,0.12287125320922697,0.0003245192933995062,30.478511650110942,20.0,0.0,2.0,14.594869868104428,1.7867220154635328,1.3367220154635329,0,0,0
14.331443310,1787250387.052403927,1787250387.052344322,6.860717407403139,6.314988958550713,2.000262491870123,-0.12617700741515475,0.0,0.0,0.0,0.0,0.0007703317804224972,-0.02705316804191323,-0.0629569884398558,0.9976492120452098,1.9207573926173567,0.12295212442303258,0.0003229289529062144,30.497788785598555,20.0,0.0,2.0,14.578059975992632,1.7854436363064063,1.3354436363064064,0,0,0
14.341492414,1787250387.062453032,1787250387.062346697,6.879894198057358,6.316219315088587,2.0002656953882947,-0.12643035919023132,0.0,0.0,0.0,0.0,0.0002874225192628815,-0.027749549203754862,-0.06309239040863097,0.9976217871417047,1.914579818356258,0.12313654517907034,0.0003170473570124293,30.51700500497877,20.0,0.0,2.0,14.561311848905,1.7838943944304886,1.3338943944304886,0,0,0
14.351459742,1787250387.072420359,1787250387.072344780,6.899008613385681,6.317452034671882,2.0002688180242374,-0.12667330776481592,0.0,0.0,0.0,0.0,-0.0001913516393263598,-0.02835583186430032,-0.06322353150031684,0.9975964591198498,1.9082852937296715,0.12342440421040396,0.00030663078044457464,30.536159129356186,20.0,0.0,2.0,14.544627035258952,1.782548642806524,1.332548642806524,0,0,0
14.361428976,1787250387.082389593,1787250387.082344770,6.918059580533321,6.3186881362752185,2.0002718108911677,-0.12690498094960823,0.0,0.0,0.0,0.0,-0.0006519562092140801,-0.028848767337263163,-0.06334958585727342,0.9975741343619199,1.90189387073698,0.1238121127996658,0.0002911704649893536,30.55525015618534,20.0,0.0,2.0,14.528006916843838,1.7814038098548899,1.33140380985489,0,0,0
14.371424675,1787250387.092385292,1787250387.092344522,6.9370462461520725,6.319928589220174,2.00027462693999,-0.1271247119155794,0.0,0.0,0.0,0.0,-0.0010830161982604608,-0.02921440206033591,-0.06346980615837433,0.9975554769006032,1.8954291133282577,0.12429343073557209,0.00027116288828101415,30.57427730002663,20.0,0.0,2.0,14.511452657243938,1.780457266622945,1.330457266622945,0,0,0
14.381434679,1787250387.102395296,1787250387.102344751,6.955968003135199,6.321174289111219,2.0002772167777603,-0.12733146003155527,0.0,0.0,0.0,0.0,-0.0014763189073216615,-0.029445337258456165,-0.06358329741277648,0.9975409549919934,1.8889164790597683,0.12485997629836554,0.0002460934926479809,30.59324001771831,20.0,0.0,2.0,14.494965167443578,1.7793710013520179,1.329371001352018,0,0,0
14.391435146,1787250387.112395763,1787250387.112344503,6.974824502702508,6.322426040653747,2.0002795374568776,-0.12752429576630184,0.0,0.0,0.0,0.0,-0.0018263414985997444,-0.029543782491532403,-0.06368926156399707,0.997530704968151,1.8823818759189408,0.12550206115070034,0.00021753069832981917,30.612138019285716,20.0,0.0,2.0,14.478545087579649,1.7777526320983834,1.3277526320983835,0,0,0
14.401475430,1787250387.122436047,1787250387.122344494,6.993615648243563,6.323684546172594,2.000281559535721,-0.1277061862587664,0.0,0.0,0.0,0.0,-0.0021253214141837536,-0.029524407365756004,-0.06378875538293151,0.9975243290593387,1.8758494125949383,0.12620884697252663,0.00018665841810845164,30.630971260933794,20.0,0.0,2.0,14.462192787554471,1.776327330744666,1.3263273307446661,0,0,0
14.411444664,1787250387.132405281,1787250387.132344484,7.012341565711191,6.324950392878828,2.000283268227935,-0.12788167876479747,0.0,0.0,0.0,0.0,-0.002366128726256502,-0.029411266677456346,-0.06388365451343654,0.9975210561754003,1.86933920241583,0.12696819388190655,0.0001549060070853722,30.649739914476545,20.0,0.0,2.0,14.445908388134411,1.7750929148868912,1.3250929148868913,0,0,0
14.421447277,1787250387.142407894,1787250387.142344236,7.031002557143857,6.326224041638297,2.000284654691516,-0.12805298103685075,0.0,0.0,0.0,0.0,-0.0025418690358217167,-0.029230303382136717,-0.06397472476400276,0.997520106492778,1.862866275846396,0.1277669804292199,0.00012235218590456886,30.668444319955864,20.0,0.0,2.0,14.429691797777243,1.7740472776460987,1.3240472776460988,0,0,0
14.431442976,1787250387.152403593,1787250387.152344227,7.0495990488391636,6.327505817410121,2.000285715322736,-0.1282206717470362,0.0,0.0,0.0,0.0,-0.0026485948933063267,-0.029007566956849667,-0.064062055985434,0.9975207260940768,1.856440474312758,0.12859124652286735,8.956001199011165e-05,30.68708493297228,20.0,0.0,2.0,14.413542754882288,1.7731884070509387,1.3231884070509388,0,0,0
14.441463947,1787250387.162424564,1787250387.162344694,7.068131541513433,6.328795904195824,2.000286440627333,-0.1283859688064576,0.0,0.0,0.0,0.0,-0.002683678680338868,-0.028762588721237797,-0.06414615060073514,0.9975223219166083,1.8500670342173695,0.12942678834825422,5.53497968016317e-05,30.70566227425575,20.0,0.0,2.0,14.39746087011921,1.771491172693571,1.321491172693571,0,0,0
14.451445818,1787250387.172406435,1787250387.172344685,7.086600570807223,6.3300943431039896,2.0002868194000922,-0.12855018923496,0.0,0.0,0.0,0.0,-0.0026477012383381063,-0.02850946708116141,-0.064227687892637,0.9975244378324105,1.8437479175923548,0.13025933178532842,1.9873191620231138e-05,30.72417688974721,20.0,0.0,2.0,14.381445660737269,1.7699567816915274,1.3199567816915274,0,0,0
14.461444616,1787250387.182405233,1787250387.182344675,7.105006681746692,6.331401033433723,2.0002868253196477,-0.1287147319415786,0.0,0.0,0.0,0.0,-0.0025364512015784626,-0.02825032164068656,-0.06430729421485955,0.9975269708901425,1.8374833869195208,0.13107459727387477,-1.9170012610828717e-05,30.74262932480424,20.0,0.0,2.0,14.365496573604124,1.768606458192215,1.318606458192215,0,0,0
14.471472263,1787250387.192432880,1787250387.192344666,7.123350422126359,6.332715726408021,2.000286427208871,-0.12888077639625936,0.0,0.0,0.0,0.0,-0.002346638045455666,-0.027980863275229983,-0.0643855397715305,0.9975299829321348,1.8312739794643091,0.1318572741495214,-6.13139033586509e-05,30.761020116763582,20.0,0.0,2.0,14.349612987982965,1.7674389326718887,1.3174389326718887,0,0,0
14.481465578,1787250387.202426195,1787250387.202344656,7.141632351913241,6.334038017309541,2.000285580327076,-0.129050713343366,0.0,0.0,0.0,0.0,-0.0020735005933453904,-0.02768733965651055,-0.0644636004587642,0.9975337367898528,1.8251218603985677,0.1325914099934946,-0.00010875549364440638,30.779349803358773,20.0,0.0,2.0,14.33379420319836,1.7664530601895236,1.3164530601895237,0,0,0
14.491467237,1787250387.212427855,1787250387.212344170,7.159853067079348,6.335367336146881,2.0002842403373347,-0.12922710195645845,0.0,0.0,0.0,0.0,-0.0017161101723276993,-0.0273542628370837,-0.06454287529441058,0.9975384787161077,1.819032169727533,0.13326003252814,-0.00016025108085937617,30.797618945416662,20.0,0.0,2.0,14.31803941270246,1.7650896935697298,1.3150896935697298,0,0,0
14.501487017,1787250387.222447634,1787250387.222344398,7.178013231303304,6.336702942832579,2.000282354633695,-0.12941319491513398,0.0,0.0,0.0,0.0,-0.0012738147809025482,-0.026961352302895796,-0.0646251729950388,0.9975445102316309,1.8130134236880542,0.13384608535474282,-0.00021759635237945008,30.815828157739436,20.0,0.0,2.0,14.302347673094104,1.7634345313730637,1.3134345313730638,0,0,0
14.511450291,1787250387.232410908,1787250387.232344627,7.196113612767282,6.33804392500012,2.0002798780477957,-0.12961153743768813,0.0,0.0,0.0,0.0,-0.0007508424295259991,-0.026492071782191852,-0.06471211915566348,0.9975519775945093,1.8070779306487652,0.13433234590039878,-0.0002785435407325147,30.8339781453,20.0,0.0,2.0,14.286717869781217,1.7619607644184005,1.3119607644184006,0,0,0
14.521444082,1787250387.242404699,1787250387.242344856,7.214155118297169,6.3393892030386905,2.000276767771992,-0.1298204117381569,0.0,0.0,0.0,0.0,-0.00015211836200410665,-0.025930582774068525,-0.06480328239362793,0.9975610840083994,1.8012410597670325,0.1347025981079887,-0.00034397347074656263,30.85206973739301,20.0,0.0,2.0,14.271148688286111,1.7606681035875313,1.3106681035875314,0,0,0
14.531462193,1787250387.252422810,1787250387.252344847,7.232138822557417,6.340737539038844,2.0002729932219157,-0.1300358042158633,0.0,0.0,0.0,0.0,0.0005129606939154788,-0.0252689105517642,-0.06489721188898262,0.997571837473317,1.795520790413784,0.13494157316201588,-0.0004115184967960323,30.870103917250617,20.0,0.0,2.0,14.255638591797535,1.759556404170861,1.309556404170861,0,0,0
14.541464567,1787250387.262425184,1787250387.262344837,7.250065986715451,6.342087552586238,2.000268527143556,-0.1302586984516631,0.0,0.0,0.0,0.0,0.0012359832838842347,-0.024500795303910496,-0.06499493977634359,0.9975840020661254,1.7899363531045633,0.1350359974785318,-0.00048182122423265307,30.888081841804723,20.0,0.0,2.0,14.240185811283725,1.7586219067187316,1.3086219067187317,0,0,0
14.551463842,1787250387.272424459,1787250387.272344828,7.267938069115997,6.3434377377439315,2.000263358533653,-0.1304923800076984,0.0,0.0,0.0,0.0,0.002005881270018938,-0.02362835922686114,-0.0650986713221023,0.9975970329109214,1.7845077184599027,0.13497416094550896,-0.0005521361164131088,30.90600485371697,20.0,0.0,2.0,14.224788343376405,1.7568552502506787,1.3068552502506787,0,0,0
14.561463118,1787250387.282423735,1787250387.282344580,7.2857567248164035,6.344786483485842,2.0002574809565714,-0.13074087589890407,0.0,0.0,0.0,0.0,0.0028143821008974673,-0.022654274193663844,-0.06521089552909355,0.9976103458858284,1.7792542038633024,0.13474664714626,-0.0006231729677295776,30.923874482716805,20.0,0.0,2.0,14.209443959841371,1.7552717083954827,1.3052717083954828,0,0,0
14.571464300,1787250387.292424917,1787250387.292344809,7.303523798891834,6.346132091574241,2.000250902909837,-0.13100781930975422,0.0,0.0,0.0,0.0,0.0036520209871014277,-0.02158803824461378,-0.06533385603037362,0.9976232287811172,1.7741943043902435,0.13434550297920003,-0.0006923966552035186,30.94169244066939,20.0,0.0,2.0,14.194150221551368,1.7538718473901185,1.3038718473901185,0,0,0
14.581481934,1787250387.302442551,1787250387.302344322,7.3212413115707164,6.347472794774243,2.00024363513217,-0.13129850035267954,0.0,0.0,0.0,0.0,0.004513352718147589,-0.02043705821708992,-0.06547050774119362,0.9976349878160765,1.7693445868734334,0.13376472343475332,-0.0007606759094559276,30.95946060865085,20.0,0.0,2.0,14.178904499966782,1.7526563230425805,1.3026563230425805,0,0,0
14.591467857,1787250387.312428474,1787250387.312344551,7.338911441758643,6.3488067698003965,2.000235702496475,-0.13161701910720547,0.0,0.0,0.0,0.0,0.00539246449219268,-0.01921370762614991,-0.0656231399247936,0.9976449059020791,1.7647200886809595,0.13299915316934408,-0.0008255321520353306,30.97718102210978,20.0,0.0,2.0,14.163703997734816,1.7516258751695166,1.3016258751695167,0,0,0
14.601484776,1787250387.322445393,1787250387.322344303,7.356536505248251,6.350132148922948,2.0002271306511377,-0.13195491190369904,0.0,0.0,0.0,0.0,0.0062881545859268155,-0.017930997573806694,-0.06578763251778981,0.9976527080330188,1.7603330967923276,0.13204487533779954,-0.000888242619929915,30.99485585071737,20.0,0.0,2.0,14.148545773452947,1.7504079428895332,1.3004079428895332,0,0,0
14.611447811,1787250387.332408428,1787250387.332344532,7.374118927645565,6.351447025153592,2.000217954081603,-0.13229789802535516,0.0,0.0,0.0,0.0,0.007198478409502314,-0.016606572168415303,-0.06595689047920367,0.9976583043646344,1.756193132825135,0.13089800945260432,-0.000946123820841781,31.012487372519782,20.0,0.0,2.0,14.133426768270828,1.7487448991293861,1.2987448991293862,0,0,0
14.621464491,1787250387.342425108,1787250387.342344522,7.391661211756533,6.352749456279666,2.0002082306344025,-0.13264421204204002,0.0,0.0,0.0,0.0,0.008125108392796598,-0.015253402483888278,-0.06613000437251729,0.9976613347463962,1.7523062887273655,0.1295552476471336,-0.0009972684846642507,31.030077942527985,20.0,0.0,2.0,14.118343836893416,1.7472708364524934,1.2972708364524934,0,0,0
14.631464958,1787250387.352425575,1787250387.352344513,7.409165910637756,6.354037464633981,2.0001980355238547,-0.13299876930015894,0.0,0.0,0.0,0.0,0.009068021607253118,-0.01388533572475262,-0.06630938633719291,0.9976612820589592,1.7486764854736117,0.12801289388098708,-0.0010405658889463107,31.04762996669568,20.0,0.0,2.0,14.103293771564026,1.7459869868796911,1.2959869868796912,0,0,0
14.641483307,1787250387.362443924,1787250387.362344503,7.426635603236398,6.355309037612278,2.000187443600912,-0.13336703624242124,0.0,0.0,0.0,0.0,0.010029898433931603,-0.012508510922949495,-0.06649775232115941,0.9976577505478165,1.7453052293473357,0.12626752188833157,-0.0010764929190212084,31.06514587859084,20.0,0.0,2.0,14.088273324027112,1.744894658925189,1.294894658925189,0,0,0
14.651468754,1787250387.372429371,1787250387.372344494,7.444072879904983,6.356562124714936,2.000176533147715,-0.13375300844395696,0.0,0.0,0.0,0.0,0.011010706506377282,-0.01112912388610726,-0.06669711164751659,0.9976504409068524,1.74219328819711,0.12431509028912995,-0.001104160038686502,31.08262812569874,20.0,0.0,2.0,14.07327921707169,1.7439952398493028,1.2939952398493029,0,0,0
14.661464691,1787250387.382425308,1787250387.382344484,7.461480330617257,6.35779463700672,2.000165389127425,-0.13415323705575374,0.0,0.0,0.0,0.0,0.012011522871816567,-0.009754024160075503,-0.06690572418273948,0.9976393167886718,1.739339813573528,0.12215190133418641,-0.0011232658005180562,31.100079158649223,20.0,0.0,2.0,14.05830815472484,1.7426315297052377,1.2926315297052378,0,0,0
14.671469212,1787250387.392429829,1787250387.392344713,7.478860530708285,6.359004447323082,2.0001540939935025,-0.13456069098822526,0.0,0.0,0.0,0.0,0.013029781170791992,-0.00839364223413876,-0.06712002340490589,0.997624515552225,1.7367425947878574,0.11977415079769849,-0.0011344477156592341,31.11750141808323,20.0,0.0,2.0,14.04335683496914,1.7411242757546173,1.2911242757546173,0,0,0
14.681465864,1787250387.402426481,1787250387.402344942,7.496216022711306,6.360189394979243,2.0001427285210993,-0.13497882550099238,0.0,0.0,0.0,0.0,0.014064103716658664,-0.007053954615901872,-0.06734168843549573,0.9976059040069784,1.7343974406270593,0.11717886751108816,-0.0011371973057330064,31.13489731796765,20.0,0.0,2.0,14.02842196795774,1.739815107294031,1.2898151072940311,0,0,0
14.691469669,1787250387.412430286,1787250387.412344694,7.513549303375533,6.361347290395704,2.0001313777720418,-0.13541601425262936,0.0,0.0,0.0,0.0,0.015110110469711162,-0.005741060231576069,-0.06757483673327505,0.997583262805407,1.7322993742460584,0.11436337355539222,-0.0011316175632510896,31.152269234074396,20.0,0.0,2.0,14.013500289560724,1.738705890018014,1.288705890018014,0,0,0
14.701488256,1787250387.422448874,1787250387.422344208,7.530862814087012,6.362475923118248,2.0001201240306106,-0.13588131779390442,0.0,0.0,0.0,0.0,0.01616541291211307,-0.004454299039733516,-0.0678239912711027,0.9975563868040257,1.7304425301498052,0.11132606081151195,-0.0011177387947978326,31.16961949607892,20.0,0.0,2.0,13.998588573417223,1.7377985415728572,1.2877985415728572,0,0,0
14.711467266,1787250387.432427883,1787250387.432344675,7.548158940645602,6.363573067678056,2.000109049665995,-0.1363820792398614,0.0,0.0,0.0,0.0,0.017225106695132403,-0.0031927608822498272,-0.06809281503105215,0.9975251728745681,1.7288216549004352,0.10806563651605197,-0.0010956843947252856,31.18695038880715,20.0,0.0,2.0,13.98368363368513,1.7370950208718272,1.2870950208718273,0,0,0
14.721467733,1787250387.442428350,1787250387.442344189,7.56544001627615,6.364636492113122,2.0000982391740023,-0.13692192074299833,0.0,0.0,0.0,0.0,0.01828349693846377,-0.001954074288603058,-0.06838311765705028,0.9974896714016029,1.7274315543796088,0.10458211146043866,-0.0010651565622644106,31.204264156835645,20.0,0.0,2.0,13.968782326144805,1.73570798927038,1.28570798927038,0,0,0
14.731462002,1787250387.452422619,1787250387.452344656,7.582708325823938,6.3656639700105995,2.000087767379423,-0.13750141556517256,0.0,0.0,0.0,0.0,0.0193318032279969,-0.0007384937762721865,-0.06869511245946748,0.9974501077924036,1.7262676478788876,0.10087670380699068,-0.0010282419427928935,31.221563010414034,20.0,0.0,2.0,13.953881549889852,1.7344226112783847,1.2844226112783848,0,0,0
14.741460323,1787250387.462420940,1787250387.462344408,7.599966107830278,6.366653296406053,2.0000776955579087,-0.13812666271745555,0.0,0.0,0.0,0.0,0.0203632820543194,0.000457172922301091,-0.06903179702103651,0.9974065062635905,1.7253253788221685,0.09695237567656019,-0.0009850687661382325,31.238849129351976,20.0,0.0,2.0,13.93897825271395,1.7333470871344716,1.2833470871344717,0,0,0
14.751465321,1787250387.472425938,1787250387.472344398,7.617215560005095,6.367602300972724,2.0000680847866845,-0.13880495556163397,0.0,0.0,0.0,0.0,0.02137067966363303,0.0016344856998356005,-0.06939670621495277,0.9973588720584617,1.72460106875824,0.09281314948664397,-0.0009361218268173749,31.256124669932976,20.0,0.0,2.0,13.924069432294878,1.7324836197595472,1.2824836197595473,0,0,0
14.761465073,1787250387.482425690,1787250387.482344151,7.634458844523176,6.3685088606564335,2.000058994502815,-0.1395435526515352,0.0,0.0,0.0,0.0,0.022350674770235755,0.0027989245954180932,-0.0697934289486709,0.9973071195143506,1.7240914270829861,0.08846429045065615,-0.0008809275616774695,31.273391771428738,20.0,0.0,2.0,13.909152137335004,1.7318343768002373,1.2818343768002374,0,0,0
14.771465063,1787250387.492425680,1787250387.492344618,7.651698097432172,6.369370906368288,2.000050483146645,-0.14034742156696994,0.0,0.0,0.0,0.0,0.023300569347585905,0.003954142630682027,-0.0702243748001832,0.9972512147939746,1.7237944379214762,0.0839113378463679,-0.0008204428752678919,31.29065256619934,20.0,0.0,2.0,13.894223462374555,1.731303392824153,1.281303392824153,0,0,0
14.781481028,1787250387.502441645,1787250387.502344608,7.668935437453901,6.370186426494925,2.0000426065088246,-0.14122226514859842,0.0,0.0,0.0,0.0,0.024221892815482635,0.005107406656932513,-0.07069242877757821,0.9971909520343649,1.7237087816777474,0.0791600696105261,-0.0007539227601720917,31.307909188874216,20.0,0.0,2.0,13.87928054172102,1.7300928633564459,1.280092863356446,0,0,0
14.791468382,1787250387.512428999,1787250387.512344360,7.686172978136798,6.370953463864623,2.000035418902117,-0.14217058864651372,0.0,0.0,0.0,0.0,0.025115879723751844,0.006263989886147871,-0.0711988575202264,0.9971262095162392,1.7238346459090892,0.07421565606010232,-0.0006831406104459685,31.325163788457594,20.0,0.0,2.0,13.86432053742092,1.7291022022405902,1.2791022022405902,0,0,0
14.801480770,1787250387.522441387,1787250387.522344351,7.703412840916526,6.371670114006258,2.000028946618756,-0.14317897744148722,0.0,0.0,0.0,0.0,0.02597891807166899,0.007441109779660796,-0.07173724713202283,0.9970574171405535,1.7241738645592843,0.069083574979189,-0.0006114948289387487,31.34241854136744,20.0,0.0,2.0,13.849340627029685,1.7283336376560243,1.2783336376560244,0,0,0
14.811466932,1787250387.532427549,1787250387.532344580,7.720657186381863,6.372334530169257,2.000023184237187,-0.14422563025182422,0.0,0.0,0.0,0.0,0.026803330170462956,0.00865613028418702,-0.07229698131207024,0.9969853556564602,1.724732440284471,0.06376995173093077,-0.0005404115915316678,31.35967568286221,20.0,0.0,2.0,13.834337978352282,1.727789345237615,1.277789345237615,0,0,0
14.821466684,1787250387.542427301,1787250387.542344570,7.737908252189516,6.372944931458184,2.0000181581143406,-0.14530150822872714,0.0,0.0,0.0,0.0,0.02758136776729703,0.009931041955894343,-0.07287391566797127,0.9969102441910068,1.7255199464087767,0.0582819104665961,-0.00046402458037273517,31.37693754505884,20.0,0.0,2.0,13.819309719788837,1.727471440513342,1.277471440513342,0,0,0
14.831462383,1787250387.552423000,1787250387.552344561,7.755168394523543,6.3734996154776296,2.0000139151147796,-0.1464043060327158,0.0,0.0,0.0,0.0,0.028305646864936588,0.011280564112364957,-0.07346706759532311,0.9968320466396576,1.7265502425442296,0.0526280228819467,-0.0003837473826990648,31.394206598471097,20.0,0.0,2.0,13.804252909707293,1.727082738352874,1.277082738352874,0,0,0
14.841475964,1787250387.562436581,1787250387.562344313,7.772440119837621,6.373996970535089,2.000010501827795,-0.14753266825058683,0.0,0.0,0.0,0.0,0.028972402419548973,0.012717829390871814,-0.0740758961793536,0.9967505296305841,1.7278394927032297,0.04681773404744135,-0.00029823582325819896,31.41148548353434,20.0,0.0,2.0,13.78916451433724,1.7262234305489408,1.2762234305489408,0,0,0
14.851472139,1787250387.572432756,1787250387.572344065,7.7897261086487655,6.3744354815627915,2.000007959475516,-0.14868455833454877,0.0,0.0,0.0,0.0,0.029580072910299196,0.014246152469673439,-0.07469926065835607,0.9966654839430967,1.7294059857594215,0.04086084990957488,-0.0002093981551920326,31.428777033712503,20.0,0.0,2.0,13.774041389892934,1.725595485801031,1.275595485801031,0,0,0
14.861485004,1787250387.582445621,1787250387.582344532,7.807029227744247,6.374813731886495,2.0000063334343685,-0.1498566474731004,0.0,0.0,0.0,0.0,0.030125328857878185,0.015880787599966494,-0.0753356110272334,0.9965765454081101,1.7312691243209983,0.034767307132960217,-0.00011513636381545513,31.446084286711862,20.0,0.0,2.0,13.758880273095329,1.7252009689603143,1.2752009689603143,0,0,0
14.871459484,1787250387.592420101,1787250387.592344284,7.824352556296551,6.375130407483158,2.0000056651691844,-0.15104457626917217,0.0,0.0,0.0,0.0,0.030604842885576005,0.01763231238501148,-0.07598270111897881,0.9964833537408292,1.7334517987489233,0.028547673236357908,-1.7666783616979936e-05,31.463410509497315,20.0,0.0,2.0,13.74367776054906,1.7250418733761133,1.2750418733761133,0,0,0
14.881462574,1787250387.602423191,1787250387.602344275,7.841699410412669,6.375384300122486,2.0000060028333118,-0.152248700046544,0.0,0.0,0.0,0.0,0.031017237785217956,0.019513825740766377,-0.07664066602914836,0.9963851413362921,1.7359786181325718,0.022212489096290963,8.611149390477216e-05,31.480759221533436,20.0,0.0,2.0,13.728430289040475,1.725120127121379,1.275120127121379,0,0,0
14.891466141,1787250387.612426758,1787250387.612344742,7.8590733654651395,6.375574307623716,2.0000074007563193,-0.15347131269598974,0.0,0.0,0.0,0.0,0.03136369067236326,0.021526576559926607,-0.07731028047166383,0.9962811078919497,1.7388763942962489,0.01577235448856703,0.00019462635230431947,31.498134215604512,20.0,0.0,2.0,13.713134116504671,1.7249116735170043,1.2749116735170043,0,0,0
14.901484489,1787250387.622445107,1787250387.622344255,7.876478261940315,6.375699429800291,2.0000099234921795,-0.15471653944069752,0.0,0.0,0.0,0.0,0.03164888840357928,0.02366965844080977,-0.07799320583854603,0.9961702439719525,1.7421712865338668,0.009236984679607476,0.0003109932863403402,31.515539562002527,20.0,0.0,2.0,13.697785315607044,1.716859947982074,1.2668599479820741,0,0,0
14.911449432,1787250387.632410049,1787250387.632344246,7.893918199676675,6.375758759557812,2.0000136358073517,-0.15598873056159043,0.0,0.0,0.0,0.0,0.03188077991258722,0.025930286092524686,-0.07869097821145243,0.9960516884597153,1.7458885820522534,0.002615164741259564,0.00043295138255836237,31.53297960105207,20.0,0.0,2.0,13.682379775330887,1.7071147508971294,1.2571147508971294,0,0,0
14.921458006,1787250387.642418623,1787250387.642344475,7.911397519654778,6.375751464714124,2.000018628207301,-0.15729944149023425,0.0,0.0,0.0,0.0,0.03207699134335193,0.028312126210208895,-0.07940945641558224,0.9959235052791944,1.7500518070808266,-0.004087285320966488,0.0005677847926423424,31.55045892326535,20.0,0.0,2.0,13.666913209205655,1.6974154924338167,1.2474154924338168,0,0,0
14.931463718,1787250387.652424335,1787250387.652344227,7.928920804414776,6.375676752045295,2.0000250337880696,-0.1586614181309953,0.0,0.0,0.0,0.0,0.03225904425838486,0.03081494698594132,-0.08015523178390889,0.9957835768496371,1.7546855555891583,-0.010868506198835162,0.0007168021628791375,31.567982368468687,20.0,0.0,2.0,13.651381138671939,1.687761031560308,1.237761031560308,0,0,0
14.941463232,1787250387.662423849,1787250387.662344217,7.946492879501405,6.3755338219945825,2.00003304178969,-0.16008079624162097,0.0,0.0,0.0,0.0,0.03245157349915477,0.0334447560173244,-0.08093203786848636,0.9956296243678292,1.759813975940603,-0.017731611263446665,0.0008877865234977772,31.58555502666196,20.0,0.0,2.0,13.63577887105826,1.6781502644871735,1.2281502644871736,0,0,0
14.951463938,1787250387.672424555,1787250387.672344208,7.964118814041502,6.375321823642633,2.000042835422695,-0.16155792369620728,0.0,0.0,0.0,0.0,0.032676299732007606,0.03619665960330177,-0.08174058119425316,0.9954599633613661,1.7654613828835732,-0.024683816725731507,0.001074619663397006,31.60318223879628,20.0,0.0,2.0,13.620101478306196,1.66858210194885,1.21858210194885,0,0,0
14.961463928,1787250387.682424545,1787250387.682344437,7.981803913790326,6.375039808950226,2.0000546146944753,-0.16309346131794616,0.0,0.0,0.0,0.0,0.03295184194123011,0.03906693836199777,-0.08258186433650039,0.9952729204205287,1.7716507236547747,-0.03173705787711387,0.0012840635740326053,31.620869590892166,20.0,0.0,2.0,13.604343781868659,1.6590554493325764,1.2090554493325765,0,0,0
14.971461773,1787250387.692422390,1787250387.692344427,7.9995537044330645,6.37468669940707,2.000068555555084,-0.16468642796224747,0.0,0.0,0.0,0.0,0.03328938015182532,0.04203898810519791,-0.08345568231622222,0.9950676809832244,1.77840277666545,-0.038905414081720185,0.0015076154227510203,31.638622898993983,20.0,0.0,2.0,13.588500351881493,1.6495692016867516,1.1995692016867516,0,0,0
14.981477261,1787250387.702437878,1787250387.702344656,8.01737390405371,6.3742612618078525,2.0000848419031696,-0.16633510877819008,0.0,0.0,0.0,0.0,0.03369492525587551,0.04509697891981853,-0.08436141883089945,0.9948437392460908,1.7857350841626298,-0.046205339486458476,0.0017518902859446049,31.656448183757924,20.0,0.0,2.0,13.572565520056827,1.6401222512444364,1.1901222512444365,0,0,0
14.991452456,1787250387.712413073,1787250387.712344408,8.035270385556013,6.373762100809853,2.0001036365298996,-0.16803433492793488,0.0,0.0,0.0,0.0,0.03416882996076023,0.048219150507558435,-0.08529645030962854,0.9946013875659029,1.793661595343918,-0.05365327296526793,0.0020155994401239814,31.67435163496439,20.0,0.0,2.0,13.556533409216883,1.6307135134087674,1.1807135134087674,0,0,0
15.001476049,1787250387.722436666,1787250387.722344637,8.053249175394631,6.3731876308861795,2.000125366308659,-0.16976121383657874,0.0,0.0,0.0,0.0,0.034737651102470235,0.05144988537801616,-0.08625222611235553,0.9943373463674867,1.802200151775617,-0.06127086431682324,0.002338455669492915,31.692339613503894,20.0,0.0,2.0,13.540397921014225,1.6213419158819515,1.1713419158819516,0,0,0
15.011460543,1787250387.732421160,1787250387.732344627,8.07131651405315,6.372536033274685,2.00015054821987,-0.17148384706967687,0.0,0.0,0.0,0.0,0.0354338791695912,0.054851149297126145,-0.08721677170869911,0.994046792842516,1.8113773137371274,-0.06908428652534584,0.002711504517554688,31.710418715798465,20.0,0.0,2.0,13.524152662032108,1.612006344967971,1.162006344967971,0,0,0
15.021471024,1787250387.742431641,1787250387.742344618,8.089478994967898,6.371805167104059,2.0001799026943714,-0.1731760557848915,0.0,0.0,0.0,0.0,0.03629614240412543,0.05850600540188626,-0.08818224229998754,0.9937220584858929,1.821236653092376,-0.07713110754680992,0.0031712431492866354,31.72859591965448,20.0,0.0,2.0,13.50779077907301,1.6027055173021763,1.1527055173021763,0,0,0
15.031468153,1787250387.752428770,1787250387.752344131,8.10774369863746,6.370992494178349,2.0002141684440145,-0.1748171805918601,0.0,0.0,0.0,0.0,0.037351768208594455,0.06247470148454132,-0.08914301843606377,0.9933555654196621,1.8318324032578672,-0.0854537170472232,0.003696918645712798,31.74687872610105,20.0,0.0,2.0,13.49130480509732,1.5934378718745388,1.1434378718745388,0,0,0
15.041484356,1787250387.762444973,1787250387.762344122,8.126118325999329,6.370095000935775,2.000254155507253,-0.17639034062304454,0.0,0.0,0.0,0.0,0.03862224186489627,0.06680493832449783,-0.09009538199987371,0.9929391949112929,1.8432328454600932,-0.09410367078787103,0.004311846542856371,31.765275302515512,20.0,0.0,2.0,13.474686504468702,1.5842014666308752,1.1342014666308753,0,0,0
15.051474094,1787250387.772434711,1787250387.772344351,8.144611266910282,6.369109160022986,2.000300574064826,-0.17788257383760386,0.0,0.0,0.0,0.0,0.040111656152674306,0.07150042185850716,-0.09103610103065943,0.9924672150876727,1.8555073656568504,-0.10313241336334268,0.004984699488708098,31.783794560074167,20.0,0.0,2.0,13.45792679409812,1.5749939467395364,1.1249939467395365,0,0,0
15.061467648,1787250387.782428265,1787250387.782344341,8.163231626372623,6.368030900951646,2.000354102259646,-0.17927732744864086,0.0,0.0,0.0,0.0,0.04183660050257293,0.07652820516450358,-0.0919608850233526,0.99193564725662,1.868726911869893,-0.11259643833255091,0.005728480823358715,31.80244618987961,20.0,0.0,2.0,13.441015706105276,1.5658125450319809,1.115812545031981,0,0,0
15.071475744,1787250387.792436361,1787250387.792344570,8.181989135812888,6.366855598598449,2.000415231409811,-0.18055961171378182,0.0,0.0,0.0,0.0,0.043803409314652715,0.08180995309414646,-0.09286514119837677,0.9913447727492954,1.8829461243750958,-0.12255090555674418,0.006506797268214938,31.821240583532933,20.0,0.0,2.0,13.423942460092197,1.556654151537217,1.106654151537217,0,0,0
15.081468344,1787250387.802428961,1787250387.802344322,8.200894032268465,6.3655780492917895,2.000484431308109,-0.1817295445522213,0.0,0.0,0.0,0.0,0.04601646033028341,0.08725046694278184,-0.09375160396740835,0.9906969658530687,1.898208938402456,-0.1330549438088106,0.00733765754186722,31.84018872409746,20.0,0.0,2.0,13.40669555759573,1.547515383324356,1.097515383324356,0,0,0
15.091472626,1787250387.812433243,1787250387.812344551,8.219956843105725,6.364192495767231,2.0005620077663653,-0.18279765608022933,0.0,0.0,0.0,0.0,0.0484617867406435,0.09273444169977779,-0.09462608670510238,0.9899988294252743,1.9145307649555459,-0.14416072343731426,0.00818356144644141,31.859301979542135,20.0,0.0,2.0,13.389262982603796,1.5383927331998777,1.0883927331998777,0,0,0
15.101478338,1787250387.822438955,1787250387.822344542,8.239188184839547,6.362692654497323,2.00064822569931,-0.18378043403314492,0.0,0.0,0.0,0.0,0.05112128828320755,0.0981549399159469,-0.09549654674241166,0.989258627061011,1.931912259015951,-0.15591989959717353,0.009061236062887128,31.878591911171092,20.0,0.0,2.0,13.371632390527662,1.529282706172709,1.079282706172709,0,0,0
15.111463785,1787250387.832424402,1787250387.832344532,8.258598520028743,6.361071790837351,2.00074318317029,-0.1846971508629176,0.0,0.0,0.0,0.0,0.05396072826865822,0.10340805168138989,-0.09636975744013257,0.988487675443202,1.9503235101410192,-0.16837136427953456,0.009929587682132493,31.898070035518227,20.0,0.0,2.0,13.353791356554106,1.5201820074246473,1.0701820074246473,0,0,0
15.121470928,1787250387.842431545,1787250387.842344284,8.278197940505184,6.359322806971449,2.000846783290029,-0.18556436424512002,0.0,0.0,0.0,0.0,0.05695200436848985,0.10839096279283802,-0.09725040939796813,0.9876994615039439,1.9697191033387937,-0.18154832450685568,0.010784501364531613,31.917747610586318,20.0,0.0,2.0,13.335727606781944,1.511087721282075,1.061087721282075,0,0,0
15.131469727,1787250387.852430344,1787250387.852344513,8.297995942741323,6.357438335222777,2.0009587008118714,-0.18639699564916196,0.0,0.0,0.0,0.0,0.06005866982831803,0.1130101737571612,-0.09814016840751555,0.9869094001734778,1.9900273449666195,-0.19547226843321397,0.011592908444605544,31.93763541217034,20.0,0.0,2.0,13.317429258733306,1.5019974879403468,1.0519974879403469,0,0,0
15.141468287,1787250387.862428904,1787250387.862344742,8.318001263533672,6.355410814071913,2.0010785262167756,-0.18722185347214773,0.0,0.0,0.0,0.0,0.06325064059136215,0.11719878225823195,-0.09904632732399617,0.9861306338135926,2.011167418610811,-0.2101598914391299,0.012363731629968195,31.95774357121461,20.0,0.0,2.0,13.298885000542034,1.4929096310893986,1.0429096310893986,0,0,0
15.151473761,1787250387.872434378,1787250387.872344255,8.338221734600967,6.3532325743666735,2.00120577520566,-0.1880686569157251,0.0,0.0,0.0,0.0,0.0664923646312814,0.12091752055762543,-0.09997629706826454,0.9853742734070415,2.033041338186109,-0.22561670961247077,0.013078974260300786,31.978081426821877,20.0,0.0,2.0,13.280084258363004,1.4838232792367236,1.0338232792367237,0,0,0
15.161473513,1787250387.882434130,1787250387.882344246,8.358664218366263,6.350895907306113,2.001339983137407,-0.18896585170046762,0.0,0.0,0.0,0.0,0.06975799011454623,0.12416116337510602,-0.10093798377446364,0.9846468157446432,2.0555531146466564,-0.24184479554708602,0.013754679003075481,31.998657460628596,20.0,0.0,2.0,13.2610172838187,1.4747384341397012,1.0247384341397012,0,0,0
15.171453476,1787250387.892414093,1787250387.892344236,8.379334584010245,6.3483931317364615,2.0014806886941,-0.18993541308130582,0.0,0.0,0.0,0.0,0.07301930972685382,0.1269518168064015,-0.1019361048616174,0.9839514455206665,2.0786021277756577,-0.2588372401220727,0.01438010354487862,32.01947926889449,20.0,0.0,2.0,13.241675205875502,1.465656021036489,1.015656021036489,0,0,0
15.181479216,1787250387.902439833,1787250387.902343988,8.400237760924346,6.345716639149707,2.0016274818777644,-0.19099695399997973,0.0,0.0,0.0,0.0,0.07625896507607033,0.12933671569666222,-0.10297633570260596,0.9832865597086089,2.102100944430632,-0.276586297420661,0.014972055510125969,32.04055361267806,20.0,0.0,2.0,13.22205000429828,1.4565778915942733,1.0065778915942734,0,0,0
15.191466808,1787250387.912427425,1787250387.912344456,8.421377819865233,6.342858934197419,2.001779962126894,-0.19216013565425832,0.0,0.0,0.0,0.0,0.07945904573513222,0.1313758765828346,-0.10406015076627396,0.9826485252242809,2.125965082726374,-0.29507650347822545,0.015513047031552898,32.06188649386755,20.0,0.0,2.0,13.202134456886204,1.447506816791853,0.997506816791853,0,0,0
15.201485634,1787250387.922446251,1787250387.922344685,8.442758030187548,6.3398127029572064,2.001937495175814,-0.19339154266670228,0.0,0.0,0.0,0.0,0.08262037270389856,0.13311631997665688,-0.10517064908132956,0.9820351592188301,2.1501199603911734,-0.31428883192561613,0.015980502696260925,32.083483200441854,20.0,0.0,2.0,13.18192212127122,1.438446517359625,0.9884465173596251,0,0,0
15.211463213,1787250387.932423830,1787250387.932344437,8.464380983530063,6.336570797363589,2.002099314343688,-0.19463713497985982,0.0,0.0,0.0,0.0,0.08574382810738863,0.1345967657432609,-0.10628113638365651,0.9814458857430414,2.1745051301222387,-0.334209637620182,0.016373183117246816,32.10534842965569,20.0,0.0,2.0,13.161407218465074,1.4294015994178457,0.9794015994178458,0,0,0
15.221463680,1787250387.942424297,1787250387.942344427,8.486248742468653,6.333126180670358,2.00226477442435,-0.19588256358158107,0.0,0.0,0.0,0.0,0.08883646298414587,0.13584946753650243,-0.10738513694988162,0.980877891165241,2.1990728888046025,-0.35482908386030276,0.01670864841969697,32.12748644316635,20.0,0.0,2.0,13.140584475958448,1.420377453389222,0.970377453389222,0,0,0
15.231465340,1787250387.952425957,1787250387.952344894,8.508362885919436,6.329471930502283,2.002433261573757,-0.19713589054120442,0.0,0.0,0.0,0.0,0.09189927084491162,0.13690194024243613,-0.10848625955586168,0.9803280646108262,2.223774325575997,-0.3761340696155663,0.01697678134358763,32.149901109632125,20.0,0.0,2.0,13.1194490891002,1.411380242082087,0.9613802420820869,0,0,0
15.241479635,1787250387.962440252,1787250387.962344885,8.530724531380448,6.325601254929467,2.0026040673384298,-0.198414379741374,0.0,0.0,0.0,0.0,0.09493743190540098,0.13777167319180667,-0.10959290325666518,0.9797934709135965,2.248566492001217,-0.39811245799008027,0.01717193455671807,32.1725959216323,20.0,0.0,2.0,13.097996709138775,1.402416908719524,0.952416908719524,0,0,0
15.251485586,1787250387.972446203,1787250387.972344160,8.553334382353395,6.321507472293886,2.0027764352745265,-0.19973580263598023,0.0,0.0,0.0,0.0,0.09794913441740903,0.13847039571694753,-0.11071254807388164,0.979272509711092,2.273408411528753,-0.4207531683448856,0.017286434881083435,32.19557404444492,20.0,0.0,2.0,13.07622339183119,1.393495144953557,0.9434951449535571,0,0,0
15.261459827,1787250387.982420444,1787250387.982344389,8.576192722588255,6.317184030589456,2.0029494712523053,-0.20111022148485394,0.0,0.0,0.0,0.0,0.10094257720461294,0.1389856810970631,-0.11184912180301572,0.97876623895043,2.2982572311530642,-0.4440425030284449,0.017304379972351482,32.21883830475798,20.0,0.0,2.0,13.054125611742851,1.3846234097624397,0.9346234097624397,0,0,0
15.271462440,1787250387.992423058,1787250387.992344856,8.599299401556328,6.312624493185812,2.003122183438297,-0.20254160714633257,0.0,0.0,0.0,0.0,0.10392044228001661,0.1392982143740927,-0.11300227022450937,0.9782775864102284,2.323067792201085,-0.4679698942770754,0.01721838645314812,32.242391177698835,20.0,0.0,2.0,13.03170026801387,1.3758109149266855,0.9258109149266855,0,0,0
15.281458378,1787250388.002418995,1787250388.002344370,8.6226537816809,6.307822550359254,2.003293449505348,-0.20405942881987146,0.0,0.0,0.0,0.0,0.10688689232055311,0.13938206413244986,-0.11418352947817907,0.9778087512617885,2.3477894928592202,-0.4925224799241265,0.017017186151946227,32.26623473150229,20.0,0.0,2.0,13.008944736031832,1.3670676381859856,0.9170676381859857,0,0,0
15.291450739,1787250388.012411356,1787250388.012344360,8.646254728631657,6.302771981534276,2.0034621868818268,-0.20570006288817522,0.0,0.0,0.0,0.0,0.10983706764361029,0.13922009418221,-0.11540673115996976,0.9773611770222511,2.372371497513792,-0.5176926886779766,0.01671069852017478,32.29037062623877,20.0,0.0,2.0,12.985856857561249,1.3584042741775826,0.9084042741775826,0,0,0
15.301469564,1787250388.022430182,1787250388.022344351,8.670100551983023,6.297466685932396,2.0036272871147034,-0.20750465516158523,0.0,0.0,0.0,0.0,0.11276667065754989,0.13879812825953958,-0.1166881215896279,0.9769353304391977,2.3967559763180564,-0.5434666535167108,0.016293299407438643,32.314800049294064,20.0,0.0,2.0,12.96243500735165,1.3498322544080998,0.8998322544080999,0,0,0
15.311460495,1787250388.032421112,1787250388.032344341,8.694189011181958,6.291900662415367,2.003787751904205,-0.20950619055912661,0.0,0.0,0.0,0.0,0.11566479224386564,0.1381153080594915,-0.11803987422258959,0.9765308011569991,2.4208883124487355,-0.5698350783806496,0.015781212719185936,32.339523726878916,20.0,0.0,2.0,12.938678078059064,1.3413637005832275,0.8913637005832276,0,0,0
15.321449280,1787250388.042409897,1787250388.042344570,8.71851726571632,6.286068065967185,2.0039425498598753,-0.21174258977222193,0.0,0.0,0.0,0.0,0.11854456042778787,0.13714787195800052,-0.11947848253684946,0.9761467823135341,2.4447052071687474,-0.5967799800846904,0.015163324701188951,32.36454186254933,20.0,0.0,2.0,12.91458555113607,1.3330114549159588,0.8830114549159589,0,0,0
15.331446171,1787250388.052406788,1787250388.052344322,8.743081859701181,6.279963157347902,2.004090744152009,-0.21424203838688735,0.0,0.0,0.0,0.0,0.12142195814957818,0.13587670231137708,-0.1210163282640737,0.975781368002889,2.468144376331236,-0.6242953155995239,0.014458986362819152,32.38985413523353,20.0,0.0,2.0,12.890157485819302,1.3247889925345662,0.8747889925345662,0,0,0
15.341445923,1787250388.062406540,1787250388.062344551,8.767878653211271,6.273580295183484,2.004231419139428,-0.21703623710050318,0.0,0.0,0.0,0.0,0.12432093219473105,0.13427943395577369,-0.12266820513475309,0.9754311102706169,2.4911338462488493,-0.652370938995333,0.013663924578410242,32.415459636346455,20.0,0.0,2.0,12.865394575138746,1.3167103713159993,0.8667103713159994,0,0,0
15.351445913,1787250388.072406530,1787250388.072345495,8.792902807889933,6.266913858326149,2.0043638126277994,-0.2201436807976689,0.0,0.0,0.0,0.0,0.12725542208191976,0.13235354419810053,-0.12444239926651669,0.9750911168469061,2.513603919788999,-0.6810094343703406,0.012801933031217586,32.441356879940905,20.0,0.0,2.0,12.840298120524398,1.3087900969661586,0.8587900969661586,0,0,0
15.361442804,1787250388.082403421,1787250388.082344532,8.818148750589987,6.2599582420975795,2.0044872263758085,-0.22358206282370613,0.0,0.0,0.0,0.0,0.13023675903363005,0.13010288421651744,-0.12634685925490033,0.9747554038174818,2.535480111229579,-0.7102080191266285,0.01187256424231266,32.46754377458091,20.0,0.0,2.0,12.814870061453538,1.3010430534575221,0.8510430534575222,0,0,0
15.371445417,1787250388.092406034,1787250388.092344284,8.843610207955237,6.252707806188558,2.0046011263823993,-0.22735286444745345,0.0,0.0,0.0,0.0,0.13326061183820984,0.1275548161777751,-0.12838148168319002,0.9744175559600662,2.556695237471494,-0.7399728909211609,0.010898368148178204,32.49401767881215,20.0,0.0,2.0,12.789112919666318,1.2934843750122231,0.8434843750122232,0,0,0
15.381473064,1787250388.102433681,1787250388.102344751,8.869280234704354,6.245156906195167,2.004705037337169,-0.23145712575099586,0.0,0.0,0.0,0.0,0.13631708921775548,0.12474228731279687,-0.1305459727097708,0.9740712304305215,2.577184700323614,-0.7703017392254747,0.009878948384441505,32.5207754283718,20.0,0.0,2.0,12.763029789744937,1.2861293985071516,0.8361293985071516,0,0,0
15.391446114,1787250388.112406731,1787250388.112344265,8.895151306697112,6.237299884131448,2.0047986160617692,-0.23587818255534296,0.0,0.0,0.0,0.0,0.13938319740521166,0.12171488619471361,-0.13283165968649763,0.9737112307787347,2.5968949104053975,-0.8011947405852566,0.008827157519297042,32.54781343715096,20.0,0.0,2.0,12.736624253406125,1.2789935752033212,0.8289935752033213,0,0,0
15.401472092,1787250388.122432709,1787250388.122344255,8.92121535776952,6.229131195613139,2.004881355419948,-0.24056698086286069,0.0,0.0,0.0,0.0,0.14244561795979396,0.11849757053687232,-0.13521377503828488,0.9733369440953156,2.615773346915118,-0.8326336246433481,0.007711432185057058,32.575127702219156,20.0,0.0,2.0,12.70990040986606,1.2707179742791075,0.8207179742791075,0,0,0
15.411444187,1787250388.132404804,1787250388.132344484,8.94746387951119,6.220645402025422,2.004952707279436,-0.24545106119796045,0.0,0.0,0.0,0.0,0.14548653013437748,0.11511494361919677,-0.13765584780884205,0.9729507114284037,2.633784134992072,-0.8646155281428467,0.006555488726364821,32.60271390669755,20.0,0.0,2.0,12.682862785734113,1.2615658641867709,0.8115658641867709,0,0,0
15.421471357,1787250388.142431974,1787250388.142344713,8.973888058882427,6.211837082634833,2.0050124525608286,-0.25049795095142724,0.0,0.0,0.0,0.0,0.14849397107671256,0.11158076972657427,-0.14014081159175276,0.9725532506282104,2.650900135633446,-0.897137766007656,0.005394548464856214,32.630567583572045,20.0,0.0,2.0,12.655516172955311,1.2526328211010305,0.8026328211010305,0,0,0
15.431443930,1787250388.152404547,1787250388.152344704,9.000478800907185,6.202700884741316,2.0050606230534065,-0.25568769684740056,0.0,0.0,0.0,0.0,0.15145218053782505,0.10791880780136918,-0.14265851793209341,0.9721441843648955,2.6670917236485057,-0.9301876688281563,0.0042388765719738415,32.65868412663433,20.0,0.0,2.0,12.627865634570579,1.2439360106802793,0.7939360106802793,0,0,0
15.441469193,1787250388.162429810,1787250388.162344456,9.027226725177433,6.193231639060886,2.005097234868292,-0.2610191177659668,0.0,0.0,0.0,0.0,0.15434963107655636,0.10414324345316499,-0.14520786729465504,0.9717227235715565,2.6823329956156328,-0.9637450304411612,0.0030857750994611748,32.68705875274549,20.0,0.0,2.0,12.599916565498695,1.2341598558826261,0.7841598558826262,0,0,0
15.451450109,1787250388.172410727,1787250388.172344446,9.054122223639107,6.1834243468504155,2.0051223901171773,-0.26648716431359654,0.0,0.0,0.0,0.0,0.1571706363791367,0.10027782077220444,-0.14778677255739317,0.9712882268299273,2.6966029308895907,-0.9977922219153281,0.0019447984349020423,32.71568656179177,20.0,0.0,2.0,12.571674637339859,1.2242226651902943,0.7742226651902944,0,0,0
15.461443424,1787250388.182404041,1787250388.182344437,9.081155480358657,6.173274264251874,2.0051361139231676,-0.27208921513590184,0.0,0.0,0.0,0.0,0.15989689024154405,0.09633037578149443,-0.15039263857275126,0.9708426738952123,2.709882025054711,-1.0322990800549245,0.000800611740793792,32.744562526433064,20.0,0.0,2.0,12.5431458241321,1.2145401398857933,0.7645401398857934,0,0,0
15.471451521,1787250388.192412138,1787250388.192344427,9.108316511982023,6.162776920826957,2.005138413502375,-0.27781184009995086,0.0,0.0,0.0,0.0,0.16250479469450904,0.09231534908726888,-0.15301809650490492,0.9703893703901578,2.7221552248752756,-1.0672375992116887,-0.00034422180947412447,32.77368152131809,20.0,0.0,2.0,12.514336378023973,1.2051313744326717,0.7551313744326718,0,0,0
15.481448174,1787250388.202408791,1787250388.202344656,9.135595189977066,6.151928202417267,2.005129183397701,-0.2836687908293058,0.0,0.0,0.0,0.0,0.16497344460547836,0.08823877701726435,-0.1556688253542487,0.9699303570970078,2.733410176734067,-1.1025698636780157,-0.0015004682483987627,32.803038310132344,20.0,0.0,2.0,12.48525285255644,1.196015822073537,0.7460158220735371,0,0,0
15.491442680,1787250388.212403297,1787250388.212344170,9.162981298979135,6.1407243079122145,2.00510844366781,-0.28967256980633266,0.0,0.0,0.0,0.0,0.16728319381420534,0.08411843524815044,-0.15835189513462933,0.9694663992248485,2.743639759207424,-1.1382644573988452,-0.0026508035164140103,32.83262760969299,20.0,0.0,2.0,12.45590203270147,1.187213195572095,0.7372131955720951,0,0,0
15.501469135,1787250388.222429752,1787250388.222344160,9.190464545299461,6.129161863770797,2.0050761307958935,-0.29584976750557473,0.0,0.0,0.0,0.0,0.16942021730240236,0.0799650261727508,-0.16108148705211286,0.9689969757886131,2.752837663874232,-1.1742750675930407,-0.003808890834469964,32.862444047893234,20.0,0.0,2.0,12.426290985882881,1.1787435175227101,0.7287435175227102,0,0,0
15.511436701,1787250388.232397318,1787250388.232344627,9.218034611565464,6.117237869683505,2.0050323114317994,-0.3022163511986997,0.0,0.0,0.0,0.0,0.17137307729817286,0.07580131819104766,-0.16386873408192573,0.9685207620532671,2.76100247774509,-1.210561964126372,-0.004965601133483427,32.89248222541855,20.0,0.0,2.0,12.396426989897074,1.1706270035816246,0.7206270035816247,0,0,0
15.521448135,1787250388.242408752,1787250388.242344856,9.245681146459344,6.104949933903535,2.0049766241111997,-0.30880376868136944,0.0,0.0,0.0,0.0,0.17311166254630841,0.0716560359439855,-0.16673176586676172,0.9680383685857699,2.7681335982225956,-1.2470586006928026,-0.006173358733685877,32.92273660292741,20.0,0.0,2.0,12.366317659913008,1.1628842173015908,0.7128842173015908,0,0,0
15.531445026,1787250388.252405643,1787250388.252344131,9.273393893442242,6.092296104735005,2.004908856477181,-0.3156308418830636,0.0,0.0,0.0,0.0,0.17460027299916603,0.06757252874440788,-0.1696846367328404,0.9675514570732385,2.7742472150790016,-1.2837285463345658,-0.0073888549746678935,32.95320167030657,20.0,0.0,2.0,12.33597075587825,1.1555358449773894,0.7055358449773894,0,0,0
15.541473627,1787250388.262434244,1787250388.262345314,9.301162764005955,6.079275025898903,2.0048287069505375,-0.3227185633800188,0.0,0.0,0.0,0.0,0.1758017312305206,0.06358730428986868,-0.1727421609962464,0.9670628479286372,2.779363374141758,-1.3205015551071604,-0.008640712334256017,32.983871934250445,20.0,0.0,2.0,12.305394197636321,1.1466374465947649,0.6966374465947649,0,0,0
15.551467180,1787250388.272427797,1787250388.272344351,9.32897794698631,6.065885885432261,2.0047360824,-0.33006965146921,0.0,0.0,0.0,0.0,0.1766892098587483,0.05973910463173069,-0.1759119535439482,0.9665749567920959,2.7835151773312363,-1.357327442617524,-0.009889589384241233,33.01474201792337,20.0,0.0,2.0,12.27459594697387,1.1278652902678499,0.6778652902678499,0,0,0
15.561465979,1787250388.282426596,1787250388.282344580,9.356829976796284,6.052128559553373,2.0046308465660903,-0.33769296855041925,0.0,0.0,0.0,0.0,0.17724557319935322,0.05605203824617079,-0.17920373085536875,0.9660891256179209,2.78674001333659,-1.3941300688030227,-0.011154959204884369,33.04580663854642,20.0,0.0,2.0,12.243584021393561,1.1092653870211278,0.6592653870211278,0,0,0
15.571468115,1787250388.292428732,1787250388.292344570,9.384709806300702,6.038003545331684,2.004513057371645,-0.3455826547049536,0.0,0.0,0.0,0.0,0.17747166563703096,0.05254657934926442,-0.18262088061138892,0.9656046182881637,2.789082502207055,-1.4308519322714803,-0.012404601476334324,33.07706067499378,20.0,0.0,2.0,12.212366399579293,1.0908651390507365,0.6408651390507365,0,0,0
15.581486940,1787250388.302447557,1787250388.302344561,9.412608839172075,6.023512033184761,2.0043827597890345,-0.3537409434330706,0.0,0.0,0.0,0.0,0.17737978572768434,0.04922638159302634,-0.1861689698470432,0.9651187956083693,2.7905886595858553,-1.4674211554592387,-0.013650191023922948,33.108499137693514,20.0,0.0,2.0,12.180951030805529,1.0726937730715924,0.6226937730715925,0,0,0
15.591472864,1787250388.312433481,1787250388.312344790,9.440518947045327,6.008655814628826,2.004240139567179,-0.3621549093660113,0.0,0.0,0.0,0.0,0.17699659084689004,0.04609229153033525,-0.1898462572560133,0.964627444195916,2.79130497881902,-1.5037800385520523,-0.014877524524436867,33.1401171972767,20.0,0.0,2.0,12.149345776014652,1.0547823540276011,0.6047823540276012,0,0,0
15.601486206,1787250388.322446823,1787250388.322344303,9.46843245919456,5.993437395248868,2.004085093686594,-0.3707959479550077,0.0,0.0,0.0,0.0,0.1763252712948555,0.04314612921972298,-0.1936410504556991,0.9641322283870424,2.791277565449032,-1.5398514628984572,-0.016135587098944765,33.17191009724123,20.0,0.0,2.0,12.117558473772872,1.0371639976956561,0.5871639976956562,0,0,0
15.611469746,1787250388.332430363,1787250388.332344294,9.49634218480696,5.977859929465567,2.003917350456971,-0.3796131467270749,0.0,0.0,0.0,0.0,0.1753671261487316,0.04039460237243494,-0.19753085652947447,0.9636369689277389,2.7905561934499765,-1.57557872279132,-0.017419778022840438,33.20387317534364,20.0,0.0,2.0,12.085596889711757,1.0198738962107659,0.5698738962107659,0,0,0
15.621490002,1787250388.342450619,1787250388.342344522,9.524241444979861,5.961927160359244,2.00373660459402,-0.38857231379634377,0.0,0.0,0.0,0.0,0.1741146351542248,0.03783983957027435,-0.2014998601340012,0.9631459114445666,2.789193412111928,-1.6109044659839888,-0.01873067672707415,33.23600189331771,20.0,0.0,2.0,12.053468659714547,1.0029493370821343,0.5529493370821343,0,0,0
15.631470442,1787250388.352431059,1787250388.352344751,9.552124095145684,5.945643344609869,2.0035427239252157,-0.3976363079696928,0.0,0.0,0.0,0.0,0.17257090385698698,0.035483999341275926,-0.2055312796422566,0.9626614472499392,2.787243328409964,-1.645777623387037,-0.02004941692253654,33.26829186738619,20.0,0.0,2.0,12.02118123378197,0.9864296940450837,0.5364296940450837,0,0,0
15.641490221,1787250388.362450838,1787250388.362344503,9.579984536918445,5.9290133045966025,2.0033355813755094,-0.40678396212977647,0.0,0.0,0.0,0.0,0.170738751273081,0.033320108787765174,-0.209614630606858,0.962184886495122,2.7847607582599037,-1.6801423639355915,-0.021376813851525678,33.30073882956529,20.0,0.0,2.0,11.988741891585011,0.9703565240232033,0.5203565240232033,0,0,0
15.651461601,1787250388.372422218,1787250388.372344732,9.607817712956027,5.912042345877692,2.0031152328057904,-0.41599146570762424,0.0,0.0,0.0,0.0,0.16863622883643561,0.03133897413798387,-0.2137385554736782,0.9617148854664929,2.7817990181814625,-1.713950173215856,-0.022698101961078295,33.3333386406333,20.0,0.0,2.0,11.95615770602232,0.954626953038407,0.5046269530384069,0,0,0
15.661466599,1787250388.382427216,1787250388.382344961,9.635619091665205,5.894736335088287,2.002881598726586,-0.4252694611803001,0.0,0.0,0.0,0.0,0.16627460085954604,0.029525590219835973,-0.21790715590535753,0.9612478702376444,2.7784093798063867,-1.7471490996811592,-0.02402171260257122,33.36608721697575,20.0,0.0,2.0,11.92343559452879,0.9360201482528245,0.4860201482528245,0,0,0
15.671466827,1787250388.392427444,1787250388.392344475,9.663384630274994,5.877101483021093,2.002634979680113,-0.4346294097170557,0.0,0.0,0.0,0.0,0.16367583590517884,0.027866277635080174,-0.22212555915114776,0.9607777720593329,2.774638706362821,-1.779709749908661,-0.025299195094862528,33.398980589601216,20.0,0.0,2.0,11.890582243375716,0.9178758883562146,0.4678758883562146,0,0,0
15.681467295,1787250388.402427912,1787250388.402344227,9.691110743771244,5.859144432296346,2.0023756879959804,-0.4440755909689058,0.0,0.0,0.0,0.0,0.1608576558176214,0.02634122626660984,-0.2263941451315887,0.9603002891875896,2.770531180038001,-1.8115839345814508,-0.026551219760242897,33.4320148184028,20.0,0.0,2.0,11.857604177049907,0.9002447052909155,0.4502447052909155,0,0,0
15.691468716,1787250388.412429333,1787250388.412344694,9.718794260331546,5.840872186832244,2.0021041321836344,-0.45359109075004655,0.0,0.0,0.0,0.0,0.15785001887154318,0.024931728646689074,-0.23070370380202002,0.9598112218040438,2.766125562781106,-1.8427423185605056,-0.027754442027530392,33.46518597735156,20.0,0.0,2.0,11.824507761072944,0.8820795050977759,0.4320795050977759,0,0,0
15.701480865,1787250388.422441483,1787250388.422344446,9.746432378777497,5.822292085236998,2.0018207251738436,-0.46315474882685087,0.0,0.0,0.0,0.0,0.1546779978864144,0.023615646117676376,-0.23504225020739963,0.959308166777359,2.761456845491857,-1.8731515171255013,-0.028918095357381837,33.49849012252983,20.0,0.0,2.0,11.79129922459082,0.8630588422662328,0.41305884226623274,0,0,0
15.711479187,1787250388.432439804,1787250388.432344198,9.774022619418998,5.8034117285616675,2.001525938332215,-0.472732719207704,0.0,0.0,0.0,0.0,0.15137693507868194,0.022374535021610034,-0.239392701202047,0.9587885785301882,2.756554798797432,-1.9027878875939488,-0.030036397321076654,33.53192328190979,20.0,0.0,2.0,11.757984666083265,0.8446215273542491,0.3946215273542491,0,0,0
15.721470356,1787250388.442430973,1787250388.442344189,9.80156278088387,5.78423894853351,2.001220192264017,-0.48233803453051277,0.0,0.0,0.0,0.0,0.14797805442227466,0.021193358065028013,-0.24376106236266293,0.9582452094631895,2.7514443551865617,-1.9316386671430572,-0.031093960439703434,33.565481432457425,20.0,0.0,2.0,11.724570073774746,0.8268300433562847,0.3768300433562847,0,0,0
15.731474876,1787250388.452435493,1787250388.452344656,9.829050875416964,5.764781546572949,2.0009044855956692,-0.49198990612262467,0.0,0.0,0.0,0.0,0.14451937140008286,0.02006574742415894,-0.24815760088721528,0.9576686912457442,2.7461447113567825,-1.9597104578857807,-0.032030057743855964,33.59916058777367,20.0,0.0,2.0,11.691061251770885,0.809750196635171,0.359750196635171,0,0,0
15.741452932,1787250388.462413549,1787250388.462344408,9.856485108380012,5.745047377017291,2.0005799107447917,-0.5016759080386612,0.0,0.0,0.0,0.0,0.14102990929429723,0.018985554912157088,-0.25257660951992317,0.9570554684617502,2.7406749101625487,-1.986991600586391,-0.032868359630435814,33.63295674044163,20.0,0.0,2.0,11.657463877575868,0.793451016851207,0.343451016851207,0,0,0
15.751466990,1787250388.472427607,1787250388.472344160,9.883863860920716,5.725044351419741,2.0002474343899572,-0.5113520227092418,0.0,0.0,0.0,0.0,0.1375418844485464,0.017950266605897748,-0.2569975320820659,0.9564059213821543,2.7350512752804903,-2.0134819315844474,-0.033612229790413735,33.666865849310305,20.0,0.0,2.0,11.623783517914156,0.7780044484754733,0.32800444847547333,0,0,0
15.761466026,1787250388.482426643,1787250388.482344151,9.911185671838071,5.704780356408886,1.9999079565045306,-0.5209670841730168,0.0,0.0,0.0,0.0,0.13407500441697812,0.016956669637327795,-0.26139568868420976,0.9557241539705406,2.7292890002069328,-2.039186818566868,-0.034269109688671154,33.700883875279466,20.0,0.0,2.0,11.59002560270969,0.7634848041295655,0.31348480412956553,0,0,0
15.771468878,1787250388.492429495,1787250388.492344618,9.938449226217056,5.684263203008241,1.9995623284285007,-0.530458123489279,0.0,0.0,0.0,0.0,0.130649454717184,0.016004142448158766,-0.26574104837292956,0.9550163781926768,2.7234022671350684,-2.064115789585113,-0.03484231039451555,33.73500680656927,20.0,0.0,2.0,11.556195408785802,0.7499680791183936,0.29996807911839357,0,0,0
15.781487703,1787250388.502448320,1787250388.502344370,9.965653347017826,5.663500574926863,1.999211402837732,-0.5397634354194817,0.0,0.0,0.0,0.0,0.12727278911027284,0.015089992350259407,-0.2700035410713874,0.9542913690754374,2.717404489561578,-2.0882842627088665,-0.03532818696356695,33.769230688028834,20.0,0.0,2.0,11.522298040594896,0.737531081327077,0.287531081327077,0,0,0
15.791472435,1787250388.512433052,1787250388.512344599,9.992796989086687,5.642499999464144,1.9988560735717922,-0.5488188574052238,0.0,0.0,0.0,0.0,0.1239538272560486,0.014213525765832218,-0.27415232099778464,0.953558561015216,2.711308498182034,-2.111709214638975,-0.03571815887139714,33.80355163984278,20.0,0.0,2.0,11.488338420074204,0.726250394006072,0.27625039400607204,0,0,0
15.801479816,1787250388.522440434,1787250388.522344351,10.019879229093052,5.6212687815558375,1.9984974830288023,-0.5575830062717355,0.0,0.0,0.0,0.0,0.12069459469398332,0.013380529368893248,-0.2781679574133038,0.9528254634055356,2.7051263055228714,-2.1344161877091783,-0.03597756910390751,33.8379658945174,20.0,0.0,2.0,11.454321262036428,0.7162011186728912,0.26620111867289115,0,0,0
15.811469793,1787250388.532430410,1787250388.532344580,10.046899277531981,5.599814014013854,1.998136956172636,-0.5660229944145003,0.0,0.0,0.0,0.0,0.1175010580601722,0.012601662001202607,-0.282035714382493,0.9520979756738822,2.698872887348197,-2.1564216651219827,-0.03610750374464188,33.87246980802785,20.0,0.0,2.0,11.420251067908781,0.7074555372160343,0.25745553721603426,0,0,0
15.821488380,1787250388.542448997,1787250388.542344093,10.07385650581297,5.5781426319470295,1.9977757285336353,-0.5741048663158799,0.0,0.0,0.0,0.0,0.11437293452739078,0.011886536852988142,-0.2857399670914288,0.9513833156492839,2.692565205921005,-2.177742077049291,-0.03611828342542801,33.90705985634651,20.0,0.0,2.0,11.386132128028377,0.7000816991087055,0.25008169910870554,0,0,0
15.831467628,1787250388.552428246,1787250388.552344322,10.10075046136199,5.556261394412962,1.997414981832432,-0.5817924787298289,0.0,0.0,0.0,0.0,0.11131441212376676,0.011242954724514207,-0.2892640495347657,0.95068870155764,2.686221461747094,-2.1983959719786115,-0.03601199044760663,33.94173266326025,20.0,0.0,2.0,11.351968498616777,0.6941418717006822,0.2441418717006822,0,0,0
15.841486931,1787250388.562447548,1787250388.562344790,10.127580877557278,5.5341768672286,1.9970558702071017,-0.5890604197479039,0.0,0.0,0.0,0.0,0.10832464617363567,0.010673512793146088,-0.2925958479931739,0.9500207981371601,2.679860465313736,-2.2184034073141485,-0.035791051945696206,33.976485023400656,20.0,0.0,2.0,11.317763983881317,0.68969099992324,0.23969099992324,0,0,0
15.851470470,1787250388.572431087,1787250388.572344542,10.15434767555446,5.511895416297393,1.99669953424408,-0.5958901820359066,0.0,0.0,0.0,0.0,0.10540715927370121,0.010177757714702815,-0.29572651151978946,0.9493848399917102,2.6735010017848406,-2.237783430803707,-0.03546050237241369,34.011313912357096,20.0,0.0,2.0,11.28352213039591,0.6867752667352707,0.23677526673527066,0,0,0
15.861468077,1787250388.582428694,1787250388.582344770,10.18105096570837,5.489423228713979,1.996346978827086,-0.6022910746860459,0.0,0.0,0.0,0.0,0.10255958732112712,0.009763148190579536,-0.29866089522241407,0.9487823152076956,2.6671619847357833,-2.2565546717371694,-0.03503279914173083,34.04621647981495,20.0,0.0,2.0,11.24924623548284,0.6854308611935747,0.23543086119357465,0,0,0
15.871476650,1787250388.592437267,1787250388.592344284,10.207691047598509,5.466766274469129,1.9959992422782424,-0.6082847537304887,0.0,0.0,0.0,0.0,0.09978263775676663,0.009439528472916339,-0.3014099309894107,0.9482121988275988,2.660862781131066,-2.274740019171554,-0.03449840543403073,34.08119007641973,20.0,0.0,2.0,11.214939327745729,0.6856829683033397,0.23568296830333973,0,0,0
15.881469011,1787250388.602429628,1787250388.602344751,10.234268424594235,5.443930317091397,1.9956573232582022,-0.6138876893465631,0.0,0.0,0.0,0.0,0.09707284063495196,0.009215567398123705,-0.3039817246869275,0.9476745475029668,2.6546245658982146,-2.2923589126105925,-0.03386900602728104,34.116232262794824,20.0,0.0,2.0,11.180604158947103,0.687545157164952,0.237545157164952,0,0,0
15.891471148,1787250388.612431765,1787250388.612344742,10.260783814326532,5.420920912106551,1.9953221869734836,-0.6191113594022291,0.0,0.0,0.0,0.0,0.09443129382948516,0.009095038694445905,-0.306381719860607,0.9471696008382514,2.6484690141437013,-2.309432713374557,-0.033144310568456146,34.151340821961234,20.0,0.0,2.0,11.146243193494968,0.6910191528636869,0.24101915286368686,0,0,0
15.901492119,1787250388.622452736,1787250388.622344732,10.287238152649625,5.397743415515282,1.994994706717231,-0.6239726182480083,0.0,0.0,0.0,0.0,0.09185653301653497,0.00907617526928296,-0.3086174314311935,0.9466970378117151,2.64241772257107,-2.325980864439977,-0.03233746257665136,34.18651376053152,20.0,0.0,2.0,11.111858608533701,0.6960950244327964,0.24609502443279635,0,0,0
15.911476612,1787250388.632437229,1787250388.632344961,10.31363258286739,5.374402978197508,1.994675702210134,-0.6284917207717882,0.0,0.0,0.0,0.0,0.0893521670644173,0.009149418123052673,-0.3106976571444277,0.9462554857087306,2.6364907185770057,-2.342023083517229,-0.03145676055825464,34.22174930685311,20.0,0.0,2.0,11.07745230005047,0.7027517472174518,0.2527517472174518,0,0,0
15.921479464,1787250388.642440081,1787250388.642344713,10.339968436200827,5.350904588449006,1.9943657042670815,-0.6327210128304163,0.0,0.0,0.0,0.0,0.08692520708801833,0.009283743709202482,-0.3126453359871095,0.9458386301906655,2.6307040231214267,-2.3575754867466916,-0.03053255406654936,34.257045873120916,20.0,0.0,2.0,11.043025920171035,0.7109581361279987,0.26095813612799873,0,0,0
15.931474209,1787250388.652434826,1787250388.652344704,10.366247149158873,5.327253015392005,1.9940652957862182,-0.6367226145157396,0.0,0.0,0.0,0.0,0.08458871891669495,0.009438211697149257,-0.31448785677088975,0.9454380237411888,2.6250628423985787,-2.3726634575879166,-0.029537244484339503,34.292402031114364,20.0,0.0,2.0,11.00858092134526,0.7206739365057034,0.2706739365057034,0,0,0
15.941478252,1787250388.662438869,1787250388.662344456,10.392470167347028,5.30345279857808,1.9937752004502094,-0.6405427206989179,0.0,0.0,0.0,0.0,0.08235527386903319,0.009565983579418366,-0.31624496451674333,0.9450477359593634,2.619563580234442,-2.387307668642451,-0.028469031888094864,34.327816451321254,20.0,0.0,2.0,10.974118635234081,0.7318511237163274,0.2818511237163274,0,0,0
15.951481581,1787250388.672442198,1787250388.672344685,10.418638849220674,5.279508275363578,1.9934961666416524,-0.6442108067390752,0.0,0.0,0.0,0.0,0.080238976533953,0.009624670263962942,-0.31792904013754586,0.9446640661125586,2.6141926383686047,-2.4015276474571783,-0.02732706532101137,34.36328781953338,20.0,0.0,2.0,10.93964037028385,0.7444353194313712,0.2944353194313712,0,0,0
15.961466789,1787250388.682427406,1787250388.682344675,10.444754376444134,5.25542360190474,1.9932288615514204,-0.64775154387462,0.0,0.0,0.0,0.0,0.07824932675352077,0.009578033674863946,-0.3195505879953877,0.9442842399645066,2.608928330686251,-2.4153408162103265,-0.02612350260763473,34.39881476296776,20.0,0.0,2.0,10.905147500619,0.7583672199319224,0.30836721993192234,0,0,0
15.971472979,1787250388.692433596,1787250388.692344427,10.470817675927737,5.231202753998169,1.9929738994046438,-0.651180679961799,0.0,0.0,0.0,0.0,0.07639365268115204,0.009403209447319885,-0.3211166002510488,0.9439066259568949,2.6037419851575776,-2.428765341366266,-0.024860345166922673,34.43439579807049,20.0,0.0,2.0,10.870641535113688,0.7735839677069127,0.3235839677069127,0,0,0
15.981497526,1787250388.702458143,1787250388.702344418,10.496829369499023,5.20684953504791,1.992731814585805,-0.6545083491131085,0.0,0.0,0.0,0.0,0.07467324689255982,0.009088286701867386,-0.3226317629530274,0.9435306326649755,2.5986015716168263,-2.4418179153416593,-0.023548532678789487,34.47002929468176,20.0,0.0,2.0,10.83612416593517,0.7900204436258766,0.34002044362587663,0,0,0
15.991481781,1787250388.712442398,1787250388.712344885,10.522789748693038,5.182367578915824,1.9925030809813387,-0.6577371220796614,0.0,0.0,0.0,0.0,0.07308632873355693,0.008635611983359883,-0.3240976836394633,0.9431566710878198,2.593473676729528,-2.4545153342651727,-0.022192513189738697,34.50571346180126,20.0,0.0,2.0,10.801597292728072,0.8076104353185203,0.35761043531852027,0,0,0
16.001491308,1787250388.722451925,1787250388.722344398,10.548698778672364,5.157760361833649,1.9922880648631902,-0.6608706128154481,0.0,0.0,0.0,0.0,0.07162547458642847,0.008051842669997086,-0.3255163791632438,0.9427852598107046,2.5883264977474325,-2.4668727645923076,-0.020805411453268547,34.541446348599415,20.0,0.0,2.0,10.767063025742683,0.8262876706780711,0.37628767067807106,0,0,0
16.011480570,1787250388.732441187,1787250388.732344866,10.574556114080028,5.133031205092563,1.9920870742216243,-0.6639092219263046,0.0,0.0,0.0,0.0,0.0702812309279484,0.00735215897484231,-0.3268885617533981,0.9424172974497316,2.5831301566992098,-2.478905570379529,-0.019389225920039457,34.57722585928287,20.0,0.0,2.0,10.732523674023485,0.8459866850616619,0.39598668506166185,0,0,0
16.021495342,1787250388.742455959,1787250388.742344379,10.600361132315445,5.108183288135543,1.9919003399019661,-0.6668527362231425,0.0,0.0,0.0,0.0,0.06904108989086431,0.0065533312135608425,-0.32821454794035965,0.9420539221705901,2.577859055912854,-2.4906270992916166,-0.017954333047990913,34.613049773264166,20.0,0.0,2.0,10.697981723323663,0.8666435375185684,0.41664353751856836,0,0,0
16.031474352,1787250388.752434969,1787250388.752344608,10.626112972666018,5.083219656301003,1.9917280515751967,-0.6696977211917052,0.0,0.0,0.0,0.0,0.06789288551021441,0.00567705788337132,-0.32949330092615187,0.9416966028162542,2.5724914380298256,-2.5020505032912532,-0.01650151565368078,34.648915772191835,20.0,0.0,2.0,10.663439806204936,0.888196369993618,0.43819636999361794,0,0,0
16.041495800,1787250388.762456417,1787250388.762344360,10.651810584042817,5.05814323409649,1.9915703385969665,-0.6724427682250393,0.0,0.0,0.0,0.0,0.06682421339817651,0.004742564271480728,-0.3307245960385534,0.9413465218308195,2.5670107954502006,-2.5131871400329757,-0.015039193389288174,34.68482146887684,20.0,0.0,2.0,10.628900667164096,0.9105858317259427,0.46058583172594264,0,0,0
16.051471233,1787250388.772431850,1787250388.772344828,10.677452768949042,5.032956831315508,1.9914273032789562,-0.6750855497184718,0.0,0.0,0.0,0.0,0.06582492424816486,0.003769325593875116,-0.33190783617649533,0.9410048139180412,2.5614044870629082,-2.524048218756296,-0.013567927000104809,34.72076443746477,20.0,0.0,2.0,10.594367127497064,0.9337553723234627,0.4837553723234627,0,0,0
16.061470509,1787250388.782431126,1787250388.782344341,10.703038225026217,5.007663158291147,1.9912989691474936,-0.6776293428432296,0.0,0.0,0.0,0.0,0.0648855143579508,0.0027597803674281056,-0.3330443318834482,0.9406719548488386,2.5556634545316297,-2.534642770434201,-0.012098811436221275,34.75674223516543,20.0,0.0,2.0,10.559842056591947,0.9576514281380311,0.5076514281380311,0,0,0
16.071467400,1787250388.792428017,1787250388.792344570,10.728565556309137,4.98226483468774,1.9911853309646639,-0.680077982653272,0.0,0.0,0.0,0.0,0.06399917948890052,0.0017109086519671575,-0.3341354787190035,0.9403481587569332,2.54977799911655,-2.5449794632856113,-0.010630230601302705,34.79275240592215,20.0,0.0,2.0,10.5253283666123,0.9822234894853478,0.5322234894853477,0,0,0
16.081468344,1787250388.802428961,1787250388.802344561,10.754033271014725,4.956764408684742,1.991086330170991,-0.6824392016299936,0.0,0.0,0.0,0.0,0.06316062149496232,0.0006100093897530963,-0.33518410049132935,0.9400329688679716,2.5437381671902304,-2.5550642966182386,-0.009170882773745453,34.82879246724031,20.0,0.0,2.0,10.490829023972143,1.007424086317468,0.557424086317468,0,0,0
16.091471195,1787250388.812431812,1787250388.812344313,10.779439761456276,4.9311643691509595,1.991001898644702,-0.6847196733471818,0.0,0.0,0.0,0.0,0.062367268066895167,-0.0005535164157593266,-0.33619264520142556,0.9397257700020352,2.5375309427036132,-2.5649028123299296,-0.00771761529090643,34.86485988895812,20.0,0.0,2.0,10.456347073142966,1.0332087016359803,0.5832087016359804,0,0,0
16.101473093,1787250388.822433710,1787250388.822344065,10.80478328490824,4.905467162399714,1.9909319296853476,-0.6869285157937659,0.0,0.0,0.0,0.0,0.061617889685849365,-0.0017930323833802919,-0.33716456931202743,0.939425395604233,2.5311420572739047,-2.5744983992907664,-0.0062777699304195625,34.90095206971008,20.0,0.0,2.0,10.42188566185525,1.0584955834137315,0.6084955834137316,0,0,0
16.111458302,1787250388.832418919,1787250388.832344294,10.830061939607203,4.879675198559133,1.990876313807159,-0.6890729221595778,0.0,0.0,0.0,0.0,0.060913035751738676,-0.00311520131483618,-0.33810270500725964,0.9391306929618739,2.524554393095979,-2.5838545436142444,-0.004848932875370063,34.93706631724854,20.0,0.0,2.0,10.387448065647465,1.083448795261268,0.633448795261268,0,0,0
16.121451139,1787250388.842411757,1787250388.842344522,10.855273650773709,4.85379086489083,1.9908348726755083,-0.6911650923218216,0.0,0.0,0.0,0.0,0.06025235476657367,-0.0045369588786807365,-0.33901167757863604,0.9388397904938495,2.5177498791767117,-2.5929727503154063,-0.0034422248135561194,34.973199831148555,20.0,0.0,2.0,10.353037706967465,1.108951828959866,0.6589518289598661,0,0,0
16.131450415,1787250388.852411032,1787250388.852344275,10.880416139487803,4.827816530011476,1.990807417049453,-0.6932158127562118,0.0,0.0,0.0,0.0,0.059635644284134384,-0.0060700126433819125,-0.339895600930592,0.9385508645488305,2.510706174041652,-2.601854811032213,-0.0020532214974733273,35.009349679903075,20.0,0.0,2.0,10.318658185052353,1.1349670959874991,0.6849670959874992,0,0,0
16.141448021,1787250388.862408638,1787250388.862344503,10.905486899892978,4.801754557003257,1.9907937170631873,-0.6952369935188062,0.0,0.0,0.0,0.0,0.05906170292961016,-0.007727243967968021,-0.3407589447127699,0.9382618752490977,2.5033999656630903,-2.610500434889392,-0.0006903480696921197,35.04551277783542,20.0,0.0,2.0,10.284313302761896,1.136531414736351,0.686531414736351,0,0,0
16.151449442,1787250388.872410059,1787250388.872344732,10.930483176374747,4.775607308805702,1.9907935455845642,-0.6972366032961095,0.0,0.0,0.0,0.0,0.05852930975180845,-0.009509829817106873,-0.34160480104511187,0.9379712377998357,2.495805231983346,-2.6189096517041,0.0006513341026177842,35.08168586764383,20.0,0.0,2.0,10.25000708978988,1.1363771948208836,0.6863771948208837,0,0,0
16.161447048,1787250388.882407665,1787250388.882344246,10.955401961378348,4.74937715636213,1.9908066462942746,-0.6992231700554973,0.0,0.0,0.0,0.0,0.05803640974950723,-0.011416084935929511,-0.3424365952811887,0.9376772506360334,2.4878974601892816,-2.6270812268046746,0.0019648685475736026,35.11786551544335,20.0,0.0,2.0,10.215743809011922,1.1372609652757437,0.6872609652757438,0,0,0
16.171448231,1787250388.892408848,1787250388.892344475,10.980240000263633,4.723066476825656,1.9908327708893054,-0.7012011035869463,0.0,0.0,0.0,0.0,0.05758099055273503,-0.013431688308210645,-0.34325644759467455,0.9373788084125015,2.479652390121215,-2.6350149336198885,0.0032551574086846237,35.154048117835,20.0,0.0,2.0,10.18152795190624,1.1391799482492113,0.6891799482492114,0,0,0
16.181464672,1787250388.902425289,1787250388.902344465,11.004993818599981,4.696677652304559,1.9908716494003085,-0.7031751087492992,0.0,0.0,0.0,0.0,0.057160471299974626,-0.015540528531701717,-0.3440667518404448,0.937074833069209,2.4710501415585355,-2.642710342284819,0.004516372698972233,35.190229923944884,20.0,0.0,2.0,10.147364214408897,1.1421279259584258,0.6921279259584259,0,0,0
16.191472530,1787250388.912433147,1787250388.912344694,11.029659754585502,4.670213060613105,1.9909230162402316,-0.7051450532599319,0.0,0.0,0.0,0.0,0.05677181163744808,-0.0177167100319004,-0.34486826405995985,0.9367651573544553,2.4620737665701453,-2.6501684114397053,0.005750650125702719,35.22640706659033,20.0,0.0,2.0,10.113257464420572,1.146095322507067,0.696095322507067,0,0,0
16.201466322,1787250388.922426939,1787250388.922344685,11.054234014982677,4.643675074473002,1.9909865207819484,-0.7070982314266673,0.0,0.0,0.0,0.0,0.05640294892007622,-0.01993076312554579,-0.3456562093605445,0.9364524851613413,2.4527137887713684,-2.657389442501599,0.0069439401244821616,35.26257560285139,20.0,0.0,2.0,10.0792126924072,1.1510693600442883,0.7010693600442883,0,0,0
16.211468697,1787250388.932429314,1787250388.932344675,11.078712737081153,4.6170660572360465,1.9910617757940832,-0.7090138296888392,0.0,0.0,0.0,0.0,0.0560388764622181,-0.022146710552127906,-0.3464226915301528,0.936141274770842,2.4429662758134034,-2.6643747082483262,0.00809977288844207,35.298731560828024,20.0,0.0,2.0,10.045234954755973,1.1570342630498296,0.7070342630498296,0,0,0
16.221467495,1787250388.942428112,1787250388.942344666,11.103092064403542,4.590388365637934,1.9911483681040785,-0.7108824649401844,0.0,0.0,0.0,0.0,0.05566342715940902,-0.02433314983933583,-0.3471652685006808,0.9358342572499768,2.4328360234467308,-2.671124406347011,0.009212233000764567,35.33487098982081,20.0,0.0,2.0,10.011329308001539,1.1639715194277076,0.7139715194277076,0,0,0
16.231534004,1787250388.952494621,1787250388.952345133,11.127368214690724,4.563644353047694,1.9912458996839637,-0.7126997438003323,0.0,0.0,0.0,0.0,0.05526389717638017,-0.02645970003317478,-0.3478840967623217,0.9355332389407105,2.422333309497279,-2.677638806043337,0.010286709190857923,35.37099000412909,20.0,0.0,2.0,9.977500749839958,1.1718601690185162,0.7218601690185162,0,0,0
16.241501570,1787250388.962462187,1787250388.962347746,11.151537546379249,4.536836376406631,1.9913539529412145,-0.7144648735180477,0.0,0.0,0.0,0.0,0.05483032103492237,-0.028506593304955485,-0.34858058882607784,0.9352393186382928,2.4114753040777663,-2.683917185894521,0.011317479954306485,35.40708482205859,20.0,0.0,2.0,9.94375416296845,1.1806771185845437,0.7306771185845438,0,0,0
16.251451254,1787250388.972411871,1787250388.972344875,11.175596599821905,4.509966796178082,1.991472132150546,-0.7161773004675911,0.0,0.0,0.0,0.0,0.05435859037182522,-0.030460703316037157,-0.34925594823145945,0.9349532457996093,2.4002812148303376,-2.6899594534553586,0.01231188167443255,35.44315179255156,20.0,0.0,2.0,9.910094277868076,1.1903974473543286,0.7403974473543287,0,0,0
16.261440516,1787250388.982401133,1787250388.982344866,11.199542119158076,4.483037977145566,1.991600063996093,-0.7178403660032318,0.0,0.0,0.0,0.0,0.05384855914173142,-0.032340219776777646,-0.3499110732570436,0.9346746405435707,2.38877133671863,-2.695764737106849,0.013269013279099863,35.479187407674964,20.0,0.0,2.0,9.876525653078971,1.2009947040717814,0.7509947040717815,0,0,0
16.271430969,1787250388.992391586,1787250388.992340803,11.22337102041232,4.45605229777108,1.9917374118747109,-0.7194578658226309,0.0,0.0,0.0,0.0,0.05330558241195415,-0.03417535131856614,-0.35054603550039437,0.9344025028010847,2.376959573215807,-2.7013310445308134,0.014194816619181741,35.51518827281355,20.0,0.0,2.0,9.84305270717229,1.2124411577899765,0.7624411577899766,0,0,0
16.281431198,1787250389.002391815,1787250389.002344370,11.247080331909789,4.4290121642700635,1.9918838483266188,-0.7210432141327583,0.0,0.0,0.0,0.0,0.05273741992972091,-0.03600954835753146,-0.35116421734284253,0.9341336999724567,2.3648537514804393,-2.7066549049644997,0.015087673482513966,35.551151055173534,20.0,0.0,2.0,9.809679777607963,1.2247080148799734,0.7747080148799734,0,0,0
16.291447401,1787250389.012408018,1787250389.012344360,11.270667108396223,4.401920022808098,1.9920390760641207,-0.7226110584953076,0.0,0.0,0.0,0.0,0.052155038476719734,-0.037880941989098325,-0.3517696344648842,0.933864556808937,2.3524517606710256,-2.711731780529156,0.015952632920901703,35.58707241719764,20.0,0.0,2.0,9.776411202273783,1.237765594358145,0.787765594358145,0,0,0
16.301489115,1787250389.022449732,1787250389.022344589,11.294128352925085,4.374778369579321,1.9922027961961197,-0.7241773542317392,0.0,0.0,0.0,0.0,0.051569086194632074,-0.039825487072873526,-0.3523667925743864,0.9335910257812563,2.3397451595382344,-2.7165563724152464,0.01678674094351617,35.622948957431,20.0,0.0,2.0,9.743251393383481,1.2515834909840347,0.8015834909840347,0,0,0
16.311468840,1787250389.032429457,1787250389.032344580,11.317460942954371,4.347589753864361,1.9923747217658563,-0.7257537767407951,0.0,0.0,0.0,0.0,0.05099067418508189,-0.04186367795900741,-0.352959070134116,0.9333098512412454,2.326718010848549,-2.721123433148708,0.017593313919036582,35.658777160572825,20.0,0.0,2.0,9.710204904629837,1.2661307201984087,0.8161307201984087,0,0,0
16.321452856,1787250389.042413473,1787250389.042344570,11.340661581625572,4.320356775356678,1.992554561128459,-0.7273533628207176,0.0,0.0,0.0,0.0,0.050428819260310724,-0.04401655537121039,-0.35355023988251266,0.9330175265879425,2.3133511541916083,-2.725428148956375,0.01836985732662582,35.69455336908278,20.0,0.0,2.0,9.67727647351597,1.2813758666562518,0.8313758666562518,0,0,0
16.331452131,1787250389.052412748,1787250389.052344561,11.363726754217396,4.293082080528701,1.992742024969112,-0.7289846613295582,0.0,0.0,0.0,0.0,0.04989133123810187,-0.04629056690570318,-0.35414290964829825,0.9327115513537269,2.2996208946279775,-2.7294660177693117,0.01911757813726004,35.73027375972092,20.0,0.0,2.0,9.644471058807662,1.2972872192797407,0.8472872192797407,0,0,0
16.341447830,1787250389.062408447,1787250389.062344313,11.386652710213005,4.265768356316888,1.9929368042533029,-0.7306564886517564,0.0,0.0,0.0,0.0,0.04938241690757269,-0.048685990502712044,-0.354740227916964,0.9323896298900782,2.2855037603574324,-2.7332334939804044,0.01983305610336519,35.76593433918342,20.0,0.0,2.0,9.61179385406125,1.3138329128979975,0.8638329128979976,0,0,0
16.351468325,1787250389.072428942,1787250389.072356701,11.409435460983971,4.238418321226833,1.9931385796138317,-0.7323725132811234,0.0,0.0,0.0,0.0,0.04890426007432127,-0.05118655891160546,-0.3553442771577628,0.9320508324252487,2.2709763648160983,-2.736727872186081,0.020516160108512507,35.80153095230062,20.0,0.0,2.0,9.579250286102804,1.330981067652284,0.880981067652284,0,0,0
16.361483097,1787250389.082443714,1787250389.082345009,11.432070807287253,4.211034713061776,1.9933470081387528,-0.7341354816163466,0.0,0.0,0.0,0.0,0.048455428743613735,-0.053770662700035575,-0.3559573255192693,0.9316947835354884,2.2560199787927573,-2.739948004775889,0.021163644951693823,35.83705931197084,20.0,0.0,2.0,9.546845985363506,1.3486999413344167,0.8986999413344168,0,0,0
16.371438265,1787250389.092398882,1787250389.092344522,11.45455438157079,4.183620275449044,1.9935617314868677,-0.735942941631632,0.0,0.0,0.0,0.0,0.04803304578079141,-0.05640476460611947,-0.35658047849584107,0.9313225496026742,2.2406202380291713,-2.7428939338879883,0.02177459823255718,35.87251503941087,20.0,0.0,2.0,9.514586742364628,1.3669580813057964,0.9169580813057965,0,0,0
16.381422997,1787250389.102383614,1787250389.102344990,11.476881710735249,4.156177742121584,1.9937823703545536,-0.737792231579052,0.0,0.0,0.0,0.0,0.047631778695389364,-0.059055486101476096,-0.3572151161819696,0.9309355638231541,2.2247702599095125,-2.7455675502575057,0.022346701447881222,35.907893718647905,20.0,0.0,2.0,9.482478444785656,1.385724482331389,0.935724482331389,0,0,0
16.391421080,1787250389.112381697,1787250389.112344503,11.49904828291593,4.1287098222276395,1.9940085339492855,-0.739676055916564,0.0,0.0,0.0,0.0,0.04724629105554663,-0.06168516545431357,-0.3578612166217759,0.9305364463482078,2.2084694332958095,-2.7479719239235063,0.02287934260866137,35.943190952186995,20.0,0.0,2.0,9.45052701123165,1.4049687350771674,0.9549687350771674,0,0,0
16.401441574,1787250389.122402191,1787250389.122344732,11.521049618402527,4.1012191855494935,1.9942398217255524,-0.741578456463012,0.0,0.0,0.0,0.0,0.04687066927499501,-0.06426751923759676,-0.3585140500730771,0.9301292932882816,2.1917244010829973,-2.7501117090187144,0.023371313909258392,35.978402418532475,20.0,0.0,2.0,9.41873832108977,1.4246611656686479,0.9746611656686479,0,0,0
16.411430836,1787250389.132391453,1787250389.132344723,11.54288132596562,4.073708453021595,1.9944758225396784,-0.7434776200170282,0.0,0.0,0.0,0.0,0.04650053496104772,-0.06677986146366559,-0.35916606198110407,0.9297192534696782,2.174545994269967,-2.7519920890455025,0.023822500228970145,36.013523915592344,20.0,0.0,2.0,9.38711815966206,1.4447729484499674,0.9947729484499674,0,0,0
16.421429396,1787250389.142390013,1787250389.142344475,11.564539141167039,4.04618018729248,1.9947161510191416,-0.7453639032051479,0.0,0.0,0.0,0.0,0.046132686508531764,-0.06921038846432667,-0.35981448531773524,0.929309008629345,2.1569485101488937,-2.753619370569183,0.02423709788486965,36.04855139239456,20.0,0.0,2.0,9.35567217937873,1.4652761881004424,1.0152761881004424,0,0,0
16.431449175,1787250389.152409792,1787250389.152344704,11.5860189540643,4.01863688885042,1.994960440495848,-0.7472325680505317,0.0,0.0,0.0,0.0,0.04576626504508514,-0.07155000877039426,-0.3604585980853408,0.9289002337684765,2.138948462960115,-2.7549997389312617,0.024614702629764725,36.08348096909566,20.0,0.0,2.0,9.324405872920515,1.4861439798626626,1.0361439798626626,0,0,0
16.441489697,1787250389.162450314,1787250389.162344933,11.60731682801398,3.9910809927774804,1.9952083249208163,-0.7490820333833219,0.0,0.0,0.0,0.0,0.04540062949759073,-0.07379821067474332,-0.36109830815508603,0.9284937365378203,2.120563657213289,-2.7561399867715237,0.024956100586463713,36.11830895051646,20.0,0.0,2.0,9.293324554560497,1.5073504499162411,1.0573504499162412,0,0,0
16.451451302,1787250389.172411919,1787250389.172344685,11.628429003358383,3.9635148681279344,1.9954594372627117,-0.7509097543606744,0.0,0.0,0.0,0.0,0.04503628362839111,-0.07595523425622577,-0.36173294038437126,0.9280904133687095,2.101811766601683,-2.757046559662996,0.025259775294800346,36.15303182818199,20.0,0.0,2.0,9.262433356218672,1.5288707707867757,1.0788707707867757,0,0,0
16.461448669,1787250389.182409286,1787250389.182344913,11.649351899631801,3.9359408192759493,1.995713385756798,-0.7527130719556882,0.0,0.0,0.0,0.0,0.044668970177874835,-0.07802681779459839,-0.3623613405745679,0.9276910895686661,2.082710674067655,-2.7577257424336077,0.025523154029913266,36.18764627962062,20.0,0.0,2.0,9.23173722568441,1.5497742537311245,1.0997742537311246,0,0,0
16.471474409,1787250389.192435026,1787250389.192344189,11.670082108037022,3.90836109532839,1.9959697628916573,-0.7544872258281204,0.0,0.0,0.0,0.0,0.04429368054682613,-0.08001710473827253,-0.36298155193762793,0.9272969997610643,2.063277007159133,-2.7581823049401066,0.025745104925080163,36.222149155483116,20.0,0.0,2.0,9.20124093702217,1.5701091609286393,1.1201091609286393,0,0,0
16.481449604,1787250389.202410221,1787250389.202344656,11.690616386588982,3.8807779026009794,1.9962281443434806,-0.7562329964300425,0.0,0.0,0.0,0.0,0.043903843900061246,-0.08193216896509753,-0.3635940226239089,0.9269082796542699,2.0435273057833707,-2.7584199569744907,0.02592413309599551,36.25653746567222,20.0,0.0,2.0,9.170949099795218,1.5907366203527793,1.1407366203527793,0,0,0
16.491447210,1787250389.212407827,1787250389.212344646,11.710951652064752,3.8531934190120465,1.9964881038650744,-0.7579515809431346,0.0,0.0,0.0,0.0,0.04349489913268741,-0.08377442433251577,-0.3641996951997528,0.9265250248069935,2.023477087185709,-2.758440764432189,0.026060273139158263,36.29080836200994,20.0,0.0,2.0,9.140866171875631,1.6116349445819385,1.1616349445819385,0,0,0
16.501473665,1787250389.222434282,1787250389.222344398,11.731084980612948,3.82560980540161,1.9967491991084507,-0.7596451356356962,0.0,0.0,0.0,0.0,0.04306250861545044,-0.08554603359520183,-0.36479996256918057,0.9261471177936027,2.0031424795496884,-2.7582460952256924,0.026151447692070725,36.32495912816483,20.0,0.0,2.0,9.110996462996576,1.63128887749647,1.18128887749647,0,0,0
16.511465788,1787250389.232426405,1787250389.232344389,11.751013604144173,3.798029213417973,1.99701099058863,-0.761314032311793,0.0,0.0,0.0,0.0,0.04260577803800291,-0.08724587609655665,-0.36539560026694523,0.9257747890753342,1.9825386043306323,-2.7578365773014815,0.026200188919310488,36.35898716990684,20.0,0.0,2.0,9.08134414055365,1.6510171045252464,1.2010171045252465,0,0,0
16.521434546,1787250389.242395163,1787250389.242344379,11.770734903227073,3.7704537867413035,1.9972730785370112,-0.7629649047076009,0.0,0.0,0.0,0.0,0.04212809693269863,-0.08888146696103068,-0.36598903372720676,0.9254065784675998,1.961679813375608,-2.757213169595348,0.02621139384191824,36.39289000878517,20.0,0.0,2.0,9.051913235720813,1.670997981504645,1.220997981504645,0,0,0
16.531445503,1787250389.252406120,1787250389.252344370,11.790246392478243,3.74288565971597,1.9975350998326822,-0.7646046447025742,0.0,0.0,0.0,0.0,0.04163735161267235,-0.09046089492786312,-0.3665824304980219,0.9250407986081997,1.940578595776472,-2.7563769224371364,0.026187070383846166,36.426665273338436,20.0,0.0,2.0,9.022707655335886,1.6907917758205533,1.2407917758205533,0,0,0
16.541444778,1787250389.262405396,1787250389.262344122,11.809545702526604,3.7153269505000686,1.9977967068749283,-0.7662396737604682,0.0,0.0,0.0,0.0,0.041142249460693,-0.09199415557515256,-0.3671773657919608,0.924675712182063,1.919245502232463,-2.7553300174251865,0.026128700710772865,36.46031069294102,20.0,0.0,2.0,8.993731194705186,1.7096154459988944,1.2596154459988944,0,0,0
16.551448822,1787250389.272409439,1787250389.272344112,11.828630557460572,3.687779751779094,1.9980575588789629,-0.7678728024734199,0.0,0.0,0.0,0.0,0.04065258999317314,-0.09348714158310288,-0.3677740905136425,0.9243104130281834,1.8976888899748876,-2.754075466373845,0.026035760970429485,36.493824091589794,20.0,0.0,2.0,8.9649875536543,1.728674461561704,1.278674461561704,0,0,0
16.561489344,1787250389.282449961,1787250389.282344341,11.847498759449145,3.6602461181725547,1.9983173028019205,-0.7695069315703883,0.0,0.0,0.0,0.0,0.040176175319021755,-0.09494334886723868,-0.3683732242414156,0.9239441558365921,1.8759159591091363,-2.752617830122679,0.025907047141827837,36.52720338895757,20.0,0.0,2.0,8.93648034487014,1.7479513115136067,1.2979513115136068,0,0,0
16.571469307,1787250389.292429924,1787250389.292344093,11.86614817618037,3.6327280536430058,1.9985755772859108,-0.7711419413693029,0.0,0.0,0.0,0.0,0.03971966871020996,-0.09636056351875032,-0.3689747207003459,0.9235770921801828,1.853932980138819,-2.750962724682968,0.025741332748225737,36.56044660368744,20.0,0.0,2.0,8.908213099862333,1.766451582545921,1.316451582545921,0,0,0
16.581484079,1787250389.302444696,1787250389.302345276,11.88457674276914,3.6052274984176576,1.9988319969319759,-0.7727767672921702,0.0,0.0,0.0,0.0,0.039286152464090424,-0.09773315638414527,-0.36957871574709494,0.9232098359714808,1.8317471089423711,-2.7491172054647386,0.02553601436544189,36.59355186543318,20.0,0.0,2.0,8.880189261698286,1.7845844001550057,1.3345844001550058,0,0,0
16.591462135,1787250389.312422752,1787250389.312344313,11.902782467845721,3.5777463183262994,1.9990861646339044,-0.7744071115694405,0.0,0.0,0.0,0.0,0.038875953379408947,-0.09905165204912776,-0.3701845217074609,0.922843892737769,1.809366235475152,-2.7470890817300324,0.02529051522334265,36.62651742755486,20.0,0.0,2.0,8.852412175018687,1.8029196621471384,1.3529196621471384,0,0,0
16.601500988,1787250389.322461605,1787250389.322344780,11.920763452039486,3.550286300040133,1.9993376649384895,-0.7760249318773819,0.0,0.0,0.0,0.0,0.0384739949810293,-0.10031115242653674,-0.37079005008618293,0.9224815245662895,1.786800738067176,-2.744885821640708,0.0250025609584526,36.659341681533526,20.0,0.0,2.0,8.824885067174604,1.8214417477152338,1.3714417477152339,0,0,0
16.611472845,1787250389.332433462,1787250389.332344294,11.938517905914244,3.5228491720490207,1.9995860781602766,-0.7776189662983164,0.0,0.0,0.0,0.0,0.03805958441839822,-0.10150797110523475,-0.3713919685584047,0.9221255909724612,1.764062381256374,-2.742511435568289,0.024673030245450277,36.69202314927781,20.0,0.0,2.0,8.797611040140557,1.8386595507826382,1.3886595507826383,0,0,0
16.621468306,1787250389.342428923,1787250389.342344522,11.956044171129724,3.495436639745408,1.9998309867243393,-0.7791834967184024,0.0,0.0,0.0,0.0,0.037607350961165985,-0.10264042460095893,-0.3719895855961193,0.9217778358148161,1.7411654811570825,-2.7399663311928135,0.024302067537619914,36.724560464469825,20.0,0.0,2.0,8.770593064773683,1.8560494071973799,1.40604940719738,0,0,0
16.631468534,1787250389.352429152,1787250389.352344513,11.97334073956937,3.4680504282930573,2.000071990576135,-0.7807142270921472,0.0,0.0,0.0,0.0,0.037096025752847664,-0.1037065598323791,-0.37258272940015763,0.921439604137898,1.7181259972369438,-2.737246305247675,0.02389180060452445,36.756952345248145,20.0,0.0,2.0,8.743833979520831,1.8736127875310307,1.4236127875310307,0,0,0
16.641484261,1787250389.362444878,1787250389.362344742,11.990406278235653,3.440692320584189,2.0003086856638848,-0.7822066806287523,0.0,0.0,0.0,0.0,0.03650696490880701,-0.10470451265222938,-0.3731710258899527,0.9211121495125588,1.6949626120200059,-2.734344066867265,0.023440861029980175,36.7891975726771,20.0,0.0,2.0,8.717336481284905,1.8908438346429666,1.4408438346429666,0,0,0
16.651479483,1787250389.372440100,1787250389.372344971,12.007239640891617,3.4133641881023933,2.0005406904026386,-0.7836551844873887,0.0,0.0,0.0,0.0,0.03582979600399177,-0.10563260949047001,-0.3737530617094477,0.9207967345692317,1.6716939935108515,-2.7312494788305433,0.02295460743854042,36.821294967422595,20.0,0.0,2.0,8.6911031250987,1.9072861568209691,1.4572861568209692,0,0,0
16.661469698,1787250389.382430315,1787250389.382344246,12.023839871236973,3.386068012681179,2.0007676776159373,-0.7850600581591133,0.0,0.0,0.0,0.0,0.03504594234541345,-0.10650005191462908,-0.3743292141346027,0.9204928898762196,1.6483392695001757,-2.727950168778217,0.022438319306737134,36.85324336899982,20.0,0.0,2.0,8.665136327577347,1.923890089024006,1.473890089024006,0,0,0
16.671478987,1787250389.392439604,1787250389.392344475,12.040206200106581,3.3588059237093866,2.0009893732903015,-0.7864228191074756,0.0,0.0,0.0,0.0,0.034141407066251676,-0.10732014816502757,-0.37489957408319785,0.9201994672208901,1.6249167182192619,-2.7244291359807757,0.021896614567838965,36.88504159795595,20.0,0.0,2.0,8.63943838156315,1.940643335935382,1.4906433359353821,0,0,0
16.681467772,1787250389.402428389,1787250389.402344465,12.056338037348263,3.33158023477711,2.0012055302011014,-0.7877443043542789,0.0,0.0,0.0,0.0,0.03310292199022799,-0.10810808102399169,-0.3754636157028232,0.919915166010639,1.6014435764899781,-2.720666493788664,0.021331202632092466,36.91668841508562,20.0,0.0,2.0,8.614011474971496,1.9565929038386345,1.5065929038386345,0,0,0
16.691452026,1787250389.412412643,1787250389.412344217,12.072234952349909,3.3043934761487845,2.001415930714898,-0.789022536559981,0.0,0.0,0.0,0.0,0.031928265935615416,-0.10887616247826797,-0.3760192281535832,0.9196391178811034,1.5779346990532783,-2.7166392287348025,0.020745251542529562,36.94818247833032,20.0,0.0,2.0,8.58885771804475,1.9722399728446824,1.5222399728446825,0,0,0
16.701454163,1787250389.422414780,1787250389.422344685,12.087896658275271,3.2772484087596503,2.001620363287183,-0.7902546748962733,0.0,0.0,0.0,0.0,0.030619811679605386,-0.10963241578408452,-0.3765641974377469,0.919370744449766,1.5544037842863192,-2.7123243591893282,0.02013805085358373,36.97952231733325,20.0,0.0,2.0,8.56397915973798,1.9880271290022022,1.5380271290022023,0,0,0
16.711446762,1787250389.432407379,1787250389.432344675,12.103322991406333,3.250148023205107,2.0018186352640055,-0.7914364692674578,0.0,0.0,0.0,0.0,0.029190196904877376,-0.11037987428844469,-0.3770956828289185,0.9191099290881986,1.5308617835173142,-2.7076993577944783,0.019514070227927133,37.010706319046506,20.0,0.0,2.0,8.539377802757652,2.002441882396422,1.552441882396422,0,0,0
16.721465349,1787250389.442425966,1787250389.442344666,12.11851388686011,3.223095525861622,2.0020106088786362,-0.7925747304926349,0.0,0.0,0.0,0.0,0.027634691164026316,-0.1111292299845216,-0.37761597623349147,0.9188540648985254,1.5073176470030702,-2.7027428905101556,0.018879156241277957,37.04173272346396,20.0,0.0,2.0,8.515055617140394,2.002228846900577,1.552228846900577,0,0,0
16.731444597,1787250389.452405214,1787250389.452344418,12.13346936380743,3.1960943511044,2.0021961920535793,-0.7936786823115164,0.0,0.0,0.0,0.0,0.025948881341624142,-0.111891020753097,-0.37812849897286616,0.9185999636928338,1.483779285034951,-2.697430761863948,0.018236377313395478,37.072599601668706,20.0,0.0,2.0,8.491014555079815,2.002478646783897,1.5524786467838971,0,0,0
16.741442204,1787250389.462402821,1787250389.462344408,12.148189514282022,3.1691481805197843,2.0023753178013974,-0.7947484834553703,0.0,0.0,0.0,0.0,0.024121463360748233,-0.11267413301269348,-0.3786332450595886,0.9183461006019569,1.4602534533969107,-2.6917374918686447,0.017587916258505826,37.10330482964707,20.0,0.0,2.0,8.467256564900895,2.003191122125356,1.5531911221253563,0,0,0
16.751443386,1787250389.472404003,1787250389.472344398,12.162674496715903,3.142260965850607,2.0025479331177585,-0.7957766376368302,0.0,0.0,0.0,0.0,0.02215052070293843,-0.11348162616260991,-0.3791269363993716,0.9180926102809592,1.4367467627891375,-2.685634963853067,0.016934241390897643,37.133846061200884,20.0,0.0,2.0,8.443783601792438,2.0033428031763014,1.5533428031763015,0,0,0
16.761441708,1787250389.482402325,1787250389.482344151,12.176924535265371,3.115436936553995,2.002713985118335,-0.7967545327816695,0.0,0.0,0.0,0.0,0.020034976525400955,-0.11431080328457634,-0.3796065534341898,0.9178401301740283,1.41326583726274,-2.6790957874380315,0.016275305136782443,37.16422071707768,20.0,0.0,2.0,8.420597627145778,2.002907168344177,1.5529071683441769,0,0,0
16.771473408,1787250389.492434025,1787250389.492344618,12.19093992455982,3.088680595437482,2.002873420362613,-0.79767160649796,0.0,0.0,0.0,0.0,0.017786995105574417,-0.11515216950887065,-0.380068213964474,0.9175901881539327,1.389818304098703,-2.6720932549580376,0.015610504086704334,37.19442598725716,20.0,0.0,2.0,8.397700598319187,2.002926181304985,1.5529261813049848,0,0,0
16.781471968,1787250389.502432585,1787250389.502344847,12.204721042289751,3.0619966904380473,2.0030261697279106,-0.7985143429804732,0.0,0.0,0.0,0.0,0.015420635137095125,-0.11599063065771177,-0.38050727423401853,0.9173454048866176,1.3664131068123753,-2.6646050935727352,0.014938197478391615,37.224458857986974,20.0,0.0,2.0,8.375094442361648,1.9956429439995398,1.5456429439995398,0,0,0
16.791464329,1787250389.512424946,1787250389.512344837,12.218268361619112,3.035390173939688,2.003172163608586,-0.7992684711947257,0.0,0.0,0.0,0.0,0.012960818284154144,-0.11680756531785916,-0.38091837186595384,0.9171091559072508,1.3430603380971926,-2.6566131057879527,0.014259995303878104,37.254316150151574,20.0,0.0,2.0,8.352781025649461,1.98204996345265,1.53204996345265,0,0,0
16.801490784,1787250389.522451401,1787250389.522344351,12.231582460145004,3.0088661483087273,2.003311363310156,-0.7999270036461607,0.0,0.0,0.0,0.0,0.010423784204741802,-0.11758678973572168,-0.38129963932750194,0.91688345859832,1.3197710325378202,-2.6481051746976987,0.013579645109463558,37.28399456877161,20.0,0.0,2.0,8.330762122224588,1.9684401017125042,1.5184401017125042,0,0,0
16.811458826,1787250389.532419443,1787250389.532344580,12.244664038767997,2.9824298189757426,2.0034437504154474,-0.8004871427190394,0.0,0.0,0.0,0.0,0.007829507873302156,-0.1183144667506834,-0.3816504102982443,0.9166697061009189,1.2965586378787237,-2.6390729263238444,0.012897631438072694,37.31349075046039,20.0,0.0,2.0,8.309039376252283,1.9554177420857652,1.5054177420857653,0,0,0
16.821453571,1787250389.542414188,1787250389.542344093,12.257513935440672,2.95608644952787,2.0035693175341422,-0.8009421806668415,0.0,0.0,0.0,0.0,0.0051902046287848145,-0.11897890076736736,-0.3819684038708615,0.9164699784458009,1.2734370937135286,-2.6295127757593018,0.0122159776926724,37.34280130701374,20.0,0.0,2.0,8.287614270524742,1.9429854631340715,1.4929854631340715,0,0,0
16.831468344,1787250389.552428961,1787250389.552344561,12.270133134479112,2.9298413268076255,2.003688074084377,-0.8012844601785039,0.0,0.0,0.0,0.0,0.0025223851097303353,-0.1195713710696546,-0.38225008424800433,0.916286635221902,1.250421664180177,-2.619423835383729,0.01153557562357325,37.371922858381936,20.0,0.0,2.0,8.266488103229692,1.9301008998065328,1.4801008998065328,0,0,0
16.841460943,1787250389.562421560,1787250389.562344313,12.28252277326116,2.903699725113394,2.0038000365367505,-0.8015087992195974,0.0,0.0,0.0,0.0,-0.00016359820218512155,-0.12008473631018342,-0.3824931900185167,0.9161214924508653,1.2275276478213275,-2.608809210148418,0.010857377536109004,37.40085206548964,20.0,0.0,2.0,8.24566196730947,1.9174843705074973,1.4674843705074974,0,0,0
16.851473331,1787250389.572433949,1787250389.572344780,12.294684146203645,2.877666877791445,2.0039052250646137,-0.8016134831354564,0.0,0.0,0.0,0.0,-0.00285321325595177,-0.12051418476248522,-0.38269630618945133,0.9159758335644557,1.2047714783887997,-2.59767432851331,0.010179044353600673,37.42958565552222,20.0,0.0,2.0,8.225136735464416,1.9054505502105148,1.4554505502105148,0,0,0
16.861463547,1787250389.582424164,1787250389.582344294,12.306618723888345,2.8517479409019,2.004003581915516,-0.801603873475245,0.0,0.0,0.0,0.0,-0.005541877942001459,-0.12084654403008033,-0.3828629471788038,0.9158500772847171,1.182171582927582,-2.586028637104805,0.009490910384195755,37.45812046072685,20.0,0.0,2.0,8.204913028590356,1.8940000616529338,1.4440000616529338,0,0,0
16.871471405,1787250389.592432022,1787250389.592344522,12.318328160681775,2.8259479760712183,2.004095017366189,-0.8014897334038567,0.0,0.0,0.0,0.0,-0.008222794434608542,-0.12106787012525541,-0.38299839976353206,0.9157440593602528,1.159746779083403,-2.5738819025896396,0.008793944906014593,37.48645343543346,20.0,0.0,2.0,8.184991202170158,1.8818550056224956,1.4318550056224957,0,0,0
16.881467342,1787250389.602427959,1787250389.602344990,12.329814316184812,2.8002719302688033,2.00417941695259,-0.8012719561528585,0.0,0.0,0.0,0.0,-0.010896435330839073,-0.1211613963222314,-0.3831047081795783,0.9156593068980232,1.1375189878773957,-2.561246831735274,0.008084561928216508,37.51458168137198,20.0,0.0,2.0,8.165371318879558,1.8701901828493717,1.4201901828493717,0,0,0
16.891472340,1787250389.612432957,1787250389.612344265,12.34107927366016,2.7747246261429304,2.004256687884855,-0.8009486037372336,0.0,0.0,0.0,0.0,-0.013558564203786694,-0.12111561380124465,-0.3831814482492067,0.9155977015851013,1.11551142527228,-2.5481360277081433,0.007367652846952298,37.542502461909386,20.0,0.0,2.0,8.146053127906406,1.8590972323143327,1.4090972323143327,0,0,0
16.901485682,1787250389.622446299,1787250389.622344732,12.352125366046856,2.749310743574188,2.0043267324454432,-0.8005193550145437,0.0,0.0,0.0,0.0,-0.01620853759422588,-0.12092044672916595,-0.38322888882595807,0.9155605647039943,1.093750189630216,-2.5345649332002536,0.006640321456599082,37.5702132267937,20.0,0.0,2.0,8.127036034250743,1.8485373199484312,1.3985373199484312,0,0,0
16.911472559,1787250389.632433176,1787250389.632344484,12.362955208842441,2.7240347973412584,2.0043893660971865,-0.7999860391304473,0.0,0.0,0.0,0.0,-0.01883746945195529,-0.12056065021798763,-0.3832480208941431,0.915549689445846,1.0722736788961877,-2.5205562967107364,0.005850215783497539,37.597711642673914,20.0,0.0,2.0,8.108319060434633,1.8372070649951289,1.387207064995129,0,0,0
16.921473026,1787250389.642433643,1787250389.642344713,12.373572075021356,2.6989008914807693,2.0044428031929837,-0.7993354741967349,0.0,0.0,0.0,0.0,-0.021411169468115183,-0.119841349533602,-0.38325107033042916,0.9155862765761363,1.0511658161311086,-2.5061642767765364,0.004798042771513758,37.624995959172374,20.0,0.0,2.0,8.089900410723853,1.8264334685554362,1.3764334685554362,0,0,0
16.931473255,1787250389.652433872,1787250389.652344704,12.383980003925391,2.6739126201571506,2.004484595058421,-0.7985567378815008,0.0,0.0,0.0,0.0,-0.023879885558873038,-0.11850735863548037,-0.3832543091698458,0.9156974890856046,1.0305076542415954,-2.491443895730027,0.0035024919786529273,37.652065137851714,20.0,0.0,2.0,8.07177733788766,1.8162127074916088,1.3662127074916088,0,0,0
16.941474438,1787250389.662435055,1787250389.662344694,12.39418423290963,2.6490727658901543,2.0045116492909605,-0.7976289830083616,0.0,0.0,0.0,0.0,-0.02619644433761601,-0.11625810552204938,-0.3832705151187659,0.9159156683041764,1.0104495388799275,-2.4764966396578063,0.001862652912256029,37.678919288017006,20.0,0.0,2.0,8.053945639056717,1.806487862261881,1.356487862261881,0,0,0
16.951474667,1787250389.672435284,1787250389.672344446,12.404191508455378,2.624383107426723,2.0045211098489735,-0.7965429861148884,0.0,0.0,0.0,0.0,-0.02831876004475203,-0.11285257896970023,-0.38330550531559865,0.9162637354191034,0.9911506356357299,-2.461427097340473,-2.1006701326188542e-05,37.705559950328436,20.0,0.0,2.0,8.03639930411639,1.7959795194461434,1.3459795194461435,0,0,0
16.961469173,1787250389.682429790,1787250389.682344198,12.414010503719986,2.599844149260087,2.004510277422496,-0.7953064263115094,0.0,0.0,0.0,0.0,-0.030220939859518504,-0.10809733654103981,-0.3833616857601334,0.9167526812166351,0.9728275751739117,-2.4463784392328822,-0.0021756622018883017,37.73199048670687,20.0,0.0,2.0,8.019130038895431,1.7859950073793078,1.3359950073793079,0,0,0
16.971490145,1787250389.692450762,1787250389.692344666,12.423652001100388,2.575455035549016,2.0044772193600933,-0.7939501336962214,0.0,0.0,0.0,0.0,-0.031892020470641796,-0.1019215974144365,-0.3834334597921319,0.9173732440629743,0.9556899272379803,-2.431483314944331,-0.0044631854718846274,37.758216207520285,20.0,0.0,2.0,8.002127072601269,1.7765230174875963,1.3265230174875964,0,0,0
16.981482506,1787250389.702443123,1787250389.702344894,12.433129033179627,2.5512134682039793,2.004420572689567,-0.7925134444373808,0.0,0.0,0.0,0.0,-0.033341557172496684,-0.09433345342574556,-0.38350761456214755,0.9181020911112975,0.9399696499108978,-2.416890777405801,-0.006871402776782023,37.78424447932654,20.0,0.0,2.0,7.985377006148011,1.7675497156310245,1.3175497156310245,0,0,0
16.991477251,1787250389.712437868,1787250389.712344885,12.442456787596395,2.5271158093565362,2.00433989758656,-0.7910472194090893,0.0,0.0,0.0,0.0,-0.03459249638186359,-0.08546392984789147,-0.38356428542366167,0.918900274696042,0.9258684349438873,-2.4027228403958625,-0.009264434588817635,37.8100845774854,20.0,0.0,2.0,7.968863943872966,1.7577575415411002,1.3077575415411002,0,0,0
17.001490355,1787250389.722450972,1787250389.722344637,12.451652435791933,2.5031571975556814,2.004235343112189,-0.7896366950226904,0.0,0.0,0.0,0.0,-0.03567825497787607,-0.07550808824750374,-0.3835974217170648,0.919716591555769,0.9135752881834474,-2.389097115372829,-0.01163067788300544,37.83574750710768,20.0,0.0,2.0,7.952569700662292,1.7483553541423817,1.2983553541423818,0,0,0
17.011493206,1787250389.732453823,1787250389.732344866,12.460734788526048,2.4793317966233195,2.004107778622457,-0.7883729933551182,0.0,0.0,0.0,0.0,-0.03663825653134038,-0.06474493057652574,-0.3836057417977337,0.920495718068691,0.9032296379415625,-2.376092372848828,-0.01385660405041602,37.86124564691187,20.0,0.0,2.0,7.936474214695969,1.7393926701129254,1.2893926701129255,0,0,0
17.021470785,1787250389.742431402,1787250389.742344856,12.469723859614266,2.4556330834776037,2.0039588154046255,-0.7872936948121614,0.0,0.0,0.0,0.0,-0.03750661127118569,-0.0534492706713244,-0.3835742369164075,0.9211988028377215,0.8949319550204978,-2.363766566780098,-0.015898296235287553,37.88659233493678,20.0,0.0,2.0,7.920556057711591,1.7308492012423657,1.2808492012423658,0,0,0
17.031471968,1787250389.752432585,1787250389.752344370,12.478640451341034,2.432054097085273,2.003790647013963,-0.7863986396721873,0.0,0.0,0.0,0.0,-0.038309294586961556,-0.04190870070654103,-0.38348194556793486,0.9218013105744484,0.8887398986787395,-2.3521508436283134,-0.017694964121647217,37.91180150961425,20.0,0.0,2.0,7.904792910656006,1.7216619491479128,1.2716619491479129,0,0,0
17.041492462,1787250389.762453079,1787250389.762349129,12.487505736010803,2.408587655741238,2.0036057473767084,-0.7856773506537801,0.0,0.0,0.0,0.0,-0.03907209388180571,-0.030360096844648913,-0.38331676630954364,0.9222905684572892,0.8846704878972004,-2.341257664966832,-0.019240573069906963,37.9368873887,20.0,0.0,2.0,7.889162031754311,1.7125194009232532,1.2625194009232532,0,0,0
17.051491022,1787250389.772451639,1787250389.772344112,12.496340888290332,2.3852265595791677,2.0034067339600026,-0.7851138030713225,0.0,0.0,0.0,0.0,-0.03981717049373023,-0.019014337615663835,-0.38307461738850607,0.9226629316340613,0.8827079768679105,-2.331079308216199,-0.020519320109672945,37.961864184652164,20.0,0.0,2.0,7.873640670687333,1.7037263812634345,1.2537263812634345,0,0,0
17.061470270,1787250389.782430887,1787250389.782344580,12.50516677000646,2.3619637636201634,2.0031962185545082,-0.7847169002581527,0.0,0.0,0.0,0.0,-0.0405787378603895,-0.008010965402989966,-0.38277114896347597,0.9229168098957514,0.8828076002180297,-2.3215922671577824,-0.021539962723875816,37.986745868289596,20.0,0.0,2.0,7.858206422707613,1.6952628142292985,1.2452628142292985,0,0,0
17.071479559,1787250389.792440176,1787250389.792344570,12.514003720864524,2.338792537810516,2.0029768295082007,-0.7845047183981607,0.0,0.0,0.0,0.0,-0.04139046565177125,0.002549054614939195,-0.38243028625975767,0.9230533071415645,0.8849109349477415,-2.312757387820732,-0.02228755323305807,38.01154597993336,20.0,0.0,2.0,7.842837476810434,1.6864449401938428,1.2364449401938429,0,0,0
17.081476212,1787250389.802436829,1787250389.802344084,12.52287144430624,2.3157066112860627,2.0027515078243745,-0.7844605818420973,0.0,0.0,0.0,0.0,-0.042280119768194735,0.012642241973169053,-0.382059788969729,0.9230833563891645,0.888951186616461,-2.304524180665402,-0.022727372954369142,38.03627748397967,20.0,0.0,2.0,7.827512767074886,1.6772041683948327,1.2272041683948327,0,0,0
17.091475964,1787250389.812436581,1787250389.812344313,12.531788987315576,2.292700210607346,2.0025232241370494,-0.7845512182125717,0.0,0.0,0.0,0.0,-0.04326107082463816,0.02227838956462799,-0.38165768963643226,0.9230219721387423,0.894864511960049,-2.296843618363914,-0.02287879004562415,38.06095275822241,20.0,0.0,2.0,7.812212001242665,1.6682287011554182,1.2182287011554183,0,0,0
17.101488829,1787250389.822449446,1787250389.822344542,12.54077478644085,2.26976806762914,2.002294944434669,-0.7847562370152987,0.0,0.0,0.0,0.0,-0.04434224333443916,0.0315184632695884,-0.381223500557354,0.922880812755358,0.902593785029681,-2.2896649293657325,-0.022730885734481943,38.085583630702196,20.0,0.0,2.0,7.796915616716359,1.6595020066236594,1.2095020066236595,0,0,0
17.111482382,1787250389.832442999,1787250389.832344294,12.549846761832214,2.2469053824964034,2.0020694767508513,-0.7850652338656923,0.0,0.0,0.0,0.0,-0.045523648795947176,0.04042802981540644,-0.38075798662734817,0.9226681567199748,0.9120937849366985,-2.282944670773292,-0.022312428489970948,38.11018147501134,20.0,0.0,2.0,7.781604677237677,1.650820848281265,1.200820848281265,0,0,0
17.121470213,1787250389.842430830,1787250389.842344284,12.559022471537865,2.2241077938771014,2.0018497108538487,-0.7854835302838861,0.0,0.0,0.0,0.0,-0.04683730791871524,0.04908530671072494,-0.3802646086724947,0.9223858881418319,0.9233366604235632,-2.2766387769481833,-0.021596260508479785,38.134757316655254,20.0,0.0,2.0,7.766260714094884,1.641155455095967,1.191155455095967,0,0,0
17.131477118,1787250389.852437735,1787250389.852344036,12.568319239453269,2.2013713637237777,2.0016383519181167,-0.7860209312999172,0.0,0.0,0.0,0.0,-0.048320330616266303,0.057544593464781184,-0.37974704266493925,0.9220335942900023,0.9363042546476649,-2.27070527047586,-0.020630194622520755,38.15932192172819,20.0,0.0,2.0,7.750865596299586,1.6316819685852608,1.1816819685852609,0,0,0
17.141466379,1787250389.862426996,1787250389.862344742,12.577754308103495,2.178692610693176,2.0014380172133537,-0.7866656378496134,0.0,0.0,0.0,0.0,-0.05001496673992633,0.06585705378908034,-0.37919619793669623,0.9216135822776161,0.950996907521501,-2.2650952279918393,-0.019397775241443503,38.18388584839824,20.0,0.0,2.0,7.735401390403654,1.6223860640438812,1.1723860640438812,0,0,0
17.151473045,1787250389.872433662,1787250389.872344732,12.5873449311912,2.1560685467732266,2.0012510809305524,-0.787391907803684,0.0,0.0,0.0,0.0,-0.05194453423082843,0.07404286214314715,-0.37859782204099857,0.9211314287738779,0.9674172454827277,-2.2597583787566284,-0.01794937842944409,38.20845947785419,20.0,0.0,2.0,7.719850277869714,1.6132536371418493,1.1632536371418494,0,0,0
17.161468744,1787250389.882429361,1787250389.882344246,12.597108466850454,2.1334967204669244,2.001079825876195,-0.788172898684238,0.0,0.0,0.0,0.0,-0.05412365896867739,0.08211328140491497,-0.3779374150132667,0.9205929333260436,0.9855806438560833,-2.254638522525976,-0.016269495126443826,38.23305304001312,20.0,0.0,2.0,7.704194472743032,1.6032416718270854,1.1532416718270855,0,0,0
17.171474218,1787250389.892434835,1787250389.892344713,12.60706235956381,2.1109752356547893,2.000926218618562,-0.7889795542141765,0.0,0.0,0.0,0.0,-0.05654234886219238,0.09005033677363147,-0.37720377431525964,0.9200060936072241,1.0054903389730274,-2.2496805085925633,-0.014420710237410553,38.25767662329179,20.0,0.0,2.0,7.688416238654547,1.5929755285103853,1.1429755285103853,0,0,0
17.181484699,1787250389.902445316,1787250389.902344465,12.617224131170335,2.0885027632769453,2.0007920282284872,-0.7897743345650354,0.0,0.0,0.0,0.0,-0.05917899964729688,0.09783213365276014,-0.3763839424600177,0.9193812307655339,1.0271556947285068,-2.244826910368044,-0.01239408379630808,38.28234019205256,20.0,0.0,2.0,7.672497895007711,1.5828176328107177,1.1328176328107178,0,0,0
17.191474915,1787250389.912435532,1787250389.912344694,12.62761127459583,2.0660785240007944,2.000678679086127,-0.790518639804678,0.0,0.0,0.0,0.0,-0.061993430893738426,0.10541662531562386,-0.37546992639423216,0.9187309094651157,1.0505626866486595,-2.240025172236752,-0.010256295319624588,38.307053591326714,20.0,0.0,2.0,7.656421908855932,1.5727545341307256,1.1227545341307257,0,0,0
17.201470852,1787250389.922431469,1787250389.922344208,12.638241140026611,2.043702265669863,2.000587247587571,-0.7912166001296672,0.0,0.0,0.0,0.0,-0.06497995060304579,0.11274993529923315,-0.3744759058247906,0.9180592867927142,1.0756946484099827,-2.235221567480253,-0.008020190792018876,38.331826547058476,20.0,0.0,2.0,7.6401709933718465,1.5623701142258508,1.1123701142258509,0,0,0
17.211472511,1787250389.932433128,1787250389.932344198,12.64913078343107,2.0213742913988284,2.0005183948256016,-0.7918890865316965,0.0,0.0,0.0,0.0,-0.06813847955583456,0.1197649729804384,-0.37342801631035183,0.9173685276296161,1.1025144027714453,-2.230357774588123,-0.0057345664999120475,38.35666859828673,20.0,0.0,2.0,7.623728256815166,1.551016397191694,1.101016397191694,0,0,0
17.221486330,1787250389.942446947,1787250389.942344666,12.660296974837378,1.9990955321582524,2.00047290164109,-0.7925050715848315,0.0,0.0,0.0,0.0,-0.07147257357797471,0.12641201368742214,-0.3723277342066139,0.9166699146160525,1.1309954471780144,-2.225367497115271,-0.0033544497321740018,38.38158905200354,20.0,0.0,2.0,7.607077209277713,1.5397031727066468,1.0897031727066468,0,0,0
17.231483698,1787250389.952444315,1787250389.952344894,12.671756007954933,1.976867585272368,2.000451395442885,-0.7930084444919201,0.0,0.0,0.0,0.0,-0.07496812272696596,0.13264965347415447,-0.37116641141080087,0.9159799916201279,1.1610741352025853,-2.220183714184625,-0.0009357985879608339,38.40659688128294,20.0,0.0,2.0,7.590201951226533,1.5284189309911203,1.0784189309911203,0,0,0
17.241482735,1787250389.962443352,1787250389.962344408,12.683523615425697,1.9546927371171063,2.000454402512384,-0.7933541606566242,0.0,0.0,0.0,0.0,-0.07861475597882893,0.13845769836711846,-0.3699375916945154,0.9153116213380726,1.192697802461944,-2.214736394997413,0.0015404500891445798,38.431700675524795,20.0,0.0,2.0,7.5730872561362625,1.5171529260537109,1.067152926053711,0,0,0
17.251506805,1787250389.972467422,1787250389.972344398,12.695614828921787,1.9325739564131648,2.000482162382547,-0.793511669921736,0.0,0.0,0.0,0.0,-0.08238852043328326,0.14382685077971627,-0.36864082060234377,0.9146747586334906,1.2257836690033412,-2.2089592017536614,0.004013389700259243,38.45690858448701,20.0,0.0,2.0,7.555718698903123,1.5058953060943503,1.0558953060943503,0,0,0
17.261461973,1787250389.982422590,1787250389.982344627,12.708043938826656,1.91051487196215,2.0005346858906456,-0.7934572286415872,0.0,0.0,0.0,0.0,-0.08628182885534456,0.14875339132768212,-0.36727657109740536,0.9140764710355601,1.2602626007104127,-2.202786503623196,0.006485349257123624,38.482228314709964,20.0,0.0,2.0,7.538082684606228,1.494637144381471,1.044637144381471,0,0,0
17.271471977,1787250389.992432594,1787250389.992344618,12.7208244099308,1.8885197526965882,2.0006116545099215,-0.7931765294811628,0.0,0.0,0.0,0.0,-0.09027969999679002,0.15323768481192565,-0.3658491031418508,0.9135218779275481,1.2960426285002828,-2.196155783392956,0.008900191033054016,38.507667096860814,20.0,0.0,2.0,7.5201665208628,1.4833705139498903,1.0333705139498903,0,0,0
17.281487465,1787250390.002448082,1787250390.002344370,12.733968888128247,1.8665934890562221,2.0007125329008084,-0.7926384349326265,0.0,0.0,0.0,0.0,-0.09437201049494826,0.15729344907594112,-0.3643510745663007,0.9130175184383472,1.3330502049300879,-2.189005466970021,0.011263639120957155,38.53323169192429,20.0,0.0,2.0,7.501958402962421,1.4720884710488034,1.0220884710488034,0,0,0
17.291471243,1787250390.012431860,1787250390.012344360,12.74748921056309,1.8447415635369486,2.000836628277639,-0.7918129537091789,0.0,0.0,0.0,0.0,-0.09853423439252143,0.16094224305329266,-0.3627741142090315,0.9125697458898728,1.3711989162938267,-2.181279104196188,0.013543269018152294,38.55892840703157,20.0,0.0,2.0,7.483447393219678,1.4607850359931827,1.0107850359931827,0,0,0
17.301491022,1787250390.022451639,1787250390.022344351,12.761396443735167,1.8229700008187681,2.000983168947341,-0.7906745281593239,0.0,0.0,0.0,0.0,-0.10274585630312041,0.16421565251829012,-0.3611081166570223,0.912182786816847,1.4104194899111584,-2.172924955015171,0.0157501669407614,38.58476314240591,20.0,0.0,2.0,7.464623368615207,1.4494551495460082,0.9994551495460082,0,0,0
17.311483622,1787250390.032444239,1787250390.032344341,12.77570089192329,1.801285299094627,2.0011512640402884,-0.7892087515676781,0.0,0.0,0.0,0.0,-0.10697784393824503,0.16714766784582613,-0.3593469931894697,0.9118591648526175,1.450628208841359,-2.1639006734507533,0.017848531284397243,38.610741436860934,20.0,0.0,2.0,7.445476993255789,1.438094664375736,0.988094664375736,0,0,0
17.321471214,1787250390.042431831,1787250390.042344570,12.790412063771981,1.7796943520866242,2.001339747609296,-0.7873630399432299,0.0,0.0,0.0,0.0,-0.11125129499288747,0.1697494575072615,-0.3574674562003523,0.9116058845773458,1.4917533403482688,-2.15416655429092,0.019828139488607868,38.63686849363968,20.0,0.0,2.0,7.425999730135819,1.4267003839877053,0.9767003839877053,0,0,0
17.331485510,1787250390.052446127,1787250390.052344322,12.80553878293114,1.7582044946290256,2.0015473999744713,-0.7850780454073664,0.0,0.0,0.0,0.0,-0.11559509691440945,0.17201907940806643,-0.3554449993801377,0.9114307775715079,1.5337268637303436,-2.1436741726383026,0.021682510557962276,38.663149184756406,20.0,0.0,2.0,7.4061837435543225,1.4152699441550884,0.9652699441550885,0,0,0
17.341491699,1787250390.062452316,1787250390.062344790,12.82108922470075,1.7368235848674924,2.001773013648276,-0.7822947239935317,0.0,0.0,0.0,0.0,-0.12005641733895334,0.17394409650293657,-0.35325589727695106,0.9113397714280708,1.5764863686234116,-2.13236657550056,0.02341897164103074,38.689587990383565,20.0,0.0,2.0,7.386021881110091,1.4038017556916986,0.9538017556916987,0,0,0
17.351475000,1787250390.072435617,1787250390.072344780,12.837070877328447,1.7155601001722962,2.0020153076282874,-0.7789759531729652,0.0,0.0,0.0,0.0,-0.12466453143238462,0.175514343601179,-0.3508871023734547,0.9113351256156825,1.6199574031279034,-2.120177561501736,0.025017324713132266,38.71618888714416,20.0,0.0,2.0,7.365507730983946,1.3922950088213764,0.9422950088213764,0,0,0
17.361469030,1787250390.082429647,1787250390.082344770,12.853490535164317,1.6944232166180306,2.002272931137858,-0.7750863309901708,0.0,0.0,0.0,0.0,-0.12944311446134518,0.17672375312329908,-0.34832532282768264,0.9114179418233729,1.6640759756273698,-2.1070336378204684,0.026484294650092954,38.74295527240079,20.0,0.0,2.0,7.344635643394174,1.3807496376959671,0.9307496376959672,0,0,0
17.371475458,1787250390.092436075,1787250390.092344284,12.870354302238908,1.673422860349366,2.0025444914749175,-0.7706165641001085,0.0,0.0,0.0,0.0,-0.13438450539200425,0.17757914068889194,-0.3455680889808633,0.9115860625200757,1.7087677693050727,-2.092859775852697,0.02780425331780566,38.769889921987776,20.0,0.0,2.0,7.323400734602741,1.3691662707408079,0.9191662707408079,0,0,0
17.381477356,1787250390.102437973,1787250390.102344751,12.88766759434878,1.6525696971485517,2.002828567285289,-0.7655686452652967,0.0,0.0,0.0,0.0,-0.1394689756587846,0.178095612893013,-0.3426163381888398,0.9118357320828253,1.7539694206953906,-2.077583563083766,0.028986669502976722,38.796994998970284,20.0,0.0,2.0,7.301798877893242,1.357546190167983,0.9075461901679831,0,0,0
17.391475916,1787250390.112436533,1787250390.112344742,12.905435124957506,1.6318750661408854,2.0031236762725793,-0.7599773158647987,0.0,0.0,0.0,0.0,-0.14464792267519697,0.17830201568360288,-0.33948427894874944,0.9121599607610291,1.7996008544530477,-2.061145182400157,0.03000343467920511,38.8242720953295,20.0,0.0,2.0,7.279826698145532,1.345891320329672,0.8958913203296721,0,0,0
17.401489973,1787250390.122450590,1787250390.122344732,12.923660753352038,1.6113508011331146,2.003427941133942,-0.7539181872790679,0.0,0.0,0.0,0.0,-0.14985895448606806,0.1782250369675835,-0.33620654668785305,0.9125476907660632,1.8455753351385173,-2.0435048584764846,0.03081285025488528,38.851722260385294,20.0,0.0,2.0,7.257481676776249,1.3342043832222366,0.8842043832222366,0,0,0
17.411475420,1787250390.132436037,1787250390.132345915,12.942347525580916,1.5910090611302348,2.0037391929246806,-0.7475028535619789,0.0,0.0,0.0,0.0,-0.1550211080868078,0.17789972587733754,-0.33283349579221067,0.9129852176563665,1.8918200543818202,-2.0246370941857808,0.03140437355703006,38.87934613991653,20.0,0.0,2.0,7.234762073754468,1.3224888794607828,0.8724888794607828,0,0,0
17.421469450,1787250390.142430067,1787250390.142344713,12.961497893035864,1.5708621874206208,2.0040554316949604,-0.7408053923593917,0.0,0.0,0.0,0.0,-0.16005336122779926,0.1773625628566299,-0.32939703204223253,0.9134675900864684,1.9382850015414126,-2.004531944696175,0.03181401673156464,38.907144217204184,20.0,0.0,2.0,7.211666684486515,1.3107489100568532,0.8607489100568533,0,0,0
17.431464672,1787250390.152425289,1787250390.152344465,12.98111373947905,1.5509224941980462,2.0043748716280954,-0.7338895862886855,0.0,0.0,0.0,0.0,-0.16487358190262483,0.17665525092653292,-0.3259222661337128,0.9139935999496646,1.9849039506774293,-1.9832061899000033,0.03204265723403274,38.935116968934466,20.0,0.0,2.0,7.188194770638941,1.2989892212168819,0.8489892212168819,0,0,0
17.441487789,1787250390.162448406,1787250390.162344217,13.001196269505474,1.531202005393438,2.0046956818305617,-0.7268042814944345,0.0,0.0,0.0,0.0,-0.16941989784127795,0.17581254680008043,-0.3224271608059304,0.9145641435010161,2.0316122768066567,-1.960698225791828,0.03209058977012044,38.963264945951316,20.0,0.0,2.0,7.164346117318233,1.2872154194676526,0.8372154194676527,0,0,0
17.451478958,1787250390.172439575,1787250390.172344446,13.021746073444756,1.511712294645789,2.005016080708636,-0.7195982066146499,0.0,0.0,0.0,0.0,-0.17364479224044926,0.17486700677856815,-0.31892876709777435,0.9151794674191336,2.0783439541467823,-1.9370628859117105,0.03195096511267409,38.99158889204664,20.0,0.0,2.0,7.140120943396728,1.2754340085792126,0.8254340085792127,0,0,0
17.461470604,1787250390.182431221,1787250390.182344675,13.042762949312642,1.4924642519077589,2.005333927370385,-0.7122768950731425,0.0,0.0,0.0,0.0,-0.17752361388062218,0.17382023538072214,-0.315430955215738,0.9158467146737173,2.125017865491326,-1.9123752010640616,0.03158375929311117,39.02008972092918,20.0,0.0,2.0,7.1155200353495385,1.2636526961176684,0.8136526961176684,0,0,0
17.471501827,1787250390.192462444,1787250390.192344666,13.064246061515956,1.4734680865779164,2.005647080723629,-0.7048338281581845,0.0,0.0,0.0,0.0,-0.18104704706102384,0.17266295666363957,-0.3119338297381326,0.9165733773198714,2.1715769621305574,-1.886700945061836,0.031005790351234217,39.04876857153727,20.0,0.0,2.0,7.090544604392615,1.2518803141270856,0.8018803141270856,0,0,0
17.481470346,1787250390.202430964,1787250390.202344656,13.086193835041215,1.4547332620199742,2.005953251400046,-0.6972304990459895,0.0,0.0,0.0,0.0,-0.18422634520624018,0.17137069270564212,-0.30842508818029907,0.9173694481475358,2.2179422274996132,-1.8601163755032712,0.03019531912394187,39.077626709980635,20.0,0.0,2.0,7.065196387323682,1.2401270116268375,0.7901270116268375,0,0,0
17.491475344,1787250390.212435961,1787250390.212344170,13.108604095874645,1.4362686179763717,2.006250374449936,-0.6894317432380248,0.0,0.0,0.0,0.0,-0.18708349188890652,0.16992324062773345,-0.30489164897235926,0.9182412219804438,2.2640599961470294,-1.8326765112096057,0.029191872679529222,39.10666549701429,20.0,0.0,2.0,7.03947754578138,1.2284041441912246,0.7784041441912246,0,0,0
17.501489401,1787250390.222450018,1787250390.222344398,13.131473933479992,1.4180823678055718,2.0065363862908923,-0.6813898807700313,0.0,0.0,0.0,0.0,-0.1896524114676011,0.1682978151861838,-0.3013140033217592,0.9191940380737332,2.309849686827025,-1.8044439975856896,0.027982782018628215,39.13588622544708,20.0,0.0,2.0,7.013390809921519,1.21672445616373,0.7667244561637301,0,0,0
17.511488676,1787250390.232449293,1787250390.232344627,13.15479978742649,1.4001822378182478,2.006809434724579,-0.6730730504303215,0.0,0.0,0.0,0.0,-0.19196762914203291,0.16648427627810053,-0.29767599450602644,0.920228459355932,2.3552359572335053,-1.7754691519621317,0.026568367224264304,39.165290046140036,20.0,0.0,2.0,6.986939431376187,1.205101988165939,0.7551019881659391,0,0,0
17.521477461,1787250390.242438078,1787250390.242344141,13.178576834171821,1.3825751756785847,2.0070666083525195,-0.6643923978388463,0.0,0.0,0.0,0.0,-0.19404704637880563,0.16445240375757197,-0.2939411451706564,0.9213575602695088,2.4000846344742115,-1.7458316696411622,0.02482772362818967,39.19487758958985,20.0,0.0,2.0,6.96012773307025,1.1935527825322259,0.7435527825322259,0,0,0
17.531482220,1787250390.252442837,1787250390.252344847,13.202799637612962,1.3652678194282475,2.007305370990355,-0.6552634405122327,0.0,0.0,0.0,0.0,-0.19589713497627853,0.16217827489446426,-0.2900734048738519,0.9225941358177125,2.4443701305525374,-1.7155362934398612,0.022879720597454283,39.22464914975255,20.0,0.0,2.0,6.932960576380494,1.1820941129376312,0.7320941129376313,0,0,0
17.541477680,1787250390.262438297,1787250390.262344837,13.227461976007278,1.3482664570743779,2.0075233158556784,-0.645622612424649,0.0,0.0,0.0,0.0,-0.1975160714884121,0.1596284624778331,-0.2860497196724709,0.9239489776746594,2.4879822440858956,-1.684635240129535,0.020676780094091664,39.25460452918476,20.0,0.0,2.0,6.905443528549096,1.170744655496551,0.7207446554965511,0,0,0
17.551480055,1787250390.272440672,1787250390.272344589,13.252556858447356,1.3315770982149007,2.007718345760056,-0.6354586794733598,0.0,0.0,0.0,0.0,-0.19889857529324703,0.15679029152926,-0.28186560200899535,0.9254231160029411,2.5308597784280678,-1.6531444075787805,0.018289329638444006,39.28474297407638,20.0,0.0,2.0,6.877582866809931,1.1595244255928323,0.7095244255928324,0,0,0
17.561475277,1787250390.282435894,1787250390.282344341,13.278076348218354,1.3152053576355152,2.007888354193448,-0.6247696868487875,0.0,0.0,0.0,0.0,-0.20003595538314728,0.15365720988149795,-0.2775188913418152,0.9270158269165606,2.572894225352349,-1.621114149079046,0.015686282297930003,39.31506305241794,20.0,0.0,2.0,6.849385734448495,1.148454960532394,0.698454960532394,0,0,0
17.571479082,1787250390.292439699,1787250390.292344570,13.304011753936535,1.299156563359353,2.0080316452238316,-0.6135950845881661,0.0,0.0,0.0,0.0,-0.20092208521549607,0.15025076030052786,-0.27301851040614084,0.9287173508002219,2.614026454175136,-1.5885640383960036,0.012942023662983974,39.345562717986674,20.0,0.0,2.0,6.8208599805937045,1.1375590645319489,0.6875590645319489,0,0,0
17.581475735,1787250390.302436352,1787250390.302344084,13.330353553091967,1.2834356234905142,2.008146643890765,-0.6019844735986383,0.0,0.0,0.0,0.0,-0.20155214957074488,0.1465975416799173,-0.26837672929295375,0.9305158907567531,2.6541646489085924,-1.5555476638641186,0.010039581742278354,39.37623928164361,20.0,0.0,2.0,6.792014214811694,1.1268608984098794,0.6768608984098794,0,0,0
17.591482162,1787250390.312442780,1787250390.312344551,13.357091584615999,1.268047072426514,2.0082321469601068,-0.5900239377678914,0.0,0.0,0.0,0.0,-0.20192597332269027,0.1427478586712049,-0.26361665522297334,0.9323921971099511,2.693259264390299,-1.5220972270683397,0.007037107592882747,39.40708951899123,20.0,0.0,2.0,6.762857632784577,1.1163857449860828,0.6663857449860828,0,0,0
17.601477623,1787250390.322438240,1787250390.322344303,13.384215004181199,1.252994885579349,2.0082869163607366,-0.5778222464570009,0.0,0.0,0.0,0.0,-0.20202005577735868,0.1387624713167946,-0.2587719715927182,0.9343286040445226,2.7312371375375064,-1.4882826308442179,0.0039012662137964406,39.43810969335372,20.0,0.0,2.0,6.7334000302352415,1.1061600978878323,0.6561600978878324,0,0,0
17.611450434,1787250390.332411051,1787250390.332344770,13.411712546622482,1.238282476514836,2.0083099437071135,-0.5655168706035996,0.0,0.0,0.0,0.0,-0.20180907938328987,0.13472055020974041,-0.25388645038708707,0.9363039779577459,2.76807754412118,-1.4541548019290973,0.0006868976362407591,39.469295753557766,20.0,0.0,2.0,6.703651550844491,1.0962114071626132,0.6462114071626133,0,0,0
17.621478081,1787250390.342438698,1787250390.342344522,13.439572668936332,1.2239125570479072,2.0083003642030555,-0.5532226911540815,0.0,0.0,0.0,0.0,-0.20126278331849845,0.13069155894386078,-0.2489973114397806,0.9383034409866967,2.80375465221096,-1.4197951008267988,-0.0026088661104335807,39.50064349817513,20.0,0.0,2.0,6.673622525249132,1.086568014853403,0.636568014853403,0,0,0
17.631481409,1787250390.352442026,1787250390.352344751,13.467783814693348,1.209887128332939,2.008257722633167,-0.5410482913290507,0.0,0.0,0.0,0.0,-0.2003656825952226,0.1267435563911618,-0.2441394768027007,0.9403114271442066,2.8382807607876397,-1.3852732144269946,-0.00592866869986807,39.53214878684014,20.0,0.0,2.0,6.643323215445038,1.0772589301852222,0.6272589301852223,0,0,0
17.641467810,1787250390.362428427,1787250390.362344503,13.496334438932475,1.196207295029937,2.0081816454449726,-0.5290686015959553,0.0,0.0,0.0,0.0,-0.19910789583033922,0.1229200025790692,-0.239338978723128,0.9423181904472323,2.871655768102705,-1.3506885357706906,-0.009285821994856846,39.56380762085816,20.0,0.0,2.0,6.612763761259038,1.0683139076557413,0.6183139076557413,0,0,0
17.651459455,1787250390.372420073,1787250390.372344255,13.52521321096508,1.1828733149479889,2.008072079923102,-0.5173438238907957,0.0,0.0,0.0,0.0,-0.19749913308815886,0.11925363613778482,-0.23461719197329198,0.9443132085954903,2.9039103313507866,-1.3161215786194553,-0.012635193373356866,39.595616275396516,20.0,0.0,2.0,6.581953995672674,1.0597632429669077,0.6097632429669078,0,0,0
17.661448002,1787250390.382408619,1787250390.382344723,13.554408948646566,1.169884451515202,2.0079288616190203,-0.5058837475377541,0.0,0.0,0.0,0.0,-0.19553754216600597,0.11576097064506294,-0.22997629320912233,0.9462956048935143,2.9350586924174547,-1.2816752955632984,-0.0160001208553051,39.627571277876946,20.0,0.0,2.0,6.550903487155879,1.0516378891980913,0.6016378891980914,0,0,0
17.671476603,1787250390.392437220,1787250390.392344475,13.583910889301006,1.1572392027407883,2.0077523366268135,-0.49468072895078896,0.0,0.0,0.0,0.0,-0.19323448353242284,0.11245290171053744,-0.22541088277599663,0.94826405246481,2.9651532045844236,-1.2474162737188779,-0.019303353080597718,39.659669532969986,20.0,0.0,2.0,6.5196213193339325,1.0439690691887031,0.5939690691887032,0,0,0
17.681449890,1787250390.402410507,1787250390.402344704,13.613708538907575,1.1449351459267907,2.007542833738297,-0.4837196126042489,0.0,0.0,0.0,0.0,-0.19059726220856643,0.10932009784542521,-0.2209174329443652,0.9502195997067928,2.994208236483849,-1.213448211452696,-0.02258611638594584,39.691908230642476,20.0,0.0,2.0,6.488116214182759,1.0367884319905993,0.5867884319905994,0,0,0
17.691454887,1787250390.412415504,1787250390.412344933,13.643791751129084,1.1329690626346318,2.007300909722563,-0.47299363202659483,0.0,0.0,0.0,0.0,-0.18764974367483778,0.10634797005890767,-0.21649681872071,0.9521590258181295,3.022268449266692,-1.179836925979513,-0.025793016634454675,39.724284847731795,20.0,0.0,2.0,6.456396479707906,1.0301278336046085,0.5801278336046085,0,0,0
17.701446295,1787250390.422406912,1787250390.422347307,13.674150643677004,1.121336923530071,2.007027116947336,-0.4624819682733417,0.0,0.0,0.0,0.0,-0.1844128656004648,0.10350815916425306,-0.21214621248154056,0.954081726330187,3.049351304964757,-1.146668236742296,-0.028949719942673004,39.75679706050435,20.0,0.0,2.0,6.4244700914033785,1.024019300244838,0.5740193002448379,0,0,0
17.711447239,1787250390.432407856,1787250390.432344913,13.704775636816624,1.1100340411511689,2.0067222363756394,-0.4521673975121276,0.0,0.0,0.0,0.0,-0.18092176362939102,0.10077500680271496,-0.20786264737779697,0.9559836992722403,3.075485437359236,-1.114003650430306,-0.03203263143135319,39.789442708101475,20.0,0.0,2.0,6.392344682805662,1.0184947605898242,0.5684947605898243,0,0,0
17.721435785,1787250390.442396402,1787250390.442344666,13.735657182475071,1.0990548836919736,2.006386457368795,-0.44198703973234515,0.0,0.0,0.0,0.0,-0.17718612538385534,0.0981301444266136,-0.2036197951041807,0.957869788002524,3.100672316561952,-1.081924615317982,-0.035103782730838515,39.82221959795256,20.0,0.0,2.0,6.360027779788471,1.0135861899667462,0.5635861899667463,0,0,0
17.731453896,1787250390.452414513,1787250390.452344418,13.766786126399339,1.0883935710959298,2.006020707838588,-0.43187324129392757,0.0,0.0,0.0,0.0,-0.17322304948132142,0.0955689719573607,-0.19938514550828423,0.9597426272069222,3.1249667784230604,-1.050444949006553,-0.0380304844352979,39.85512565376042,20.0,0.0,2.0,6.32752653163727,1.0093248362961535,0.5593248362961536,0,0,0
17.741450787,1787250390.462411404,1787250390.462344408,13.798153561137623,1.078043768132554,2.005626194689233,-0.42178255611130216,0.0,0.0,0.0,0.0,-0.16903458111951222,0.0930870150701448,-0.19513892707505637,0.9616043454306338,3.1483764181798675,-1.0196275960413188,-0.04084427137739442,39.88815881927731,20.0,0.0,2.0,6.2948478354370145,1.005741196670426,0.555741196670426,0,0,0
17.751452923,1787250390.472413540,1787250390.472344160,13.829750823649958,1.0679987152633776,2.005204446027761,-0.41170414160410373,0.0,0.0,0.0,0.0,-0.16463530851922314,0.09068789803315247,-0.1908751345635454,0.963450882683937,3.1709337963803295,-0.9895048230595462,-0.04348300164636159,39.92131704536604,20.0,0.0,2.0,6.261998342407243,1.0028647926606256,0.5528647926606256,0,0,0
17.761449814,1787250390.482410431,1787250390.482344627,13.861569425780617,1.0582511593703317,2.0047569934284963,-0.4016404946518858,0.0,0.0,0.0,0.0,-0.1600311480753402,0.08837325173664792,-0.18659539290747046,0.9652783843891286,3.1926491587679795,-0.9601341352442978,-0.04597845101318483,39.95459824878878,20.0,0.0,2.0,6.2289845127280925,1.0007240540125346,0.5507240540125347,0,0,0
17.771451712,1787250390.492412329,1787250390.492344618,13.893601100226588,1.0487934120480094,2.0042854932561167,-0.3916146122281236,0.0,0.0,0.0,0.0,-0.15524389810052713,0.08614943625709315,-0.1823098372188564,0.9670784507930948,3.2135510112589434,-0.9315513692287178,-0.04829628429635261,39.988000336517516,20.0,0.0,2.0,6.195812578650333,0.9993460398261482,0.5493460398261483,0,0,0
17.781481981,1787250390.502442598,1787250390.502344131,13.925837794519545,1.0396173483703206,2.003791583813607,-0.38165376970562426,0.0,0.0,0.0,0.0,-0.15028894470726611,0.08401803907501677,-0.17803217729242837,0.9688440256601073,3.2336581997672664,-0.9038027230694181,-0.05045578053274333,40.021521203900264,20.0,0.0,2.0,6.162488548113298,0.9987562385229101,0.5487562385229101,0,0,0
17.791460752,1787250390.512421370,1787250390.512344599,13.958271717344608,1.0307144750082031,2.00327698847276,-0.3717944347368952,0.0,0.0,0.0,0.0,-0.14519642100169006,0.08198174124153138,-0.17377979940829003,0.9705655952839669,3.253000112182354,-0.8769201456634717,-0.052438215539838406,40.05515876196099,20.0,0.0,2.0,6.1290181684412515,0.9989782970793776,0.5489782970793775,0,0,0
17.801491261,1787250390.522451878,1787250390.522344351,13.990895330474945,1.0220759501744932,2.002743387649422,-0.36203819184017993,0.0,0.0,0.0,0.0,-0.13997962341119569,0.08002806386057344,-0.1695564026114519,0.9722406288351928,3.271602563620339,-0.850935433637912,-0.054247156865991984,40.088910931888556,20.0,0.0,2.0,6.095406935013338,1.0000338276543614,0.5500338276543615,0,0,0
17.811470509,1787250390.532431126,1787250390.532344341,14.023701412742339,1.0136927161632237,2.002192768510463,-0.352379958704552,0.0,0.0,0.0,0.0,-0.13466228670720792,0.07814179491494558,-0.16536198277890812,0.9738661833525613,3.28949664316469,-0.8258673941323338,-0.05584700044689282,40.122775675024435,20.0,0.0,2.0,6.061660047799945,1.0019421096050058,0.5519421096050059,0,0,0
17.821466208,1787250390.542426825,1787250390.542344332,14.056682949442973,1.0055554434937115,2.0016270282616424,-0.3428254196557802,0.0,0.0,0.0,0.0,-0.1292555577275699,0.07629926886638157,-0.16120349871306253,0.9754408512922033,3.3066971088639305,-0.8017460943915776,-0.05726873554327666,40.15675091647556,20.0,0.0,2.0,6.027782507738869,1.004720033390018,0.554720033390018,0,0,0
17.831469536,1787250390.552430153,1787250390.552344561,14.08983311318164,0.9976545888477242,2.0010480591782374,-0.3333985419329122,0.0,0.0,0.0,0.0,-0.1237818197030956,0.07448091116978972,-0.15709513631280114,0.9769604767487632,3.3232242568603736,-0.7785870600459066,-0.058495068419482946,40.19083452052849,20.0,0.0,2.0,5.993779142337594,1.0083819329063861,0.5583819329063862,0,0,0
17.841479301,1787250390.562439919,1787250390.562344551,14.123145231365953,0.9899804377587684,2.0004577365756395,-0.32412612246284633,0.0,0.0,0.0,0.0,-0.11825321261017889,0.07266597390992201,-0.15305265835503112,0.9784225660283763,3.3390906477152584,-0.7564069656418272,-0.059536313786828464,40.225024260124414,20.0,0.0,2.0,5.9596546416956535,1.0129394610621127,0.5629394610621128,0,0,0
17.851476192,1787250390.572436810,1787250390.572344780,14.156612768062784,0.9825231542799161,1.9998579905499747,-0.3150419351594338,0.0,0.0,0.0,0.0,-0.11269296377882282,0.07084208044186716,-0.14909298393775905,0.9798229318065321,3.354308404390481,-0.7352166024965519,-0.06038730985571996,40.25931779865186,20.0,0.0,2.0,5.9254135814497975,1.0184014861966129,0.5684014861966129,0,0,0
17.861490011,1787250390.582450628,1787250390.582344770,14.190229260055249,0.9752727719386728,1.9992505718356453,-0.3061329195263599,0.0,0.0,0.0,0.0,-0.10710499237884773,0.06898940822348859,-0.14521145907665495,0.9811639079752826,3.368884757681426,-0.7150257172720748,-0.06105982252008068,40.29371264616523,20.0,0.0,2.0,5.891060481105732,1.024774081056253,0.5747740810562529,0,0,0
17.871480465,1787250390.592441082,1787250390.592344999,14.2239883711094,0.9682193206008215,1.998637570615845,-0.2973737997557483,0.0,0.0,0.0,0.0,-0.10150251273924282,0.06709421108089296,-0.14139560485616096,0.9824473979172691,3.3828321558203274,-0.6958319010200632,-0.06150741319915743,40.32820618940795,20.0,0.0,2.0,5.856599768302252,1.0320604040920345,0.5820604040920345,0,0,0
17.881468534,1787250390.602429152,1787250390.602344275,14.257883796960947,0.9613527785038523,1.998021069389546,-0.28875910138260025,0.0,0.0,0.0,0.0,-0.09588659536428606,0.06514246837154163,-0.13764305557974923,0.983675052491715,3.3961481045744892,-0.6776441877521495,-0.06175760508713296,40.362795629527575,20.0,0.0,2.0,5.822035861286588,1.0395026491128094,0.5895026491128095,0,0,0
17.891451359,1787250390.612411976,1787250390.612349033,14.29190923511554,0.9546630794066269,1.997403133792451,-0.28030675024411184,0.0,0.0,0.0,0.0,-0.09026962987860677,0.06313157741599718,-0.13396083764352898,0.9848453136571202,3.4088341165092433,-0.6604641531671528,-0.06179733480005984,40.397477964512774,20.0,0.0,2.0,5.787373196801421,1.0453714578237583,0.5953714578237583,0,0,0
17.901459455,1787250390.622420073,1787250390.622344732,14.326058370547509,0.9481401227228564,1.9967857595189216,-0.2720430103162191,0.0,0.0,0.0,0.0,-0.0846559800722282,0.061062096839765975,-0.1303601446591182,0.9859569047640954,3.4208877472120287,-0.6442957260230132,-0.06164395378940898,40.43224998725582,20.0,0.0,2.0,5.752616242901379,1.0521875125197533,0.6021875125197533,0,0,0
17.911447287,1787250390.632407904,1787250390.632344723,14.360324882806074,0.941773788506687,1.9961708906091997,-0.26400150995406557,0.0,0.0,0.0,0.0,-0.07906160294389995,0.05894562265576366,-0.12685423980931146,0.9870069292320429,3.4323080817440315,-0.6291413385055822,-0.06130923702213289,40.46710830244022,20.0,0.0,2.0,5.717769491531928,1.0589766104239515,0.6089766104239516,0,0,0
17.921449900,1787250390.642410517,1787250390.642344713,14.394702414787139,0.9355539034285267,1.9955600428614504,-0.2561623626865227,0.0,0.0,0.0,0.0,-0.07348133070230392,0.05679001655445952,-0.12343156954590653,0.9879979937719494,3.4430939008822077,-0.6150041307941005,-0.06082818895473786,40.502049321464646,20.0,0.0,2.0,5.682837481244108,1.0644685369202485,0.6144685369202485,0,0,0
17.931452274,1787250390.652412891,1787250390.652344704,14.429184688271512,0.9294703446312117,1.9949550355825376,-0.2484880134350596,0.0,0.0,0.0,0.0,-0.06791876467402498,0.054608824557916574,-0.12007115484080003,0.9889326748878073,3.4532572194835573,-0.601876030167797,-0.0601415046073779,40.5370693572456,20.0,0.0,2.0,5.6478246972266595,1.0709392900560661,0.6209392900560662,0,0,0
17.941449881,1787250390.662410498,1787250390.662344456,14.463765498070526,0.9235130134125571,1.9943578386266614,-0.2409649707015562,0.0,0.0,0.0,0.0,-0.062366611395900044,0.0524137596757526,-0.11676497882539473,0.9898126809147024,3.462802482438696,-0.5897586799520461,-0.05926465949785892,40.57216463963239,20.0,0.0,2.0,5.612735570137043,1.0771114173599468,0.6271114173599468,0,0,0
17.951451063,1787250390.672411680,1787250390.672344446,14.498438707002979,0.9176717977143234,1.993770402373654,-0.2336035752258789,0.0,0.0,0.0,0.0,-0.05683000133499534,0.05022218300367975,-0.11351621356263633,0.9906372456863367,3.4717383554585157,-0.5786534221678455,-0.05819265868190461,40.60733133267934,20.0,0.0,2.0,5.577574472547173,1.0823472561915393,0.6323472561915393,0,0,0
17.961448908,1787250390.682409525,1787250390.682343960,14.533198264712224,0.9119365626867596,1.993194560769228,-0.22642716533297375,0.0,0.0,0.0,0.0,-0.05130912137534661,0.048047892401165776,-0.110335428646583,0.9914055009353493,3.4800742370743194,-0.5685628586164053,-0.056946806427121195,40.64256556839571,20.0,0.0,2.0,5.542345696662515,1.0885910537942751,0.6385910537942752,0,0,0
17.971481562,1787250390.692442179,1787250390.692344427,14.568038236519964,0.9062971536040018,1.9926320306968857,-0.21947100278087855,0.0,0.0,0.0,0.0,-0.04581851272886265,0.04590743000074437,-0.10723876416153927,0.9921154263608382,3.4878236412103067,-0.5594882036246254,-0.05553268208908295,40.677863486329336,20.0,0.0,2.0,5.507053424247082,1.0941945813684828,0.6441945813684828,0,0,0
17.981452942,1787250390.702413559,1787250390.702344418,14.60295283713315,0.9007434183681868,1.9920844231684995,-0.21277494870710215,0.0,0.0,0.0,0.0,-0.04036930871592042,0.04381192446346209,-0.10424559096303973,0.9927656777676056,3.495002977150215,-0.55142762727687,-0.05396314249621762,40.713221274510346,20.0,0.0,2.0,5.471701695112709,1.099289045525279,0.6492890455252791,0,0,0
17.991481304,1787250390.712441921,1787250390.712344408,14.63793645854474,0.8952652346223963,1.9915532731808756,-0.20638012645482554,0.0,0.0,0.0,0.0,-0.034984835658889234,0.04177247846239281,-0.10137581727576449,0.9933549541773576,3.5016311533817936,-0.5443767063429343,-0.05224245104589707,40.7486352037548,20.0,0.0,2.0,5.43629438221673,1.1054181991317618,0.6554181991317618,0,0,0
18.001451015,1787250390.722411633,1787250390.722344637,14.672983692638013,0.8898525509571295,1.9910400747889772,-0.20029434196756973,0.0,0.0,0.0,0.0,-0.0296790482281448,0.03978596489820499,-0.09863413187079305,0.9938850733980692,3.507728910422267,-0.5383258091744143,-0.05037155207085731,40.78410165458708,20.0,0.0,2.0,5.4008351744526735,1.1105122734278041,0.6605122734278042,0,0,0
18.011504173,1787250390.732464790,1787250390.732344866,14.7080893306374,0.8844954242251508,1.9905463418903921,-0.19451127383568104,0.0,0.0,0.0,0.0,-0.02447378474447205,0.037846053304088016,-0.09601803705750073,0.9943587112653108,3.513314705321347,-0.533262958874702,-0.04835260230374098,40.81961712161684,20.0,0.0,2.0,5.365327581764287,1.1155739646398675,0.6655739646398675,0,0,0
18.021507740,1787250390.742468357,1787250390.742344618,14.743248332221278,0.8791840524501852,1.990073444373647,-0.18903624924206736,0.0,0.0,0.0,0.0,-0.019381271640367605,0.03594044966894007,-0.09353127740465153,0.9947786439878225,3.5184040545532826,-0.5291718983508376,-0.04620618947373029,40.85517819154686,20.0,0.0,2.0,5.3297749700417665,1.121693968748375,0.671693968748375,0,0,0
18.031466961,1787250390.752427578,1787250390.752344131,14.778455801633626,0.8739088096505664,1.9896226158695578,-0.1838842031610668,0.0,0.0,0.0,0.0,-0.014418900680317802,0.034060496753933175,-0.09118190992301788,0.9951471434751934,3.523010312405732,-0.5260335921647861,-0.043941541870803735,40.89078152475257,20.0,0.0,2.0,5.294180589400006,1.1263450713638963,0.6763450713638963,0,0,0
18.041473150,1787250390.762433767,1787250390.762344599,14.813706966525993,0.8686602817377729,1.9891949535219775,-0.17907590021513872,0.0,0.0,0.0,0.0,-0.009594854627262353,0.032196906980415496,-0.08898110281651478,0.9954665545798779,3.527144906216178,-0.5238249857503937,-0.04157419013960693,40.92642383902373,20.0,0.0,2.0,5.258547600161013,1.1314743403407945,0.6814743403407946,0,0,0
18.051443338,1787250390.772403955,1787250390.772344351,14.848997160032711,0.8634292921262899,1.9887914519335887,-0.17463299111464328,0.0,0.0,0.0,0.0,-0.004921649332594374,0.03034649891037242,-0.08694013250076917,0.9957390625723581,3.5308175264668247,-0.5225215240695635,-0.039112380998600045,40.96210189703687,20.0,0.0,2.0,5.222879094082357,1.1376815497082995,0.6876815497082995,0,0,0
18.061508179,1787250390.782468796,1787250390.782344103,14.884321804498157,0.8582069267142188,1.9884129640861097,-0.17055462794880077,0.0,0.0,0.0,0.0,-0.00040451022206311574,0.028498442134019964,-0.08505937932777095,0.9959681607138797,3.5340362617485477,-0.5220954708510941,-0.03657220103734466,40.997812495745904,20.0,0.0,2.0,5.187178114196054,1.1419594894117238,0.6919594894117238,0,0,0
18.071469307,1787250390.792429924,1787250390.792344809,14.919676391199655,0.8529845536502972,1.988060256868685,-0.16682871399486693,0.0,0.0,0.0,0.0,0.003946551688702738,0.026645004364117934,-0.08333332751630237,0.9961576305973193,3.5368067199758135,-0.522517939390505,-0.03395874374501247,41.03355245074915,20.0,0.0,2.0,5.151447677727709,1.1472463410329676,0.6972463410329677,0,0,0
18.081511497,1787250390.802472115,1787250390.802344561,14.95505645702304,0.8477538452845214,1.9877339787904587,-0.16345258019728715,0.0,0.0,0.0,0.0,0.008129058903998721,0.02477825184025557,-0.08176127925437007,0.996310719530692,3.5391325374092553,-0.5237572788021835,-0.03128759007098153,41.06931857753217,20.0,0.0,2.0,5.1156908027456,1.153187572942165,0.703187572942165,0,0,0
18.091477394,1787250390.812438011,1787250390.812344313,14.990457567004688,0.8425067908356576,1.9874346786996073,-0.16042855903950634,0.0,0.0,0.0,0.0,0.012137612350795796,0.022898263349751816,-0.08034491606837282,0.996430149264841,3.5410158903456512,-0.5257816245048997,-0.02856556653881297,41.10510767851091,20.0,0.0,2.0,5.07991052754713,1.1576007405787283,0.7076007405787283,0,0,0
18.101467133,1787250390.822427750,1787250390.822344542,15.025875307459076,0.8372357084519247,1.9871627878007694,-0.15776229170310807,0.0,0.0,0.0,0.0,0.015973597516340872,0.021007480603085636,-0.07908781826364213,0.9965182622227222,3.5424590231215167,-0.528557384491605,-0.025806671752967348,41.14091654016625,20.0,0.0,2.0,5.044109919744948,1.1631230043518384,0.7131230043518384,0,0,0
18.111500502,1787250390.832461119,1787250390.832344532,15.061305289103355,0.8319332474391516,1.9869186490873816,-0.15545776947503287,0.0,0.0,0.0,0.0,0.019634867083758886,0.019116122656171207,-0.07799285890773983,0.9965772222003646,3.5434646976598847,-0.5320516565137131,-0.023018854463499137,41.17674194031499,20.0,0.0,2.0,5.008292073888547,1.1687807195333892,0.7187807195333893,0,0,0
18.121479273,1787250390.842439890,1787250390.842344522,15.096743158120494,0.8265923980109373,1.9867024264306263,-0.1535088032641697,0.0,0.0,0.0,0.0,0.02311354254648074,0.017234439053741803,-0.07705793591274587,0.9966096591817291,3.544037453598521,-0.536229149603241,-0.020224855977598603,41.21258066218573,20.0,0.0,2.0,4.972460102942053,1.1734874670709108,0.7234874670709108,0,0,0
18.131474495,1787250390.852435112,1787250390.852344513,15.132184618134508,0.8212065087652092,1.9865141594021953,-0.15190128465926908,0.0,0.0,0.0,0.0,0.026394480946846127,0.015377138009232344,-0.0762771892580349,0.9966186158210599,3.544184300490948,-0.5410530867277515,-0.01743049436927751,41.24842951621715,20.0,0.0,2.0,4.9366171200389095,1.1793098778369624,0.7293098778369624,0,0,0
18.141469002,1787250390.862429619,1787250390.862344265,15.167625457321918,0.8157693176914969,1.9863537584638655,-0.15062377406417743,0.0,0.0,0.0,0.0,0.02946452385953462,0.01355766628312284,-0.07564638189637665,0.9966070722329207,3.5439151784264693,-0.5464826230179682,-0.014652337746835088,41.284285364520336,20.0,0.0,2.0,4.900766217676386,1.184751715547468,0.7347517155474681,0,0,0
18.151473999,1787250390.872434616,1787250390.872344732,15.203061577120419,0.8102749784231756,1.9862210543345828,-0.14966385064482504,0.0,0.0,0.0,0.0,0.032311230288815225,0.011791534322295615,-0.07516108721843606,0.9965780225771046,3.543242788685505,-0.552475289092942,-0.011893555511473947,41.32014514645993,20.0,0.0,2.0,4.864910444489268,1.1898087496450955,0.7398087496450956,0,0,0
18.161463261,1787250390.882423878,1787250390.882344484,15.238489020567899,0.8047180867785552,1.9861157706359933,-0.1490097457285005,0.0,0.0,0.0,0.0,0.034929009144569555,0.010090788722864268,-0.07481738995749271,0.9965342434974713,3.5421826900143123,-0.5589855904127461,-0.009168573418053584,41.356005903264986,20.0,0.0,2.0,4.829052782716919,1.19598204137272,0.7459820413727201,0,0,0
18.171470642,1787250390.892431259,1787250390.892344236,15.273903997129779,0.7990936908200333,1.986037573172851,-0.14864719538196491,0.0,0.0,0.0,0.0,0.03731685601794374,0.008467065159526771,-0.07461025631677387,0.9964783342937595,3.5407525335986243,-0.5659684707906898,-0.006478354515757783,41.391864800482,20.0,0.0,2.0,4.793196126220705,1.2012709619864401,0.7512709619864402,0,0,0
18.181499243,1787250390.902459860,1787250390.902344465,15.309302902771735,0.7933972950188379,1.9859860428860958,-0.14856212914724892,0.0,0.0,0.0,0.0,0.03948141876700959,0.00692738751003543,-0.074534676634012,0.9964124702418639,3.5389718416365823,-0.5733782348672194,-0.00383515051382619,41.42771914612018,20.0,0.0,2.0,4.757343262439958,1.2067199422869785,0.7567199422869786,0,0,0
18.191476583,1787250390.912437201,1787250390.912344456,15.344682333074212,0.7876248459401506,1.9859607154314616,-0.14873788125868592,0.0,0.0,0.0,0.0,0.041432996496818614,0.0054768694915629836,-0.07458421674917766,0.9963385495471802,3.536860911539812,-0.5811718415062062,-0.001241468726428427,41.463566404012155,20.0,0.0,2.0,4.721496857930205,1.2132794853358702,0.7632794853358702,0,0,0
18.201490402,1787250390.922451019,1787250390.922344685,15.38003908871832,0.781772723948161,1.985960968835848,-0.1491594500660332,0.0,0.0,0.0,0.0,0.04317525416170886,0.00411127641797429,-0.07475270525882594,0.9962585145888461,3.534440216848862,-0.5893058930745846,0.0012808956257067995,41.499404198329756,20.0,0.0,2.0,4.6856594528493005,1.2184716710958385,0.7684716710958386,0,0,0
18.211472511,1787250390.932433128,1787250390.932344437,15.415370168161266,0.7758377301030336,1.98598611203855,-0.1498099001677612,0.0,0.0,0.0,0.0,0.04470934268912875,0.0028231454486000868,-0.07503268059222734,0.9961742826279079,3.531728722186853,-0.5977390722195567,0.003733830141570997,41.53523030555237,20.0,0.0,2.0,4.649833466640809,1.224338966908694,0.774338966908694,0,0,0
18.221487761,1787250390.942448378,1787250390.942344666,15.4506727518277,0.7698170892805548,1.9860353532521027,-0.1506727644108705,0.0,0.0,0.0,0.0,0.04603524422550982,0.001600414698143655,-0.07541653577796013,0.9960876171768944,3.528743706531888,-0.6064283871866533,0.006101110219168504,41.57104263519086,20.0,0.0,2.0,4.614021215086699,1.2312506579073215,0.7812506579073215,0,0,0
18.231471062,1787250390.952431679,1787250390.952344179,15.485944179317993,0.7637084447067415,1.9861078787397903,-0.1517288708894948,0.0,0.0,0.0,0.0,0.04715566725988134,0.0004320218851601764,-0.07589520365460313,0.9960000373818229,3.5254997744450396,-0.6153327568890801,0.008388785825557413,41.606839204798554,20.0,0.0,2.0,4.578224932414593,1.2364495003102947,0.7864495003102947,0,0,0
18.241485119,1787250390.962445736,1787250390.962344170,15.521181926970042,0.7575098582237139,1.9862028170738537,-0.1529593114566074,0.0,0.0,0.0,0.0,0.04807530396586866,-0.0006933446803063206,-0.07645959621320328,0.9959127544964256,3.522009628985841,-0.6244101123675918,0.010584813357130405,41.64261811405058,20.0,0.0,2.0,4.542446794279774,1.2427472746693582,0.7927472746693582,0,0,0
18.251487970,1787250390.972448587,1787250390.972344637,15.556383585867897,0.7512197955919268,1.986319302088838,-0.15434363843132157,0.0,0.0,0.0,0.0,0.04880288541207251,-0.001783091373244692,-0.07709992525465281,0.9958266417837683,3.518283703767031,-0.6336212085150104,0.012694882752574271,41.67837752184533,20.0,0.0,2.0,4.5066889374272066,1.249616575304352,0.799616575304352,0,0,0
18.261472940,1787250390.982433558,1787250390.982344866,15.591546847542473,0.7448371233538458,1.9864563625045897,-0.15587614208093717,0.0,0.0,0.0,0.0,0.04933732641311623,-0.0028422244650405967,-0.07781375944289722,0.9957423204945438,3.514331658465439,-0.6429257113096408,0.014701943495019822,41.71411562842711,20.0,0.0,2.0,4.470953474132263,1.2552644100997667,0.8052644100997668,0,0,0
18.271479130,1787250390.992439747,1787250390.992344618,15.626669494050455,0.7383610959965125,1.9866130536116962,-0.15755455702206075,0.0,0.0,0.0,0.0,0.04967725015866902,-0.0038708626258868685,-0.07860058278224888,0.9956601506666296,3.5101622174095084,-0.6522854161270125,0.01661825030908315,41.749830664198626,20.0,0.0,2.0,4.435242499873448,1.2619917495746826,0.8119917495746827,0,0,0
18.281471491,1787250391.002432108,1787250391.002344608,15.66174939950592,0.7317913692984486,1.9867883542449074,-0.1593696500273163,0.0,0.0,0.0,0.0,0.04981872512430415,-0.004867127354354477,-0.07945647541914226,0.9955807723194904,3.505785025961775,-0.6616590672636792,0.0184254247088773,41.78552088423106,20.0,0.0,2.0,4.39955809467843,1.2688541178623371,0.8188541178623372,0,0,0
18.291481972,1787250391.012442589,1787250391.012348652,15.696784534547568,0.7251279959777724,1.9869812544298597,-0.16130417945005548,0.0,0.0,0.0,0.0,0.04976402616820217,-0.005825948510011475,-0.08037365404484118,0.9955047341720528,3.5012099623865187,-0.6710080067226833,0.02013623247309875,41.82118456942873,20.0,0.0,2.0,4.363902317925545,1.2749425290448901,0.8249425290448902,0,0,0
18.301481724,1787250391.022442341,1787250391.022344828,15.731772978238746,0.7183714254552697,1.9871907052632953,-0.16333688105777136,0.0,0.0,0.0,0.0,0.04951714670701922,-0.006741482022503073,-0.08134232151521326,0.995432585026556,3.4964487237943485,-0.6802923250846508,0.021737547496963928,41.85682003360149,20.0,0.0,2.0,4.3282771967880285,1.2820863525472204,0.8320863525472204,0,0,0
18.311485052,1787250391.032445669,1787250391.032344580,15.76671292950416,0.711522484236061,1.9874156911960617,-0.16544419800113316,0.0,0.0,0.0,0.0,0.04908975582164803,-0.00760670696885814,-0.08235151505855784,0.9953645371671732,3.491513817356423,-0.6894757935066317,0.02323878214475613,41.89242563440984,20.0,0.0,2.0,4.292684711416478,1.288968857349752,0.838968857349752,0,0,0
18.321471930,1787250391.042432547,1787250391.042344332,15.801602724443436,0.7045823692125486,1.9876550713920063,-0.16763110830670075,0.0,0.0,0.0,0.0,0.048482765045499816,-0.008415391605929606,-0.08340442546745923,0.9953001077514786,3.486419808818312,-0.6985216668523089,0.024620936257012675,41.92799978640708,20.0,0.0,2.0,4.25712677702559,1.2954774423090498,0.8454774423090499,0,0,0
18.331479788,1787250391.052440405,1787250391.052344322,15.83644084342664,0.6975526163151171,1.987907821914205,-0.1699124675914401,0.0,0.0,0.0,0.0,0.04769891185889891,-0.009161743278978092,-0.08450907211877484,0.9952382091726537,3.4811813072369056,-0.7073974783634743,0.025910987945091384,41.9635409715718,20.0,0.0,2.0,4.221605230665794,1.30301317307503,0.8530131730750301,0,0,0
18.341476679,1787250391.062437296,1787250391.062348843,15.871225924764293,0.6904351061138425,1.9881729160873176,-0.17228730780433185,0.0,0.0,0.0,0.0,0.04673687607510881,-0.009842503016191596,-0.0856653987311357,0.9951784910303034,3.475814984875759,-0.7160675917743534,0.027091777973572456,41.999047747123136,20.0,0.0,2.0,4.186121818581822,1.3099343558613459,0.8599343558613459,0,0,0
18.351474285,1787250391.072434902,1787250391.072344780,15.905956770913479,0.6832320575526845,1.988449361924066,-0.17474091651381388,0.0,0.0,0.0,0.0,0.04560338959425636,-0.010456337047130903,-0.08686628392369847,0.9951207186016975,3.4703371355137533,-0.7244995055674639,0.028179229894689323,42.03451874943649,20.0,0.0,2.0,4.1506781883611295,1.3168320770551631,0.8668320770551632,0,0,0
18.361472607,1787250391.082433224,1787250391.082345486,15.940632353515563,0.6759460209942763,1.988736130303667,-0.17725032369375285,0.0,0.0,0.0,0.0,0.04430523314446699,-0.01100415738458692,-0.08810030463237382,0.995064968311091,3.464764998970097,-0.7326601854801074,0.029158533921531574,42.06995269634659,20.0,0.0,2.0,4.115275882293085,1.3247251915902445,0.8747251915902445,0,0,0
18.371478319,1787250391.092438936,1787250391.092344999,15.975251809370302,0.6685798518761138,1.989032244308944,-0.179786053827134,0.0,0.0,0.0,0.0,0.04285906353526319,-0.011488551428175932,-0.08935258236691589,0.995011170732935,3.4591145034125743,-0.7405213072403689,0.03004715066804346,42.105348386121754,20.0,0.0,2.0,4.079916335904035,1.331695301273746,0.8816953012737461,0,0,0
18.381497145,1787250391.102457762,1787250391.102344990,16.009814435862953,0.6611366824359581,1.9893367315072954,-0.18231530233915955,0.0,0.0,0.0,0.0,0.04128157052447536,-0.011913406177777907,-0.09060645837441686,0.9949594827876767,3.4534015752577836,-0.7480564364755322,0.030835924438071545,42.14070469579682,20.0,0.0,2.0,4.044600877021743,1.3389417506242935,0.8889417506242936,0,0,0
18.391433477,1787250391.112394094,1787250391.112344742,16.044319679219385,0.6536198780639256,1.9896487066493491,-0.1848055095651397,0.0,0.0,0.0,0.0,0.03959628805480057,-0.012283148618935043,-0.09184527325781548,0.9949098974341766,3.447640245110986,-0.7552449784977898,0.031543544402868766,42.17602057743021,20.0,0.0,2.0,4.009330728997717,1.3471491439275531,0.8971491439275532,0,0,0
18.401436329,1787250391.122396946,1787250391.122344494,16.07876712650221,0.6460330007477377,1.9899673027888105,-0.1872524173887368,0.0,0.0,0.0,0.0,0.037808361738692085,-0.012597132233920732,-0.09306679742104468,0.9948620061394985,3.441844583830644,-0.7620682606030013,0.032163907482718725,42.211295055955254,20.0,0.0,2.0,3.9741070118038078,1.3541706469991226,0.9041706469991226,0,0,0
18.411425591,1787250391.132386208,1787250391.132344484,16.113156501488167,0.6383797855462887,1.9902917791930235,-0.18966419127592885,0.0,0.0,0.0,0.0,0.035920722688328466,-0.012852606464152006,-0.09427504977120367,0.9948149210678653,3.436028258925546,-0.7685094994147033,0.03271772415134459,42.24652723016834,20.0,0.0,2.0,3.9389307409586514,1.3617183781730153,0.9117183781730154,0,0,0
18.421422482,1787250391.142383099,1787250391.142344236,16.14748767429268,0.6306641469117013,1.9906213747327344,-0.1920345256013068,0.0,0.0,0.0,0.0,0.03392680324458004,-0.013044936517613829,-0.09546694666549516,0.9947687488794682,3.4302066766892545,-0.7745499658859768,0.0331897327718903,42.28171627873309,20.0,0.0,2.0,3.9038028183475904,1.3701911108106837,0.9201911108106837,0,0,0
18.431421518,1787250391.152382135,1787250391.152344704,16.181760668733773,0.622890181610193,1.9909553674545664,-0.19434703809843093,0.0,0.0,0.0,0.0,0.03182661884599496,-0.013170765958222006,-0.09663422059537262,0.9947237931540748,3.4243953391565634,-0.7801716693454529,0.03359566169191275,42.31686146667691,20.0,0.0,2.0,3.8687240240876095,1.3772603088451076,0.9272603088451077,0,0,0
18.441440105,1787250391.162400723,1787250391.162348986,16.21597567149798,0.6150621725979067,1.9912930230704204,-0.19657995537962347,0.0,0.0,0.0,0.0,0.029617827189752664,-0.01322732818589618,-0.09776586703528731,0.9946806810954253,3.418611074717853,-0.7853557281414415,0.03392477037884805,42.35196215257571,20.0,0.0,2.0,3.833695006948685,1.385057325499539,0.9350573254995391,0,0,0
18.451424360,1787250391.172384977,1787250391.172344446,16.250133034597017,0.6071845834385614,1.9916336782176858,-0.1987113400811335,0.0,0.0,0.0,0.0,0.027308708349860975,-0.013215770842679437,-0.09885051779690796,0.9946397101365797,3.412870188500811,-0.7900848248381311,0.034194629078967274,42.38701779278912,20.0,0.0,2.0,3.7987162794720803,1.3937329077335847,0.9437329077335848,0,0,0
18.461445093,1787250391.182405710,1787250391.182344198,16.284233272043135,0.5992620476001798,1.991976693589511,-0.20074728163857353,0.0,0.0,0.0,0.0,0.024904280361250353,-0.013148782955620537,-0.0998904311798827,0.9945998130329461,3.4071881428626747,-0.7943425261574479,0.034400192752950795,42.42202794028292,20.0,0.0,2.0,3.7637882182358484,1.4008496530291636,0.9508496530291637,0,0,0
18.471472263,1787250391.192432880,1787250391.192344427,16.318277030963607,0.5912993529319651,1.9923215481195786,-0.20270611602994118,0.0,0.0,0.0,0.0,0.022417951282159804,-0.013045906141794987,-0.10089377510392138,0.9945590409515814,3.401576100481506,-0.7981142483139604,0.034562115944857696,42.45699222137751,20.0,0.0,2.0,3.7289110882576955,1.4088401433175954,0.9588401433175955,0,0,0
18.481470585,1787250391.202431202,1787250391.202344894,16.352265053223192,0.5833014261595446,1.9926677619898503,-0.2045900277963977,0.0,0.0,0.0,0.0,0.019861265597935978,-0.01292914191567731,-0.10186080414578,0.994516336716973,3.396041600839157,-0.8013869811303377,0.034673812661498195,42.49191030199227,20.0,0.0,2.0,3.6940850771755107,1.417521498800238,0.9675214988002381,0,0,0
18.491462469,1787250391.212423086,1787250391.212348938,16.386198129748234,0.5752733116473897,1.9930149066299563,-0.20638998316637813,0.0,0.0,0.0,0.0,0.017254541668673323,-0.01281954561412258,-0.10278632583908087,0.9944711716598696,3.3905870694694094,-0.8041503303461696,0.034747211941344724,42.52678184934073,20.0,0.0,2.0,3.659310335576679,1.424810657289657,0.9748106572896571,0,0,0
18.501488447,1787250391.222449064,1787250391.222344398,16.420077057581988,0.5672201409962396,1.9933625464784968,-0.20809014693877098,0.0,0.0,0.0,0.0,0.014615378331957083,-0.012734472685453488,-0.1036620695796797,0.9944236517964036,3.3852112722515173,-0.8063973320191923,0.034774520430785855,42.56160649811377,20.0,0.0,2.0,3.6245870134115803,1.4329358965825933,0.9829358965825934,0,0,0
18.511448383,1787250391.232409000,1787250391.232344627,16.453902600873025,0.559147098229446,1.993710288447186,-0.20967361352273528,0.0,0.0,0.0,0.0,0.011966875942709182,-0.012686148954404558,-0.10447942555237909,0.9943741273490192,3.3799091800117433,-0.8081245141192871,0.03476612605315237,42.596383822952305,20.0,0.0,2.0,3.58991529176176,1.4416038343519744,0.9916038343519744,0,0,0
18.521444798,1787250391.242405415,1787250391.242344379,16.487675464008444,0.5510593836110357,1.99405771580896,-0.21114926318810734,0.0,0.0,0.0,0.0,0.00931898481240885,-0.012682930102349478,-0.10524291397052388,0.9943219945596486,3.374673841880848,-0.8093318074476422,0.034713694070640774,42.631113322198395,20.0,0.0,2.0,3.555295402795031,1.4490052155704773,0.9990052155704774,0,0,0
18.531440973,1787250391.252401590,1787250391.252344847,16.521396270343736,0.5429621917540556,1.9944044727878563,-0.21253758402798148,0.0,0.0,0.0,0.0,0.006680898361698775,-0.012727566150781654,-0.10596296202356814,0.9942661742894354,3.369496340634933,-0.8100203057780048,0.03463227875789183,42.665794405461085,20.0,0.0,2.0,3.520727646322223,1.4572056426488162,1.0072056426488163,0,0,0
18.541469812,1787250391.262430429,1787250391.262348890,16.55506555493492,0.5348606985154262,1.9947502528709413,-0.21384160382084358,0.0,0.0,0.0,0.0,0.004053085277439844,-0.012816892111139755,-0.10664147619518077,0.9942066663079955,3.3643680874653765,-0.8101924234646015,0.03451941869236223,42.70042639185291,20.0,0.0,2.0,3.486212394197631,1.4661831222394817,1.0161831222394817,0,0,0
18.551470041,1787250391.272430658,1787250391.272344589,16.588683770128778,0.5267600578728374,1.9950947845347853,-0.21505353377240358,0.0,0.0,0.0,0.0,0.001439679168430888,-0.012942868140264506,-0.1072749285426374,0.9941441038372494,3.3592813500173584,-0.809850279978005,0.034381602208530315,42.73500851835936,20.0,0.0,2.0,3.4517500836375397,1.4759149024594402,1.0259149024594403,0,0,0
18.561476707,1787250391.282437325,1787250391.282344580,16.62225130140371,0.5186653957132158,1.995437776717618,-0.21615915647792505,0.0,0.0,0.0,0.0,-0.0011597521107991231,-0.013093954589070016,-0.10785657426399892,0.9940795555267674,3.3542305090995317,-0.8089972278707674,0.034212545089030835,42.769539958454,20.0,0.0,2.0,3.4173412000355694,1.483380599343223,1.033380599343223,0,0,0
18.571474314,1787250391.292434931,1787250391.292344809,16.655768487695585,0.5105818058516052,1.9957789600389593,-0.21714227896639426,0.0,0.0,0.0,0.0,-0.0037397087522879464,-0.013256853297596337,-0.10837849312296916,0.9940142718530196,3.3492120042214704,-0.8076365609067127,0.03401902569929857,42.80401984546126,20.0,0.0,2.0,3.3829862555935564,1.4900808261338938,1.0400808261338939,0,0,0
18.581476450,1787250391.302437067,1787250391.302344561,16.689235646181295,0.5025143391310016,1.9961180563179004,-0.21798423840182504,0.0,0.0,0.0,0.0,-0.006296907760512284,-0.013417833860017735,-0.10883142571623228,0.993949712743926,3.3442249669316797,-0.8057734578480893,0.03379633052055306,42.83844730111343,20.0,0.0,2.0,3.3486857626590774,1.4975293859333205,1.0475293859333206,0,0,0
18.591485023,1787250391.312445641,1787250391.312348843,16.7226530956839,0.49446799257849655,1.9964548186689948,-0.2186698556952739,0.0,0.0,0.0,0.0,-0.008822130136827288,-0.013564666187564921,-0.109207626111565,0.9938872492642943,3.339270619390587,-0.8034137641398504,0.033551487058459624,42.872821463401166,20.0,0.0,2.0,3.3144402084251885,1.5057065855803569,1.055706585580357,0,0,0
18.601493120,1787250391.322453737,1787250391.322344780,16.756021178150004,0.48644769163576507,1.9967889894137367,-0.21921055099320647,0.0,0.0,0.0,0.0,-0.011311988856925253,-0.01368965736519941,-0.10951254495322328,0.9938267629155458,3.334352155321509,-0.8005656605301447,0.033278674931391174,42.9071415132957,20.0,0.0,2.0,3.2802500306985807,1.5141944955682636,1.0641944955682636,0,0,0
18.611472130,1787250391.332432747,1787250391.332344532,16.789340271041713,0.47845828062637985,1.997120325642968,-0.21963155685832889,0.0,0.0,0.0,0.0,-0.013760395787731746,-0.013789105932566458,-0.10975841121779972,0.9937673788328383,3.329473377801968,-0.797237299368905,0.032985499781800355,42.94140669129173,20.0,0.0,2.0,3.246115603914755,1.5215817788983363,1.0715817788983364,0,0,0
18.621470690,1787250391.342431307,1787250391.342344284,16.8226107917333,0.4705045142814691,1.9974486433990357,-0.21994321043477605,0.0,0.0,0.0,0.0,-0.016165201033786505,-0.013862157312238757,-0.10995010220905889,0.9937089623699716,3.324638404680939,-0.7934382952690263,0.03267560762510359,42.97561630600321,20.0,0.0,2.0,3.2120372333130622,1.5296647451839207,1.0796647451839207,0,0,0
18.631474257,1787250391.352434874,1787250391.352344036,16.85583319842813,0.4625910514291269,1.997773790363472,-0.22014734053738022,0.0,0.0,0.0,0.0,-0.018520146362634472,-0.013910471737555573,-0.11008823038991623,0.9936518930110092,3.3198512035945664,-0.7891784116518417,0.03235080824561512,43.00976973806297,20.0,0.0,2.0,3.1780151530441665,1.538424084053919,1.088424084053919,0,0,0
18.641492128,1787250391.362452745,1787250391.362348795,16.889007986252807,0.4547224441183596,1.9980955997350267,-0.2202399341215083,0.0,0.0,0.0,0.0,-0.02082142751916431,-0.013937260459104225,-0.11017058020918526,0.9935968318102322,3.3151151027147514,-0.7844690594188493,0.03200845029468854,43.0438664400955,20.0,0.0,2.0,3.144049528478227,1.5478400785884425,1.0978400785884426,0,0,0
18.651462317,1787250391.372422934,1787250391.372344494,16.922135678640238,0.44690312998317283,1.9984139098094151,-0.22021657416015267,0.0,0.0,0.0,0.0,-0.02306158559239384,-0.013947241287110152,-0.11019473219917804,0.9935445428998115,3.310432407431689,-0.7793219079583247,0.03165075570586626,43.07790593183325,20.0,0.0,2.0,3.11014046370421,1.555048313036921,1.105048313036921,0,0,0
18.661471844,1787250391.382432461,1787250391.382344961,16.95521681539177,0.439137421156641,1.9987285562194586,-0.22008382655174205,0.0,0.0,0.0,0.0,-0.025238806479723062,-0.013950226689663168,-0.11016395472820828,0.9934949908788808,3.305803925606031,-0.7737501249074636,0.0312757053780517,43.11188779235788,20.0,0.0,2.0,3.0762880119557137,1.5615054083244422,1.1115054083244422,0,0,0
18.671478987,1787250391.392439604,1787250391.392344236,16.988251933147676,0.43142950097268445,1.9990393691795585,-0.21985457152310997,0.0,0.0,0.0,0.0,-0.027349963603136622,-0.013957626630005281,-0.11008475151612135,0.9934477900893425,3.301228167076104,-0.7677663620653709,0.03088424148453404,43.14581164301497,20.0,0.0,2.0,3.0424921947820702,1.5686147870988407,1.1186147870988408,0,0,0
18.681479216,1787250391.402439833,1787250391.402344465,17.021241542196048,0.4237834232878888,1.9993461917903474,-0.21953100434070255,0.0,0.0,0.0,0.0,-0.02939538492499861,-0.013980273761199872,-0.10995845181127421,0.9934030411499356,3.296701382233949,-0.7613837310606013,0.0304779333826637,43.179677126168784,20.0,0.0,2.0,3.0087530253009063,1.5763598343278378,1.1263598343278378,0,0,0
18.691484928,1787250391.412445545,1787250391.412348747,17.05418610529122,0.4162031139825201,1.9996488792105895,-0.21911072338408574,0.0,0.0,0.0,0.0,-0.03137273242290389,-0.01402638621849559,-0.10978406966660173,0.993361198254396,3.2922179070660778,-0.7546148932099529,0.030056742754099978,43.21348388505471,20.0,0.0,2.0,2.9750705298587246,1.5844594180180933,1.1344594180180934,0,0,0
18.701478243,1787250391.422438860,1787250391.422344446,17.08708602139326,0.4086923681595387,1.9999472717583382,-0.21858719206233976,0.0,0.0,0.0,0.0,-0.0332813920046384,-0.014101044143506311,-0.10955855917176692,0.9933229241351994,3.2877707214338634,-0.7474731870845629,0.029619220766839375,43.247231548980544,20.0,0.0,2.0,2.941444764284153,1.5913600355136952,1.1413600355136952,0,0,0
18.711487532,1787250391.432448149,1787250391.432344437,17.119941614690454,0.4012548497819195,2.0002412131629086,-0.21795469293459327,0.0,0.0,0.0,0.0,-0.035117932292562715,-0.01420592312781833,-0.10927915711134535,0.9932889752738704,3.2833520185736185,-0.7399716891155118,0.029166516799407998,43.280919723345995,20.0,0.0,2.0,2.907875825314611,1.5988695276075486,1.1488695276075487,0,0,0
18.721484423,1787250391.442445040,1787250391.442348242,17.152753128653202,0.3938940871883295,2.0005305528561843,-0.21720888640963815,0.0,0.0,0.0,0.0,-0.036881206592612674,-0.014346641564317732,-0.10894394415764189,0.9932598690712692,3.2789533253093275,-0.7321243161505787,0.028698962388076923,43.314547985149794,20.0,0.0,2.0,2.8743638565432854,1.6068008039581603,1.1568008039581603,0,0,0
18.731478691,1787250391.452439308,1787250391.452344418,17.185520715365154,0.38661347030469595,2.000815140361558,-0.21634901878645357,0.0,0.0,0.0,0.0,-0.03856831027682897,-0.014528413285708782,-0.10855276029559248,0.9932359784472155,3.2745648641548786,-0.7239449468690374,0.028215794039724237,43.34811587324511,20.0,0.0,2.0,2.840909059352925,1.6134517130778407,1.1634517130778408,0,0,0
18.741477251,1787250391.462437868,1787250391.462349176,17.21824442438699,0.37941624651926165,2.001094817017825,-0.21537089383841282,0.0,0.0,0.0,0.0,-0.0401778597297302,-0.014756064493368129,-0.10810376184388035,0.993217788213344,3.270175899460737,-0.7154480768384316,0.027717034491497615,43.38162287820521,20.0,0.0,2.0,2.807511704196641,1.6206868086873025,1.1706868086873026,0,0,0
18.751476049,1787250391.472436666,1787250391.472344637,17.250924193083403,0.37230551874970874,2.001369428282819,-0.21427190556146936,0.0,0.0,0.0,0.0,-0.041706934054212975,-0.015030885372271824,-0.10759574756686269,0.993205799037768,3.2657748681094327,-0.7066482701004438,0.02720240610956395,43.41506843310882,20.0,0.0,2.0,2.774172140801549,1.6284346961324039,1.178434696132404,0,0,0
18.761473417,1787250391.482434034,1787250391.482345343,17.283559843026307,0.3652842397580035,2.001638811733273,-0.21304862847114914,0.0,0.0,0.0,0.0,-0.04315369410162337,-0.015351904376430777,-0.10702702735671857,0.9932005301713168,3.2613502232371205,-0.697560865503928,0.02667167739030716,43.448451910658626,20.0,0.0,2.0,2.740890801899766,1.6347992403239238,1.1847992403239238,0,0,0
18.771472931,1787250391.492433548,1787250391.492344379,17.316151081467847,0.3583552081065377,2.0019028066172924,-0.2117011342438679,0.0,0.0,0.0,0.0,-0.04451532407621029,-0.015714024032683502,-0.10639744260140918,0.9932024162168405,3.2568908093144913,-0.6882015090522882,0.02612441317229409,43.48177262487785,20.0,0.0,2.0,2.7076682022279446,1.6417253502037754,1.1917253502037755,0,0,0
18.781488895,1787250391.502449512,1787250391.502344370,17.34869751017021,0.35152106124392496,2.0021612452392703,-0.21022944622920117,0.0,0.0,0.0,0.0,-0.0457899185782323,-0.016110184728965707,-0.1057067017805552,0.9932118799648313,3.252386725043813,-0.6785866614414103,0.025560595576157134,43.51502984026247,20.0,0.0,2.0,2.67450492989949,1.6491995040950027,1.1991995040950028,0,0,0
18.791482210,1787250391.512442827,1787250391.512348175,17.38119863881301,0.3447842701655918,2.002413960850617,-0.20863806813695485,0.0,0.0,0.0,0.0,-0.0469751258816081,-0.01653093477568153,-0.10495658296363783,0.9932291686395675,3.247829566512155,-0.6687332645877899,0.024979540783896095,43.548222785028926,20.0,0.0,2.0,2.641401633511162,1.6553242631993799,1.20532426319938,0,0,0
18.801483870,1787250391.522444487,1787250391.522344589,17.413653901641172,0.33814713139633024,2.0026607728597434,-0.20693983406666722,0.0,0.0,0.0,0.0,-0.04806739996876502,-0.01697284442503377,-0.10415317745539752,0.993254027546987,3.243212438351084,-0.6586592582842922,0.024379438738459505,43.581350667733005,20.0,0.0,2.0,2.608359005712156,1.6619110914984982,1.2119110914984983,0,0,0
18.811473846,1787250391.532434464,1787250391.532344341,17.44606266543843,0.33161175828380157,2.0029014796871603,-0.20515432654140514,0.0,0.0,0.0,0.0,-0.04906279625092094,-0.01743403944197559,-0.1033059648043721,0.9932858470393173,3.2385286850157553,-0.6483832325512612,0.023759055929164656,43.61441268540228,20.0,0.0,2.0,2.5753777753339238,1.669026527042547,1.219026527042547,0,0,0
18.821468592,1787250391.542429209,1787250391.542344332,17.47842423178058,0.3251800775910772,2.003135903727349,-0.20329471511271763,0.0,0.0,0.0,0.0,-0.049957856004353395,-0.017915503603196794,-0.10242135066792209,0.9933242744851506,3.2337718441647567,-0.6379240122175593,0.023123120433694914,43.647408025183545,20.0,0.0,2.0,2.5424587059823978,1.6766579932572647,1.2266579932572648,0,0,0
18.831471443,1787250391.552432060,1787250391.552344084,17.51073783650124,0.31885382249994987,2.0033638868789403,-0.201372757334238,0.0,0.0,0.0,0.0,-0.05075061636782919,-0.018417208418866036,-0.1015050193759931,0.9933689709336712,3.228935277153137,-0.6273014305112521,0.022470974099064175,43.680335863403485,20.0,0.0,2.0,2.509602596923325,1.6847927880832556,1.2347927880832557,0,0,0
18.841490746,1787250391.562451363,1787250391.562348604,17.543002649952996,0.31263452741141107,2.0035852771080083,-0.19939645227297637,0.0,0.0,0.0,0.0,-0.05144028156170914,-0.018939917239392777,-0.10056083832391641,0.9934196971891629,3.2240124847654887,-0.6165353430737909,0.02180474269679306,43.71319536480123,20.0,0.0,2.0,2.4768102834249737,1.6934181289014658,1.2434181289014659,0,0,0
18.851478338,1787250391.572438955,1787250391.572344065,17.575217777009353,0.306523527030153,2.0037999328450615,-0.19737404820756252,0.0,0.0,0.0,0.0,-0.05202811615003759,-0.01948262026325983,-0.09959276232396631,0.9934761116052252,3.218996965095917,-0.6056458143831313,0.021123970380279876,43.74598568065824,20.0,0.0,2.0,2.444082637932706,1.7025211913667389,1.252521191366739,0,0,0
18.861471653,1787250391.582432270,1787250391.582344294,17.607382258247632,0.30052195701980167,2.004007714238721,-0.1953065129442918,0.0,0.0,0.0,0.0,-0.05251328387197073,-0.020051769394635426,-0.09860140491128284,0.9935381444668582,3.213882057472773,-0.5946525386088672,0.02043038755712429,43.778705947604344,20.0,0.0,2.0,2.411420570239175,1.71208914475893,1.26208914475893,0,0,0
18.871479273,1787250391.592439890,1787250391.592344761,17.639495059184824,0.29463075605410277,2.0042085015175886,-0.19319425294620177,0.0,0.0,0.0,0.0,-0.05289603561570768,-0.020654262204215037,-0.09758714635762142,0.9936056359213737,3.2086594550769267,-0.5835753137736148,0.019725018507861885,43.81135527452514,20.0,0.0,2.0,2.3788250397015105,1.7221091823040553,1.2721091823040553,0,0,0
18.881469965,1787250391.602430582,1787250391.602344751,17.67155505717195,0.28885066519516966,2.004402177606458,-0.1910367324081936,0.0,0.0,0.0,0.0,-0.053176026136343986,-0.021298901127642152,-0.09654996429187711,0.9936784044399571,3.2033197166541942,-0.5724337625366505,0.01900850477224863,43.843932727336856,20.0,0.0,2.0,2.34629706936971,1.732568550282085,1.282568550282085,0,0,0
18.891484737,1787250391.612445354,1787250391.612349033,17.70356102617161,0.28318223035513224,2.004588637154009,-0.1888367831667704,0.0,0.0,0.0,0.0,-0.053355517144581345,-0.021990359791883088,-0.09549137762055875,0.9937560111348187,3.197851797643162,-0.5612473124436251,0.01828164081999024,43.87643731120291,20.0,0.0,2.0,2.3138377626138418,1.743454570090227,1.2934545700902271,0,0,0
18.901482582,1787250391.622443199,1787250391.622344494,17.735511628127746,0.27762580602227777,2.004767779412834,-0.18659660961116423,0.0,0.0,0.0,0.0,-0.053436780203312245,-0.022731656090256114,-0.09441250120188628,0.9938380461371465,3.1922443477006386,-0.550034740618184,0.017545404584861476,43.908867958878766,20.0,0.0,2.0,2.2814483132945833,1.7547546564648497,1.3047546564648498,0,0,0
18.911484480,1787250391.632445097,1787250391.632344961,17.767405409587003,0.27218156091949136,2.004939509728323,-0.18432051212133474,0.0,0.0,0.0,0.0,-0.05342474708933019,-0.023520199251709575,-0.09331529110159585,0.9939239674503405,3.186485946007624,-0.5388146355421292,0.016797381581997624,43.94122352396132,20.0,0.0,2.0,2.2491300109158443,1.766456331893031,1.3164563318930311,0,0,0
18.921470404,1787250391.642431021,1787250391.642344475,17.79924080877524,0.26684947805053316,2.005103674676704,-0.18199560010692498,0.0,0.0,0.0,0.0,-0.05331872906187794,-0.024355762119776428,-0.09219308288664783,0.9940142581727118,3.180565994794376,-0.5276050707489452,0.016034350871459133,43.973502785094844,20.0,0.0,2.0,2.216884234503755,1.7785472462707126,1.3285472462707126,0,0,0
18.931478500,1787250391.652439117,1787250391.652344227,17.831016153319876,0.26162936765288125,2.0052601819677394,-0.17960548684664104,0.0,0.0,0.0,0.0,-0.05311892287950296,-0.025234980208456655,-0.09103732941887124,0.9941095414783424,3.174473297020156,-0.5164231233200564,0.01526609207641808,44.00570443983534,20.0,0.0,2.0,2.1847124576685344,1.7910151808913548,1.3410151808913549,0,0,0
18.941463232,1787250391.662423849,1787250391.662348747,17.862729665956305,0.2565208630549316,2.005408980445318,-0.17714197438339396,0.0,0.0,0.0,0.0,-0.05282280541709495,-0.02615524806883812,-0.08984349504460953,0.9942101390674382,3.1681979500379636,-0.5052869657179502,0.014493155073384311,44.03782710852826,20.0,0.0,2.0,2.152616243326978,1.8038480686640646,1.3538480686640646,0,0,0
18.951475859,1787250391.672436476,1787250391.672344446,17.894379471778556,0.25152341349674645,2.005550036115202,-0.17460717342755938,0.0,0.0,0.0,0.0,-0.05243130672353728,-0.0271098814647839,-0.08861207907707094,0.9943158008620132,3.1617305415125876,-0.49421522903311393,0.013717454940539697,44.06986934015115,20.0,0.0,2.0,2.120597236465587,1.817034016123183,1.367034016123183,0,0,0
18.961472511,1787250391.682433128,1787250391.682344913,17.925963611313176,0.24663628209081406,2.0056833217187693,-0.17200748346853173,0.0,0.0,0.0,0.0,-0.05194475152684394,-0.028092341243989388,-0.08734570309596182,0.9944261115351496,3.155063512370391,-0.4832264438639364,0.012939306113504445,44.10182962313759,20.0,0.0,2.0,2.088657151709304,1.8305613207784697,1.3805613207784697,0,0,0
18.971473932,1787250391.692434549,1787250391.692344904,17.95748005588262,0.24185854611878146,2.005808813554365,-0.16935573765897902,0.0,0.0,0.0,0.0,-0.051368266918101625,-0.029092558868943515,-0.08605020144506499,0.994540239006724,3.148190744662845,-0.47233910593758877,0.012158844551991376,44.13370639818649,20.0,0.0,2.0,2.056797758838449,1.844418486190441,1.394418486190441,0,0,0
18.981486082,1787250391.702446699,1787250391.702344418,17.988926727828115,0.23718910469193097,2.005926497900803,-0.1666665751487072,0.0,0.0,0.0,0.0,-0.05070669143190013,-0.030101413418873527,-0.08473237504466805,0.9946573083095032,3.141108511280677,-0.46157037654066535,0.011377918597898402,44.165498074916286,20.0,0.0,2.0,2.025020864289072,1.8585942311489392,1.4085942311489392,0,0,0
18.991487980,1787250391.712448597,1787250391.712349653,18.020301521802413,0.2326266879235244,2.0060363689750154,-0.1639577877335251,0.0,0.0,0.0,0.0,-0.049969130382966305,-0.031108100339673966,-0.08340071326412107,0.9947762025345513,3.133815070898378,-0.4509366946196502,0.01059664213846337,44.197203049531495,20.0,0.0,2.0,1.9933282916425268,1.8730774979144915,1.4230774979144916,0,0,0
19.001493692,1787250391.722454309,1787250391.722344637,18.051602325615367,0.22816987337478392,2.006138448573416,-0.16123814130967407,0.0,0.0,0.0,0.0,-0.049160302679652504,-0.03210829729344716,-0.08205938697121484,0.9948962653941711,3.1263105433210394,-0.44045229636008315,0.009820295231292254,44.22881972132824,20.0,0.0,2.0,1.9617218633675368,1.8878574538476784,1.4378574538476785,0,0,0
19.011472225,1787250391.732432842,1787250391.732344866,18.08282703157418,0.22381709734950103,2.0062327940867957,-0.15851465881667856,0.0,0.0,0.0,0.0,-0.04828711780927995,-0.033098888927424214,-0.08071186107464523,0.9950167904549702,3.1185957377166167,-0.4301311815713161,0.009049922914958831,44.260346500777096,20.0,0.0,2.0,1.9302033912649608,1.902923494887357,1.452923494887357,0,0,0
19.021488905,1787250391.742449522,1787250391.742345095,18.11397354466935,0.21956666376489048,2.006319471847093,-0.1557966136023617,0.0,0.0,0.0,0.0,-0.04735293706241671,-0.03408093879881004,-0.07936278886098155,0.9951370441835445,3.110672190624585,-0.4199858975462871,0.008286784283110452,44.29178181494252,20.0,0.0,2.0,1.8987746695614964,1.9182652495700783,1.4682652495700783,0,0,0
19.031478882,1787250391.752439499,1787250391.752344608,18.145039783799557,0.21541675244768882,2.0063985515575817,-0.15309735437192443,0.0,0.0,0.0,0.0,-0.046363989726899146,-0.03505460956582625,-0.07801893738074706,0.9952560475650327,3.102541186038812,-0.41002856744059496,0.007530604875761267,44.32312410635901,20.0,0.0,2.0,1.86743747482574,1.9338725802831143,1.4838725802831143,0,0,0
19.041492224,1787250391.762452841,1787250391.762347937,18.176023681664955,0.21136543135624344,2.0064701165781087,-0.15043026719307825,0.0,0.0,0.0,0.0,-0.045323718284078926,-0.03602188142349207,-0.07668707174860714,0.9953729339530192,3.094204142507178,-0.4002695979202431,0.006783915680952253,44.35437183029327,20.0,0.0,2.0,1.836193567636052,1.949735579282491,1.4997355792824911,0,0,0
19.051482439,1787250391.772443056,1787250391.772344828,18.206923184071854,0.20741066524672927,2.0065342574859986,-0.14780942154516485,0.0,0.0,0.0,0.0,-0.04423864092520854,-0.03698261813509903,-0.07537434766277598,0.9954867835985443,3.085662353516929,-0.390719089950331,0.00604573856781839,44.3855234520493,20.0,0.0,2.0,1.8050446942937455,1.9658445666477309,1.515844566647731,0,0,0
19.061488867,1787250391.782449484,1787250391.782344341,18.23773624997386,0.20355032707802462,2.0065910736045582,-0.1452318800177519,0.0,0.0,0.0,0.0,-0.04310998064155627,-0.03794108396271266,-0.07407941312374906,0.9955974308263656,3.0769168758280285,-0.3813853845863089,0.0053200396592766215,44.41657744485424,20.0,0.0,2.0,1.7739925880795062,1.9821900850461294,1.5321900850461294,0,0,0
19.071497202,1787250391.792457819,1787250391.792358398,18.26846084238505,0.19978220672667293,2.0066407111949918,-0.1426889969996192,0.0,0.0,0.0,0.0,-0.041941327356401464,-0.038900335117160435,-0.07279811741430293,0.9957048373329764,3.06796765849676,-0.37227685038845404,0.004610249003102777,44.447532279269986,20.0,0.0,2.0,1.743038979347176,1.998762892291729,1.5487628922917291,0,0,0
19.081495523,1787250391.802456141,1787250391.802344322,18.299094923314602,0.19610401387007556,2.0066833359675087,-0.140177718991747,0.0,0.0,0.0,0.0,-0.040732496702177205,-0.039864617686184205,-0.07152896876166881,0.9958088584648329,3.058814448388143,-0.3634012377518849,0.003917480899295007,44.47838641730623,20.0,0.0,2.0,1.7121856006665193,2.0066873611185088,1.5566873611185088,0,0,0
19.091500521,1787250391.812461138,1787250391.812344313,18.329636448217936,0.19251337834881535,2.0067191134980153,-0.13770166960117208,0.0,0.0,0.0,0.0,-0.039486753681422064,-0.04083461897562033,-0.07027381520733378,0.9959090927755526,3.0494563129462318,-0.3547666028671407,0.003240903941965554,44.50913830646608,20.0,0.0,2.0,1.681434192126312,2.006950623483754,1.5569506234837542,0,0,0
19.101488590,1787250391.822449207,1787250391.822344542,18.36008336398716,0.18900785548319118,2.006748212926198,-0.1352674625879848,0.0,0.0,0.0,0.0,-0.03820504915806058,-0.04181027477405752,-0.06903587389903906,0.9960051823445217,3.039892503955699,-0.3463799261757406,0.002581687636696498,44.53978637683268,20.0,0.0,2.0,1.650786503725941,2.007177000889171,1.557177000889171,0,0,0
19.111479759,1787250391.832440376,1787250391.832344532,18.390433611882248,0.18558492880185049,2.006770791908217,-0.1328837363122335,0.0,0.0,0.0,0.0,-0.036892309524188274,-0.04278777154644775,-0.06781944308325334,0.9960967258474138,3.030122874163199,-0.33824850938824286,0.0019354116901443763,44.57032904345119,20.0,0.0,2.0,1.620244292438606,2.0068457760989347,1.5568457760989347,0,0,0
19.121467829,1787250391.842428446,1787250391.842344284,18.420685136913907,0.18224201453387515,2.006786961014948,-0.13053682474479283,0.0,0.0,0.0,0.0,-0.03554883385827128,-0.0437669390226011,-0.06661764315905545,0.996184132116067,3.0201478075978003,-0.3303783495198018,0.001301394569347303,44.600764715022294,20.0,0.0,2.0,1.5898093129258708,2.006971221262507,1.556971221262507,0,0,0
19.131521463,1787250391.852482080,1787250391.852357149,18.450835880853667,0.17897647232797603,2.006796888535324,-0.12820550666053593,0.0,0.0,0.0,0.0,-0.03417821118998345,-0.044746428226875586,-0.06541996198065408,0.9962679537229127,3.009966628925997,-0.32277495520639654,0.0006880659801780796,44.63109178584318,20.0,0.0,2.0,1.5594833257817033,2.007511255354548,1.5575112553545483,0,0,0
19.141491175,1787250391.862451792,1787250391.862344980,18.480883782798315,0.17578560940304921,2.006800805453698,-0.12587907952124333,0.0,0.0,0.0,0.0,-0.03278058618038418,-0.045726291632402036,-0.06422101299502198,0.9963484334875586,2.9995794447725563,-0.31544344596657553,9.927201914028099e-05,44.66130863599046,20.0,0.0,2.0,1.5292680970952006,2.0070387512063195,1.5570387512063195,0,0,0
19.151466131,1787250391.872426748,1787250391.872344255,18.51082678470889,0.17266667770786967,2.006798947782567,-0.12355730096183286,0.0,0.0,0.0,0.0,-0.031359859516037474,-0.04670388464747905,-0.06302073511248751,0.9964254579826085,2.988986754970381,-0.3083895220262324,-0.0004667662072009669,44.691413637265775,20.0,0.0,2.0,1.499165391950497,2.0070138004385307,1.5570138004385308,0,0,0
19.161494732,1787250391.882455349,1787250391.882344246,18.540662836636734,0.16961687886098512,2.006791549888185,-0.12124715370561728,0.0,0.0,0.0,0.0,-0.029917749155742367,-0.047676732560496496,-0.06182258545917069,0.9964987834337544,2.978189722969014,-0.3016176912386187,-0.0010093488205363146,44.72140515810711,20.0,0.0,2.0,1.4691769692986507,2.0074316256004394,1.5574316256004395,0,0,0
19.171475649,1787250391.892436266,1787250391.892345190,18.57038990515199,0.16663336790532626,2.0067788230548715,-0.11896196452149653,0.0,0.0,0.0,0.0,-0.02846011271147211,-0.048639566407723545,-0.06063334728630673,0.9965680166255473,2.967190485651496,-0.2951325068539311,-0.0015324419407593956,44.75128157191643,20.0,0.0,2.0,1.439304573407871,2.007275887451282,1.5572758874512822,0,0,0
19.181507111,1787250391.902467728,1787250391.902344227,18.6000059823027,0.16371326422897844,2.006760972791056,-0.11671851759662223,0.0,0.0,0.0,0.0,-0.026990832739585708,-0.04958727009939675,-0.05946147373060237,0.996632796336694,2.955992095176915,-0.2889367166052645,-0.0020345134991737327,44.7810412652937,20.0,0.0,2.0,1.4095499257656021,2.0070890007993882,1.5570890007993883,0,0,0
19.191488504,1787250391.912449121,1787250391.912344217,18.629509098119986,0.1608536607466659,2.0067381918879135,-0.11453520062707559,0.0,0.0,0.0,0.0,-0.025517454455635864,-0.05051320116618981,-0.05831641887338778,0.9966927667620711,2.9445989689217953,-0.28303259606325476,-0.0025175497365917242,44.81068265011246,20.0,0.0,2.0,1.3799147131404235,2.0073355762577387,1.5573355762577388,0,0,0
19.201490641,1787250391.922451258,1787250391.922345400,18.658897327828857,0.15805164039959937,2.0067107140792926,-0.11241722766335718,0.0,0.0,0.0,0.0,-0.02404546882140081,-0.05141643773030683,-0.05720112636583899,0.9967478098810972,2.933015738259832,-0.2774201020025712,-0.0029737982753289976,44.84020416969525,20.0,0.0,2.0,1.3504005820574274,2.007571711448612,1.557571711448612,0,0,0
19.211502552,1787250391.932463169,1787250391.932344198,18.688168797348066,0.1553042875382149,2.006678793896486,-0.11036432354117365,0.0,0.0,0.0,0.0,-0.02258336026480671,-0.05229731863437045,-0.056116009072236975,0.9967978610674332,2.9212477859297414,-0.2720988089451211,-0.0034057792168161716,44.86960430395441,20.0,0.0,2.0,1.321009134058839,2.007211864988314,1.5572118649883142,0,0,0
19.221471548,1787250391.942432165,1787250391.942344666,18.717321684218096,0.15260870195729292,2.006642687480824,-0.10838167108709883,0.0,0.0,0.0,0.0,-0.02113614510972266,-0.053158924413714635,-0.05506406325679247,0.9968426862162001,2.909300046724392,-0.26706623138718294,-0.003811656963911821,44.89888156984715,20.0,0.0,2.0,1.2917419258455463,2.0072761868102904,1.5572761868102905,0,0,0
19.231469393,1787250391.952430010,1787250391.952344894,18.74635421531619,0.14996201009299787,2.006602630265114,-0.10647876938175968,0.0,0.0,0.0,0.0,-0.01971037004971652,-0.0540031636366177,-0.05405049680742599,0.9968819907213744,2.897177341275779,-0.26231936777359943,-0.004195762576304149,44.928034519000995,20.0,0.0,2.0,1.2626004723003361,2.0077576903378733,1.5577576903378734,0,0,0
19.241468906,1787250391.962429523,1787250391.962344170,18.775264661216173,0.14736137818950312,2.006558852855941,-0.10466718861621278,0.0,0.0,0.0,0.0,-0.018308878193428583,-0.05483234104356981,-0.053081350615511814,0.9969155278015349,2.8848837132283798,-0.2578534728028466,-0.004556251853732239,44.95706173183473,20.0,0.0,2.0,1.2335862533275208,2.007271250971389,1.5572712509713889,0,0,0
19.251470804,1787250391.972431421,1787250391.972344875,18.804051333949634,0.14480402003958276,2.0065115690238526,-0.10295865033377688,0.0,0.0,0.0,0.0,-0.01693565735037381,-0.055646572998215973,-0.052162778638687526,0.9969431713735524,2.8724233044004177,-0.2536636453331327,-0.0048965185059458,44.98596181563272,20.0,0.0,2.0,1.2047007166007777,2.0070156639154817,1.5570156639154817,0,0,0
19.261490345,1787250391.982450962,1787250391.982344866,18.832712582155263,0.14228720550592835,2.006461006730694,-0.10135288862153359,0.0,0.0,0.0,0.0,-0.015590449830535043,-0.05644875824901245,-0.051294762198536514,0.9969650560261487,2.8597993783500315,-0.24974382222296057,-0.005212230878629329,45.014733399889536,20.0,0.0,2.0,1.175945283300755,2.0071717357856707,1.5571717357856707,0,0,0
19.271472454,1787250391.992433071,1787250391.992344379,18.861246787671877,0.13980826149824008,2.0064073920488856,-0.09984406950963565,0.0,0.0,0.0,0.0,-0.01427411776724441,-0.057240720140879574,-0.050474556474014345,0.9969814785985104,2.847015209640011,-0.24608854944876096,-0.005506705103268601,45.04337513381735,20.0,0.0,2.0,1.1473213513413085,2.0071781547737317,1.5571781547737318,0,0,0
19.281490326,1787250392.002450943,1787250392.002344370,18.88965236029401,0.13736457255628423,2.0063509525260765,-0.09843153928252017,0.0,0.0,0.0,0.0,-0.012984045072378256,-0.05802447933988468,-0.04970178056677384,0.9969926315572177,2.834073261497465,-0.24269193971648345,-0.005777836230694453,45.071885681989144,20.0,0.0,2.0,1.1188303005336506,2.006726006738557,1.5567260067385569,0,0,0
19.291495323,1787250392.012455940,1787250392.012345552,18.91792773650318,0.13495357687492807,2.006291894608096,-0.09711817850637781,0.0,0.0,0.0,0.0,-0.011719326582244637,-0.0587994274587786,-0.048977883273391816,0.9969987219976947,2.8209763224112194,-0.2395490160171394,-0.0060302800499049455,45.10026372434205,20.0,0.0,2.0,1.09047349315709,2.006675660377552,1.5566756603775522,0,0,0
19.301490784,1787250392.022451401,1787250392.022344828,18.94607137812566,0.13257276410792973,2.0062304157553146,-0.09590891212676693,0.0,0.0,0.0,0.0,-0.010476977425790283,-0.05956400032495443,-0.0483052013588439,0.9969999851208574,2.8077268586719586,-0.23665459722938753,-0.0062626338239509995,45.128507955839034,20.0,0.0,2.0,1.0622522750597663,2.0070216470329814,1.5570216470329814,0,0,0
19.311507463,1787250392.032468081,1787250392.032344580,18.974081776588672,0.1302196710051267,2.006166694529466,-0.094808603077646,0.0,0.0,0.0,0.0,-0.009256539147293009,-0.06031477373296186,-0.04768618957429655,0.9969967261111946,2.7943281446452506,-0.23400428466629597,-0.006477854390712249,45.15661709189125,20.0,0.0,2.0,1.0341679708662213,2.006562859630971,1.556562859630971,0,0,0
19.321474552,1787250392.042435169,1787250392.042344332,19.001957450992776,0.12789188080588054,2.006100939466185,-0.093812833527232,0.0,0.0,0.0,0.0,-0.008056047915476896,-0.061057367126776056,-0.04711860960113591,0.9969889340613493,2.780782438138716,-0.2315933163709802,-0.006669739950171919,45.184589867127606,20.0,0.0,2.0,1.006221886199695,2.0062957124109513,1.5562957124109513,0,0,0
19.331491232,1787250392.052451849,1787250392.052344799,19.029696941273105,0.12558702038665312,2.0060333617631465,-0.09291272848496974,0.0,0.0,0.0,0.0,-0.006876286451932975,-0.06179966161129715,-0.04659814299431446,0.9969764949981728,2.767091319184719,-0.22941756278906533,-0.0068416538671132844,45.21242502959005,20.0,0.0,2.0,0.9784153141271504,2.006415009832225,1.556415009832225,0,0,0
19.341491461,1787250392.062452078,1787250392.062344790,19.05729878936139,0.1233027613436464,2.0059641917699538,-0.09210471183690817,0.0,0.0,0.0,0.0,-0.005716684485676185,-0.06255195221328934,-0.04612297622494769,0.9969589980821432,2.7532538108061555,-0.22747231629911777,-0.006988867379077313,45.24012132251442,20.0,0.0,2.0,0.9507495543401208,2.0065558796067227,1.5565558796067227,0,0,0
19.351478338,1787250392.072438955,1787250392.072344542,19.08476152398428,0.12103682020540782,2.0058936441346336,-0.09138842727040099,0.0,0.0,0.0,0.0,-0.004579079767980832,-0.06332133861276974,-0.04569301036711193,0.9969361007147631,2.739268091743151,-0.2257531570456716,-0.007116939388035273,45.26767746990802,20.0,0.0,2.0,0.9232259283979187,2.006062528459643,1.5560625284596432,0,0,0
19.361490011,1787250392.082450628,1787250392.082344770,19.112083644429934,0.1187869619552296,2.00582192711655,-0.09076602734170512,0.0,0.0,0.0,0.0,-0.003464173275472357,-0.06411283475204771,-0.04530930290504925,0.9969075237923689,2.7251303953716843,-0.22425490182579216,-0.007223554748186469,45.29509216069824,20.0,0.0,2.0,0.8958457968058634,2.005945772178578,1.555945772178578,0,0,0
19.371474028,1787250392.092434645,1787250392.092344761,19.139263613539228,0.11655100311920734,2.005749224922573,-0.09023973202824838,0.0,0.0,0.0,0.0,-0.0023791560997948797,-0.06492791622766939,-0.044973367874576876,0.9968731621889535,2.710836962109137,-0.22297220451852692,-0.007312734137929898,45.322364042157126,20.0,0.0,2.0,0.8686105668784206,2.006200013666418,1.556200013666418,0,0,0
19.381506681,1787250392.102467299,1787250392.102344275,19.16629984145753,0.11432683716701797,2.005675760675777,-0.08980509315576594,0.0,0.0,0.0,0.0,-0.0013888425439623918,-0.06579213600009097,-0.0446870292619468,0.9968312471891497,2.696380765919743,-0.22189306840101267,-0.007376728297414349,45.34949170204936,20.0,0.0,2.0,0.8415217135104729,2.0060115524997153,1.5560115524997153,0,0,0
19.391490221,1787250392.112450838,1787250392.112344980,19.193190647645512,0.11211255687739793,2.0056017668444333,-0.0894536864091473,0.0,0.0,0.0,0.0,-0.0005788958553693675,-0.06674039716579959,-0.04445157126589636,0.9967795353425616,2.6817492304008295,-0.22098886499170167,-0.007411893793014122,45.37647362136078,20.0,0.0,2.0,0.8145808346923195,2.005650217315534,1.5556502173155342,0,0,0
19.401490688,1787250392.122451305,1787250392.122344732,19.219934149507967,0.10990662138090027,2.0055277673684135,-0.08917781153271712,0.0,0.0,0.0,0.0,-7.523369671952544e-06,-0.06786178594773229,-0.044266545810636174,0.9967122206902943,2.66691444191466,-0.22021591282503747,-0.0073779116474511,45.403308049232535,20.0,0.0,2.0,0.787789789689675,2.0056504088253386,1.5556504088253387,0,0,0
19.411505461,1787250392.132466078,1787250392.132344246,19.246528123169156,0.10770797613083444,2.005454391205847,-0.08897010834421124,0.0,0.0,0.0,0.0,0.00029938490380307836,-0.06925384033695024,-0.04412955862751922,0.9966224952421071,2.651834373293434,-0.21952159146180314,-0.0072833125860382415,45.429992855023265,20.0,0.0,2.0,0.7611508573736359,2.0060067811974673,1.5560067811974674,0,0,0
19.421470165,1787250392.142430782,1787250392.142344713,19.272969801390154,0.10551611380632821,2.0053823989885053,-0.0888230979551214,0.0,0.0,0.0,0.0,0.0003453017109308902,-0.07102176257417321,-0.04403630791670514,0.9965021794219275,2.6364433672778516,-0.21885008376242462,-0.007103433000575864,45.456525321747485,20.0,0.0,2.0,0.7346669518784233,2.0055733727993843,1.5555733727993843,0,0,0
19.431492567,1787250392.152453184,1787250392.152344704,19.29925569198781,0.10333107664066393,2.0053125175767685,-0.08872838236160063,0.0,0.0,0.0,0.0,0.00015988568725084048,-0.07323938324105554,-0.04398078615701855,0.9963441461804488,2.6206617189523347,-0.21814815183213962,-0.006859178604178279,45.48290196511503,20.0,0.0,2.0,0.7083418097600942,2.005315459933487,1.5553154599334869,0,0,0
19.441481829,1787250392.162442446,1787250392.162344217,19.32538141124534,0.10115340723602848,2.005245490635425,-0.08867672874942621,0.0,0.0,0.0,0.0,-0.0002092773346990059,-0.07595760464588507,-0.043955686648610715,0.9961417048345611,2.6043928997132855,-0.21736963793823166,-0.006536340377892874,45.50911837111147,20.0,0.0,2.0,0.6821801574809951,2.0054053022026164,1.5554053022026164,0,0,0
19.451482534,1787250392.172443151,1787250392.172344685,19.351341600923355,0.09898405935355199,2.005181937553897,-0.08865828449050861,0.0,0.0,0.0,0.0,-0.0007031572674889928,-0.07917836749060407,-0.043952938437373884,0.9958907725720229,2.5875387009000144,-0.21647887053299286,-0.0061635009578568465,45.53516912076187,20.0,0.0,2.0,0.656187789566063,2.005774701513163,1.5557747015131629,0,0,0
19.461491108,1787250392.182451725,1787250392.182344437,19.377129895446437,0.09682428420563698,2.005122430365875,-0.08866354302717812,0.0,0.0,0.0,0.0,-0.0012604118321818529,-0.08287378577792684,-0.04396431391168753,0.9955890146516896,2.569998313615593,-0.21545222271006328,-0.0057316550147485466,45.561047766479994,20.0,0.0,2.0,0.6303715955302504,2.0052564073494477,1.5552564073494477,0,0,0
19.471483231,1787250392.192443848,1787250392.192345142,19.402738991437058,0.09467550581779967,2.005067375681907,-0.08868404164085351,0.0,0.0,0.0,0.0,-0.0018232490576378367,-0.08697237249931705,-0.04398207313680222,0.9952376899149785,2.551684889387478,-0.21427863949234371,-0.0052723791804578915,45.586746911933396,20.0,0.0,2.0,0.6047394827922024,2.005076190733692,1.5550761907336919,0,0,0
19.481484890,1787250392.202445507,1787250392.202344656,19.42816075723983,0.09253920210612145,2.0050171149253617,-0.08871311574270059,0.0,0.0,0.0,0.0,-0.002343910183224646,-0.09138506341744822,-0.04399949813069589,0.9948403492186517,2.5325218534377263,-0.21295818987861398,-0.004777317857921936,45.612258330871256,20.0,0.0,2.0,0.5793002631875256,2.0052274634309155,1.5552274634309156,0,0,0
19.491490364,1787250392.212450981,1787250392.212344646,19.453386425982185,0.09041679990233858,2.0049718268830667,-0.08874600253354009,0.0,0.0,0.0,0.0,-0.0027873976970508104,-0.09599901312538829,-0.04401135988515577,0.9944040527341436,2.512457861977625,-0.21150053524697254,-0.004276937273210369,45.637573168528654,20.0,0.0,2.0,0.5540634585204698,2.0055386339745973,1.5555386339745974,0,0,0
19.501487494,1787250392.222448111,1787250392.222344875,19.478406789583122,0.08830959625218608,2.004931642218154,-0.08877975394897529,0.0,0.0,0.0,0.0,-0.003133838340964992,-0.10070434855606425,-0.04401413922325078,0.9939374068761009,2.4914577428211793,-0.20992158746311604,-0.003760502074902153,45.662682141362154,20.0,0.0,2.0,0.5290391129568563,2.0050829805928307,1.5550829805928308,0,0,0
19.511476040,1787250392.232436657,1787250392.232344389,19.503212439022352,0.08621870563041485,2.004896562430536,-0.0888126866008014,0.0,0.0,0.0,0.0,-0.0033775622230283213,-0.10538983308431597,-0.044006132299160325,0.9934510735189521,2.4695147337174053,-0.20824134741026162,-0.003254524006558827,45.68757578107767,20.0,0.0,2.0,0.5042375653066126,2.004946348437182,1.5549463484371822,0,0,0
19.521468401,1787250392.242429018,1787250392.242344379,19.52779396112149,0.08414503900952769,2.0048665760012385,-0.08884391351158336,0.0,0.0,0.0,0.0,-0.003525903844293911,-0.10996491069697699,-0.04398728634045858,0.9929553892586963,2.4466360118607717,-0.20648018664599077,-0.0027448605586107375,45.712244632310565,20.0,0.0,2.0,0.4796692759654558,2.005120633862274,1.555120633862274,0,0,0
19.531481504,1787250392.252442122,1787250392.252344131,19.55214214638806,0.08208930680639971,2.004841587386525,-0.08887280736399278,0.0,0.0,0.0,0.0,-0.0035957298049538425,-0.11435308629623195,-0.04395895644990853,0.9924606050264824,2.42285278313527,-0.20465735440661195,-0.0022530564992640336,45.73667945960885,20.0,0.0,2.0,0.45534465221661474,2.005494883235906,1.555494883235906,0,0,0
19.541492224,1787250392.262452841,1787250392.262344360,19.576248122987888,0.08005204624656222,2.004821521640708,-0.08889877885999863,0.0,0.0,0.0,0.0,-0.0036104523376847184,-0.11850654275454463,-0.04392347534228678,0.9919747437672686,2.398202370747656,-0.2027881164676998,-0.0017625863865683526,45.760871378529316,20.0,0.0,2.0,0.4312739621754154,2.0050625273263916,1.5550625273263916,0,0,0
19.551484585,1787250392.272445202,1787250392.272344589,19.60010348241608,0.0780336611337231,2.0048062564144247,-0.08892112708164292,0.0,0.0,0.0,0.0,-0.0035958187306952658,-0.12239588315997145,-0.04388373691404151,0.9915041782602864,2.372737592994078,-0.20088363283371585,-0.0012909271388323591,45.78481197762247,20.0,0.0,2.0,0.40746727125794957,2.0049265817511412,1.5549265817511413,0,0,0
19.561486959,1787250392.282447577,1787250392.282344580,19.623700323933097,0.07603447200369282,2.0047957053877745,-0.08893913019530085,0.0,0.0,0.0,0.0,-0.003577083348930184,-0.12601767574476402,-0.043842721253461565,0.991052251734334,2.346508201905109,-0.1989495089168137,-0.0008216552274687906,45.80849335845385,20.0,0.0,2.0,0.38393448130000385,2.005077921396805,1.5550779213968051,0,0,0
19.571483374,1787250392.292443991,1787250392.292344570,19.647031290559436,0.07405476477009314,2.004789749285556,-0.08895211782161119,0.0,0.0,0.0,0.0,-0.003575676788780847,-0.12938174161753094,-0.04380312680795409,0.9906204447483219,2.319570909941979,-0.1969870332542073,-0.00037024392795386926,45.83190816744144,20.0,0.0,2.0,0.36068540270921623,2.0055070034481233,1.5555070034481233,0,0,0
19.581490278,1787250392.302450895,1787250392.302345276,19.670089537192496,0.07209483640389286,2.0047882953258505,-0.08895959210911078,0.0,0.0,0.0,0.0,-0.003607843178207944,-0.13251405318987816,-0.04376704995312465,0.9902077835046502,2.291972585355954,-0.19499298225600134,7.688662299379457e-05,45.855049560206474,20.0,0.0,2.0,0.3377299315697282,2.005206950247823,1.555206950247823,0,0,0
19.591490746,1787250392.312451363,1787250392.312344313,19.692868703606074,0.07015502893134104,2.0047912091038107,-0.08896127031845093,0.0,0.0,0.0,0.0,-0.0036830335152494547,-0.1354440608284687,-0.04373581968062588,0.9898123659195633,2.2637615232621813,-0.19296167330683578,0.0005043457637891909,45.87791117178611,20.0,0.0,2.0,0.3150782712178794,2.0050263415051757,1.5550263415051757,0,0,0
