wall_time_s,ros_time_s,kind,pitch_rad,yaw_rad,z
1787250497.964232206,1787250497.963547945,state_stamped,0.0,0.0,0.0
1787250497.964276552,1787250497.964282036,state,0.0,0.0,0.0
1787250497.975841522,1787250497.975847483,command,0.0004834066203329712,0.11425506323575974,0.0
1787250498.034274817,1787250498.034281254,state,0.00013535490143112838,0.03199166804552078,0.0
1787250498.034321308,1787250498.033548355,state_stamped,0.00013535490143112838,0.03199166804552078,0.0
1787250498.044894457,1787250498.044899940,command,-0.001178918406367302,0.09506069123744965,0.0
1787250498.104108572,1787250498.104115963,state,-0.00023264135234057903,0.04965098202228546,0.0
1787250498.104164600,1787250498.103548288,state_stamped,-0.00023264135234057903,0.04965098202228546,0.0
1787250498.106230021,1787250498.106235027,command,-0.06235996633768082,0.09019504487514496,0.0
1787250498.164220810,1787250498.164228678,state,-0.015143126249313354,0.05938150733709335,0.0
1787250498.164272785,1787250498.163547993,state_stamped,-0.015143126249313354,0.05938150733709335,0.0
1787250498.166182041,1787250498.166187286,command,-0.13255688548088074,0.06576094031333923,0.0
1787250498.234174728,1787250498.233547926,state_stamped,-0.048018988221883774,0.061167750507593155,0.0
1787250498.234205961,1787250498.234210491,state,-0.048018988221883774,0.061167750507593155,0.0
1787250498.236091614,1787250498.236099958,command,-0.1934542953968048,0.05585043504834175,0.0
1787250498.304210663,1787250498.304215193,state,-0.08874081820249557,0.059678904712200165,0.0
1787250498.304243565,1787250498.303547859,state_stamped,-0.08874081820249557,0.059678904712200165,0.0
1787250498.306164503,1787250498.306170464,command,-0.25171926617622375,0.05372925102710724,0.0
1787250498.364227295,1787250498.364231110,state,-0.12785562872886658,0.05825098976492882,0.0
1787250498.364252567,1787250498.363547802,state_stamped,-0.12785562872886658,0.05825098976492882,0.0
1787250498.366115808,1787250498.366121531,command,-0.2867114543914795,0.05824271962046623,0.0
1787250498.434139729,1787250498.434145212,state,-0.17233552038669586,0.058248672634363174,0.0
1787250498.434176683,1787250498.433548212,state_stamped,-0.17233552038669586,0.058248672634363174,0.0
1787250498.436061144,1787250498.436066866,command,-0.3102918863296509,0.042088884860277176,0.0
1787250498.504220963,1787250498.504225016,state,-0.2109629511833191,0.05372397229075432,0.0
1787250498.504248857,1787250498.503547668,state_stamped,-0.2109629511833191,0.05372397229075432,0.0
1787250498.506130219,1787250498.506135464,command,-0.31881406903266907,0.0283209215849638,0.0
1787250498.564230680,1787250498.564234972,state,-0.23684732615947723,0.04762721434235573,0.0
1787250498.564264536,1787250498.563547850,state_stamped,-0.23684732615947723,0.04762721434235573,0.0
1787250498.566110373,1787250498.566115618,command,-0.3180616796016693,0.01738208346068859,0.0
1787250498.634177685,1787250498.633548498,state_stamped,-0.25958752632141113,0.03915851190686226,0.0
1787250498.634237289,1787250498.634242296,state,-0.25958752632141113,0.03915851190686226,0.0
1787250498.636058569,1787250498.636063576,command,-0.30828607082366943,0.00259710312820971,0.0
1787250498.704218626,1787250498.704224110,state,-0.27322307229042053,0.028921358287334442,0.0
1787250498.704259157,1787250498.703548193,state_stamped,-0.27322307229042053,0.028921358287334442,0.0
1787250498.706101418,1787250498.706106901,command,-0.3003959357738495,-0.0001860597840277478,0.0
1787250498.764081001,1787250498.764086485,state,-0.27974456548690796,0.02193557284772396,0.0
1787250498.764122486,1787250498.763548136,state_stamped,-0.27974456548690796,0.02193557284772396,0.0
1787250498.766021729,1787250498.766027212,command,-0.2997981607913971,-0.0035787292290478945,0.0
1787250498.834155083,1787250498.834163666,state,-0.28535956144332886,0.014791565015912056,0.0
1787250498.834231138,1787250498.833548307,state_stamped,-0.28535956144332886,0.014791565015912056,0.0
1787250498.836036205,1787250498.836044550,command,-0.3125406503677368,-0.0005882451077923179,0.0
1787250498.904187918,1787250498.904191494,state,-0.2929702699184418,0.010485222563147545,0.0
1787250498.904215813,1787250498.903548241,state_stamped,-0.2929702699184418,0.010485222563147545,0.0
1787250498.906079769,1787250498.906084776,command,-0.3292476236820221,-0.0065352898091077805,0.0
1787250498.964391947,1787250498.964400530,state,-0.301676869392395,0.006400286685675383,0.0
1787250498.964512348,1787250498.963548422,state_stamped,-0.301676869392395,0.006400286685675383,0.0
1787250498.966586351,1787250498.966589928,command,-0.33637097477912903,-0.001532047870568931,0.0
1787250499.034054518,1787250499.034059763,state,-0.31139126420021057,0.004179225768893957,0.0
1787250499.034128428,1787250499.033548594,state_stamped,-0.31139126420021057,0.004179225768893957,0.0
1787250499.036010504,1787250499.036016941,command,-0.34134641289711,0.00034110568230971694,0.0
1787250499.104092598,1787250499.104097128,state,-0.3197786509990692,0.0031045577488839626,0.0
1787250499.104141712,1787250499.103548288,state_stamped,-0.3197786509990692,0.0031045577488839626,0.0
1787250499.106349707,1787250499.106355190,command,-0.3397483825683594,0.0006628304836340249,0.0
1787250499.164039612,1787250499.164045811,state,-0.3245713710784912,0.002518544439226389,0.0
1787250499.164096355,1787250499.163548231,state_stamped,-0.3245713710784912,0.002518544439226389,0.0
1787250499.166109324,1787250499.166116953,command,-0.33204105496406555,0.003314589848741889,0.0
1787250499.234003544,1787250499.234007835,state,-0.32666289806365967,0.0027414383366703987,0.0
1787250499.234113932,1787250499.233548641,state_stamped,-0.32666289806365967,0.0027414383366703987,0.0
1787250499.236049891,1787250499.236055374,command,-0.31704679131507874,0.0054505933076143265,0.0
1787250499.304082632,1787250499.304087639,state,-0.32397040724754333,0.003499996615573764,0.0
1787250499.304134846,1787250499.303548098,state_stamped,-0.32397040724754333,0.003499996615573764,0.0
1787250499.306008101,1787250499.306013584,command,-0.29542165994644165,0.00844686757773161,0.0
1787250499.364133596,1787250499.364138842,state,-0.31711873412132263,0.004687242675572634,0.0
1787250499.364234924,1787250499.363548040,state_stamped,-0.31711873412132263,0.004687242675572634,0.0
1787250499.366044998,1787250499.366051912,command,-0.27459773421287537,0.0072035230696201324,0.0
1787250499.434253216,1787250499.434258461,state,-0.30521273612976074,0.005391809158027172,0.0
1787250499.434371948,1787250499.433548689,state_stamped,-0.30521273612976074,0.005391809158027172,0.0
1787250499.436142683,1787250499.436150551,command,-0.2486119270324707,-0.002242038957774639,0.0
1787250499.504272699,1787250499.504277945,state,-0.28936469554901123,0.0032543549314141273,0.0
1787250499.504384041,1787250499.503547907,state_stamped,-0.28936469554901123,0.0032543549314141273,0.0
1787250499.506175756,1787250499.506182909,command,-0.2243005335330963,0.0007182692061178386,0.0
1787250499.564278841,1787250499.564283848,state,-0.2737492620944977,0.00264569278806448,0.0
1787250499.564394236,1787250499.563548088,state_stamped,-0.2737492620944977,0.00264569278806448,0.0
1787250499.566157341,1787250499.566162109,command,-0.1976591795682907,0.0009474672260694206,0.0
1787250499.634201050,1787250499.633547783,state_stamped,-0.25244414806365967,0.002170192077755928,0.0
1787250499.634236097,1787250499.634240627,state,-0.25244414806365967,0.002170192077755928,0.0
1787250499.636093140,1787250499.636100054,command,-0.16587837040424347,-0.005597568582743406,0.0
1787250499.704231501,1787250499.704237461,state,-0.22820571064949036,-4.783039912581444e-06,0.0
1787250499.704279184,1787250499.703547716,state_stamped,-0.22820571064949036,-4.783039912581444e-06,0.0
1787250499.706154823,1787250499.706160069,command,-0.139055997133255,-0.01141632441431284,0.0
1787250499.764228821,1787250499.764234543,state,-0.20680978894233704,-0.0027435526717454195,0.0
1787250499.764270067,1787250499.763547897,state_stamped,-0.20680978894233704,-0.0027435526717454195,0.0
1787250499.766400337,1787250499.766403913,command,-0.10810025781393051,-0.03389797359704971,0.0
1787250499.834178925,1787250499.833551884,state_stamped,-0.17916950583457947,-0.01146729663014412,0.0
1787250499.834210157,1787250499.834214687,state,-0.17916950583457947,-0.01146729663014412,0.0
1787250499.836117506,1787250499.836123228,command,-0.05427377671003342,-0.0273896474391222,0.0
1787250499.904122353,1787250499.903548002,state_stamped,-0.14420059323310852,-0.015925314277410507,0.0
1787250499.904153585,1787250499.904157877,state,-0.14420059323310852,-0.015925314277410507,0.0
1787250499.906100035,1787250499.906108141,command,0.013102876953780651,-0.016565874218940735,0.0
1787250499.964330912,1787250499.964336872,state,-0.10644762217998505,-0.016079049557447433,0.0
1787250499.964380264,1787250499.963548422,state_stamped,-0.10644762217998505,-0.016079049557447433,0.0
1787250499.966174364,1787250499.966180801,command,0.08062153309583664,-0.01165380422025919,0.0
1787250500.034253359,1787250500.034258842,state,-0.05406828969717026,-0.01483998168259859,0.0
1787250500.034309626,1787250500.033548355,state_stamped,-0.05406828969717026,-0.01483998168259859,0.0
1787250500.036156416,1787250500.036163807,command,0.1540682315826416,0.0049227019771933556,0.0
1787250500.104275942,1787250500.104284048,state,0.004209592938423157,-0.009306463412940502,0.0
1787250500.104342222,1787250500.103547812,state_stamped,0.004209592938423157,-0.009306463412940502,0.0
1787250500.107122898,1787250500.107128620,command,0.2117307335138321,0.013725795783102512,0.0
1787250500.164201975,1787250500.164207220,state,0.05401478707790375,-0.003778708167374134,0.0
1787250500.164249897,1787250500.163547993,state_stamped,0.05401478707790375,-0.003778708167374134,0.0
1787250500.166188240,1787250500.166194201,command,0.2513013780117035,0.00899292528629303,0.0
1787250500.234121561,1787250500.234125853,state,0.1092548668384552,-0.00020266184583306313,0.0
1787250500.234223366,1787250500.233547688,state_stamped,0.1092548668384552,-0.00020266184583306313,0.0
1787250500.236063004,1787250500.236068249,command,0.2874463200569153,0.01949814334511757,0.0
1787250500.304195642,1787250500.304199696,state,0.1591484248638153,0.005313558038324118,0.0
1787250500.304308176,1787250500.303547621,state_stamped,0.1591484248638153,0.005313558038324118,0.0
1787250500.306127071,1787250500.306132317,command,0.3262234032154083,0.04799903929233551,0.0
1787250500.364181519,1787250500.364185810,state,0.19924664497375488,0.01555812917649746,0.0
1787250500.364272594,1787250500.363548040,state_stamped,0.19924664497375488,0.01555812917649746,0.0
1787250500.366137266,1787250500.366143703,command,0.34831246733665466,0.05196930468082428,0.0
1787250500.434105158,1787250500.434109211,state,0.2409849762916565,0.025753231719136238,0.0
1787250500.434197187,1787250500.433547735,state_stamped,0.2409849762916565,0.025753231719136238,0.0
1787250500.436048746,1787250500.436053991,command,0.36285287141799927,0.06427043676376343,0.0
1787250500.504176378,1787250500.504180193,state,0.27510809898376465,0.03653808683156967,0.0
1787250500.504217386,1787250500.503548145,state_stamped,0.27510809898376465,0.03653808683156967,0.0
1787250500.506101131,1787250500.506109953,command,0.3665180802345276,0.0744689330458641,0.0
1787250500.564162731,1787250500.564167023,state,0.29704657196998596,0.04564151540398598,0.0
1787250500.564252853,1787250500.563548326,state_stamped,0.29704657196998596,0.04564151540398598,0.0
1787250500.566103220,1787250500.566109180,command,0.3676491677761078,0.090814009308815,0.0
1787250500.634075165,1787250500.634078979,state,0.31681516766548157,0.05828972905874252,0.0
1787250500.634126186,1787250500.633547783,state_stamped,0.31681516766548157,0.05828972905874252,0.0
1787250500.635832071,1787250500.635839701,command,0.3344206213951111,0.3618426024913788,0.0
1787250500.704135418,1787250500.704139471,state,0.3217447102069855,0.14328505098819733,0.0
1787250500.704224348,1787250500.703548193,state_stamped,0.3217447102069855,0.14328505098819733,0.0
1787250500.706054449,1787250500.706062078,command,0.32542723417282104,0.39414796233177185,0.0
1787250500.764153242,1787250500.764157534,state,0.32262852787971497,0.20349211990833282,0.0
1787250500.764243364,1787250500.763548136,state_stamped,0.32262852787971497,0.20349211990833282,0.0
1787250500.766077518,1787250500.766085386,command,0.31345635652542114,0.40081584453582764,0.0
1787250500.834104538,1787250500.834111214,state,0.32006028294563293,0.25874385237693787,0.0
1787250500.834186077,1787250500.833549500,state_stamped,0.32006028294563293,0.25874385237693787,0.0
1787250500.836018085,1787250500.836024046,command,0.2937331199645996,0.39689287543296814,0.0
1787250500.904181480,1787250500.904186010,state,0.31268882751464844,0.2974247932434082,0.0
1787250500.904279232,1787250500.903548241,state_stamped,0.31268882751464844,0.2974247932434082,0.0
1787250500.906078815,1787250500.906086922,command,0.26666027307510376,0.3890359103679657,0.0
1787250500.964208126,1787250500.964212418,state,0.30164194107055664,0.3194115161895752,0.0
1787250500.964281321,1787250500.963548422,state_stamped,0.30164194107055664,0.3194115161895752,0.0
1787250500.966134310,1787250500.966141224,command,0.24525660276412964,0.385749876499176,0.0
1787250501.034136057,1787250501.034140348,state,0.28585413098335266,0.33798617124557495,0.0
1787250501.034179211,1787250501.033547878,state_stamped,0.28585413098335266,0.33798617124557495,0.0
1787250501.036170244,1787250501.036178112,command,0.21865437924861908,0.3771789073944092,0.0
1787250501.104179382,1787250501.104183435,state,0.26703816652297974,0.34896016120910645,0.0
1787250501.104231119,1787250501.103548050,state_stamped,0.26703816652297974,0.34896016120910645,0.0
1787250501.106015921,1787250501.106023788,command,0.19037538766860962,0.36703747510910034,0.0
1787250501.164173126,1787250501.164177418,state,0.2486390918493271,0.35329872369766235,0.0
1787250501.164216995,1787250501.163548231,state_stamped,0.2486390918493271,0.35329872369766235,0.0
1787250501.166156292,1787250501.166162252,command,0.16767120361328125,0.35780906677246094,0.0
1787250501.234162092,1787250501.234166622,state,0.22596807777881622,0.35456162691116333,0.0
1787250501.234207153,1787250501.233548164,state_stamped,0.22596807777881622,0.35456162691116333,0.0
1787250501.235960245,1787250501.235968351,command,0.14214949309825897,0.3307115137577057,0.0
1787250501.304186344,1787250501.304190159,state,0.20249879360198975,0.34788358211517334,0.0
1787250501.304232359,1787250501.303548336,state_stamped,0.20249879360198975,0.34788358211517334,0.0
1787250501.306113005,1787250501.306120872,command,0.11575143039226532,0.29779377579689026,0.0
1787250501.364147902,1787250501.364151239,state,0.1816796064376831,0.3358621299266815,0.0
1787250501.364190578,1787250501.363547802,state_stamped,0.1816796064376831,0.3358621299266815,0.0
1787250501.365910769,1787250501.365916491,command,0.09652409702539444,0.26888036727905273,0.0
1787250501.434113503,1787250501.434117317,state,0.1578359156847,0.31710711121559143,0.0
1787250501.434158087,1787250501.433548212,state_stamped,0.1578359156847,0.31710711121559143,0.0
1787250501.436065197,1787250501.436073303,command,0.07715737074613571,0.22723259031772614,0.0
1787250501.504162073,1787250501.504165888,state,0.13524585962295532,0.29194217920303345,0.0
1787250501.504209518,1787250501.503548384,state_stamped,0.13524585962295532,0.29194217920303345,0.0
1787250501.506100655,1787250501.506109953,command,0.06161703169345856,0.17058515548706055,0.0
1787250501.564145803,1787250501.564149857,state,0.11757516115903854,0.262816846370697,0.0
1787250501.564189434,1787250501.563547611,state_stamped,0.11757516115903854,0.262816846370697,0.0
1787250501.566076517,1787250501.566082478,command,0.044849567115306854,0.14608560502529144,0.0
1787250501.634070873,1787250501.634078026,state,0.09721193462610245,0.23013201355934143,0.0
1787250501.634122849,1787250501.633547783,state_stamped,0.09721193462610245,0.23013201355934143,0.0
1787250501.636028528,1787250501.636036396,command,0.03614368662238121,0.10717510432004929,0.0
1787250501.704154730,1787250501.704160213,state,0.08011282980442047,0.19570408761501312,0.0
1787250501.704201698,1787250501.703547955,state_stamped,0.08011282980442047,0.19570408761501312,0.0
1787250501.706044674,1787250501.706052303,command,0.022917069494724274,0.08467533439397812,0.0
1787250501.764145851,1787250501.764150620,state,0.06638581305742264,0.16905713081359863,0.0
1787250501.764190435,1787250501.763547897,state_stamped,0.06638581305742264,0.16905713081359863,0.0
1787250501.766088486,1787250501.766092777,command,0.014262648299336433,0.06713765114545822,0.0
1787250501.834072351,1787250501.834076405,state,0.05179131403565407,0.1405196487903595,0.0
1787250501.834117413,1787250501.833548069,state_stamped,0.05179131403565407,0.1405196487903595,0.0
1787250501.836044073,1787250501.836048841,command,0.005425567273050547,0.055622369050979614,0.0
1787250501.904150963,1787250501.904155254,state,0.038808949291706085,0.11674848943948746,0.0
1787250501.904199600,1787250501.903547764,state_stamped,0.038808949291706085,0.11674848943948746,0.0
1787250501.906393051,1787250501.906399012,command,0.007539004553109407,-0.145732581615448,0.0
1787250501.964151621,1787250501.964154959,state,0.03130415081977844,0.053752921521663666,0.0
1787250501.964192152,1787250501.963547945,state_stamped,0.03130415081977844,0.053752921521663666,0.0
1787250501.966477871,1787250501.966483355,command,0.008899855427443981,-0.16717292368412018,0.0
1787250502.034093618,1787250502.034100533,state,0.025030963122844696,-0.008106175810098648,0.0
1787250502.034149647,1787250502.033547878,state_stamped,0.025030963122844696,-0.008106175810098648,0.0
1787250502.036116362,1787250502.036124945,command,0.02352547086775303,-0.19571848213672638,0.0
1787250502.104151487,1787250502.104159832,state,0.02460942417383194,-0.060637813061475754,0.0
1787250502.104205847,1787250502.103548050,state_stamped,0.02460942417383194,-0.060637813061475754,0.0
1787250502.106865883,1787250502.106872320,command,0.03245425596833229,-0.20777055621147156,0.0
1787250502.164124966,1787250502.164129257,state,0.02649219147861004,-0.09594982117414474,0.0
1787250502.164170504,1787250502.163548231,state_stamped,0.02649219147861004,-0.09594982117414474,0.0
1787250502.166170120,1787250502.166175127,command,0.045844532549381256,-0.21751420199871063,0.0
1787250502.234048605,1787250502.234052896,state,0.031910814344882965,-0.12998762726783752,0.0
1787250502.234091043,1787250502.233547926,state_stamped,0.031910814344882965,-0.12998762726783752,0.0
1787250502.236053467,1787250502.236061811,command,0.0560588613152504,-0.24191202223300934,0.0
1787250502.304112911,1787250502.304117441,state,0.038672298192977905,-0.161326602101326,0.0
1787250502.304157972,1787250502.303548098,state_stamped,0.038672298192977905,-0.161326602101326,0.0
1787250502.306077957,1787250502.306083679,command,0.0592363178730011,-0.25381767749786377,0.0
1787250502.364119291,1787250502.364122868,state,0.04360766336321831,-0.1835244596004486,0.0
1787250502.364160061,1787250502.363548040,state_stamped,0.04360766336321831,-0.1835244596004486,0.0
1787250502.366066217,1787250502.366070986,command,0.058821119368076324,-0.26791903376579285,0.0
1787250502.434048176,1787250502.434052467,state,0.047867439687252045,-0.20715497434139252,0.0
1787250502.434089661,1787250502.433548212,state_stamped,0.047867439687252045,-0.20715497434139252,0.0
1787250502.436026096,1787250502.436030865,command,0.059212684631347656,-0.2983562648296356,0.0
1787250502.504116774,1787250502.504120588,state,0.051044099032878876,-0.23269125819206238,0.0
1787250502.504160404,1787250502.503548145,state_stamped,0.051044099032878876,-0.23269125819206238,0.0
1787250502.506094217,1787250502.506102324,command,0.05278785154223442,-0.3547516167163849,0.0
1787250502.564129114,1787250502.564132929,state,0.05146259814500809,-0.261985719203949,0.0
1787250502.564171553,1787250502.563548088,state_stamped,0.05146259814500809,-0.261985719203949,0.0
1787250502.566054583,1787250502.566062927,command,0.0456012561917305,-0.36975640058517456,0.0
1787250502.633952141,1787250502.633955956,state,0.04982142522931099,-0.2921614348888397,0.0
1787250502.633993149,1787250502.633547783,state_stamped,0.04982142522931099,-0.2921614348888397,0.0
1787250502.635962486,1787250502.635971308,command,0.03071421943604946,-0.3220411539077759,0.0
1787250502.704107761,1787250502.704111814,state,0.04447140172123909,-0.30052775144577026,0.0
1787250502.704156160,1787250502.703547955,state_stamped,0.04447140172123909,-0.30052775144577026,0.0
1787250502.706076622,1787250502.706086636,command,0.009474769234657288,-0.19221188127994537,0.0
1787250502.764109612,1787250502.764113665,state,0.036072153598070145,-0.2745317816734314,0.0
1787250502.764152765,1787250502.763548374,state_stamped,0.036072153598070145,-0.2745317816734314,0.0
1787250502.766092777,1787250502.766102314,command,-0.0034722527489066124,-0.11735428869724274,0.0
1787250502.834048271,1787250502.834051847,state,0.02500007301568985,-0.230523481965065,0.0
1787250502.834091663,1787250502.833546162,state_stamped,0.02500007301568985,-0.230523481965065,0.0
1787250502.836076975,1787250502.836085796,command,-0.01665823720395565,-0.04064330458641052,0.0
1787250502.904111862,1787250502.904115677,state,0.013335353694856167,-0.17735524475574493,0.0
1787250502.904161930,1787250502.903548479,state_stamped,0.013335353694856167,-0.17735524475574493,0.0
1787250502.906077862,1787250502.906086206,command,-0.033125899732112885,-0.00413586525246501,0.0
1787250502.964358330,1787250502.964361668,state,0.002184677869081497,-0.13578268885612488,0.0
1787250502.964405775,1787250502.963548422,state_stamped,0.002184677869081497,-0.13578268885612488,0.0
1787250502.966327667,1787250502.966333389,command,-0.04174548014998436,0.025831734761595726,0.0
1787250503.034175634,1787250503.034181356,state,-0.010115786455571651,-0.09053057432174683,0.0
1787250503.034268141,1787250503.033548355,state_stamped,-0.010115786455571651,-0.09053057432174683,0.0
1787250503.036154985,1787250503.036162853,command,-0.01250959001481533,0.2610107958316803,0.0
1787250503.104221106,1787250503.104224205,state,-0.010786051861941814,0.007901042699813843,0.0
1787250503.104259253,1787250503.103548527,state_stamped,-0.010786051861941814,0.007901042699813843,0.0
1787250503.106181860,1787250503.106187344,command,-0.019551778212189674,0.34872427582740784,0.0
1787250503.164259672,1787250503.164262295,state,-0.012889821082353592,0.0896984115242958,0.0
1787250503.164338350,1787250503.163548231,state_stamped,-0.012889821082353592,0.0896984115242958,0.0
1787250503.166113615,1787250503.166118383,command,-0.028651515021920204,0.4146661162376404,0.0
1787250503.234180450,1787250503.234182835,state,-0.017303092405200005,0.18068931996822357,0.0
1787250503.234261036,1787250503.233548164,state_stamped,-0.017303092405200005,0.18068931996822357,0.0
1787250503.236309528,1787250503.236314774,command,-0.029551267623901367,0.5166993141174316,0.0
1787250503.304217815,1787250503.304220676,state,-0.020732585340738297,0.2747722268104553,0.0
1787250503.304311752,1787250503.303548336,state_stamped,-0.020732585340738297,0.2747722268104553,0.0
1787250503.306157112,1787250503.306162357,command,-0.021867146715521812,0.5893995761871338,0.0
1787250503.364201546,1787250503.364203691,state,-0.021004877984523773,0.35028231143951416,0.0
1787250503.364240646,1787250503.363548040,state_stamped,-0.021004877984523773,0.35028231143951416,0.0
1787250503.366166830,1787250503.366172314,command,-0.02090885490179062,0.6164832711219788,0.0
1787250503.434154510,1787250503.434158087,state,-0.020977990701794624,0.42481914162635803,0.0
1787250503.434245825,1787250503.433548450,state_stamped,-0.020977990701794624,0.42481914162635803,0.0
1787250503.436097860,1787250503.436103106,command,-0.012460704892873764,0.6312146782875061,0.0
1787250503.504195213,1787250503.504198074,state,-0.018593166023492813,0.48260951042175293,0.0
1787250503.504290581,1787250503.503547907,state_stamped,-0.018593166023492813,0.48260951042175293,0.0
1787250503.506167889,1787250503.506172895,command,0.005053387489169836,0.5833578109741211,0.0
1787250503.564220905,1787250503.564223766,state,-0.012918003834784031,0.5067890286445618,0.0
1787250503.564254522,1787250503.563547850,state_stamped,-0.012918003834784031,0.5067890286445618,0.0
1787250503.566158772,1787250503.566164255,command,0.002938799560070038,0.5461171269416809,0.0
1787250503.634136915,1787250503.634139299,state,-0.008478096686303616,0.5178009271621704,0.0
1787250503.634172678,1787250503.633548021,state_stamped,-0.008478096686303616,0.5178009271621704,0.0
1787250503.636099100,1787250503.636104107,command,0.0039028837345540524,0.4646817743778229,0.0
1787250503.704100609,1787250503.704103231,state,-0.005011413712054491,0.5029275417327881,0.0
1787250503.704196692,1787250503.703548193,state_stamped,-0.005011413712054491,0.5029275417327881,0.0
1787250503.706087589,1787250503.706092834,command,0.009328633546829224,0.3849591910839081,0.0
1787250503.764193535,1787250503.764197826,state,-0.0015698045026510954,0.4746151566505432,0.0
1787250503.764273643,1787250503.763548136,state_stamped,-0.0015698045026510954,0.4746151566505432,0.0
1787250503.766127825,1787250503.766133070,command,0.013045827858150005,0.3113076090812683,0.0
1787250503.834089279,1787250503.834092617,state,0.0025225693825632334,0.42888909578323364,0.0
1787250503.834126949,1787250503.833548069,state_stamped,0.0025225693825632334,0.42888909578323364,0.0
1787250503.835948944,1787250503.835954428,command,0.014318641275167465,0.2548307776451111,0.0
1787250503.904222965,1787250503.904225826,state,0.005825452506542206,0.38015300035476685,0.0
1787250503.904252768,1787250503.903547764,state_stamped,0.005825452506542206,0.38015300035476685,0.0
1787250503.905952454,1787250503.905958176,command,0.02101115882396698,0.18687477707862854,0.0
1787250503.964190245,1787250503.964193821,state,0.009470060467720032,0.33376574516296387,0.0
1787250503.964239597,1787250503.963548422,state_stamped,0.009470060467720032,0.33376574516296387,0.0
1787250503.966231346,1787250503.966237783,command,0.01905495673418045,0.1250484734773636,0.0
1787250504.034014225,1787250504.034020901,state,0.01215382106602192,0.27532514929771423,0.0
1787250504.034108877,1787250504.033548117,state_stamped,0.01215382106602192,0.27532514929771423,0.0
1787250504.035914660,1787250504.035921574,command,0.01789652369916439,0.06928129494190216,0.0
1787250504.104061127,1787250504.104070425,state,0.013761780224740505,0.21763277053833008,0.0
1787250504.104123354,1787250504.103548050,state_stamped,0.013761780224740505,0.21763277053833008,0.0
1787250504.106709957,1787250504.106713295,command,0.0153213981539011,0.046469978988170624,0.0
1787250504.164059877,1787250504.164064169,state,0.014136089012026787,0.17655368149280548,0.0
1787250504.164096117,1787250504.163548231,state_stamped,0.014136089012026787,0.17655368149280548,0.0
1787250504.165980339,1787250504.165986061,command,0.028991298750042915,-0.29490187764167786,0.0
1787250504.234023571,1787250504.234027863,state,0.018295567482709885,0.0445454865694046,0.0
1787250504.234058380,1787250504.233548403,state_stamped,0.018295567482709885,0.0445454865694046,0.0
1787250504.235908508,1787250504.235913992,command,0.0295775905251503,-0.3542879521846771,0.0
1787250504.304064512,1787250504.304068804,state,0.021454503759741783,-0.06712683290243149,0.0
1787250504.304100275,1787250504.303547859,state_stamped,0.021454503759741783,-0.06712683290243149,0.0
1787250504.305886030,1787250504.305891275,command,0.04105863720178604,-0.4023301601409912,0.0
1787250504.364050150,1787250504.364053488,state,0.026159539818763733,-0.14757637679576874,0.0
1787250504.364083767,1787250504.363548517,state_stamped,0.026159539818763733,-0.14757637679576874,0.0
1787250504.365797520,1787250504.365803003,command,0.0437408946454525,-0.38381901383399963,0.0
1787250504.434009552,1787250504.434012890,state,0.031082293018698692,-0.21372395753860474,0.0
1787250504.434051991,1787250504.433547974,state_stamped,0.031082293018698692,-0.21372395753860474,0.0
1787250504.435811520,1787250504.435817242,command,0.045124173164367676,-0.4225916862487793,0.0
1787250504.504057884,1787250504.504061460,state,0.035014040768146515,-0.27220726013183594,0.0
1787250504.504095078,1787250504.503548384,state_stamped,0.035014040768146515,-0.27220726013183594,0.0
1787250504.505856514,1787250504.505862474,command,0.03821355104446411,-0.4285338819026947,0.0
1787250504.564051390,1787250504.564055204,state,0.035781919956207275,-0.30972543358802795,0.0
1787250504.564084530,1787250504.563548088,state_stamped,0.035781919956207275,-0.30972543358802795,0.0
1787250504.565812588,1787250504.565817833,command,0.034140631556510925,-0.4560103118419647,0.0
1787250504.634021044,1787250504.634027958,state,0.03532236069440842,-0.35068511962890625,0.0
1787250504.634068012,1787250504.633548021,state_stamped,0.03532236069440842,-0.35068511962890625,0.0
1787250504.635794163,1787250504.635797977,command,0.02572261542081833,-0.47029367089271545,0.0
1787250504.704060078,1787250504.704064608,state,0.0326344296336174,-0.38417553901672363,0.0
1787250504.704097033,1787250504.703547955,state_stamped,0.0326344296336174,-0.38417553901672363,0.0
1787250504.705875397,1787250504.705884218,command,0.01767886057496071,-0.48089513182640076,0.0
1787250504.764077663,1787250504.764081717,state,0.02904507890343666,-0.4073883295059204,0.0
1787250504.764112234,1787250504.763548136,state_stamped,0.02904507890343666,-0.4073883295059204,0.0
1787250504.765851974,1787250504.765857220,command,0.013441880233585835,-0.49016135931015015,0.0
1787250504.834021807,1787250504.834025383,state,0.024676185101270676,-0.4305647611618042,0.0
1787250504.834060192,1787250504.833548307,state_stamped,0.024676185101270676,-0.4305647611618042,0.0
1787250504.835824728,1787250504.835829973,command,-0.016316456720232964,-0.7097886204719543,0.0
1787250504.904076576,1787250504.904079914,state,0.013198223896324635,-0.5087475776672363,0.0
1787250504.904116154,1787250504.903548241,state_stamped,0.013198223896324635,-0.5087475776672363,0.0
1787250504.905866146,1787250504.905871868,command,-0.01939311996102333,-0.7155819535255432,0.0
1787250504.964057207,1787250504.964060307,state,0.005376310087740421,-0.5583877563476562,0.0
1787250504.964103222,1787250504.963548183,state_stamped,0.005376310087740421,-0.5583877563476562,0.0
1787250504.965863466,1787250504.965869904,command,0.007918874733150005,-0.4396655559539795,0.0
1787250505.034034014,1787250505.034041166,state,0.0060882288962602615,-0.5251455307006836,0.0
1787250505.034092903,1787250505.033548355,state_stamped,0.0060882288962602615,-0.5251455307006836,0.0
1787250505.035905361,1787250505.035910845,command,0.016785133630037308,-0.3529760539531708,0.0
1787250505.104066849,1787250505.104071140,state,0.00908336229622364,-0.47693806886672974,0.0
1787250505.104116201,1787250505.103548288,state_stamped,0.00908336229622364,-0.47693806886672974,0.0
1787250505.105845690,1787250505.105851412,command,0.0018381723202764988,-0.24406881630420685,0.0
1787250505.164066553,1787250505.164070368,state,0.007344527170062065,-0.4210497736930847,0.0
1787250505.164114237,1787250505.163547993,state_stamped,0.007344527170062065,-0.4210497736930847,0.0
1787250505.165807009,1787250505.165812731,command,-0.012314444407820702,-0.17350706458091736,0.0
1787250505.234040499,1787250505.234044790,state,0.0018400009721517563,-0.3517376482486725,0.0
1787250505.234091997,1787250505.233548164,state_stamped,0.0018400009721517563,-0.3517376482486725,0.0
1787250505.235840082,1787250505.235845566,command,-0.02300925925374031,-0.07768173515796661,0.0
1787250505.304068327,1787250505.304071665,state,-0.005117802880704403,-0.2750018835067749,0.0
1787250505.304106951,1787250505.303548336,state_stamped,-0.005117802880704403,-0.2750018835067749,0.0
1787250505.305803537,1787250505.305809498,command,-0.03168880194425583,-0.03997388854622841,0.0
1787250505.364067078,1787250505.364070654,state,-0.011494836769998074,-0.2185952067375183,0.0
1787250505.364112377,1787250505.363548279,state_stamped,-0.011494836769998074,-0.2185952067375183,0.0
1787250505.365802765,1787250505.365808010,command,-0.0301203653216362,0.007285216823220253,0.0
1787250505.434031963,1787250505.434035063,state,-0.016709964722394943,-0.15534891188144684,0.0
1787250505.434077501,1787250505.433547974,state_stamped,-0.016709964722394943,-0.15534891188144684,0.0
1787250505.435795784,1787250505.435801268,command,-0.023179132491350174,-0.3580370247364044,0.0
1787250505.504016399,1787250505.504019737,state,-0.01852133497595787,-0.21210171282291412,0.0
1787250505.504054546,1787250505.503548145,state_stamped,-0.01852133497595787,-0.21210171282291412,0.0
1787250505.505780935,1787250505.505785942,command,-0.013220461085438728,0.2945179343223572,0.0
1787250505.564096928,1787250505.564100266,state,-0.017249129712581635,-0.09051347523927689,0.0
1787250505.564145088,1787250505.563547850,state_stamped,-0.017249129712581635,-0.09051347523927689,0.0
1787250505.565846443,1787250505.565851927,command,-0.008676321245729923,0.3490585684776306,0.0
1787250505.634074926,1787250505.634078503,state,-0.014848744496703148,0.03256665915250778,0.0
1787250505.634120464,1787250505.633547783,state_stamped,-0.014848744496703148,0.03256665915250778,0.0
1787250505.635828495,1787250505.635833740,command,-0.015138315036892891,0.4400811493396759,0.0
1787250505.704106808,1787250505.704110384,state,-0.014929824508726597,0.14667080342769623,0.0
1787250505.704151630,1787250505.703547955,state_stamped,-0.014929824508726597,0.14667080342769623,0.0
1787250505.705866575,1787250505.705871820,command,-0.01913759857416153,0.5351628065109253,0.0
1787250505.764102697,1787250505.764107466,state,-0.01593969389796257,0.23990929126739502,0.0
1787250505.764153242,1787250505.763548136,state_stamped,-0.01593969389796257,0.23990929126739502,0.0
1787250505.765858412,1787250505.765863657,command,-0.019927961751818657,0.5870544910430908,0.0
1787250505.834039450,1787250505.834043503,state,-0.017056412994861603,0.3371102809906006,0.0
1787250505.834088802,1787250505.833548546,state_stamped,-0.017056412994861603,0.3371102809906006,0.0
1787250505.835792303,1787250505.835798025,command,-0.021266894415020943,0.617253303527832,0.0
1787250505.904079914,1787250505.904083729,state,-0.01823534071445465,0.4155498743057251,0.0
1787250505.904133558,1787250505.903548002,state_stamped,-0.01823534071445465,0.4155498743057251,0.0
1787250505.905829906,1787250505.905835152,command,-0.011154219508171082,0.6129433512687683,0.0
1787250505.964079618,1787250505.964082956,state,-0.01653587818145752,0.46292412281036377,0.0
1787250505.964132309,1787250505.963547707,state_stamped,-0.01653587818145752,0.46292412281036377,0.0
1787250505.966361761,1787250505.966368675,command,0.00038006415707059205,0.5782760381698608,0.0
1787250506.034049749,1787250506.034056902,state,-0.011799389496445656,0.4952228367328644,0.0
1787250506.034112215,1787250506.033548117,state_stamped,-0.011799389496445656,0.4952228367328644,0.0
1787250506.035970449,1787250506.035975933,command,0.0042127990163862705,0.5459522604942322,0.0
1787250506.104078054,1787250506.104087830,state,-0.00731597188860178,0.5094270706176758,0.0
1787250506.104150534,1787250506.103548288,state_stamped,-0.00731597188860178,0.5094270706176758,0.0
1787250506.106727123,1787250506.106731176,command,0.013691610656678677,0.4693658649921417,0.0
1787250506.164088488,1787250506.164093494,state,-0.002274163067340851,0.49981239438056946,0.0
1787250506.164132118,1787250506.163547993,state_stamped,-0.002274163067340851,0.49981239438056946,0.0
1787250506.166038752,1787250506.166042328,command,0.021107174456119537,0.4093780517578125,0.0
1787250506.234035969,1787250506.234040022,state,0.004272612277418375,0.474490761756897,0.0
1787250506.234087229,1787250506.233548164,state_stamped,0.004272612277418375,0.474490761756897,0.0
1787250506.235833406,1787250506.235838652,command,0.030601458624005318,0.32037997245788574,0.0
1787250506.304006815,1787250506.304010391,state,0.011644687503576279,0.43133974075317383,0.0
1787250506.304123878,1787250506.303548098,state_stamped,0.011644687503576279,0.43133974075317383,0.0
1787250506.305813074,1787250506.305823326,command,0.03527885302901268,0.2552153170108795,0.0
1787250506.364075184,1787250506.364078999,state,0.01731688901782036,0.3890698552131653,0.0
1787250506.364122391,1787250506.363548040,state_stamped,0.01731688901782036,0.3890698552131653,0.0
1787250506.365833282,1787250506.365838528,command,0.03930385038256645,0.20637154579162598,0.0
1787250506.434059620,1787250506.434063196,state,0.023473240435123444,0.3379143178462982,0.0
1787250506.434107065,1787250506.433548212,state_stamped,0.023473240435123444,0.3379143178462982,0.0
1787250506.435829401,1787250506.435834885,command,0.03724705055356026,0.13838151097297668,0.0
1787250506.504087210,1787250506.504090786,state,0.02732989937067032,0.28204524517059326,0.0
1787250506.504136801,1787250506.503547907,state_stamped,0.02732989937067032,0.28204524517059326,0.0
1787250506.505854130,1787250506.505862713,command,0.03307964652776718,0.08772045373916626,0.0
1787250506.564102411,1787250506.564105988,state,0.02870984375476837,0.23540714383125305,0.0
1787250506.564152241,1787250506.563548326,state_stamped,0.02870984375476837,0.23540714383125305,0.0
1787250506.565837383,1787250506.565843105,command,0.027392257004976273,0.06074110418558121,0.0
1787250506.634039879,1787250506.634043217,state,0.02834092080593109,0.18650080263614655,0.0
1787250506.634092331,1787250506.633548021,state_stamped,0.02834092080593109,0.18650080263614655,0.0
1787250506.635775805,1787250506.635781050,command,0.030838876962661743,-0.263287752866745,0.0
1787250506.704086781,1787250506.704090357,state,0.029040347784757614,0.06056007742881775,0.0
1787250506.704136372,1787250506.703547955,state_stamped,0.029040347784757614,0.06056007742881775,0.0
1787250506.705838919,1787250506.705846310,command,0.027280226349830627,-0.351597398519516,0.0
1787250506.764086485,1787250506.764089823,state,0.028617827221751213,-0.03837914764881134,0.0
1787250506.764135122,1787250506.763561010,state_stamped,0.028617827221751213,-0.03837914764881134,0.0
1787250506.765849352,1787250506.765857935,command,0.03105269744992256,-0.42301711440086365,0.0
1787250506.834045887,1787250506.834049225,state,0.02929946407675743,-0.14605775475502014,0.0
1787250506.834099054,1787250506.833547831,state_stamped,0.02929946407675743,-0.14605775475502014,0.0
1787250506.835794926,1787250506.835802555,command,0.035498183220624924,-0.4655410945415497,0.0
1787250506.904098749,1787250506.904101849,state,0.031035110354423523,-0.2355133295059204,0.0
1787250506.904149055,1787250506.903548241,state_stamped,0.031035110354423523,-0.2355133295059204,0.0
1787250506.905839682,1787250506.905847311,command,0.034378401935100555,-0.45744648575782776,0.0
1787250506.964141846,1787250506.964148760,state,0.031837545335292816,-0.2887803018093109,0.0
1787250506.964210749,1787250506.963551521,state_stamped,0.031837545335292816,-0.2887803018093109,0.0
1787250506.966073513,1787250506.966079473,command,0.03323310241103172,-0.45847976207733154,0.0
1787250507.034126759,1787250507.034132719,state,0.03222828358411789,-0.3362938463687897,0.0
1787250507.034228086,1787250507.033548117,state_stamped,0.03222828358411789,-0.3362938463687897,0.0
1787250507.036182880,1787250507.036187887,command,0.028356263414025307,-0.46845361590385437,0.0
1787250507.104155302,1787250507.104158401,state,0.031144121661782265,-0.37329843640327454,0.0
1787250507.104257822,1787250507.103547812,state_stamped,0.031144121661782265,-0.37329843640327454,0.0
1787250507.106172085,1787250507.106177568,command,0.01784694567322731,-0.47733885049819946,0.0
1787250507.164139986,1787250507.164142370,state,0.027952788397669792,-0.3982682228088379,0.0
1787250507.164238930,1787250507.163547993,state_stamped,0.027952788397669792,-0.3982682228088379,0.0
1787250507.166152239,1787250507.166157961,command,0.015000044368207455,-0.48595014214515686,0.0
1787250507.234091282,1787250507.234092951,state,0.024326005950570107,-0.42281925678253174,0.0
1787250507.234145880,1787250507.233548403,state_stamped,0.024326005950570107,-0.42281925678253174,0.0
1787250507.236189365,1787250507.236195326,command,-0.01738949492573738,-0.7055291533470154,0.0
1787250507.304059744,1787250507.304061890,state,0.012645618990063667,-0.50197833776474,0.0
1787250507.304155350,1787250507.303548574,state_stamped,0.012645618990063667,-0.50197833776474,0.0
1787250507.306111336,1787250507.306117058,command,-0.0187210813164711,-0.7143533825874329,0.0
1787250507.364151716,1787250507.364153862,state,0.0051176780834794044,-0.5529478788375854,0.0
1787250507.364248276,1787250507.363548040,state_stamped,0.0051176780834794044,-0.5529478788375854,0.0
1787250507.366137743,1787250507.366143227,command,-0.008544160053133965,-0.7233743667602539,0.0
1787250507.434093714,1787250507.434095621,state,0.0012923616450279951,-0.6006672978401184,0.0
1787250507.434191942,1787250507.433548212,state_stamped,0.0012923616450279951,-0.6006672978401184,0.0
1787250507.436127424,1787250507.436133385,command,0.007311651017516851,-0.7148711085319519,0.0
1787250507.504235268,1787250507.504238129,state,0.0029780478216707706,-0.6326497793197632,0.0
1787250507.504323721,1787250507.503560066,state_stamped,0.0029780478216707706,-0.6326497793197632,0.0
1787250507.506233454,1787250507.506241560,command,0.03046681359410286,-0.36661529541015625,0.0
1787250507.564151287,1787250507.564153433,state,0.009574045427143574,-0.5688141584396362,0.0
1787250507.564210176,1787250507.563548088,state_stamped,0.009574045427143574,-0.5688141584396362,0.0
1787250507.566162586,1787250507.566168070,command,0.0267172958701849,-0.2898194491863251,0.0
1787250507.634149551,1787250507.634155035,state,0.014374146237969398,-0.4906958043575287,0.0
1787250507.634245634,1787250507.633548021,state_stamped,0.014374146237969398,-0.4906958043575287,0.0
1787250507.636129618,1787250507.636133432,command,0.007193574216216803,-0.1717613786458969,0.0
1787250507.704176426,1787250507.704178572,state,0.012363133952021599,-0.40137407183647156,0.0
1787250507.704274178,1787250507.703563690,state_stamped,0.012363133952021599,-0.40137407183647156,0.0
1787250507.706200600,1787250507.706206322,command,-0.013176338747143745,-0.10103683918714523,0.0
1787250507.764174938,1787250507.764177322,state,0.006235229782760143,-0.3293116092681885,0.0
1787250507.764276028,1787250507.763548374,state_stamped,0.006235229782760143,-0.3293116092681885,0.0
1787250507.766192198,1787250507.766197681,command,-0.029880119487643242,-0.05036221444606781,0.0
1787250507.834154129,1787250507.834156513,state,-0.00387702789157629,-0.25120609998703003,0.0
1787250507.834242582,1787250507.833548069,state_stamped,-0.00387702789157629,-0.25120609998703003,0.0
1787250507.836168528,1787250507.836172342,command,-0.047201234847307205,-0.01881520263850689,0.0
1787250507.904196978,1787250507.904199123,state,-0.016007861122488976,-0.18613635003566742,0.0
1787250507.904247522,1787250507.903548479,state_stamped,-0.016007861122488976,-0.18613635003566742,0.0
1787250507.906208277,1787250507.906213045,command,-0.057053856551647186,0.050041716545820236,0.0
1787250507.964183569,1787250507.964185953,state,-0.02585887350142002,-0.12945376336574554,0.0
1787250507.964219809,1787250507.963548183,state_stamped,-0.02585887350142002,-0.12945376336574554,0.0
1787250507.966205597,1787250507.966211557,command,-0.059679314494132996,0.09792651236057281,0.0
1787250508.034104824,1787250508.034111500,state,-0.03532860800623894,-0.06578722596168518,0.0
1787250508.034159660,1787250508.033548355,state_stamped,-0.03532860800623894,-0.06578722596168518,0.0
1787250508.036255598,1787250508.036264181,command,-0.029406288638710976,0.31439197063446045,0.0
1787250508.104159832,1787250508.104166746,state,-0.03367035835981369,0.04066292941570282,0.0
1787250508.104211807,1787250508.103548288,state_stamped,-0.03367035835981369,0.04066292941570282,0.0
1787250508.106084585,1787250508.106093168,command,-0.02416655607521534,0.4101422131061554,0.0
1787250508.164097786,1787250508.164106607,state,-0.03138941898941994,0.1293390691280365,0.0
1787250508.164156199,1787250508.163548946,state_stamped,-0.03138941898941994,0.1293390691280365,0.0
1787250508.166664362,1787250508.166673660,command,-0.01956270821392536,0.4986962080001831,0.0
1787250508.234104872,1787250508.234111786,state,-0.028077973052859306,0.232758030295372,0.0
1787250508.234184980,1787250508.233548403,state_stamped,-0.028077973052859306,0.232758030295372,0.0
1787250508.236300707,1787250508.236310005,command,-0.01568595878779888,0.5582447648048401,0.0
1787250508.304172039,1787250508.304178953,state,-0.024608204141259193,0.3238944411277771,0.0
1787250508.304224968,1787250508.303548336,state_stamped,-0.024608204141259193,0.3238944411277771,0.0
1787250508.306218386,1787250508.306227207,command,-0.010171785019338131,0.5843378305435181,0.0
1787250508.364129543,1787250508.364136457,state,-0.0211434755474329,0.38640064001083374,0.0
1787250508.364184141,1787250508.363548279,state_stamped,-0.0211434755474329,0.38640064001083374,0.0
1787250508.366195202,1787250508.366203547,command,0.0008033993653953075,0.5541884899139404,0.0
1787250508.434079170,1787250508.434086561,state,-0.014998241327702999,0.4333820641040802,0.0
1787250508.434133291,1787250508.433549404,state_stamped,-0.014998241327702999,0.4333820641040802,0.0
1787250508.436127663,1787250508.436137676,command,0.017636852338910103,0.4780718982219696,0.0
1787250508.504157543,1787250508.504164696,state,-0.005860528908669949,0.44589507579803467,0.0
1787250508.504209995,1787250508.503548622,state_stamped,-0.005860528908669949,0.44589507579803467,0.0
1787250508.506233931,1787250508.506242752,command,0.016236059367656708,0.3758108913898468,0.0
1787250508.564137220,1787250508.564144373,state,-0.0005573765374720097,0.4290749728679657,0.0
1787250508.564190865,1787250508.563548326,state_stamped,-0.0005573765374720097,0.4290749728679657,0.0
1787250508.566133976,1787250508.566143036,command,0.01748456433415413,0.31664231419563293,0.0
1787250508.634065628,1787250508.634073019,state,0.004494354594498873,0.3975939154624939,0.0
1787250508.634119272,1787250508.633548021,state_stamped,0.004494354594498873,0.3975939154624939,0.0
1787250508.636113882,1787250508.636122227,command,0.02337571792304516,0.25339508056640625,0.0
1787250508.704015255,1787250508.704022884,state,0.009781163185834885,0.35721802711486816,0.0
1787250508.704066753,1787250508.703548431,state_stamped,0.009781163185834885,0.35721802711486816,0.0
1787250508.706111670,1787250508.706120491,command,0.02142755500972271,0.17896103858947754,0.0
1787250508.764144659,1787250508.764151812,state,0.012576287612318993,0.31443649530410767,0.0
1787250508.764199972,1787250508.763548136,state_stamped,0.012576287612318993,0.31443649530410767,0.0
1787250508.766251087,1787250508.766259670,command,0.01915549673140049,0.12976616621017456,0.0
1787250508.834075451,1787250508.834082365,state,0.014418479986488819,0.26272839307785034,0.0
1787250508.834131241,1787250508.833548784,state_stamped,0.014418479986488819,0.26272839307785034,0.0
1787250508.836157322,1787250508.836166382,command,0.01500327792018652,0.07020774483680725,0.0
1787250508.904154062,1787250508.904160976,state,0.014582222327589989,0.20882299542427063,0.0
1787250508.904206753,1787250508.903548241,state_stamped,0.014582222327589989,0.20882299542427063,0.0
1787250508.906184435,1787250508.906190157,command,0.014168409630656242,0.03745000809431076,0.0
1787250508.964311361,1787250508.964317799,state,0.014482907950878143,0.1676936000585556,0.0
1787250508.964385986,1787250508.963548183,state_stamped,0.014482907950878143,0.1676936000585556,0.0
1787250508.966238499,1787250508.966244698,command,0.02088281512260437,-0.2743934988975525,0.0
1787250509.034146547,1787250509.034154654,state,0.016274990513920784,0.043901748955249786,0.0
1787250509.034213543,1787250509.033552408,state_stamped,0.016274990513920784,0.043901748955249786,0.0
1787250509.036259651,1787250509.036267757,command,0.026099206879734993,-0.35599374771118164,0.0
1787250509.104194880,1787250509.104200363,state,0.019025612622499466,-0.06806250661611557,0.0
1787250509.104244947,1787250509.103548288,state_stamped,0.019025612622499466,-0.06806250661611557,0.0
1787250509.106240273,1787250509.106248617,command,0.03621434047818184,-0.4041749835014343,0.0
1787250509.164149284,1787250509.164155245,state,0.023150920867919922,-0.14872974157333374,0.0
1787250509.164200783,1787250509.163548470,state_stamped,0.023150920867919922,-0.14872974157333374,0.0
1787250509.166233063,1787250509.166238546,command,0.037900276482105255,-0.40224429965019226,0.0
1787250509.234136343,1787250509.234142065,state,0.027280744165182114,-0.21971386671066284,0.0
1787250509.234236002,1787250509.233548403,state_stamped,0.027280744165182114,-0.21971386671066284,0.0
1787250509.236222506,1787250509.236228466,command,0.04167572036385536,-0.39176005125045776,0.0
1787250509.304169655,1787250509.304172754,state,0.031311340630054474,-0.26788681745529175,0.0
1787250509.304216862,1787250509.303548574,state_stamped,0.031311340630054474,-0.26788681745529175,0.0
1787250509.306255817,1787250509.306264162,command,0.03626003861427307,-0.43199995160102844,0.0
1787250509.364162207,1787250509.364167929,state,0.03249901533126831,-0.3072735667228699,0.0
1787250509.364212275,1787250509.363547802,state_stamped,0.03249901533126831,-0.3072735667228699,0.0
1787250509.366225719,1787250509.366230965,command,0.03104494698345661,-0.4409445822238922,0.0
1787250509.434076071,1787250509.434081793,state,0.03209187462925911,-0.34470170736312866,0.0
1787250509.434127331,1787250509.433548450,state_stamped,0.03209187462925911,-0.34470170736312866,0.0
1787250509.436201334,1787250509.436205864,command,0.029597848653793335,-0.45645830035209656,0.0
1787250509.504175425,1787250509.504178524,state,0.03139354661107063,-0.3759935200214386,0.0
1787250509.504218340,1787250509.503548384,state_stamped,0.03139354661107063,-0.3759935200214386,0.0
1787250509.506265879,1787250509.506273985,command,0.02239781990647316,-0.4708738327026367,0.0
1787250509.564166546,1787250509.564172745,state,0.029234565794467926,-0.39876487851142883,0.0
1787250509.564216852,1787250509.563548565,state_stamped,0.029234565794467926,-0.39876487851142883,0.0
1787250509.566238642,1787250509.566244364,command,0.018432529643177986,-0.47599226236343384,0.0
1787250509.634088755,1787250509.634094238,state,0.026209991425275803,-0.4203885793685913,0.0
1787250509.634137869,1787250509.633548498,state_stamped,0.026209991425275803,-0.4203885793685913,0.0
1787250509.636191130,1787250509.636196136,command,0.015483266673982143,-0.4846283197402954,0.0
1787250509.704226732,1787250509.704230309,state,0.02320653758943081,-0.4383755326271057,0.0
1787250509.704322577,1787250509.703547955,state_stamped,0.02320653758943081,-0.4383755326271057,0.0
1787250509.706153631,1787250509.706158876,command,0.006054728291928768,-0.47244077920913696,0.0
1787250509.764063597,1787250509.764069319,state,0.019090406596660614,-0.446550577878952,0.0
1787250509.764099360,1787250509.763543367,state_stamped,0.019090406596660614,-0.446550577878952,0.0
1787250509.766165733,1787250509.766170979,command,-0.002340417355298996,-0.4276919960975647,0.0
1787250509.834092617,1787250509.833547831,state_stamped,0.013089392334222794,-0.4412698447704315,0.0
1787250509.834134102,1787250509.834144592,state,0.013089392334222794,-0.4412698447704315,0.0
1787250509.836219549,1787250509.836226702,command,-0.007378298789262772,-0.3209409713745117,0.0
1787250509.904260397,1787250509.904265165,state,0.007359044626355171,-0.4075813293457031,0.0
1787250509.904299021,1787250509.903540611,state_stamped,0.007359044626355171,-0.4075813293457031,0.0
1787250509.906309128,1787250509.906315088,command,-0.017871128395199776,-0.2111193984746933,0.0
1787250509.964239597,1787250509.964245558,state,0.0013030394911766052,-0.3604245185852051,0.0
1787250509.964275599,1787250509.963548183,state_stamped,0.0013030394911766052,-0.3604245185852051,0.0
1787250509.966511726,1787250509.966517925,command,-0.021645963191986084,-0.15485602617263794,0.0
1787250510.034171820,1787250510.034178019,state,-0.005122679751366377,-0.3028653562068939,0.0
1787250510.034276724,1787250510.033548117,state_stamped,-0.005122679751366377,-0.3028653562068939,0.0
1787250510.036314964,1787250510.036323071,command,-0.027298899367451668,-0.06703996658325195,0.0
1787250510.104243994,1787250510.104249954,state,-0.011332022026181221,-0.23683424293994904,0.0
1787250510.104283810,1787250510.103548050,state_stamped,-0.011332022026181221,-0.23683424293994904,0.0
1787250510.106235743,1787250510.106241226,command,-0.026586785912513733,-0.02399490959942341,0.0
1787250510.164030790,1787250510.164036036,state,-0.014993169344961643,-0.1857527494430542,0.0
1787250510.164072037,1787250510.163548231,state_stamped,-0.014993169344961643,-0.1857527494430542,0.0
1787250510.166738510,1787250510.166744471,command,-0.017471404746174812,0.02038329280912876,0.0
1787250510.234124184,1787250510.234128952,state,-0.01568707823753357,-0.12803447246551514,0.0
1787250510.234225035,1787250510.233548403,state_stamped,-0.01568707823753357,-0.12803447246551514,0.0
1787250510.236330509,1787250510.236336231,command,-0.02511412464082241,0.09868711233139038,0.0
1787250510.304170132,1787250510.304174423,state,-0.018326643854379654,-0.06455260515213013,0.0
1787250510.304214954,1787250510.303548098,state_stamped,-0.018326643854379654,-0.06455260515213013,0.0
1787250510.305986404,1787250510.305991888,command,0.002406242536380887,0.3608386814594269,0.0
1787250510.364227295,1787250510.364233255,state,-0.013350775465369225,0.03754079341888428,0.0
1787250510.364314318,1787250510.363547802,state_stamped,-0.013350775465369225,0.03754079341888428,0.0
1787250510.365983248,1787250510.365989208,command,0.010793020017445087,0.4194272458553314,0.0
1787250510.434131861,1787250510.433548212,state_stamped,-0.0065904841758310795,0.14446943998336792,0.0
1787250510.434229136,1787250510.434235096,state,-0.0065904841758310795,0.14446943998336792,0.0
1787250510.436156988,1787250510.436160088,command,0.010592215694487095,0.5082384943962097,0.0
1787250510.504283905,1787250510.503547907,state_stamped,-0.0017793434672057629,0.24632444977760315,0.0
1787250510.504329681,1787250510.504335642,state,-0.0017793434672057629,0.24632444977760315,0.0
1787250510.506238222,1787250510.506243229,command,0.008205515332520008,0.5830451846122742,0.0
1787250510.564228058,1787250510.563547611,state_stamped,0.0006170121487230062,0.3271370828151703,0.0
1787250510.564302921,1787250510.564307213,state,0.0006170121487230062,0.3271370828151703,0.0
1787250510.565971851,1787250510.565977573,command,0.0036785646807402372,0.6276304721832275,0.0
1787250510.634251356,1787250510.633548260,state_stamped,0.0014742526691406965,0.41127580404281616,0.0
1787250510.634299994,1787250510.634305239,state,0.0014742526691406965,0.41127580404281616,0.0
1787250510.635928392,1787250510.635933638,command,-0.0013561887899413705,0.6523813605308533,0.0
1787250510.704252243,1787250510.704257488,state,0.0006817300454713404,0.47878527641296387,0.0
1787250510.704301119,1787250510.703548193,state_stamped,0.0006817300454713404,0.47878527641296387,0.0
1787250510.706301451,1787250510.706304312,command,0.0022811461240053177,0.6564919948577881,0.0
1787250510.764229774,1787250510.763548136,state_stamped,0.0010655901860445738,0.5214349031448364,0.0
1787250510.764328003,1787250510.764333010,state,0.0010655901860445738,0.5214349031448364,0.0
1787250510.766238213,1787250510.766240358,command,-0.0001607766462257132,0.669002890586853,0.0
1787250510.834165335,1787250510.834172964,state,0.0007221418200060725,0.5627618432044983,0.0
1787250510.834270000,1787250510.833561420,state_stamped,0.0007221418200060725,0.5627618432044983,0.0
1787250510.836209059,1787250510.836212158,command,-0.003427259624004364,0.6877495050430298,0.0
1787250510.904198885,1787250510.904201269,state,-0.000439472496509552,0.597751796245575,0.0
1787250510.904287577,1787250510.903548479,state_stamped,-0.000439472496509552,0.597751796245575,0.0
1787250510.906233788,1787250510.906239033,command,0.0015290409792214632,0.6575601100921631,0.0
1787250510.964391947,1787250510.964397430,state,3.29705944750458e-05,0.6121057868003845,0.0
1787250510.964449644,1787250510.963548422,state_stamped,3.29705944750458e-05,0.6121057868003845,0.0
1787250510.966302872,1787250510.966308832,command,0.003746290924027562,0.6125617027282715,0.0
1787250511.034152269,1787250511.034157515,state,0.0010727036278694868,0.6122334599494934,0.0
1787250511.034254789,1787250511.033548594,state_stamped,0.0010727036278694868,0.6122334599494934,0.0
1787250511.036004305,1787250511.036012173,command,0.003611333668231964,0.5156629681587219,0.0
1787250511.104196310,1787250511.104200363,state,0.0017835155595093966,0.5851938724517822,0.0
1787250511.104266644,1787250511.103548050,state_stamped,0.0017835155595093966,0.5851938724517822,0.0
1787250511.106237173,1787250511.106241941,command,0.005578998010605574,0.4195121228694916,0.0
1787250511.164148331,1787250511.164152384,state,0.0026944391429424286,0.5454298853874207,0.0
1787250511.164194584,1787250511.163548708,state_stamped,0.0026944391429424286,0.5454298853874207,0.0
1787250511.166192293,1787250511.166195869,command,0.007695805747061968,0.3600907325744629,0.0
1787250511.234163046,1787250511.234167576,state,0.004094813484698534,0.49353522062301636,0.0
1787250511.234226465,1787250511.233548164,state_stamped,0.004094813484698534,0.49353522062301636,0.0
1787250511.235941648,1787250511.235946417,command,0.010956279933452606,0.28951019048690796,0.0
1787250511.304212332,1787250511.304217577,state,0.006016021128743887,0.43640831112861633,0.0
1787250511.304313898,1787250511.303548098,state_stamped,0.006016021128743887,0.43640831112861633,0.0
1787250511.305996656,1787250511.306001425,command,0.016853397712111473,0.2036721408367157,0.0
1787250511.364199162,1787250511.364205122,state,0.008616995066404343,0.3805515468120575,0.0
1787250511.364305258,1787250511.363548279,state_stamped,0.008616995066404343,0.3805515468120575,0.0
1787250511.366248369,1787250511.366251945,command,0.019133727997541428,0.14538542926311493,0.0
1787250511.434150457,1787250511.434155941,state,0.01156167034059763,0.3147052526473999,0.0
1787250511.434259176,1787250511.433547974,state_stamped,0.01156167034059763,0.3147052526473999,0.0
1787250511.436226130,1787250511.436229706,command,0.0167298074811697,0.0866914913058281,0.0
1787250511.504218817,1787250511.504224539,state,0.013008754700422287,0.25086116790771484,0.0
1787250511.504325390,1787250511.503548145,state_stamped,0.013008754700422287,0.25086116790771484,0.0
1787250511.506279469,1787250511.506281614,command,0.008508214727044106,0.06670839339494705,0.0
1787250511.564184427,1787250511.564189911,state,0.011928948573768139,0.20667771995067596,0.0
1787250511.564250231,1787250511.563530207,state_stamped,0.011928948573768139,0.20667771995067596,0.0
1787250511.566181660,1787250511.566184044,command,0.013444528914988041,-0.23161756992340088,0.0
1787250511.634130478,1787250511.634135485,state,0.012353416532278061,0.08392440527677536,0.0
1787250511.634239912,1787250511.633547783,state_stamped,0.012353416532278061,0.08392440527677536,0.0
1787250511.636174917,1787250511.636176825,command,0.018511682748794556,-0.32693415880203247,0.0
1787250511.704218864,1787250511.704224348,state,0.014077736996114254,-0.03111637383699417,0.0
1787250511.704284430,1787250511.703547955,state_stamped,0.014077736996114254,-0.03111637383699417,0.0
1787250511.705989361,1787250511.705991268,command,0.025046993046998978,-0.40644317865371704,0.0
1787250511.764223576,1787250511.764228344,state,0.016710370779037476,-0.12119525671005249,0.0
1787250511.764323473,1787250511.763548374,state_stamped,0.016710370779037476,-0.12119525671005249,0.0
1787250511.766223431,1787250511.766230345,command,0.034403081983327866,-0.41883593797683716,0.0
1787250511.834008932,1787250511.834014177,state,0.02166430652141571,-0.20453423261642456,0.0
1787250511.834072590,1787250511.833548069,state_stamped,0.02166430652141571,-0.20453423261642456,0.0
1787250511.836121082,1787250511.836124420,command,0.041854824870824814,-0.4220965802669525,0.0
1787250511.904029608,1787250511.904033184,state,0.027317678555846214,-0.26545196771621704,0.0
1787250511.904086113,1787250511.903548241,state_stamped,0.027317678555846214,-0.26545196771621704,0.0
1787250511.906135082,1787250511.906137228,command,0.03716890513896942,-0.4244561791419983,0.0
1787250511.964405298,1787250511.964411020,state,0.02968195080757141,-0.303612619638443,0.0
1787250511.964466333,1787250511.963547707,state_stamped,0.02968195080757141,-0.303612619638443,0.0
1787250511.966244698,1787250511.966250420,command,0.03637220710515976,-0.4363507032394409,0.0
1787250512.034016848,1787250512.034022331,state,0.031555235385894775,-0.34077954292297363,0.0
1787250512.034132719,1787250512.033548117,state_stamped,0.031555235385894775,-0.34077954292297363,0.0
1787250512.035912037,1787250512.035915613,command,0.03006608970463276,-0.46251240372657776,0.0
1787250512.104196310,1787250512.104201794,state,0.031138276681303978,-0.3748645484447479,0.0
1787250512.104259729,1787250512.103547812,state_stamped,0.031138276681303978,-0.3748645484447479,0.0
1787250512.106254578,1787250512.106257439,command,0.022114375606179237,-0.4760080575942993,0.0
1787250512.164066553,1787250512.164073706,state,0.028972536325454712,-0.39913904666900635,0.0
1787250512.164112329,1787250512.163547993,state_stamped,0.028972536325454712,-0.39913904666900635,0.0
1787250512.166678190,1787250512.166682005,command,0.016611255705356598,-0.48424050211906433,0.0
1787250512.234148264,1787250512.234153986,state,0.025511370971798897,-0.42296749353408813,0.0
1787250512.234202862,1787250512.233548164,state_stamped,0.025511370971798897,-0.42296749353408813,0.0
1787250512.236344337,1787250512.236346722,command,0.008012101985514164,-0.4904575049877167,0.0
1787250512.304183483,1787250512.304188967,state,0.020611586049199104,-0.44186466932296753,0.0
1787250512.304241180,1787250512.303547859,state_stamped,0.020611586049199104,-0.44186466932296753,0.0
1787250512.306303501,1787250512.306305647,command,0.0005609802901744843,-0.4772031307220459,0.0
1787250512.364199638,1787250512.364206553,state,0.015799403190612793,-0.4503459632396698,0.0
1787250512.364252329,1787250512.363548517,state_stamped,0.015799403190612793,-0.4503459632396698,0.0
1787250512.366265535,1787250512.366267443,command,-0.0077905659563839436,-0.4296853542327881,0.0
1787250512.434092522,1787250512.434096336,state,0.009194226004183292,-0.4445610046386719,0.0
1787250512.434119463,1787250512.433548212,state_stamped,0.009194226004183292,-0.4445610046386719,0.0
1787250512.436182261,1787250512.436184406,command,-0.013949479907751083,-0.3248867094516754,0.0
1787250512.504171848,1787250512.504177094,state,0.002714008092880249,-0.41105228662490845,0.0
1787250512.504208088,1787250512.503548145,state_stamped,0.002714008092880249,-0.41105228662490845,0.0
1787250512.506263971,1787250512.506265879,command,-0.02030642144382,-0.2315814197063446,0.0
1787250512.564193964,1787250512.564198971,state,-0.0028108875267207623,-0.36797934770584106,0.0
1787250512.564239264,1787250512.563548088,state_stamped,-0.0028108875267207623,-0.36797934770584106,0.0
1787250512.566236258,1787250512.566237688,command,-0.023686649277806282,-0.15841524302959442,0.0
1787250512.634149790,1787250512.634155273,state,-0.008656086400151253,-0.30930155515670776,0.0
1787250512.634201765,1787250512.633547783,state_stamped,-0.008656086400151253,-0.30930155515670776,0.0
1787250512.636246443,1787250512.636248112,command,-0.026348501443862915,-0.0775088518857956,0.0
1787250512.704113483,1787250512.704117775,state,-0.013609970919787884,-0.24439948797225952,0.0
1787250512.704139948,1787250512.703547955,state_stamped,-0.013609970919787884,-0.24439948797225952,0.0
1787250512.706218004,1787250512.706219673,command,-0.028963539749383926,-0.024896221235394478,0.0
1787250512.764195919,1787250512.764203310,state,-0.017294833436608315,-0.19171860814094543,0.0
1787250512.764248610,1787250512.763548136,state_stamped,-0.017294833436608315,-0.19171860814094543,0.0
1787250512.766283512,1787250512.766285419,command,-0.02190963551402092,0.010471240617334843,0.0
1787250512.834148645,1787250512.834157467,state,-0.01858697645366192,-0.13510550558567047,0.0
1787250512.834201813,1787250512.833548069,state_stamped,-0.01858697645366192,-0.13510550558567047,0.0
1787250512.836142063,1787250512.836144209,command,-0.011572596617043018,0.10043887794017792,0.0
1787250512.904167891,1787250512.904173851,state,-0.016622932627797127,-0.06915251910686493,0.0
1787250512.904220819,1787250512.903548479,state_stamped,-0.016622932627797127,-0.06915251910686493,0.0
1787250512.906250238,1787250512.906252146,command,0.002081378595903516,0.3585818409919739,0.0
1787250512.964400291,1787250512.964406013,state,-0.012133924290537834,0.03350311517715454,0.0
1787250512.964468241,1787250512.963548183,state_stamped,-0.012133924290537834,0.03350311517715454,0.0
1787250512.966372252,1787250512.966375589,command,0.011884864419698715,0.41526317596435547,0.0
1787250513.034208775,1787250513.034214973,state,-0.005408657714724541,0.14039602875709534,0.0
1787250513.034269810,1787250513.033548355,state_stamped,-0.005408657714724541,0.14039602875709534,0.0
1787250513.036285639,1787250513.036291122,command,0.012288818135857582,0.5021836757659912,0.0
1787250513.104221582,1787250513.104230165,state,-0.0004533641040325165,0.2416965812444687,0.0
1787250513.104272842,1787250513.103548288,state_stamped,-0.0004533641040325165,0.2416965812444687,0.0
1787250513.106256962,1787250513.106261969,command,0.01165685337036848,0.5806039571762085,0.0
1787250513.164217234,1787250513.163548231,state_stamped,0.002453081775456667,0.3230341672897339,0.0
1787250513.164249897,1787250513.164255381,state,0.002453081775456667,0.3230341672897339,0.0
1787250513.166230202,1787250513.166233063,command,0.008184696547687054,0.6226768493652344,0.0
1787250513.234186649,1787250513.233548164,state_stamped,0.004057932645082474,0.40693405270576477,0.0
1787250513.234236002,1787250513.234243631,state,0.004057932645082474,0.40693405270576477,0.0
1787250513.236262798,1787250513.236267805,command,0.005877954885363579,0.6404317021369934,0.0
1787250513.304212332,1787250513.303548098,state_stamped,0.004567538388073444,0.4723133444786072,0.0
1787250513.304253101,1787250513.304261446,state,0.004567538388073444,0.4723133444786072,0.0
1787250513.306274652,1787250513.306279421,command,0.010006523691117764,0.649803102016449,0.0
1787250513.364217997,1787250513.364223480,state,0.0058728912845253944,0.5149107575416565,0.0
1787250513.364266396,1787250513.363547802,state_stamped,0.0058728912845253944,0.5149107575416565,0.0
1787250513.366261005,1787250513.366264343,command,0.006270452402532101,0.6735361814498901,0.0
1787250513.434028387,1787250513.434035063,state,0.005984208546578884,0.5593258738517761,0.0
1787250513.434083700,1787250513.433547974,state_stamped,0.005984208546578884,0.5593258738517761,0.0
1787250513.435927391,1787250513.435932636,command,-0.004711023066192865,0.6907575130462646,0.0
1787250513.504209518,1787250513.504218102,state,0.002989537548273802,0.5961267948150635,0.0
1787250513.504269361,1787250513.503547907,state_stamped,0.002989537548273802,0.5961267948150635,0.0
1787250513.506283045,1787250513.506287813,command,-0.012373351491987705,0.6737821102142334,0.0
1787250513.564153910,1787250513.564159393,state,-0.0006975706201046705,0.6147641539573669,0.0
1787250513.564204216,1787250513.563548326,state_stamped,-0.0006975706201046705,0.6147641539573669,0.0
1787250513.566269875,1787250513.566275120,command,-0.008639047853648663,0.6343441605567932,0.0
1787250513.634006977,1787250513.634014130,state,-0.0029211801011115313,0.6202465295791626,0.0
1787250513.634118795,1787250513.633548021,state_stamped,-0.0029211801011115313,0.6202465295791626,0.0
1787250513.635908842,1787250513.635914564,command,-0.005546370055526495,0.552142858505249,0.0
1787250513.704096794,1787250513.704104662,state,-0.0036562341265380383,0.601177453994751,0.0
1787250513.704159737,1787250513.703548193,state_stamped,-0.0036562341265380383,0.601177453994751,0.0
1787250513.705885172,1787250513.705890417,command,-0.0021981268655508757,0.4682041108608246,0.0
1787250513.764231920,1787250513.764241934,state,-0.0033062880393117666,0.5692638158798218,0.0
1787250513.764344215,1787250513.763548374,state_stamped,-0.0033062880393117666,0.5692638158798218,0.0
1787250513.765989304,1787250513.765996456,command,0.0015595047734677792,0.38421016931533813,0.0
1787250513.834180593,1787250513.834188461,state,-0.0019438725430518389,0.5174490213394165,0.0
1787250513.834296227,1787250513.833547831,state_stamped,-0.0019438725430518389,0.5174490213394165,0.0
1787250513.836295366,1787250513.836301565,command,0.005331916268914938,0.3219585418701172,0.0
1787250513.904263020,1787250513.904272556,state,9.334762580692768e-05,0.46271172165870667,0.0
1787250513.904335976,1787250513.903548002,state_stamped,9.334762580692768e-05,0.46271172165870667,0.0
1787250513.906293869,1787250513.906298876,command,0.017846714705228806,0.23586247861385345,0.0
1787250513.964155912,1787250513.964160919,state,0.004354185424745083,0.4082675278186798,0.0
1787250513.964214802,1787250513.963548422,state_stamped,0.004354185424745083,0.4082675278186798,0.0
1787250513.966555595,1787250513.966561794,command,0.019761931151151657,0.17009828984737396,0.0
1787250514.034141779,1787250514.034147739,state,0.008668323047459126,0.3415806293487549,0.0
1787250514.034251451,1787250514.033547878,state_stamped,0.008668323047459126,0.3415806293487549,0.0
1787250514.036397934,1787250514.036403418,command,0.022964155301451683,0.11011586338281631,0.0
1787250514.104271412,1787250514.103548050,state_stamped,0.01267117541283369,0.2767701745033264,0.0
1787250514.104318619,1787250514.104324341,state,0.01267117541283369,0.2767701745033264,0.0
1787250514.106338501,1787250514.106344223,command,0.017470290884375572,0.04875309392809868,0.0
1787250514.164214611,1787250514.164220572,state,0.0138230100274086,0.22204385697841644,0.0
1787250514.164277792,1787250514.163550615,state_stamped,0.0138230100274086,0.22204385697841644,0.0
1787250514.166646242,1787250514.166652441,command,0.012023258022964,-0.20764996111392975,0.0
1787250514.234237194,1787250514.233548164,state_stamped,0.013319095596671104,0.10173355787992477,0.0
1787250514.234283209,1787250514.234289646,state,0.013319095596671104,0.10173355787992477,0.0
1787250514.236664295,1787250514.236670017,command,0.023227060213685036,-0.29146498441696167,0.0
1787250514.304108381,1787250514.303548336,state_stamped,0.016093330457806587,-0.00836222618818283,0.0
1787250514.304151297,1787250514.304156303,state,0.016093330457806587,-0.00836222618818283,0.0
1787250514.305941105,1787250514.305946350,command,0.035109374672174454,-0.376741498708725,0.0
1787250514.364248276,1787250514.364253521,state,0.02065715566277504,-0.09677275270223618,0.0
1787250514.364289999,1787250514.363548040,state_stamped,0.02065715566277504,-0.09677275270223618,0.0
1787250514.366290569,1787250514.366296768,command,0.04355964809656143,-0.4166126847267151,0.0
1787250514.434196949,1787250514.433547974,state_stamped,0.027069855481386185,-0.1863279640674591,0.0
1787250514.434290886,1787250514.434296370,state,0.027069855481386185,-0.1863279640674591,0.0
1787250514.436380625,1787250514.436385870,command,0.04769076779484749,-0.4052489995956421,0.0
1787250514.504009485,1787250514.504015923,state,0.03284372389316559,-0.24762600660324097,0.0
1787250514.504063606,1787250514.503548384,state_stamped,0.03284372389316559,-0.24762600660324097,0.0
1787250514.505937576,1787250514.505943537,command,0.04833093285560608,-0.43376898765563965,0.0
1787250514.564268589,1787250514.563548088,state_stamped,0.03656063601374626,-0.29230010509490967,0.0
1787250514.564317942,1787250514.564325809,state,0.03656063601374626,-0.29230010509490967,0.0
1787250514.566292763,1787250514.566298962,command,0.04275680333375931,-0.4502103626728058,0.0
1787250514.634122610,1787250514.633548260,state_stamped,0.03829556703567505,-0.3365151286125183,0.0
1787250514.634227037,1787250514.634235620,state,0.03829556703567505,-0.3365151286125183,0.0
1787250514.635936022,1787250514.635941744,command,0.03639853000640869,-0.47017702460289,0.0
1787250514.704158068,1787250514.704164505,state,0.037764400243759155,-0.37394028902053833,0.0
1787250514.704228163,1787250514.703547955,state_stamped,0.037764400243759155,-0.37394028902053833,0.0
1787250514.705969572,1787250514.705976009,command,0.030987175181508064,-0.47905442118644714,0.0
1787250514.764046669,1787250514.764052391,state,0.03613785281777382,-0.39916789531707764,0.0
1787250514.764147758,1787250514.763548374,state_stamped,0.03613785281777382,-0.39916789531707764,0.0
1787250514.765919209,1787250514.765924931,command,0.020808247849345207,-0.48680251836776733,0.0
1787250514.834121227,1787250514.834129333,state,0.03184560313820839,-0.4237053692340851,0.0
1787250514.834180593,1787250514.833547831,state_stamped,0.03184560313820839,-0.4237053692340851,0.0
1787250514.835970640,1787250514.835976124,command,0.011148731224238873,-0.47865527868270874,0.0
1787250514.904172182,1787250514.904177427,state,0.026050429791212082,-0.4390914738178253,0.0
1787250514.904221773,1787250514.903548479,state_stamped,0.026050429791212082,-0.4390914738178253,0.0
1787250514.906019211,1787250514.906024456,command,-0.002597009763121605,-0.4537333548069,0.0
1787250514.964278936,1787250514.964287281,state,0.01917506754398346,-0.44260552525520325,0.0
1787250514.964333296,1787250514.963548183,state_stamped,0.01917506754398346,-0.44260552525520325,0.0
1787250514.966142416,1787250514.966148376,command,-0.016547169536352158,-0.397880494594574,0.0
1787250515.033970594,1787250515.033980846,state,0.009172861464321613,-0.4300825297832489,0.0
1787250515.034093380,1787250515.033548117,state_stamped,0.009172861464321613,-0.4300825297832489,0.0
1787250515.036529064,1787250515.036537170,command,-0.022848524153232574,-0.27660369873046875,0.0
1787250515.104038000,1787250515.104043007,state,0.00020683277398347855,-0.3871082663536072,0.0
1787250515.104108572,1787250515.103548288,state_stamped,0.00020683277398347855,-0.3871082663536072,0.0
1787250515.106285810,1787250515.106295586,command,-0.03095361962914467,-0.1958041787147522,0.0
1787250515.164041281,1787250515.164049625,state,-0.00727168470621109,-0.3411952257156372,0.0
1787250515.164108753,1787250515.163548470,state_stamped,-0.00727168470621109,-0.3411952257156372,0.0
1787250515.165921688,1787250515.165931463,command,-0.03409767150878906,-0.12921345233917236,0.0
1787250515.234035492,1787250515.233548164,state_stamped,-0.01478293165564537,-0.28184056282043457,0.0
1787250515.234088182,1787250515.234097004,state,-0.01478293165564537,-0.28184056282043457,0.0
1787250515.235861778,1787250515.235867500,command,-0.03532441332936287,-0.044890426099300385,0.0
1787250515.304029465,1787250515.304033518,state,-0.020534558221697807,-0.21549439430236816,0.0
1787250515.304091454,1787250515.303548336,state_stamped,-0.020534558221697807,-0.21549439430236816,0.0
1787250515.305906773,1787250515.305915117,command,-0.03181794658303261,-0.0016303788870573044,0.0
1787250515.364105463,1787250515.363548279,state_stamped,-0.023242566734552383,-0.164167121052742,0.0
1787250515.364151001,1787250515.364159584,state,-0.023242566734552383,-0.164167121052742,0.0
1787250515.365903616,1787250515.365912676,command,-0.02543693594634533,0.032397087663412094,0.0
1787250515.433997393,1787250515.433548212,state_stamped,-0.023856990039348602,-0.10912910103797913,0.0
1787250515.434105873,1787250515.434114933,state,-0.023856990039348602,-0.10912910103797913,0.0
1787250515.435876131,1787250515.435883999,command,0.0024454446975141764,0.2836894392967224,0.0
1787250515.504040718,1787250515.504045010,state,-0.016492342576384544,0.000859573483467102,0.0
1787250515.504096985,1787250515.503547907,state_stamped,-0.016492342576384544,0.000859573483467102,0.0
1787250515.506010294,1787250515.506016493,command,0.00540406908839941,0.3567756116390228,0.0
1787250515.564241648,1787250515.564250469,state,-0.01123720407485962,0.08627942204475403,0.0
1787250515.564302921,1787250515.563547850,state_stamped,-0.01123720407485962,0.08627942204475403,0.0
1787250515.566322327,1787250515.566328287,command,0.005834817886352539,0.4258067309856415,0.0
1787250515.634017467,1787250515.634026289,state,-0.006457020994275808,0.18134739995002747,0.0
1787250515.634078503,1787250515.633548260,state_stamped,-0.006457020994275808,0.18134739995002747,0.0
1787250515.635928869,1787250515.635936975,command,0.005315937101840973,0.5315337181091309,0.0
1787250515.704058170,1787250515.704061747,state,-0.00316060334444046,0.27939924597740173,0.0
1787250515.704112291,1787250515.703547955,state_stamped,-0.00316060334444046,0.27939924597740173,0.0
1787250515.705955982,1787250515.705965996,command,0.00926334597170353,0.596071720123291,0.0
1787250515.764133692,1787250515.763548136,state_stamped,-0.0001788400113582611,0.35540103912353516,0.0
1787250515.764186144,1787250515.764194250,state,-0.0001788400113582611,0.35540103912353516,0.0
1787250515.766288757,1787250515.766296625,command,0.013492737896740437,0.6175512671470642,0.0
1787250515.834085464,1787250515.833548307,state_stamped,0.003649204270914197,0.42880314588546753,0.0
1787250515.834138870,1787250515.834146976,state,0.003649204270914197,0.42880314588546753,0.0
1787250515.835929155,1787250515.835937023,command,0.014958989806473255,0.640904426574707,0.0
1787250515.904124975,1787250515.903548002,state_stamped,0.006815927103161812,0.4881911873817444,0.0
1787250515.904171467,1787250515.904176712,state,0.006815927103161812,0.4881911873817444,0.0
1787250515.905984879,1787250515.905993462,command,0.012214328162372112,0.6561987996101379,0.0
1787250515.964104414,1787250515.963547707,state_stamped,0.008111539296805859,0.5285128951072693,0.0
1787250515.964196682,1787250515.964205265,state,0.008111539296805859,0.5285128951072693,0.0
1787250515.966297150,1787250515.966303587,command,0.0014505486469715834,0.6674188375473022,0.0
1787250516.034069538,1787250516.034078121,state,0.006246454082429409,0.5674067139625549,0.0
1787250516.034133196,1787250516.033548117,state_stamped,0.006246454082429409,0.5674067139625549,0.0
1787250516.036098957,1787250516.036108732,command,-0.01624656282365322,0.682535707950592,0.0
1787250516.104109049,1787250516.103548050,state_stamped,-5.158968269824982e-05,0.599642813205719,0.0
1787250516.104163885,1787250516.104171753,state,-5.158968269824982e-05,0.599642813205719,0.0
1787250516.105968475,1787250516.105977774,command,-0.01799490861594677,0.6628311276435852,0.0
1787250516.164016724,1787250516.164021730,state,-0.004357997328042984,0.6148080229759216,0.0
1787250516.164081097,1787250516.163548231,state_stamped,-0.004357997328042984,0.6148080229759216,0.0
1787250516.165908337,1787250516.165913343,command,-0.017106806859374046,0.6144313216209412,0.0
1787250516.233960390,1787250516.233970404,state,-0.007927644066512585,0.6147025227546692,0.0
1787250516.234022379,1787250516.233547688,state_stamped,-0.007927644066512585,0.6147025227546692,0.0
1787250516.236632347,1787250516.236641169,command,-0.011486169882118702,0.51949143409729,0.0
1787250516.304053783,1787250516.304061174,state,-0.008924036286771297,0.5880432724952698,0.0
1787250516.304131508,1787250516.303548098,state_stamped,-0.008924036286771297,0.5880432724952698,0.0
1787250516.306139708,1787250516.306148529,command,-0.0028188491705805063,0.4284766912460327,0.0
1787250516.364032984,1787250516.364038229,state,-0.007458788342773914,0.5497472286224365,0.0
1787250516.364140034,1787250516.363548279,state_stamped,-0.007458788342773914,0.5497472286224365,0.0
1787250516.365989685,1787250516.365995407,command,0.005312266759574413,0.3702290952205658,0.0
1787250516.433913231,1787250516.433919191,state,-0.003882873570546508,0.4994818866252899,0.0
1787250516.434020758,1787250516.433548689,state_stamped,-0.003882873570546508,0.4994818866252899,0.0
1787250516.436071396,1787250516.436080456,command,0.01723632402718067,0.2949957251548767,0.0
1787250516.504187346,1787250516.504192591,state,0.0020304645877331495,0.4422261118888855,0.0
1787250516.504267454,1787250516.503548145,state_stamped,0.0020304645877331495,0.4422261118888855,0.0
1787250516.506138802,1787250516.506148815,command,0.027576575055718422,0.21355830132961273,0.0
1787250516.564030647,1787250516.564035892,state,0.008161553181707859,0.38734564185142517,0.0
1787250516.564078093,1787250516.563548326,state_stamped,0.008161553181707859,0.38734564185142517,0.0
1787250516.565976620,1787250516.565983057,command,0.028370948508381844,0.14974412322044373,0.0
1787250516.633980513,1787250516.633986235,state,0.013820154592394829,0.3208175599575043,0.0
1787250516.634045839,1787250516.633548021,state_stamped,0.013820154592394829,0.3208175599575043,0.0
1787250516.635921240,1787250516.635926485,command,0.029917273670434952,0.11280038207769394,0.0
1787250516.704048634,1787250516.704054356,state,0.018327346071600914,0.2625727951526642,0.0
1787250516.704121590,1787250516.703547955,state_stamped,0.018327346071600914,0.2625727951526642,0.0
1787250516.705948591,1787250516.705957413,command,0.022246651351451874,0.058997225016355515,0.0
1787250516.764266968,1787250516.763548613,state_stamped,0.019267987459897995,0.21371424198150635,0.0
1787250516.764318943,1787250516.764327526,state,0.019267987459897995,0.21371424198150635,0.0
1787250516.766046524,1787250516.766053438,command,0.026893408969044685,-0.23700937628746033,0.0
1787250516.834235430,1787250516.833548069,state_stamped,0.02140308916568756,0.08751264214515686,0.0
1787250516.834284544,1787250516.834293604,state,0.02140308916568756,0.08751264214515686,0.0
1787250516.836004496,1787250516.836011410,command,0.03149232640862465,-0.31252503395080566,0.0
1787250516.904182434,1787250516.904191017,state,0.024228064343333244,-0.02449742704629898,0.0
1787250516.904250860,1787250516.903547764,state_stamped,0.024228064343333244,-0.02449742704629898,0.0
1787250516.906052828,1787250516.906056881,command,0.03745388612151146,-0.39113497734069824,0.0
1787250516.964035511,1787250516.964041948,state,0.027402285486459732,-0.11249109357595444,0.0
1787250516.964116812,1787250516.963548183,state_stamped,0.027402285486459732,-0.11249109357595444,0.0
1787250516.966031313,1787250516.966037512,command,0.04014528542757034,-0.42236408591270447,0.0
1787250517.033922195,1787250517.033928633,state,0.030970323830842972,-0.19925546646118164,0.0
1787250517.033993244,1787250517.033548117,state_stamped,0.030970323830842972,-0.19925546646118164,0.0
1787250517.035893679,1787250517.035899401,command,0.041090577840805054,-0.43873631954193115,0.0
1787250517.104084253,1787250517.104091883,state,0.033803991973400116,-0.26631003618240356,0.0
1787250517.104142666,1787250517.103548050,state_stamped,0.033803991973400116,-0.26631003618240356,0.0
1787250517.105935574,1787250517.105940580,command,0.03745889291167259,-0.4562162458896637,0.0
1787250517.164107561,1787250517.164115906,state,0.03468119353055954,-0.31188881397247314,0.0
1787250517.164178371,1787250517.163549662,state_stamped,0.03468119353055954,-0.31188881397247314,0.0
1787250517.165972471,1787250517.165977955,command,0.03200200945138931,-0.4677385091781616,0.0
1787250517.234074354,1787250517.234081745,state,0.03393103927373886,-0.3555256426334381,0.0
1787250517.234140396,1787250517.233547926,state_stamped,0.03393103927373886,-0.3555256426334381,0.0
1787250517.235967159,1787250517.235972881,command,0.027192579582333565,-0.4765356183052063,0.0
1787250517.304132462,1787250517.304136992,state,0.03204425796866417,-0.389408677816391,0.0
1787250517.304226637,1787250517.303548574,state_stamped,0.03204425796866417,-0.389408677816391,0.0
1787250517.306046963,1787250517.306052446,command,0.01953972689807415,-0.47965699434280396,0.0
1787250517.364078283,1787250517.364086390,state,0.029043197631835938,-0.4110680818557739,0.0
1787250517.364148617,1787250517.363548040,state_stamped,0.029043197631835938,-0.4110680818557739,0.0
1787250517.365933657,1787250517.365938663,command,0.016183512285351753,-0.48547589778900146,0.0
1787250517.434088945,1787250517.434096575,state,0.0254424586892128,-0.4319024085998535,0.0
1787250517.434159756,1787250517.433548450,state_stamped,0.0254424586892128,-0.4319024085998535,0.0
1787250517.435983181,1787250517.435988665,command,0.005077460315078497,-0.4870022237300873,0.0
1787250517.504127264,1787250517.504132271,state,0.0197402685880661,-0.4473303258419037,0.0
1787250517.504183292,1787250517.503548384,state_stamped,0.0197402685880661,-0.4473303258419037,0.0
1787250517.506045103,1787250517.506051064,command,-0.005924325902014971,-0.45170915126800537,0.0
1787250517.564023972,1787250517.564031124,state,0.01358078047633171,-0.448381245136261,0.0
1787250517.564138889,1787250517.563548088,state_stamped,0.01358078047633171,-0.448381245136261,0.0
1787250517.565973520,1787250517.565978765,command,-0.015441621653735638,-0.39477071166038513,0.0
1787250517.634005785,1787250517.634013176,state,0.0054544927552342415,-0.4333702623844147,0.0
1787250517.634130716,1787250517.633548260,state_stamped,0.0054544927552342415,-0.4333702623844147,0.0
1787250517.635914326,1787250517.635919094,command,-0.018026605248451233,-0.27209681272506714,0.0
1787250517.704166174,1787250517.704170465,state,-0.0011202185414731503,-0.3882136642932892,0.0
1787250517.704228163,1787250517.703548431,state_stamped,-0.0011202185414731503,-0.3882136642932892,0.0
1787250517.706023693,1787250517.706028700,command,-0.025537095963954926,-0.19339339435100555,0.0
1787250517.764166117,1787250517.764173031,state,-0.0069802128709852695,-0.3414572477340698,0.0
1787250517.764229536,1787250517.763547897,state_stamped,-0.0069802128709852695,-0.3414572477340698,0.0
1787250517.766033173,1787250517.766038418,command,-0.02554646134376526,-0.12227202206850052,0.0
1787250517.834127188,1787250517.834134340,state,-0.01217878982424736,-0.2800850570201874,0.0
1787250517.834190369,1787250517.833548069,state_stamped,-0.01217878982424736,-0.2800850570201874,0.0
1787250517.835999966,1787250517.836005688,command,-0.02717074193060398,-0.04433445632457733,0.0
1787250517.904158354,1787250517.904161930,state,-0.01637653075158596,-0.214074969291687,0.0
1787250517.904209852,1787250517.903548002,state_stamped,-0.01637653075158596,-0.214074969291687,0.0
1787250517.906028509,1787250517.906034231,command,-0.024518508464097977,-0.00022127514239400625,0.0
1787250517.964157343,1787250517.964167118,state,-0.01833060011267662,-0.1627502292394638,0.0
1787250517.964232922,1787250517.963547945,state_stamped,-0.01833060011267662,-0.1627502292394638,0.0
1787250517.966603994,1787250517.966607571,command,-0.02069437876343727,0.03579265996813774,0.0
1787250518.033996105,1787250518.034000874,state,-0.018992459401488304,-0.1071581095457077,0.0
1787250518.034113884,1787250518.033548117,state_stamped,-0.018992459401488304,-0.1071581095457077,0.0
1787250518.036073685,1787250518.036079407,command,0.009889868088066578,0.289943665266037,0.0
1787250518.104042530,1787250518.104047298,state,-0.010905389674007893,0.004030629992485046,0.0
1787250518.104164362,1787250518.103548288,state_stamped,-0.010905389674007893,0.004030629992485046,0.0
1787250518.106014252,1787250518.106019735,command,0.008518996648490429,0.3575265109539032,0.0
1787250518.164047956,1787250518.164052725,state,-0.006243535783141851,0.08886966109275818,0.0
1787250518.164105177,1787250518.163548231,state_stamped,-0.006243535783141851,0.08886966109275818,0.0
1787250518.166017294,1787250518.166022539,command,0.006996058393269777,0.4297958314418793,0.0
1787250518.233956575,1787250518.233963966,state,-0.0025364707689732313,0.18432843685150146,0.0
1787250518.234011173,1787250518.233547926,state_stamped,-0.0025364707689732313,0.18432843685150146,0.0
1787250518.236598253,1787250518.236602545,command,0.002390485955402255,0.5304667353630066,0.0
1787250518.304160357,1787250518.304163933,state,-0.001156916143372655,0.28124764561653137,0.0
1787250518.304203749,1787250518.303548098,state_stamped,-0.001156916143372655,0.28124764561653137,0.0
1787250518.306226969,1787250518.306231737,command,0.004443655256181955,0.602460503578186,0.0
1787250518.364158392,1787250518.364163399,state,0.00018721644300967455,0.35833847522735596,0.0
1787250518.364210844,1787250518.363548040,state_stamped,0.00018721644300967455,0.35833847522735596,0.0
1787250518.366072655,1787250518.366077900,command,0.01155694667249918,0.6252482533454895,0.0
1787250518.434015512,1787250518.434021473,state,0.0033707492984831333,0.43307340145111084,0.0
1787250518.434124947,1787250518.433548212,state_stamped,0.0033707492984831333,0.43307340145111084,0.0
1787250518.435935974,1787250518.435941458,command,0.012756799347698689,0.6485309600830078,0.0
1787250518.504174948,1787250518.504180431,state,0.005998840555548668,0.4934014678001404,0.0
1787250518.504228592,1787250518.503548145,state_stamped,0.005998840555548668,0.4934014678001404,0.0
1787250518.506046295,1787250518.506051540,command,0.011773333884775639,0.6692502498626709,0.0
1787250518.564178467,1787250518.564183712,state,0.007384722586721182,0.5356053113937378,0.0
1787250518.564235210,1787250518.563548326,state_stamped,0.007384722586721182,0.5356053113937378,0.0
1787250518.566047430,1787250518.566053391,command,0.0009923438774421811,0.6799752116203308,0.0
1787250518.634088516,1787250518.634097099,state,0.005594861693680286,0.5760287642478943,0.0
1787250518.634152651,1787250518.633548021,state_stamped,0.005594861693680286,0.5760287642478943,0.0
1787250518.635955811,1787250518.635960817,command,-0.015554395504295826,0.6833706498146057,0.0
1787250518.704075336,1787250518.704083443,state,-0.0003269272856414318,0.6060844659805298,0.0
1787250518.704190493,1787250518.703547955,state_stamped,-0.0003269272856414318,0.6060844659805298,0.0
1787250518.705948114,1787250518.705953836,command,-0.017043232917785645,0.653812050819397,0.0
1787250518.764173031,1787250518.764181852,state,-0.004338838160037994,0.61753910779953,0.0
1787250518.764239311,1787250518.763547897,state_stamped,-0.004338838160037994,0.61753910779953,0.0
1787250518.766023874,1787250518.766029596,command,-0.013925931416451931,0.586550772190094,0.0
1787250518.834164381,1787250518.834173203,state,-0.007023230195045471,0.6088623404502869,0.0
1787250518.834234715,1787250518.833548069,state_stamped,-0.007023230195045471,0.6088623404502869,0.0
1787250518.836027145,1787250518.836032629,command,-0.011667054146528244,0.5038757920265198,0.0
1787250518.904105663,1787250518.904111624,state,-0.008323499001562595,0.5794661641120911,0.0
1787250518.904166460,1787250518.903548002,state_stamped,-0.008323499001562595,0.5794661641120911,0.0
1787250518.905968904,1787250518.905973911,command,-0.002644392428919673,0.409586638212204,0.0
1787250518.964175701,1787250518.963547945,state_stamped,-0.006960513535887003,0.5386950969696045,0.0
1787250518.964218616,1787250518.964226723,state,-0.006960513535887003,0.5386950969696045,0.0
1787250518.966583490,1787250518.966588736,command,0.005560195539146662,0.35898077487945557,0.0
1787250519.034150362,1787250519.034158707,state,-0.00345471128821373,0.4883750379085541,0.0
1787250519.034286022,1787250519.033548117,state_stamped,-0.00345471128821373,0.4883750379085541,0.0
1787250519.036092043,1787250519.036097288,command,0.020109180361032486,0.2733609676361084,0.0
1787250519.104185104,1787250519.104193449,state,0.0031431764364242554,0.4281711280345917,0.0
1787250519.104252815,1787250519.103548050,state_stamped,0.0031431764364242554,0.4281711280345917,0.0
1787250519.106061459,1787250519.106067181,command,0.02637157402932644,0.20291797816753387,0.0
1787250519.164178610,1787250519.163547754,state_stamped,0.008717972785234451,0.37411054968833923,0.0
1787250519.164220572,1787250519.164229155,state,0.008717972785234451,0.37411054968833923,0.0
1787250519.166038752,1787250519.166043282,command,0.027613705024123192,0.1461603194475174,0.0
1787250519.234076500,1787250519.234085083,state,0.014008801430463791,0.31028419733047485,0.0
1787250519.234150171,1787250519.233548164,state_stamped,0.014008801430463791,0.31028419733047485,0.0
1787250519.235949993,1787250519.235955477,command,0.016906283795833588,-0.07756232470273972,0.0
1787250519.304051638,1787250519.304057360,state,0.014820094220340252,0.20168745517730713,0.0
1787250519.304165602,1787250519.303548098,state_stamped,0.014820094220340252,0.20168745517730713,0.0
1787250519.305994987,1787250519.306000471,command,0.021807804703712463,-0.1794610321521759,0.0
1787250519.364182234,1787250519.364190817,state,0.016497142612934113,0.11021197587251663,0.0
1787250519.364298820,1787250519.363547802,state_stamped,0.016497142612934113,0.11021197587251663,0.0
1787250519.366060972,1787250519.366066456,command,0.030078010633587837,-0.24885213375091553,0.0
1787250519.434152126,1787250519.434160709,state,0.020299777388572693,0.009674251079559326,0.0
1787250519.434221268,1787250519.433547735,state_stamped,0.020299777388572693,0.009674251079559326,0.0
1787250519.436005592,1787250519.436011553,command,0.03996996954083443,-0.3354302942752838,0.0
1787250519.504173279,1787250519.504179239,state,0.02580742910504341,-0.0869549885392189,0.0
1787250519.504218817,1787250519.503547668,state_stamped,0.02580742910504341,-0.0869549885392189,0.0
1787250519.506064892,1787250519.506069899,command,0.04618735611438751,-0.3948976397514343,0.0
1787250519.564188480,1787250519.564196110,state,0.030698608607053757,-0.16086119413375854,0.0
1787250519.564307213,1787250519.563547611,state_stamped,0.030698608607053757,-0.16086119413375854,0.0
1787250519.566027403,1787250519.566032887,command,0.04768611490726471,-0.44557592272758484,0.0
1787250519.634163141,1787250519.634171486,state,0.035455122590065,-0.24058149755001068,0.0
1787250519.634233236,1787250519.633547783,state_stamped,0.035455122590065,-0.24058149755001068,0.0
1787250519.636062145,1787250519.636067629,command,0.04249958321452141,-0.4506934881210327,0.0
1787250519.704195499,1787250519.704203606,state,0.03742757439613342,-0.29941293597221375,0.0
1787250519.704263210,1787250519.703547955,state_stamped,0.03742757439613342,-0.29941293597221375,0.0
1787250519.706093073,1787250519.706099033,command,0.036724794656038284,-0.4679717421531677,0.0
1787250519.764249563,1787250519.764259577,state,0.03725890815258026,-0.33986717462539673,0.0
1787250519.764332771,1787250519.763548136,state_stamped,0.03725890815258026,-0.33986717462539673,0.0
1787250519.767015696,1787250519.767019510,command,0.031218083575367928,-0.4812770187854767,0.0
1787250519.834182978,1787250519.833548307,state_stamped,0.03556746989488602,-0.3794621229171753,0.0
1787250519.834224701,1787250519.834233284,state,0.03556746989488602,-0.3794621229171753,0.0
1787250519.836215496,1787250519.836220503,command,0.02089869976043701,-0.46567460894584656,0.0
1787250519.904204607,1787250519.904212952,state,0.03146020323038101,-0.40360167622566223,0.0
1787250519.904270411,1787250519.903548479,state_stamped,0.03146020323038101,-0.40360167622566223,0.0
1787250519.906141520,1787250519.906147242,command,0.010354162193834782,-0.4418025016784668,0.0
1787250519.964201212,1787250519.964209318,state,0.02639477699995041,-0.4127698242664337,0.0
1787250519.964329004,1787250519.963548422,state_stamped,0.02639477699995041,-0.4127698242664337,0.0
1787250519.966178656,1787250519.966184616,command,-0.0008502868586219847,-0.39736035466194153,0.0
1787250520.034160376,1787250520.034169197,state,0.018766183406114578,-0.4084551930427551,0.0
1787250520.034232140,1787250520.033548117,state_stamped,0.018766183406114578,-0.4084551930427551,0.0
1787250520.036109686,1787250520.036115170,command,-0.015456955879926682,-0.31396475434303284,0.0
1787250520.104195356,1787250520.104203701,state,0.009183723479509354,-0.3819979131221771,0.0
1787250520.104261160,1787250520.103548050,state_stamped,0.009183723479509354,-0.3819979131221771,0.0
1787250520.106002569,1787250520.106008291,command,-0.020261581987142563,-0.21273772418498993,0.0
1787250520.164286375,1787250520.164295197,state,0.0021168068051338196,-0.3413752317428589,0.0
1787250520.164356470,1787250520.163548231,state_stamped,0.0021168068051338196,-0.3413752317428589,0.0
1787250520.166139603,1787250520.166145086,command,-0.02849872224032879,-0.13578243553638458,0.0
1787250520.234021664,1787250520.234029055,state,-0.006455577909946442,-0.28380900621414185,0.0
1787250520.234089375,1787250520.233548641,state_stamped,-0.006455577909946442,-0.28380900621414185,0.0
1787250520.236628532,1787250520.236632109,command,-0.03243764862418175,-0.059839073568582535,0.0
1787250520.304217577,1787250520.304223299,state,-0.013730524107813835,-0.22109770774841309,0.0
1787250520.304341555,1787250520.303548336,state_stamped,-0.013730524107813835,-0.22109770774841309,0.0
1787250520.306226254,1787250520.306231499,command,-0.03210270404815674,-0.008937763050198555,0.0
1787250520.364178419,1787250520.364184141,state,-0.018139800056815147,-0.17017987370491028,0.0
1787250520.364225864,1787250520.363547564,state_stamped,-0.018139800056815147,-0.17017987370491028,0.0
1787250520.366152287,1787250520.366157293,command,-0.02984948270022869,0.026918193325400352,0.0
1787250520.434127808,1787250520.434133530,state,-0.021418534219264984,-0.11499201506376266,0.0
1787250520.434185982,1787250520.433548212,state_stamped,-0.021418534219264984,-0.11499201506376266,0.0
1787250520.435911179,1787250520.435916901,command,0.002574352314695716,0.26945605874061584,0.0
1787250520.504191399,1787250520.504199982,state,-0.014700536616146564,-0.007346726953983307,0.0
1787250520.504266977,1787250520.503548145,state_stamped,-0.014700536616146564,-0.007346726953983307,0.0
1787250520.506117582,1787250520.506126404,command,0.004614408127963543,0.3380815386772156,0.0
1787250520.564204454,1787250520.564213037,state,-0.010064950212836266,0.07555604726076126,0.0
1787250520.564273596,1787250520.563548088,state_stamped,-0.010064950212836266,0.07555604726076126,0.0
1787250520.566053391,1787250520.566058636,command,-0.0041954005137085915,0.403057724237442,0.0
1787250520.634169817,1787250520.634178638,state,-0.008421478793025017,0.16725637018680573,0.0
1787250520.634284735,1787250520.633548021,state_stamped,-0.008421478793025017,0.16725637018680573,0.0
1787250520.636106491,1787250520.636112213,command,-0.013155424036085606,0.4951571822166443,0.0
1787250520.704207182,1787250520.704215765,state,-0.009746987372636795,0.25906887650489807,0.0
1787250520.704330206,1787250520.703548193,state_stamped,-0.009746987372636795,0.25906887650489807,0.0
1787250520.706102848,1787250520.706107855,command,-0.015202619135379791,0.5744617581367493,0.0
1787250520.764199018,1787250520.764207363,state,-0.011056331917643547,0.3347627520561218,0.0
1787250520.764269590,1787250520.763547897,state_stamped,-0.011056331917643547,0.3347627520561218,0.0
1787250520.765971184,1787250520.765976667,command,-0.0069790673442184925,0.5985388159751892,0.0
1787250520.834190607,1787250520.834198713,state,-0.009914692491292953,0.4086203873157501,0.0
1787250520.834317207,1787250520.833548069,state_stamped,-0.009914692491292953,0.4086203873157501,0.0
1787250520.836076021,1787250520.836081505,command,0.0026891808956861496,0.6113840937614441,0.0
1787250520.904192209,1787250520.904200077,state,-0.0063855936750769615,0.4653944671154022,0.0
1787250520.904259920,1787250520.903548479,state_stamped,-0.0063855936750769615,0.4653944671154022,0.0
1787250520.906115055,1787250520.906121016,command,0.012884384952485561,0.5646476149559021,0.0
1787250520.964304447,1787250520.963547707,state_stamped,-0.0017608460038900375,0.4892149865627289,0.0
1787250520.964351892,1787250520.964361191,state,-0.0017608460038900375,0.4892149865627289,0.0
1787250520.966254950,1787250520.966262102,command,0.011310534551739693,0.5357440114021301,0.0
1787250521.034182310,1787250521.033547878,state_stamped,0.0018991490360349417,0.502243161201477,0.0
1787250521.034234762,1787250521.034243822,state,0.0018991490360349417,0.502243161201477,0.0
1787250521.036169767,1787250521.036174774,command,0.014793667010962963,0.4687346816062927,0.0
1787250521.104258537,1787250521.104266644,state,0.0055096205323934555,0.4928607642650604,0.0
1787250521.104328632,1787250521.103548050,state_stamped,0.0055096205323934555,0.4928607642650604,0.0
1787250521.106107950,1787250521.106117487,command,0.02105320803821087,0.37714970111846924,0.0
1787250521.164295435,1787250521.164303303,state,0.009240064769983292,0.46509021520614624,0.0
1787250521.164358616,1787250521.163547754,state_stamped,0.009240064769983292,0.46509021520614624,0.0
1787250521.166136742,1787250521.166145563,command,0.023712962865829468,0.3116706311702728,0.0
1787250521.234177589,1787250521.234183073,state,0.01329248771071434,0.42213261127471924,0.0
1787250521.234243393,1787250521.233547926,state_stamped,0.01329248771071434,0.42213261127471924,0.0
1787250521.236096144,1787250521.236106157,command,0.03027881123125553,0.2551776170730591,0.0
1787250521.304208279,1787250521.303548098,state_stamped,0.018048666417598724,0.3753851354122162,0.0
1787250521.304261208,1787250521.304266930,state,0.018048666417598724,0.3753851354122162,0.0
1787250521.306116581,1787250521.306125641,command,0.03370336815714836,0.17033351957798004,0.0
1787250521.364292860,1787250521.363547564,state_stamped,0.021805766969919205,0.3261730968952179,0.0
1787250521.364344597,1787250521.364352226,state,0.021805766969919205,0.3261730968952179,0.0
1787250521.366111040,1787250521.366116524,command,0.03003692626953125,0.11985799670219421,0.0
1787250521.434219837,1787250521.433548450,state_stamped,0.02411051280796528,0.2684043347835541,0.0
1787250521.434279680,1787250521.434287786,state,0.02411051280796528,0.2684043347835541,0.0
1787250521.436094522,1787250521.436102629,command,0.02918625809252262,0.07314339280128479,0.0
1787250521.504261017,1787250521.503547907,state_stamped,0.025531712919473648,0.213731586933136,0.0
1787250521.504319668,1787250521.504328251,state,0.025531712919473648,0.213731586933136,0.0
1787250521.506141186,1787250521.506149054,command,0.026734471321105957,-0.20030319690704346,0.0
1787250521.564229965,1787250521.563547850,state_stamped,0.025820374488830566,0.11436322331428528,0.0
1787250521.564327717,1787250521.564336061,state,0.025820374488830566,0.11436322331428528,0.0
1787250521.566126585,1787250521.566131830,command,0.02865649200975895,-0.27704373002052307,0.0
1787250521.634016991,1787250521.633548260,state_stamped,0.026614490896463394,0.004768684506416321,0.0
1787250521.634107590,1787250521.634115934,state,0.026614490896463394,0.004768684506416321,0.0
1787250521.635984421,1787250521.635989904,command,0.03845944255590439,-0.3596983850002289,0.0
1787250521.704227686,1787250521.703547716,state_stamped,0.029931053519248962,-0.09728139638900757,0.0
1787250521.704330921,1787250521.704339504,state,0.029931053519248962,-0.09728139638900757,0.0
1787250521.706099510,1787250521.706107616,command,0.044674329459667206,-0.4308851361274719,0.0
1787250521.764246702,1787250521.763548136,state_stamped,0.03346945717930794,-0.17734664678573608,0.0
1787250521.764294386,1787250521.764302492,state,0.03346945717930794,-0.17734664678573608,0.0
1787250521.766173124,1787250521.766181707,command,0.04091396555304527,-0.45978739857673645,0.0
1787250521.834196329,1787250521.833548307,state_stamped,0.03555392473936081,-0.2564302980899811,0.0
1787250521.834294319,1787250521.834303141,state,0.03555392473936081,-0.2564302980899811,0.0
1787250521.836078405,1787250521.836085081,command,0.03822576627135277,-0.46954619884490967,0.0
1787250521.904235840,1787250521.904240847,state,0.03630203381180763,-0.31610235571861267,0.0
1787250521.904286623,1787250521.903547764,state_stamped,0.03630203381180763,-0.31610235571861267,0.0
1787250521.906152487,1787250521.906157494,command,0.03288592770695686,-0.4821580648422241,0.0
1787250521.964276791,1787250521.963547945,state_stamped,0.035482168197631836,-0.3559558093547821,0.0
1787250521.964333296,1787250521.964341879,state,0.035482168197631836,-0.3559558093547821,0.0
1787250521.966682673,1787250521.966688871,command,0.021195795387029648,-0.47952818870544434,0.0
1787250522.034176350,1787250522.033547640,state_stamped,0.03148200735449791,-0.39055585861206055,0.0
1787250522.034277678,1787250522.034287691,state,0.03148200735449791,-0.39055585861206055,0.0
1787250522.036111832,1787250522.036115885,command,0.013848891481757164,-0.488168329000473,0.0
1787250522.104208708,1787250522.103548050,state_stamped,0.026544708758592606,-0.41788750886917114,0.0
1787250522.104306698,1787250522.104315281,state,0.026544708758592606,-0.41788750886917114,0.0
1787250522.106064558,1787250522.106070995,command,0.0037263603881001472,-0.4894630014896393,0.0
1787250522.164249182,1787250522.163548231,state_stamped,0.021068289875984192,-0.43506568670272827,0.0
1787250522.164346218,1787250522.164354801,state,0.021068289875984192,-0.43506568670272827,0.0
1787250522.166090965,1787250522.166097403,command,-0.002999274292960763,-0.4811975359916687,0.0
1787250522.234195232,1787250522.234204054,state,0.014329337514936924,-0.44798266887664795,0.0
1787250522.234308004,1787250522.233548403,state_stamped,0.014329337514936924,-0.44798266887664795,0.0
1787250522.236333370,1787250522.236339808,command,-0.013901661150157452,-0.45003172755241394,0.0
1787250522.304194212,1787250522.304202795,state,0.006424662657082081,-0.44855639338493347,0.0
1787250522.304262161,1787250522.303548336,state_stamped,0.006424662657082081,-0.44855639338493347,0.0
1787250522.306518316,1787250522.306524992,command,-0.024158958345651627,-0.369270920753479,0.0
1787250522.364196301,1787250522.364207506,state,-0.0009152991697192192,-0.429528146982193,0.0
1787250522.364314795,1787250522.363547564,state_stamped,-0.0009152991697192192,-0.429528146982193,0.0
1787250522.366295815,1787250522.366304159,command,-0.02348230592906475,-0.267852783203125,0.0
1787250522.434154034,1787250522.434161425,state,-0.007234109565615654,-0.3842586874961853,0.0
1787250522.434277534,1787250522.433548212,state_stamped,-0.007234109565615654,-0.3842586874961853,0.0
1787250522.436115980,1787250522.436125040,command,-0.02993747405707836,-0.1815083771944046,0.0
1787250522.504185438,1787250522.504192591,state,-0.013591036200523376,-0.3274887204170227,0.0
1787250522.504306078,1787250522.503547907,state_stamped,-0.013591036200523376,-0.3274887204170227,0.0
1787250522.506179333,1787250522.506187916,command,-0.029116779565811157,-0.10114216804504395,0.0
1787250522.564202309,1787250522.564212799,state,-0.017317209392786026,-0.27316561341285706,0.0
1787250522.564285040,1787250522.563547850,state_stamped,-0.017317209392786026,-0.27316561341285706,0.0
1787250522.566097260,1787250522.566102982,command,-0.029300954192876816,-0.03920434042811394,0.0
1787250522.634176493,1787250522.634183884,state,-0.020672662183642387,-0.2076563537120819,0.0
1787250522.634255886,1787250522.633548021,state_stamped,-0.020672662183642387,-0.2076563537120819,0.0
1787250522.635935783,1787250522.635944128,command,-0.024056416004896164,0.0006639891653321683,0.0
1787250522.704251766,1787250522.703547955,state_stamped,-0.021620111539959908,-0.14932674169540405,0.0
1787250522.704286814,1787250522.704294205,state,-0.021620111539959908,-0.14932674169540405,0.0
1787250522.706132174,1787250522.706141472,command,0.010977343656122684,0.234471395611763,0.0
1787250522.764228344,1787250522.764234781,state,-0.01379669364541769,-0.05721485614776611,0.0
1787250522.764295340,1787250522.763548136,state_stamped,-0.01379669364541769,-0.05721485614776611,0.0
1787250522.766164303,1787250522.766173124,command,0.01423954963684082,0.2959749400615692,0.0
1787250522.834226370,1787250522.834234715,state,-0.005946568213403225,0.04167800396680832,0.0
1787250522.834334612,1787250522.833547831,state_stamped,-0.005946568213403225,0.04167800396680832,0.0
1787250522.835923672,1787250522.835927010,command,0.0032670602668076754,0.35632428526878357,0.0
1787250522.904028416,1787250522.904034376,state,-0.0033667562529444695,0.12977883219718933,0.0
1787250522.904131651,1787250522.903547764,state_stamped,-0.0033667562529444695,0.12977883219718933,0.0
1787250522.906323910,1787250522.906328201,command,-0.008544680662453175,0.4499932527542114,0.0
1787250522.964275360,1787250522.964280844,state,-0.004609466530382633,0.20663079619407654,0.0
1787250522.964328051,1787250522.963548183,state_stamped,-0.004609466530382633,0.20663079619407654,0.0
1787250522.966356993,1787250522.966363192,command,-0.013966241851449013,0.5392205715179443,0.0
1787250523.034231663,1787250523.033548355,state_stamped,-0.007229373790323734,0.2997562885284424,0.0
1787250523.034299612,1787250523.034308910,state,-0.007229373790323734,0.2997562885284424,0.0
1787250523.036041975,1787250523.036046028,command,-0.0035104460548609495,0.5852922201156616,0.0
1787250523.104294538,1787250523.103547812,state_stamped,-0.006188082974404097,0.37970566749572754,0.0
1787250523.104340315,1787250523.104346275,state,-0.006188082974404097,0.37970566749572754,0.0
1787250523.106056452,1787250523.106061935,command,0.004132132977247238,0.6077457070350647,0.0
1787250523.164225817,1787250523.164233446,state,-0.003711233614012599,0.4344352185726166,0.0
1787250523.164288759,1787250523.163547754,state_stamped,-0.003711233614012599,0.4344352185726166,0.0
1787250523.165884972,1787250523.165890932,command,0.013045106083154678,0.58717280626297,0.0
1787250523.234178543,1787250523.233547926,state_stamped,0.000980554847046733,0.4772018790245056,0.0
1787250523.234240294,1787250523.234248400,state,0.000980554847046733,0.4772018790245056,0.0
1787250523.235896111,1787250523.235900164,command,0.019961552694439888,0.5476529598236084,0.0
1787250523.304223299,1787250523.303548098,state_stamped,0.006295240484178066,0.49692821502685547,0.0
1787250523.304280519,1787250523.304286242,state,0.006295240484178066,0.49692821502685547,0.0
1787250523.305906773,1787250523.305910587,command,0.022242123261094093,0.4939540922641754,0.0
1787250523.364269495,1787250523.363548040,state_stamped,0.01012249756604433,0.4962144196033478,0.0
1787250523.364322901,1787250523.364330769,state,0.01012249756604433,0.4962144196033478,0.0
1787250523.366136789,1787250523.366146088,command,0.02537386864423752,0.43103572726249695,0.0
1787250523.434180021,1787250523.433547974,state_stamped,0.014392864890396595,0.47796446084976196,0.0
1787250523.434225082,1787250523.434233189,state,0.014392864890396595,0.47796446084976196,0.0
1787250523.435914755,1787250523.435919285,command,0.026584165170788765,0.3528093993663788,0.0
1787250523.504238129,1787250523.504243851,state,0.017806464806199074,0.4429206848144531,0.0
1787250523.504294395,1787250523.503548622,state_stamped,0.017806464806199074,0.4429206848144531,0.0
1787250523.506102562,1787250523.506105900,command,0.03080526739358902,0.27581605315208435,0.0
1787250523.564258099,1787250523.563548326,state_stamped,0.020926162600517273,0.4028157591819763,0.0
1787250523.564318657,1787250523.564327002,state,0.020926162600517273,0.4028157591819763,0.0
1787250523.566089392,1787250523.566094875,command,0.033491406589746475,0.22384336590766907,0.0
1787250523.634210110,1787250523.633548260,state_stamped,0.024444421753287315,0.35270360112190247,0.0
1787250523.634263754,1787250523.634272337,state,0.024444421753287315,0.35270360112190247,0.0
1787250523.635955572,1787250523.635960817,command,0.030369538813829422,0.15546761453151703,0.0
1787250523.704227686,1787250523.703548431,state_stamped,0.026103461161255836,0.2974773347377777,0.0
1787250523.704286098,1787250523.704292059,state,0.026103461161255836,0.2974773347377777,0.0
1787250523.705867767,1787250523.705873966,command,0.02311059460043907,0.11019936203956604,0.0
1787250523.764262199,1787250523.763548613,state_stamped,0.025385171175003052,0.2525305449962616,0.0
1787250523.764315367,1787250523.764323473,state,0.025385171175003052,0.2525305449962616,0.0
1787250523.766111135,1787250523.766116381,command,0.021880894899368286,0.05621950328350067,0.0
1787250523.834096909,1787250523.833548307,state_stamped,0.024403976276516914,0.19756358861923218,0.0
1787250523.834133387,1787250523.834139109,state,0.024403976276516914,0.19756358861923218,0.0
1787250523.835789204,1787250523.835792303,command,0.022109953686594963,-0.23567160964012146,0.0
1787250523.904272556,1787250523.904278040,state,0.023761644959449768,0.0762566477060318,0.0
1787250523.904329300,1787250523.903548956,state_stamped,0.023761644959449768,0.0762566477060318,0.0
1787250523.906122684,1787250523.906127691,command,0.025602396577596664,-0.3215544521808624,0.0
1787250523.964234591,1787250523.963548183,state_stamped,0.02420341968536377,-0.019216693937778473,0.0
1787250523.964289904,1787250523.964298010,state,0.02420341968536377,-0.019216693937778473,0.0
1787250523.966066837,1787250523.966071129,command,0.030335206538438797,-0.38940685987472534,0.0
1787250524.034041166,1787250524.033548117,state_stamped,0.025920320302248,-0.12286990880966187,0.0
1787250524.034079313,1787250524.034085035,state,0.025920320302248,-0.12286990880966187,0.0
1787250524.035736799,1787250524.035740376,command,0.03502001240849495,-0.45146501064300537,0.0
1787250524.104136229,1787250524.104141474,state,0.028468333184719086,-0.214880108833313,0.0
1787250524.104185343,1787250524.103550911,state_stamped,0.028468333184719086,-0.214880108833313,0.0
1787250524.105766058,1787250524.105768681,command,0.036406710743904114,-0.46263018250465393,0.0
1787250524.164160967,1787250524.163549900,state_stamped,0.03037351556122303,-0.2743392586708069,0.0
1787250524.164215803,1787250524.164223433,state,0.03037351556122303,-0.2743392586708069,0.0
1787250524.165759325,1787250524.165764332,command,0.037453778088092804,-0.46658480167388916,0.0
1787250524.234029531,1787250524.234035254,state,0.032355934381484985,-0.32816657423973083,0.0
1787250524.234077454,1787250524.233548164,state_stamped,0.032355934381484985,-0.32816657423973083,0.0
1787250524.235650301,1787250524.235656977,command,0.029822001233696938,-0.4714289903640747,0.0
1787250524.304074049,1787250524.304081917,state,0.03164643049240112,-0.3682802617549896,0.0
1787250524.304142237,1787250524.303548336,state_stamped,0.03164643049240112,-0.3682802617549896,0.0
1787250524.306669235,1787250524.306674719,command,0.024566669017076492,-0.4792500138282776,0.0
1787250524.364049673,1787250524.363547802,state_stamped,0.0299473088234663,-0.3949126899242401,0.0
1787250524.364083767,1787250524.364089489,state,0.0299473088234663,-0.3949126899242401,0.0
1787250524.365816593,1787250524.365820408,command,0.020029708743095398,-0.4883434474468231,0.0
1787250524.434018373,1787250524.433547974,state_stamped,0.027170367538928986,-0.42107343673706055,0.0
1787250524.434049129,1787250524.434056520,state,0.027170367538928986,-0.42107343673706055,0.0
1787250524.435704231,1787250524.435707092,command,0.007785471621900797,-0.4930110275745392,0.0
1787250524.504124880,1787250524.503548145,state_stamped,0.021742580458521843,-0.44121602177619934,0.0
1787250524.504161119,1787250524.504165888,state,0.021742580458521843,-0.44121602177619934,0.0
1787250524.505770206,1787250524.505773306,command,0.0016984386602416635,-0.4886595904827118,0.0
1787250524.564109802,1787250524.563548326,state_stamped,0.016931980848312378,-0.4526025056838989,0.0
1787250524.564148188,1787250524.564154148,state,0.016931980848312378,-0.4526025056838989,0.0
1787250524.565723419,1787250524.565727234,command,-0.006645978894084692,-0.47375908493995667,0.0
1787250524.633996487,1787250524.634002447,state,0.010330170392990112,-0.4585263431072235,0.0
1787250524.634044647,1787250524.633548021,state_stamped,0.010330170392990112,-0.4585263431072235,0.0
1787250524.635628223,1787250524.635634184,command,-0.017315279692411423,-0.4216451048851013,0.0
1787250524.704104662,1787250524.703548193,state_stamped,0.0025894460268318653,-0.448199599981308,0.0
1787250524.704141617,1787250524.704145670,state,0.0025894460268318653,-0.448199599981308,0.0
1787250524.705752850,1787250524.705759048,command,-0.020880894735455513,-0.3105767071247101,0.0
1787250524.764078140,1787250524.763547897,state_stamped,-0.003043423406779766,-0.41517019271850586,0.0
1787250524.764116049,1787250524.764121771,state,-0.003043423406779766,-0.41517019271850586,0.0
1787250524.765728951,1787250524.765734911,command,-0.026259323582053185,-0.2321060746908188,0.0
1787250524.833998680,1787250524.834004164,state,-0.00954391062259674,-0.3639119565486908,0.0
1787250524.834045172,1787250524.833548307,state_stamped,-0.00954391062259674,-0.3639119565486908,0.0
1787250524.835672617,1787250524.835677624,command,-0.026251839473843575,-0.1480761468410492,0.0
1787250524.904123306,1787250524.903548002,state_stamped,-0.01422211155295372,-0.3034781813621521,0.0
1787250524.904158831,1787250524.904163361,state,-0.01422211155295372,-0.3034781813621521,0.0
1787250524.906067133,1787250524.906072378,command,-0.030240822583436966,-0.06023994833230972,0.0
1787250524.964183807,1787250524.963548183,state_stamped,-0.018066611140966415,-0.24510087072849274,0.0
1787250524.964214087,1787250524.964219570,state,-0.018066611140966415,-0.24510087072849274,0.0
1787250524.966215849,1787250524.966221333,command,-0.029442258179187775,-0.020751729607582092,0.0
1787250525.034101009,1787250525.033548355,state_stamped,-0.021251799538731575,-0.18228298425674438,0.0
1787250525.034136772,1787250525.034142494,state,-0.021251799538731575,-0.18228298425674438,0.0
1787250525.036083460,1787250525.036088943,command,-0.020112479105591774,0.018132081255316734,0.0
1787250525.104194403,1787250525.103548527,state_stamped,-0.020932789891958237,-0.12616661190986633,0.0
1787250525.104232550,1787250525.104238033,state,-0.020932789891958237,-0.12616661190986633,0.0
1787250525.106164217,1787250525.106169462,command,-0.013204552233219147,-0.35018837451934814,0.0
1787250525.164129257,1787250525.163548231,state_stamped,-0.019078021869063377,-0.17993156611919403,0.0
1787250525.164167881,1787250525.164173841,state,-0.019078021869063377,-0.17993156611919403,0.0
1787250525.166097164,1787250525.166100740,command,0.0032462829258292913,0.3042198121547699,0.0
1787250525.234045267,1787250525.234050751,state,-0.012827234342694283,-0.04436956346035004,0.0
1787250525.234091759,1787250525.233547926,state_stamped,-0.012827234342694283,-0.04436956346035004,0.0
1787250525.235985756,1787250525.235990763,command,0.012784894555807114,0.3713459074497223,0.0
1787250525.304140568,1787250525.303548336,state_stamped,-0.0056558107025921345,0.07203120738267899,0.0
1787250525.304178476,1787250525.304182529,state,-0.0056558107025921345,0.07203120738267899,0.0
1787250525.306124210,1787250525.306130886,command,0.006713449954986572,0.47247812151908875,0.0
1787250525.364096403,1787250525.363548040,state_stamped,-0.0026872041635215282,0.16813795268535614,0.0
1787250525.364143610,1787250525.364149570,state,-0.0026872041635215282,0.16813795268535614,0.0
1787250525.366100788,1787250525.366105795,command,0.00579102523624897,0.5502943992614746,0.0
1787250525.434057713,1787250525.433547974,state_stamped,-0.00031329900957643986,0.27514177560806274,0.0
1787250525.434097052,1787250525.434102774,state,-0.00031329900957643986,0.27514177560806274,0.0
1787250525.436012268,1787250525.436017036,command,0.004725548438727856,0.5957006216049194,0.0
1787250525.504062891,1787250525.504067183,state,0.0010975782060995698,0.3648982644081116,0.0
1787250525.504141808,1787250525.503547907,state_stamped,0.0010975782060995698,0.3648982644081116,0.0
1787250525.506091595,1787250525.506096840,command,-0.0004905339446850121,0.6375600695610046,0.0
1787250525.564068556,1787250525.564074278,state,0.0007164290873333812,0.43033745884895325,0.0
1787250525.564124107,1787250525.563548326,state_stamped,0.0007164290873333812,0.43033745884895325,0.0
1787250525.566093206,1787250525.566098690,command,0.010650168173015118,0.6296322345733643,0.0
1787250525.633993149,1787250525.633548021,state_stamped,0.0034978645853698254,0.48613977432250977,0.0
1787250525.634075403,1787250525.634081125,state,0.0034978645853698254,0.48613977432250977,0.0
1787250525.635994434,1787250525.635999441,command,0.006706482730805874,0.6529123783111572,0.0
1787250525.704179764,1787250525.703548431,state_stamped,0.004396282136440277,0.5328363180160522,0.0
1787250525.704245090,1787250525.704249144,state,0.004396282136440277,0.5328363180160522,0.0
1787250525.705967665,1787250525.705971479,command,0.0014900435926392674,0.6638078093528748,0.0
1787250525.764062166,1787250525.764067650,state,0.00369879137724638,0.5642691850662231,0.0
1787250525.764118433,1787250525.763547897,state_stamped,0.00369879137724638,0.5642691850662231,0.0
1787250525.766067982,1787250525.766072273,command,-0.007433402817696333,0.6728600263595581,0.0
1787250525.834115982,1787250525.834121943,state,0.0005817646160721779,0.5946747660636902,0.0
1787250525.834203959,1787250525.833548069,state_stamped,0.0005817646160721779,0.5946747660636902,0.0
1787250525.835846424,1787250525.835849524,command,-0.015554819256067276,0.6655415296554565,0.0
1787250525.904170036,1787250525.903552294,state_stamped,-0.0039367470890283585,0.6145186424255371,0.0
1787250525.904210806,1787250525.904217005,state,-0.0039367470890283585,0.6145186424255371,0.0
1787250525.906229258,1787250525.906234980,command,-0.01479571033269167,0.6284911036491394,0.0
1787250525.964193821,1787250525.964201927,state,-0.0065427315421402454,0.6178718209266663,0.0
1787250525.964259386,1787250525.963548422,state_stamped,-0.0065427315421402454,0.6178718209266663,0.0
1787250525.966465950,1787250525.966470003,command,-0.007978234440088272,0.5581475496292114,0.0
1787250526.034135818,1787250526.033548355,state_stamped,-0.006944671738892794,0.6011490225791931,0.0
1787250526.034207821,1787250526.034215927,state,-0.006944671738892794,0.6011490225791931,0.0
1787250526.036273718,1787250526.036280394,command,0.0009639106574468315,0.4707627296447754,0.0
1787250526.104168892,1787250526.104174614,state,-0.0047302693128585815,0.5646408796310425,0.0
1787250526.104216576,1787250526.103548288,state_stamped,-0.0047302693128585815,0.5646408796310425,0.0
1787250526.106109858,1787250526.106116056,command,0.0126631585881114,0.3780551552772522,0.0
1787250526.164215565,1787250526.163547993,state_stamped,-0.0005558640696108341,0.5198605060577393,0.0
1787250526.164276123,1787250526.164283037,state,-0.0005558640696108341,0.5198605060577393,0.0
1787250526.165971994,1787250526.165978432,command,0.02475753240287304,0.32035019993782043,0.0
1787250526.234165907,1787250526.233548164,state_stamped,0.006531896069645882,0.4639975428581238,0.0
1787250526.234220266,1787250526.234226465,state,0.006531896069645882,0.4639975428581238,0.0
1787250526.236071587,1787250526.236076832,command,0.032740287482738495,0.23281210660934448,0.0
1787250526.304061174,1787250526.304069042,state,0.01387031190097332,0.3992650508880615,0.0
1787250526.304118872,1787250526.303548813,state_stamped,0.01387031190097332,0.3992650508880615,0.0
1787250526.306812525,1787250526.306816578,command,0.036207981407642365,0.1798139065504074,0.0
1787250526.364205599,1787250526.363548040,state_stamped,0.019231291487812996,0.3465973734855652,0.0
1787250526.364251852,1787250526.364259958,state,0.019231291487812996,0.3465973734855652,0.0
1787250526.366246939,1787250526.366252184,command,0.03712901845574379,0.14729653298854828,0.0
1787250526.434140444,1787250526.433547974,state_stamped,0.024242643266916275,0.290793240070343,0.0
1787250526.434186935,1787250526.434195757,state,0.024242643266916275,0.290793240070343,0.0
1787250526.436104536,1787250526.436109304,command,0.027855724096298218,0.05316459387540817,0.0
1787250526.504179955,1787250526.503548145,state_stamped,0.02525430917739868,0.22425702214241028,0.0
1787250526.504272938,1787250526.504281282,state,0.02525430917739868,0.22425702214241028,0.0
1787250526.506032228,1787250526.506037712,command,0.02188274823129177,-0.20017173886299133,0.0
1787250526.564217567,1787250526.563548803,state_stamped,0.024445127695798874,0.12239323556423187,0.0
1787250526.564284086,1787250526.564292192,state,0.024445127695798874,0.12239323556423187,0.0
1787250526.565947294,1787250526.565952539,command,0.027702005580067635,-0.2798190712928772,0.0
1787250526.634158850,1787250526.633548260,state_stamped,0.025357047095894814,0.009774528443813324,0.0
1787250526.634205103,1787250526.634216309,state,0.025357047095894814,0.009774528443813324,0.0
1787250526.635905981,1787250526.635912418,command,0.03484024107456207,-0.36047056317329407,0.0
1787250526.704204321,1787250526.703547955,state_stamped,0.02801232971251011,-0.09389366954565048,0.0
1787250526.704245329,1787250526.704253435,state,0.02801232971251011,-0.09389366954565048,0.0
1787250526.705965757,1787250526.705970764,command,0.04211348667740822,-0.43507441878318787,0.0
1787250526.764204025,1787250526.763547659,state_stamped,0.03139659762382507,-0.17577677965164185,0.0
1787250526.764245272,1787250526.764253378,state,0.03139659762382507,-0.17577677965164185,0.0
1787250526.765922546,1787250526.765927315,command,0.04423604905605316,-0.47348055243492126,0.0
1787250526.834147930,1787250526.833548307,state_stamped,0.03499167412519455,-0.2591345012187958,0.0
1787250526.834191799,1787250526.834200382,state,0.03499167412519455,-0.2591345012187958,0.0
1787250526.835889578,1787250526.835894585,command,0.04208211973309517,-0.4676651060581207,0.0
1787250526.904197693,1787250526.903548241,state_stamped,0.036977000534534454,-0.3175230622291565,0.0
1787250526.904240131,1787250526.904247761,state,0.036977000534534454,-0.3175230622291565,0.0
1787250526.906157017,1787250526.906162262,command,0.035643186420202255,-0.47580838203430176,0.0
1787250526.964330673,1787250526.964339018,state,0.03665688633918762,-0.35551130771636963,0.0
1787250526.964406013,1787250526.963547945,state_stamped,0.03665688633918762,-0.35551130771636963,0.0
1787250526.966337442,1787250526.966346264,command,0.0263742096722126,-0.47433850169181824,0.0
1787250527.034175158,1787250527.034185171,state,0.03377771005034447,-0.3887832462787628,0.0
1787250527.034246445,1787250527.033548594,state_stamped,0.03377771005034447,-0.3887832462787628,0.0
1787250527.035968065,1787250527.035975695,command,0.01806914433836937,-0.4895711839199066,0.0
1787250527.104207516,1787250527.104215860,state,0.02937936782836914,-0.4170035123825073,0.0
1787250527.104274273,1787250527.103547812,state_stamped,0.02937936782836914,-0.4170035123825073,0.0
1787250527.105946779,1787250527.105952501,command,0.006602873560041189,-0.493057519197464,0.0
1787250527.164130926,1787250527.164138079,state,0.023912979289889336,-0.43525657057762146,0.0
1787250527.164183378,1787250527.163547993,state_stamped,0.023912979289889336,-0.43525657057762146,0.0
1787250527.166188002,1787250527.166193724,command,-0.0009288513101637363,-0.4854680299758911,0.0
1787250527.234151602,1787250527.234157324,state,0.016957268118858337,-0.44931578636169434,0.0
1787250527.234207630,1787250527.233547926,state_stamped,0.016957268118858337,-0.44931578636169434,0.0
1787250527.235898256,1787250527.235905170,command,-0.01063399575650692,-0.46038028597831726,0.0
1787250527.304174423,1787250527.304183006,state,0.009231689386069775,-0.4524138569831848,0.0
1787250527.304240704,1787250527.303548336,state_stamped,0.009231689386069775,-0.4524138569831848,0.0
1787250527.306167841,1787250527.306173801,command,-0.023120226338505745,-0.4001011848449707,0.0
1787250527.364194393,1787250527.364203215,state,0.0014672968536615372,-0.43985891342163086,0.0
1787250527.364255428,1787250527.363547802,state_stamped,0.0014672968536615372,-0.43985891342163086,0.0
1787250527.366131544,1787250527.366136789,command,-0.024006694555282593,-0.30037596821784973,0.0
1787250527.434151649,1787250527.434157133,state,-0.005665451288223267,-0.40080350637435913,0.0
1787250527.434207201,1787250527.433547974,state_stamped,-0.005665451288223267,-0.40080350637435913,0.0
1787250527.436115503,1787250527.436120749,command,-0.029169633984565735,-0.20798976719379425,0.0
1787250527.504176617,1787250527.504184723,state,-0.01224660687148571,-0.3468157947063446,0.0
1787250527.504242420,1787250527.503547907,state_stamped,-0.01224660687148571,-0.3468157947063446,0.0
1787250527.505931377,1787250527.505937576,command,-0.031157299876213074,-0.12411244958639145,0.0
1787250527.564228773,1787250527.563548326,state_stamped,-0.016785206273198128,-0.29336661100387573,0.0
1787250527.564266920,1787250527.564272642,state,-0.016785206273198128,-0.29336661100387573,0.0
1787250527.565964222,1787250527.565971136,command,-0.030601192265748978,-0.053345415741205215,0.0
1787250527.634179592,1787250527.634185314,state,-0.02065366879105568,-0.2261609137058258,0.0
1787250527.634234667,1787250527.633548021,state_stamped,-0.02065366879105568,-0.2261609137058258,0.0
1787250527.636131763,1787250527.636137486,command,-0.024589762091636658,-0.0066576628014445305,0.0
1787250527.704182386,1787250527.704187632,state,-0.021755771711468697,-0.1647001951932907,0.0
1787250527.704238415,1787250527.703547955,state_stamped,-0.021755771711468697,-0.1647001951932907,0.0
1787250527.705929756,1787250527.705936432,command,-0.013970698229968548,0.03633471205830574,0.0
1787250527.764004469,1787250527.763548136,state_stamped,-0.019887344911694527,-0.11645156890153885,0.0
1787250527.764040232,1787250527.764046431,state,-0.019887344911694527,-0.11645156890153885,0.0
1787250527.765713453,1787250527.765718699,command,-0.010412157513201237,0.1250482052564621,0.0
1787250527.834223509,1787250527.833548069,state_stamped,-0.017234299331903458,-0.048831820487976074,0.0
1787250527.834263325,1787250527.834269285,state,-0.017234299331903458,-0.048831820487976074,0.0
1787250527.835891724,1787250527.835898638,command,0.008860812522470951,0.3675881326198578,0.0
1787250527.904196978,1787250527.904201984,state,-0.009927686303853989,0.0677654817700386,0.0
1787250527.904304266,1787250527.903547764,state_stamped,-0.009927686303853989,0.0677654817700386,0.0
1787250527.905938148,1787250527.905944347,command,0.017431359738111496,0.4450753927230835,0.0
1787250527.964152575,1787250527.964158058,state,-0.0033614812418818474,0.1583203375339508,0.0
1787250527.964200258,1787250527.963548183,state_stamped,-0.0033614812418818474,0.1583203375339508,0.0
1787250527.966161251,1787250527.966166973,command,0.018366729840636253,0.5245177745819092,0.0
1787250528.034104109,1787250528.033548117,state_stamped,0.0027224132791161537,0.2608555555343628,0.0
1787250528.034134388,1787250528.034140110,state,0.0027224132791161537,0.2608555555343628,0.0
1787250528.036179304,1787250528.036184072,command,0.02104433998465538,0.5727554559707642,0.0
1787250528.104114771,1787250528.104118109,state,0.007852591574192047,0.3481881618499756,0.0
1787250528.104197979,1787250528.103548527,state_stamped,0.007852591574192047,0.3481881618499756,0.0
1787250528.105855942,1787250528.105860710,command,0.009540107101202011,0.642954409122467,0.0
1787250528.164123535,1787250528.164127588,state,0.008257592096924782,0.4189315140247345,0.0
1787250528.164173841,1787250528.163547993,state_stamped,0.008257592096924782,0.4189315140247345,0.0
1787250528.166101456,1787250528.166105270,command,0.004846944473683834,0.6568519473075867,0.0
1787250528.234049082,1787250528.234051466,state,0.007302610669285059,0.4855492413043976,0.0
1787250528.234131098,1787250528.233548164,state_stamped,0.007302610669285059,0.4855492413043976,0.0
1787250528.235771656,1787250528.235775948,command,0.008435463532805443,0.6660933494567871,0.0
1787250528.304095507,1787250528.304104090,state,0.007619807962328196,0.5361014008522034,0.0
1787250528.304167747,1787250528.303547859,state_stamped,0.007619807962328196,0.5361014008522034,0.0
1787250528.306726217,1787250528.306732655,command,0.001156451879069209,0.6881579756736755,0.0
1787250528.364154339,1787250528.364160538,state,0.006068600341677666,0.5725950002670288,0.0
1787250528.364216805,1787250528.363547802,state_stamped,0.006068600341677666,0.5725950002670288,0.0
1787250528.366079092,1787250528.366084814,command,-0.003646535100415349,0.6851921677589417,0.0
1787250528.434151888,1787250528.434157610,state,0.0033483467996120453,0.6041224002838135,0.0
1787250528.434210300,1787250528.433548212,state_stamped,0.0033483467996120453,0.6041224002838135,0.0
1787250528.436208010,1787250528.436213970,command,-0.0026512641925364733,0.6384562849998474,0.0
1787250528.504201889,1787250528.504207850,state,0.001668446813710034,0.6137359142303467,0.0
1787250528.504260778,1787250528.503548622,state_stamped,0.001668446813710034,0.6137359142303467,0.0
1787250528.506212950,1787250528.506218433,command,-0.007181956898421049,0.5675560832023621,0.0
1787250528.564199686,1787250528.564204454,state,-0.0004556315252557397,0.6026528477668762,0.0
1787250528.564255953,1787250528.563548088,state_stamped,-0.0004556315252557397,0.6026528477668762,0.0
1787250528.566181898,1787250528.566188335,command,-0.008894749917089939,0.4885982275009155,0.0
1787250528.634036303,1787250528.634044409,state,-0.002818580251187086,0.5707176327705383,0.0
1787250528.634100199,1787250528.633548021,state_stamped,-0.002818580251187086,0.5707176327705383,0.0
1787250528.636090994,1787250528.636096716,command,-0.006574014201760292,0.3953074514865875,0.0
1787250528.704220057,1787250528.703548193,state_stamped,-0.0038701053708791733,0.5216026306152344,0.0
1787250528.704272032,1787250528.704278946,state,-0.0038701053708791733,0.5216026306152344,0.0
1787250528.706260681,1787250528.706267834,command,-0.0038052438758313656,0.3322167992591858,0.0
1787250528.764210224,1787250528.763548374,state_stamped,-0.003854538546875119,0.4761500060558319,0.0
1787250528.764259577,1787250528.764265537,state,-0.003854538546875119,0.4761500060558319,0.0
1787250528.766200542,1787250528.766206026,command,0.006100923288613558,0.25197529792785645,0.0
1787250528.834156275,1787250528.834161043,state,-0.001067018834874034,0.41338130831718445,0.0
1787250528.834211349,1787250528.833548069,state_stamped,-0.001067018834874034,0.41338130831718445,0.0
1787250528.836204052,1787250528.836210251,command,0.01370777003467083,0.18507632613182068,0.0
1787250528.904206276,1787250528.904211521,state,0.0030699323397129774,0.3494557738304138,0.0
1787250528.904260874,1787250528.903548241,state_stamped,0.0030699323397129774,0.3494557738304138,0.0
1787250528.906181574,1787250528.906187534,command,0.01735192909836769,0.11976243555545807,0.0
1787250528.964146376,1787250528.964151382,state,0.0064975968562066555,0.29432961344718933,0.0
1787250528.964193821,1787250528.963547945,state_stamped,0.0064975968562066555,0.29432961344718933,0.0
1787250528.966148376,1787250528.966155052,command,0.013232081197202206,0.08088341355323792,0.0
1787250529.034135103,1787250529.034143448,state,0.008383253589272499,0.2345646321773529,0.0
1787250529.034219027,1787250529.033548117,state_stamped,0.008383253589272499,0.2345646321773529,0.0
1787250529.036161423,1787250529.036165476,command,0.007890370674431324,-0.1960696429014206,0.0
1787250529.104254007,1787250529.104259014,state,0.008245246484875679,0.11398714035749435,0.0
1787250529.104310751,1787250529.103548050,state_stamped,0.008245246484875679,0.11398714035749435,0.0
1787250529.106164932,1787250529.106173038,command,0.017000677064061165,-0.2791692614555359,0.0
1787250529.164200306,1787250529.164205313,state,0.010346556082367897,0.01962931454181671,0.0
1787250529.164257526,1787250529.163548231,state_stamped,0.010346556082367897,0.01962931454181671,0.0
1787250529.166210413,1787250529.166215420,command,0.02739383466541767,-0.3519936800003052,0.0
1787250529.234164953,1787250529.234171152,state,0.01511978916823864,-0.08442501723766327,0.0
1787250529.234220982,1787250529.233548164,state_stamped,0.01511978916823864,-0.08442501723766327,0.0
1787250529.236137390,1787250529.236145258,command,0.04162373021245003,-0.3920297920703888,0.0
1787250529.304237843,1787250529.304244518,state,0.022540898993611336,-0.17055442929267883,0.0
1787250529.304293871,1787250529.303548098,state_stamped,0.022540898993611336,-0.17055442929267883,0.0
1787250529.306221962,1787250529.306230068,command,0.047480929642915726,-0.38950851559638977,0.0
1787250529.364234447,1787250529.364240170,state,0.028526483103632927,-0.22310321033000946,0.0
1787250529.364291191,1787250529.363547802,state_stamped,0.028526483103632927,-0.22310321033000946,0.0
1787250529.366169691,1787250529.366173506,command,0.04843895137310028,-0.4058748483657837,0.0
1787250529.434128046,1787250529.434134483,state,0.034102872014045715,-0.27428752183914185,0.0
1787250529.434186697,1787250529.433559179,state_stamped,0.034102872014045715,-0.27428752183914185,0.0
1787250529.436182737,1787250529.436185837,command,0.04330459609627724,-0.4307463765144348,0.0
1787250529.504249573,1787250529.504254103,state,0.036678966134786606,-0.31808939576148987,0.0
1787250529.504299402,1787250529.503548622,state_stamped,0.036678966134786606,-0.31808939576148987,0.0
1787250529.506203651,1787250529.506211758,command,0.039968341588974,-0.46072646975517273,0.0
1787250529.564123631,1787250529.564129114,state,0.03746841475367546,-0.35232216119766235,0.0
1787250529.564177513,1787250529.563548326,state_stamped,0.03746841475367546,-0.35232216119766235,0.0
1787250529.566188574,1787250529.566193819,command,0.034367918968200684,-0.475625216960907,0.0
1787250529.634062529,1787250529.634068012,state,0.036600276827812195,-0.38684698939323425,0.0
1787250529.634115219,1787250529.633548260,state_stamped,0.036600276827812195,-0.38684698939323425,0.0
1787250529.636165142,1787250529.636170149,command,0.0267475675791502,-0.48112159967422485,0.0
1787250529.704144478,1787250529.704150200,state,0.033841487020254135,-0.4132441580295563,0.0
1787250529.704196215,1787250529.703549147,state_stamped,0.033841487020254135,-0.4132441580295563,0.0
1787250529.705961943,1787250529.705970287,command,0.016496745869517326,-0.46529680490493774,0.0
1787250529.764202356,1787250529.764205933,state,0.02967880666255951,-0.42573660612106323,0.0
1787250529.764251709,1787250529.763548136,state_stamped,0.02967880666255951,-0.42573660612106323,0.0
1787250529.766211748,1787250529.766216755,command,0.006303080357611179,-0.44754788279533386,0.0
1787250529.834196806,1787250529.834202051,state,0.02313360385596752,-0.43184375762939453,0.0
1787250529.834250450,1787250529.833548307,state_stamped,0.02313360385596752,-0.43184375762939453,0.0
1787250529.836153269,1787250529.836158037,command,-0.012348904274404049,-0.38532596826553345,0.0
1787250529.904228449,1787250529.904232740,state,0.013198506087064743,-0.41881877183914185,0.0
1787250529.904313564,1787250529.903548241,state_stamped,0.013198506087064743,-0.41881877183914185,0.0
1787250529.906226158,1787250529.906230688,command,-0.01849319227039814,-0.2591877281665802,0.0
1787250529.964201927,1787250529.964205503,state,0.005592528264969587,-0.3805074691772461,0.0
1787250529.964298487,1787250529.963547945,state_stamped,0.005592528264969587,-0.3805074691772461,0.0
1787250529.966395140,1787250529.966402054,command,-0.028282156214118004,-0.18960514664649963,0.0
1787250530.034215689,1787250530.033548594,state_stamped,-0.0038924762047827244,-0.32705429196357727,0.0
1787250530.034272194,1787250530.034278393,state,-0.0038924762047827244,-0.32705429196357727,0.0
1787250530.036172628,1787250530.036177158,command,-0.03055194392800331,-0.11214516311883926,0.0
1787250530.104209423,1787250530.104213715,state,-0.011357099749147892,-0.26687994599342346,0.0
1787250530.104325533,1787250530.103548288,state_stamped,-0.011357099749147892,-0.26687994599342346,0.0
1787250530.106364489,1787250530.106371880,command,-0.03557916730642319,-0.0359993502497673,0.0
1787250530.164125443,1787250530.164130926,state,-0.01717035472393036,-0.21146900951862335,0.0
1787250530.164171934,1787250530.163547993,state_stamped,-0.01717035472393036,-0.21146900951862335,0.0
1787250530.165906429,1787250530.165911436,command,-0.03642502799630165,-0.0011827273992821574,0.0
1787250530.234067202,1787250530.234072208,state,-0.0225616954267025,-0.15258848667144775,0.0
1787250530.234121799,1787250530.233548403,state_stamped,-0.0225616954267025,-0.15258848667144775,0.0
1787250530.235882759,1787250530.235887766,command,-0.028874604031443596,0.04460697993636131,0.0
1787250530.304163694,1787250530.304169416,state,-0.024329334497451782,-0.09737295657396317,0.0
1787250530.304208994,1787250530.303549290,state_stamped,-0.024329334497451782,-0.09737295657396317,0.0
1787250530.306335688,1787250530.306341887,command,-0.01763889379799366,0.14980848133563995,0.0
1787250530.364192009,1787250530.364197969,state,-0.022723671048879623,-0.03805093839764595,0.0
1787250530.364257336,1787250530.363547802,state_stamped,-0.022723671048879623,-0.03805093839764595,0.0
1787250530.366670132,1787250530.366674900,command,-0.0007622718694619834,0.33146199584007263,0.0
1787250530.434092045,1787250530.434097767,state,-0.016574479639530182,0.06541267037391663,0.0
1787250530.434193850,1787250530.433547735,state_stamped,-0.016574479639530182,0.06541267037391663,0.0
1787250530.435916901,1787250530.435921907,command,0.012649807147681713,0.4067097306251526,0.0
1787250530.504171848,1787250530.504178286,state,-0.008391479030251503,0.16097819805145264,0.0
1787250530.504226923,1787250530.503549576,state_stamped,-0.008391479030251503,0.16097819805145264,0.0
1787250530.506339788,1787250530.506349564,command,0.0166527908295393,0.5025545358657837,0.0
1787250530.564147949,1787250530.564153194,state,-0.0023810132406651974,0.2429543435573578,0.0
1787250530.564202309,1787250530.563548088,state_stamped,-0.0023810132406651974,0.2429543435573578,0.0
1787250530.566230059,1787250530.566237211,command,0.014663929119706154,0.5683606863021851,0.0
1787250530.634150028,1787250530.634155512,state,0.002391614019870758,0.3340689539909363,0.0
1787250530.634192228,1787250530.633548498,state_stamped,0.002391614019870758,0.3340689539909363,0.0
1787250530.636162758,1787250530.636167765,command,0.013244581408798695,0.6286451816558838,0.0
1787250530.704227686,1787250530.704233885,state,0.005430432036519051,0.416549950838089,0.0
1787250530.704288721,1787250530.703548431,state_stamped,0.005430432036519051,0.416549950838089,0.0
1787250530.706255436,1787250530.706260920,command,0.015151068568229675,0.6425806879997253,0.0
1787250530.764036417,1787250530.764039993,state,0.007763387635350227,0.4707973897457123,0.0
1787250530.764137506,1787250530.763548374,state_stamped,0.007763387635350227,0.4707973897457123,0.0
1787250530.766138315,1787250530.766143322,command,0.009136183187365532,0.6655403971672058,0.0
1787250530.834160805,1787250530.834166288,state,0.00814776960760355,0.525325357913971,0.0
1787250530.834206581,1787250530.833548307,state_stamped,0.00814776960760355,0.525325357913971,0.0
1787250530.836137533,1787250530.836142063,command,-0.0024132721591740847,0.6701833009719849,0.0
1787250530.904208660,1787250530.904212952,state,0.005190690513700247,0.5658854246139526,0.0
1787250530.904310942,1787250530.903548002,state_stamped,0.005190690513700247,0.5658854246139526,0.0
1787250530.906284094,1787250530.906291008,command,-0.006963723339140415,0.6423491835594177,0.0
1787250530.964186192,1787250530.964191198,state,0.0022736340761184692,0.5842366814613342,0.0
1787250530.964223146,1787250530.963547945,state_stamped,0.0022736340761184692,0.5842366814613342,0.0
1787250530.966300726,1787250530.966305494,command,-0.009899473749101162,0.5769275426864624,0.0
1787250531.034177780,1787250531.034188509,state,-0.0011348354164510965,0.5821900963783264,0.0
1787250531.034232855,1787250531.033547878,state_stamped,-0.0011348354164510965,0.5821900963783264,0.0
1787250531.036607027,1787250531.036612749,command,-0.009170339442789555,0.48836982250213623,0.0
1787250531.104180336,1787250531.104184389,state,-0.0033847778104245663,0.555920422077179,0.0
1787250531.104212046,1787250531.103548050,state_stamped,-0.0033847778104245663,0.555920422077179,0.0
1787250531.106126308,1787250531.106129885,command,-0.0030161309987306595,0.3945004343986511,0.0
1787250531.164193392,1787250531.164196968,state,-0.0032963023986667395,0.5171794891357422,0.0
1787250531.164219379,1787250531.163548231,state_stamped,-0.0032963023986667395,0.5171794891357422,0.0
1787250531.166243315,1787250531.166248560,command,0.002055163262411952,0.34031057357788086,0.0
1787250531.234153986,1787250531.234157801,state,-0.0017978985561057925,0.4676564037799835,0.0
1787250531.234195709,1787250531.233547926,state_stamped,-0.0017978985561057925,0.4676564037799835,0.0
1787250531.236171961,1787250531.236176729,command,0.01456678006798029,0.25774192810058594,0.0
1787250531.304290056,1787250531.303547859,state_stamped,0.002784217707812786,0.4088802635669708,0.0
1787250531.304315329,1787250531.304318666,state,0.002784217707812786,0.4088802635669708,0.0
1787250531.306277275,1787250531.306282282,command,0.02213653177022934,0.18382088840007782,0.0
1787250531.364208698,1787250531.364211559,state,0.007428774610161781,0.35486599802970886,0.0
1787250531.364232779,1787250531.363548040,state_stamped,0.007428774610161781,0.35486599802970886,0.0
1787250531.366265774,1787250531.366270781,command,0.024173524230718613,0.13462664186954498,0.0
1787250531.434131145,1787250531.434133530,state,0.012117307633161545,0.29319894313812256,0.0
1787250531.434151888,1787250531.433547974,state_stamped,0.012117307633161545,0.29319894313812256,0.0
1787250531.436215878,1787250531.436221361,command,0.022871972993016243,0.08697032183408737,0.0
1787250531.504212618,1787250531.504215479,state,0.015128625556826591,0.2354547083377838,0.0
1787250531.504285336,1787250531.503548384,state_stamped,0.015128625556826591,0.2354547083377838,0.0
1787250531.506327152,1787250531.506334066,command,0.02293390966951847,-0.17421601712703705,0.0
1787250531.564201355,1787250531.564207554,state,0.017001884058117867,0.13713426887989044,0.0
1787250531.564238548,1787250531.563547850,state_stamped,0.017001884058117867,0.13713426887989044,0.0
1787250531.566283226,1787250531.566290379,command,0.02985486015677452,-0.2568588852882385,0.0
1787250531.634138584,1787250531.634144783,state,0.02060072310268879,0.02681604027748108,0.0
1787250531.634187222,1787250531.633548021,state_stamped,0.02060072310268879,0.02681604027748108,0.0
1787250531.635897636,1787250531.635904551,command,0.04121154919266701,-0.3407282531261444,0.0
1787250531.704211235,1787250531.704216242,state,0.026371754705905914,-0.07609634846448898,0.0
1787250531.704241753,1787250531.703547955,state_stamped,0.026371754705905914,-0.07609634846448898,0.0
1787250531.706339598,1787250531.706346750,command,0.05105764791369438,-0.3959431052207947,0.0
1787250531.764190674,1787250531.764194489,state,0.032296378165483475,-0.15285970270633698,0.0
1787250531.764216900,1787250531.763548136,state_stamped,0.032296378165483475,-0.15285970270633698,0.0
1787250531.766241312,1787250531.766246557,command,0.052961159497499466,-0.4361288845539093,0.0
1787250531.834152222,1787250531.834156275,state,0.0380825400352478,-0.23217536509037018,0.0
1787250531.834230185,1787250531.833548307,state_stamped,0.0380825400352478,-0.23217536509037018,0.0
1787250531.836212873,1787250531.836217403,command,0.045739252120256424,-0.4348105490207672,0.0
1787250531.904071093,1787250531.903548002,state_stamped,0.04022640734910965,-0.28891289234161377,0.0
1787250531.904120684,1787250531.904127598,state,0.04022640734910965,-0.28891289234161377,0.0
1787250531.906246424,1787250531.906254768,command,0.04233605042099953,-0.46579429507255554,0.0
1787250531.964102983,1787250531.963548183,state_stamped,0.040732722729444504,-0.33136457204818726,0.0
1787250531.964144707,1787250531.964150190,state,0.040732722729444504,-0.33136457204818726,0.0
1787250531.966413498,1787250531.966422558,command,0.030240729451179504,-0.480305939912796,0.0
1787250532.034165621,1787250532.034173489,state,0.03779494762420654,-0.3730683922767639,0.0
1787250532.034225941,1787250532.033548594,state_stamped,0.03779494762420654,-0.3730683922767639,0.0
1787250532.036262989,1787250532.036267996,command,0.02023976854979992,-0.4797304570674896,0.0
1787250532.104258299,1787250532.104266405,state,0.03287952393293381,-0.40293359756469727,0.0
1787250532.104311466,1787250532.103548288,state_stamped,0.03287952393293381,-0.40293359756469727,0.0
1787250532.106020927,1787250532.106025934,command,0.009347958490252495,-0.46185892820358276,0.0
1787250532.164097786,1787250532.164103031,state,0.02723078429698944,-0.41707858443260193,0.0
1787250532.164145470,1787250532.163560629,state_stamped,0.02723078429698944,-0.41707858443260193,0.0
1787250532.165683985,1787250532.165689707,command,0.0007442936184816062,-0.43968862295150757,0.0
1787250532.234162092,1787250532.234171629,state,0.01981578767299652,-0.4234083592891693,0.0
1787250532.234219313,1787250532.233549118,state_stamped,0.01981578767299652,-0.4234083592891693,0.0
1787250532.235785961,1787250532.235791445,command,-0.015865597873926163,-0.37917572259902954,0.0
1787250532.304220915,1787250532.304226398,state,0.00982515700161457,-0.41102340817451477,0.0
1787250532.304270267,1787250532.303547859,state_stamped,0.00982515700161457,-0.41102340817451477,0.0
1787250532.305856466,1787250532.305861235,command,-0.02405569702386856,-0.2692716717720032,0.0
1787250532.364031315,1787250532.363548517,state_stamped,0.0016936715692281723,-0.37700265645980835,0.0
1787250532.364072084,1787250532.364079952,state,0.0016936715692281723,-0.37700265645980835,0.0
1787250532.366686821,1787250532.366693020,command,-0.029063500463962555,-0.2048185020685196,0.0
1787250532.434067488,1787250532.433548689,state_stamped,-0.006918346509337425,-0.3287910223007202,0.0
1787250532.434098482,1787250532.434104681,state,-0.006918346509337425,-0.3287910223007202,0.0
1787250532.435976505,1787250532.435981989,command,-0.03279460594058037,-0.10981016606092453,0.0
1787250532.504238605,1787250532.503548384,state_stamped,-0.014163661748170853,-0.2674767076969147,0.0
1787250532.504277945,1787250532.504285812,state,-0.014163661748170853,-0.2674767076969147,0.0
1787250532.506283522,1787250532.506289721,command,-0.03543469309806824,-0.03845861554145813,0.0
1787250532.564213514,1787250532.564217806,state,-0.0192687027156353,-0.21251244843006134,0.0
1787250532.564244986,1787250532.563548088,state_stamped,-0.0192687027156353,-0.21251244843006134,0.0
1787250532.566141367,1787250532.566147089,command,-0.03250080719590187,-2.8813636163249612e-05,0.0
1787250532.634088755,1787250532.634094238,state,-0.02297367714345455,-0.15301725268363953,0.0
1787250532.634139061,1787250532.633548021,state_stamped,-0.02297367714345455,-0.15301725268363953,0.0
1787250532.635775805,1787250532.635781288,command,-0.027300158515572548,0.0425339974462986,0.0
1787250532.704227924,1787250532.704236031,state,-0.024185093119740486,-0.09826281666755676,0.0
1787250532.704285383,1787250532.703547955,state_stamped,-0.024185093119740486,-0.09826281666755676,0.0
1787250532.706212282,1787250532.706218243,command,0.008041725493967533,0.290272980928421,0.0
1787250532.764167786,1787250532.763548136,state_stamped,-0.01645064167678356,-0.005014047026634216,0.0
1787250532.764204025,1787250532.764210224,state,-0.01645064167678356,-0.005014047026634216,0.0
1787250532.766223431,1787250532.766228676,command,0.00897290650755167,0.3529312312602997,0.0
1787250532.834104776,1787250532.833548307,state_stamped,-0.009332038462162018,0.09521076828241348,0.0
1787250532.834192276,1787250532.834197521,state,-0.009332038462162018,0.09521076828241348,0.0
1787250532.836176157,1787250532.836182117,command,0.0032745462376624346,0.4312081038951874,0.0
1787250532.904248238,1787250532.903548002,state_stamped,-0.00580220390111208,0.18928977847099304,0.0
1787250532.904289484,1787250532.904297113,state,-0.00580220390111208,0.18928977847099304,0.0
1787250532.906247377,1787250532.906252861,command,-0.00557662034407258,0.5368472933769226,0.0
1787250532.964372873,1787250532.964379549,state,-0.005748063791543245,0.2727038264274597,0.0
1787250532.964440823,1787250532.963548183,state_stamped,-0.005748063791543245,0.2727038264274597,0.0
1787250532.966497183,1787250532.966502905,command,-0.0009916280396282673,0.5925414562225342,0.0
1787250533.034100294,1787250533.034106255,state,-0.004416261333972216,0.3622583746910095,0.0
1787250533.034153223,1787250533.033548355,state_stamped,-0.004416261333972216,0.3622583746910095,0.0
1787250533.036199331,1787250533.036205053,command,0.009021611884236336,0.6143378615379333,0.0
1787250533.104085922,1787250533.103548288,state_stamped,-0.0006536561995744705,0.43284064531326294,0.0
1787250533.104123354,1787250533.104132652,state,-0.0006536561995744705,0.43284064531326294,0.0
1787250533.106274843,1787250533.106280088,command,0.010612210258841515,0.6365963816642761,0.0
1787250533.164083719,1787250533.164092064,state,0.002050139708444476,0.4817418158054352,0.0
1787250533.164172173,1787250533.163547993,state_stamped,0.002050139708444476,0.4817418158054352,0.0
1787250533.166167974,1787250533.166173697,command,0.012013171799480915,0.6159058213233948,0.0
1787250533.234025955,1787250533.234031439,state,0.004839803092181683,0.5193079113960266,0.0
1787250533.234076500,1787250533.233548403,state_stamped,0.004839803092181683,0.5193079113960266,0.0
1787250533.235961676,1787250533.235966444,command,0.004912255797535181,0.6127760410308838,0.0
1787250533.304105282,1787250533.304113388,state,0.0048600900918245316,0.5454792380332947,0.0
1787250533.304164171,1787250533.303549051,state_stamped,0.0048600900918245316,0.5454792380332947,0.0
1787250533.305823565,1787250533.305828094,command,0.001807614928111434,0.5949487090110779,0.0
1787250533.364062548,1787250533.364070654,state,0.004127504304051399,0.5573517680168152,0.0
1787250533.364122152,1787250533.363548279,state_stamped,0.004127504304051399,0.5573517680168152,0.0
1787250533.365803719,1787250533.365808964,command,0.003459854982793331,0.5269002914428711,0.0
1787250533.434041262,1787250533.434046268,state,0.003940563183277845,0.5488253831863403,0.0
1787250533.434088945,1787250533.433547974,state_stamped,0.003940563183277845,0.5488253831863403,0.0
1787250533.436147690,1787250533.436151505,command,0.007146844640374184,0.4487527906894684,0.0
1787250533.504229307,1787250533.504237413,state,0.004838327411562204,0.5208048820495605,0.0
1787250533.504290342,1787250533.503548384,state_stamped,0.004838327411562204,0.5208048820495605,0.0
1787250533.505961657,1787250533.505964041,command,0.015956852585077286,0.3560389578342438,0.0
1787250533.564192295,1787250533.564200401,state,0.007506765425205231,0.4812611937522888,0.0
1787250533.564249516,1787250533.563548326,state_stamped,0.007506765425205231,0.4812611937522888,0.0
1787250533.566245079,1787250533.566247702,command,0.018442649394273758,0.305187463760376,0.0
1787250533.634031534,1787250533.634037018,state,0.010568811558187008,0.4319605827331543,0.0
1787250533.634079218,1787250533.633548260,state_stamped,0.010568811558187008,0.4319605827331543,0.0
1787250533.636247873,1787250533.636251450,command,0.02765362150967121,0.2303570955991745,0.0
1787250533.703999519,1787250533.704006195,state,0.015352543443441391,0.3755117952823639,0.0
1787250533.704050541,1787250533.703547955,state_stamped,0.015352543443441391,0.3755117952823639,0.0
1787250533.705899239,1787250533.705904245,command,0.0312945693731308,0.15972445905208588,0.0
1787250533.764038563,1787250533.764045477,state,0.019178640097379684,0.3237226903438568,0.0
1787250533.764097929,1787250533.763548136,state_stamped,0.019178640097379684,0.3237226903438568,0.0
1787250533.765995026,1787250533.765997887,command,0.03126807510852814,0.12136349081993103,0.0
1787250533.834013700,1787250533.834019423,state,0.02256367728114128,0.2670621871948242,0.0
1787250533.834051132,1787250533.833548069,state_stamped,0.02256367728114128,0.2670621871948242,0.0
1787250533.835922956,1787250533.835925341,command,0.022896265611052513,0.07724741846323013,0.0
1787250533.904142380,1787250533.904150486,state,0.022656802088022232,0.21391387283802032,0.0
1787250533.904195309,1787250533.903548241,state_stamped,0.022656802088022232,0.21391387283802032,0.0
1787250533.905924320,1787250533.905926466,command,0.02154259756207466,-0.22387731075286865,0.0
1787250533.964104891,1787250533.963548183,state_stamped,0.02238939329981804,0.10884419828653336,0.0
1787250533.964152098,1787250533.964160204,state,0.02238939329981804,0.10884419828653336,0.0
1787250533.966252089,1787250533.966258287,command,0.021879272535443306,-0.30247363448143005,0.0
1787250534.034034014,1787250534.034042120,state,0.02224656008183956,-0.006324402987957001,0.0
1787250534.034146547,1787250534.033547878,state_stamped,0.02224656008183956,-0.006324402987957001,0.0
1787250534.036252499,1787250534.036256790,command,0.028455067425966263,-0.3865893483161926,0.0
1787250534.104142189,1787250534.104150295,state,0.02398494817316532,-0.11279899626970291,0.0
1787250534.104196310,1787250534.103548288,state_stamped,0.02398494817316532,-0.11279899626970291,0.0
1787250534.105967522,1787250534.105970144,command,0.033087100833654404,-0.4476609528064728,0.0
1787250534.164096832,1787250534.164105177,state,0.026169463992118835,-0.1931658685207367,0.0
1787250534.164190769,1787250534.163548231,state_stamped,0.026169463992118835,-0.1931658685207367,0.0
1787250534.166208267,1787250534.166211128,command,0.029836922883987427,-0.4690159559249878,0.0
1787250534.234078884,1787250534.234087467,state,0.027196351438760757,-0.27040380239486694,0.0
1787250534.234128952,1787250534.233548164,state_stamped,0.027196351438760757,-0.27040380239486694,0.0
1787250534.235928774,1787250534.235930920,command,0.03331616893410683,-0.46049001812934875,0.0
1787250534.304110765,1787250534.304119110,state,0.028909923508763313,-0.32362863421440125,0.0
1787250534.304162502,1787250534.303549051,state_stamped,0.028909923508763313,-0.32362863421440125,0.0
1787250534.306229830,1787250534.306234837,command,0.023556476458907127,-0.4634387791156769,0.0
1787250534.364082098,1787250534.364091873,state,0.027625108137726784,-0.35718274116516113,0.0
1787250534.364151239,1787250534.363548517,state_stamped,0.027625108137726784,-0.35718274116516113,0.0
1787250534.366750002,1787250534.366754532,command,0.020132215693593025,-0.47239935398101807,0.0
1787250534.434036016,1787250534.434041262,state,0.025527112185955048,-0.38944315910339355,0.0
1787250534.434092283,1787250534.433547974,state_stamped,0.025527112185955048,-0.38944315910339355,0.0
1787250534.436348438,1787250534.436351538,command,0.017167966812849045,-0.48723524808883667,0.0
1787250534.504103422,1787250534.503548145,state_stamped,0.023186545819044113,-0.4168250262737274,0.0
1787250534.504137516,1787250534.504145145,state,0.023186545819044113,-0.4168250262737274,0.0
1787250534.506084442,1787250534.506086826,command,0.006605767644941807,-0.4953675866127014,0.0
1787250534.564048529,1787250534.564058065,state,0.019207164645195007,-0.4356752038002014,0.0
1787250534.564133167,1787250534.563548088,state_stamped,0.019207164645195007,-0.4356752038002014,0.0
1787250534.565941095,1787250534.565943003,command,0.0015199356712400913,-0.47802865505218506,0.0
1787250534.634029150,1787250534.634037018,state,0.014254704117774963,-0.4475342631340027,0.0
1787250534.634075880,1787250534.633548498,state_stamped,0.014254704117774963,-0.4475342631340027,0.0
1787250534.635857344,1787250534.635859489,command,-0.0070233722217381,-0.45121100544929504,0.0
1787250534.704043627,1787250534.704050064,state,0.00829686876386404,-0.44856375455856323,0.0
1787250534.704086304,1787250534.703548193,state_stamped,0.00829686876386404,-0.44856375455856323,0.0
1787250534.705963850,1787250534.705966234,command,-0.018980801105499268,-0.37189191579818726,0.0
1787250534.764033318,1787250534.764039755,state,0.0017502480186522007,-0.43016257882118225,0.0
1787250534.764080286,1787250534.763548136,state_stamped,0.0017502480186522007,-0.43016257882118225,0.0
1787250534.765850067,1787250534.765852690,command,-0.017893480136990547,-0.2652105689048767,0.0
1787250534.834060431,1787250534.834065676,state,-0.0037503261119127274,-0.38397324085235596,0.0
1787250534.834100008,1787250534.833552361,state_stamped,-0.0037503261119127274,-0.38397324085235596,0.0
1787250534.835935831,1787250534.835937738,command,-0.02547360025346279,-0.1814335584640503,0.0
1787250534.904084921,1787250534.903548002,state_stamped,-0.009832462295889854,-0.3272656798362732,0.0
1787250534.904128790,1787250534.904136896,state,-0.009832462295889854,-0.3272656798362732,0.0
1787250534.905889273,1787250534.905895233,command,-0.024998031556606293,-0.10638830065727234,0.0
1787250534.964120865,1787250534.964128733,state,-0.013472221791744232,-0.27425476908683777,0.0
1787250534.964173555,1787250534.963548422,state_stamped,-0.013472221791744232,-0.27425476908683777,0.0
1787250534.966237783,1787250534.966240406,command,-0.02516723796725273,-0.03581991419196129,0.0
1787250535.034032822,1787250535.033547878,state_stamped,-0.01674681156873703,-0.20749332010746002,0.0
1787250535.034075737,1787250535.034083605,state,-0.01674681156873703,-0.20749332010746002,0.0
1787250535.035937548,1787250535.035941362,command,-0.021457791328430176,4.2003306589322165e-05,0.0
1787250535.104128838,1787250535.103548050,state_stamped,-0.018065888434648514,-0.1493833363056183,0.0
1787250535.104183435,1787250535.104191542,state,-0.018065888434648514,-0.1493833363056183,0.0
1787250535.105951071,1787250535.105956316,command,0.012592843733727932,0.23636847734451294,0.0
1787250535.164220810,1787250535.164227724,state,-0.010707791894674301,-0.056802891194820404,0.0
1787250535.164280415,1787250535.163547993,state_stamped,-0.010707791894674301,-0.056802891194820404,0.0
1787250535.166298866,1787250535.166301727,command,0.015449358150362968,0.28623515367507935,0.0
1787250535.234242678,1787250535.233547926,state_stamped,-0.003383798524737358,0.039247654378414154,0.0
1787250535.234272957,1787250535.234278440,state,-0.003383798524737358,0.039247654378414154,0.0
1787250535.236237288,1787250535.236239672,command,0.004483555443584919,0.35824140906333923,0.0
1787250535.304126501,1787250535.304134607,state,-0.0011809275019913912,0.12856638431549072,0.0
1787250535.304183483,1787250535.303548336,state_stamped,-0.0011809275019913912,0.12856638431549072,0.0
1787250535.305963039,1787250535.305967808,command,-0.005213032476603985,0.44595685601234436,0.0
1787250535.364271164,1787250535.364279032,state,-0.0021486287005245686,0.2047397792339325,0.0
1787250535.364326000,1787250535.363548040,state_stamped,-0.0021486287005245686,0.2047397792339325,0.0
1787250535.366246939,1787250535.366249561,command,-0.009158268570899963,0.5404202938079834,0.0
1787250535.434233665,1787250535.433547974,state_stamped,-0.0041113244369626045,0.29873016476631165,0.0
1787250535.434262276,1787250535.434268713,state,-0.0041113244369626045,0.29873016476631165,0.0
1787250535.435938835,1787250535.435941458,command,-0.0015852480428293347,0.5868139266967773,0.0
1787250535.504204512,1787250535.504211187,state,-0.003404023591428995,0.3793935477733612,0.0
1787250535.504258633,1787250535.503547907,state_stamped,-0.003404023591428995,0.3793935477733612,0.0
1787250535.506258965,1787250535.506261349,command,0.007114685606211424,0.6088696122169495,0.0
1787250535.564233065,1787250535.563548326,state_stamped,-0.0008795233443379402,0.43446803092956543,0.0
1787250535.564308167,1787250535.564316988,state,-0.0008795233443379402,0.43446803092956543,0.0
1787250535.566292048,1787250535.566293716,command,0.014406181871891022,0.6006802916526794,0.0
1787250535.634094238,1787250535.634101868,state,0.0034004859626293182,0.4810076057910919,0.0
1787250535.634151697,1787250535.633548498,state_stamped,0.0034004859626293182,0.4810076057910919,0.0
1787250535.635886431,1787250535.635888100,command,0.020641831681132317,0.5680860877037048,0.0
1787250535.704281807,1787250535.704289436,state,0.008228031918406487,0.5053894519805908,0.0
1787250535.704325438,1787250535.703547955,state_stamped,0.008228031918406487,0.5053894519805908,0.0
1787250535.706328392,1787250535.706329823,command,0.0132831996306777,0.5401604175567627,0.0
1787250535.763991833,1787250535.763998508,state,0.00944127794355154,0.5137345194816589,0.0
1787250535.764048576,1787250535.763548374,state_stamped,0.00944127794355154,0.5137345194816589,0.0
1787250535.765724421,1787250535.765732050,command,0.01718863472342491,0.4701913297176361,0.0
1787250535.833917856,1787250535.833922148,state,0.011610537767410278,0.5015424489974976,0.0
1787250535.833948851,1787250535.833548307,state_stamped,0.011610537767410278,0.5015424489974976,0.0
1787250535.835847139,1787250535.835857391,command,0.01854424737393856,0.40860703587532043,0.0
1787250535.904033422,1787250535.904041529,state,0.013551970943808556,0.47552061080932617,0.0
1787250535.904152155,1787250535.903548002,state_stamped,0.013551970943808556,0.47552061080932617,0.0
1787250535.905706406,1787250535.905712366,command,0.02822280488908291,0.3245692551136017,0.0
1787250535.963962317,1787250535.963968992,state,0.01707296259701252,0.43929237127304077,0.0
1787250535.964080811,1787250535.963547945,state_stamped,0.01707296259701252,0.43929237127304077,0.0
1787250535.965902567,1787250535.965906143,command,0.03379727900028229,0.27013954520225525,0.0
1787250536.033930779,1787250536.033937693,state,0.021755797788500786,0.3919293284416199,0.0
1787250536.033991575,1787250536.033548355,state_stamped,0.021755797788500786,0.3919293284416199,0.0
1787250536.035958052,1787250536.035960913,command,0.032906610518693924,0.2089896947145462,0.0
1787250536.103983641,1787250536.103990078,state,0.024878010153770447,0.340706467628479,0.0
1787250536.104040384,1787250536.103548050,state_stamped,0.024878010153770447,0.340706467628479,0.0
1787250536.105911493,1787250536.105914354,command,0.02573324926197529,0.14032495021820068,0.0
1787250536.164001703,1787250536.164008379,state,0.0250832661986351,0.2926150858402252,0.0
1787250536.164117336,1787250536.163547754,state_stamped,0.0250832661986351,0.2926150858402252,0.0
1787250536.165840864,1787250536.165843487,command,0.025808723643422127,0.09568710625171661,0.0
1787250536.233947992,1787250536.233952522,state,0.025286395102739334,0.23747505247592926,0.0
1787250536.234054327,1787250536.233547926,state_stamped,0.025286395102739334,0.23747505247592926,0.0
1787250536.235835791,1787250536.235838413,command,0.01448698528110981,0.05684414878487587,0.0
1787250536.304020166,1787250536.304027796,state,0.022262562066316605,0.18689842522144318,0.0
1787250536.304129839,1787250536.303547859,state_stamped,0.022262562066316605,0.18689842522144318,0.0
1787250536.305929661,1787250536.305932522,command,0.021853243932127953,-0.2580236494541168,0.0
1787250536.364212990,1787250536.364222527,state,0.022164326161146164,0.08011683076620102,0.0
1787250536.364284515,1787250536.363548040,state_stamped,0.022164326161146164,0.08011683076620102,0.0
1787250536.366575003,1787250536.366577864,command,0.02490871399641037,-0.3307742476463318,0.0
1787250536.434121847,1787250536.434129000,state,0.022932754829525948,-0.0349326953291893,0.0
1787250536.434186935,1787250536.433548212,state_stamped,0.022932754829525948,-0.0349326953291893,0.0
1787250536.436244726,1787250536.436252594,command,0.030740484595298767,-0.40945321321487427,0.0
1787250536.504177570,1787250536.504186869,state,0.025118915364146233,-0.13979822397232056,0.0
1787250536.504256964,1787250536.503547907,state_stamped,0.025118915364146233,-0.13979822397232056,0.0
1787250536.506208420,1787250536.506213188,command,0.0332430936396122,-0.4636996388435364,0.0
1787250536.564157963,1787250536.564164639,state,0.027068721130490303,-0.21753472089767456,0.0
1787250536.564210653,1787250536.563548088,state_stamped,0.027068721130490303,-0.21753472089767456,0.0
1787250536.565990686,1787250536.565993309,command,0.03340249881148338,-0.47798725962638855,0.0
1787250536.634092331,1787250536.634098530,state,0.02884219028055668,-0.29046186804771423,0.0
1787250536.634149790,1787250536.633548498,state_stamped,0.02884219028055668,-0.29046186804771423,0.0
1787250536.635961533,1787250536.635964155,command,0.035322822630405426,-0.471998006105423,0.0
1787250536.704052925,1787250536.704060316,state,0.03065674938261509,-0.34129151701927185,0.0
1787250536.704109907,1787250536.703547955,state_stamped,0.03065674938261509,-0.34129151701927185,0.0
1787250536.705970287,1787250536.705972433,command,0.024889647960662842,-0.4698009490966797,0.0
1787250536.764181137,1787250536.764191389,state,0.029272645711898804,-0.3721337914466858,0.0
1787250536.764310360,1787250536.763547897,state_stamped,0.029272645711898804,-0.3721337914466858,0.0
1787250536.765989780,1787250536.765991926,command,0.022685151547193527,-0.4837329387664795,0.0
1787250536.834093332,1787250536.834098577,state,0.027428144589066505,-0.4033815860748291,0.0
1787250536.834150314,1787250536.833548069,state_stamped,0.027428144589066505,-0.4033815860748291,0.0
1787250536.835961342,1787250536.835964203,command,0.012998701073229313,-0.49433431029319763,0.0
1787250536.904157639,1787250536.904167652,state,0.023387910798192024,-0.4288482666015625,0.0
1787250536.904256582,1787250536.903547764,state_stamped,0.023387910798192024,-0.4288482666015625,0.0
1787250536.906062365,1787250536.906065702,command,0.004844514187425375,-0.4982938766479492,0.0
1787250536.964537859,1787250536.963547945,state_stamped,0.018937479704618454,-0.4455152750015259,0.0
1787250536.964590549,1787250536.964597225,state,0.018937479704618454,-0.4455152750015259,0.0
1787250536.966437817,1787250536.966443777,command,-0.020834317430853844,-0.7067815661430359,0.0
1787250537.034157753,1787250537.034163475,state,0.007801300846040249,-0.5186703205108643,0.0
1787250537.034216166,1787250537.033548594,state_stamped,0.007801300846040249,-0.5186703205108643,0.0
1787250537.036043406,1787250537.036051512,command,-0.002509149257093668,-0.4587646722793579,0.0
1787250537.104216337,1787250537.104222059,state,0.004914404824376106,-0.5018969178199768,0.0
1787250537.104264975,1787250537.103547812,state_stamped,0.004914404824376106,-0.5018969178199768,0.0
1787250537.106062651,1787250537.106070280,command,0.00022701369016431272,-0.37872833013534546,0.0
1787250537.164245367,1787250537.164249659,state,0.003789422567933798,-0.4723362326622009,0.0
1787250537.164300203,1787250537.163548231,state_stamped,0.003789422567933798,-0.4723362326622009,0.0
1787250537.166032076,1787250537.166039467,command,-0.00218124664388597,-0.3093166947364807,0.0
1787250537.234135151,1787250537.234138966,state,0.0021176321897655725,-0.4266906678676605,0.0
1787250537.234219074,1787250537.233548403,state_stamped,0.0021176321897655725,-0.4266906678676605,0.0
1787250537.236002922,1787250537.236010313,command,-0.013449938967823982,-0.19628146290779114,0.0
1787250537.304204941,1787250537.304207563,state,-0.002241275040432811,-0.3621762692928314,0.0
1787250537.304245710,1787250537.303548098,state_stamped,-0.002241275040432811,-0.3621762692928314,0.0
1787250537.306085825,1787250537.306091070,command,-0.021723439916968346,-0.1142108142375946,0.0
1787250537.364044189,1787250537.364046812,state,-0.006916974671185017,-0.3026648163795471,0.0
1787250537.364150047,1787250537.363547802,state_stamped,-0.006916974671185017,-0.3026648163795471,0.0
1787250537.365970135,1787250537.365977526,command,-0.028453446924686432,-0.04501402750611305,0.0
1787250537.434117794,1787250537.434120178,state,-0.012947212904691696,-0.2305222898721695,0.0
1787250537.434210062,1787250537.433548212,state_stamped,-0.012947212904691696,-0.2305222898721695,0.0
1787250537.435979366,1787250537.435986757,command,-0.03272170573472977,-0.009888581931591034,0.0
1787250537.504174709,1787250537.504176617,state,-0.018484055995941162,-0.1687450110912323,0.0
1787250537.504244328,1787250537.503547907,state_stamped,-0.018484055995941162,-0.1687450110912323,0.0
1787250537.506036043,1787250537.506041050,command,-0.0017719081370159984,0.21420040726661682,0.0
1787250537.564074278,1787250537.564076185,state,-0.01447310857474804,-0.07683738321065903,0.0
1787250537.564119101,1787250537.563548565,state_stamped,-0.01447310857474804,-0.07683738321065903,0.0
1787250537.565925837,1787250537.565933228,command,-0.0019257130334153771,0.26646795868873596,0.0
1787250537.634170294,1787250537.634176254,state,-0.010959857143461704,0.0192875936627388,0.0
1787250537.634229898,1787250537.633548021,state_stamped,-0.010959857143461704,0.0192875936627388,0.0
1787250537.636041164,1787250537.636048794,command,-0.013067428953945637,0.35697105526924133,0.0
1787250537.704224825,1787250537.704228163,state,-0.011549978516995907,0.11383910477161407,0.0
1787250537.704296589,1787250537.703548193,state_stamped,-0.011549978516995907,0.11383910477161407,0.0
1787250537.706096172,1787250537.706101179,command,-0.024558838456869125,0.44039756059646606,0.0
1787250537.764204741,1787250537.764207840,state,-0.014672094956040382,0.19221287965774536,0.0
1787250537.764266968,1787250537.763547897,state_stamped,-0.014672094956040382,0.19221287965774536,0.0
1787250537.766027689,1787250537.766032934,command,-0.02166103385388851,0.5281199812889099,0.0
1787250537.834131956,1787250537.834134340,state,-0.016628999263048172,0.28626692295074463,0.0
1787250537.834222078,1787250537.833548069,state_stamped,-0.016628999263048172,0.28626692295074463,0.0
1787250537.836004257,1787250537.836011887,command,-0.00910944677889347,0.5846109986305237,0.0
1787250537.904191494,1787250537.904194117,state,-0.014523515477776527,0.36980363726615906,0.0
1787250537.904272795,1787250537.903548241,state_stamped,-0.014523515477776527,0.36980363726615906,0.0
1787250537.906072140,1787250537.906077862,command,0.005280281882733107,0.6005805730819702,0.0
1787250537.964035749,1787250537.964041948,state,-0.009770612232387066,0.4251900017261505,0.0
1787250537.964158297,1787250537.963548183,state_stamped,-0.009770612232387066,0.4251900017261505,0.0
1787250537.966315031,1787250537.966320276,command,0.011820207349956036,0.5888292789459229,0.0
1787250538.034155607,1787250538.034161091,state,-0.003725184593349695,0.4710089862346649,0.0
1787250538.034251928,1787250538.033548117,state_stamped,-0.003725184593349695,0.4710089862346649,0.0
1787250538.036072493,1787250538.036079884,command,0.021942470222711563,0.554716944694519,0.0
1787250538.104076862,1787250538.104080200,state,0.0034617683850228786,0.494447261095047,0.0
1787250538.104118586,1787250538.103548288,state_stamped,0.0034617683850228786,0.494447261095047,0.0
1787250538.105984211,1787250538.105989933,command,0.019586430862545967,0.5248022675514221,0.0
1787250538.164034367,1787250538.164037943,state,0.007331667467951775,0.5017324090003967,0.0
1787250538.164103985,1787250538.163547993,state_stamped,0.007331667467951775,0.5017324090003967,0.0
1787250538.165982485,1787250538.165990114,command,0.02125724032521248,0.4546789824962616,0.0
1787250538.234133959,1787250538.234138727,state,0.0112308319658041,0.4885574281215668,0.0
1787250538.234228134,1787250538.233548164,state_stamped,0.0112308319658041,0.4885574281215668,0.0
1787250538.236031055,1787250538.236038208,command,0.02396969310939312,0.3995956480503082,0.0
1787250538.304046869,1787250538.304051876,state,0.014797735959291458,0.4636479616165161,0.0
1787250538.304115057,1787250538.303548574,state_stamped,0.014797735959291458,0.4636479616165161,0.0
1787250538.305994511,1787250538.305999517,command,0.029106581583619118,0.31622663140296936,0.0
1787250538.364051342,1787250538.364056587,state,0.018231848254799843,0.4282669425010681,0.0
1787250538.364145756,1787250538.363548279,state_stamped,0.018231848254799843,0.4282669425010681,0.0
1787250538.365917444,1787250538.365924597,command,0.03138718754053116,0.26271238923072815,0.0
1787250538.434070110,1787250538.434077263,state,0.02191532962024212,0.38191184401512146,0.0
1787250538.434142351,1787250538.433548212,state_stamped,0.02191532962024212,0.38191184401512146,0.0
1787250538.436658382,1787250538.436666012,command,0.03396080434322357,0.18883700668811798,0.0
1787250538.504045010,1787250538.504049778,state,0.02528804913163185,0.3278510868549347,0.0
1787250538.504165411,1787250538.503547907,state_stamped,0.02528804913163185,0.3278510868549347,0.0
1787250538.506145716,1787250538.506151438,command,0.02669689804315567,0.12779198586940765,0.0
1787250538.564165354,1787250538.564168453,state,0.025626175105571747,0.27983659505844116,0.0
1787250538.564248085,1787250538.563548088,state_stamped,0.025626175105571747,0.27983659505844116,0.0
1787250538.566040039,1787250538.566047668,command,0.024585530161857605,0.0884781926870346,0.0
1787250538.634176254,1787250538.634179592,state,0.02533479407429695,0.22625632584095,0.0
1787250538.634220600,1787250538.633548021,state_stamped,0.02533479407429695,0.22625632584095,0.0
1787250538.635995626,1787250538.636003017,command,0.02311738021671772,-0.18228675425052643,0.0
1787250538.704030514,1787250538.704034090,state,0.024713920429348946,0.11186452955007553,0.0
1787250538.704087973,1787250538.703547955,state_stamped,0.024713920429348946,0.11186452955007553,0.0
1787250538.706001759,1787250538.706007242,command,0.02287186123430729,-0.2802782952785492,0.0
1787250538.764237165,1787250538.764240742,state,0.024271827191114426,0.01775054633617401,0.0
1787250538.764286995,1787250538.763547659,state_stamped,0.024271827191114426,0.01775054633617401,0.0
1787250538.766070127,1787250538.766077518,command,0.027309605851769447,-0.36034658551216125,0.0
1787250538.833981752,1787250538.833984613,state,0.02512241154909134,-0.0881173238158226,0.0
1787250538.834014416,1787250538.833548069,state_stamped,0.02512241154909134,-0.0881173238158226,0.0
1787250538.835937023,1787250538.835944653,command,0.036912642419338226,-0.4322291612625122,0.0
1787250538.904035091,1787250538.904037952,state,0.028423689305782318,-0.18446901440620422,0.0
1787250538.904098034,1787250538.903548479,state_stamped,0.028423689305782318,-0.18446901440620422,0.0
1787250538.906198025,1787250538.906204939,command,0.04132306948304176,-0.4720013439655304,0.0
1787250538.964296818,1787250538.964298964,state,0.03151951730251312,-0.25347626209259033,0.0
1787250538.964348078,1787250538.963547945,state_stamped,0.03151951730251312,-0.25347626209259033,0.0
1787250538.966277599,1787250538.966285229,command,0.0401541143655777,-0.46683305501937866,0.0
1787250539.034055233,1787250539.034063101,state,0.03393720090389252,-0.31321606040000916,0.0
1787250539.034142017,1787250539.033547878,state_stamped,0.03393720090389252,-0.31321606040000916,0.0
1787250539.035996914,1787250539.036004305,command,0.04207650199532509,-0.47334492206573486,0.0
1787250539.104212999,1787250539.104220152,state,0.036216218024492264,-0.35805240273475647,0.0
1787250539.104264021,1787250539.103548288,state_stamped,0.036216218024492264,-0.35805240273475647,0.0
1787250539.106029510,1787250539.106037140,command,0.02887026034295559,-0.48080748319625854,0.0
1787250539.164225817,1787250539.164229631,state,0.03445320576429367,-0.38751333951950073,0.0
1787250539.164278984,1787250539.163547754,state_stamped,0.03445320576429367,-0.38751333951950073,0.0
1787250539.166046143,1787250539.166053534,command,0.02240091562271118,-0.48878031969070435,0.0
1787250539.233971119,1787250539.233975649,state,0.03107854723930359,-0.41586825251579285,0.0
1787250539.234088659,1787250539.233548164,state_stamped,0.03107854723930359,-0.41586825251579285,0.0
1787250539.235924244,1787250539.235931396,command,0.009627977386116982,-0.4940091371536255,0.0
1787250539.304170609,1787250539.304173231,state,0.02507242001593113,-0.4377475678920746,0.0
1787250539.304234743,1787250539.303547621,state_stamped,0.02507242001593113,-0.4377475678920746,0.0
1787250539.306126595,1787250539.306132078,command,-0.021152092143893242,-0.7112978100776672,0.0
1787250539.364179134,1787250539.364181757,state,0.013978461734950542,-0.5034000873565674,0.0
1787250539.364271879,1787250539.363548040,state_stamped,0.013978461734950542,-0.5034000873565674,0.0
1787250539.366072416,1787250539.366079569,command,-0.025759750977158546,-0.7149510979652405,0.0
1787250539.433987141,1787250539.433991909,state,0.0028516985476017,-0.5626347064971924,0.0
1787250539.434062958,1787250539.433548450,state_stamped,0.0028516985476017,-0.5626347064971924,0.0
1787250539.435927391,1787250539.435934782,command,0.003980924375355244,-0.4498891234397888,0.0
1787250539.504186630,1787250539.504191637,state,0.0031678802333772182,-0.5310660600662231,0.0
1787250539.504270077,1787250539.503548145,state_stamped,0.0031678802333772182,-0.5310660600662231,0.0
1787250539.506053925,1787250539.506058931,command,0.013182825408875942,-0.3733038604259491,0.0
1787250539.564047098,1787250539.564051867,state,0.005571461282670498,-0.49320322275161743,0.0
1787250539.564102411,1787250539.563548088,state_stamped,0.005571461282670498,-0.49320322275161743,0.0
1787250539.566014528,1787250539.566022396,command,-0.00030475511448457837,-0.2931644320487976,0.0
1787250539.633977175,1787250539.633980751,state,0.00392611138522625,-0.43719205260276794,0.0
1787250539.634046793,1787250539.633548498,state_stamped,0.00392611138522625,-0.43719205260276794,0.0
1787250539.635940790,1787250539.635949135,command,-0.012775693088769913,-0.20147362351417542,0.0
1787250539.704048157,1787250539.704053402,state,-0.0007503526285290718,-0.37119147181510925,0.0
1787250539.704113960,1787250539.703547716,state_stamped,-0.0007503526285290718,-0.37119147181510925,0.0
1787250539.705971003,1787250539.705976009,command,-0.026183344423770905,-0.10794345289468765,0.0
1787250539.764065027,1787250539.764070749,state,-0.006854322738945484,-0.30801141262054443,0.0
1787250539.764188051,1787250539.763548374,state_stamped,-0.006854322738945484,-0.30801141262054443,0.0
1787250539.765999794,1787250539.766006947,command,-0.03342246264219284,-0.051497943699359894,0.0
1787250539.833986759,1787250539.833991766,state,-0.01429339312016964,-0.23618772625923157,0.0
1787250539.834113121,1787250539.833548069,state_stamped,-0.01429339312016964,-0.23618772625923157,0.0
1787250539.835974216,1787250539.835981131,command,-0.038780197501182556,-0.01573471538722515,0.0
1787250539.904069662,1787250539.904074669,state,-0.021149681881070137,-0.17446103692054749,0.0
1787250539.904134035,1787250539.903548002,state_stamped,-0.021149681881070137,-0.17446103692054749,0.0
1787250539.905974627,1787250539.905982018,command,-0.035707466304302216,0.04402470961213112,0.0
1787250539.964144230,1787250539.964152575,state,-0.02464355155825615,-0.12202444672584534,0.0
1787250539.964219093,1787250539.963547945,state_stamped,-0.02464355155825615,-0.12202444672584534,0.0
1787250539.966055870,1787250539.966063023,command,-0.03765757754445076,0.10323566198348999,0.0
1787250540.034122467,1787250540.033547878,state_stamped,-0.028287475928664207,-0.05895167589187622,0.0
1787250540.034183979,1787250540.034192324,state,-0.028287475928664207,-0.05895167589187622,0.0
1787250540.035849333,1787250540.035856724,command,-0.004229435231536627,0.3133082687854767,0.0
1787250540.104156017,1787250540.104164124,state,-0.02155121974647045,0.04528118669986725,0.0
1787250540.104225874,1787250540.103548050,state_stamped,-0.02155121974647045,0.04528118669986725,0.0
1787250540.106010914,1787250540.106015921,command,0.0004998244694434106,0.40329334139823914,0.0
1787250540.164160490,1787250540.163547993,state_stamped,-0.01625896617770195,0.13120415806770325,0.0
1787250540.164216042,1787250540.164223909,state,-0.01625896617770195,0.13120415806770325,0.0
1787250540.166043043,1787250540.166049957,command,0.0014849662547931075,0.4941290020942688,0.0
1787250540.234050751,1787250540.234058857,state,-0.011290669441223145,0.23282301425933838,0.0
1787250540.234121561,1787250540.233547926,state_stamped,-0.011290669441223145,0.23282301425933838,0.0
1787250540.235963821,1787250540.235971928,command,0.003198120277374983,0.5689994096755981,0.0
1787250540.304259539,1787250540.304268122,state,-0.007233792915940285,0.3269527554512024,0.0
1787250540.304318905,1787250540.303548336,state_stamped,-0.007233792915940285,0.3269527554512024,0.0
1787250540.306165218,1787250540.306170464,command,-0.0010459002805873752,0.6173436045646667,0.0
1787250540.364239693,1787250540.364245415,state,-0.0057487026788294315,0.3966463804244995,0.0
1787250540.364296675,1787250540.363548040,state_stamped,-0.0057487026788294315,0.3966463804244995,0.0
1787250540.366089582,1787250540.366097689,command,0.00446576252579689,0.6208759546279907,0.0
1787250540.433957338,1787250540.433965683,state,-0.0028886396903544664,0.4594309329986572,0.0
1787250540.434020758,1787250540.433548450,state_stamped,-0.0028886396903544664,0.4594309329986572,0.0
1787250540.436627150,1787250540.436633587,command,0.015561431646347046,0.5702921748161316,0.0
1787250540.504122972,1787250540.503548145,state_stamped,0.0022773591335862875,0.4904719591140747,0.0
1787250540.504180193,1787250540.504187822,state,0.0022773591335862875,0.4904719591140747,0.0
1787250540.506196737,1787250540.506202221,command,0.01103767566382885,0.47096380591392517,0.0
1787250540.564085245,1787250540.563548326,state_stamped,0.00437984149903059,0.4857899844646454,0.0
1787250540.564187288,1787250540.564195395,state,0.00437984149903059,0.4857899844646454,0.0
1787250540.566028595,1787250540.566036701,command,0.006370953284204006,0.4149913787841797,0.0
1787250540.634019852,1787250540.633548021,state_stamped,0.004937351681292057,0.46596643328666687,0.0
1787250540.634069443,1787250540.634077549,state,0.004937351681292057,0.46596643328666687,0.0
1787250540.635963917,1787250540.635972261,command,0.009745652787387371,0.3241536617279053,0.0
1787250540.704126358,1787250540.703547955,state_stamped,0.006283671595156193,0.42625898122787476,0.0
1787250540.704183102,1787250540.704191446,state,0.006283671595156193,0.42625898122787476,0.0
1787250540.705973864,1787250540.705978632,command,0.010510378517210484,0.26613447070121765,0.0
1787250540.764094114,1787250540.763548136,state_stamped,0.007298086304217577,0.38782888650894165,0.0
1787250540.764145851,1787250540.764154196,state,0.007298086304217577,0.38782888650894165,0.0
1787250540.766084433,1787250540.766091585,command,0.014609226956963539,0.18766123056411743,0.0
1787250540.834043741,1787250540.833548546,state_stamped,0.009345212951302528,0.3317817449569702,0.0
1787250540.834099531,1787250540.834107637,state,0.009345212951302528,0.3317817449569702,0.0
1787250540.835712433,1787250540.835720301,command,0.014825824648141861,0.13389693200588226,0.0
1787250540.904107571,1787250540.904112816,state,0.010879771783947945,0.2763744294643402,0.0
1787250540.904159307,1787250540.903548002,state_stamped,0.010879771783947945,0.2763744294643402,0.0
1787250540.905977964,1787250540.905982733,command,0.013409505598247051,0.07588329166173935,0.0
1787250540.964050531,1787250540.964054108,state,0.01148691214621067,0.2282561957836151,0.0
1787250540.964153767,1787250540.963548422,state_stamped,0.01148691214621067,0.2282561957836151,0.0
1787250540.965813875,1787250540.965819359,command,0.008061093278229237,0.0497182197868824,0.0
1787250541.034177542,1787250541.033548355,state_stamped,0.010527681559324265,0.1782654970884323,0.0
1787250541.034231663,1787250541.034240007,state,0.010527681559324265,0.1782654970884323,0.0
1787250541.036130190,1787250541.036139250,command,0.016159776598215103,-0.25087398290634155,0.0
1787250541.104241610,1787250541.104246855,state,0.012104656547307968,0.05810730904340744,0.0
1787250541.104292870,1787250541.103548050,state_stamped,0.012104656547307968,0.05810730904340744,0.0
1787250541.106103897,1787250541.106108665,command,0.023064590990543365,-0.3404068648815155,0.0
1787250541.164218903,1787250541.164223671,state,0.0147350849583745,-0.03753768652677536,0.0
1787250541.164282799,1787250541.163548946,state_stamped,0.0147350849583745,-0.03753768652677536,0.0
1787250541.166091204,1787250541.166097641,command,0.02963329292833805,-0.3961349129676819,0.0
1787250541.234189987,1787250541.233548164,state_stamped,0.018906543031334877,-0.13794395327568054,0.0
1787250541.234238386,1787250541.234243393,state,0.018906543031334877,-0.13794395327568054,0.0
1787250541.236077309,1787250541.236084938,command,0.036891501396894455,-0.3859603703022003,0.0
1787250541.304243803,1787250541.303548336,state_stamped,0.023942330852150917,-0.20738855004310608,0.0
1787250541.304293633,1787250541.304299593,state,0.023942330852150917,-0.20738855004310608,0.0
1787250541.306169033,1787250541.306174755,command,0.044753242284059525,-0.3939966559410095,0.0
1787250541.364077330,1787250541.363548279,state_stamped,0.028936954215168953,-0.2521745264530182,0.0
1787250541.364129066,1787250541.364135742,state,0.028936954215168953,-0.2521745264530182,0.0
1787250541.365996122,1787250541.366003990,command,0.04328727349638939,-0.41081371903419495,0.0
1787250541.434170961,1787250541.434176207,state,0.032955046743154526,-0.2965935468673706,0.0
1787250541.434225321,1787250541.433548450,state_stamped,0.032955046743154526,-0.2965935468673706,0.0
1787250541.436068773,1787250541.436076880,command,0.04040281102061272,-0.43234169483184814,0.0
1787250541.504221439,1787250541.503548384,state_stamped,0.035040419548749924,-0.3346030116081238,0.0
1787250541.504269600,1787250541.504275560,state,0.035040419548749924,-0.3346030116081238,0.0
1787250541.506121159,1787250541.506129265,command,0.03459803760051727,-0.4599604606628418,0.0
1787250541.564088821,1787250541.564094543,state,0.03493424877524376,-0.36468878388404846,0.0
1787250541.564140797,1787250541.563548326,state_stamped,0.03493424877524376,-0.36468878388404846,0.0
1787250541.565988302,1787250541.565997362,command,0.02604834735393524,-0.47195881605148315,0.0
1787250541.634185314,1787250541.634190798,state,0.03244619444012642,-0.39472439885139465,0.0
1787250541.634243488,1787250541.633548498,state_stamped,0.03244619444012642,-0.39472439885139465,0.0
1787250541.635926723,1787250541.635935068,command,0.018563831225037575,-0.4850226640701294,0.0
1787250541.704150438,1787250541.703560829,state_stamped,0.02855844236910343,-0.4200124144554138,0.0
1787250541.704218626,1787250541.704224348,state,0.02855844236910343,-0.4200124144554138,0.0
1787250541.705858469,1787250541.705863476,command,0.007481891196221113,-0.4914916157722473,0.0
1787250541.764095545,1787250541.764100790,state,0.02350115031003952,-0.437163770198822,0.0
1787250541.764152527,1787250541.763547897,state_stamped,0.02350115031003952,-0.437163770198822,0.0
1787250541.765997648,1787250541.766004562,command,0.0008148335036821663,-0.4809033274650574,0.0
1787250541.834184885,1787250541.834190130,state,0.017148949205875397,-0.44941091537475586,0.0
1787250541.834242344,1787250541.833548307,state_stamped,0.017148949205875397,-0.44941091537475586,0.0
1787250541.836063385,1787250541.836070538,command,-0.009661880321800709,-0.43277791142463684,0.0
1787250541.904225588,1787250541.904233694,state,0.00964296143501997,-0.44475433230400085,0.0
1787250541.904288530,1787250541.903538704,state_stamped,0.00964296143501997,-0.44475433230400085,0.0
1787250541.906108379,1787250541.906113386,command,-0.016885679215192795,-0.3246481120586395,0.0
1787250541.964460611,1787250541.964469194,state,0.00327504426240921,-0.4159241318702698,0.0
1787250541.964533567,1787250541.963548422,state_stamped,0.00327504426240921,-0.4159241318702698,0.0
1787250541.966325521,1787250541.966331244,command,-0.02068742923438549,-0.25053417682647705,0.0
1787250542.034215689,1787250542.034223795,state,-0.0034343814477324486,-0.3696154057979584,0.0
1787250542.034284353,1787250542.033547640,state_stamped,-0.0034343814477324486,-0.3696154057979584,0.0
1787250542.036132336,1787250542.036139488,command,-0.022775836288928986,-0.15938599407672882,0.0
1787250542.104236841,1787250542.104244709,state,-0.008850020356476307,-0.3107508420944214,0.0
1787250542.104305744,1787250542.103548050,state_stamped,-0.008850020356476307,-0.3107508420944214,0.0
1787250542.106135607,1787250542.106140614,command,-0.027610721066594124,-0.07882773131132126,0.0
1787250542.164266348,1787250542.164271832,state,-0.013352598063647747,-0.2550891637802124,0.0
1787250542.164325714,1787250542.163548231,state_stamped,-0.013352598063647747,-0.2550891637802124,0.0
1787250542.166133404,1787250542.166140556,command,-0.028726773336529732,-0.022282034158706665,0.0
1787250542.234183788,1787250542.233548403,state_stamped,-0.017657369375228882,-0.1899031400680542,0.0
1787250542.234235287,1787250542.234241247,state,-0.017657369375228882,-0.1899031400680542,0.0
1787250542.236101151,1787250542.236105919,command,-0.022268634289503098,0.012152965180575848,0.0
1787250542.304247856,1787250542.304252625,state,-0.018948517739772797,-0.1333276480436325,0.0
1787250542.304296255,1787250542.303548098,state_stamped,-0.018948517739772797,-0.1333276480436325,0.0
1787250542.306216240,1787250542.306221485,command,-0.013529468327760696,0.10030866414308548,0.0
1787250542.364266634,1787250542.364274502,state,-0.017647946253418922,-0.07725493609905243,0.0
1787250542.364326239,1787250542.363548040,state_stamped,-0.017647946253418922,-0.07725493609905243,0.0
1787250542.366145134,1787250542.366149902,command,-0.01499735377728939,0.14751553535461426,0.0
1787250542.434039831,1787250542.434046984,state,-0.016905780881643295,-0.01431921124458313,0.0
1787250542.434106588,1787250542.433547974,state_stamped,-0.016905780881643295,-0.01431921124458313,0.0
1787250542.436648130,1787250542.436653614,command,0.0213093850761652,0.3522774577140808,0.0
1787250542.504199505,1787250542.504204750,state,-0.0062055084854364395,0.08832809329032898,0.0
1787250542.504257441,1787250542.503548145,state_stamped,-0.0062055084854364395,0.08832809329032898,0.0
1787250542.506211042,1787250542.506217718,command,0.023526906967163086,0.4513244330883026,0.0
1787250542.564254522,1787250542.564259529,state,0.0009302617982029915,0.17544710636138916,0.0
1787250542.564310074,1787250542.563548088,state_stamped,0.0009302617982029915,0.17544710636138916,0.0
1787250542.566164494,1787250542.566169500,command,0.022180922329425812,0.535790741443634,0.0
1787250542.634190321,1787250542.633548021,state_stamped,0.006880438886582851,0.2763431668281555,0.0
1787250542.634240866,1787250542.634245872,state,0.006880438886582851,0.2763431668281555,0.0
1787250542.636102438,1787250542.636107683,command,0.019539793953299522,0.601179301738739,0.0
1787250542.704252005,1787250542.704257011,state,0.010425075888633728,0.3672977387905121,0.0
1787250542.704309702,1787250542.703548431,state_stamped,0.010425075888633728,0.3672977387905121,0.0
1787250542.706216335,1787250542.706221819,command,0.012744531966745853,0.6390708088874817,0.0
1787250542.764225483,1787250542.764231205,state,0.010981746017932892,0.43252331018447876,0.0
1787250542.764281511,1787250542.763548374,state_stamped,0.010981746017932892,0.43252331018447876,0.0
1787250542.766111851,1787250542.766116858,command,0.0063479142263531685,0.6679842472076416,0.0
1787250542.834182978,1787250542.834187984,state,0.009684200398623943,0.49845606088638306,0.0
1787250542.834234715,1787250542.833552361,state_stamped,0.009684200398623943,0.49845606088638306,0.0
1787250542.836070538,1787250542.836075783,command,0.009517502039670944,0.6751905679702759,0.0
1787250542.904195309,1787250542.904200792,state,0.009637528099119663,0.5479387640953064,0.0
1787250542.904261112,1787250542.903548002,state_stamped,0.009637528099119663,0.5479387640953064,0.0
1787250542.906105280,1787250542.906110525,command,0.006624613422900438,0.653506338596344,0.0
1787250542.964262486,1787250542.964270353,state,0.00891442783176899,0.5732749700546265,0.0
1787250542.964337587,1787250542.963548183,state_stamped,0.00891442783176899,0.5732749700546265,0.0
1787250542.966147423,1787250542.966153145,command,0.009924482554197311,0.6058852076530457,0.0
1787250543.034177780,1787250543.034186125,state,0.009197243489325047,0.5824058651924133,0.0
1787250543.034246445,1787250543.033548355,state_stamped,0.009197243489325047,0.5824058651924133,0.0
1787250543.036080122,1787250543.036084890,command,0.005666540469974279,0.5171541571617126,0.0
1787250543.104210377,1787250543.104218960,state,0.008208788931369781,0.5641379952430725,0.0
1787250543.104264975,1787250543.103538275,state_stamped,0.008208788931369781,0.5641379952430725,0.0
1787250543.106115341,1787250543.106122494,command,0.003193153999745846,0.41923952102661133,0.0
1787250543.164203167,1787250543.164208889,state,0.007004845887422562,0.529356837272644,0.0
1787250543.164259911,1787250543.163547754,state_stamped,0.007004845887422562,0.529356837272644,0.0
1787250543.166114092,1787250543.166117907,command,0.0021454698871821165,0.3588380515575409,0.0
1787250543.234137774,1787250543.234141350,state,0.0056442152708768845,0.4816114008426666,0.0
1787250543.234179020,1787250543.233548164,state_stamped,0.0056442152708768845,0.4816114008426666,0.0
1787250543.236042738,1787250543.236049891,command,0.003922295290976763,0.2860613167285919,0.0
1787250543.304104567,1787250543.303547859,state_stamped,0.00516207842156291,0.42685744166374207,0.0
1787250543.304142237,1787250543.304150581,state,0.00516207842156291,0.42685744166374207,0.0
1787250543.306037903,1787250543.306046247,command,0.007483175024390221,0.21639667451381683,0.0
1787250543.364180565,1787250543.364186525,state,0.0057191443629562855,0.3763465881347656,0.0
1787250543.364244699,1787250543.363548279,state_stamped,0.0057191443629562855,0.3763465881347656,0.0
1787250543.366123915,1787250543.366129398,command,0.0056986031122505665,0.1486436128616333,0.0
1787250543.434191704,1787250543.434196472,state,0.005713392980396748,0.3125897943973541,0.0
1787250543.434241533,1787250543.433548212,state_stamped,0.005713392980396748,0.3125897943973541,0.0
1787250543.436074018,1787250543.436078787,command,0.006885906681418419,0.09042563289403915,0.0
1787250543.504251957,1787250543.503548145,state_stamped,0.006041696760803461,0.2503838837146759,0.0
1787250543.504290104,1787250543.504299879,state,0.006041696760803461,0.2503838837146759,0.0
1787250543.506092310,1787250543.506099701,command,-0.0013669050531461835,-0.17250274121761322,0.0
1787250543.564250469,1787250543.564258337,state,0.004263637121766806,0.1488913595676422,0.0
1787250543.564315557,1787250543.563548088,state_stamped,0.004263637121766806,0.1488913595676422,0.0
1787250543.566128731,1787250543.566133738,command,0.005887957289814949,-0.24256888031959534,0.0
1787250543.634133339,1787250543.634139061,state,0.004718447104096413,0.03928247094154358,0.0
1787250543.634182215,1787250543.633548021,state_stamped,0.004718447104096413,0.03928247094154358,0.0
1787250543.636072159,1787250543.636078358,command,0.02020362764596939,-0.32544830441474915,0.0
1787250543.704185247,1787250543.704190969,state,0.009054279886186123,-0.06284172087907791,0.0
1787250543.704226017,1787250543.703547716,state_stamped,0.009054279886186123,-0.06284172087907791,0.0
1787250543.706121206,1787250543.706128359,command,0.0325201153755188,-0.3860031068325043,0.0
1787250543.764140129,1787250543.764145613,state,0.014686105772852898,-0.14040079712867737,0.0
1787250543.764187574,1787250543.763548136,state_stamped,0.014686105772852898,-0.14040079712867737,0.0
1787250543.766105175,1787250543.766109228,command,0.03899383172392845,-0.40074092149734497,0.0
1787250543.834115982,1787250543.834119797,state,0.021492237225174904,-0.21329569816589355,0.0
1787250543.834157705,1787250543.833547592,state_stamped,0.021492237225174904,-0.21329569816589355,0.0
1787250543.836076021,1787250543.836084366,command,0.04276019707322121,-0.4009784162044525,0.0
1787250543.904201508,1787250543.904207468,state,0.027447281405329704,-0.26584699749946594,0.0
1787250543.904243708,1787250543.903548002,state_stamped,0.027447281405329704,-0.26584699749946594,0.0
1787250543.906108141,1787250543.906113386,command,0.03715424984693527,-0.4259510934352875,0.0
1787250543.964229107,1787250543.964234829,state,0.029776960611343384,-0.3042720854282379,0.0
1787250543.964273691,1787250543.963548183,state_stamped,0.029776960611343384,-0.3042720854282379,0.0
1787250543.966366768,1787250543.966373205,command,0.03620043396949768,-0.45102548599243164,0.0
1787250544.034161806,1787250544.034168243,state,0.031575530767440796,-0.34536296129226685,0.0
1787250544.034210205,1787250544.033547878,state_stamped,0.031575530767440796,-0.34536296129226685,0.0
1787250544.036111355,1787250544.036118507,command,0.029770050197839737,-0.47923731803894043,0.0
1787250544.104180813,1787250544.104186296,state,0.03106999583542347,-0.38284775614738464,0.0
1787250544.104241848,1787250544.103547812,state_stamped,0.03106999583542347,-0.38284775614738464,0.0
1787250544.106139183,1787250544.106146574,command,0.020055321976542473,-0.48572930693626404,0.0
1787250544.164098501,1787250544.164105654,state,0.028426464647054672,-0.407539427280426,0.0
1787250544.164160728,1787250544.163548231,state_stamped,0.028426464647054672,-0.407539427280426,0.0
1787250544.166139364,1787250544.166147232,command,0.012769210152328014,-0.4801378846168518,0.0
1787250544.234136343,1787250544.234141588,state,0.02404242381453514,-0.42786705493927,0.0
1787250544.234216690,1787250544.233548403,state_stamped,0.02404242381453514,-0.42786705493927,0.0
1787250544.235853195,1787250544.235858917,command,0.003366849385201931,-0.44267162680625916,0.0
1787250544.304109335,1787250544.303548098,state_stamped,0.018253285437822342,-0.43201231956481934,0.0
1787250544.304190159,1787250544.304198742,state,0.018253285437822342,-0.43201231956481934,0.0
1787250544.305808544,1787250544.305814505,command,-0.01040486991405487,-0.3805942237377167,0.0
1787250544.364145517,1787250544.363548279,state_stamped,0.011375311762094498,-0.4196719527244568,0.0
1787250544.364188194,1787250544.364196539,state,0.011375311762094498,-0.4196719527244568,0.0
1787250544.365810156,1787250544.365818739,command,-0.014963475987315178,-0.26949992775917053,0.0
1787250544.434127331,1787250544.434133053,state,0.004000414162874222,-0.377623587846756,0.0
1787250544.434178591,1787250544.433548450,state_stamped,0.004000414162874222,-0.377623587846756,0.0
1787250544.436133623,1787250544.436139345,command,-0.02422133833169937,-0.18653176724910736,0.0
1787250544.504198074,1787250544.504206896,state,-0.0039016297087073326,-0.3241181969642639,0.0
1787250544.504268885,1787250544.503548145,state_stamped,-0.0039016297087073326,-0.3241181969642639,0.0
1787250544.506707907,1787250544.506715059,command,-0.025860678404569626,-0.11125467717647552,0.0
1787250544.564147234,1787250544.563548088,state_stamped,-0.009171789512038231,-0.2730310559272766,0.0
1787250544.564191580,1787250544.564199924,state,-0.009171789512038231,-0.2730310559272766,0.0
1787250544.566121817,1787250544.566126585,command,-0.03141799941658974,-0.0402594730257988,0.0
1787250544.634102583,1787250544.634108305,state,-0.01540074497461319,-0.20785483717918396,0.0
1787250544.634155750,1787250544.633548260,state_stamped,-0.01540074497461319,-0.20785483717918396,0.0
1787250544.636068821,1787250544.636073828,command,-0.030315497890114784,0.0007319854921661317,0.0
1787250544.704155684,1787250544.703547955,state_stamped,-0.019576862454414368,-0.14945070445537567,0.0
1787250544.704198837,1787250544.704206705,state,-0.019576862454414368,-0.14945070445537567,0.0
1787250544.706306458,1787250544.706311226,command,-0.02216728962957859,0.04837261512875557,0.0
1787250544.764147997,1787250544.764156103,state,-0.02019856870174408,-0.1019728034734726,0.0
1787250544.764214516,1787250544.763548374,state_stamped,-0.02019856870174408,-0.1019728034734726,0.0
1787250544.766081333,1787250544.766088009,command,-0.017323482781648636,0.13996362686157227,0.0
1787250544.834049702,1787250544.834054947,state,-0.019393546506762505,-0.034230828285217285,0.0
1787250544.834097862,1787250544.833548069,state_stamped,-0.019393546506762505,-0.034230828285217285,0.0
1787250544.836031437,1787250544.836036205,command,0.006727290339767933,0.3250165283679962,0.0
1787250544.904170275,1787250544.904178381,state,-0.01207973062992096,0.06635817140340805,0.0
1787250544.904226780,1787250544.903548002,state_stamped,-0.01207973062992096,0.06635817140340805,0.0
1787250544.906306267,1787250544.906310797,command,0.017129629850387573,0.4189468324184418,0.0
1787250544.964165449,1787250544.964171171,state,-0.005069449078291655,0.1509798765182495,0.0
1787250544.964213848,1787250544.963548183,state_stamped,-0.005069449078291655,0.1509798765182495,0.0
1787250544.965975285,1787250544.965982676,command,0.017820706591010094,0.4953799247741699,0.0
1787250545.034109116,1787250545.034114122,state,0.00133976386860013,0.24741142988204956,0.0
1787250545.034213305,1787250545.033547878,state_stamped,0.00133976386860013,0.24741142988204956,0.0
1787250545.035934925,1787250545.035942316,command,0.01347617618739605,0.5735737681388855,0.0
1787250545.104105473,1787250545.104110241,state,0.004737968556582928,0.3387371301651001,0.0
1787250545.104193449,1787250545.103548050,state_stamped,0.004737968556582928,0.3387371301651001,0.0
1787250545.105871916,1787250545.105877399,command,0.010233941487967968,0.6314853429794312,0.0
1787250545.164105415,1787250545.164110422,state,0.00605700071901083,0.4089966416358948,0.0
1787250545.164196491,1787250545.163547993,state_stamped,0.00605700071901083,0.4089966416358948,0.0
1787250545.165845394,1787250545.165852785,command,0.01504555344581604,0.6393890976905823,0.0
1787250545.234022141,1787250545.234025240,state,0.008573794737458229,0.47350651025772095,0.0
1787250545.234070539,1787250545.233547926,state_stamped,0.008573794737458229,0.47350651025772095,0.0
1787250545.235779047,1787250545.235785007,command,0.005850047338753939,0.6685519218444824,0.0
1787250545.304129124,1787250545.304134130,state,0.0078111449256539345,0.5281192660331726,0.0
1787250545.304182529,1787250545.303548098,state_stamped,0.0078111449256539345,0.5281192660331726,0.0
1787250545.305840731,1787250545.305845737,command,-0.004073652438819408,0.6696687936782837,0.0
1787250545.364130735,1787250545.364135742,state,0.004958786070346832,0.5620912313461304,0.0
1787250545.364177227,1787250545.363548279,state_stamped,0.004958786070346832,0.5620912313461304,0.0
1787250545.365842104,1787250545.365850210,command,-0.004257595166563988,0.6425264477729797,0.0
1787250545.434097290,1787250545.434100389,state,0.0023782076314091682,0.584613025188446,0.0
1787250545.434136152,1787250545.433547974,state_stamped,0.0023782076314091682,0.584613025188446,0.0
1787250545.435804367,1787250545.435812235,command,-0.007102062460035086,0.5592048168182373,0.0
1787250545.504124403,1787250545.504127264,state,-0.00027626543305814266,0.577498733997345,0.0
1787250545.504166842,1787250545.503547907,state_stamped,-0.00027626543305814266,0.577498733997345,0.0
1787250545.505841494,1787250545.505846739,command,-0.007870051078498363,0.4764685034751892,0.0
1787250545.564103842,1787250545.564106226,state,-0.002098777797073126,0.5532514452934265,0.0
1787250545.564140558,1787250545.563548088,state_stamped,-0.002098777797073126,0.5532514452934265,0.0
1787250545.565832138,1787250545.565840960,command,-0.0011752416612580419,0.395643949508667,0.0
1787250545.634099722,1787250545.634102345,state,-0.0018401882844045758,0.5091214179992676,0.0
1787250545.634137154,1787250545.633548021,state_stamped,-0.0018401882844045758,0.5091214179992676,0.0
1787250545.635811806,1787250545.635820150,command,0.004947537090629339,0.32374611496925354,0.0
1787250545.704138994,1787250545.704141617,state,6.0376012697815895e-05,0.4572162926197052,0.0
1787250545.704186678,1787250545.703547955,state_stamped,6.0376012697815895e-05,0.4572162926197052,0.0
1787250545.705852747,1787250545.705857515,command,0.012013116851449013,0.24863754212856293,0.0
1787250545.764075518,1787250545.764078617,state,0.002929044421762228,0.40715721249580383,0.0
1787250545.764113426,1787250545.763548136,state_stamped,0.002929044421762228,0.40715721249580383,0.0
1787250545.765876770,1787250545.765882730,command,0.021723132580518723,0.1816430687904358,0.0
1787250545.834084511,1787250545.834087133,state,0.008191363885998726,0.3440135419368744,0.0
1787250545.834176302,1787250545.833547831,state_stamped,0.008191363885998726,0.3440135419368744,0.0
1787250545.836087465,1787250545.836096764,command,0.019749779254198074,0.1214185506105423,0.0
1787250545.904178858,1787250545.904181242,state,0.011427737772464752,0.28168660402297974,0.0
1787250545.904216528,1787250545.903548241,state_stamped,0.011427737772464752,0.28168660402297974,0.0
1787250545.906182051,1787250545.906186819,command,0.02014455385506153,0.059357237070798874,0.0
1787250545.964102030,1787250545.964104414,state,0.013519772328436375,0.22832757234573364,0.0
1787250545.964149475,1787250545.963548183,state_stamped,0.013519772328436375,0.22832757234573364,0.0
1787250545.966523409,1787250545.966529369,command,0.01681484468281269,-0.18645012378692627,0.0
1787250546.034053802,1787250546.034058809,state,0.014442388899624348,0.11219031363725662,0.0
1787250546.034105539,1787250546.033547878,state_stamped,0.014442388899624348,0.11219031363725662,0.0
1787250546.036216259,1787250546.036223650,command,0.027717238292098045,-0.2696956694126129,0.0
1787250546.104139328,1787250546.104142904,state,0.01815941371023655,0.005260296165943146,0.0
1787250546.104220629,1787250546.103549242,state_stamped,0.01815941371023655,0.005260296165943146,0.0
1787250546.106170416,1787250546.106175423,command,0.03968987613916397,-0.35235098004341125,0.0
1787250546.164180517,1787250546.164183855,state,0.023326635360717773,-0.08056492358446121,0.0
1787250546.164221764,1787250546.163548231,state_stamped,0.023326635360717773,-0.08056492358446121,0.0
1787250546.165947676,1787250546.165954828,command,0.04740632697939873,-0.3928338587284088,0.0
1787250546.234071255,1787250546.234074116,state,0.030068928375840187,-0.1679999679327011,0.0
1787250546.234183311,1787250546.233547926,state_stamped,0.030068928375840187,-0.1679999679327011,0.0
1787250546.236068010,1787250546.236075401,command,0.04744108021259308,-0.41839897632598877,0.0
1787250546.304148674,1787250546.304151297,state,0.034933146089315414,-0.23811188340187073,0.0
1787250546.304185867,1787250546.303548098,state_stamped,0.034933146089315414,-0.23811188340187073,0.0
1787250546.306153774,1787250546.306158781,command,0.047284841537475586,-0.4369368851184845,0.0
1787250546.364117861,1787250546.364119768,state,0.037897542119026184,-0.28582969307899475,0.0
1787250546.364156961,1787250546.363547802,state_stamped,0.037897542119026184,-0.28582969307899475,0.0
1787250546.366145849,1787250546.366153717,command,0.03786972165107727,-0.4568118751049042,0.0
1787250546.434072733,1787250546.434074879,state,0.0378897525370121,-0.3337049186229706,0.0
1787250546.434171915,1787250546.433548212,state_stamped,0.0378897525370121,-0.3337049186229706,0.0
1787250546.436080217,1787250546.436087847,command,0.033657822757959366,-0.4779502749443054,0.0
1787250546.504041672,1787250546.504050493,state,0.036704808473587036,-0.3740937113761902,0.0
1787250546.504097223,1787250546.503548384,state_stamped,0.036704808473587036,-0.3740937113761902,0.0
1787250546.506793261,1787250546.506798267,command,0.024720443412661552,-0.48717382550239563,0.0
1787250546.564100981,1787250546.564104557,state,0.033828578889369965,-0.4012327790260315,0.0
1787250546.564141512,1787250546.563548088,state_stamped,0.033828578889369965,-0.4012327790260315,0.0
1787250546.565987587,1787250546.565995216,command,0.017045117914676666,-0.48107507824897766,0.0
1787250546.634052753,1787250546.634057760,state,0.02912919968366623,-0.42358866333961487,0.0
1787250546.634100914,1787250546.633548260,state_stamped,0.02912919968366623,-0.42358866333961487,0.0
1787250546.636141062,1787250546.636148453,command,0.005597718991339207,-0.47350698709487915,0.0
1787250546.704099417,1787250546.704102039,state,0.022540396079421043,-0.43756577372550964,0.0
1787250546.704144478,1787250546.703547955,state_stamped,0.022540396079421043,-0.43756577372550964,0.0
1787250546.705903053,1787250546.705910683,command,-0.00855490006506443,-0.4244218170642853,0.0
1787250546.764099360,1787250546.764101744,state,0.015077479183673859,-0.4344111979007721,0.0
1787250546.764140129,1787250546.763548374,state_stamped,0.015077479183673859,-0.4344111979007721,0.0
1787250546.766170263,1787250546.766178131,command,-0.02027781866490841,-0.3580022156238556,0.0
1787250546.834083080,1787250546.834085464,state,0.005178049206733704,-0.41301679611206055,0.0
1787250546.834171057,1787250546.833548069,state_stamped,0.005178049206733704,-0.41301679611206055,0.0
1787250546.835886478,1787250546.835893869,command,-0.02320040948688984,-0.23966215550899506,0.0
1787250546.904130697,1787250546.904133081,state,-0.0027679121121764183,-0.3644775450229645,0.0
1787250546.904230356,1787250546.903548002,state_stamped,-0.0027679121121764183,-0.3644775450229645,0.0
1787250546.906110048,1787250546.906114817,command,-0.03171328455209732,-0.16537946462631226,0.0
1787250546.964347363,1787250546.964353800,state,-0.009714868851006031,-0.3166935443878174,0.0
1787250546.964437246,1787250546.963548660,state_stamped,-0.009714868851006031,-0.3166935443878174,0.0
1787250546.966135025,1787250546.966140747,command,-0.03394928202033043,-0.09569592028856277,0.0
1787250547.034055948,1787250547.034065485,state,-0.01650046370923519,-0.25481459498405457,0.0
1787250547.034118176,1787250547.033548117,state_stamped,-0.01650046370923519,-0.25481459498405457,0.0
1787250547.036126614,1787250547.036134005,command,-0.030559320002794266,-0.02537207305431366,0.0
1787250547.104064465,1787250547.103548050,state_stamped,-0.020436933264136314,-0.1905708611011505,0.0
1787250547.104106188,1787250547.104115725,state,-0.020436933264136314,-0.1905708611011505,0.0
1787250547.106093884,1787250547.106099367,command,-0.027670104056596756,0.013420885428786278,0.0
1787250547.164068699,1787250547.163547993,state_stamped,-0.022172898054122925,-0.1416127234697342,0.0
1787250547.164108038,1787250547.164113522,state,-0.022172898054122925,-0.1416127234697342,0.0
1787250547.166116953,1787250547.166124821,command,0.0029722671024501324,0.2674003541469574,0.0
1787250547.234017372,1787250547.233548164,state_stamped,-0.015132252126932144,-0.027089059352874756,0.0
1787250547.234116793,1787250547.234122276,state,-0.015132252126932144,-0.027089059352874756,0.0
1787250547.236077547,1787250547.236086130,command,0.006867697462439537,0.32945919036865234,0.0
1787250547.304057837,1787250547.303548336,state_stamped,-0.00897224247455597,0.07274484634399414,0.0
1787250547.304114342,1787250547.304119825,state,-0.00897224247455597,0.07274484634399414,0.0
1787250547.305923939,1787250547.305928946,command,-0.0011362460209056735,0.39407944679260254,0.0
1787250547.364113092,1787250547.363548040,state_stamped,-0.0070916167460381985,0.14986461400985718,0.0
1787250547.364153147,1787250547.364156723,state,-0.0070916167460381985,0.14986461400985718,0.0
1787250547.366102219,1787250547.366110563,command,-0.010486045852303505,0.45535165071487427,0.0
1787250547.434079170,1787250547.433548212,state_stamped,-0.00804205983877182,0.2354012131690979,0.0
1787250547.434125423,1787250547.434130430,state,-0.00804205983877182,0.2354012131690979,0.0
1787250547.436066151,1787250547.436074018,command,-0.016804594546556473,0.5473380088806152,0.0
1787250547.504108906,1787250547.503547907,state_stamped,-0.010495560243725777,0.32274317741394043,0.0
1787250547.504141808,1787250547.504147291,state,-0.010495560243725777,0.32274317741394043,0.0
1787250547.505905390,1787250547.505911589,command,-0.01239418238401413,0.5814419388771057,0.0
1787250547.564113855,1787250547.563548326,state_stamped,-0.010951233096420765,0.38483133912086487,0.0
1787250547.564153671,1787250547.564157486,state,-0.010951233096420765,0.38483133912086487,0.0
1787250547.566107750,1787250547.566115856,command,-0.005889150779694319,0.5979902148246765,0.0
1787250547.634072304,1787250547.633548260,state_stamped,-0.009533850476145744,0.44451579451560974,0.0
1787250547.634110451,1787250547.634114027,state,-0.009533850476145744,0.44451579451560974,0.0
1787250547.636073589,1787250547.636081696,command,0.009465537033975124,0.543804407119751,0.0
1787250547.704102516,1787250547.704107761,state,-0.004214044660329819,0.4723165035247803,0.0
1787250547.704147339,1787250547.703547955,state_stamped,-0.004214044660329819,0.4723165035247803,0.0
1787250547.706107855,1787250547.706113815,command,0.013813904486596584,0.48538780212402344,0.0
1787250547.764109135,1787250547.764112949,state,0.00011268723756074905,0.475453644990921,0.0
1787250547.764149427,1787250547.763548374,state_stamped,0.00011268723756074905,0.475453644990921,0.0
1787250547.766083956,1787250547.766091824,command,0.01979987882077694,0.4333418011665344,0.0
1787250547.834041119,1787250547.833548069,state_stamped,0.005625076126307249,0.46366238594055176,0.0
1787250547.834079742,1787250547.834084749,state,0.005625076126307249,0.46366238594055176,0.0
1787250547.836068869,1787250547.836076260,command,0.028147509321570396,0.34937214851379395,0.0
1787250547.904031038,1787250547.904035807,state,0.011931369081139565,0.43166106939315796,0.0
1787250547.904097557,1787250547.903548002,state_stamped,0.011931369081139565,0.43166106939315796,0.0
1787250547.906123638,1787250547.906128407,command,0.03625769540667534,0.26920294761657715,0.0
1787250547.964131832,1787250547.963547707,state_stamped,0.01776965707540512,0.3926713168621063,0.0
1787250547.964175463,1787250547.964181900,state,0.01776965707540512,0.3926713168621063,0.0
1787250547.966248512,1787250547.966256142,command,0.040108561515808105,0.22919975221157074,0.0
1787250548.033987045,1787250548.033994913,state,0.02402486279606819,0.3468970060348511,0.0
1787250548.034111500,1787250548.033551216,state_stamped,0.02402486279606819,0.3468970060348511,0.0
1787250548.036155701,1787250548.036163330,command,0.04315907508134842,0.15845581889152527,0.0
1787250548.104037046,1787250548.104041100,state,0.029382195323705673,0.2941358983516693,0.0
1787250548.104096651,1787250548.103548050,state_stamped,0.029382195323705673,0.2941358983516693,0.0
1787250548.106154680,1787250548.106159925,command,0.03938581794500351,0.11318590492010117,0.0
1787250548.164014339,1787250548.164016962,state,0.03178305923938751,0.2507079839706421,0.0
1787250548.164060831,1787250548.163547993,state_stamped,0.03178305923938751,0.2507079839706421,0.0
1787250548.165771246,1787250548.165779114,command,0.03317371755838394,0.0678931474685669,0.0
1787250548.233963728,1787250548.233966112,state,0.032172445207834244,0.1995197832584381,0.0
1787250548.234063148,1787250548.233547926,state_stamped,0.032172445207834244,0.1995197832584381,0.0
1787250548.236056328,1787250548.236063957,command,0.03240811452269554,-0.2221316397190094,0.0
1787250548.304021597,1787250548.304023743,state,0.0322384312748909,0.08145764470100403,0.0
1787250548.304066658,1787250548.303547859,state_stamped,0.0322384312748909,0.08145764470100403,0.0
1787250548.306230307,1787250548.306235552,command,0.03190597891807556,-0.3112492859363556,0.0
1787250548.364035606,1787250548.364038229,state,0.03215864300727844,-0.012792699038982391,0.0
1787250548.364120007,1787250548.363548279,state_stamped,0.03215864300727844,-0.012792699038982391,0.0
1787250548.366139650,1787250548.366147280,command,0.037838276475667953,-0.38384053111076355,0.0
1787250548.433962345,1787250548.433964252,state,0.033748939633369446,-0.11668599396944046,0.0
1787250548.434060812,1787250548.433548212,state_stamped,0.033748939633369446,-0.11668599396944046,0.0
1787250548.436077356,1787250548.436084986,command,0.043312881141901016,-0.4460153579711914,0.0
1787250548.504026413,1787250548.504032612,state,0.036426860839128494,-0.20889876782894135,0.0
1787250548.504076958,1787250548.503548622,state_stamped,0.036426860839128494,-0.20889876782894135,0.0
1787250548.506742954,1787250548.506748438,command,0.041272375732660294,-0.4805724322795868,0.0
1787250548.564056873,1787250548.564060450,state,0.037589769810438156,-0.2740996479988098,0.0
1787250548.564160585,1787250548.563547850,state_stamped,0.037589769810438156,-0.2740996479988098,0.0
1787250548.565962076,1787250548.565969706,command,0.040393538773059845,-0.46363624930381775,0.0
1787250548.633976936,1787250548.633981705,state,0.038374826312065125,-0.3271699845790863,0.0
1787250548.634047270,1787250548.633548021,state_stamped,0.038374826312065125,-0.3271699845790863,0.0
1787250548.636155367,1787250548.636162996,command,0.03430726379156113,-0.47654569149017334,0.0
1787250548.704034567,1787250548.704039097,state,0.037235911935567856,-0.3689951002597809,0.0
1787250548.704149723,1787250548.703547955,state_stamped,0.037235911935567856,-0.3689951002597809,0.0
1787250548.706274271,1787250548.706282854,command,0.02333328314125538,-0.4815344214439392,0.0
1787250548.764200926,1787250548.764209270,state,0.03389926999807358,-0.3960046172142029,0.0
1787250548.764263630,1787250548.763548136,state_stamped,0.03389926999807358,-0.3960046172142029,0.0
1787250548.766890526,1787250548.766898870,command,0.01561728771775961,-0.48946160078048706,0.0
1787250548.834183216,1787250548.834188938,state,0.028780320659279823,-0.42217254638671875,0.0
1787250548.834291458,1787250548.833548069,state_stamped,0.028780320659279823,-0.42217254638671875,0.0
1787250548.836363077,1787250548.836370468,command,0.004681443329900503,-0.48125410079956055,0.0
1787250548.904067278,1787250548.903548717,state_stamped,0.02203257754445076,-0.43871551752090454,0.0
1787250548.904103994,1787250548.904109478,state,0.02203257754445076,-0.43871551752090454,0.0
1787250548.906201601,1787250548.906205177,command,-0.005790132097899914,-0.46102359890937805,0.0
1787250548.964240313,1787250548.963548183,state_stamped,0.015355166047811508,-0.44406941533088684,0.0
1787250548.964283228,1787250548.964292049,state,0.015355166047811508,-0.44406941533088684,0.0
1787250548.966189384,1787250548.966194391,command,-0.017041362822055817,-0.41527408361434937,0.0
1787250549.034194708,1787250549.033548117,state_stamped,0.006284169852733612,-0.4360067546367645,0.0
1787250549.034238577,1787250549.034248590,state,0.006284169852733612,-0.4360067546367645,0.0
1787250549.036263227,1787250549.036270857,command,-0.022409163415431976,-0.310529500246048,0.0
1787250549.104207754,1787250549.104213476,state,-0.0017499737441539764,-0.400873064994812,0.0
1787250549.104248047,1787250549.103548050,state_stamped,-0.0017499737441539764,-0.400873064994812,0.0
1787250549.106223822,1787250549.106230021,command,-0.02873685397207737,-0.2236555814743042,0.0
1787250549.164236546,1787250549.163548231,state_stamped,-0.008226845413446426,-0.3583407402038574,0.0
1787250549.164272785,1787250549.164278030,state,-0.008226845413446426,-0.3583407402038574,0.0
1787250549.166292429,1787250549.166300535,command,-0.032906126230955124,-0.15013468265533447,0.0
1787250549.234181643,1787250549.234189749,state,-0.015137022361159325,-0.3000432252883911,0.0
1787250549.234243393,1787250549.233548164,state_stamped,-0.015137022361159325,-0.3000432252883911,0.0
1787250549.236207247,1787250549.236215591,command,-0.033438801765441895,-0.06027888506650925,0.0
1787250549.304202795,1787250549.304210901,state,-0.020261503756046295,-0.2329094409942627,0.0
1787250549.304311991,1787250549.303547859,state_stamped,-0.020261503756046295,-0.2329094409942627,0.0
1787250549.306278229,1787250549.306283236,command,-0.030606122687458992,-0.012415243312716484,0.0
1787250549.364231348,1787250549.364236593,state,-0.022744212299585342,-0.17999082803726196,0.0
1787250549.364268303,1787250549.363547802,state_stamped,-0.022744212299585342,-0.17999082803726196,0.0
1787250549.366261482,1787250549.366269350,command,-0.026064148172736168,0.016393817961215973,0.0
1787250549.434220076,1787250549.433548212,state_stamped,-0.023673798888921738,-0.125002920627594,0.0
1787250549.434263706,1787250549.434268951,state,-0.023673798888921738,-0.125002920627594,0.0
1787250549.436215639,1787250549.436223507,command,-0.01335721556097269,0.108025923371315,0.0
1787250549.504239082,1787250549.503548145,state_stamped,-0.02078515850007534,-0.059754908084869385,0.0
1787250549.504293442,1787250549.504301786,state,-0.02078515850007534,-0.059754908084869385,0.0
1787250549.506284237,1787250549.506289244,command,-0.0019477932946756482,0.3619571328163147,0.0
1787250549.564234495,1787250549.563547850,state_stamped,-0.016264216974377632,0.04145541042089462,0.0
1787250549.564269543,1787250549.564274788,state,-0.016264216974377632,0.04145541042089462,0.0
1787250549.566270113,1787250549.566278219,command,0.005750458687543869,0.41903308033943176,0.0
1787250549.634118080,1787250549.633548260,state_stamped,-0.010100054554641247,0.1471780687570572,0.0
1787250549.634206295,1787250549.634214163,state,-0.010100054554641247,0.1471780687570572,0.0
1787250549.636176825,1787250549.636182308,command,0.01134173572063446,0.5094211101531982,0.0
1787250549.704207182,1787250549.703547716,state_stamped,-0.004096399061381817,0.24860534071922302,0.0
1787250549.704249144,1787250549.704259634,state,-0.004096399061381817,0.24860534071922302,0.0
1787250549.706269503,1787250549.706274271,command,0.01458252128213644,0.5896753072738647,0.0
1787250549.764234066,1787250549.763548136,state_stamped,0.0003865654580295086,0.33046257495880127,0.0
1787250549.764269114,1787250549.764274359,state,0.0003865654580295086,0.33046257495880127,0.0
1787250549.766235113,1787250549.766242743,command,0.01158643513917923,0.6243909001350403,0.0
1787250549.834197283,1787250549.834202051,state,0.0035225441679358482,0.41276291012763977,0.0
1787250549.834235907,1787250549.833548546,state_stamped,0.0035225441679358482,0.41276291012763977,0.0
1787250549.836177349,1787250549.836183071,command,0.013609829358756542,0.6392008662223816,0.0
1787250549.904226303,1787250549.903548241,state_stamped,0.006346977315843105,0.47616538405418396,0.0
1787250549.904260635,1787250549.904266596,state,0.006346977315843105,0.47616538405418396,0.0
1787250549.906498194,1787250549.906503439,command,0.011807055212557316,0.6588313579559326,0.0
1787250549.964252949,1787250549.963547945,state_stamped,0.007657389622181654,0.5200049877166748,0.0
1787250549.964293003,1787250549.964301348,state,0.007657389622181654,0.5200049877166748,0.0
1787250549.966098547,1787250549.966103792,command,0.0053412942215800285,0.6817987561225891,0.0
1787250550.034193516,1787250550.033548355,state_stamped,0.007008879911154509,0.5653074383735657,0.0
1787250550.034229040,1787250550.034235239,state,0.007008879911154509,0.5653074383735657,0.0
1787250550.036262989,1787250550.036267281,command,-0.0050024064257740974,0.6833772659301758,0.0
1787250550.104208231,1787250550.103548050,state_stamped,0.003645732067525387,0.5983668565750122,0.0
1787250550.104238272,1787250550.104243517,state,0.003645732067525387,0.5983668565750122,0.0
1787250550.106212854,1787250550.106215477,command,-0.005171481054276228,0.6362684965133667,0.0
1787250550.164240599,1787250550.163548708,state_stamped,0.0015295804478228092,0.6074633598327637,0.0
1787250550.164271116,1787250550.164275885,state,0.0015295804478228092,0.6074633598327637,0.0
1787250550.166210651,1787250550.166213989,command,-0.007271740585565567,0.5665751099586487,0.0
1787250550.234168768,1787250550.233547926,state_stamped,-0.0009347626473754644,0.5960147976875305,0.0
1787250550.234250069,1787250550.234255075,state,-0.0009347626473754644,0.5960147976875305,0.0
1787250550.236147881,1787250550.236150742,command,-0.005550965201109648,0.4862525463104248,0.0
1787250550.304071188,1787250550.303548098,state_stamped,-0.002227304968982935,0.5652812123298645,0.0
1787250550.304115772,1787250550.304121017,state,-0.002227304968982935,0.5652812123298645,0.0
1787250550.306063175,1787250550.306066036,command,0.0008749847766011953,0.39128345251083374,0.0
1787250550.364208937,1787250550.363548279,state_stamped,-0.0014827551785856485,0.5235217213630676,0.0
1787250550.364238739,1787250550.364244223,state,-0.0014827551785856485,0.5235217213630676,0.0
1787250550.366272688,1787250550.366277695,command,0.0057585337199270725,0.33719706535339355,0.0
1787250550.434191942,1787250550.433547974,state_stamped,0.0005447994917631149,0.4713509678840637,0.0
1787250550.434234381,1787250550.434239388,state,0.0005447994917631149,0.4713509678840637,0.0
1787250550.436144829,1787250550.436147690,command,0.01586426980793476,0.25384509563446045,0.0
1787250550.504066706,1787250550.504075766,state,0.004834262654185295,0.41044914722442627,0.0
1787250550.504129648,1787250550.503548145,state_stamped,0.004834262654185295,0.41044914722442627,0.0
1787250550.506797552,1787250550.506801128,command,0.02100355550646782,0.18290142714977264,0.0
1787250550.564169168,1787250550.563548326,state_stamped,0.008714906871318817,0.35583749413490295,0.0
1787250550.564204693,1787250550.564211130,state,0.008714906871318817,0.35583749413490295,0.0
1787250550.566332102,1787250550.566334724,command,0.018107261508703232,0.13676947355270386,0.0
1787250550.634049654,1787250550.633548021,state_stamped,0.011344749480485916,0.29449883103370667,0.0
1787250550.634094000,1787250550.634100437,state,0.011344749480485916,0.29449883103370667,0.0
1787250550.636172771,1787250550.636175632,command,0.021627120673656464,0.07631227374076843,0.0
1787250550.704228163,1787250550.703547955,state_stamped,0.014223811216652393,0.2334066480398178,0.0
1787250550.704264402,1787250550.704269409,state,0.014223811216652393,0.2334066480398178,0.0
1787250550.706283808,1787250550.706286669,command,0.014606383629143238,-0.1887223720550537,0.0
1787250550.764230967,1787250550.763548136,state_stamped,0.014315628446638584,0.13209539651870728,0.0
1787250550.764267445,1787250550.764272451,state,0.014315628446638584,0.13209539651870728,0.0
1787250550.766220570,1787250550.766223431,command,0.019978925585746765,-0.27123361825942993,0.0
1787250550.834181309,1787250550.834184885,state,0.01590135507285595,0.019163034856319427,0.0
1787250550.834218025,1787250550.833548307,state_stamped,0.01590135507285595,0.019163034856319427,0.0
1787250550.836220741,1787250550.836224318,command,0.032759565860033035,-0.34169942140579224,0.0
1787250550.904070139,1787250550.903548002,state_stamped,0.020621642470359802,-0.08187822252511978,0.0
1787250550.904107094,1787250550.904112101,state,0.020621642470359802,-0.08187822252511978,0.0
1787250550.906133652,1787250550.906136274,command,0.041985053569078445,-0.4074874818325043,0.0
1787250550.964402914,1787250550.964408875,state,0.025748874992132187,-0.16002467274665833,0.0
1787250550.964451075,1787250550.963548183,state_stamped,0.025748874992132187,-0.16002467274665833,0.0
1787250550.966432095,1787250550.966441154,command,0.04322023317217827,-0.44561633467674255,0.0
1787250551.034194708,1787250551.033548355,state_stamped,0.030640864744782448,-0.2399904727935791,0.0
1787250551.034294367,1787250551.034302235,state,0.030640864744782448,-0.2399904727935791,0.0
1787250551.036231279,1787250551.036239386,command,0.0429595485329628,-0.4442689120769501,0.0
1787250551.104218006,1787250551.103547812,state_stamped,0.0340900681912899,-0.2971879839897156,0.0
1787250551.104253292,1787250551.104258537,state,0.0340900681912899,-0.2971879839897156,0.0
1787250551.106237173,1787250551.106242657,command,0.03575031831860542,-0.4556228816509247,0.0
1787250551.164233208,1787250551.163548231,state_stamped,0.034488532692193985,-0.33521267771720886,0.0
1787250551.164276838,1787250551.164282084,state,0.034488532692193985,-0.33521267771720886,0.0
1787250551.166263580,1787250551.166266918,command,0.03265877068042755,-0.47231099009513855,0.0
1787250551.234220982,1787250551.234226227,state,0.033976200968027115,-0.3736001253128052,0.0
1787250551.234267950,1787250551.233548164,state_stamped,0.033976200968027115,-0.3736001253128052,0.0
1787250551.236185551,1787250551.236188412,command,0.02490752935409546,-0.4813983142375946,0.0
1787250551.304264545,1787250551.303548098,state_stamped,0.0314369723200798,-0.4037836194038391,0.0
1787250551.304302454,1787250551.304307461,state,0.0314369723200798,-0.4037836194038391,0.0
1787250551.306602716,1787250551.306606054,command,0.015719886869192123,-0.48435351252555847,0.0
1787250551.364232302,1787250551.363547802,state_stamped,0.02766489051282406,-0.42312029004096985,0.0
1787250551.364269972,1787250551.364276409,state,0.02766489051282406,-0.42312029004096985,0.0
1787250551.366290092,1787250551.366292238,command,0.009734654799103737,-0.47643759846687317,0.0
1787250551.434202433,1787250551.434206963,state,0.02264438569545746,-0.4380492568016052,0.0
1787250551.434247971,1787250551.433548450,state_stamped,0.02264438569545746,-0.4380492568016052,0.0
1787250551.436218739,1787250551.436220646,command,-0.002245068782940507,-0.4464343786239624,0.0
1787250551.504316330,1787250551.503547907,state_stamped,0.0156753808259964,-0.44039708375930786,0.0
1787250551.504370928,1787250551.504377604,state,0.0156753808259964,-0.44039708375930786,0.0
1787250551.506785870,1787250551.506788969,command,-0.014198139309883118,-0.37759992480278015,0.0
1787250551.564109564,1787250551.563548326,state_stamped,0.008505703881382942,-0.4253256916999817,0.0
1787250551.564156532,1787250551.564162493,state,0.008505703881382942,-0.4253256916999817,0.0
1787250551.566081047,1787250551.566087008,command,-0.018782738596200943,-0.26950278878211975,0.0
1787250551.634120464,1787250551.633548498,state_stamped,0.0008649113588035107,-0.38169512152671814,0.0
1787250551.634158373,1787250551.634165049,state,0.0008649113588035107,-0.38169512152671814,0.0
1787250551.635956526,1787250551.635962009,command,-0.025984564796090126,-0.19328425824642181,0.0
1787250551.704247713,1787250551.703547955,state_stamped,-0.006652881391346455,-0.3289405107498169,0.0
1787250551.704294682,1787250551.704300642,state,-0.006652881391346455,-0.3289405107498169,0.0
1787250551.706354856,1787250551.706362724,command,-0.03110092505812645,-0.11371268332004547,0.0
1787250551.764003754,1787250551.764008045,state,-0.012520442716777325,-0.2772855758666992,0.0
1787250551.764045715,1787250551.763548374,state_stamped,-0.012520442716777325,-0.2772855758666992,0.0
1787250551.765822649,1787250551.765829325,command,-0.03403609246015549,-0.03894995525479317,0.0
1787250551.834038258,1787250551.833548307,state_stamped,-0.018544822931289673,-0.21055161952972412,0.0
1787250551.834072351,1787250551.834075689,state,-0.018544822931289673,-0.21055161952972412,0.0
1787250551.835858107,1787250551.835864305,command,-0.030618108808994293,0.0016656292136758566,0.0
1787250551.904028893,1787250551.904032946,state,-0.02192532829940319,-0.1511310636997223,0.0
1787250551.904101610,1787250551.903548002,state_stamped,-0.02192532829940319,-0.1511310636997223,0.0
1787250551.906173706,1787250551.906180143,command,-0.02353822998702526,0.045281488448381424,0.0
1787250551.964069843,1787250551.964074850,state,-0.022312426939606667,-0.10399174690246582,0.0
1787250551.964181423,1787250551.963548422,state_stamped,-0.022312426939606667,-0.10399174690246582,0.0
1787250551.966328144,1787250551.966333628,command,-0.014056799933314323,0.13458050787448883,0.0
1787250552.034042358,1787250552.034052134,state,-0.020000847056508064,-0.03719139099121094,0.0
1787250552.034123182,1787250552.033548594,state_stamped,-0.020000847056508064,-0.03719139099121094,0.0
1787250552.037097931,1787250552.037106752,command,0.0072628348134458065,0.3144218921661377,0.0
1787250552.104077578,1787250552.104082108,state,-0.012367065995931625,0.0612596794962883,0.0
1787250552.104125261,1787250552.103548050,state_stamped,-0.012367065995931625,0.0612596794962883,0.0
1787250552.106321335,1787250552.106327057,command,0.017546076327562332,0.41179725527763367,0.0
1787250552.164062262,1787250552.164067507,state,-0.005187925882637501,0.14538852870464325,0.0
1787250552.164115906,1787250552.163547993,state_stamped,-0.005187925882637501,0.14538852870464325,0.0
1787250552.166326046,1787250552.166333914,command,0.019674940034747124,0.48935219645500183,0.0
1787250552.234145880,1787250552.234151363,state,0.0017736796289682388,0.24169839918613434,0.0
1787250552.234221935,1787250552.233547926,state_stamped,0.0017736796289682388,0.24169839918613434,0.0
1787250552.236303329,1787250552.236311436,command,0.01697005331516266,0.5693649053573608,0.0
1787250552.304164171,1787250552.304167271,state,0.0060286750085651875,0.3334452509880066,0.0
1787250552.304207563,1787250552.303548098,state_stamped,0.0060286750085651875,0.3334452509880066,0.0
1787250552.306363821,1787250552.306368828,command,0.013740268535912037,0.6329836845397949,0.0
1787250552.363972902,1787250552.363976002,state,0.00787945743650198,0.40533447265625,0.0
1787250552.364010334,1787250552.363548040,state_stamped,0.00787945743650198,0.40533447265625,0.0
1787250552.365766764,1787250552.365772486,command,0.017036767676472664,0.6419819593429565,0.0
1787250552.433955908,1787250552.433959007,state,0.010443512350320816,0.47159597277641296,0.0
1787250552.434009790,1787250552.433548212,state_stamped,0.010443512350320816,0.47159597277641296,0.0
1787250552.435877323,1787250552.435883045,command,0.010396547615528107,0.6687740683555603,0.0
1787250552.504019737,1787250552.504022837,state,0.010430362075567245,0.5268054604530334,0.0
1787250552.504087925,1787250552.503547907,state_stamped,0.010430362075567245,0.5268054604530334,0.0
1787250552.506225586,1787250552.506231070,command,-0.0009515772690065205,0.6765798926353455,0.0
1787250552.564021349,1787250552.564027786,state,0.007698697037994862,0.562751293182373,0.0
1787250552.564088583,1787250552.563547850,state_stamped,0.007698697037994862,0.562751293182373,0.0
1787250552.566392422,1787250552.566397190,command,-0.001705960021354258,0.6488091945648193,0.0
1787250552.634075165,1787250552.634082079,state,0.005065372679382563,0.5868476629257202,0.0
1787250552.634189129,1787250552.633548498,state_stamped,0.005065372679382563,0.5868476629257202,0.0
1787250552.636437178,1787250552.636442184,command,-0.007292515132576227,0.5613455176353455,0.0
1787250552.704113960,1787250552.704118490,state,0.0016051726415753365,0.5797070860862732,0.0
1787250552.704165936,1787250552.703548193,state_stamped,0.0016051726415753365,0.5797070860862732,0.0
1787250552.706278324,1787250552.706284761,command,-0.009478237479925156,0.4806351363658905,0.0
1787250552.764128923,1787250552.764131546,state,-0.0010548483114689589,0.5559297800064087,0.0
1787250552.764229536,1787250552.763548374,state_stamped,-0.0010548483114689589,0.5559297800064087,0.0
1787250552.766224146,1787250552.766229868,command,-0.004517163150012493,0.398175448179245,0.0
1787250552.834128141,1787250552.834130526,state,-0.002024298533797264,0.5117584466934204,0.0
1787250552.834207058,1787250552.833548546,state_stamped,-0.002024298533797264,0.5117584466934204,0.0
1787250552.836304426,1787250552.836309910,command,0.001430097152478993,0.33930838108062744,0.0
1787250552.904133081,1787250552.904139757,state,-0.0010570751037448645,0.46347278356552124,0.0
1787250552.904193878,1787250552.903548002,state_stamped,-0.0010570751037448645,0.46347278356552124,0.0
1787250552.906277180,1787250552.906281233,command,0.011611364781856537,0.2558542490005493,0.0
1787250552.964079618,1787250552.964086294,state,0.001983370166271925,0.413644015789032,0.0
1787250552.964132309,1787250552.963548183,state_stamped,0.001983370166271925,0.413644015789032,0.0
1787250552.966920376,1787250552.966926575,command,0.016623061150312424,0.18817497789859772,0.0
1787250553.033940077,1787250553.033947945,state,0.006082499399781227,0.35051244497299194,0.0
1787250553.034067869,1787250553.033548594,state_stamped,0.006082499399781227,0.35051244497299194,0.0
1787250553.036027908,1787250553.036031008,command,0.028468670323491096,0.1105947345495224,0.0
1787250553.104243994,1787250553.103548050,state_stamped,0.012350570410490036,0.2833361029624939,0.0
1787250553.104297161,1787250553.104302406,state,0.012350570410490036,0.2833361029624939,0.0
1787250553.106254339,1787250553.106256723,command,0.023334382101893425,0.07924914360046387,0.0
1787250553.164112329,1787250553.164117098,state,0.014986691065132618,0.2343551218509674,0.0
1787250553.164167643,1787250553.163547993,state_stamped,0.014986691065132618,0.2343551218509674,0.0
1787250553.166220188,1787250553.166222334,command,0.016605673357844353,-0.17163725197315216,0.0
1787250553.234143257,1787250553.234147787,state,0.015440008603036404,0.12067662179470062,0.0
1787250553.234253168,1787250553.233548403,state_stamped,0.015440008603036404,0.12067662179470062,0.0
1787250553.236501217,1787250553.236506462,command,0.022135494276881218,-0.2729499638080597,0.0
1787250553.304219484,1787250553.303547859,state_stamped,0.01731473207473755,0.010461941361427307,0.0
1787250553.304318666,1787250553.304325342,state,0.01731473207473755,0.010461941361427307,0.0
1787250553.306300163,1787250553.306302786,command,0.034875381737947464,-0.35058116912841797,0.0
1787250553.364121914,1787250553.364127159,state,0.02152930572628975,-0.07618877291679382,0.0
1787250553.364180326,1787250553.363548279,state_stamped,0.02152930572628975,-0.07618877291679382,0.0
1787250553.366205931,1787250553.366208792,command,0.042573753744363785,-0.3852291703224182,0.0
1787250553.434119463,1787250553.434124231,state,0.027421755716204643,-0.16272014379501343,0.0
1787250553.434231758,1787250553.433548212,state_stamped,0.027421755716204643,-0.16272014379501343,0.0
1787250553.436215639,1787250553.436217785,command,0.04260622709989548,-0.39983227849006653,0.0
1787250553.504154921,1787250553.504158020,state,0.031673405319452286,-0.22911152243614197,0.0
1787250553.504199266,1787250553.503548145,state_stamped,0.031673405319452286,-0.22911152243614197,0.0
1787250553.506291628,1787250553.506294250,command,0.04702641814947128,-0.4282034933567047,0.0
1787250553.564143896,1787250553.564145803,state,0.035358112305402756,-0.27689337730407715,0.0
1787250553.564243555,1787250553.563548088,state_stamped,0.035358112305402756,-0.27689337730407715,0.0
1787250553.566272259,1787250553.566274166,command,0.03962356224656105,-0.45234158635139465,0.0
1787250553.634057283,1787250553.634058952,state,0.03655244782567024,-0.3260192573070526,0.0
1787250553.634101868,1787250553.633548498,state_stamped,0.03655244782567024,-0.3260192573070526,0.0
1787250553.635916948,1787250553.635918856,command,0.039486631751060486,-0.4757155478000641,0.0
1787250553.704181671,1787250553.704184055,state,0.037374015897512436,-0.3679339587688446,0.0
1787250553.704280138,1787250553.703548193,state_stamped,0.037374015897512436,-0.3679339587688446,0.0
1787250553.706255198,1787250553.706256866,command,0.03421422839164734,-0.486613392829895,0.0
1787250553.764155149,1787250553.764157295,state,0.03661566227674484,-0.39641714096069336,0.0
1787250553.764199257,1787250553.763548374,state_stamped,0.03661566227674484,-0.39641714096069336,0.0
1787250553.766312122,1787250553.766314030,command,0.024787096306681633,-0.4778739809989929,0.0
1787250553.834120989,1787250553.834123850,state,0.03330367058515549,-0.4192250072956085,0.0
1787250553.834166288,1787250553.833548307,state_stamped,0.03330367058515549,-0.4192250072956085,0.0
1787250553.835937023,1787250553.835938454,command,0.01262232381850481,-0.4554060697555542,0.0
1787250553.904143810,1787250553.904146910,state,0.02751290425658226,-0.4293556809425354,0.0
1787250553.904196501,1787250553.903548002,state_stamped,0.02751290425658226,-0.4293556809425354,0.0
1787250553.906286955,1787250553.906288624,command,-0.0015103779733181,-0.4021417200565338,0.0
1787250553.964217186,1787250553.964225531,state,0.02054729126393795,-0.42282429337501526,0.0
1787250553.964339972,1787250553.963548183,state_stamped,0.02054729126393795,-0.42282429337501526,0.0
1787250553.966718674,1787250553.966724634,command,-0.01556630339473486,-0.3330182731151581,0.0
1787250554.034142494,1787250554.034149885,state,0.010435487143695354,-0.3976786136627197,0.0
1787250554.034212828,1787250554.033548355,state_stamped,0.010435487143695354,-0.3976786136627197,0.0
1787250554.036621094,1787250554.036624670,command,-0.02070559374988079,-0.22167041897773743,0.0
1787250554.104145527,1787250554.104148149,state,0.0017160167917609215,-0.34839650988578796,0.0
1787250554.104190350,1787250554.103548050,state_stamped,0.0017160167917609215,-0.34839650988578796,0.0
1787250554.106275082,1787250554.106277227,command,-0.02945569157600403,-0.14970172941684723,0.0
1787250554.164155722,1787250554.164160013,state,-0.005765254143625498,-0.3007093667984009,0.0
1787250554.164198875,1787250554.163548470,state_stamped,-0.005765254143625498,-0.3007093667984009,0.0
1787250554.166265488,1787250554.166267633,command,-0.03379611670970917,-0.07851321995258331,0.0
1787250554.234119415,1787250554.234121561,state,-0.013613833114504814,-0.23849493265151978,0.0
1787250554.234162569,1787250554.233547926,state_stamped,-0.013613833114504814,-0.23849493265151978,0.0
1787250554.236281157,1787250554.236282825,command,-0.03097219578921795,-0.01417567115277052,0.0
1787250554.304147720,1787250554.304149389,state,-0.018474169075489044,-0.17568561434745789,0.0
1787250554.304197311,1787250554.303547859,state_stamped,-0.018474169075489044,-0.17568561434745789,0.0
1787250554.306262016,1787250554.306264162,command,-0.02828422747552395,0.022777684032917023,0.0
1787250554.364223003,1787250554.364226103,state,-0.020828595384955406,-0.1280541718006134,0.0
1787250554.364264488,1787250554.363548279,state_stamped,-0.020828595384955406,-0.1280541718006134,0.0
1787250554.366347075,1787250554.366348982,command,-0.00015593146963510662,0.2868329882621765,0.0
1787250554.434168577,1787250554.434172630,state,-0.015040233731269836,-0.01188545674085617,0.0
1787250554.434214115,1787250554.433548450,state_stamped,-0.015040233731269836,-0.01188545674085617,0.0
1787250554.436272621,1787250554.436275244,command,0.0024186400696635246,0.3512512147426605,0.0
1787250554.504204750,1787250554.503548145,state_stamped,-0.010151764377951622,0.08979249000549316,0.0
1787250554.504292011,1787250554.504297256,state,-0.010151764377951622,0.08979249000549316,0.0
1787250554.506362915,1787250554.506365299,command,-0.005258054006844759,0.41030943393707275,0.0
1787250554.564054251,1787250554.564060450,state,-0.008977282792329788,0.16671596467494965,0.0
1787250554.564105988,1787250554.563547611,state_stamped,-0.008977282792329788,0.16671596467494965,0.0
1787250554.566716194,1787250554.566719294,command,-0.01690460927784443,0.4773043096065521,0.0
1787250554.634148359,1787250554.634151936,state,-0.01119694672524929,0.2536812126636505,0.0
1787250554.634186745,1787250554.633548021,state_stamped,-0.01119694672524929,0.2536812126636505,0.0
1787250554.636438370,1787250554.636441231,command,-0.022285066545009613,0.5565674304962158,0.0
1787250554.704009295,1787250554.704012394,state,-0.014301647432148457,0.3384900987148285,0.0
1787250554.704056025,1787250554.703548670,state_stamped,-0.014301647432148457,0.3384900987148285,0.0
1787250554.705960035,1787250554.705961943,command,-0.022172998636960983,0.5944441556930542,0.0
1787250554.764152527,1787250554.764154911,state,-0.016190754249691963,0.39991849660873413,0.0
1787250554.764198065,1787250554.763548136,state_stamped,-0.016190754249691963,0.39991849660873413,0.0
1787250554.766297579,1787250554.766299248,command,-0.013663757592439651,0.597606897354126,0.0
1787250554.834114552,1787250554.834117413,state,-0.015483194030821323,0.4552713632583618,0.0
1787250554.834153891,1787250554.833548307,state_stamped,-0.015483194030821323,0.4552713632583618,0.0
1787250554.835953236,1787250554.835954666,command,0.001611069543287158,0.543129026889801,0.0
1787250554.904144526,1787250554.904147387,state,-0.010696819052100182,0.4798714220523834,0.0
1787250554.904196501,1787250554.903548002,state_stamped,-0.010696819052100182,0.4798714220523834,0.0
1787250554.906294823,1787250554.906296253,command,0.009883781895041466,0.4609226584434509,0.0
1787250554.964250803,1787250554.963547945,state_stamped,-0.0057574789971113205,0.47532373666763306,0.0
1787250554.964354038,1787250554.964363337,state,-0.0057574789971113205,0.47532373666763306,0.0
1787250554.966779709,1787250554.966784477,command,0.02000570483505726,0.43013709783554077,0.0
1787250555.034081697,1787250555.034088850,state,0.0014562238939106464,0.4626714587211609,0.0
1787250555.034136772,1787250555.033548117,state_stamped,0.0014562238939106464,0.4626714587211609,0.0
1787250555.036042690,1787250555.036045551,command,0.03226489946246147,0.3408048152923584,0.0
1787250555.104147911,1787250555.104153156,state,0.010082652792334557,0.42854881286621094,0.0
1787250555.104201794,1787250555.103548050,state_stamped,0.010082652792334557,0.42854881286621094,0.0
1787250555.105983973,1787250555.105986357,command,0.038335662335157394,0.2735327184200287,0.0
1787250555.164151192,1787250555.164156914,state,0.016863349825143814,0.3913450837135315,0.0
1787250555.164270878,1787250555.163547754,state_stamped,0.016863349825143814,0.3913450837135315,0.0
1787250555.165972233,1787250555.165974617,command,0.045063648372888565,0.22423230111598969,0.0
1787250555.234110117,1787250555.234115601,state,0.024759437888860703,0.34455347061157227,0.0
1787250555.234228134,1787250555.233547926,state_stamped,0.024759437888860703,0.34455347061157227,0.0
1787250555.235948563,1787250555.235952139,command,0.048545703291893005,0.15588994324207306,0.0
1787250555.304148436,1787250555.304154396,state,0.031419605016708374,0.29172760248184204,0.0
1787250555.304205418,1787250555.303548098,state_stamped,0.031419605016708374,0.29172760248184204,0.0
1787250555.305969715,1787250555.305971861,command,0.04251430556178093,0.10989492386579514,0.0
1787250555.364152670,1787250555.364156723,state,0.03408233821392059,0.24808768928050995,0.0
1787250555.364188194,1787250555.363548040,state_stamped,0.03408233821392059,0.24808768928050995,0.0
1787250555.365995407,1787250555.365998030,command,0.03648146614432335,0.066485695540905,0.0
1787250555.434168816,1787250555.433548212,state_stamped,0.03475409373641014,0.19723910093307495,0.0
1787250555.434214115,1787250555.434219122,state,0.03475409373641014,0.19723910093307495,0.0
1787250555.435968876,1787250555.435971260,command,0.03711308166384697,-0.2327536940574646,0.0
1787250555.504138947,1787250555.503548145,state_stamped,0.03541461005806923,0.07684106379747391,0.0
1787250555.504168272,1787250555.504173517,state,0.03541461005806923,0.07684106379747391,0.0
1787250555.505987406,1787250555.505992174,command,0.03500271216034889,-0.315900981426239,0.0
1787250555.564143658,1787250555.563548326,state_stamped,0.035315755754709244,-0.01741717755794525,0.0
1787250555.564188242,1787250555.564193726,state,0.035315755754709244,-0.01741717755794525,0.0
1787250555.566018581,1787250555.566023827,command,0.03784101828932762,-0.3851766884326935,0.0
1787250555.634123087,1787250555.633548260,state_stamped,0.03602283075451851,-0.12038994580507278,0.0
1787250555.634227991,1787250555.634233236,state,0.03602283075451851,-0.12038994580507278,0.0
1787250555.635952950,1787250555.635955572,command,0.04046954959630966,-0.4534131586551666,0.0
1787250555.704155445,1787250555.703547955,state_stamped,0.037267908453941345,-0.21363604068756104,0.0
1787250555.704197168,1787250555.704202652,state,0.037267908453941345,-0.21363604068756104,0.0
1787250555.705999851,1787250555.706005096,command,0.03770598769187927,-0.4863080680370331,0.0
1787250555.764146805,1787250555.763547897,state_stamped,0.037373047322034836,-0.2790772318840027,0.0
1787250555.764181852,1787250555.764189005,state,0.037373047322034836,-0.2790772318840027,0.0
1787250555.766057968,1787250555.766062498,command,0.03243780881166458,-0.47474244236946106,0.0
1787250555.834192276,1787250555.833552122,state_stamped,0.03599109873175621,-0.33386674523353577,0.0
1787250555.834239721,1787250555.834247828,state,0.03599109873175621,-0.33386674523353577,0.0
1787250555.836297989,1787250555.836302280,command,0.027223488315939903,-0.48273932933807373,0.0
1787250555.904200554,1787250555.903548241,state_stamped,0.03353630751371384,-0.37554866075515747,0.0
1787250555.904294729,1787250555.904300213,state,0.03353630751371384,-0.37554866075515747,0.0
1787250555.906337976,1787250555.906343460,command,0.016217701137065887,-0.4849243462085724,0.0
1787250555.964382172,1787250555.963553429,state_stamped,0.029379479587078094,-0.40180110931396484,0.0
1787250555.964480877,1787250555.964487076,state,0.029379479587078094,-0.40180110931396484,0.0
1787250555.966293573,1787250555.966301441,command,0.009845028631389141,-0.48948219418525696,0.0
1787250556.034101725,1787250556.034107924,state,0.023910239338874817,-0.4263499975204468,0.0
1787250556.034164190,1787250556.033548117,state_stamped,0.023910239338874817,-0.4263499975204468,0.0
1787250556.036136150,1787250556.036141634,command,-0.019108971580863,-0.7073113322257996,0.0
1787250556.104146242,1787250556.104151964,state,0.01186482235789299,-0.5050194263458252,0.0
1787250556.104202986,1787250556.103548288,state_stamped,0.01186482235789299,-0.5050194263458252,0.0
1787250556.106043100,1787250556.106048346,command,-0.022853845730423927,-0.7119913697242737,0.0
1787250556.164147854,1787250556.164155245,state,0.0035323556512594223,-0.5546926259994507,0.0
1787250556.164261103,1787250556.163548231,state_stamped,0.0035323556512594223,-0.5546926259994507,0.0
1787250556.166001320,1787250556.166006327,command,0.0003646528348326683,-0.4132656753063202,0.0
1787250556.234082699,1787250556.234088659,state,0.002645401516929269,-0.515093207359314,0.0
1787250556.234142780,1787250556.233547926,state_stamped,0.002645401516929269,-0.515093207359314,0.0
1787250556.235960007,1787250556.235965490,command,0.009587856940925121,-0.33455201983451843,0.0
1787250556.304132462,1787250556.304137945,state,0.004589288495481014,-0.4645417034626007,0.0
1787250556.304188728,1787250556.303548098,state_stamped,0.004589288495481014,-0.4645417034626007,0.0
1787250556.305864811,1787250556.305869818,command,-0.010427539236843586,-0.22157829999923706,0.0
1787250556.364128590,1787250556.364134073,state,0.0009852417279034853,-0.4062303602695465,0.0
1787250556.364181757,1787250556.363548040,state_stamped,0.0009852417279034853,-0.4062303602695465,0.0
1787250556.365837336,1787250556.365842581,command,-0.020580636337399483,-0.1574462652206421,0.0
1787250556.434086561,1787250556.433548450,state_stamped,-0.005053236149251461,-0.3365704417228699,0.0
1787250556.434124231,1787250556.434130192,state,-0.005053236149251461,-0.3365704417228699,0.0
1787250556.435938358,1787250556.435943604,command,-0.025630280375480652,-0.06260938942432404,0.0
1787250556.504154682,1787250556.504160166,state,-0.010814756155014038,-0.2598620355129242,0.0
1787250556.504211187,1787250556.503547907,state_stamped,-0.010814756155014038,-0.2598620355129242,0.0
1787250556.506120443,1787250556.506125450,command,-0.030988603830337524,-0.01753372885286808,0.0
1787250556.564046621,1787250556.564052582,state,-0.015656491741538048,-0.20170308649539948,0.0
1787250556.564110041,1787250556.563548088,state_stamped,-0.015656491741538048,-0.20170308649539948,0.0
1787250556.566621780,1787250556.566624403,command,-0.033853571861982346,0.012678162194788456,0.0
1787250556.634091616,1787250556.633547783,state_stamped,-0.02075166255235672,-0.14167647063732147,0.0
1787250556.634155750,1787250556.634162188,state,-0.02075166255235672,-0.14167647063732147,0.0
1787250556.636054039,1787250556.636059284,command,-0.0058268168941140175,0.24904216825962067,0.0
1787250556.704138279,1787250556.704144239,state,-0.016572698950767517,-0.032275088131427765,0.0
1787250556.704249144,1787250556.703547955,state_stamped,-0.016572698950767517,-0.032275088131427765,0.0
1787250556.705982685,1787250556.705987930,command,-0.010024010203778744,0.32461264729499817,0.0
1787250556.764223814,1787250556.763547897,state_stamped,-0.015001017600297928,0.05337773263454437,0.0
1787250556.764308929,1787250556.764314890,state,-0.015001017600297928,0.05337773263454437,0.0
1787250556.766029596,1787250556.766034603,command,-0.017380306497216225,0.39649271965026855,0.0
1787250556.834208488,1787250556.833552361,state_stamped,-0.0156672615557909,0.14945600926876068,0.0
1787250556.834250689,1787250556.834256649,state,-0.0156672615557909,0.14945600926876068,0.0
1787250556.836000443,1787250556.836005926,command,-0.0249276515096426,0.49457159638404846,0.0
1787250556.904177904,1787250556.903548002,state_stamped,-0.018260017037391663,0.24608264863491058,0.0
1787250556.904263973,1787250556.904269218,state,-0.018260017037391663,0.24608264863491058,0.0
1787250556.905888081,1787250556.905893087,command,-0.014918625354766846,0.5755214691162109,0.0
1787250556.964255333,1787250556.963548422,state_stamped,-0.017458079382777214,0.32514840364456177,0.0
1787250556.964302063,1787250556.964311838,state,-0.017458079382777214,0.32514840364456177,0.0
1787250556.966351509,1787250556.966356993,command,0.0006188318366184831,0.5935309529304504,0.0
1787250557.034175396,1787250557.033547878,state_stamped,-0.012396585196256638,0.4002948999404907,0.0
1787250557.034265280,1787250557.034271479,state,-0.012396585196256638,0.4002948999404907,0.0
1787250557.036041737,1787250557.036045313,command,0.005028362385928631,0.6139224171638489,0.0
1787250557.104192734,1787250557.103548288,state_stamped,-0.007517579011619091,0.4601108431816101,0.0
1787250557.104282618,1787250557.104289293,state,-0.007517579011619091,0.4601108431816101,0.0
1787250557.106032610,1787250557.106037855,command,0.020397087559103966,0.5703705549240112,0.0
1787250557.164146185,1787250557.163548231,state_stamped,-0.0008180546574294567,0.486573189496994,0.0
1787250557.164183617,1787250557.164189100,state,-0.0008180546574294567,0.486573189496994,0.0
1787250557.166043997,1787250557.166049004,command,0.017455440014600754,0.5388454794883728,0.0
1787250557.234162569,1787250557.233548164,state_stamped,0.004298517480492592,0.5012094378471375,0.0
1787250557.234253645,1787250557.234259129,state,0.004298517480492592,0.5012094378471375,0.0
1787250557.236014605,1787250557.236019373,command,0.01692766323685646,0.47106388211250305,0.0
1787250557.304142475,1787250557.304148197,state,0.00783467385917902,0.49276870489120483,0.0
1787250557.304199219,1787250557.303548098,state_stamped,0.00783467385917902,0.49276870489120483,0.0
1787250557.306005955,1787250557.306012392,command,0.020899469032883644,0.3888733386993408,0.0
1787250557.364146709,1787250557.363548040,state_stamped,0.010970224626362324,0.46783381700515747,0.0
1787250557.364181280,1787250557.364187479,state,0.010970224626362324,0.46783381700515747,0.0
1787250557.365899801,1787250557.365904808,command,0.024732714518904686,0.32435211539268494,0.0
1787250557.434105158,1787250557.433547974,state_stamped,0.014823712408542633,0.4276590347290039,0.0
1787250557.434147358,1787250557.434153318,state,0.014823712408542633,0.4276590347290039,0.0
1787250557.435806274,1787250557.435809851,command,0.026465967297554016,0.2588561177253723,0.0
1787250557.504143476,1787250557.504149199,state,0.018083538860082626,0.38039430975914,0.0
1787250557.504200935,1787250557.503547668,state_stamped,0.018083538860082626,0.38039430975914,0.0
1787250557.506016254,1787250557.506021976,command,0.02745109051465988,0.19995369017124176,0.0
1787250557.564149857,1787250557.563548088,state_stamped,0.020331760868430138,0.33708837628364563,0.0
1787250557.564188242,1787250557.564193487,state,0.020331760868430138,0.33708837628364563,0.0
1787250557.566036940,1787250557.566042185,command,0.026275943964719772,0.13630235195159912,0.0
1787250557.634107351,1787250557.634113312,state,0.02199614979326725,0.28086769580841064,0.0
1787250557.634166718,1787250557.633548737,state_stamped,0.02199614979326725,0.28086769580841064,0.0
1787250557.635998487,1787250557.636003256,command,0.018273787572979927,0.07846090942621231,0.0
1787250557.704150438,1787250557.704156160,state,0.020953895524144173,0.2241942286491394,0.0
1787250557.704207182,1787250557.703548193,state_stamped,0.020953895524144173,0.2241942286491394,0.0
1787250557.705875874,1787250557.705881596,command,0.01540372148156166,-0.19062136113643646,0.0
1787250557.764147282,1787250557.764152765,state,0.01962185651063919,0.12463873624801636,0.0
1787250557.764205933,1787250557.763548136,state_stamped,0.01962185651063919,0.12463873624801636,0.0
1787250557.765897036,1787250557.765901804,command,0.01747187413275242,-0.2757560908794403,0.0
1787250557.834098577,1787250557.834104061,state,0.019019821658730507,0.012520842254161835,0.0
1787250557.834159374,1787250557.833552599,state_stamped,0.019019821658730507,0.012520842254161835,0.0
1787250557.835798264,1787250557.835803032,command,0.02768479660153389,-0.3515854775905609,0.0
1787250557.904156208,1787250557.904161453,state,0.0214458629488945,-0.0894225463271141,0.0
1787250557.904203892,1787250557.903548241,state_stamped,0.0214458629488945,-0.0894225463271141,0.0
1787250557.906015396,1787250557.906018972,command,0.036005083471536636,-0.4202173948287964,0.0
1787250557.964156389,1787250557.964161873,state,0.02494007721543312,-0.1688133180141449,0.0
1787250557.964215279,1787250557.963548183,state_stamped,0.02494007721543312,-0.1688133180141449,0.0
1787250557.966271162,1787250557.966277122,command,0.03910680115222931,-0.4583432376384735,0.0
1787250558.034104824,1787250558.034112692,state,0.0289068054407835,-0.24988263845443726,0.0
1787250558.034193993,1787250558.033549070,state_stamped,0.0289068054407835,-0.24988263845443726,0.0
1787250558.036040306,1787250558.036045790,command,0.03713558614253998,-0.4478243887424469,0.0
1787250558.104148626,1787250558.104153872,state,0.03121083229780197,-0.305305540561676,0.0
1787250558.104194641,1787250558.103548050,state_stamped,0.03121083229780197,-0.305305540561676,0.0
1787250558.106062174,1787250558.106066942,command,0.03994618356227875,-0.47128358483314514,0.0
1787250558.164147139,1787250558.163548231,state_stamped,0.03330732509493828,-0.34514039754867554,0.0
1787250558.164191961,1787250558.164197206,state,0.03330732509493828,-0.34514039754867554,0.0
1787250558.166014910,1787250558.166019678,command,0.033303406089544296,-0.4709157645702362,0.0
1787250558.234058380,1787250558.234063387,state,0.03330622613430023,-0.38035789132118225,0.0
1787250558.234111071,1787250558.233549118,state_stamped,0.03330622613430023,-0.38035789132118225,0.0
1787250558.235802650,1787250558.235807419,command,0.023458540439605713,-0.48141390085220337,0.0
1787250558.304143429,1787250558.304148436,state,0.030548900365829468,-0.40865328907966614,0.0
1787250558.304189444,1787250558.303548336,state_stamped,0.030548900365829468,-0.40865328907966614,0.0
1787250558.306053162,1787250558.306057930,command,0.015366150066256523,-0.4902259111404419,0.0
1787250558.364205122,1787250558.363548279,state_stamped,0.026905043050646782,-0.4282307028770447,0.0
1787250558.364294767,1787250558.364299774,state,0.026905043050646782,-0.4282307028770447,0.0
1787250558.366341352,1787250558.366346121,command,0.00380902411416173,-0.49132266640663147,0.0
1787250558.434156656,1787250558.434161425,state,0.020437967032194138,-0.4458969831466675,0.0
1787250558.434246540,1787250558.433550358,state_stamped,0.020437967032194138,-0.4458969831466675,0.0
1787250558.436019659,1787250558.436024666,command,-0.0074836271815001965,-0.47509467601776123,0.0
1787250558.504130602,1787250558.503548145,state_stamped,0.012620186433196068,-0.4540720582008362,0.0
1787250558.504166365,1787250558.504172087,state,0.012620186433196068,-0.4540720582008362,0.0
1787250558.506051540,1787250558.506056547,command,-0.01823567785322666,-0.42884954810142517,0.0
1787250558.564191818,1787250558.563548326,state_stamped,0.005214744713157415,-0.4480186402797699,0.0
1787250558.564235926,1787250558.564244747,state,0.005214744713157415,-0.4480186402797699,0.0
1787250558.566859722,1787250558.566863298,command,-0.026820719242095947,-0.34262460470199585,0.0
1787250558.634067059,1787250558.633548021,state_stamped,-0.0037551610730588436,-0.418508380651474,0.0
1787250558.634115696,1787250558.634123802,state,-0.0037551610730588436,-0.418508380651474,0.0
1787250558.636247396,1787250558.636253119,command,-0.030442973598837852,-0.24976983666419983,0.0
1787250558.704134703,1787250558.703547955,state_stamped,-0.01122773066163063,-0.37126171588897705,0.0
1787250558.704168081,1787250558.704173565,state,-0.01122773066163063,-0.37126171588897705,0.0
1787250558.706102848,1787250558.706106424,command,-0.031787578016519547,-0.15415261685848236,0.0
1787250558.764122486,1787250558.764127731,state,-0.016162127256393433,-0.31915518641471863,0.0
1787250558.764174223,1787250558.763548374,state_stamped,-0.016162127256393433,-0.31915518641471863,0.0
1787250558.766046762,1787250558.766049623,command,-0.03541046008467674,-0.08165240287780762,0.0
1787250558.834058285,1787250558.833548307,state_stamped,-0.021551651880145073,-0.2526545226573944,0.0
1787250558.834095478,1787250558.834103346,state,-0.021551651880145073,-0.2526545226573944,0.0
1787250558.836062908,1787250558.836068869,command,-0.03286198899149895,-0.022633841261267662,0.0
1787250558.904128551,1787250558.903548241,state_stamped,-0.024718549102544785,-0.18824869394302368,0.0
1787250558.904158354,1787250558.904163361,state,-0.024718549102544785,-0.18824869394302368,0.0
1787250558.906058788,1787250558.906063557,command,-0.026244407519698143,0.012422778643667698,0.0
1787250558.964218616,1787250558.963548422,state_stamped,-0.025084756314754486,-0.14008747041225433,0.0
1787250558.964298248,1787250558.964306593,state,-0.025084756314754486,-0.14008747041225433,0.0
1787250558.966165304,1787250558.966170549,command,0.00387020455673337,0.24118562042713165,0.0
1787250559.034065962,1787250559.033548117,state_stamped,-0.01697738841176033,-0.03333127498626709,0.0
1787250559.034172535,1787250559.034180880,state,-0.01697738841176033,-0.03333127498626709,0.0
1787250559.036066055,1787250559.036071777,command,0.007858254946768284,0.32557931542396545,0.0
1787250559.104128599,1787250559.103548050,state_stamped,-0.010023433715105057,0.06716331839561462,0.0
1787250559.104167223,1787250559.104172230,state,-0.010023433715105057,0.06716331839561462,0.0
1787250559.106050253,1787250559.106055260,command,0.0012271887389943004,0.3997924327850342,0.0
1787250559.164111853,1787250559.163548231,state_stamped,-0.007323272526264191,0.14699465036392212,0.0
1787250559.164140463,1787250559.164145947,state,-0.007323272526264191,0.14699465036392212,0.0
1787250559.166045666,1787250559.166049004,command,0.003432340919971466,0.48959749937057495,0.0
1787250559.234068155,1787250559.233547926,state_stamped,-0.004311710130423307,0.24292315542697906,0.0
1787250559.234102488,1787250559.234107733,state,-0.004311710130423307,0.24292315542697906,0.0
1787250559.236027241,1787250559.236031771,command,0.010035565122961998,0.5697718262672424,0.0
1787250559.304116488,1787250559.304122210,state,-0.00029449304565787315,0.33444032073020935,0.0
1787250559.304157734,1787250559.303547621,state_stamped,-0.00029449304565787315,0.33444032073020935,0.0
1787250559.306060553,1787250559.306065321,command,0.0076331570744514465,0.6101127862930298,0.0
1787250559.364115238,1787250559.363548040,state_stamped,0.001608152873814106,0.4006020426750183,0.0
1787250559.364150286,1787250559.364155293,state,0.001608152873814106,0.4006020426750183,0.0
1787250559.366080046,1787250559.366084814,command,0.015010099858045578,0.6142894625663757,0.0
1787250559.434046745,1787250559.433548450,state_stamped,0.005360719747841358,0.46043485403060913,0.0
1787250559.434079647,1787250559.434085369,state,0.005360719747841358,0.46043485403060913,0.0
1787250559.436022997,1787250559.436027765,command,0.015290265902876854,0.6410529613494873,0.0
1787250559.504102707,1787250559.503548145,state_stamped,0.008140983991324902,0.5110077857971191,0.0
1787250559.504130840,1787250559.504136562,state,0.008140983991324902,0.5110077857971191,0.0
1787250559.506079674,1787250559.506084919,command,0.012151061557233334,0.6419126987457275,0.0
1787250559.564137220,1787250559.563549042,state_stamped,0.00910341739654541,0.5424254536628723,0.0
1787250559.564203978,1787250559.564209700,state,0.00910341739654541,0.5424254536628723,0.0
1787250559.566620827,1787250559.566624880,command,0.000363936967914924,0.6535569429397583,0.0
1787250559.634055376,1787250559.633547783,state_stamped,0.006656407378613949,0.5735417008399963,0.0
1787250559.634086847,1787250559.634092093,state,0.006656407378613949,0.5735417008399963,0.0
1787250559.636100054,1787250559.636105299,command,-0.011504129506647587,0.6636319756507874,0.0
1787250559.704118013,1787250559.703547955,state_stamped,0.0015714461915194988,0.5987670421600342,0.0
1787250559.704152584,1787250559.704159021,state,0.0015714461915194988,0.5987670421600342,0.0
1787250559.706120491,1787250559.706125498,command,-0.010201089084148407,0.6477977633476257,0.0
1787250559.764111280,1787250559.763548374,state_stamped,-0.0012539802119135857,0.6105344891548157,0.0
1787250559.764200211,1787250559.764206171,state,-0.0012539802119135857,0.6105344891548157,0.0
1787250559.765883684,1787250559.765888691,command,-0.005924347322434187,0.5899752378463745,0.0
1787250559.834065914,1787250559.833548307,state_stamped,-0.002561681903898716,0.6047779321670532,0.0
1787250559.834098577,1787250559.834104061,state,-0.002561681903898716,0.6047779321670532,0.0
1787250559.836056232,1787250559.836061478,command,-0.0025200764648616314,0.49671438336372375,0.0
1787250559.904139519,1787250559.903549194,state_stamped,-0.0025500322226434946,0.5745197534561157,0.0
1787250559.904172182,1787250559.904178143,state,-0.0025500322226434946,0.5745197534561157,0.0
1787250559.906106710,1787250559.906111717,command,0.003692928235977888,0.3982354700565338,0.0
1787250559.964164972,1787250559.963547707,state_stamped,-0.0010517560876905918,0.532212495803833,0.0
1787250559.964245558,1787250559.964251280,state,-0.0010517560876905918,0.532212495803833,0.0
1787250559.966291904,1787250559.966297388,command,0.011588514782488346,0.3410016894340515,0.0
1787250560.034152269,1787250560.034160614,state,0.002487726043909788,0.4786703586578369,0.0
1787250560.034216166,1787250560.033551931,state_stamped,0.002487726043909788,0.4786703586578369,0.0
1787250560.036163807,1787250560.036169767,command,0.01654328964650631,0.2822149395942688,0.0
1787250560.104156971,1787250560.103548050,state_stamped,0.006423076614737511,0.42366573214530945,0.0
1787250560.104194164,1787250560.104202032,state,0.006423076614737511,0.42366573214530945,0.0
1787250560.106143475,1787250560.106149435,command,0.0291142500936985,0.20219117403030396,0.0
1787250560.164140701,1787250560.163547754,state_stamped,0.011868912726640701,0.3705122768878937,0.0
1787250560.164173365,1787250560.164178133,state,0.011868912726640701,0.3705122768878937,0.0
1787250560.166101217,1787250560.166106224,command,0.03069247119128704,0.16440489888191223,0.0
1787250560.234171629,1787250560.234179497,state,0.017139529809355736,0.3128019869327545,0.0
1787250560.234253168,1787250560.233547926,state_stamped,0.017139529809355736,0.3128019869327545,0.0
1787250560.236046314,1787250560.236050367,command,0.016875725239515305,-0.0832420215010643,0.0
1787250560.304179668,1787250560.303548098,state_stamped,0.017065664753317833,0.20190945267677307,0.0
1787250560.304209709,1787250560.304214716,state,0.017065664753317833,0.20190945267677307,0.0
1787250560.306082726,1787250560.306087971,command,0.020178815349936485,-0.1844724416732788,0.0
1787250560.364122868,1787250560.363548040,state_stamped,0.01781282015144825,0.10917794704437256,0.0
1787250560.364153862,1787250560.364158869,state,0.01781282015144825,0.10917794704437256,0.0
1787250560.366101027,1787250560.366104364,command,0.029286673292517662,-0.2755553126335144,0.0
1787250560.434095144,1787250560.433552265,state_stamped,0.02102569304406643,0.001446157693862915,0.0
1787250560.434127808,1787250560.434132814,state,0.02102569304406643,0.001446157693862915,0.0
1787250560.436082125,1787250560.436086893,command,0.041137609630823135,-0.3544609546661377,0.0
1787250560.504134893,1787250560.503548384,state_stamped,0.02665671706199646,-0.09820231795310974,0.0
1787250560.504172802,1787250560.504180431,state,0.02665671706199646,-0.09820231795310974,0.0
1787250560.506071329,1787250560.506076813,command,0.04811621084809303,-0.41183480620384216,0.0
1787250560.564125538,1787250560.564129353,state,0.03180697560310364,-0.1734738051891327,0.0
1787250560.564153671,1787250560.563548088,state_stamped,0.03180697560310364,-0.1734738051891327,0.0
1787250560.566110373,1787250560.566115379,command,0.05069226399064064,-0.4364510774612427,0.0
1787250560.634104729,1787250560.634112597,state,0.037095192819833755,-0.24711212515830994,0.0
1787250560.634174109,1787250560.633552551,state_stamped,0.037095192819833755,-0.24711212515830994,0.0
1787250560.636743307,1787250560.636747122,command,0.04811268672347069,-0.4528973400592804,0.0
1787250560.704142332,1787250560.703547955,state_stamped,0.040179889649152756,-0.3047282099723816,0.0
1787250560.704181671,1787250560.704190016,state,0.040179889649152756,-0.3047282099723816,0.0
1787250560.706352234,1787250560.706357956,command,0.04105377942323685,-0.47306203842163086,0.0
1787250560.764146328,1787250560.764149904,state,0.04038962349295616,-0.34512823820114136,0.0
1787250560.764176846,1787250560.763547897,state_stamped,0.04038962349295616,-0.34512823820114136,0.0
1787250560.766119957,1787250560.766123533,command,0.03364371135830879,-0.4833395183086395,0.0
1787250560.834111691,1787250560.833548307,state_stamped,0.03850075602531433,-0.3838276267051697,0.0
1787250560.834141254,1787250560.834146261,state,0.03850075602531433,-0.3838276267051697,0.0
1787250560.836093187,1787250560.836097956,command,0.025056729093194008,-0.4836030900478363,0.0
1787250560.904134512,1787250560.903548002,state_stamped,0.03473643586039543,-0.4117647111415863,0.0
1787250560.904163599,1787250560.904168367,state,0.03473643586039543,-0.4117647111415863,0.0
1787250560.906175137,1787250560.906180143,command,0.01162912417203188,-0.46535927057266235,0.0
1787250560.964265823,1787250560.964271545,state,0.02919064648449421,-0.42462748289108276,0.0
1787250560.964330435,1787250560.963548422,state_stamped,0.02919064648449421,-0.42462748289108276,0.0
1787250560.966469526,1787250560.966475487,command,0.0009773459751158953,-0.46280279755592346,0.0
1787250561.034129143,1787250561.033548355,state_stamped,0.021290937438607216,-0.4353165626525879,0.0
1787250561.034234285,1787250561.034243107,state,0.021290937438607216,-0.4353165626525879,0.0
1787250561.036124945,1787250561.036131620,command,-0.01428301353007555,-0.4192822575569153,0.0
1787250561.104132175,1787250561.103548050,state_stamped,0.011330285109579563,-0.43082699179649353,0.0
1787250561.104169846,1787250561.104177952,state,0.011330285109579563,-0.43082699179649353,0.0
1787250561.106187820,1787250561.106193781,command,-0.024679960682988167,-0.3212917447090149,0.0
1787250561.164155483,1787250561.163548470,state_stamped,0.002687769941985607,-0.4045383632183075,0.0
1787250561.164179564,1787250561.164183140,state,0.002687769941985607,-0.4045383632183075,0.0
1787250561.166142941,1787250561.166148186,command,-0.028036179021000862,-0.24268470704555511,0.0
1787250561.233995676,1787250561.233547926,state_stamped,-0.005914882756769657,-0.35921961069107056,0.0
1787250561.234081745,1787250561.234089613,state,-0.005914882756769657,-0.35921961069107056,0.0
1787250561.236020565,1787250561.236025810,command,-0.032050009816884995,-0.14975440502166748,0.0
1787250561.304164886,1787250561.303547859,state_stamped,-0.013232722878456116,-0.3005693256855011,0.0
1787250561.304200649,1787250561.304208755,state,-0.013232722878456116,-0.3005693256855011,0.0
1787250561.306175947,1787250561.306181431,command,-0.03533482551574707,-0.06789075583219528,0.0
1787250561.364133835,1787250561.363548040,state_stamped,-0.01853722520172596,-0.2447265088558197,0.0
1787250561.364162207,1787250561.364165783,state,-0.01853722520172596,-0.2447265088558197,0.0
1787250561.366125345,1787250561.366130352,command,-0.035542331635951996,-0.01856030710041523,0.0
1787250561.434110403,1787250561.433548212,state_stamped,-0.02329866960644722,-0.18139976263046265,0.0
1787250561.434193850,1787250561.434198856,state,-0.02329866960644722,-0.18139976263046265,0.0
1787250561.436101437,1787250561.436105967,command,-0.0276458952575922,0.017575057223439217,0.0
1787250561.504130840,1787250561.503548145,state_stamped,-0.024515891447663307,-0.1256868839263916,0.0
1787250561.504167080,1787250561.504175186,state,-0.024515891447663307,-0.1256868839263916,0.0
1787250561.506240606,1787250561.506246567,command,-0.01597055420279503,0.10386739671230316,0.0
1787250561.564136744,1787250561.563548326,state_stamped,-0.02246500551700592,-0.0705937072634697,0.0
1787250561.564165354,1787250561.564170122,state,-0.02246500551700592,-0.0705937072634697,0.0
1787250561.566128731,1787250561.566133499,command,0.002857196843251586,0.35605588555336,0.0
1787250561.634106636,1787250561.633548260,state_stamped,-0.015374784357845783,0.04886826127767563,0.0
1787250561.634193659,1787250561.634201288,state,-0.015374784357845783,0.04886826127767563,0.0
1787250561.636069059,1787250561.636075020,command,0.00922220479696989,0.4182412624359131,0.0
1787250561.704124689,1787250561.703547955,state_stamped,-0.008487667888402939,0.15229210257530212,0.0
1787250561.704156637,1787250561.704164505,state,-0.008487667888402939,0.15229210257530212,0.0
1787250561.706228971,1787250561.706235170,command,0.011179527267813683,0.5066652297973633,0.0
1787250561.764150858,1787250561.763559818,state_stamped,-0.003766592126339674,0.23735874891281128,0.0
1787250561.764183760,1787250561.764189482,state,-0.003766592126339674,0.23735874891281128,0.0
1787250561.766164303,1787250561.766166687,command,0.013217145577073097,0.577584981918335,0.0
1787250561.834106922,1787250561.834112167,state,0.000988887157291174,0.3326227366924286,0.0
1787250561.834162951,1787250561.833560467,state_stamped,0.000988887157291174,0.3326227366924286,0.0
1787250561.836054325,1787250561.836059093,command,0.010308320634067059,0.6309029459953308,0.0
1787250561.904182434,1787250561.903548241,state_stamped,0.003597876988351345,0.41612672805786133,0.0
1787250561.904220104,1787250561.904226065,state,0.003597876988351345,0.41612672805786133,0.0
1787250561.906569719,1787250561.906574488,command,0.006716469302773476,0.6486548185348511,0.0
1787250561.964154005,1787250561.963547945,state_stamped,0.004346334375441074,0.47193312644958496,0.0
1787250561.964193821,1787250561.964204311,state,0.004346334375441074,0.47193312644958496,0.0
1787250561.966618299,1787250561.966622829,command,0.0063681835308671,0.6579092741012573,0.0
1787250562.034073353,1787250562.033548117,state_stamped,0.0049124546349048615,0.5240066647529602,0.0
1787250562.034106731,1787250562.034111500,state,0.0049124546349048615,0.5240066647529602,0.0
1787250562.036114931,1787250562.036119461,command,0.0012690339935943484,0.6809810996055603,0.0
1787250562.104146719,1787250562.103547812,state_stamped,0.0038923039101064205,0.567959189414978,0.0
1787250562.104185581,1787250562.104191065,state,0.0038923039101064205,0.567959189414978,0.0
1787250562.106133699,1787250562.106138468,command,-0.01138094998896122,0.6941909790039062,0.0
1787250562.164138556,1787250562.163547993,state_stamped,0.00022671115584671497,0.598254919052124,0.0
1787250562.164166927,1787250562.164171934,state,0.00022671115584671497,0.598254919052124,0.0
1787250562.166126966,1787250562.166131496,command,-0.013921428471803665,0.673306941986084,0.0
1787250562.234063148,1787250562.233548164,state_stamped,-0.0037347760517150164,0.6192695498466492,0.0
1787250562.234089136,1787250562.234094381,state,-0.0037347760517150164,0.6192695498466492,0.0
1787250562.236052990,1787250562.236056328,command,-0.014231645502150059,0.6317096948623657,0.0
1787250562.304130554,1787250562.303547859,state_stamped,-0.006673895288258791,0.6227527856826782,0.0
1787250562.304159641,1787250562.304164886,state,-0.006673895288258791,0.6227527856826782,0.0
1787250562.306119919,1787250562.306124687,command,-0.011852524243295193,0.5465145111083984,0.0
1787250562.364128113,1787250562.363548517,state_stamped,-0.007916776463389397,0.6044554710388184,0.0
1787250562.364156485,1787250562.364161730,state,-0.007916776463389397,0.6044554710388184,0.0
1787250562.366137266,1787250562.366142750,command,-0.008441724814474583,0.47661498188972473,0.0
1787250562.434128046,1787250562.433548450,state_stamped,-0.008063762448728085,0.5686601400375366,0.0
1787250562.434226751,1787250562.434231520,state,-0.008063762448728085,0.5686601400375366,0.0
1787250562.436103106,1787250562.436107874,command,-0.0008350919815711677,0.3907362222671509,0.0
1787250562.504133224,1787250562.503547668,state_stamped,-0.00603975635021925,0.5188419818878174,0.0
1787250562.504162073,1787250562.504167080,state,-0.00603975635021925,0.5188419818878174,0.0
1787250562.506119967,1787250562.506124496,command,0.0008749067783355713,0.3249111771583557,0.0
1787250562.564126730,1787250562.563547850,state_stamped,-0.004380233120173216,0.4722984731197357,0.0
1787250562.564155340,1787250562.564160347,state,-0.004380233120173216,0.4722984731197357,0.0
1787250562.566111326,1787250562.566116333,command,0.014280090108513832,0.2442854642868042,0.0
1787250562.633938789,1787250562.633548021,state_stamped,0.0008446602150797844,0.4084548056125641,0.0
1787250562.633989573,1787250562.633997679,state,0.0008446602150797844,0.4084548056125641,0.0
1787250562.636560917,1787250562.636564493,command,0.020439062267541885,0.164662167429924,0.0
1787250562.704180956,1787250562.703547716,state_stamped,0.0063310656696558,0.3401932120323181,0.0
1787250562.704216719,1787250562.704223156,state,0.0063310656696558,0.3401932120323181,0.0
1787250562.706280947,1787250562.706285715,command,0.02260063961148262,0.09117329865694046,0.0
1787250562.764155388,1787250562.763547659,state_stamped,0.010235769674181938,0.28042832016944885,0.0
1787250562.764185190,1787250562.764190197,state,0.010235769674181938,0.28042832016944885,0.0
1787250562.766183376,1787250562.766188383,command,0.020792284980416298,0.07269739359617233,0.0
1787250562.834105968,1787250562.833548069,state_stamped,0.013191613368690014,0.22226327657699585,0.0
1787250562.834134817,1787250562.834139585,state,0.013191613368690014,0.22226327657699585,0.0
1787250562.836114645,1787250562.836119413,command,0.019053809344768524,-0.20478658378124237,0.0
1787250562.904152393,1787250562.903548002,state_stamped,0.014833026565611362,0.10268943756818771,0.0
1787250562.904182434,1787250562.904187441,state,0.014833026565611362,0.10268943756818771,0.0
1787250562.906128407,1787250562.906133175,command,0.02737347222864628,-0.29667526483535767,0.0
1787250562.964249611,1787250562.963547945,state_stamped,0.0178427305072546,0.006842002272605896,0.0
1787250562.964282990,1787250562.964287758,state,0.0178427305072546,0.006842002272605896,0.0
1787250562.966260433,1787250562.966267347,command,0.03542788326740265,-0.36096590757369995,0.0
1787250563.034090757,1787250563.033548594,state_stamped,0.022766612470149994,-0.09614504873752594,0.0
1787250563.034139156,1787250563.034147263,state,0.022766612470149994,-0.09614504873752594,0.0
1787250563.035899878,1787250563.035905600,command,0.04098088666796684,-0.4140300452709198,0.0
1787250563.104158401,1787250563.103548050,state_stamped,0.02786657214164734,-0.18515218794345856,0.0
1787250563.104187727,1787250563.104191065,state,0.02786657214164734,-0.18515218794345856,0.0
1787250563.106129646,1787250563.106132984,command,0.04408522695302963,-0.40887096524238586,0.0
1787250563.164185047,1787250563.164190769,state,0.03175904601812363,-0.23884466290473938,0.0
1787250563.164235115,1787250563.163547993,state_stamped,0.03175904601812363,-0.23884466290473938,0.0
1787250563.166146994,1787250563.166152477,command,0.046910323202610016,-0.4262275695800781,0.0
1787250563.234099627,1787250563.233548403,state_stamped,0.03600142523646355,-0.29131215810775757,0.0
1787250563.234134197,1787250563.234139681,state,0.03600142523646355,-0.29131215810775757,0.0
1787250563.236058712,1787250563.236063719,command,0.04212978482246399,-0.4420625865459442,0.0
1787250563.304157019,1787250563.303548098,state_stamped,0.03771735727787018,-0.3335220515727997,0.0
1787250563.304192543,1787250563.304198027,state,0.03771735727787018,-0.3335220515727997,0.0
1787250563.305884838,1787250563.305888176,command,0.03686920925974846,-0.46819502115249634,0.0
1787250563.364129782,1787250563.363548040,state_stamped,0.03751379996538162,-0.36584359407424927,0.0
1787250563.364161015,1787250563.364166498,state,0.03751379996538162,-0.36584359407424927,0.0
1787250563.366104126,1787250563.366109371,command,0.032053448259830475,-0.4806225895881653,0.0
1787250563.434112072,1787250563.433548212,state_stamped,0.03598489984869957,-0.39798176288604736,0.0
1787250563.434147120,1787250563.434152842,state,0.03598489984869957,-0.39798176288604736,0.0
1787250563.435886860,1787250563.435892582,command,0.021889587864279747,-0.48561227321624756,0.0
1787250563.504168034,1787250563.503547907,state_stamped,0.03203822672367096,-0.42251819372177124,0.0
1787250563.504267693,1787250563.504273653,state,0.03203822672367096,-0.42251819372177124,0.0
1787250563.506141186,1787250563.506144762,command,0.012059174478054047,-0.4720684289932251,0.0
1787250563.564174175,1787250563.563548088,state_stamped,0.02724323980510235,-0.4344102740287781,0.0
1787250563.564208984,1787250563.564214468,state,0.02724323980510235,-0.4344102740287781,0.0
1787250563.566113710,1787250563.566119432,command,0.0009580823825672269,-0.44633808732032776,0.0
1787250563.634109020,1787250563.633548260,state_stamped,0.01988338492810726,-0.43775007128715515,0.0
1787250563.634144545,1787250563.634149551,state,0.01988338492810726,-0.43775007128715515,0.0
1787250563.636095047,1787250563.636100292,command,-0.013407290913164616,-0.3693283200263977,0.0
1787250563.704093933,1787250563.703547955,state_stamped,0.010562038980424404,-0.41859206557273865,0.0
1787250563.704124451,1787250563.704128504,state,0.010562038980424404,-0.41859206557273865,0.0
1787250563.705865145,1787250563.705868483,command,-0.020517349243164062,-0.2575288414955139,0.0
1787250563.764067888,1787250563.763547897,state_stamped,0.003102975431829691,-0.3799368441104889,0.0
1787250563.764097691,1787250563.764101744,state,0.003102975431829691,-0.3799368441104889,0.0
1787250563.765826464,1787250563.765832663,command,-0.029402179643511772,-0.1847018003463745,0.0
1787250563.834027767,1787250563.833548069,state_stamped,-0.005998489912599325,-0.3252708911895752,0.0
1787250563.834101677,1787250563.834105968,state,-0.005998489912599325,-0.3252708911895752,0.0
1787250563.835744619,1787250563.835750818,command,-0.03183935582637787,-0.10731465369462967,0.0
1787250563.904067993,1787250563.904072285,state,-0.013233903795480728,-0.26424339413642883,0.0
1787250563.904109716,1787250563.903547764,state_stamped,-0.013233903795480728,-0.26424339413642883,0.0
1787250563.905779123,1787250563.905782461,command,-0.034555040299892426,-0.02754521742463112,0.0
1787250563.964073658,1787250563.963547945,state_stamped,-0.018350981175899506,-0.20743578672409058,0.0
1787250563.964158535,1787250563.964162827,state,-0.018350981175899506,-0.20743578672409058,0.0
1787250563.965934753,1787250563.965940475,command,-0.0334763303399086,0.001916945562697947,0.0
1787250564.034047842,1787250564.033548117,state_stamped,-0.02258608490228653,-0.14881694316864014,0.0
1787250564.034086466,1787250564.034090757,state,-0.02258608490228653,-0.14881694316864014,0.0
1787250564.035825729,1787250564.035832644,command,-0.02562735602259636,0.04932782053947449,0.0
1787250564.104117870,1787250564.104121923,state,-0.02343764156103134,-0.09333638846874237,0.0
1787250564.104151487,1787250564.103548050,state_stamped,-0.02343764156103134,-0.09333638846874237,0.0
1787250564.105878353,1787250564.105881453,command,-0.018246285617351532,0.1546013504266739,0.0
1787250564.164252758,1787250564.164256811,state,-0.022191718220710754,-0.03383144736289978,0.0
1787250564.164286613,1787250564.163547993,state_stamped,-0.022191718220710754,-0.03383144736289978,0.0
1787250564.166141033,1787250564.166146040,command,0.0018291841261088848,0.323874294757843,0.0
1787250564.234084606,1787250564.233548164,state_stamped,-0.01546584814786911,0.06632641702890396,0.0
1787250564.234109163,1787250564.234112978,state,-0.01546584814786911,0.06632641702890396,0.0
1787250564.235814095,1787250564.235819578,command,0.014988694339990616,0.41250255703926086,0.0
1787250564.304068089,1787250564.303548336,state_stamped,-0.00693855807185173,0.1632559448480606,0.0
1787250564.304093361,1787250564.304097176,state,-0.00693855807185173,0.1632559448480606,0.0
1787250564.305821657,1787250564.305830002,command,0.017551859840750694,0.5041233897209167,0.0
1787250564.364170551,1787250564.363548040,state_stamped,-0.0010608774609863758,0.2450638711452484,0.0
1787250564.364195824,1787250564.364199877,state,-0.0010608774609863758,0.2450638711452484,0.0
1787250564.365882874,1787250564.365888596,command,0.015296084806323051,0.569767415523529,0.0
1787250564.434082747,1787250564.433548450,state_stamped,0.0035190959461033344,0.3359813392162323,0.0
1787250564.434108257,1787250564.434112072,state,0.0035190959461033344,0.3359813392162323,0.0
1787250564.435808182,1787250564.435813665,command,0.016315778717398643,0.6230815649032593,0.0
1787250564.504121304,1787250564.503547907,state_stamped,0.007102140225470066,0.4163688123226166,0.0
1787250564.504149914,1787250564.504153967,state,0.007102140225470066,0.4163688123226166,0.0
1787250564.505810976,1787250564.505814075,command,0.015968620777130127,0.6415848135948181,0.0
1787250564.564131260,1787250564.563548088,state_stamped,0.009230101481080055,0.47042080760002136,0.0
1787250564.564173222,1787250564.564177036,state,0.009230101481080055,0.47042080760002136,0.0
1787250564.565841913,1787250564.565847635,command,0.01034494861960411,0.6652665138244629,0.0
1787250564.634012938,1787250564.634018660,state,0.009542259387671947,0.5249777436256409,0.0
1787250564.634053469,1787250564.633548260,state_stamped,0.009542259387671947,0.5249777436256409,0.0
1787250564.636713028,1787250564.636719704,command,-0.0016106716357171535,0.6574774384498596,0.0
1787250564.704100132,1787250564.703547955,state_stamped,0.00641945144161582,0.562077522277832,0.0
1787250564.704129696,1787250564.704133987,state,0.00641945144161582,0.562077522277832,0.0
1787250564.706314087,1787250564.706321955,command,-0.0038296510465443134,0.6140558123588562,0.0
1787250564.764099836,1787250564.764103651,state,0.003959680441766977,0.5745522379875183,0.0
1787250564.764134407,1787250564.763547659,state_stamped,0.003959680441766977,0.5745522379875183,0.0
1787250564.766207218,1787250564.766212702,command,-0.006043719593435526,0.5504023432731628,0.0
1787250564.834096670,1787250564.833547831,state_stamped,0.0011587170884013176,0.5677902698516846,0.0
1787250564.834174633,1787250564.834178925,state,0.0011587170884013176,0.5677902698516846,0.0
1787250564.835934401,1787250564.835939884,command,-0.00396374799311161,0.4514808654785156,0.0
1787250564.904170752,1787250564.904174805,state,-0.00027558335568755865,0.5352234244346619,0.0
1787250564.904206514,1787250564.903548479,state_stamped,-0.00027558335568755865,0.5352234244346619,0.0
1787250564.905903339,1787250564.905906677,command,-0.0004153789777774364,0.35649538040161133,0.0
1787250564.964159727,1787250564.963557243,state_stamped,-0.0003091392572969198,0.4923223853111267,0.0
1787250564.964207649,1787250564.964213610,state,-0.0003091392572969198,0.4923223853111267,0.0
1787250564.966074467,1787250564.966079950,command,0.0032826722599565983,0.3081616461277008,0.0
1787250565.034047127,1787250565.033548355,state_stamped,0.0006964397616684437,0.4407639503479004,0.0
1787250565.034078121,1787250565.034083128,state,0.0006964397616684437,0.4407639503479004,0.0
1787250565.035917997,1787250565.035926580,command,0.01568819396197796,0.21994023025035858,0.0
1787250565.104110003,1787250565.103548050,state_stamped,0.00489411223679781,0.3789335787296295,0.0
1787250565.104140520,1787250565.104144573,state,0.00489411223679781,0.3789335787296295,0.0
1787250565.106138706,1787250565.106146336,command,0.020908627659082413,0.14925791323184967,0.0
1787250565.164067745,1787250565.164071798,state,0.008737606927752495,0.32381126284599304,0.0
1787250565.164145470,1787250565.163548231,state_stamped,0.008737606927752495,0.32381126284599304,0.0
1787250565.165844440,1787250565.165852785,command,0.025460265576839447,0.10278718173503876,0.0
1787250565.234059811,1787250565.233548403,state_stamped,0.013419969007372856,0.26192429661750793,0.0
1787250565.234084606,1787250565.234088421,state,0.013419969007372856,0.26192429661750793,0.0
1787250565.235831738,1787250565.235837460,command,0.02363446354866028,0.05858534201979637,0.0
1787250565.304130554,1787250565.304134130,state,0.016280008479952812,0.20498979091644287,0.0
1787250565.304164648,1787250565.303548098,state_stamped,0.016280008479952812,0.20498979091644287,0.0
1787250565.305939436,1787250565.305944920,command,0.019933246076107025,-0.23040536046028137,0.0
1787250565.364139557,1787250565.363548040,state_stamped,0.01715678535401821,0.10049500316381454,0.0
1787250565.364171505,1787250565.364175081,state,0.01715678535401821,0.10049500316381454,0.0
1787250565.366123676,1787250565.366129160,command,0.024768777191638947,-0.3079654574394226,0.0
1787250565.434092283,1787250565.434095860,state,0.019288156181573868,-0.01387467235326767,0.0
1787250565.434130907,1787250565.433548450,state_stamped,0.019288156181573868,-0.01387467235326767,0.0
1787250565.436109304,1787250565.436114788,command,0.0313694104552269,-0.38239577412605286,0.0
1787250565.504153013,1787250565.504156590,state,0.022670894861221313,-0.11706021428108215,0.0
1787250565.504190683,1787250565.503548145,state_stamped,0.022670894861221313,-0.11706021428108215,0.0
1787250565.506155252,1787250565.506160736,command,0.03909694030880928,-0.41894641518592834,0.0
1787250565.564160585,1787250565.563548088,state_stamped,0.026613136753439903,-0.1895127296447754,0.0
1787250565.564254045,1787250565.564257860,state,0.026613136753439903,-0.1895127296447754,0.0
1787250565.566110134,1787250565.566115618,command,0.03955351188778877,-0.4073236882686615,0.0
1787250565.634052277,1787250565.634055376,state,0.03023644909262657,-0.2504999339580536,0.0
1787250565.634084463,1787250565.633548260,state_stamped,0.03023644909262657,-0.2504999339580536,0.0
1787250565.636097431,1787250565.636103392,command,0.04373759776353836,-0.4324667751789093,0.0
1787250565.704175949,1787250565.704179764,state,0.034016747027635574,-0.30145034193992615,0.0
1787250565.704214334,1787250565.703547716,state_stamped,0.034016747027635574,-0.30145034193992615,0.0
1787250565.706147671,1787250565.706152916,command,0.03988336771726608,-0.46161195635795593,0.0
1787250565.764151096,1787250565.764156342,state,0.035424746572971344,-0.33988943696022034,0.0
1787250565.764216661,1787250565.763548136,state_stamped,0.035424746572971344,-0.33988943696022034,0.0
1787250565.765879869,1787250565.765885115,command,0.03614097461104393,-0.4766627252101898,0.0
1787250565.834139347,1787250565.834143400,state,0.035625290125608444,-0.37818586826324463,0.0
1787250565.834177256,1787250565.833548069,state_stamped,0.035625290125608444,-0.37818586826324463,0.0
1787250565.836131334,1787250565.836134434,command,0.02861451730132103,-0.48347172141075134,0.0
1787250565.904167891,1787250565.904171944,state,0.03366227447986603,-0.4076659083366394,0.0
1787250565.904206753,1787250565.903548002,state_stamped,0.03366227447986603,-0.4076659083366394,0.0
1787250565.906135559,1787250565.906140327,command,0.02055882103741169,-0.4842287003993988,0.0
1787250565.964226007,1787250565.963547945,state_stamped,0.0305174570530653,-0.426040917634964,0.0
1787250565.964255095,1787250565.964259148,state,0.0305174570530653,-0.426040917634964,0.0
1787250565.966347456,1787250565.966353893,command,0.010423969477415085,-0.4801037907600403,0.0
1787250566.034172773,1787250566.033548594,state_stamped,0.024891231209039688,-0.44117864966392517,0.0
1787250566.034216881,1787250566.034223557,state,0.024891231209039688,-0.44117864966392517,0.0
1787250566.036075354,1787250566.036079884,command,-0.0023514574859291315,-0.4510824978351593,0.0
1787250566.104189396,1787250566.103548050,state_stamped,0.01726333051919937,-0.44395169615745544,0.0
1787250566.104227543,1787250566.104232788,state,0.01726333051919937,-0.44395169615745544,0.0
1787250566.106209040,1787250566.106216192,command,-0.014934428036212921,-0.38032472133636475,0.0
1787250566.164147854,1787250566.163547754,state_stamped,0.009535891003906727,-0.42868125438690186,0.0
1787250566.164212704,1787250566.164217710,state,0.009535891003906727,-0.42868125438690186,0.0
1787250566.165884256,1787250566.165889978,command,-0.02180202677845955,-0.2755650579929352,0.0
1787250566.234147549,1787250566.233547926,state_stamped,0.0007612593472003937,-0.38580864667892456,0.0
1787250566.234181166,1787250566.234185696,state,0.0007612593472003937,-0.38580864667892456,0.0
1787250566.236073017,1787250566.236078262,command,-0.029419653117656708,-0.19809545576572418,0.0
1787250566.304145098,1787250566.303548336,state_stamped,-0.007689454592764378,-0.3332485854625702,0.0
1787250566.304210424,1787250566.304215670,state,-0.007689454592764378,-0.3332485854625702,0.0
1787250566.306130886,1787250566.306133986,command,-0.030997658148407936,-0.11120021343231201,0.0
1787250566.364189863,1787250566.364193678,state,-0.013283396139740944,-0.27995723485946655,0.0
1787250566.364219189,1787250566.363548279,state_stamped,-0.013283396139740944,-0.27995723485946655,0.0
1787250566.366156816,1787250566.366159439,command,-0.034892816096544266,-0.04633105546236038,0.0
1787250566.434172869,1787250566.434176683,state,-0.019334031268954277,-0.21454192698001862,0.0
1787250566.434200525,1787250566.433548212,state_stamped,-0.019334031268954277,-0.21454192698001862,0.0
1787250566.436122656,1787250566.436125040,command,-0.030488479882478714,-0.0012134135467931628,0.0
1787250566.504168510,1787250566.503547907,state_stamped,-0.022457266226410866,-0.15481016039848328,0.0
1787250566.504203558,1787250566.504207611,state,-0.022457266226410866,-0.15481016039848328,0.0
1787250566.506215572,1787250566.506220818,command,-0.024481741711497307,0.045209817588329315,0.0
1787250566.564194918,1787250566.564198732,state,-0.02294314093887806,-0.10680532455444336,0.0
1787250566.564230204,1787250566.563547850,state_stamped,-0.02294314093887806,-0.10680532455444336,0.0
1787250566.566180944,1787250566.566186190,command,0.00833007413893938,0.2805657386779785,0.0
1787250566.634238243,1787250566.634242773,state,-0.014186602085828781,0.0016590505838394165,0.0
1787250566.634277582,1787250566.633548260,state_stamped,-0.014186602085828781,0.0016590505838394165,0.0
1787250566.636740923,1787250566.636746407,command,0.007958733476698399,0.3546614944934845,0.0
1787250566.704196692,1787250566.704200506,state,-0.007985923439264297,0.10049948841333389,0.0
1787250566.704228878,1787250566.703547955,state_stamped,-0.007985923439264297,0.10049948841333389,0.0
1787250566.706490278,1787250566.706496716,command,0.0011653678957372904,0.43786633014678955,0.0
1787250566.764104366,1787250566.763548136,state_stamped,-0.005789610091596842,0.18146765232086182,0.0
1787250566.764139414,1787250566.764143467,state,-0.005789610091596842,0.18146765232086182,0.0
1787250566.766223907,1787250566.766231775,command,-0.004330864176154137,0.5255860090255737,0.0
1787250566.834056139,1787250566.833548307,state_stamped,-0.005381160415709019,0.2778209447860718,0.0
1787250566.834078550,1787250566.834082603,state,-0.005381160415709019,0.2778209447860718,0.0
1787250566.835880995,1787250566.835889101,command,0.0050712344236671925,0.5865105390548706,0.0
1787250566.904097319,1787250566.903548002,state_stamped,-0.0024545041378587484,0.36425361037254333,0.0
1787250566.904119492,1787250566.904123545,state,-0.0024545041378587484,0.36425361037254333,0.0
1787250566.906150579,1787250566.906158686,command,0.010530583560466766,0.6150897741317749,0.0
1787250566.964127064,1787250566.963547945,state_stamped,0.0006619214545935392,0.42445439100265503,0.0
1787250566.964163542,1787250566.964170218,state,0.0006619214545935392,0.42445439100265503,0.0
1787250566.966530800,1787250566.966536522,command,0.01355809811502695,0.6267151236534119,0.0
1787250567.034061193,1787250567.033548355,state_stamped,0.004272874444723129,0.4810877740383148,0.0
1787250567.034095287,1787250567.034103632,state,0.004272874444723129,0.4810877740383148,0.0
1787250567.036120415,1787250567.036125898,command,0.014355332590639591,0.5988171696662903,0.0
1787250567.104196787,1787250567.104204893,state,0.007095943205058575,0.5140517950057983,0.0
1787250567.104253531,1787250567.103548050,state_stamped,0.007095943205058575,0.5140517950057983,0.0
1787250567.106160164,1787250567.106167555,command,0.0047220997512340546,0.5882036685943604,0.0
1787250567.164210081,1787250567.164218187,state,0.006526217795908451,0.5318483114242554,0.0
1787250567.164267540,1787250567.163548231,state_stamped,0.006526217795908451,0.5318483114242554,0.0
1787250567.166201830,1787250567.166209698,command,0.003636105451732874,0.5671113133430481,0.0
1787250567.234170198,1787250567.234175920,state,0.005716989748179913,0.5417219400405884,0.0
1787250567.234217167,1787250567.233547926,state_stamped,0.005716989748179913,0.5417219400405884,0.0
1787250567.236124754,1787250567.236132622,command,0.004643822088837624,0.504922091960907,0.0
1787250567.304201365,1787250567.304207087,state,0.005416500847786665,0.5314179062843323,0.0
1787250567.304247141,1787250567.303548574,state_stamped,0.005416500847786665,0.5314179062843323,0.0
1787250567.306120872,1787250567.306125641,command,0.0046581970527768135,0.41280215978622437,0.0
1787250567.364231586,1787250567.364237309,state,0.005234467331320047,0.502943754196167,0.0
1787250567.364267349,1787250567.363561869,state_stamped,0.005234467331320047,0.502943754196167,0.0
1787250567.366156578,1787250567.366159439,command,0.01142117753624916,0.3363896906375885,0.0
1787250567.434185743,1787250567.434193611,state,0.006966407876461744,0.4563177227973938,0.0
1787250567.434246063,1787250567.433548212,state_stamped,0.006966407876461744,0.4563177227973938,0.0
1787250567.436106205,1787250567.436109543,command,0.01620803028345108,0.2856360375881195,0.0
1787250567.504224062,1787250567.504231691,state,0.0095540601760149,0.4085268974304199,0.0
1787250567.504282951,1787250567.503548145,state_stamped,0.0095540601760149,0.4085268974304199,0.0
1787250567.506169319,1787250567.506173849,command,0.025563456118106842,0.1958456039428711,0.0
1787250567.564217806,1787250567.564225674,state,0.013396323658525944,0.35748326778411865,0.0
1787250567.564274788,1787250567.563548326,state_stamped,0.013396323658525944,0.35748326778411865,0.0
1787250567.566164017,1787250567.566166878,command,0.028883181512355804,0.14145426452159882,0.0
1787250567.634178877,1787250567.634183884,state,0.01773262768983841,0.2969954013824463,0.0
1787250567.634218693,1787250567.633548021,state_stamped,0.01773262768983841,0.2969954013824463,0.0
1787250567.636114359,1787250567.636119127,command,0.028819018974900246,0.08628091216087341,0.0
1787250567.704220772,1787250567.704228640,state,0.020836826413869858,0.2379951775074005,0.0
1787250567.704277515,1787250567.703548193,state_stamped,0.020836826413869858,0.2379951775074005,0.0
1787250567.706179619,1787250567.706184149,command,0.021020689979195595,0.055024154484272,0.0
1787250567.764131784,1787250567.764137506,state,0.02088095434010029,0.19408191740512848,0.0
1787250567.764224529,1787250567.763548613,state_stamped,0.02088095434010029,0.19408191740512848,0.0
1787250567.765921593,1787250567.765924454,command,0.026493187993764877,-0.24807685613632202,0.0
1787250567.834005594,1787250567.834008694,state,0.02245236746966839,0.07027848064899445,0.0
1787250567.834044456,1787250567.833547831,state_stamped,0.02245236746966839,0.07027848064899445,0.0
1787250567.836035252,1787250567.836037159,command,0.03086680918931961,-0.3412206470966339,0.0
1787250567.904057026,1787250567.904062271,state,0.02480841428041458,-0.04494142532348633,0.0
1787250567.904143810,1787250567.903548002,state_stamped,0.02480841428041458,-0.04494142532348633,0.0
1787250567.906090498,1787250567.906092882,command,0.038679447025060654,-0.4040730595588684,0.0
1787250567.964178801,1787250567.964184046,state,0.028137464076280594,-0.1311330646276474,0.0
1787250567.964261770,1787250567.963548183,state_stamped,0.028137464076280594,-0.1311330646276474,0.0
1787250567.966367245,1787250567.966372013,command,0.04386935010552406,-0.4371170401573181,0.0
