wall_time_s,ros_time_s,kind,pitch_rad,yaw_rad,z
1787250663.083389759,1787250663.082804680,state_stamped,0.0,0.0,0.0
1787250663.083434582,1787250663.083465099,state,0.0,0.0,0.0
1787250663.094201565,1787250663.094207287,command,0.0,0.0,0.0
1787250663.143658638,1787250663.143666983,state,0.0,0.0,0.0
1787250663.143715620,1787250663.142804861,state_stamped,0.0,0.0,0.0
1787250663.145465851,1787250663.145470858,command,0.0,0.0,0.0
1787250663.213515282,1787250663.213522911,state,0.0,0.0,0.0
1787250663.213599920,1787250663.212805271,state_stamped,0.0,0.0,0.0
1787250663.215314388,1787250663.215318680,command,0.0,0.0,0.0
1787250663.283336639,1787250663.283342361,state,0.0,0.0,0.0
1787250663.283383369,1787250663.282804966,state_stamped,0.0,0.0,0.0
1787250663.285323381,1787250663.285328627,command,0.0,0.0,0.0
1787250663.343522310,1787250663.343529463,state,0.0,0.0,0.0
1787250663.343583584,1787250663.342804909,state_stamped,0.0,0.0,0.0
1787250663.345302820,1787250663.345304489,command,0.0,0.0,0.0
1787250663.413305998,1787250663.413310766,state,0.0,0.0,0.0
1787250663.413339615,1787250663.412804604,state_stamped,0.0,0.0,0.0
1787250663.415232182,1787250663.415235043,command,0.0,0.0,0.0
1787250663.483374834,1787250663.483380079,state,0.0,0.0,0.0
1787250663.483438015,1787250663.482804775,state_stamped,0.0,0.0,0.0
1787250663.485290289,1787250663.485297918,command,0.0,0.0,0.0
1787250663.543368340,1787250663.543375254,state,0.0,0.0,0.0
1787250663.543450356,1787250663.542805433,state_stamped,0.0,0.0,0.0
1787250663.546008587,1787250663.546015024,command,0.0,0.0,0.0
1787250663.613291740,1787250663.613295078,state,0.0,0.0,0.0
1787250663.613348246,1787250663.612804651,state_stamped,0.0,0.0,0.0
1787250663.615310669,1787250663.615315437,command,0.0,0.0,0.0
1787250663.683364868,1787250663.683370352,state,0.0,0.0,0.0
1787250663.683432102,1787250663.682804823,state_stamped,0.0,0.0,0.0
1787250663.685272217,1787250663.685278177,command,0.0,0.0,0.0
1787250663.743392944,1787250663.743397713,state,0.0,0.0,0.0
1787250663.743431568,1787250663.742804766,state_stamped,0.0,0.0,0.0
1787250663.745247841,1787250663.745253801,command,0.0,0.0,0.0
1787250663.813343525,1787250663.813347340,state,0.0,0.0,0.0
1787250663.813390017,1787250663.812804937,state_stamped,0.0,0.0,0.0
1787250663.815289259,1787250663.815294266,command,0.0,0.0,0.0
1787250663.883371830,1787250663.883378506,state,0.0,0.0,0.0
1787250663.883440971,1787250663.882805109,state_stamped,0.0,0.0,0.0
1787250663.885241747,1787250663.885244608,command,0.0,0.0,0.0
1787250663.943284750,1787250663.943290472,state,0.0,0.0,0.0
1787250663.943333864,1787250663.942804813,state_stamped,0.0,0.0,0.0
1787250663.945048332,1787250663.945054770,command,0.0,0.0,0.0
1787250664.013221025,1787250664.013226509,state,0.0,0.0,0.0
1787250664.013307095,1787250664.012804747,state_stamped,0.0,0.0,0.0
1787250664.015298128,1787250664.015300512,command,0.0,0.0,0.0
1787250664.083276510,1787250664.083282232,state,0.0,0.0,0.0
1787250664.083324909,1787250664.082804680,state_stamped,0.0,0.0,0.0
1787250664.085170269,1787250664.085172653,command,0.0,0.0,0.0
1787250664.143282413,1787250664.143288136,state,0.0,0.0,0.0
1787250664.143332005,1787250664.142805338,state_stamped,0.0,0.0,0.0
1787250664.144994736,1787250664.144997120,command,0.0,0.0,0.0
1787250664.213301659,1787250664.213308811,state,0.0,0.0,0.0
1787250664.213353395,1787250664.212805033,state_stamped,0.0,0.0,0.0
1787250664.215247393,1787250664.215249777,command,0.0,0.0,0.0
1787250664.283364058,1787250664.283370972,state,0.0,0.0,0.0
1787250664.283419132,1787250664.282804966,state_stamped,0.0,0.0,0.0
1787250664.285259724,1787250664.285262108,command,0.0,0.0,0.0
1787250664.343605518,1787250664.343612432,state,0.0,0.0,0.0
1787250664.343656301,1787250664.342805386,state_stamped,0.0,0.0,0.0
1787250664.345374107,1787250664.345376492,command,0.0,0.0,0.0
1787250664.413268328,1787250664.413274765,state,0.0,0.0,0.0
1787250664.413321972,1787250664.412804604,state_stamped,0.0,0.0,0.0
1787250664.415176392,1787250664.415178776,command,0.0,0.0,0.0
1787250664.483520508,1787250664.483527184,state,0.0,0.0,0.0
1787250664.483568668,1787250664.482805014,state_stamped,0.0,0.0,0.0
1787250664.485394955,1787250664.485397339,command,0.0,0.0,0.0
1787250664.543545485,1787250664.543553591,state,0.0,0.0,0.0
1787250664.543657064,1787250664.542804956,state_stamped,0.0,0.0,0.0
1787250664.545341969,1787250664.545347691,command,0.0,0.0,0.0
1787250664.613454580,1787250664.613461018,state,0.0,0.0,0.0
1787250664.613507509,1787250664.612804890,state_stamped,0.0,0.0,0.0
1787250664.615281105,1787250664.615286112,command,0.0,0.0,0.0
1787250664.683440208,1787250664.682804823,state_stamped,0.0,0.0,0.0
1787250664.683520079,1787250664.683525801,state,0.0,0.0,0.0
1787250664.685277462,1787250664.685282707,command,0.0,0.0,0.0
1787250664.743517637,1787250664.743523121,state,0.0,0.0,0.0
1787250664.743564129,1787250664.742804766,state_stamped,0.0,0.0,0.0
1787250664.745254517,1787250664.745262146,command,0.0,0.0,0.0
1787250664.813402176,1787250664.813407421,state,0.0,0.0,0.0
1787250664.813463211,1787250664.812804699,state_stamped,0.0,0.0,0.0
1787250664.815338850,1787250664.815346718,command,0.0,0.0,0.0
1787250664.883358955,1787250664.883364439,state,0.0,0.0,0.0
1787250664.883405924,1787250664.882804632,state_stamped,0.0,0.0,0.0
1787250664.885264874,1787250664.885273695,command,0.0,0.0,0.0
1787250664.943487406,1787250664.943492651,state,0.0,0.0,0.0
1787250664.943535805,1787250664.942804575,state_stamped,0.0,0.0,0.0
1787250664.945203304,1787250664.945210695,command,0.0,0.0,0.0
1787250665.013419867,1787250665.013431787,state,0.0,0.0,0.0
1787250665.013475657,1787250665.012804985,state_stamped,0.0,0.0,0.0
1787250665.015468836,1787250665.015473127,command,0.0,0.0,0.0
1787250665.083336353,1787250665.083341837,state,0.0,0.0,0.0
1787250665.083383799,1787250665.082804680,state_stamped,0.0,0.0,0.0
1787250665.085275650,1787250665.085278988,command,0.0,0.0,0.0
1787250665.143561840,1787250665.143567324,state,0.0,0.0,0.0
1787250665.143616199,1787250665.142805099,state_stamped,0.0,0.0,0.0
1787250665.145412922,1787250665.145422697,command,0.0,0.0,0.0
1787250665.213440418,1787250665.213446617,state,0.0,0.0,0.0
1787250665.213498592,1787250665.212805510,state_stamped,0.0,0.0,0.0
1787250665.215514421,1787250665.215519667,command,0.0,0.0,0.0
1787250665.283581495,1787250665.283586740,state,0.0,0.0,0.0
1787250665.283630610,1787250665.282804966,state_stamped,0.0,0.0,0.0
1787250665.285235167,1787250665.285240412,command,0.0,0.0,0.0
1787250665.343561411,1787250665.343567371,state,0.0,0.0,0.0
1787250665.343610764,1787250665.342805147,state_stamped,0.0,0.0,0.0
1787250665.345360279,1787250665.345365763,command,0.0,0.0,0.0
1787250665.413536787,1787250665.413542747,state,0.0,0.0,0.0
1787250665.413585663,1787250665.412812233,state_stamped,0.0,0.0,0.0
1787250665.415302753,1787250665.415307760,command,0.0,0.0,0.0
1787250665.483511448,1787250665.483517647,state,0.0,0.0,0.0
1787250665.483560562,1787250665.482805014,state_stamped,0.0,0.0,0.0
1787250665.485420942,1787250665.485426188,command,0.0,0.0,0.0
1787250665.543359518,1787250665.543366432,state,0.0,0.0,0.0
1787250665.543462038,1787250665.542804956,state_stamped,0.0,0.0,0.0
1787250665.546128988,1787250665.546134472,command,0.0,0.0,0.0
1787250665.613310575,1787250665.613318205,state,0.0,0.0,0.0
1787250665.613375187,1787250665.612804651,state_stamped,0.0,0.0,0.0
1787250665.615437984,1787250665.615443468,command,0.0,0.0,0.0
1787250665.683616877,1787250665.683622599,state,0.0,0.0,0.0
1787250665.683665037,1787250665.682804585,state_stamped,0.0,0.0,0.0
1787250665.685389519,1787250665.685394764,command,0.0,0.0,0.0
1787250665.743518114,1787250665.742804766,state_stamped,0.0,0.0,0.0
1787250665.743548632,1787250665.743554354,state,0.0,0.0,0.0
1787250665.745482445,1787250665.745487452,command,0.0,0.0,0.0
1787250665.813296080,1787250665.812804937,state_stamped,0.0,0.0,0.0
1787250665.813380957,1787250665.813387156,state,0.0,0.0,0.0
1787250665.814995527,1787250665.815003157,command,0.0,0.0,0.0
1787250665.883393526,1787250665.882804632,state_stamped,0.0,0.0,0.0
1787250665.883444309,1787250665.883452892,state,0.0,0.0,0.0
1787250665.885085106,1787250665.885090590,command,0.0,0.0,0.0
1787250665.943471193,1787250665.943476439,state,0.0,0.0,0.0
1787250665.943575382,1787250665.942805052,state_stamped,0.0,0.0,0.0
1787250665.945456266,1787250665.945461750,command,0.0,0.0,0.0
1787250666.013257504,1787250666.012804985,state_stamped,0.0,0.0,0.0
1787250666.013297081,1787250666.013305664,state,0.0,0.0,0.0
1787250666.015667439,1787250666.015673161,command,0.0,0.0,0.0
1787250666.083330154,1787250666.082805395,state_stamped,0.0,0.0,0.0
1787250666.083379984,1787250666.083387852,state,0.0,0.0,0.0
1787250666.085344791,1787250666.085349560,command,0.0,0.0,0.0
1787250666.143316031,1787250666.142805338,state_stamped,0.0,0.0,0.0
1787250666.143361568,1787250666.143369675,state,0.0,0.0,0.0
1787250666.145291805,1787250666.145296812,command,0.0,0.0,0.0
1787250666.213316679,1787250666.213324308,state,0.0,0.0,0.0
1787250666.213376284,1787250666.212805033,state_stamped,0.0,0.0,0.0
1787250666.215256691,1787250666.215261459,command,0.0,0.0,0.0
1787250666.283307314,1787250666.282804489,state_stamped,0.0,0.0,0.0
1787250666.283387423,1787250666.283395052,state,0.0,0.0,0.0
1787250666.285314083,1787250666.285318851,command,0.0,0.0,0.0
1787250666.343337774,1787250666.342804909,state_stamped,0.0,0.0,0.0
1787250666.343380928,1787250666.343388557,state,0.0,0.0,0.0
1787250666.345295191,1787250666.345299721,command,0.0,0.0,0.0
1787250666.413239241,1787250666.413246870,state,0.0,0.0,0.0
1787250666.413358688,1787250666.412805319,state_stamped,0.0,0.0,0.0
1787250666.415331602,1787250666.415336132,command,0.0,0.0,0.0
1787250666.483500719,1787250666.482805014,state_stamped,0.0,0.0,0.0
1787250666.483542204,1787250666.483550310,state,0.0,0.0,0.0
1787250666.485442400,1787250666.485448122,command,0.0,0.0,0.0
1787250666.543515205,1787250666.542804480,state_stamped,0.0,0.0,0.0
1787250666.543544769,1787250666.543550491,state,0.0,0.0,0.0
1787250666.545400381,1787250666.545405149,command,0.0,0.0,0.0
1787250666.613393068,1787250666.612804890,state_stamped,0.0,0.0,0.0
1787250666.613427401,1787250666.613432646,state,0.0,0.0,0.0
1787250666.615374804,1787250666.615382671,command,0.0,0.0,0.0
1787250666.683466434,1787250666.683471918,state,0.0,0.0,0.0
1787250666.683508158,1787250666.682804585,state_stamped,0.0,0.0,0.0
1787250666.685554266,1787250666.685559034,command,0.0,0.0,0.0
1787250666.743492603,1787250666.742805004,state_stamped,0.0,0.0,0.0
1787250666.743522406,1787250666.743527412,state,0.0,0.0,0.0
1787250666.745402336,1787250666.745409727,command,0.0,0.0,0.0
1787250666.813375473,1787250666.812804699,state_stamped,0.0,0.0,0.0
1787250666.813409328,1787250666.813414097,state,0.0,0.0,0.0
1787250666.815324068,1787250666.815332174,command,0.0,0.0,0.0
1787250666.883442402,1787250666.882805109,state_stamped,0.0,0.0,0.0
1787250666.883476257,1787250666.883484364,state,0.0,0.0,0.0
1787250666.885365009,1787250666.885370731,command,0.0,0.0,0.0
1787250666.943302155,1787250666.942804575,state_stamped,0.0,0.0,0.0
1787250666.943332911,1787250666.943339825,state,0.0,0.0,0.0
1787250666.945132256,1787250666.945140839,command,0.0,0.0,0.0
1787250667.013211250,1787250667.012804985,state_stamped,0.0,0.0,0.0
1787250667.013242006,1787250667.013249397,state,0.0,0.0,0.0
1787250667.015408278,1787250667.015432358,command,0.0,0.0,0.0
1787250667.083247423,1787250667.083251238,state,0.0,0.0,0.0
1787250667.083290577,1787250667.082804680,state_stamped,0.0,0.0,0.0
1787250667.085282087,1787250667.085286617,command,0.0,0.0,0.0
1787250667.143240929,1787250667.143244267,state,0.0,0.0,0.0
1787250667.143323660,1787250667.142804861,state_stamped,0.0,0.0,0.0
1787250667.145274639,1787250667.145278931,command,0.0,0.0,0.0
1787250667.213196993,1787250667.213201046,state,0.0,0.0,0.0
1787250667.213237762,1787250667.212805510,state_stamped,0.0,0.0,0.0
1787250667.215197086,1787250667.215201139,command,0.0,0.0,0.0
1787250667.283352375,1787250667.283356190,state,0.0,0.0,0.0
1787250667.283430815,1787250667.282804966,state_stamped,0.0,0.0,0.0
1787250667.285059929,1787250667.285064697,command,0.0,0.0,0.0
1787250667.343338013,1787250667.342804432,state_stamped,0.0,0.0,0.0
1787250667.343370676,1787250667.343375921,state,0.0,0.0,0.0
1787250667.345181942,1787250667.345186710,command,0.0,0.0,0.0
1787250667.413450480,1787250667.413454771,state,0.0,0.0,0.0
1787250667.413499594,1787250667.412804842,state_stamped,0.0,0.0,0.0
1787250667.415335655,1787250667.415342808,command,0.0,0.0,0.0
1787250667.483309507,1787250667.483313322,state,0.0,0.0,0.0
1787250667.483379126,1787250667.482804537,state_stamped,0.0,0.0,0.0
1787250667.485048056,1787250667.485055447,command,0.0,0.0,0.0
1787250667.543315649,1787250667.543322802,state,0.0,0.0,0.0
1787250667.543365002,1787250667.542805195,state_stamped,0.0,0.0,0.0
1787250667.545878887,1787250667.545883656,command,0.0,0.0,0.0
1787250667.613235474,1787250667.613239765,state,0.0,0.0,0.0
1787250667.613279343,1787250667.612804651,state_stamped,0.0,0.0,0.0
1787250667.615347624,1787250667.615352154,command,0.0,0.0,0.0
1787250667.683369637,1787250667.683373928,state,0.0,0.0,0.0
1787250667.683410645,1787250667.682804823,state_stamped,0.0,0.0,0.0
1787250667.685449123,1787250667.685454369,command,0.0,0.0,0.0
1787250667.743297815,1787250667.743302345,state,0.0,0.0,0.0
1787250667.743342400,1787250667.742805004,state_stamped,0.0,0.0,0.0
1787250667.745054483,1787250667.745062113,command,0.0,0.0,0.0
1787250667.813191652,1787250667.813195944,state,0.0,0.0,0.0
1787250667.813233137,1787250667.812804937,state_stamped,0.0,0.0,0.0
1787250667.814896107,1787250667.814901590,command,0.0,0.0,0.0
1787250667.883287191,1787250667.883291721,state,0.0,0.0,0.0
1787250667.883328915,1787250667.882804871,state_stamped,0.0,0.0,0.0
1787250667.885011435,1787250667.885016203,command,0.0,0.0,0.0
1787250667.943308353,1787250667.943312407,state,0.0,0.0,0.0
1787250667.943349361,1787250667.942805290,state_stamped,0.0,0.0,0.0
1787250667.945051193,1787250667.945055962,command,0.0,0.0,0.0
1787250668.013200521,1787250668.013206244,state,0.0,0.0,0.0
1787250668.013242006,1787250668.012804985,state_stamped,0.0,0.0,0.0
1787250668.015358686,1787250668.015363932,command,0.0,0.0,0.0
1787250668.083324909,1787250668.083328485,state,0.0,0.0,0.0
1787250668.083384752,1787250668.082805395,state_stamped,0.0,0.0,0.0
1787250668.085268259,1787250668.085273266,command,0.0,0.0,0.0
1787250668.143354654,1787250668.142805099,state_stamped,0.0,0.0,0.0
1787250668.143380404,1787250668.143384218,state,0.0,0.0,0.0
1787250668.145023346,1787250668.145028353,command,0.0,0.0,0.0
1787250668.213296652,1787250668.213299990,state,0.0,0.0,0.0
1787250668.213336229,1787250668.212804794,state_stamped,0.0,0.0,0.0
1787250668.215223789,1787250668.215228558,command,0.0,0.0,0.0
1787250668.283378363,1787250668.282804728,state_stamped,0.0,0.0,0.0
1787250668.283401251,1787250668.283405304,state,0.0,0.0,0.0
1787250668.285096407,1787250668.285101891,command,0.0,0.0,0.0
1787250668.343379021,1787250668.343383074,state,0.0,0.0,0.0
1787250668.343418598,1787250668.342804909,state_stamped,0.0,0.0,0.0
1787250668.345113039,1787250668.345118046,command,0.0,0.0,0.0
1787250668.413346767,1787250668.412805080,state_stamped,0.0,0.0,0.0
1787250668.413406372,1787250668.413410187,state,0.0,0.0,0.0
1787250668.415327787,1787250668.415332556,command,0.0,0.0,0.0
1787250668.483385086,1787250668.483388901,state,0.0,0.0,0.0
1787250668.483453751,1787250668.482805014,state_stamped,0.0,0.0,0.0
1787250668.485285521,1787250668.485290527,command,0.0,0.0,0.0
1787250668.543427944,1787250668.542804956,state_stamped,0.0,0.0,0.0
1787250668.543498516,1787250668.543505192,state,0.0,0.0,0.0
1787250668.545365810,1787250668.545371056,command,0.0,0.0,0.0
1787250668.613343716,1787250668.612804890,state_stamped,0.0,0.0,0.0
1787250668.613403320,1787250668.613408566,state,0.0,0.0,0.0
1787250668.615323305,1787250668.615328312,command,0.0,0.0,0.0
1787250668.683395147,1787250668.682804823,state_stamped,0.0,0.0,0.0
1787250668.683424711,1787250668.683429480,state,0.0,0.0,0.0
1787250668.685480118,1787250668.685485601,command,0.0,0.0,0.0
1787250668.743371010,1787250668.742805004,state_stamped,0.0,0.0,0.0
1787250668.743396282,1787250668.743399858,state,0.0,0.0,0.0
1787250668.745365858,1787250668.745371580,command,0.0,0.0,0.0
1787250668.813330889,1787250668.813335896,state,0.0,0.0,0.0
1787250668.813365221,1787250668.812804937,state_stamped,0.0,0.0,0.0
1787250668.815342426,1787250668.815347910,command,0.0,0.0,0.0
1787250668.883425474,1787250668.882805109,state_stamped,0.0,0.0,0.0
1787250668.883455276,1787250668.883460283,state,0.0,0.0,0.0
1787250668.885258198,1787250668.885263205,command,0.0,0.0,0.0
1787250668.943361759,1787250668.943365097,state,0.0,0.0,0.0
1787250668.943393707,1787250668.942805529,state_stamped,0.0,0.0,0.0
1787250668.945089817,1787250668.945095062,command,0.0,0.0,0.0
1787250669.013290405,1787250669.013292551,state,0.0,0.0,0.0
1787250669.013318539,1787250669.012805700,state_stamped,0.0,0.0,0.0
1787250669.015227318,1787250669.015233278,command,0.0,0.0,0.0
1787250669.083353519,1787250669.083357096,state,0.0,0.0,0.0
1787250669.083385944,1787250669.082805157,state_stamped,0.0,0.0,0.0
1787250669.085227966,1787250669.085232973,command,0.0,0.0,0.0
1787250669.143425465,1787250669.143434286,state,0.0,0.0,0.0
1787250669.143496037,1787250669.142805099,state_stamped,0.0,0.0,0.0
1787250669.145087957,1787250669.145091534,command,0.0,0.0,0.0
1787250669.213335037,1787250669.212804794,state_stamped,0.0,0.0,0.0
1787250669.213367224,1787250669.213375330,state,0.0,0.0,0.0
1787250669.215101480,1787250669.215106487,command,0.0,0.0,0.0
1787250669.283409119,1787250669.283412933,state,0.0,0.0,0.0
1787250669.283496618,1787250669.282804728,state_stamped,0.0,0.0,0.0
1787250669.285358667,1787250669.285363197,command,0.0,0.0,0.0
1787250669.343428850,1787250669.343433380,state,0.0,0.0,0.0
1787250669.343468428,1787250669.342805147,state_stamped,0.0,0.0,0.0
1787250669.345355749,1787250669.345360994,command,0.0,0.0,0.0
1787250669.413341999,1787250669.413345575,state,0.0,0.0,0.0
1787250669.413385153,1787250669.412804604,state_stamped,0.0,0.0,0.0
1787250669.415091753,1787250669.415096521,command,0.0,0.0,0.0
1787250669.483371973,1787250669.483375549,state,0.0,0.0,0.0
1787250669.483416080,1787250669.482804775,state_stamped,0.0,0.0,0.0
1787250669.485286236,1787250669.485291243,command,0.0,0.0,0.0
1787250669.543436766,1787250669.543441057,state,0.0,0.0,0.0
1787250669.543475389,1787250669.542804718,state_stamped,0.0,0.0,0.0
1787250669.545474529,1787250669.545481443,command,0.0,0.0,0.0
1787250669.613370180,1787250669.613375664,state,0.0,0.0,0.0
1787250669.613494873,1787250669.612804651,state_stamped,0.0,0.0,0.0
1787250669.615682602,1787250669.615689754,command,0.0,0.0,0.0
1787250669.683376789,1787250669.683381081,state,0.0,0.0,0.0
1787250669.683425903,1787250669.682805300,state_stamped,0.0,0.0,0.0
1787250669.685430288,1787250669.685435057,command,0.0,0.0,0.0
1787250669.743400097,1787250669.743404388,state,0.0,0.0,0.0
1787250669.743436098,1787250669.742805004,state_stamped,0.0,0.0,0.0
1787250669.745123148,1787250669.745129824,command,0.0,0.0,0.0
1787250669.813340425,1787250669.813343763,state,0.0,0.0,0.0
1787250669.813390493,1787250669.812805653,state_stamped,0.0,0.0,0.0
1787250669.815693617,1787250669.815701246,command,0.0,0.0,0.0
1787250669.883394241,1787250669.883397579,state,0.0,0.0,0.0
1787250669.883441448,1787250669.882804632,state_stamped,0.0,0.0,0.0
1787250669.885144234,1787250669.885149717,command,0.0,0.0,0.0
1787250669.943432093,1787250669.943439007,state,0.0,0.0,0.0
1787250669.943481207,1787250669.942805529,state_stamped,0.0,0.0,0.0
1787250669.945765734,1787250669.945771217,command,0.0,0.0,0.0
1787250670.013342857,1787250670.013349056,state,0.0,0.0,0.0
1787250670.013399363,1787250670.012805223,state_stamped,0.0,0.0,0.0
1787250670.015848637,1787250670.015853882,command,0.0,0.0,0.0
1787250670.083379984,1787250670.083385229,state,0.0,0.0,0.0
1787250670.083439589,1787250670.082805157,state_stamped,0.0,0.0,0.0
1787250670.085500002,1787250670.085504532,command,0.0,0.0,0.0
1787250670.143406391,1787250670.143411160,state,0.0,0.0,0.0
1787250670.143490553,1787250670.142805815,state_stamped,0.0,0.0,0.0
1787250670.145064354,1787250670.145069599,command,0.0,0.0,0.0
1787250670.213338375,1787250670.213346481,state,0.0,0.0,0.0
1787250670.213401794,1787250670.212805033,state_stamped,0.0,0.0,0.0
1787250670.215055466,1787250670.215059757,command,0.0,0.0,0.0
1787250670.283386946,1787250670.283391714,state,0.0,0.0,0.0
1787250670.283441067,1787250670.282804966,state_stamped,0.0,0.0,0.0
1787250670.285137177,1787250670.285141706,command,0.0,0.0,0.0
1787250670.343497038,1787250670.343504667,state,0.0,0.0,0.0
1787250670.343556166,1787250670.342804670,state_stamped,0.0,0.0,0.0
1787250670.345063925,1787250670.345068693,command,0.0,0.0,0.0
1787250670.413405895,1787250670.412804604,state_stamped,0.0,0.0,0.0
1787250670.413469553,1787250670.413477659,state,0.0,0.0,0.0
1787250670.415332079,1787250670.415336847,command,0.0,0.0,0.0
1787250670.483527660,1787250670.482816219,state_stamped,0.0,0.0,0.0
1787250670.483563423,1787250670.483571529,state,0.0,0.0,0.0
1787250670.485383272,1787250670.485387802,command,0.0,0.0,0.0
1787250670.543456793,1787250670.543460846,state,0.0,0.0,0.0
1787250670.543494463,1787250670.542804956,state_stamped,0.0,0.0,0.0
1787250670.545106888,1787250670.545111656,command,0.0,0.0,0.0
1787250670.613415480,1787250670.613421202,state,0.0,0.0,0.0
1787250670.613468409,1787250670.612804651,state_stamped,0.0,0.0,0.0
1787250670.615355253,1787250670.615359783,command,0.0,0.0,0.0
1787250670.683472872,1787250670.683476448,state,0.0,0.0,0.0
1787250670.683518648,1787250670.682805300,state_stamped,0.0,0.0,0.0
1787250670.685432673,1787250670.685438633,command,0.0,0.0,0.0
1787250670.743397713,1787250670.743402719,state,0.0,0.0,0.0
1787250670.743458748,1787250670.742805004,state_stamped,0.0,0.0,0.0
1787250670.745105267,1787250670.745113373,command,0.0,0.0,0.0
1787250670.813339233,1787250670.812804937,state_stamped,0.0,0.0,0.0
1787250670.813362598,1787250670.813366413,state,0.0,0.0,0.0
1787250670.815326691,1787250670.815329790,command,0.0,0.0,0.0
1787250670.883362770,1787250670.882804632,state_stamped,0.0,0.0,0.0
1787250670.883445024,1787250670.883451223,state,0.0,0.0,0.0
1787250670.885088921,1787250670.885091305,command,0.0,0.0,0.0
1787250670.943397045,1787250670.943403482,state,0.0,0.0,0.0
1787250670.943454742,1787250670.942805290,state_stamped,0.0,0.0,0.0
1787250670.945115805,1787250670.945119381,command,0.0,0.0,0.0
1787250671.013355970,1787250671.013362885,state,0.0,0.0,0.0
1787250671.013421059,1787250671.012805223,state_stamped,0.0,0.0,0.0
1787250671.015477180,1787250671.015482664,command,0.0,0.0,0.0
1787250671.083505869,1787250671.083510876,state,0.0,0.0,0.0
1787250671.083547831,1787250671.082804918,state_stamped,0.0,0.0,0.0
1787250671.085183144,1787250671.085187435,command,0.0,0.0,0.0
1787250671.143399477,1787250671.143404722,state,0.0,0.0,0.0
1787250671.143473148,1787250671.142804861,state_stamped,0.0,0.0,0.0
1787250671.145123243,1787250671.145126820,command,0.0,0.0,0.0
1787250671.213365555,1787250671.213370323,state,0.0,0.0,0.0
1787250671.213411331,1787250671.212805033,state_stamped,0.0,0.0,0.0
1787250671.215129852,1787250671.215134859,command,0.0,0.0,0.0
1787250671.283517599,1787250671.282804728,state_stamped,0.0,0.0,0.0
1787250671.283558130,1787250671.283563375,state,0.0,0.0,0.0
1787250671.285190105,1787250671.285193682,command,0.0,0.0,0.0
1787250671.343521833,1787250671.343526840,state,0.0,0.0,0.0
1787250671.343561649,1787250671.342804909,state_stamped,0.0,0.0,0.0
1787250671.345169783,1787250671.345172405,command,0.0,0.0,0.0
1787250671.413363695,1787250671.413367271,state,0.0,0.0,0.0
1787250671.413396835,1787250671.412806273,state_stamped,0.0,0.0,0.0
1787250671.415071487,1787250671.415075302,command,0.0,0.0,0.0
1787250671.483455896,1787250671.483458996,state,0.0,0.0,0.0
1787250671.483480930,1787250671.482804775,state_stamped,0.0,0.0,0.0
1787250671.485261917,1787250671.485264778,command,0.0,0.0,0.0
1787250671.543536186,1787250671.542808294,state_stamped,0.0,0.0,0.0
1787250671.543576479,1787250671.543582201,state,0.0,0.0,0.0
1787250671.545150757,1787250671.545153856,command,0.0,0.0,0.0
1787250671.613222599,1787250671.612804651,state_stamped,0.0,0.0,0.0
1787250671.613256216,1787250671.613263130,state,0.0,0.0,0.0
1787250671.615771055,1787250671.615776539,command,0.0,0.0,0.0
1787250671.683382511,1787250671.682804823,state_stamped,0.0,0.0,0.0
1787250671.683413506,1787250671.683423042,state,0.0,0.0,0.0
1787250671.685284853,1787250671.685288668,command,0.0,0.0,0.0
1787250671.743305445,1787250671.742805004,state_stamped,0.0,0.0,0.0
1787250671.743333578,1787250671.743337870,state,0.0,0.0,0.0
1787250671.745031595,1787250671.745034695,command,0.0,0.0,0.0
1787250671.813289642,1787250671.812804937,state_stamped,0.0,0.0,0.0
1787250671.813366890,1787250671.813372374,state,0.0,0.0,0.0
1787250671.815276146,1787250671.815279722,command,0.0,0.0,0.0
1787250671.883300543,1787250671.882804632,state_stamped,0.0,0.0,0.0
1787250671.883338690,1787250671.883345127,state,0.0,0.0,0.0
1787250671.885013103,1787250671.885015726,command,0.0,0.0,0.0
1787250671.943268538,1787250671.942804813,state_stamped,0.0,0.0,0.0
1787250671.943298340,1787250671.943303823,state,0.0,0.0,0.0
1787250671.944976568,1787250671.944980621,command,0.0,0.0,0.0
1787250672.013272047,1787250672.012805223,state_stamped,0.0,0.0,0.0
1787250672.013308764,1787250672.013313532,state,0.0,0.0,0.0
1787250672.015340328,1787250672.015344143,command,0.0,0.0,0.0
1787250672.083395481,1787250672.082805157,state_stamped,0.0,0.0,0.0
1787250672.083424330,1787250672.083429575,state,0.0,0.0,0.0
1787250672.085149527,1787250672.085154772,command,0.0,0.0,0.0
1787250672.143389463,1787250672.143394709,state,0.0,0.0,0.0
1787250672.143456459,1787250672.142798185,state_stamped,0.0,0.0,0.0
1787250672.145108461,1787250672.145112514,command,0.0,0.0,0.0
1787250672.213250637,1787250672.213254213,state,0.0,0.0,0.0
1787250672.213342667,1787250672.212805033,state_stamped,0.0,0.0,0.0
1787250672.215338230,1787250672.215343952,command,0.0,0.0,0.0
1787250672.283516407,1787250672.283522129,state,0.0,0.0,0.0
1787250672.283566952,1787250672.282815933,state_stamped,0.0,0.0,0.0
1787250672.285472393,1787250672.285475016,command,0.0,0.0,0.0
1787250672.343414545,1787250672.343421459,state,0.0,0.0,0.0
1787250672.343456268,1787250672.342804670,state_stamped,0.0,0.0,0.0
1787250672.345185280,1787250672.345190048,command,0.0,0.0,0.0
1787250672.413364172,1787250672.412804842,state_stamped,0.0,0.0,0.0
1787250672.413423300,1787250672.413432360,state,0.0,0.0,0.0
1787250672.415067911,1787250672.415072680,command,0.0,0.0,0.0
1787250672.483388662,1787250672.482804537,state_stamped,0.0,0.0,0.0
1787250672.483425617,1787250672.483432770,state,0.0,0.0,0.0
1787250672.485127449,1787250672.485132217,command,0.0,0.0,0.0
1787250672.543462753,1787250672.542805433,state_stamped,0.0,0.0,0.0
1787250672.543506861,1787250672.543513060,state,0.0,0.0,0.0
1787250672.545461416,1787250672.545466185,command,0.0,0.0,0.0
1787250672.613357544,1787250672.613365412,state,0.0,0.0,0.0
1787250672.613437414,1787250672.612805367,state_stamped,0.0,0.0,0.0
1787250672.615358829,1787250672.615363598,command,0.0,0.0,0.0
1787250672.683449745,1787250672.683458805,state,0.0,0.0,0.0
1787250672.683509350,1787250672.682804585,state_stamped,0.0,0.0,0.0
1787250672.685431719,1787250672.685435057,command,0.0,0.0,0.0
1787250672.743497610,1787250672.742804766,state_stamped,0.0,0.0,0.0
1787250672.743545294,1787250672.743550539,state,0.0,0.0,0.0
1787250672.745413780,1787250672.745424271,command,0.0,0.0,0.0
1787250672.813334465,1787250672.813338041,state,0.0,0.0,0.0
1787250672.813378811,1787250672.812804699,state_stamped,0.0,0.0,0.0
1787250672.815453291,1787250672.815458775,command,0.0,0.0,0.0
1787250672.883424759,1787250672.883428812,state,0.0,0.0,0.0
1787250672.883469105,1787250672.882805109,state_stamped,0.0,0.0,0.0
1787250672.885151148,1787250672.885156155,command,0.0,0.0,0.0
1787250672.943488598,1787250672.943492413,state,0.0,0.0,0.0
1787250672.943531513,1787250672.942804575,state_stamped,0.0,0.0,0.0
1787250672.945481062,1787250672.945486069,command,0.0,0.0,0.0
1787250673.013382196,1787250673.012804508,state_stamped,0.0,0.0,0.0
1787250673.013430119,1787250673.013437271,state,0.0,0.0,0.0
1787250673.015257359,1787250673.015262127,command,0.0,0.0,0.0
1787250673.083390951,1787250673.082805157,state_stamped,0.0,0.0,0.0
1787250673.083426237,1787250673.083431244,state,0.0,0.0,0.0
1787250673.085392237,1787250673.085397482,command,0.0,0.0,0.0
1787250673.143288374,1787250673.143295050,state,0.0,0.0,0.0
1787250673.143377781,1787250673.142804623,state_stamped,0.0,0.0,0.0
1787250673.145298719,1787250673.145303488,command,0.0,0.0,0.0
1787250673.213221788,1787250673.212804794,state_stamped,0.0,0.0,0.0
1787250673.213303566,1787250673.213312626,state,0.0,0.0,0.0
1787250673.214974880,1787250673.214980125,command,0.0,0.0,0.0
1787250673.283303022,1787250673.282804489,state_stamped,0.0,0.0,0.0
1787250673.283339500,1787250673.283346653,state,0.0,0.0,0.0
1787250673.285001040,1787250673.285005808,command,0.0,0.0,0.0
1787250673.343509912,1787250673.342804670,state_stamped,0.0,0.0,0.0
1787250673.343540430,1787250673.343547344,state,0.0,0.0,0.0
1787250673.345232725,1787250673.345236063,command,0.0,0.0,0.0
1787250673.413461685,1787250673.412804604,state_stamped,0.0,0.0,0.0
1787250673.413552523,1787250673.413561344,state,0.0,0.0,0.0
1787250673.415096998,1787250673.415100098,command,0.0,0.0,0.0
1787250673.483441114,1787250673.482805014,state_stamped,0.0,0.0,0.0
1787250673.483468771,1787250673.483474016,state,0.0,0.0,0.0
1787250673.485127687,1787250673.485130072,command,0.0,0.0,0.0
1787250673.543577433,1787250673.542804718,state_stamped,0.0,0.0,0.0
1787250673.543618917,1787250673.543624401,state,0.0,0.0,0.0
1787250673.545458317,1787250673.545461416,command,0.0,0.0,0.0
1787250673.613264084,1787250673.612805128,state_stamped,0.0,0.0,0.0
1787250673.613318443,1787250673.613326311,state,0.0,0.0,0.0
1787250673.615917683,1787250673.615922689,command,0.0,0.0,0.0
1787250673.683522463,1787250673.683527470,state,0.0,0.0,0.0
1787250673.683574677,1787250673.682805061,state_stamped,0.0,0.0,0.0
1787250673.685365677,1787250673.685374022,command,0.0,0.0,0.0
1787250673.743559599,1787250673.743563175,state,0.0,0.0,0.0
1787250673.743589878,1787250673.742804766,state_stamped,0.0,0.0,0.0
1787250673.745283365,1787250673.745289326,command,0.0,0.0,0.0
1787250673.813412666,1787250673.813420296,state,0.0,0.0,0.0
1787250673.813476801,1787250673.812804937,state_stamped,0.0,0.0,0.0
1787250673.815200567,1787250673.815208435,command,0.0,0.0,0.0
1787250673.883557081,1787250673.882805347,state_stamped,0.0,0.0,0.0
1787250673.883642197,1787250673.883647203,state,0.0,0.0,0.0
1787250673.885562897,1787250673.885567427,command,0.0,0.0,0.0
1787250673.943605900,1787250673.942805290,state_stamped,0.0,0.0,0.0
1787250673.943639040,1787250673.943647146,state,0.0,0.0,0.0
1787250673.945372343,1787250673.945377588,command,0.0,0.0,0.0
1787250674.013303757,1787250674.013309479,state,0.0,0.0,0.0
1787250674.013355970,1787250674.012804508,state_stamped,0.0,0.0,0.0
1787250674.015440464,1787250674.015445232,command,0.0,0.0,0.0
1787250674.083506107,1787250674.082804680,state_stamped,0.0,0.0,0.0
1787250674.083536625,1787250674.083542347,state,0.0,0.0,0.0
1787250674.085238695,1787250674.085240602,command,0.0,0.0,0.0
1787250674.143530846,1787250674.143538475,state,0.0,0.0,0.0
1787250674.143584013,1787250674.142804623,state_stamped,0.0,0.0,0.0
1787250674.145188808,1787250674.145194292,command,0.0,0.0,0.0
1787250674.213413477,1787250674.212805033,state_stamped,0.0,0.0,0.0
1787250674.213520527,1787250674.213529110,state,0.0,0.0,0.0
1787250674.215278149,1787250674.215283155,command,0.0,0.0,0.0
1787250674.283426046,1787250674.282804966,state_stamped,0.0,0.0,0.0
1787250674.283463955,1787250674.283469677,state,0.0,0.0,0.0
1787250674.285593748,1787250674.285599232,command,0.0,0.0,0.0
1787250674.343441248,1787250674.342804909,state_stamped,0.0,0.0,0.0
1787250674.343482018,1787250674.343489885,state,0.0,0.0,0.0
1787250674.345206738,1787250674.345211983,command,0.0,0.0,0.0
1787250674.413234234,1787250674.412805080,state_stamped,0.0,0.0,0.0
1787250674.413276672,1787250674.413284779,state,0.0,0.0,0.0
1787250674.415074825,1787250674.415079594,command,0.0,0.0,0.0
1787250674.483373642,1787250674.483378887,state,0.0,0.0,0.0
1787250674.483430624,1787250674.482805014,state_stamped,0.0,0.0,0.0
1787250674.485356331,1787250674.485361099,command,0.0,0.0,0.0
1787250674.543328285,1787250674.542804956,state_stamped,0.0,0.0,0.0
1787250674.543431997,1787250674.543439388,state,0.0,0.0,0.0
1787250674.545067549,1787250674.545072794,command,0.0,0.0,0.0
1787250674.613212109,1787250674.612804651,state_stamped,0.0,0.0,0.0
1787250674.613254547,1787250674.613263130,state,0.0,0.0,0.0
1787250674.615140676,1787250674.615145206,command,0.0,0.0,0.0
1787250674.683236837,1787250674.683241844,state,0.0,0.0,0.0
1787250674.683288574,1787250674.682804823,state_stamped,0.0,0.0,0.0
1787250674.685336113,1787250674.685340881,command,0.0,0.0,0.0
1787250674.743325710,1787250674.742804766,state_stamped,0.0,0.0,0.0
1787250674.743412971,1787250674.743426323,state,0.0,0.0,0.0
1787250674.745088100,1787250674.745090961,command,0.0,0.0,0.0
1787250674.813211203,1787250674.812804699,state_stamped,0.0,0.0,0.0
1787250674.813250780,1787250674.813258648,state,0.0,0.0,0.0
1787250674.815061569,1787250674.815064669,command,0.0,0.0,0.0
1787250674.883236885,1787250674.883241892,state,0.0,0.0,0.0
1787250674.883285761,1787250674.882804871,state_stamped,0.0,0.0,0.0
1787250674.885054350,1787250674.885059595,command,0.0,0.0,0.0
1787250674.943333864,1787250674.943341494,state,0.0,0.0,0.0
1787250674.943377972,1787250674.942804813,state_stamped,0.0,0.0,0.0
1787250674.945403814,1787250674.945411921,command,0.0,0.0,0.0
1787250675.013418198,1787250675.012804747,state_stamped,0.0,0.0,0.0
1787250675.013475895,1787250675.013479471,state,0.0,0.0,0.0
1787250675.015659332,1787250675.015664339,command,0.0,0.0,0.0
1787250675.083399534,1787250675.082805395,state_stamped,0.0,0.0,0.0
1787250675.083436966,1787250675.083442211,state,0.0,0.0,0.0
1787250675.085535288,1787250675.085539341,command,0.0,0.0,0.0
1787250675.143326759,1787250675.143331766,state,0.0,0.0,0.0
1787250675.143383980,1787250675.142804384,state_stamped,0.0,0.0,0.0
1787250675.145423651,1787250675.145428419,command,0.0,0.0,0.0
1787250675.213318825,1787250675.212804794,state_stamped,0.0,0.0,0.0
1787250675.213422775,1787250675.213427782,state,0.0,0.0,0.0
1787250675.215371609,1787250675.215376377,command,0.0,0.0,0.0
1787250675.283340454,1787250675.282804966,state_stamped,0.0,0.0,0.0
1787250675.283375263,1787250675.283382893,state,0.0,0.0,0.0
1787250675.285425663,1787250675.285430193,command,0.0,0.0,0.0
1787250675.343337059,1787250675.343342304,state,0.0,0.0,0.0
1787250675.343376875,1787250675.342804670,state_stamped,0.0,0.0,0.0
1787250675.345365286,1787250675.345370293,command,0.0,0.0,0.0
1787250675.413418293,1787250675.412805080,state_stamped,0.0,0.0,0.0
1787250675.413452625,1787250675.413459539,state,0.0,0.0,0.0
1787250675.415471315,1787250675.415479660,command,0.0,0.0,0.0
1787250675.483387232,1787250675.483394623,state,0.0,0.0,0.0
1787250675.483450890,1787250675.482805014,state_stamped,0.0,0.0,0.0
1787250675.485382557,1787250675.485386133,command,0.0,0.0,0.0
1787250675.543510437,1787250675.542804956,state_stamped,0.0,0.0,0.0
1787250675.543551683,1787250675.543559313,state,0.0,0.0,0.0
1787250675.545233965,1787250675.545238495,command,0.0,0.0,0.0
1787250675.613327980,1787250675.612804651,state_stamped,0.0,0.0,0.0
1787250675.613368034,1787250675.613377571,state,0.0,0.0,0.0
1787250675.616034508,1787250675.616037607,command,0.0,0.0,0.0
1787250675.683354378,1787250675.683359861,state,0.0,0.0,0.0
1787250675.683405161,1787250675.682805061,state_stamped,0.0,0.0,0.0
1787250675.685347319,1787250675.685353994,command,0.0,0.0,0.0
1787250675.743309498,1787250675.742805004,state_stamped,0.0,0.0,0.0
1787250675.743344069,1787250675.743352175,state,0.0,0.0,0.0
1787250675.745025396,1787250675.745028496,command,0.0,0.0,0.0
1787250675.813306808,1787250675.812804937,state_stamped,0.0,0.0,0.0
1787250675.813346863,1787250675.813354492,state,0.0,0.0,0.0
1787250675.815048695,1787250675.815051079,command,0.0,0.0,0.0
1787250675.883376598,1787250675.882804871,state_stamped,0.0,0.0,0.0
1787250675.883435726,1787250675.883440733,state,0.0,0.0,0.0
1787250675.885132551,1787250675.885134935,command,0.0,0.0,0.0
1787250675.943343878,1787250675.943350554,state,0.0,0.0,0.0
1787250675.943400383,1787250675.942805052,state_stamped,0.0,0.0,0.0
1787250675.944998980,1787250675.945004225,command,0.0,0.0,0.0
1787250676.013310432,1787250676.012804985,state_stamped,0.0,0.0,0.0
1787250676.013350725,1787250676.013357639,state,0.0,0.0,0.0
1787250676.015358448,1787250676.015367270,command,0.0,0.0,0.0
1787250676.083452225,1787250676.083457470,state,0.0,0.0,0.0
1787250676.083498240,1787250676.082805395,state_stamped,0.0,0.0,0.0
1787250676.085252047,1787250676.085259199,command,0.0,0.0,0.0
1787250676.143393517,1787250676.143399239,state,0.0,0.0,0.0
1787250676.143457174,1787250676.142805099,state_stamped,0.0,0.0,0.0
1787250676.145101547,1787250676.145106077,command,0.0,0.0,0.0
1787250676.213359118,1787250676.212804794,state_stamped,0.0,0.0,0.0
1787250676.213400126,1787250676.213409901,state,0.0,0.0,0.0
1787250676.215183735,1787250676.215190411,command,0.0,0.0,0.0
1787250676.283399820,1787250676.282804728,state_stamped,0.0,0.0,0.0
1787250676.283453226,1787250676.283458233,state,0.0,0.0,0.0
1787250676.285089493,1787250676.285093069,command,0.0,0.0,0.0
1787250676.343344450,1787250676.342805147,state_stamped,0.0,0.0,0.0
1787250676.343381166,1787250676.343387842,state,0.0,0.0,0.0
1787250676.345086575,1787250676.345091343,command,0.0,0.0,0.0
1787250676.413301706,1787250676.413306952,state,0.0,0.0,0.0
1787250676.413394928,1787250676.412804604,state_stamped,0.0,0.0,0.0
1787250676.415068626,1787250676.415073395,command,0.0,0.0,0.0
1787250676.483326912,1787250676.482804775,state_stamped,0.0,0.0,0.0
1787250676.483371019,1787250676.483376503,state,0.0,0.0,0.0
1787250676.485255003,1787250676.485260963,command,0.0,0.0,0.0
1787250676.543543339,1787250676.542804956,state_stamped,0.0,0.0,0.0
1787250676.543588877,1787250676.543594122,state,0.0,0.0,0.0
1787250676.545573711,1787250676.545578480,command,0.0,0.0,0.0
1787250676.613436460,1787250676.612804890,state_stamped,0.0,0.0,0.0
1787250676.613480091,1787250676.613484144,state,0.0,0.0,0.0
1787250676.615448236,1787250676.615455389,command,0.0,0.0,0.0
1787250676.683553934,1787250676.683559418,state,0.0,0.0,0.0
1787250676.683608770,1787250676.682805061,state_stamped,0.0,0.0,0.0
1787250676.685540199,1787250676.685544729,command,0.0,0.0,0.0
1787250676.743389130,1787250676.743394852,state,0.0,0.0,0.0
1787250676.743439198,1787250676.742805004,state_stamped,0.0,0.0,0.0
1787250676.745085716,1787250676.745088577,command,0.0,0.0,0.0
1787250676.813342571,1787250676.813348293,state,0.0,0.0,0.0
1787250676.813388109,1787250676.812804937,state_stamped,0.0,0.0,0.0
1787250676.815101385,1787250676.815107107,command,0.0,0.0,0.0
1787250676.883364677,1787250676.883369446,state,0.0,0.0,0.0
1787250676.883410931,1787250676.882804632,state_stamped,0.0,0.0,0.0
1787250676.885095119,1787250676.885098457,command,0.0,0.0,0.0
1787250676.943411827,1787250676.943420410,state,0.0,0.0,0.0
1787250676.943455696,1787250676.942804575,state_stamped,0.0,0.0,0.0
1787250676.945132971,1787250676.945141077,command,0.0,0.0,0.0
1787250677.013251543,1787250677.012804508,state_stamped,0.0,0.0,0.0
1787250677.013283253,1787250677.013289452,state,0.0,0.0,0.0
1787250677.015086412,1787250677.015094519,command,0.0,0.0,0.0
1787250677.083362579,1787250677.083367825,state,0.0,0.0,0.0
1787250677.083431959,1787250677.082804680,state_stamped,0.0,0.0,0.0
1787250677.085135460,1787250677.085143566,command,0.0,0.0,0.0
1787250677.143362999,1787250677.142805099,state_stamped,0.0,0.0,0.0
1787250677.143399239,1787250677.143404722,state,0.0,0.0,0.0
1787250677.145181179,1787250677.145187378,command,0.0,0.0,0.0
1787250677.213294744,1787250677.213299751,state,0.0,0.0,0.0
1787250677.213341475,1787250677.212804556,state_stamped,0.0,0.0,0.0
1787250677.215151548,1787250677.215157986,command,0.0,0.0,0.0
1787250677.283352852,1787250677.283358097,state,0.0,0.0,0.0
1787250677.283400536,1787250677.282804728,state_stamped,0.0,0.0,0.0
1787250677.285156727,1787250677.285164356,command,0.0,0.0,0.0
1787250677.343356371,1787250677.343361616,state,0.0,0.0,0.0
1787250677.343424559,1787250677.342805147,state_stamped,0.0,0.0,0.0
1787250677.345162868,1787250677.345167637,command,0.0,0.0,0.0
1787250677.413327932,1787250677.412804604,state_stamped,0.0,0.0,0.0
1787250677.413365841,1787250677.413370848,state,0.0,0.0,0.0
1787250677.415138006,1787250677.415141582,command,0.0,0.0,0.0
1787250677.483312607,1787250677.483318567,state,0.0,0.0,0.0
1787250677.483371496,1787250677.482805252,state_stamped,0.0,0.0,0.0
1787250677.485384703,1787250677.485391140,command,0.0,0.0,0.0
1787250677.543562174,1787250677.542805433,state_stamped,0.0,0.0,0.0
1787250677.543665648,1787250677.543671608,state,0.0,0.0,0.0
1787250677.546210527,1787250677.546217203,command,0.0,0.0,0.0
1787250677.613389492,1787250677.613394737,state,0.0,0.0,0.0
1787250677.613458872,1787250677.612805367,state_stamped,0.0,0.0,0.0
1787250677.615512133,1787250677.615517616,command,0.0,0.0,0.0
1787250677.683530807,1787250677.683536291,state,0.0,0.0,0.0
1787250677.683584690,1787250677.682805538,state_stamped,0.0,0.0,0.0
1787250677.685993910,1787250677.685999632,command,0.0,0.0,0.0
1787250677.743513107,1787250677.742804766,state_stamped,0.0,0.0,0.0
1787250677.743547916,1787250677.743554115,state,0.0,0.0,0.0
1787250677.745398521,1787250677.745404482,command,0.0,0.0,0.0
1787250677.813398600,1787250677.812804699,state_stamped,0.0,0.0,0.0
1787250677.813517094,1787250677.813522577,state,0.0,0.0,0.0
1787250677.815266848,1787250677.815273046,command,0.0,0.0,0.0
1787250677.883409262,1787250677.883413553,state,0.0,0.0,0.0
1787250677.883472204,1787250677.882804871,state_stamped,0.0,0.0,0.0
1787250677.885532141,1787250677.885538340,command,0.0,0.0,0.0
1787250677.943448544,1787250677.943453074,state,0.0,0.0,0.0
1787250677.943496466,1787250677.942805052,state_stamped,0.0,0.0,0.0
1787250677.945246935,1787250677.945253611,command,0.0,0.0,0.0
1787250678.013386488,1787250678.012805223,state_stamped,0.0,0.0,0.0
1787250678.013426065,1787250678.013431311,state,0.0,0.0,0.0
1787250678.015292883,1787250678.015299320,command,0.0,0.0,0.0
1787250678.083498955,1787250678.082805157,state_stamped,0.0,0.0,0.0
1787250678.083605289,1787250678.083613634,state,0.0,0.0,0.0
1787250678.085581779,1787250678.085587740,command,0.0,0.0,0.0
1787250678.143422365,1787250678.142805099,state_stamped,0.0,0.0,0.0
1787250678.143555880,1787250678.143563509,state,0.0,0.0,0.0
1787250678.145274878,1787250678.145281076,command,0.0,0.0,0.0
1787250678.213370562,1787250678.212804794,state_stamped,0.0,0.0,0.0
1787250678.213421345,1787250678.213428974,state,0.0,0.0,0.0
1787250678.215189457,1787250678.215195179,command,0.0,0.0,0.0
1787250678.283263922,1787250678.283271790,state,0.0,0.0,0.0
1787250678.283319950,1787250678.282804728,state_stamped,0.0,0.0,0.0
1787250678.285469770,1787250678.285475731,command,0.0,0.0,0.0
1787250678.343348742,1787250678.342805147,state_stamped,0.0,0.0,0.0
1787250678.343382835,1787250678.343387842,state,0.0,0.0,0.0
1787250678.345168114,1787250678.345174074,command,0.0,0.0,0.0
1787250678.413370609,1787250678.413376331,state,0.0,0.0,0.0
1787250678.413423061,1787250678.412805080,state_stamped,0.0,0.0,0.0
1787250678.415194035,1787250678.415200233,command,0.0,0.0,0.0
1787250678.483408689,1787250678.483419418,state,0.0,0.0,0.0
1787250678.483469009,1787250678.482805014,state_stamped,0.0,0.0,0.0
1787250678.485221148,1787250678.485227108,command,0.0,0.0,0.0
1787250678.543537855,1787250678.543541908,state,0.0,0.0,0.0
1787250678.543626547,1787250678.542804956,state_stamped,0.0,0.0,0.0
1787250678.545559406,1787250678.545563936,command,0.0,0.0,0.0
1787250678.613228798,1787250678.613233328,state,0.0,0.0,0.0
1787250678.613325834,1787250678.612804890,state_stamped,0.0,0.0,0.0
1787250678.615104437,1787250678.615112305,command,0.0,0.0,0.0
1787250678.683387756,1787250678.682804823,state_stamped,0.0,0.0,0.0
1787250678.683477402,1787250678.683482885,state,0.0,0.0,0.0
1787250678.685057878,1787250678.685063124,command,0.0,0.0,0.0
1787250678.743379116,1787250678.743384361,state,0.0,0.0,0.0
1787250678.743435621,1787250678.742805004,state_stamped,0.0,0.0,0.0
1787250678.745018005,1787250678.745022058,command,0.0,0.0,0.0
1787250678.813233852,1787250678.813238859,state,0.0,0.0,0.0
1787250678.813284874,1787250678.812804937,state_stamped,0.0,0.0,0.0
1787250678.815101385,1787250678.815105200,command,0.0,0.0,0.0
1787250678.883508682,1787250678.883512497,state,0.0,0.0,0.0
1787250678.883551121,1787250678.882805109,state_stamped,0.0,0.0,0.0
1787250678.885608912,1787250678.885612726,command,0.0,0.0,0.0
1787250678.943597555,1787250678.943611622,state,0.0,0.0,0.0
1787250678.943691969,1787250678.942814589,state_stamped,0.0,0.0,0.0
1787250678.946487665,1787250678.946495295,command,0.0,0.0,0.0
1787250679.013378382,1787250679.012804508,state_stamped,0.0,0.0,0.0
1787250679.013427496,1787250679.013436079,state,0.0,0.0,0.0
1787250679.015571117,1787250679.015576124,command,0.0,0.0,0.0
1787250679.083438158,1787250679.082804441,state_stamped,0.0,0.0,0.0
1787250679.083471060,1787250679.083479404,state,0.0,0.0,0.0
1787250679.085440159,1787250679.085445642,command,0.0,0.0,0.0
1787250679.143539190,1787250679.143545389,state,0.0,0.0,0.0
1787250679.143580675,1787250679.142805099,state_stamped,0.0,0.0,0.0
1787250679.145583868,1787250679.145589590,command,0.0,0.0,0.0
1787250679.213472843,1787250679.212804794,state_stamped,0.0,0.0,0.0
1787250679.213504314,1787250679.213510513,state,0.0,0.0,0.0
1787250679.215212822,1787250679.215217590,command,0.0,0.0,0.0
1787250679.283476114,1787250679.283480883,state,0.0,0.0,0.0
1787250679.283512592,1787250679.282804728,state_stamped,0.0,0.0,0.0
1787250679.285207510,1787250679.285212755,command,0.0,0.0,0.0
1787250679.343466282,1787250679.343469143,state,0.0,0.0,0.0
1787250679.343507528,1787250679.342804670,state_stamped,0.0,0.0,0.0
1787250679.345332146,1787250679.345336914,command,0.0,0.0,0.0
1787250679.413399458,1787250679.413403034,state,0.0,0.0,0.0
1787250679.413430691,1787250679.412804604,state_stamped,0.0,0.0,0.0
1787250679.415194273,1787250679.415199757,command,0.0,0.0,0.0
1787250679.483469486,1787250679.483472109,state,0.0,0.0,0.0
1787250679.483519316,1787250679.482804537,state_stamped,0.0,0.0,0.0
1787250679.485314608,1787250679.485319614,command,0.0,0.0,0.0
1787250679.543469906,1787250679.543472528,state,0.0,0.0,0.0
1787250679.543571234,1787250679.542804718,state_stamped,0.0,0.0,0.0
1787250679.545241594,1787250679.545247316,command,0.0,0.0,0.0
1787250679.613383055,1787250679.613385916,state,0.0,0.0,0.0
1787250679.613489866,1787250679.612804651,state_stamped,0.0,0.0,0.0
1787250679.615212440,1787250679.615217447,command,0.0,0.0,0.0
1787250679.683453798,1787250679.683461189,state,0.0,0.0,0.0
1787250679.683522463,1787250679.682804585,state_stamped,0.0,0.0,0.0
1787250679.686184168,1787250679.686190128,command,0.0,0.0,0.0
1787250679.743392706,1787250679.742805004,state_stamped,0.0,0.0,0.0
1787250679.743433714,1787250679.743442535,state,0.0,0.0,0.0
1787250679.745234728,1787250679.745239973,command,0.0,0.0,0.0
1787250679.813381195,1787250679.813388824,state,0.0,0.0,0.0
1787250679.813457012,1787250679.812804699,state_stamped,0.0,0.0,0.0
1787250679.815252304,1787250679.815256357,command,0.0,0.0,0.0
1787250679.883408546,1787250679.883413315,state,0.0,0.0,0.0
1787250679.883454800,1787250679.882804871,state_stamped,0.0,0.0,0.0
1787250679.885273933,1787250679.885277987,command,0.0,0.0,0.0
1787250679.943507910,1787250679.942805290,state_stamped,0.0,0.0,0.0
1787250679.943541765,1787250679.943544865,state,0.0,0.0,0.0
1787250679.945283175,1787250679.945287228,command,0.0,0.0,0.0
1787250680.013369560,1787250680.013372898,state,0.0,0.0,0.0
1787250680.013481379,1787250680.012804747,state_stamped,0.0,0.0,0.0
1787250680.015359402,1787250680.015362501,command,0.0,0.0,0.0
1787250680.083416939,1787250680.083419323,state,0.0,0.0,0.0
1787250680.083455324,1787250680.082804680,state_stamped,0.0,0.0,0.0
1787250680.085293531,1787250680.085298777,command,0.0,0.0,0.0
1787250680.143535376,1787250680.142804623,state_stamped,0.0,0.0,0.0
1787250680.143565893,1787250680.143568039,state,0.0,0.0,0.0
1787250680.145277739,1787250680.145281553,command,0.0,0.0,0.0
1787250680.213372946,1787250680.213375330,state,0.0,0.0,0.0
1787250680.213471174,1787250680.212805033,state_stamped,0.0,0.0,0.0
1787250680.215239763,1787250680.215246677,command,0.0,0.0,0.0
1787250680.283420086,1787250680.283422709,state,0.0,0.0,0.0
1787250680.283450365,1787250680.282805204,state_stamped,0.0,0.0,0.0
1787250680.285505295,1787250680.285510540,command,0.0,0.0,0.0
1787250680.343484402,1787250680.342804670,state_stamped,0.0,0.0,0.0
1787250680.343508005,1787250680.343510866,state,0.0,0.0,0.0
1787250680.345354319,1787250680.345360994,command,0.0,0.0,0.0
1787250680.413310289,1787250680.412805557,state_stamped,0.0,0.0,0.0
1787250680.413332701,1787250680.413336515,state,0.0,0.0,0.0
1787250680.415056467,1787250680.415062428,command,0.0,0.0,0.0
1787250680.473523855,1787250680.473536015,state,0.0,0.0,0.0
1787250680.473594189,1787250680.472805738,state_stamped,0.0,0.0,0.0
1787250680.477350235,1787250680.477358818,command,0.0,0.0,0.0
1787250680.543389082,1787250680.543396711,state,0.0,0.0,0.0
1787250680.543510675,1787250680.542805195,state_stamped,0.0,0.0,0.0
1787250680.546166182,1787250680.546172380,command,0.0,0.0,0.0
1787250680.613215446,1787250680.612804651,state_stamped,0.0,0.0,0.0
1787250680.613246441,1787250680.613251686,state,0.0,0.0,0.0
1787250680.615349531,1787250680.615355730,command,0.0,0.0,0.0
1787250680.683316708,1787250680.683322668,state,0.0,0.0,0.0
1787250680.683438540,1787250680.682804585,state_stamped,0.0,0.0,0.0
1787250680.685274124,1787250680.685276747,command,0.0,0.0,0.0
1787250680.743489027,1787250680.742804766,state_stamped,0.0,0.0,0.0
1787250680.743519545,1787250680.743526697,state,0.0,0.0,0.0
1787250680.745481014,1787250680.745484114,command,0.0,0.0,0.0
1787250680.813203573,1787250680.813211679,state,0.0,0.0,0.0
1787250680.813297033,1787250680.812804461,state_stamped,0.0,0.0,0.0
1787250680.815336466,1787250680.815341473,command,0.0,0.0,0.0
1787250680.883395433,1787250680.883402348,state,0.0,0.0,0.0
1787250680.883450508,1787250680.882804632,state_stamped,0.0,0.0,0.0
1787250680.885182142,1787250680.885187387,command,0.0,0.0,0.0
1787250680.943434000,1787250680.942804337,state_stamped,0.0,0.0,0.0
1787250680.943478584,1787250680.943485737,state,0.0,0.0,0.0
1787250680.945298910,1787250680.945304155,command,0.0,0.0,0.0
1787250681.013235092,1787250681.012804747,state_stamped,0.0,0.0,0.0
1787250681.013283730,1787250681.013292074,state,0.0,0.0,0.0
1787250681.015691996,1787250681.015695572,command,0.0,0.0,0.0
1787250681.083482981,1787250681.082804918,state_stamped,0.0,0.0,0.0
1787250681.083543539,1787250681.083550692,state,0.0,0.0,0.0
1787250681.085666418,1787250681.085671663,command,0.0,0.0,0.0
1787250681.143442154,1787250681.143446207,state,0.0,0.0,0.0
1787250681.143482924,1787250681.142804861,state_stamped,0.0,0.0,0.0
1787250681.145400047,1787250681.145405293,command,0.0,0.0,0.0
1787250681.213374138,1787250681.213378668,state,0.0,0.0,0.0
1787250681.213420391,1787250681.212805033,state_stamped,0.0,0.0,0.0
1787250681.215236664,1787250681.215241671,command,0.0,0.0,0.0
1787250681.283429861,1787250681.283433437,state,0.0,0.0,0.0
1787250681.283473730,1787250681.282804489,state_stamped,0.0,0.0,0.0
1787250681.285269737,1787250681.285274506,command,0.0,0.0,0.0
1787250681.343465805,1787250681.343473911,state,0.0,0.0,0.0
1787250681.343585730,1787250681.342804670,state_stamped,0.0,0.0,0.0
1787250681.345330000,1787250681.345335007,command,0.0,0.0,0.0
1787250681.413380146,1787250681.413384914,state,0.0,0.0,0.0
1787250681.413434029,1787250681.412804842,state_stamped,0.0,0.0,0.0
1787250681.415328741,1787250681.415334225,command,0.0,0.0,0.0
1787250681.483594418,1787250681.482804537,state_stamped,0.0,0.0,0.0
1787250681.483629465,1787250681.483635187,state,0.0,0.0,0.0
1787250681.485336781,1787250681.485339880,command,0.0,0.0,0.0
1787250681.543525696,1787250681.543531179,state,0.0,0.0,0.0
1787250681.543578863,1787250681.542804718,state_stamped,0.0,0.0,0.0
1787250681.545191765,1787250681.545196295,command,0.0,0.0,0.0
1787250681.613494635,1787250681.613499880,state,0.0,0.0,0.0
1787250681.613544464,1787250681.612804651,state_stamped,0.0,0.0,0.0
1787250681.615104914,1787250681.615110159,command,0.0,0.0,0.0
1787250681.683346748,1787250681.683353901,state,0.0,0.0,0.0
1787250681.683401823,1787250681.682805300,state_stamped,0.0,0.0,0.0
1787250681.685975075,1787250681.685981512,command,0.0,0.0,0.0
1787250681.743570805,1787250681.742805004,state_stamped,0.0,0.0,0.0
1787250681.743594408,1787250681.743598700,state,0.0,0.0,0.0
1787250681.745485544,1787250681.745494127,command,0.0,0.0,0.0
1787250681.813237429,1787250681.813241005,state,0.0,0.0,0.0
1787250681.813268661,1787250681.812804937,state_stamped,0.0,0.0,0.0
1787250681.815100193,1787250681.815108538,command,0.0,0.0,0.0
1787250681.883406878,1787250681.882805109,state_stamped,0.0,0.0,0.0
1787250681.883464336,1787250681.883469582,state,0.0,0.0,0.0
1787250681.885122538,1787250681.885128975,command,0.0,0.0,0.0
1787250681.943423033,1787250681.943429708,state,0.0,0.0,0.0
1787250681.943524361,1787250681.942810059,state_stamped,0.0,0.0,0.0
1787250681.945835352,1787250681.945842028,command,0.0,0.0,0.0
1787250682.013357878,1787250682.013362885,state,0.0,0.0,0.0
1787250682.013407946,1787250682.012805223,state_stamped,0.0,0.0,0.0
1787250682.015556574,1787250682.015561581,command,0.0,0.0,0.0
1787250682.083459854,1787250682.083462954,state,0.0,0.0,0.0
1787250682.083561420,1787250682.082805157,state_stamped,0.0,0.0,0.0
1787250682.085273504,1787250682.085278273,command,0.0,0.0,0.0
1787250682.143383980,1787250682.143387079,state,0.0,0.0,0.0
1787250682.143451214,1787250682.142807961,state_stamped,0.0,0.0,0.0
1787250682.145279646,1787250682.145288229,command,0.0,0.0,0.0
1787250682.213324308,1787250682.212805271,state_stamped,0.0,0.0,0.0
1787250682.213361979,1787250682.213366747,state,0.0,0.0,0.0
1787250682.215204000,1787250682.215216398,command,0.0,0.0,0.0
1787250682.283382177,1787250682.283386230,state,0.0,0.0,0.0
1787250682.283429623,1787250682.282804966,state_stamped,0.0,0.0,0.0
1787250682.285488844,1787250682.285494804,command,0.0,0.0,0.0
1787250682.343486071,1787250682.343490839,state,0.0,0.0,0.0
1787250682.343526602,1787250682.342804432,state_stamped,0.0,0.0,0.0
1787250682.345249653,1787250682.345254898,command,0.0,0.0,0.0
1787250682.413280010,1787250682.413283825,state,0.0,0.0,0.0
1787250682.413375378,1787250682.412804842,state_stamped,0.0,0.0,0.0
1787250682.415208817,1787250682.415215969,command,0.0,0.0,0.0
1787250682.483629465,1787250682.482804775,state_stamped,0.0,0.0,0.0
1787250682.483665466,1787250682.483669043,state,0.0,0.0,0.0
1787250682.485410452,1787250682.485422373,command,0.0,0.0,0.0
1787250682.543581963,1787250682.542805433,state_stamped,0.0,0.0,0.0
1787250682.543616056,1787250682.543622971,state,0.0,0.0,0.0
1787250682.545332670,1787250682.545337915,command,0.0,0.0,0.0
1787250682.613280058,1787250682.613284826,state,0.0,0.0,0.0
1787250682.613362789,1787250682.612804413,state_stamped,0.0,0.0,0.0
1787250682.615222216,1787250682.615227461,command,0.0,0.0,0.0
1787250682.683390379,1787250682.683395386,state,0.0,0.0,0.0
1787250682.683462858,1787250682.682805061,state_stamped,0.0,0.0,0.0
1787250682.685209274,1787250682.685214043,command,0.0,0.0,0.0
1787250682.743340492,1787250682.743346930,state,0.0,0.0,0.0
1787250682.743391752,1787250682.742804766,state_stamped,0.0,0.0,0.0
1787250682.745199442,1787250682.745203733,command,0.0,0.0,0.0
1787250682.813324213,1787250682.813329220,state,0.0,0.0,0.0
1787250682.813374043,1787250682.812804461,state_stamped,0.0,0.0,0.0
1787250682.815139771,1787250682.815144300,command,0.0,0.0,0.0
1787250682.883630753,1787250682.883636475,state,0.0,0.0,0.0
1787250682.883678436,1787250682.882816792,state_stamped,0.0,0.0,0.0
1787250682.885459661,1787250682.885466099,command,0.0,0.0,0.0
1787250682.943492889,1787250682.943498611,state,0.0,0.0,0.0
1787250682.943544388,1787250682.942806005,state_stamped,0.0,0.0,0.0
1787250682.945339680,1787250682.945346117,command,0.0,0.0,0.0
1787250683.013311863,1787250683.013317823,state,0.0,0.0,0.0
1787250683.013370037,1787250683.012804747,state_stamped,0.0,0.0,0.0
1787250683.015349865,1787250683.015355349,command,0.0,0.0,0.0
1787250683.083566189,1787250683.083571672,state,0.0,0.0,0.0
1787250683.083612442,1787250683.082805157,state_stamped,0.0,0.0,0.0
1787250683.085373878,1787250683.085380316,command,0.0,0.0,0.0
1787250683.143546581,1787250683.142804861,state_stamped,0.0,0.0,0.0
1787250683.143584251,1787250683.143589973,state,0.0,0.0,0.0
1787250683.145352364,1787250683.145358086,command,0.0,0.0,0.0
1787250683.213291407,1787250683.213296890,state,0.0,0.0,0.0
1787250683.213375330,1787250683.212805271,state_stamped,0.0,0.0,0.0
1787250683.215160131,1787250683.215165138,command,0.0,0.0,0.0
1787250683.283512115,1787250683.282804728,state_stamped,0.0,0.0,0.0
1787250683.283557177,1787250683.283564806,state,0.0,0.0,0.0
1787250683.285441637,1787250683.285450220,command,0.0,0.0,0.0
1787250683.343533278,1787250683.343538761,state,0.0,0.0,0.0
1787250683.343582153,1787250683.342804909,state_stamped,0.0,0.0,0.0
1787250683.345344543,1787250683.345352411,command,0.0,0.0,0.0
1787250683.413235188,1787250683.412804842,state_stamped,0.0,0.0,0.0
1787250683.413270235,1787250683.413275480,state,0.0,0.0,0.0
1787250683.414977312,1787250683.414986610,command,0.0,0.0,0.0
1787250683.483556747,1787250683.482805252,state_stamped,0.0,0.0,0.0
1787250683.483601809,1787250683.483606815,state,0.0,0.0,0.0
1787250683.485664845,1787250683.485672474,command,0.0,0.0,0.0
1787250683.543528557,1787250683.543533087,state,0.0,0.0,0.0
1787250683.543581009,1787250683.542796850,state_stamped,0.0,0.0,0.0
1787250683.545362949,1787250683.545371056,command,0.0,0.0,0.0
1787250683.613389254,1787250683.613393545,state,0.0,0.0,0.0
1787250683.613467932,1787250683.612805128,state_stamped,0.0,0.0,0.0
1787250683.615293980,1787250683.615301847,command,0.0,0.0,0.0
1787250683.683392763,1787250683.682804823,state_stamped,0.0,0.0,0.0
1787250683.683447361,1787250683.683454514,state,0.0,0.0,0.0
1787250683.686197519,1787250683.686203480,command,0.0,0.0,0.0
1787250683.743490934,1787250683.742805243,state_stamped,0.0,0.0,0.0
1787250683.743527651,1787250683.743535519,state,0.0,0.0,0.0
1787250683.745388746,1787250683.745396852,command,0.0,0.0,0.0
1787250683.813475370,1787250683.812804461,state_stamped,0.0,0.0,0.0
1787250683.813518047,1787250683.813525677,state,0.0,0.0,0.0
1787250683.815338612,1787250683.815346718,command,0.0,0.0,0.0
1787250683.883526564,1787250683.882804871,state_stamped,0.0,0.0,0.0
1787250683.883563757,1787250683.883569002,state,0.0,0.0,0.0
1787250683.885529757,1787250683.885537863,command,0.0,0.0,0.0
1787250683.943531036,1787250683.943538904,state,0.0,0.0,0.0
1787250683.943639278,1787250683.942804813,state_stamped,0.0,0.0,0.0
1787250683.945287943,1787250683.945296288,command,0.0,0.0,0.0
1787250684.013219595,1787250684.013225555,state,0.0,0.0,0.0
1787250684.013267517,1787250684.012805462,state_stamped,0.0,0.0,0.0
1787250684.015313387,1787250684.015319347,command,0.0,0.0,0.0
1787250684.083500147,1787250684.083505630,state,0.0,0.0,0.0
1787250684.083557129,1787250684.082785368,state_stamped,0.0,0.0,0.0
1787250684.085397482,1787250684.085402250,command,0.0,0.0,0.0
1787250684.143497229,1787250684.143502474,state,0.0,0.0,0.0
1787250684.143546820,1787250684.142804623,state_stamped,0.0,0.0,0.0
1787250684.145371675,1787250684.145376921,command,0.0,0.0,0.0
1787250684.213305950,1787250684.212804794,state_stamped,0.0,0.0,0.0
1787250684.213350296,1787250684.213356256,state,0.0,0.0,0.0
1787250684.215208054,1787250684.215213537,command,0.0,0.0,0.0
1787250684.283366919,1787250684.282804728,state_stamped,0.0,0.0,0.0
1787250684.283415318,1787250684.283420563,state,0.0,0.0,0.0
1787250684.285267353,1787250684.285272598,command,0.0,0.0,0.0
1787250684.343464851,1787250684.342804670,state_stamped,0.0,0.0,0.0
1787250684.343525648,1787250684.343533516,state,0.0,0.0,0.0
1787250684.345326900,1787250684.345331907,command,0.0,0.0,0.0
1787250684.413380861,1787250684.413388968,state,0.0,0.0,0.0
1787250684.413446665,1787250684.412804842,state_stamped,0.0,0.0,0.0
1787250684.415231228,1787250684.415235281,command,0.0,0.0,0.0
1787250684.483490229,1787250684.482805014,state_stamped,0.0,0.0,0.0
1787250684.483527899,1787250684.483534098,state,0.0,0.0,0.0
1787250684.485319376,1787250684.485323429,command,0.0,0.0,0.0
1787250684.543339491,1787250684.543344975,state,0.0,0.0,0.0
1787250684.543393612,1787250684.542805195,state_stamped,0.0,0.0,0.0
1787250684.545207739,1787250684.545215607,command,0.0,0.0,0.0
1787250684.613274097,1787250684.612804890,state_stamped,0.0,0.0,0.0
1787250684.613326311,1787250684.613334179,state,0.0,0.0,0.0
1787250684.615158558,1787250684.615167141,command,0.0,0.0,0.0
1787250684.683320999,1787250684.683326006,state,0.0,0.0,0.0
1787250684.683377266,1787250684.682804823,state_stamped,0.0,0.0,0.0
1787250684.685205221,1787250684.685213089,command,0.0,0.0,0.0
1787250684.743317366,1787250684.743321419,state,0.0,0.0,0.0
1787250684.743361712,1787250684.742804766,state_stamped,0.0,0.0,0.0
1787250684.745249987,1787250684.745258331,command,0.0,0.0,0.0
1787250684.813239574,1787250684.813244104,state,0.0,0.0,0.0
1787250684.813285828,1787250684.812804699,state_stamped,0.0,0.0,0.0
1787250684.815135002,1787250684.815144300,command,0.0,0.0,0.0
1787250684.883322954,1787250684.883327484,state,0.0,0.0,0.0
1787250684.883368015,1787250684.882804871,state_stamped,0.0,0.0,0.0
1787250684.885189772,1787250684.885195255,command,0.0,0.0,0.0
1787250684.943319798,1787250684.942804813,state_stamped,0.0,0.0,0.0
1787250684.943363190,1787250684.943367958,state,0.0,0.0,0.0
1787250684.945226192,1787250684.945232630,command,0.0,0.0,0.0
1787250685.013187647,1787250685.013193130,state,0.0,0.0,0.0
1787250685.013234854,1787250685.012804508,state_stamped,0.0,0.0,0.0
1787250685.015355825,1787250685.015364170,command,0.0,0.0,0.0
1787250685.083289623,1787250685.082804918,state_stamped,0.0,0.0,0.0
1787250685.083325863,1787250685.083331347,state,0.0,0.0,0.0
1787250685.085240602,1787250685.085245132,command,0.0,0.0,0.0
1787250685.143316984,1787250685.143322468,state,0.0,0.0,0.0
1787250685.143359184,1787250685.142805099,state_stamped,0.0,0.0,0.0
1787250685.145230532,1787250685.145235777,command,0.0,0.0,0.0
1787250685.213210821,1787250685.212804556,state_stamped,0.0,0.0,0.0
1787250685.213241339,1787250685.213245869,state,0.0,0.0,0.0
1787250685.215168953,1787250685.215173721,command,0.0,0.0,0.0
1787250685.283506155,1787250685.282805204,state_stamped,0.0,0.0,0.0
1787250685.283537626,1787250685.283544064,state,0.0,0.0,0.0
1787250685.285387754,1787250685.285392523,command,0.0,0.0,0.0
1787250685.343483210,1787250685.343488216,state,0.0,0.0,0.0
1787250685.343528271,1787250685.342804670,state_stamped,0.0,0.0,0.0
1787250685.345337152,1787250685.345341921,command,0.0,0.0,0.0
1787250685.413306713,1787250685.413311720,state,0.0,0.0,0.0
1787250685.413354635,1787250685.412805080,state_stamped,0.0,0.0,0.0
1787250685.415235758,1787250685.415240526,command,0.0,0.0,0.0
1787250685.483346939,1787250685.482804537,state_stamped,0.0,0.0,0.0
1787250685.483422279,1787250685.483427286,state,0.0,0.0,0.0
1787250685.485269308,1787250685.485274076,command,0.0,0.0,0.0
1787250685.543361187,1787250685.542804718,state_stamped,0.0,0.0,0.0
1787250685.543394089,1787250685.543402195,state,0.0,0.0,0.0
1787250685.545240641,1787250685.545244932,command,0.0,0.0,0.0
1787250685.613278866,1787250685.612804890,state_stamped,0.0,0.0,0.0
1787250685.613308668,1787250685.613317728,state,0.0,0.0,0.0
1787250685.615189552,1787250685.615194082,command,0.0,0.0,0.0
1787250685.683350086,1787250685.683357716,state,0.0,0.0,0.0
1787250685.683388233,1787250685.682804585,state_stamped,0.0,0.0,0.0
1787250685.685343266,1787250685.685348272,command,0.0,0.0,0.0
1787250685.743342876,1787250685.743351460,state,0.0,0.0,0.0
1787250685.743412018,1787250685.742804527,state_stamped,0.0,0.0,0.0
1787250685.745856762,1787250685.745864868,command,0.0,0.0,0.0
1787250685.813298464,1787250685.812804937,state_stamped,0.0,0.0,0.0
1787250685.813333273,1787250685.813340425,state,0.0,0.0,0.0
1787250685.815068007,1787250685.815072775,command,0.0,0.0,0.0
1787250685.883350611,1787250685.882804871,state_stamped,0.0,0.0,0.0
1787250685.883402824,1787250685.883410931,state,0.0,0.0,0.0
1787250685.885305405,1787250685.885310411,command,0.0,0.0,0.0
1787250685.943367243,1787250685.943374157,state,0.0,0.0,0.0
1787250685.943435431,1787250685.942805052,state_stamped,0.0,0.0,0.0
1787250685.945105314,1787250685.945108652,command,0.0,0.0,0.0
1787250686.013326883,1787250686.013334274,state,0.0,0.0,0.0
1787250686.013384342,1787250686.012804985,state_stamped,0.0,0.0,0.0
1787250686.015628576,1787250686.015633583,command,0.0,0.0,0.0
1787250686.083327770,1787250686.082804918,state_stamped,0.0,0.0,0.0
1787250686.083359480,1787250686.083367825,state,0.0,0.0,0.0
1787250686.085271358,1787250686.085276365,command,0.0,0.0,0.0
1787250686.143304586,1787250686.143310070,state,0.0,0.0,0.0
1787250686.143365145,1787250686.142804861,state_stamped,0.0,0.0,0.0
1787250686.145270348,1787250686.145275116,command,0.0,0.0,0.0
1787250686.213260174,1787250686.212805033,state_stamped,0.0,0.0,0.0
1787250686.213342905,1787250686.213347673,state,0.0,0.0,0.0
1787250686.215260267,1787250686.215265036,command,0.0,0.0,0.0
1787250686.283324480,1787250686.282805443,state_stamped,0.0,0.0,0.0
1787250686.283407688,1787250686.283412457,state,0.0,0.0,0.0
1787250686.285267115,1787250686.285271883,command,0.0,0.0,0.0
1787250686.343307018,1787250686.342804909,state_stamped,0.0,0.0,0.0
1787250686.343335390,1787250686.343341589,state,0.0,0.0,0.0
1787250686.345248938,1787250686.345253944,command,0.0,0.0,0.0
1787250686.413244247,1787250686.413248777,state,0.0,0.0,0.0
1787250686.413283110,1787250686.412805319,state_stamped,0.0,0.0,0.0
1787250686.415205956,1787250686.415210485,command,0.0,0.0,0.0
1787250686.483312130,1787250686.483316660,state,0.0,0.0,0.0
1787250686.483361959,1787250686.482804537,state_stamped,0.0,0.0,0.0
1787250686.485261202,1787250686.485264540,command,0.0,0.0,0.0
1787250686.543331623,1787250686.543334723,state,0.0,0.0,0.0
1787250686.543364286,1787250686.542804718,state_stamped,0.0,0.0,0.0
1787250686.545271397,1787250686.545276403,command,0.0,0.0,0.0
1787250686.613215923,1787250686.613221645,state,0.0,0.0,0.0
1787250686.613251925,1787250686.612805128,state_stamped,0.0,0.0,0.0
1787250686.615214348,1787250686.615219116,command,0.0,0.0,0.0
1787250686.683307886,1787250686.683312416,state,0.0,0.0,0.0
1787250686.683348417,1787250686.682804823,state_stamped,0.0,0.0,0.0
1787250686.684985161,1787250686.684989929,command,0.0,0.0,0.0
1787250686.743311644,1787250686.742805004,state_stamped,0.0,0.0,0.0
1787250686.743373156,1787250686.743376970,state,0.0,0.0,0.0
1787250686.745323181,1787250686.745331526,command,0.0,0.0,0.0
1787250686.813260794,1787250686.813266039,state,0.0,0.0,0.0
1787250686.813297510,1787250686.812804461,state_stamped,0.0,0.0,0.0
1787250686.815152168,1787250686.815156698,command,0.0,0.0,0.0
1787250686.883302450,1787250686.882804632,state_stamped,0.0,0.0,0.0
1787250686.883351326,1787250686.883356333,state,0.0,0.0,0.0
1787250686.885006905,1787250686.885011435,command,0.0,0.0,0.0
1787250686.943272114,1787250686.943277359,state,0.0,0.0,0.0
1787250686.943325758,1787250686.942804813,state_stamped,0.0,0.0,0.0
1787250686.944983721,1787250686.944989443,command,0.0,0.0,0.0
1787250687.013274193,1787250687.013279915,state,0.0,0.0,0.0
1787250687.013315439,1787250687.012804747,state_stamped,0.0,0.0,0.0
1787250687.015381813,1787250687.015388250,command,0.0,0.0,0.0
1787250687.083301306,1787250687.082804680,state_stamped,0.0,0.0,0.0
1787250687.083326578,1787250687.083331585,state,0.0,0.0,0.0
1787250687.085303545,1787250687.085309267,command,0.0,0.0,0.0
1787250687.143315792,1787250687.143320799,state,0.0,0.0,0.0
1787250687.143366575,1787250687.142805099,state_stamped,0.0,0.0,0.0
1787250687.145294428,1787250687.145299673,command,0.0,0.0,0.0
1787250687.213308811,1787250687.212804794,state_stamped,0.0,0.0,0.0
1787250687.213335037,1787250687.213339806,state,0.0,0.0,0.0
1787250687.215267658,1787250687.215273142,command,0.0,0.0,0.0
1787250687.283366919,1787250687.282804728,state_stamped,0.0,0.0,0.0
1787250687.283391237,1787250687.283394814,state,0.0,0.0,0.0
1787250687.285309076,1787250687.285314560,command,0.0,0.0,0.0
1787250687.343344927,1787250687.342804432,state_stamped,0.0,0.0,0.0
1787250687.343370914,1787250687.343375921,state,0.0,0.0,0.0
1787250687.345015764,1787250687.345021248,command,0.0,0.0,0.0
1787250687.413290501,1787250687.412804842,state_stamped,0.0,0.0,0.0
1787250687.413318157,1787250687.413323164,state,0.0,0.0,0.0
1787250687.414999962,1787250687.415005207,command,0.0,0.0,0.0
1787250687.483326435,1787250687.482804775,state_stamped,0.0,0.0,0.0
1787250687.483359575,1787250687.483365059,state,0.0,0.0,0.0
1787250687.485016108,1787250687.485020638,command,0.0,0.0,0.0
1787250687.543326378,1787250687.542805195,state_stamped,0.0,0.0,0.0
1787250687.543383121,1787250687.543388128,state,0.0,0.0,0.0
1787250687.545031786,1787250687.545036554,command,0.0,0.0,0.0
1787250687.613321781,1787250687.613326788,state,0.0,0.0,0.0
1787250687.613362074,1787250687.612804890,state_stamped,0.0,0.0,0.0
1787250687.615002871,1787250687.615008116,command,0.0,0.0,0.0
1787250687.683326006,1787250687.683331490,state,0.0,0.0,0.0
1787250687.683443785,1787250687.682804823,state_stamped,0.0,0.0,0.0
1787250687.685389519,1787250687.685394526,command,0.0,0.0,0.0
1787250687.743308544,1787250687.743316174,state,0.0,0.0,0.0
1787250687.743372440,1787250687.742805004,state_stamped,0.0,0.0,0.0
1787250687.746176720,1787250687.746181965,command,0.0,0.0,0.0
1787250687.813260794,1787250687.813264608,state,0.0,0.0,0.0
1787250687.813298464,1787250687.812805176,state_stamped,0.0,0.0,0.0
1787250687.815129042,1787250687.815132618,command,0.0,0.0,0.0
1787250687.883372068,1787250687.883375168,state,0.0,0.0,0.0
1787250687.883403301,1787250687.882804871,state_stamped,0.0,0.0,0.0
1787250687.885363102,1787250687.885366440,command,0.0,0.0,0.0
1787250687.943399429,1787250687.943402290,state,0.0,0.0,0.0
1787250687.943486691,1787250687.942805052,state_stamped,0.0,0.0,0.0
1787250687.945124626,1787250687.945128202,command,0.0,0.0,0.0
1787250688.013334990,1787250688.013338327,state,0.0,0.0,0.0
1787250688.013382196,1787250688.012804508,state_stamped,0.0,0.0,0.0
1787250688.015177011,1787250688.015181303,command,0.0,0.0,0.0
1787250688.083401680,1787250688.083404779,state,0.0,0.0,0.0
1787250688.083499193,1787250688.082805157,state_stamped,0.0,0.0,0.0
1787250688.085150480,1787250688.085153818,command,0.0,0.0,0.0
1787250688.143396854,1787250688.143400192,state,0.0,0.0,0.0
1787250688.143501520,1787250688.142805338,state_stamped,0.0,0.0,0.0
1787250688.145111322,1787250688.145114899,command,0.0,0.0,0.0
1787250688.213397503,1787250688.213401079,state,0.0,0.0,0.0
1787250688.213456869,1787250688.212804794,state_stamped,0.0,0.0,0.0
1787250688.215034485,1787250688.215038538,command,0.0,0.0,0.0
1787250688.283353329,1787250688.283358097,state,0.0,0.0,0.0
1787250688.283397913,1787250688.282804489,state_stamped,0.0,0.0,0.0
1787250688.285379171,1787250688.285383701,command,0.0,0.0,0.0
1787250688.343385935,1787250688.343390703,state,0.0,0.0,0.0
1787250688.343444824,1787250688.342805147,state_stamped,0.0,0.0,0.0
1787250688.345156193,1787250688.345164299,command,0.0,0.0,0.0
1787250688.413334846,1787250688.412804842,state_stamped,0.0,0.0,0.0
1787250688.413370609,1787250688.413377762,state,0.0,0.0,0.0
1787250688.415643215,1787250688.415648222,command,0.0,0.0,0.0
1787250688.483371019,1787250688.483376026,state,0.0,0.0,0.0
1787250688.483424425,1787250688.482804775,state_stamped,0.0,0.0,0.0
1787250688.485696793,1787250688.485701799,command,0.0,0.0,0.0
1787250688.543367147,1787250688.543374300,state,0.0,0.0,0.0
1787250688.543426037,1787250688.542804956,state_stamped,0.0,0.0,0.0
1787250688.545074701,1787250688.545080423,command,0.0,0.0,0.0
1787250688.613349199,1787250688.613354206,state,0.0,0.0,0.0
1787250688.613460302,1787250688.612804890,state_stamped,0.0,0.0,0.0
1787250688.615186930,1787250688.615192652,command,0.0,0.0,0.0
1787250688.683481455,1787250688.683488607,state,0.0,0.0,0.0
1787250688.683532953,1787250688.682805300,state_stamped,0.0,0.0,0.0
1787250688.685343027,1787250688.685348272,command,0.0,0.0,0.0
1787250688.743373156,1787250688.742808104,state_stamped,0.0,0.0,0.0
1787250688.743404150,1787250688.743412256,state,0.0,0.0,0.0
1787250688.745377541,1787250688.745383024,command,0.0,0.0,0.0
1787250688.813346386,1787250688.813353777,state,0.0,0.0,0.0
1787250688.813399076,1787250688.812804699,state_stamped,0.0,0.0,0.0
1787250688.815336704,1787250688.815342188,command,0.0,0.0,0.0
1787250688.883585691,1787250688.883590937,state,0.0,0.0,0.0
1787250688.883633852,1787250688.882805109,state_stamped,0.0,0.0,0.0
1787250688.885387182,1787250688.885393143,command,0.0,0.0,0.0
1787250688.943559647,1787250688.942812204,state_stamped,0.0,0.0,0.0
1787250688.943601370,1787250688.943608761,state,0.0,0.0,0.0
1787250688.945162773,1787250688.945168495,command,0.0,0.0,0.0
1787250689.013351917,1787250689.013359308,state,0.0,0.0,0.0
1787250689.013412714,1787250689.012804747,state_stamped,0.0,0.0,0.0
1787250689.015482187,1787250689.015488148,command,0.0,0.0,0.0
1787250689.083570004,1787250689.083575249,state,0.0,0.0,0.0
1787250689.083621740,1787250689.082804680,state_stamped,0.0,0.0,0.0
1787250689.085215330,1787250689.085220575,command,0.0,0.0,0.0
1787250689.143465757,1787250689.142804861,state_stamped,0.0,0.0,0.0
1787250689.143498898,1787250689.143506765,state,0.0,0.0,0.0
1787250689.145441771,1787250689.145447731,command,0.0,0.0,0.0
1787250689.213376522,1787250689.213383913,state,0.0,0.0,0.0
1787250689.213441610,1787250689.212805033,state_stamped,0.0,0.0,0.0
1787250689.215386391,1787250689.215391636,command,0.0,0.0,0.0
1787250689.283528805,1787250689.282809734,state_stamped,0.0,0.0,0.0
1787250689.283564806,1787250689.283572435,state,0.0,0.0,0.0
1787250689.285271883,1787250689.285279751,command,0.0,0.0,0.0
1787250689.343443155,1787250689.342804909,state_stamped,0.0,0.0,0.0
1787250689.343486071,1787250689.343495369,state,0.0,0.0,0.0
1787250689.345170736,1787250689.345178604,command,0.0,0.0,0.0
1787250689.413388491,1787250689.412804842,state_stamped,0.0,0.0,0.0
1787250689.413445711,1787250689.413453341,state,0.0,0.0,0.0
1787250689.415406942,1787250689.415422916,command,0.0,0.0,0.0
1787250689.483400822,1787250689.482804537,state_stamped,0.0,0.0,0.0
1787250689.483500481,1787250689.483508110,state,0.0,0.0,0.0
1787250689.485411882,1787250689.485425711,command,0.0,0.0,0.0
1787250689.543444157,1787250689.542805195,state_stamped,0.0,0.0,0.0
1787250689.543488979,1787250689.543495655,state,0.0,0.0,0.0
1787250689.545419693,1787250689.545429230,command,0.0,0.0,0.0
1787250689.613413572,1787250689.612804413,state_stamped,0.0,0.0,0.0
1787250689.613471270,1787250689.613477707,state,0.0,0.0,0.0
1787250689.615324736,1787250689.615329742,command,0.0,0.0,0.0
1787250689.683408499,1787250689.683418274,state,0.0,0.0,0.0
1787250689.683476925,1787250689.682804823,state_stamped,0.0,0.0,0.0
1787250689.685402393,1787250689.685407400,command,0.0,0.0,0.0
1787250689.743323565,1787250689.743330240,state,0.0,0.0,0.0
1787250689.743375540,1787250689.742805004,state_stamped,0.0,0.0,0.0
1787250689.745989084,1787250689.745995045,command,0.0,0.0,0.0
1787250689.813327074,1787250689.813330173,state,0.0,0.0,0.0
1787250689.813383341,1787250689.812805176,state_stamped,0.0,0.0,0.0
1787250689.815482616,1787250689.815489531,command,0.0,0.0,0.0
1787250689.883399248,1787250689.883404732,state,0.0,0.0,0.0
1787250689.883456707,1787250689.882805109,state_stamped,0.0,0.0,0.0
1787250689.886097193,1787250689.886101723,command,0.0,0.0,0.0
1787250689.943437338,1787250689.943440676,state,0.0,0.0,0.0
1787250689.943468332,1787250689.942804813,state_stamped,0.0,0.0,0.0
1787250689.945152998,1787250689.945158005,command,0.0,0.0,0.0
1787250690.013392448,1787250690.013396025,state,0.0,0.0,0.0
1787250690.013447762,1787250690.012804985,state_stamped,0.0,0.0,0.0
1787250690.015241385,1787250690.015247107,command,0.0,0.0,0.0
1787250690.083515882,1787250690.082805157,state_stamped,0.0,0.0,0.0
1787250690.083549261,1787250690.083554506,state,0.0,0.0,0.0
1787250690.085474253,1787250690.085479259,command,0.0,0.0,0.0
1787250690.143517733,1787250690.142804861,state_stamped,0.0,0.0,0.0
1787250690.143553972,1787250690.143562555,state,0.0,0.0,0.0
1787250690.145428896,1787250690.145432234,command,0.0,0.0,0.0
1787250690.213443995,1787250690.213449478,state,0.0,0.0,0.0
1787250690.213481665,1787250690.212805271,state_stamped,0.0,0.0,0.0
1787250690.215477228,1787250690.215481997,command,0.0,0.0,0.0
1787250690.283494234,1787250690.283501148,state,0.0,0.0,0.0
1787250690.283539772,1787250690.282804728,state_stamped,0.0,0.0,0.0
1787250690.285559893,1787250690.285567522,command,0.0,0.0,0.0
1787250690.343480349,1787250690.343486071,state,0.0,0.0,0.0
1787250690.343521833,1787250690.342804670,state_stamped,0.0,0.0,0.0
1787250690.345450163,1787250690.345458984,command,0.0,0.0,0.0
1787250690.413383961,1787250690.413388014,state,0.0,0.0,0.0
1787250690.413438320,1787250690.412804604,state_stamped,0.0,0.0,0.0
1787250690.415380716,1787250690.415389538,command,0.0,0.0,0.0
1787250690.483562708,1787250690.483568668,state,0.0,0.0,0.0
1787250690.483614206,1787250690.482809305,state_stamped,0.0,0.0,0.0
1787250690.485476971,1787250690.485481501,command,0.0,0.0,0.0
1787250690.543561935,1787250690.542805672,state_stamped,0.0,0.0,0.0
1787250690.543592930,1787250690.543596268,state,0.0,0.0,0.0
1787250690.545448780,1787250690.545455694,command,0.0,0.0,0.0
1787250690.613387346,1787250690.612804651,state_stamped,0.0,0.0,0.0
1787250690.613423586,1787250690.613428116,state,0.0,0.0,0.0
1787250690.615214586,1787250690.615220308,command,0.0,0.0,0.0
1787250690.683549881,1787250690.683556080,state,0.0,0.0,0.0
1787250690.683600426,1787250690.682805061,state_stamped,0.0,0.0,0.0
1787250690.685447216,1787250690.685452461,command,0.0,0.0,0.0
1787250690.743477583,1787250690.743483305,state,0.0,0.0,0.0
1787250690.743531466,1787250690.742804766,state_stamped,0.0,0.0,0.0
1787250690.745182037,1787250690.745189905,command,0.0,0.0,0.0
1787250690.813395739,1787250690.813405037,state,0.0,0.0,0.0
1787250690.813522100,1787250690.812804699,state_stamped,0.0,0.0,0.0
1787250690.815783501,1787250690.815791368,command,0.0,0.0,0.0
1787250690.883428574,1787250690.882805109,state_stamped,0.0,0.0,0.0
1787250690.883476019,1787250690.883485079,state,0.0,0.0,0.0
1787250690.885448933,1787250690.885457516,command,0.0,0.0,0.0
1787250690.943509817,1787250690.943519115,state,0.0,0.0,0.0
1787250690.943566322,1787250690.942805052,state_stamped,0.0,0.0,0.0
1787250690.945211649,1787250690.945219755,command,0.0,0.0,0.0
1787250691.013450146,1787250691.013459682,state,0.0,0.0,0.0
1787250691.013525248,1787250691.012805223,state_stamped,0.0,0.0,0.0
1787250691.015533686,1787250691.015538692,command,0.0,0.0,0.0
1787250691.083525658,1787250691.083534479,state,0.0,0.0,0.0
1787250691.083586454,1787250691.082804918,state_stamped,0.0,0.0,0.0
1787250691.085512161,1787250691.085520029,command,0.0,0.0,0.0
1787250691.143506765,1787250691.142804861,state_stamped,0.0,0.0,0.0
1787250691.143579245,1787250691.143588305,state,0.0,0.0,0.0
1787250691.145522833,1787250691.145531416,command,0.0,0.0,0.0
1787250691.213470936,1787250691.213477373,state,0.0,0.0,0.0
1787250691.213549137,1787250691.212805033,state_stamped,0.0,0.0,0.0
1787250691.215188742,1787250691.215196609,command,0.0,0.0,0.0
1787250691.283445358,1787250691.282804489,state_stamped,0.0,0.0,0.0
1787250691.283474684,1787250691.283481121,state,0.0,0.0,0.0
1787250691.285193920,1787250691.285203457,command,0.0,0.0,0.0
1787250691.343563080,1787250691.342805386,state_stamped,0.0,0.0,0.0
1787250691.343604803,1787250691.343612909,state,0.0,0.0,0.0
1787250691.345466375,1787250691.345469236,command,0.0,0.0,0.0
1787250691.413471699,1787250691.413480759,state,0.0,0.0,0.0
1787250691.413540363,1787250691.412804604,state_stamped,0.0,0.0,0.0
1787250691.415424824,1787250691.415431976,command,0.0,0.0,0.0
1787250691.483462334,1787250691.483468771,state,0.0,0.0,0.0
1787250691.483521223,1787250691.482805014,state_stamped,0.0,0.0,0.0
1787250691.485169888,1787250691.485177994,command,0.0,0.0,0.0
1787250691.543518066,1787250691.543525696,state,0.0,0.0,0.0
1787250691.543574572,1787250691.542804956,state_stamped,0.0,0.0,0.0
1787250691.545484066,1787250691.545489073,command,0.0,0.0,0.0
1787250691.613355875,1787250691.613363266,state,0.0,0.0,0.0
1787250691.613400936,1787250691.612804651,state_stamped,0.0,0.0,0.0
1787250691.615477085,1787250691.615482569,command,0.0,0.0,0.0
1787250691.683413982,1787250691.683420658,state,0.0,0.0,0.0
1787250691.683507204,1787250691.682804823,state_stamped,0.0,0.0,0.0
1787250691.685447693,1787250691.685452700,command,0.0,0.0,0.0
1787250691.743477821,1787250691.743482113,state,0.0,0.0,0.0
1787250691.743518114,1787250691.742805004,state_stamped,0.0,0.0,0.0
1787250691.745883703,1787250691.745891333,command,0.0,0.0,0.0
1787250691.813283682,1787250691.813287973,state,0.0,0.0,0.0
1787250691.813336849,1787250691.812804937,state_stamped,0.0,0.0,0.0
1787250691.815576077,1787250691.815582275,command,0.0,0.0,0.0
1787250691.883357286,1787250691.882805109,state_stamped,0.0,0.0,0.0
1787250691.883385897,1787250691.883388758,state,0.0,0.0,0.0
1787250691.885110617,1787250691.885115147,command,0.0,0.0,0.0
1787250691.943495989,1787250691.943498611,state,0.0,0.0,0.0
1787250691.943543911,1787250691.942804813,state_stamped,0.0,0.0,0.0
1787250691.945227146,1787250691.945235729,command,0.0,0.0,0.0
1787250692.013403416,1787250692.013406515,state,0.0,0.0,0.0
1787250692.013477325,1787250692.012804747,state_stamped,0.0,0.0,0.0
1787250692.015482187,1787250692.015490294,command,0.0,0.0,0.0
1787250692.083443165,1787250692.083445787,state,0.0,0.0,0.0
1787250692.083488941,1787250692.082804680,state_stamped,0.0,0.0,0.0
1787250692.085156918,1787250692.085162640,command,0.0,0.0,0.0
1787250692.143507957,1787250692.143510580,state,0.0,0.0,0.0
1787250692.143540621,1787250692.142804861,state_stamped,0.0,0.0,0.0
1787250692.145195007,1787250692.145201206,command,0.0,0.0,0.0
1787250692.213483334,1787250692.212805033,state_stamped,0.0,0.0,0.0
1787250692.213515759,1787250692.213518858,state,0.0,0.0,0.0
1787250692.215941191,1787250692.215946913,command,0.0,0.0,0.0
1787250692.283497572,1787250692.283499956,state,0.0,0.0,0.0
1787250692.283539534,1787250692.282804489,state_stamped,0.0,0.0,0.0
1787250692.285539865,1787250692.285547972,command,0.0,0.0,0.0
1787250692.343505144,1787250692.343507767,state,0.0,0.0,0.0
1787250692.343547344,1787250692.342804909,state_stamped,0.0,0.0,0.0
1787250692.345923901,1787250692.345932245,command,0.0,0.0,0.0
1787250692.413338900,1787250692.413342953,state,0.0,0.0,0.0
1787250692.413374662,1787250692.412805557,state_stamped,0.0,0.0,0.0
1787250692.415141106,1787250692.415149212,command,0.0,0.0,0.0
1787250692.483491421,1787250692.483493805,state,0.0,0.0,0.0
1787250692.483530521,1787250692.482805252,state_stamped,0.0,0.0,0.0
1787250692.485459805,1787250692.485467672,command,0.0,0.0,0.0
1787250692.543547153,1787250692.543549538,state,0.0,0.0,0.0
1787250692.543578625,1787250692.542805195,state_stamped,0.0,0.0,0.0
1787250692.545221806,1787250692.545227528,command,0.0,0.0,0.0
1787250692.613383055,1787250692.612805128,state_stamped,0.0,0.0,0.0
1787250692.613423586,1787250692.613429546,state,0.0,0.0,0.0
1787250692.615401983,1787250692.615408897,command,0.0,0.0,0.0
1787250692.683504820,1787250692.682805061,state_stamped,0.0,0.0,0.0
1787250692.683537245,1787250692.683542013,state,0.0,0.0,0.0
1787250692.685863018,1787250692.685871124,command,0.0,0.0,0.0
1787250692.743375063,1787250692.743380070,state,0.0,0.0,0.0
1787250692.743494511,1787250692.742804766,state_stamped,0.0,0.0,0.0
1787250692.745090485,1787250692.745098829,command,0.0,0.0,0.0
1787250692.813393354,1787250692.813396931,state,0.0,0.0,0.0
1787250692.813421726,1787250692.812805176,state_stamped,0.0,0.0,0.0
1787250692.815431833,1787250692.815439939,command,0.0,0.0,0.0
1787250692.883493423,1787250692.883496523,state,0.0,0.0,0.0
1787250692.883515120,1787250692.882804871,state_stamped,0.0,0.0,0.0
1787250692.885248423,1787250692.885255098,command,0.0,0.0,0.0
1787250692.943488359,1787250692.943490744,state,0.0,0.0,0.0
1787250692.943507910,1787250692.942805052,state_stamped,0.0,0.0,0.0
1787250692.945198774,1787250692.945205688,command,0.0,0.0,0.0
1787250693.013428688,1787250693.013432503,state,0.0,0.0,0.0
1787250693.013467312,1787250693.012804508,state_stamped,0.0,0.0,0.0
1787250693.015561104,1787250693.015568495,command,0.0,0.0,0.0
1787250693.083447695,1787250693.083453417,state,0.0,0.0,0.0
1787250693.083479881,1787250693.082804680,state_stamped,0.0,0.0,0.0
1787250693.085204124,1787250693.085208893,command,0.0,0.0,0.0
1787250693.143473625,1787250693.143477440,state,0.0,0.0,0.0
1787250693.143506289,1787250693.142804623,state_stamped,0.0,0.0,0.0
1787250693.145236731,1787250693.145244837,command,0.0,0.0,0.0
1787250693.213517427,1787250693.212805033,state_stamped,0.0,0.0,0.0
1787250693.213546753,1787250693.213552237,state,0.0,0.0,0.0
1787250693.215472698,1787250693.215476990,command,0.0,0.0,0.0
1787250693.283394337,1787250693.283399343,state,0.0,0.0,0.0
1787250693.283452988,1787250693.282804728,state_stamped,0.0,0.0,0.0
1787250693.285054207,1787250693.285058737,command,0.0,0.0,0.0
1787250693.343369961,1787250693.343374729,state,0.0,0.0,0.0
1787250693.343476057,1787250693.342804432,state_stamped,0.0,0.0,0.0
1787250693.345050812,1787250693.345056295,command,0.0,0.0,0.0
1787250693.413229465,1787250693.413235664,state,0.0,0.0,0.0
1787250693.413284779,1787250693.412805080,state_stamped,0.0,0.0,0.0
1787250693.414985895,1787250693.414994240,command,0.0,0.0,0.0
1787250693.483502626,1787250693.483506441,state,0.0,0.0,0.0
1787250693.483534575,1787250693.482805252,state_stamped,0.0,0.0,0.0
1787250693.485192537,1787250693.485198259,command,0.0,0.0,0.0
1787250693.543503761,1787250693.542805433,state_stamped,0.0,0.0,0.0
1787250693.543532372,1787250693.543537378,state,0.0,0.0,0.0
1787250693.545193911,1787250693.545201778,command,0.0,0.0,0.0
1787250693.613431454,1787250693.612804890,state_stamped,0.0,0.0,0.0
1787250693.613481998,1787250693.613489866,state,0.0,0.0,0.0
1787250693.615451813,1787250693.615460157,command,0.0,0.0,0.0
1787250693.683536053,1787250693.682804585,state_stamped,0.0,0.0,0.0
1787250693.683584213,1787250693.683588028,state,0.0,0.0,0.0
1787250693.685506344,1787250693.685514688,command,0.0,0.0,0.0
1787250693.743510485,1787250693.743518829,state,0.0,0.0,0.0
1787250693.743571043,1787250693.742805243,state_stamped,0.0,0.0,0.0
1787250693.745146275,1787250693.745153427,command,0.0,0.0,0.0
1787250693.813336372,1787250693.813348532,state,0.0,0.0,0.0
1787250693.813406229,1787250693.812804461,state_stamped,0.0,0.0,0.0
1787250693.815933704,1787250693.815941334,command,0.0,0.0,0.0
1787250693.883486986,1787250693.883494616,state,0.0,0.0,0.0
1787250693.883542776,1787250693.882804632,state_stamped,0.0,0.0,0.0
1787250693.885304928,1787250693.885310411,command,0.0,0.0,0.0
1787250693.943484068,1787250693.943489552,state,0.0,0.0,0.0
1787250693.943541527,1787250693.942805052,state_stamped,0.0,0.0,0.0
1787250693.945729256,1787250693.945735931,command,0.0,0.0,0.0
1787250694.013452291,1787250694.012804985,state_stamped,0.0,0.0,0.0
1787250694.013504028,1787250694.013512850,state,0.0,0.0,0.0
1787250694.015980959,1787250694.015988588,command,0.0,0.0,0.0
1787250694.083524942,1787250694.083529949,state,0.0,0.0,0.0
1787250694.083620071,1787250694.082804680,state_stamped,0.0,0.0,0.0
1787250694.085512161,1787250694.085516214,command,0.0,0.0,0.0
1787250694.143546104,1787250694.143551350,state,0.0,0.0,0.0
1787250694.143594027,1787250694.142805338,state_stamped,0.0,0.0,0.0
1787250694.145506382,1787250694.145509958,command,0.0,0.0,0.0
1787250694.213551760,1787250694.212805033,state_stamped,0.0,0.0,0.0
1787250694.213609695,1787250694.213614702,state,0.0,0.0,0.0
1787250694.215480089,1787250694.215483427,command,0.0,0.0,0.0
1787250694.283479452,1787250694.283484459,state,0.0,0.0,0.0
1787250694.283577919,1787250694.282804966,state_stamped,0.0,0.0,0.0
1787250694.285895586,1787250694.285900593,command,0.0,0.0,0.0
1787250694.343525648,1787250694.342804909,state_stamped,0.0,0.0,0.0
1787250694.343569040,1787250694.343574286,state,0.0,0.0,0.0
1787250694.345602512,1787250694.345606565,command,0.0,0.0,0.0
1787250694.413478851,1787250694.413483381,state,0.0,0.0,0.0
1787250694.413521767,1787250694.412805319,state_stamped,0.0,0.0,0.0
1787250694.415417194,1787250694.415419340,command,0.0,0.0,0.0
1787250694.483523846,1787250694.483528376,state,0.0,0.0,0.0
1787250694.483586788,1787250694.482804775,state_stamped,0.0,0.0,0.0
1787250694.485857725,1787250694.485860586,command,0.0,0.0,0.0
1787250694.543524265,1787250694.543527365,state,0.0,0.0,0.0
1787250694.543561935,1787250694.542805195,state_stamped,0.0,0.0,0.0
1787250694.545491457,1787250694.545492887,command,0.0,0.0,0.0
1787250694.613427401,1787250694.613430977,state,0.0,0.0,0.0
1787250694.613481522,1787250694.612804651,state_stamped,0.0,0.0,0.0
1787250694.615763187,1787250694.615765095,command,0.0,0.0,0.0
1787250694.683514833,1787250694.682805061,state_stamped,0.0,0.0,0.0
1787250694.683575630,1787250694.683581114,state,0.0,0.0,0.0
1787250694.685490608,1787250694.685495138,command,0.0,0.0,0.0
1787250694.743533611,1787250694.743539810,state,0.0,0.0,0.0
1787250694.743583679,1787250694.742804766,state_stamped,0.0,0.0,0.0
1787250694.745618343,1787250694.745623112,command,0.0,0.0,0.0
1787250694.813421726,1787250694.813427925,state,0.0,0.0,0.0
1787250694.813517809,1787250694.812804937,state_stamped,0.0,0.0,0.0
1787250694.815426350,1787250694.815429688,command,0.0,0.0,0.0
1787250694.883538246,1787250694.883543015,state,0.0,0.0,0.0
1787250694.883588076,1787250694.882804871,state_stamped,0.0,0.0,0.0
1787250694.885519981,1787250694.885525465,command,0.0,0.0,0.0
1787250694.943575144,1787250694.943581581,state,0.0,0.0,0.0
1787250694.943623781,1787250694.942804813,state_stamped,0.0,0.0,0.0
1787250694.945558786,1787250694.945564747,command,0.0,0.0,0.0
1787250695.013490677,1787250695.013497591,state,0.0,0.0,0.0
1787250695.013548851,1787250695.012804508,state_stamped,0.0,0.0,0.0
1787250695.015673161,1787250695.015680790,command,0.0,0.0,0.0
1787250695.083593130,1787250695.083599567,state,0.0,0.0,0.0
1787250695.083640814,1787250695.082804680,state_stamped,0.0,0.0,0.0
1787250695.085543156,1787250695.085546970,command,0.0,0.0,0.0
1787250695.143558502,1787250695.143563986,state,0.0,0.0,0.0
1787250695.143606424,1787250695.142805576,state_stamped,0.0,0.0,0.0
1787250695.145564318,1787250695.145571947,command,0.0,0.0,0.0
1787250695.213330269,1787250695.213335514,state,0.0,0.0,0.0
1787250695.213376760,1787250695.212805033,state_stamped,0.0,0.0,0.0
1787250695.215095282,1787250695.215102434,command,0.0,0.0,0.0
1787250695.283567667,1787250695.282804966,state_stamped,0.0,0.0,0.0
1787250695.283610582,1787250695.283615828,state,0.0,0.0,0.0
1787250695.285557747,1787250695.285565138,command,0.0,0.0,0.0
1787250695.343556881,1787250695.343562603,state,0.0,0.0,0.0
1787250695.343610764,1787250695.342805147,state_stamped,0.0,0.0,0.0
1787250695.345577717,1787250695.345583200,command,0.0,0.0,0.0
1787250695.413421154,1787250695.413429022,state,0.0,0.0,0.0
1787250695.413536072,1787250695.412804604,state_stamped,0.0,0.0,0.0
1787250695.415581942,1787250695.415587664,command,0.0,0.0,0.0
1787250695.483371496,1787250695.483376503,state,0.0,0.0,0.0
1787250695.483420372,1787250695.482804775,state_stamped,0.0,0.0,0.0
1787250695.485192537,1787250695.485200405,command,0.0,0.0,0.0
1787250695.543562174,1787250695.543569326,state,0.0,0.0,0.0
1787250695.543614149,1787250695.542805672,state_stamped,0.0,0.0,0.0
1787250695.545568943,1787250695.545574188,command,0.0,0.0,0.0
1787250695.613439560,1787250695.612805128,state_stamped,0.0,0.0,0.0
1787250695.613497972,1787250695.613505602,state,0.0,0.0,0.0
1787250695.615478277,1787250695.615483761,command,0.0,0.0,0.0
1787250695.683512926,1787250695.683518648,state,0.0,0.0,0.0
1787250695.683580399,1787250695.682805061,state_stamped,0.0,0.0,0.0
1787250695.685256720,1787250695.685262680,command,0.0,0.0,0.0
1787250695.743508339,1787250695.743538141,state,0.0,0.0,0.0
1787250695.743606091,1787250695.742804766,state_stamped,0.0,0.0,0.0
1787250695.745814800,1787250695.745819330,command,0.0,0.0,0.0
1787250695.813340902,1787250695.812804937,state_stamped,0.0,0.0,0.0
1787250695.813392639,1787250695.813403130,state,0.0,0.0,0.0
1787250695.816264629,1787250695.816271305,command,0.0,0.0,0.0
1787250695.883482933,1787250695.883491993,state,0.0,0.0,0.0
1787250695.883580446,1787250695.882805347,state_stamped,0.0,0.0,0.0
1787250695.885389805,1787250695.885393620,command,0.0,0.0,0.0
1787250695.943779230,1787250695.942804813,state_stamped,0.0,0.0,0.0
1787250695.943809032,1787250695.943814754,state,0.0,0.0,0.0
1787250695.945826292,1787250695.945832253,command,0.0,0.0,0.0
1787250696.013444662,1787250696.012804508,state_stamped,0.0,0.0,0.0
1787250696.013478518,1787250696.013484716,state,0.0,0.0,0.0
1787250696.015796423,1787250696.015803814,command,0.0,0.0,0.0
1787250696.083511591,1787250696.083517790,state,0.0,0.0,0.0
1787250696.083547115,1787250696.082804918,state_stamped,0.0,0.0,0.0
1787250696.085573673,1787250696.085579157,command,0.0,0.0,0.0
1787250696.143536091,1787250696.143541336,state,0.0,0.0,0.0
1787250696.143567324,1787250696.142804861,state_stamped,0.0,0.0,0.0
1787250696.145293713,1787250696.145301104,command,0.0,0.0,0.0
1787250696.213490963,1787250696.212805033,state_stamped,0.0,0.0,0.0
1787250696.213519335,1787250696.213522911,state,0.0,0.0,0.0
1787250696.215916634,1787250696.215923548,command,0.0,0.0,0.0
1787250696.283505917,1787250696.282782078,state_stamped,0.0,0.0,0.0
1787250696.283543348,1787250696.284668446,state,0.0,0.0,0.0
1787250696.285702705,1787250696.285706043,command,0.0,0.0,0.0
1787250696.343451977,1787250696.342805147,state_stamped,0.0,0.0,0.0
1787250696.343483210,1787250696.343491077,state,0.0,0.0,0.0
1787250696.345500469,1787250696.345504522,command,0.0,0.0,0.0
1787250696.413348436,1787250696.412804365,state_stamped,0.0,0.0,0.0
1787250696.413375378,1787250696.413383722,state,0.0,0.0,0.0
1787250696.415182352,1787250696.415188551,command,0.0,0.0,0.0
1787250696.483558416,1787250696.482804537,state_stamped,0.0,0.0,0.0
1787250696.483607531,1787250696.483615637,state,0.0,0.0,0.0
1787250696.485534191,1787250696.485538960,command,0.0,0.0,0.0
1787250696.543557882,1787250696.542805195,state_stamped,0.0,0.0,0.0
1787250696.543606520,1787250696.543614864,state,0.0,0.0,0.0
1787250696.545530796,1787250696.545537233,command,0.0,0.0,0.0
1787250696.613488913,1787250696.612816811,state_stamped,0.0,0.0,0.0
1787250696.613527060,1787250696.613540411,state,0.0,0.0,0.0
1787250696.615262270,1787250696.615268946,command,0.0,0.0,0.0
1787250696.683494329,1787250696.683503866,state,0.0,0.0,0.0
1787250696.683564901,1787250696.682804823,state_stamped,0.0,0.0,0.0
1787250696.685184002,1787250696.685187340,command,0.0,0.0,0.0
1787250696.743562222,1787250696.743570089,state,0.0,0.0,0.0
1787250696.743625164,1787250696.742804766,state_stamped,0.0,0.0,0.0
1787250696.745623350,1787250696.745630264,command,0.0,0.0,0.0
1787250696.813409805,1787250696.812816858,state_stamped,0.0,0.0,0.0
1787250696.813526630,1787250696.813534498,state,0.0,0.0,0.0
1787250696.815168619,1787250696.815173388,command,0.0,0.0,0.0
1787250696.883538246,1787250696.883547306,state,0.0,0.0,0.0
1787250696.883626461,1787250696.882804871,state_stamped,0.0,0.0,0.0
1787250696.885506153,1787250696.885511160,command,0.0,0.0,0.0
1787250696.943734169,1787250696.942804575,state_stamped,0.0,0.0,0.0
1787250696.943783998,1787250696.943791389,state,0.0,0.0,0.0
1787250696.945678949,1787250696.945684671,command,0.0,0.0,0.0
1787250697.013383865,1787250697.013389826,state,0.0,0.0,0.0
1787250697.013462782,1787250697.012804747,state_stamped,0.0,0.0,0.0
1787250697.015999079,1787250697.016005278,command,0.0,0.0,0.0
1787250697.083466053,1787250697.083471060,state,0.0,0.0,0.0
1787250697.083523989,1787250697.082805395,state_stamped,0.0,0.0,0.0
1787250697.085276604,1787250697.085282564,command,0.0,0.0,0.0
1787250697.143454313,1787250697.143459320,state,0.0,0.0,0.0
1787250697.143561840,1787250697.142804861,state_stamped,0.0,0.0,0.0
1787250697.145507812,1787250697.145516396,command,0.0,0.0,0.0
1787250697.213462830,1787250697.213466167,state,0.0,0.0,0.0
1787250697.213553905,1787250697.212804556,state_stamped,0.0,0.0,0.0
1787250697.215588808,1787250697.215598106,command,0.0,0.0,0.0
1787250697.283478260,1787250697.283483505,state,0.0,0.0,0.0
1787250697.283536911,1787250697.282804966,state_stamped,0.0,0.0,0.0
1787250697.285655975,1787250697.285660744,command,0.0,0.0,0.0
1787250697.343474388,1787250697.343479872,state,0.0,0.0,0.0
1787250697.343525648,1787250697.342804909,state_stamped,0.0,0.0,0.0
1787250697.345278740,1787250697.345285892,command,0.0,0.0,0.0
1787250697.413392782,1787250697.413398027,state,0.0,0.0,0.0
1787250697.413463354,1787250697.412804842,state_stamped,0.0,0.0,0.0
1787250697.415203810,1787250697.415210009,command,0.0,0.0,0.0
1787250697.483522654,1787250697.483527422,state,0.0,0.0,0.0
1787250697.483628750,1787250697.482805252,state_stamped,0.0,0.0,0.0
1787250697.485408068,1787250697.485412359,command,0.0,0.0,0.0
1787250697.543466091,1787250697.543471098,state,0.0,0.0,0.0
1787250697.543519497,1787250697.542804956,state_stamped,0.0,0.0,0.0
1787250697.545339584,1787250697.545343637,command,0.0,0.0,0.0
1787250697.613330841,1787250697.613334417,state,0.0,0.0,0.0
1787250697.613373756,1787250697.612804890,state_stamped,0.0,0.0,0.0
1787250697.615175486,1787250697.615179300,command,0.0,0.0,0.0
1787250697.683430672,1787250697.683434725,state,0.0,0.0,0.0
1787250697.683480740,1787250697.682804823,state_stamped,0.0,0.0,0.0
1787250697.685239315,1787250697.685243130,command,0.0,0.0,0.0
1787250697.743406534,1787250697.743410349,state,0.0,0.0,0.0
1787250697.743469238,1787250697.742805004,state_stamped,0.0,0.0,0.0
1787250697.745230198,1787250697.745234728,command,0.0,0.0,0.0
1787250697.813259125,1787250697.813267708,state,0.0,0.0,0.0
1787250697.813327312,1787250697.812804699,state_stamped,0.0,0.0,0.0
1787250697.815856695,1787250697.815859556,command,0.0,0.0,0.0
1787250697.883495331,1787250697.883500099,state,0.0,0.0,0.0
1787250697.883551836,1787250697.882804632,state_stamped,0.0,0.0,0.0
1787250697.885732174,1787250697.885735989,command,0.0,0.0,0.0
1787250697.943626404,1787250697.942813396,state_stamped,0.0,0.0,0.0
1787250697.943666935,1787250697.943670034,state,0.0,0.0,0.0
1787250697.945659399,1787250697.945662260,command,0.0,0.0,0.0
1787250698.013453722,1787250698.012804747,state_stamped,0.0,0.0,0.0
1787250698.013500214,1787250698.013505220,state,0.0,0.0,0.0
1787250698.015440226,1787250698.015444040,command,0.0,0.0,0.0
1787250698.083528519,1787250698.083530903,state,0.0,0.0,0.0
1787250698.083572626,1787250698.082805157,state_stamped,0.0,0.0,0.0
1787250698.085601568,1787250698.085604429,command,0.0,0.0,0.0
1787250698.143487930,1787250698.143490314,state,0.0,0.0,0.0
1787250698.143530846,1787250698.142813444,state_stamped,0.0,0.0,0.0
1787250698.145522833,1787250698.145525455,command,0.0,0.0,0.0
1787250698.213392496,1787250698.212805033,state_stamped,0.0,0.0,0.0
1787250698.213475943,1787250698.213480711,state,0.0,0.0,0.0
1787250698.215225458,1787250698.215230703,command,0.0,0.0,0.0
1787250698.283448935,1787250698.283453703,state,0.0,0.0,0.0
1787250698.283500433,1787250698.282804728,state_stamped,0.0,0.0,0.0
1787250698.285227060,1787250698.285232544,command,0.0,0.0,0.0
1787250698.343466043,1787250698.343472958,state,0.0,0.0,0.0
1787250698.343582630,1787250698.342804670,state_stamped,0.0,0.0,0.0
1787250698.345218897,1787250698.345222712,command,0.0,0.0,0.0
1787250698.413239479,1787250698.413242340,state,0.0,0.0,0.0
1787250698.413320780,1787250698.412805080,state_stamped,0.0,0.0,0.0
1787250698.415084124,1787250698.415086746,command,0.0,0.0,0.0
1787250698.483454943,1787250698.482804537,state_stamped,0.0,0.0,0.0
1787250698.483513355,1787250698.483518124,state,0.0,0.0,0.0
1787250698.485220671,1787250698.485224247,command,0.0,0.0,0.0
1787250698.543478727,1787250698.543483734,state,0.0,0.0,0.0
1787250698.543581724,1787250698.542804480,state_stamped,0.0,0.0,0.0
1787250698.545214415,1787250698.545217276,command,0.0,0.0,0.0
1787250698.613430500,1787250698.612804890,state_stamped,0.0,0.0,0.0
1787250698.613475323,1787250698.613480330,state,0.0,0.0,0.0
1787250698.615192175,1787250698.615197420,command,0.0,0.0,0.0
1787250698.683508158,1787250698.683513641,state,0.0,0.0,0.0
1787250698.683568954,1787250698.682804585,state_stamped,0.0,0.0,0.0
1787250698.685220003,1787250698.685223818,command,0.0,0.0,0.0
1787250698.743500710,1787250698.743504286,state,0.0,0.0,0.0
1787250698.743547916,1787250698.742804766,state_stamped,0.0,0.0,0.0
1787250698.745152473,1787250698.745156288,command,0.0,0.0,0.0
1787250698.813447237,1787250698.812804461,state_stamped,0.0,0.0,0.0
1787250698.813493729,1787250698.813499212,state,0.0,0.0,0.0
1787250698.815154314,1787250698.815158367,command,0.0,0.0,0.0
1787250698.883445501,1787250698.883450508,state,0.0,0.0,0.0
1787250698.883492708,1787250698.882804632,state_stamped,0.0,0.0,0.0
1787250698.885225773,1787250698.885231733,command,0.0,0.0,0.0
1787250698.943561077,1787250698.943566084,state,0.0,0.0,0.0
1787250698.943607092,1787250698.942805052,state_stamped,0.0,0.0,0.0
1787250698.945204496,1787250698.945209742,command,0.0,0.0,0.0
1787250699.013486385,1787250699.012804747,state_stamped,0.0,0.0,0.0
1787250699.013527155,1787250699.013532400,state,0.0,0.0,0.0
1787250699.015349150,1787250699.015354872,command,0.0,0.0,0.0
1787250699.083474874,1787250699.083479643,state,0.0,0.0,0.0
1787250699.083559275,1787250699.082804680,state_stamped,0.0,0.0,0.0
1787250699.085284948,1787250699.085290909,command,0.0,0.0,0.0
1787250699.143576622,1787250699.142804861,state_stamped,0.0,0.0,0.0
1787250699.143614769,1787250699.143619537,state,0.0,0.0,0.0
1787250699.145292044,1787250699.145297289,command,0.0,0.0,0.0
1787250699.213541031,1787250699.213546276,state,0.0,0.0,0.0
1787250699.213587761,1787250699.212804794,state_stamped,0.0,0.0,0.0
1787250699.215259790,1787250699.215264797,command,0.0,0.0,0.0
1787250699.283518791,1787250699.283523798,state,0.0,0.0,0.0
1787250699.283565998,1787250699.282804966,state_stamped,0.0,0.0,0.0
1787250699.285297394,1787250699.285304546,command,0.0,0.0,0.0
1787250699.343579531,1787250699.343584776,state,0.0,0.0,0.0
1787250699.343626738,1787250699.342804909,state_stamped,0.0,0.0,0.0
1787250699.345652342,1787250699.345657587,command,0.0,0.0,0.0
1787250699.413360357,1787250699.413362503,state,0.0,0.0,0.0
1787250699.413393974,1787250699.412804842,state_stamped,0.0,0.0,0.0
1787250699.415218830,1787250699.415221691,command,0.0,0.0,0.0
1787250699.483489990,1787250699.483492374,state,0.0,0.0,0.0
1787250699.483517408,1787250699.482804775,state_stamped,0.0,0.0,0.0
1787250699.485285997,1787250699.485288620,command,0.0,0.0,0.0
1787250699.543459654,1787250699.543461323,state,0.0,0.0,0.0
1787250699.543485165,1787250699.542804718,state_stamped,0.0,0.0,0.0
1787250699.545239210,1787250699.545241594,command,0.0,0.0,0.0
1787250699.613384008,1787250699.613385677,state,0.0,0.0,0.0
1787250699.613410473,1787250699.612804890,state_stamped,0.0,0.0,0.0
1787250699.615186930,1787250699.615189552,command,0.0,0.0,0.0
1787250699.683475733,1787250699.683478117,state,0.0,0.0,0.0
1787250699.683505058,1787250699.682804585,state_stamped,0.0,0.0,0.0
1787250699.685256958,1787250699.685260057,command,0.0,0.0,0.0
1787250699.743410349,1787250699.743413210,state,0.0,0.0,0.0
1787250699.743458509,1787250699.742804766,state_stamped,0.0,0.0,0.0
1787250699.745246172,1787250699.745249033,command,0.0,0.0,0.0
1787250699.813419104,1787250699.812804699,state_stamped,0.0,0.0,0.0
1787250699.813462496,1787250699.813469648,state,0.0,0.0,0.0
1787250699.815927505,1787250699.815932512,command,0.0,0.0,0.0
1787250699.883501053,1787250699.882804871,state_stamped,0.0,0.0,0.0
1787250699.883541584,1787250699.883550167,state,0.0,0.0,0.0
1787250699.885633707,1787250699.885638237,command,0.0,0.0,0.0
1787250699.943429947,1787250699.942804575,state_stamped,0.0,0.0,0.0
1787250699.943462372,1787250699.943468809,state,0.0,0.0,0.0
1787250699.945242167,1787250699.945245504,command,0.0,0.0,0.0
1787250700.013396502,1787250700.012804508,state_stamped,0.0,0.0,0.0
1787250700.013459921,1787250700.013468504,state,0.0,0.0,0.0
1787250700.015421152,1787250700.015426397,command,0.0,0.0,0.0
1787250700.083449602,1787250700.082804918,state_stamped,0.0,0.0,0.0
1787250700.083561182,1787250700.083570719,state,0.0,0.0,0.0
1787250700.085286856,1787250700.085289955,command,0.0,0.0,0.0
1787250700.143453121,1787250700.142804861,state_stamped,0.0,0.0,0.0
1787250700.143492460,1787250700.143499613,state,0.0,0.0,0.0
1787250700.145258188,1787250700.145261288,command,0.0,0.0,0.0
1787250700.213440657,1787250700.212805271,state_stamped,0.0,0.0,0.0
1787250700.213495970,1787250700.213501692,state,0.0,0.0,0.0
1787250700.215243101,1787250700.215245962,command,0.0,0.0,0.0
1787250700.283462763,1787250700.282804966,state_stamped,0.0,0.0,0.0
1787250700.283503532,1787250700.283508539,state,0.0,0.0,0.0
1787250700.285287380,1787250700.285290480,command,0.0,0.0,0.0
1787250700.343432188,1787250700.342804909,state_stamped,0.0,0.0,0.0
1787250700.343462467,1787250700.343465567,state,0.0,0.0,0.0
1787250700.345276594,1787250700.345279217,command,0.0,0.0,0.0
1787250700.413441896,1787250700.412805080,state_stamped,0.0,0.0,0.0
1787250700.413485527,1787250700.413490534,state,0.0,0.0,0.0
1787250700.415166616,1787250700.415169477,command,0.0,0.0,0.0
1787250700.483469248,1787250700.482805490,state_stamped,0.0,0.0,0.0
1787250700.483513355,1787250700.483518124,state,0.0,0.0,0.0
1787250700.485269785,1787250700.485272408,command,0.0,0.0,0.0
1787250700.543497801,1787250700.543505669,state,0.0,0.0,0.0
1787250700.543555260,1787250700.542805433,state_stamped,0.0,0.0,0.0
1787250700.545267820,1787250700.545270443,command,0.0,0.0,0.0
1787250700.613404751,1787250700.612804890,state_stamped,0.0,0.0,0.0
1787250700.613459349,1787250700.613467932,state,0.0,0.0,0.0
1787250700.615262270,1787250700.615265369,command,0.0,0.0,0.0
1787250700.683431149,1787250700.682805061,state_stamped,0.0,0.0,0.0
1787250700.683474779,1787250700.683481932,state,0.0,0.0,0.0
1787250700.685241699,1787250700.685245275,command,0.0,0.0,0.0
1787250700.743355274,1787250700.742804527,state_stamped,0.0,0.0,0.0
1787250700.743401766,1787250700.743409634,state,0.0,0.0,0.0
1787250700.745227575,1787250700.745233059,command,0.0,0.0,0.0
1787250700.813460588,1787250700.812804937,state_stamped,0.0,0.0,0.0
1787250700.813516855,1787250700.813523769,state,0.0,0.0,0.0
1787250700.815217733,1787250700.815220594,command,0.0,0.0,0.0
1787250700.883603811,1787250700.883609056,state,0.0,0.0,0.0
1787250700.883661509,1787250700.882804871,state_stamped,0.0,0.0,0.0
1787250700.885387659,1787250700.885392904,command,0.0,0.0,0.0
1787250700.943604946,1787250700.943611860,state,0.0,0.0,0.0
1787250700.943669558,1787250700.942812443,state_stamped,0.0,0.0,0.0
1787250700.945353031,1787250700.945358276,command,0.0,0.0,0.0
1787250701.013535023,1787250701.012804747,state_stamped,0.0,0.0,0.0
1787250701.013583422,1787250701.013590574,state,0.0,0.0,0.0
1787250701.015343428,1787250701.015346289,command,0.0,0.0,0.0
1787250701.083604574,1787250701.082804680,state_stamped,0.0,0.0,0.0
1787250701.083685160,1787250701.083689928,state,0.0,0.0,0.0
1787250701.085361719,1787250701.085364342,command,0.0,0.0,0.0
1787250701.143673420,1787250701.142804623,state_stamped,0.0,0.0,0.0
1787250701.143713236,1787250701.143720150,state,0.0,0.0,0.0
1787250701.145322561,1787250701.145325661,command,0.0,0.0,0.0
1787250701.213485479,1787250701.213492393,state,0.0,0.0,0.0
1787250701.213574886,1787250701.212804556,state_stamped,0.0,0.0,0.0
1787250701.215245724,1787250701.215248346,command,0.0,0.0,0.0
1787250701.283583164,1787250701.282804966,state_stamped,0.0,0.0,0.0
1787250701.283655643,1787250701.283661127,state,0.0,0.0,0.0
1787250701.285339355,1787250701.285342932,command,0.0,0.0,0.0
1787250701.343632936,1787250701.342804670,state_stamped,0.0,0.0,0.0
1787250701.343667030,1787250701.343674183,state,0.0,0.0,0.0
1787250701.345299721,1787250701.345302343,command,0.0,0.0,0.0
1787250701.413489342,1787250701.412804842,state_stamped,0.0,0.0,0.0
1787250701.413563728,1787250701.413572550,state,0.0,0.0,0.0
1787250701.415238619,1787250701.415241480,command,0.0,0.0,0.0
1787250701.483630896,1787250701.483635664,state,0.0,0.0,0.0
1787250701.483677864,1787250701.482804775,state_stamped,0.0,0.0,0.0
1787250701.485376596,1787250701.485378981,command,0.0,0.0,0.0
1787250701.543626308,1787250701.542804956,state_stamped,0.0,0.0,0.0
1787250701.543707371,1787250701.543714285,state,0.0,0.0,0.0
1787250701.545325279,1787250701.545327902,command,0.0,0.0,0.0
1787250701.613486528,1787250701.612804413,state_stamped,0.0,0.0,0.0
1787250701.613533020,1787250701.613540888,state,0.0,0.0,0.0
1787250701.615175962,1787250701.615178585,command,0.0,0.0,0.0
1787250701.683603764,1787250701.682804585,state_stamped,0.0,0.0,0.0
1787250701.683648348,1787250701.683658123,state,0.0,0.0,0.0
1787250701.685347080,1787250701.685349703,command,0.0,0.0,0.0
1787250701.743590593,1787250701.743598700,state,0.0,0.0,0.0
1787250701.743650675,1787250701.742804766,state_stamped,0.0,0.0,0.0
1787250701.745435476,1787250701.745438099,command,0.0,0.0,0.0
1787250701.813378811,1787250701.812804699,state_stamped,0.0,0.0,0.0
1787250701.813447475,1787250701.813456535,state,0.0,0.0,0.0
1787250701.815247536,1787250701.815250158,command,0.0,0.0,0.0
1787250701.883332491,1787250701.883341074,state,0.0,0.0,0.0
1787250701.883433580,1787250701.882804871,state_stamped,0.0,0.0,0.0
1787250701.885987997,1787250701.885991335,command,0.0,0.0,0.0
1787250701.943473577,1787250701.942805052,state_stamped,0.0,0.0,0.0
1787250701.943556309,1787250701.943563700,state,0.0,0.0,0.0
1787250701.945465565,1787250701.945469141,command,0.0,0.0,0.0
1787250702.013379812,1787250702.013385057,state,0.0,0.0,0.0
1787250702.013421059,1787250702.012804747,state_stamped,0.0,0.0,0.0
1787250702.015456915,1787250702.015459299,command,0.0,0.0,0.0
1787250702.083469868,1787250702.082804918,state_stamped,0.0,0.0,0.0
1787250702.083512783,1787250702.083518028,state,0.0,0.0,0.0
1787250702.085320473,1787250702.085323334,command,0.0,0.0,0.0
1787250702.143534422,1787250702.142804861,state_stamped,0.0,0.0,0.0
1787250702.143580437,1787250702.143587589,state,0.0,0.0,0.0
1787250702.145358562,1787250702.145361185,command,0.0,0.0,0.0
1787250702.213471174,1787250702.213478327,state,0.0,0.0,0.0
1787250702.213534355,1787250702.212804794,state_stamped,0.0,0.0,0.0
1787250702.215292454,1787250702.215294838,command,0.0,0.0,0.0
1787250702.283494949,1787250702.282804728,state_stamped,0.0,0.0,0.0
1787250702.283541203,1787250702.283546448,state,0.0,0.0,0.0
1787250702.285326481,1787250702.285329580,command,0.0,0.0,0.0
1787250702.343490839,1787250702.343497992,state,0.0,0.0,0.0
1787250702.343554258,1787250702.342804670,state_stamped,0.0,0.0,0.0
1787250702.345314741,1787250702.345317602,command,0.0,0.0,0.0
1787250702.413425684,1787250702.412804842,state_stamped,0.0,0.0,0.0
1787250702.413483381,1787250702.413490534,state,0.0,0.0,0.0
1787250702.415284395,1787250702.415287018,command,0.0,0.0,0.0
1787250702.483482599,1787250702.483489752,state,0.0,0.0,0.0
1787250702.483533859,1787250702.482804537,state_stamped,0.0,0.0,0.0
1787250702.485347748,1787250702.485350609,command,0.0,0.0,0.0
1787250702.543582201,1787250702.543586969,state,0.0,0.0,0.0
1787250702.543631315,1787250702.542804956,state_stamped,0.0,0.0,0.0
1787250702.545415163,1787250702.545421600,command,0.0,0.0,0.0
1787250702.613378763,1787250702.613383770,state,0.0,0.0,0.0
1787250702.613436222,1787250702.612805128,state_stamped,0.0,0.0,0.0
1787250702.615267754,1787250702.615274668,command,0.0,0.0,0.0
1787250702.683423996,1787250702.683428526,state,0.0,0.0,0.0
1787250702.683490753,1787250702.682804585,state_stamped,0.0,0.0,0.0
1787250702.685280561,1787250702.685285091,command,0.0,0.0,0.0
1787250702.743575811,1787250702.743586063,state,0.0,0.0,0.0
1787250702.743649483,1787250702.742804766,state_stamped,0.0,0.0,0.0
1787250702.745412350,1787250702.745429039,command,0.0,0.0,0.0
1787250702.813380718,1787250702.812804937,state_stamped,0.0,0.0,0.0
1787250702.813492298,1787250702.813501835,state,0.0,0.0,0.0
1787250702.815286160,1787250702.815293789,command,0.0,0.0,0.0
1787250702.883634090,1787250702.882804871,state_stamped,0.0,0.0,0.0
1787250702.883685589,1787250702.883695126,state,0.0,0.0,0.0
1787250702.885428190,1787250702.885435581,command,0.0,0.0,0.0
1787250702.943549871,1787250702.942804813,state_stamped,0.0,0.0,0.0
1787250702.943652868,1787250702.943661928,state,0.0,0.0,0.0
1787250702.945412636,1787250702.945425749,command,0.0,0.0,0.0
1787250703.013456106,1787250703.013462067,state,0.0,0.0,0.0
1787250703.013501644,1787250703.012804747,state_stamped,0.0,0.0,0.0
1787250703.015453100,1787250703.015460253,command,0.0,0.0,0.0
1787250703.083487034,1787250703.082805157,state_stamped,0.0,0.0,0.0
1787250703.083572388,1787250703.083579063,state,0.0,0.0,0.0
1787250703.085387468,1787250703.085395575,command,0.0,0.0,0.0
1787250703.143485546,1787250703.142805099,state_stamped,0.0,0.0,0.0
1787250703.143569708,1787250703.143574238,state,0.0,0.0,0.0
1787250703.145379543,1787250703.145385265,command,0.0,0.0,0.0
1787250703.213416815,1787250703.212804556,state_stamped,0.0,0.0,0.0
1787250703.213480234,1787250703.213484764,state,0.0,0.0,0.0
1787250703.215368271,1787250703.215376377,command,0.0,0.0,0.0
1787250703.283498526,1787250703.283503532,state,0.0,0.0,0.0
1787250703.283605337,1787250703.282804966,state_stamped,0.0,0.0,0.0
1787250703.285410881,1787250703.285424709,command,0.0,0.0,0.0
1787250703.343553543,1787250703.343557835,state,0.0,0.0,0.0
1787250703.343597651,1787250703.342804909,state_stamped,0.0,0.0,0.0
1787250703.345452309,1787250703.345458269,command,0.0,0.0,0.0
1787250703.413361311,1787250703.413365364,state,0.0,0.0,0.0
1787250703.413403511,1787250703.412805080,state_stamped,0.0,0.0,0.0
1787250703.415251017,1787250703.415259123,command,0.0,0.0,0.0
1787250703.483451366,1787250703.483456612,state,0.0,0.0,0.0
1787250703.483537197,1787250703.482805252,state_stamped,0.0,0.0,0.0
1787250703.485394955,1787250703.485402107,command,0.0,0.0,0.0
1787250703.543397665,1787250703.543402195,state,0.0,0.0,0.0
1787250703.543458462,1787250703.542804956,state_stamped,0.0,0.0,0.0
1787250703.545383692,1787250703.545391321,command,0.0,0.0,0.0
1787250703.613338709,1787250703.613343239,state,0.0,0.0,0.0
1787250703.613388300,1787250703.612805367,state_stamped,0.0,0.0,0.0
1787250703.615256548,1787250703.615263939,command,0.0,0.0,0.0
1787250703.683258533,1787250703.682804585,state_stamped,0.0,0.0,0.0
1787250703.683291197,1787250703.683296204,state,0.0,0.0,0.0
1787250703.685238838,1787250703.685245752,command,0.0,0.0,0.0
1787250703.743370533,1787250703.743374825,state,0.0,0.0,0.0
1787250703.743430853,1787250703.742805004,state_stamped,0.0,0.0,0.0
1787250703.745212317,1787250703.745218039,command,0.0,0.0,0.0
1787250703.813218355,1787250703.813222885,state,0.0,0.0,0.0
1787250703.813256264,1787250703.812804699,state_stamped,0.0,0.0,0.0
1787250703.815189838,1787250703.815194845,command,0.0,0.0,0.0
1787250703.883376837,1787250703.883383989,state,0.0,0.0,0.0
1787250703.883490324,1787250703.882805109,state_stamped,0.0,0.0,0.0
1787250703.885977507,1787250703.885982990,command,0.0,0.0,0.0
1787250703.943571568,1787250703.943578959,state,0.0,0.0,0.0
1787250703.943628788,1787250703.942805052,state_stamped,0.0,0.0,0.0
1787250703.945383310,1787250703.945386648,command,0.0,0.0,0.0
1787250704.013234377,1787250704.012804508,state_stamped,0.0,0.0,0.0
1787250704.013340473,1787250704.013348103,state,0.0,0.0,0.0
1787250704.015359640,1787250704.015363693,command,0.0,0.0,0.0
1787250704.083361864,1787250704.083367109,state,0.0,0.0,0.0
1787250704.083410263,1787250704.082804918,state_stamped,0.0,0.0,0.0
1787250704.085322857,1787250704.085327148,command,0.0,0.0,0.0
1787250704.143489838,1787250704.142805099,state_stamped,0.0,0.0,0.0
1787250704.143590212,1787250704.143598080,state,0.0,0.0,0.0
1787250704.145355225,1787250704.145358324,command,0.0,0.0,0.0
1787250704.213423729,1787250704.212804794,state_stamped,0.0,0.0,0.0
1787250704.213469505,1787250704.213477373,state,0.0,0.0,0.0
1787250704.215277195,1787250704.215282440,command,0.0,0.0,0.0
1787250704.283335686,1787250704.283343792,state,0.0,0.0,0.0
1787250704.283402205,1787250704.282804728,state_stamped,0.0,0.0,0.0
1787250704.285263300,1787250704.285271406,command,0.0,0.0,0.0
1787250704.343357801,1787250704.342804909,state_stamped,0.0,0.0,0.0
1787250704.343407869,1787250704.343429804,state,0.0,0.0,0.0
1787250704.345268488,1787250704.345274448,command,0.0,0.0,0.0
1787250704.413266897,1787250704.413272858,state,0.0,0.0,0.0
1787250704.413315058,1787250704.412804604,state_stamped,0.0,0.0,0.0
1787250704.415222883,1787250704.415230513,command,0.0,0.0,0.0
1787250704.483323812,1787250704.483327627,state,0.0,0.0,0.0
1787250704.483365536,1787250704.482804775,state_stamped,0.0,0.0,0.0
1787250704.485234022,1787250704.485241652,command,0.0,0.0,0.0
1787250704.543299437,1787250704.543302059,state,0.0,0.0,0.0
1787250704.543334961,1787250704.542804718,state_stamped,0.0,0.0,0.0
1787250704.545239449,1787250704.545247793,command,0.0,0.0,0.0
1787250704.613229990,1787250704.613232851,state,0.0,0.0,0.0
1787250704.613261461,1787250704.612804651,state_stamped,0.0,0.0,0.0
1787250704.615221977,1787250704.615229607,command,0.0,0.0,0.0
1787250704.683326721,1787250704.683332205,state,0.0,0.0,0.0
1787250704.683451891,1787250704.682805061,state_stamped,0.0,0.0,0.0
1787250704.685283184,1787250704.685290813,command,0.0,0.0,0.0
1787250704.743355751,1787250704.743360519,state,0.0,0.0,0.0
1787250704.743455172,1787250704.742804527,state_stamped,0.0,0.0,0.0
1787250704.745249033,1787250704.745256901,command,0.0,0.0,0.0
1787250704.813335657,1787250704.813340902,state,0.0,0.0,0.0
1787250704.813391447,1787250704.812804937,state_stamped,0.0,0.0,0.0
1787250704.815233946,1787250704.815241814,command,0.0,0.0,0.0
1787250704.883399725,1787250704.883404732,state,0.0,0.0,0.0
1787250704.883450031,1787250704.882804871,state_stamped,0.0,0.0,0.0
1787250704.885254622,1787250704.885262489,command,0.0,0.0,0.0
1787250704.943369865,1787250704.942804813,state_stamped,0.0,0.0,0.0
1787250704.943404913,1787250704.943409920,state,0.0,0.0,0.0
1787250704.945058823,1787250704.945066452,command,0.0,0.0,0.0
1787250705.013258219,1787250705.013264894,state,0.0,0.0,0.0
1787250705.013303280,1787250705.012804747,state_stamped,0.0,0.0,0.0
1787250705.015400410,1787250705.015408754,command,0.0,0.0,0.0
1787250705.083403587,1787250705.083408117,state,0.0,0.0,0.0
1787250705.083479404,1787250705.082804441,state_stamped,0.0,0.0,0.0
1787250705.085312843,1787250705.085317612,command,0.0,0.0,0.0
1787250705.143402815,1787250705.143409967,state,0.0,0.0,0.0
1787250705.143474579,1787250705.142804623,state_stamped,0.0,0.0,0.0
1787250705.145256519,1787250705.145261526,command,0.0,0.0,0.0
1787250705.213277340,1787250705.213281393,state,0.0,0.0,0.0
1787250705.213380337,1787250705.212804794,state_stamped,0.0,0.0,0.0
1787250705.215235233,1787250705.215240240,command,0.0,0.0,0.0
1787250705.283466578,1787250705.283471823,state,0.0,0.0,0.0
1787250705.283523321,1787250705.282804728,state_stamped,0.0,0.0,0.0
1787250705.285325527,1787250705.285332918,command,0.0,0.0,0.0
1787250705.343378544,1787250705.343383789,state,0.0,0.0,0.0
1787250705.343459845,1787250705.342804670,state_stamped,0.0,0.0,0.0
1787250705.345255375,1787250705.345259666,command,0.0,0.0,0.0
1787250705.413178205,1787250705.413181543,state,0.0,0.0,0.0
1787250705.413218498,1787250705.412805080,state_stamped,0.0,0.0,0.0
1787250705.414906025,1787250705.414908648,command,0.0,0.0,0.0
1787250705.483556747,1787250705.483559370,state,0.0,0.0,0.0
1787250705.483594418,1787250705.482805014,state_stamped,0.0,0.0,0.0
1787250705.485419750,1787250705.485423088,command,0.0,0.0,0.0
1787250705.543574572,1787250705.543576479,state,0.0,0.0,0.0
1787250705.543626785,1787250705.542804718,state_stamped,0.0,0.0,0.0
1787250705.545401335,1787250705.545405149,command,0.0,0.0,0.0
1787250705.613383055,1787250705.613387823,state,0.0,0.0,0.0
1787250705.613527536,1787250705.612805128,state_stamped,0.0,0.0,0.0
1787250705.615286350,1787250705.615291119,command,0.0,0.0,0.0
1787250705.683446884,1787250705.683451653,state,0.0,0.0,0.0
1787250705.683543444,1787250705.682805061,state_stamped,0.0,0.0,0.0
1787250705.685458660,1787250705.685461998,command,0.0,0.0,0.0
1787250705.743501663,1787250705.742804527,state_stamped,0.0,0.0,0.0
1787250705.743533134,1787250705.743537903,state,0.0,0.0,0.0
1787250705.745414495,1787250705.745419264,command,0.0,0.0,0.0
1787250705.813433170,1787250705.813438416,state,0.0,0.0,0.0
1787250705.813474894,1787250705.812804937,state_stamped,0.0,0.0,0.0
1787250705.815297604,1787250705.815302134,command,0.0,0.0,0.0
1787250705.883376598,1787250705.883382320,state,0.0,0.0,0.0
1787250705.883431196,1787250705.882805109,state_stamped,0.0,0.0,0.0
1787250705.886015177,1787250705.886021137,command,0.0,0.0,0.0
1787250705.943438053,1787250705.943441629,state,0.0,0.0,0.0
1787250705.943502665,1787250705.942804813,state_stamped,0.0,0.0,0.0
1787250705.945840120,1787250705.945845842,command,0.0,0.0,0.0
1787250706.013341904,1787250706.013345957,state,0.0,0.0,0.0
1787250706.013398886,1787250706.012804985,state_stamped,0.0,0.0,0.0
1787250706.015749931,1787250706.015755415,command,0.0,0.0,0.0
1787250706.083414555,1787250706.083420277,state,0.0,0.0,0.0
1787250706.083465815,1787250706.082804918,state_stamped,0.0,0.0,0.0
1787250706.085249901,1787250706.085255146,command,0.0,0.0,0.0
1787250706.143316984,1787250706.143320084,state,0.0,0.0,0.0
1787250706.143371820,1787250706.142804861,state_stamped,0.0,0.0,0.0
1787250706.145086288,1787250706.145091772,command,0.0,0.0,0.0
1787250706.213282108,1787250706.213285208,state,0.0,0.0,0.0
1787250706.213340521,1787250706.212804794,state_stamped,0.0,0.0,0.0
1787250706.215089560,1787250706.215094566,command,0.0,0.0,0.0
1787250706.283325434,1787250706.283328772,state,0.0,0.0,0.0
1787250706.283376455,1787250706.282804728,state_stamped,0.0,0.0,0.0
1787250706.285036325,1787250706.285041332,command,0.0,0.0,0.0
1787250706.343304157,1787250706.343307018,state,0.0,0.0,0.0
1787250706.343358755,1787250706.342804670,state_stamped,0.0,0.0,0.0
1787250706.345060349,1787250706.345065355,command,0.0,0.0,0.0
1787250706.413339138,1787250706.413342714,state,0.0,0.0,0.0
1787250706.413395643,1787250706.412812471,state_stamped,0.0,0.0,0.0
1787250706.415317774,1787250706.415322542,command,0.0,0.0,0.0
1787250706.483447313,1787250706.483450890,state,0.0,0.0,0.0
1787250706.483502150,1787250706.482810736,state_stamped,0.0,0.0,0.0
1787250706.485597134,1787250706.485604286,command,0.0,0.0,0.0
1787250706.543429375,1787250706.543432713,state,0.0,0.0,0.0
1787250706.543473721,1787250706.542804956,state_stamped,0.0,0.0,0.0
1787250706.545199156,1787250706.545203924,command,0.0,0.0,0.0
1787250706.613312721,1787250706.613315105,state,0.0,0.0,0.0
1787250706.613402367,1787250706.612805128,state_stamped,0.0,0.0,0.0
1787250706.615091562,1787250706.615095854,command,0.0,0.0,0.0
1787250706.683484554,1787250706.683487177,state,0.0,0.0,0.0
1787250706.683534384,1787250706.682805061,state_stamped,0.0,0.0,0.0
1787250706.685128212,1787250706.685133219,command,0.0,0.0,0.0
1787250706.743481874,1787250706.742805004,state_stamped,0.0,0.0,0.0
1787250706.743561029,1787250706.743563175,state,0.0,0.0,0.0
1787250706.745132446,1787250706.745137453,command,0.0,0.0,0.0
1787250706.813348293,1787250706.813350439,state,0.0,0.0,0.0
1787250706.813407183,1787250706.812804461,state_stamped,0.0,0.0,0.0
1787250706.815309525,1787250706.815315008,command,0.0,0.0,0.0
1787250706.883461952,1787250706.883463860,state,0.0,0.0,0.0
1787250706.883543730,1787250706.882804632,state_stamped,0.0,0.0,0.0
1787250706.885421515,1787250706.885426521,command,0.0,0.0,0.0
1787250706.943405151,1787250706.943407297,state,0.0,0.0,0.0
1787250706.943487406,1787250706.942804813,state_stamped,0.0,0.0,0.0
1787250706.945395231,1787250706.945400000,command,0.0,0.0,0.0
1787250707.013334036,1787250707.013336182,state,0.0,0.0,0.0
1787250707.013380527,1787250707.012804747,state_stamped,0.0,0.0,0.0
1787250707.015462160,1787250707.015466928,command,0.0,0.0,0.0
1787250707.083399773,1787250707.083401680,state,0.0,0.0,0.0
1787250707.083449364,1787250707.082804441,state_stamped,0.0,0.0,0.0
1787250707.085372448,1787250707.085376024,command,0.0,0.0,0.0
1787250707.143399000,1787250707.143400669,state,0.0,0.0,0.0
1787250707.143512249,1787250707.142805099,state_stamped,0.0,0.0,0.0
1787250707.145355463,1787250707.145359039,command,0.0,0.0,0.0
1787250707.213364840,1787250707.213366985,state,0.0,0.0,0.0
1787250707.213414192,1787250707.212805033,state_stamped,0.0,0.0,0.0
1787250707.215122461,1787250707.215127230,command,0.0,0.0,0.0
1787250707.283416033,1787250707.283418417,state,0.0,0.0,0.0
1787250707.283453941,1787250707.282805204,state_stamped,0.0,0.0,0.0
1787250707.285099030,1787250707.285103559,command,0.0,0.0,0.0
1787250707.343427658,1787250707.343429565,state,0.0,0.0,0.0
1787250707.343492746,1787250707.342804670,state_stamped,0.0,0.0,0.0
1787250707.345080853,1787250707.345085859,command,0.0,0.0,0.0
1787250707.413360596,1787250707.412805080,state_stamped,0.0,0.0,0.0
1787250707.413397551,1787250707.413406610,state,0.0,0.0,0.0
1787250707.414975166,1787250707.414978743,command,0.0,0.0,0.0
1787250707.483394861,1787250707.483398438,state,0.0,0.0,0.0
1787250707.483426094,1787250707.482804537,state_stamped,0.0,0.0,0.0
1787250707.485096931,1787250707.485101461,command,0.0,0.0,0.0
1787250707.543401480,1787250707.542804718,state_stamped,0.0,0.0,0.0
1787250707.543428421,1787250707.543431759,state,0.0,0.0,0.0
1787250707.545038700,1787250707.545043230,command,0.0,0.0,0.0
1787250707.613356113,1787250707.613359451,state,0.0,0.0,0.0
1787250707.613428593,1787250707.612804651,state_stamped,0.0,0.0,0.0
1787250707.614995003,1787250707.614999771,command,0.0,0.0,0.0
1787250707.683422804,1787250707.682804823,state_stamped,0.0,0.0,0.0
1787250707.683497429,1787250707.683500528,state,0.0,0.0,0.0
1787250707.685067415,1787250707.685072184,command,0.0,0.0,0.0
1787250707.743432760,1787250707.743436098,state,0.0,0.0,0.0
1787250707.743468285,1787250707.742804527,state_stamped,0.0,0.0,0.0
1787250707.745098591,1787250707.745102882,command,0.0,0.0,0.0
1787250707.813385963,1787250707.813388824,state,0.0,0.0,0.0
1787250707.813436747,1787250707.812804699,state_stamped,0.0,0.0,0.0
1787250707.815040350,1787250707.815045118,command,0.0,0.0,0.0
1787250707.883418083,1787250707.883422136,state,0.0,0.0,0.0
1787250707.883464336,1787250707.882805824,state_stamped,0.0,0.0,0.0
1787250707.886273384,1787250707.886279821,command,0.0,0.0,0.0
1787250707.943387747,1787250707.942804813,state_stamped,0.0,0.0,0.0
1787250707.943414211,1787250707.943422794,state,0.0,0.0,0.0
1787250707.945645809,1787250707.945651293,command,0.0,0.0,0.0
1787250708.013404131,1787250708.012805223,state_stamped,0.0,0.0,0.0
1787250708.013497353,1787250708.013504982,state,0.0,0.0,0.0
1787250708.015514135,1787250708.015521765,command,0.0,0.0,0.0
1787250708.083455563,1787250708.083459139,state,0.0,0.0,0.0
1787250708.083493948,1787250708.082804441,state_stamped,0.0,0.0,0.0
1787250708.085463285,1787250708.085471153,command,0.0,0.0,0.0
1787250708.143423557,1787250708.142804861,state_stamped,0.0,0.0,0.0
1787250708.143458366,1787250708.143462420,state,0.0,0.0,0.0
1787250708.145434380,1787250708.145439386,command,0.0,0.0,0.0
1787250708.213365555,1787250708.213368654,state,0.0,0.0,0.0
1787250708.213454962,1787250708.212804794,state_stamped,0.0,0.0,0.0
1787250708.215332270,1787250708.215338230,command,0.0,0.0,0.0
1787250708.283421278,1787250708.283425093,state,0.0,0.0,0.0
1787250708.283492565,1787250708.282804728,state_stamped,0.0,0.0,0.0
1787250708.285360336,1787250708.285365820,command,0.0,0.0,0.0
1787250708.343427896,1787250708.343431711,state,0.0,0.0,0.0
1787250708.343494654,1787250708.342804670,state_stamped,0.0,0.0,0.0
1787250708.345366478,1787250708.345371485,command,0.0,0.0,0.0
1787250708.413373232,1787250708.413376331,state,0.0,0.0,0.0
1787250708.413457155,1787250708.412804842,state_stamped,0.0,0.0,0.0
1787250708.415387154,1787250708.415392160,command,0.0,0.0,0.0
1787250708.483402252,1787250708.483406782,state,0.0,0.0,0.0
1787250708.483484745,1787250708.482804537,state_stamped,0.0,0.0,0.0
1787250708.485349178,1787250708.485354900,command,0.0,0.0,0.0
1787250708.543441057,1787250708.543445349,state,0.0,0.0,0.0
1787250708.543481112,1787250708.542804956,state_stamped,0.0,0.0,0.0
1787250708.545370579,1787250708.545375347,command,0.0,0.0,0.0
1787250708.613364458,1787250708.613367319,state,0.0,0.0,0.0
1787250708.613458633,1787250708.612804413,state_stamped,0.0,0.0,0.0
1787250708.615342855,1787250708.615348339,command,0.0,0.0,0.0
1787250708.683504581,1787250708.682804823,state_stamped,0.0,0.0,0.0
1787250708.683544636,1787250708.683548450,state,0.0,0.0,0.0
1787250708.685381413,1787250708.685386419,command,0.0,0.0,0.0
1787250708.743494034,1787250708.743498087,state,0.0,0.0,0.0
1787250708.743533134,1787250708.742806911,state_stamped,0.0,0.0,0.0
1787250708.745382547,1787250708.745387793,command,0.0,0.0,0.0
1787250708.813402176,1787250708.812805176,state_stamped,0.0,0.0,0.0
1787250708.813501835,1787250708.813507795,state,0.0,0.0,0.0
1787250708.815365314,1787250708.815370321,command,0.0,0.0,0.0
1787250708.883481741,1787250708.882804632,state_stamped,0.0,0.0,0.0
1787250708.883582354,1787250708.883586884,state,0.0,0.0,0.0
1787250708.885392427,1787250708.885398865,command,0.0,0.0,0.0
1787250708.943479061,1787250708.943483114,state,0.0,0.0,0.0
1787250708.943519592,1787250708.942818880,state_stamped,0.0,0.0,0.0
1787250708.945496798,1787250708.945502281,command,0.0,0.0,0.0
1787250709.013455391,1787250709.013461351,state,0.0,0.0,0.0
1787250709.013504982,1787250709.012805223,state_stamped,0.0,0.0,0.0
1787250709.015620947,1787250709.015628815,command,0.0,0.0,0.0
1787250709.083509922,1787250709.083516836,state,0.0,0.0,0.0
1787250709.083608150,1787250709.082804680,state_stamped,0.0,0.0,0.0
1787250709.085448742,1787250709.085453272,command,0.0,0.0,0.0
1787250709.143484831,1787250709.142804861,state_stamped,0.0,0.0,0.0
1787250709.143524885,1787250709.143531322,state,0.0,0.0,0.0
1787250709.145412207,1787250709.145428896,command,0.0,0.0,0.0
1787250709.213402033,1787250709.213408709,state,0.0,0.0,0.0
1787250709.213466883,1787250709.212804317,state_stamped,0.0,0.0,0.0
1787250709.215383291,1787250709.215391159,command,0.0,0.0,0.0
1787250709.283444405,1787250709.283447742,state,0.0,0.0,0.0
1787250709.283535242,1787250709.282804966,state_stamped,0.0,0.0,0.0
1787250709.285407543,1787250709.285412550,command,0.0,0.0,0.0
1787250709.343442678,1787250709.343445301,state,0.0,0.0,0.0
1787250709.343530178,1787250709.342804670,state_stamped,0.0,0.0,0.0
1787250709.345136166,1787250709.345142841,command,0.0,0.0,0.0
1787250709.413405418,1787250709.413408041,state,0.0,0.0,0.0
1787250709.413452864,1787250709.412804842,state_stamped,0.0,0.0,0.0
1787250709.415132523,1787250709.415140390,command,0.0,0.0,0.0
1787250709.483496189,1787250709.483499289,state,0.0,0.0,0.0
1787250709.483586073,1787250709.482804775,state_stamped,0.0,0.0,0.0
1787250709.485210896,1787250709.485217094,command,0.0,0.0,0.0
1787250709.543526888,1787250709.543529749,state,0.0,0.0,0.0
1787250709.543609619,1787250709.542804480,state_stamped,0.0,0.0,0.0
1787250709.545170069,1787250709.545177460,command,0.0,0.0,0.0
1787250709.613388538,1787250709.613391399,state,0.0,0.0,0.0
1787250709.613504410,1787250709.612804890,state_stamped,0.0,0.0,0.0
1787250709.615082741,1787250709.615090847,command,0.0,0.0,0.0
1787250709.683498859,1787250709.683501720,state,0.0,0.0,0.0
1787250709.683553696,1787250709.682804823,state_stamped,0.0,0.0,0.0
1787250709.685215712,1787250709.685220957,command,0.0,0.0,0.0
1787250709.743403196,1787250709.743405819,state,0.0,0.0,0.0
1787250709.743447065,1787250709.742805004,state_stamped,0.0,0.0,0.0
1787250709.745129585,1787250709.745134354,command,0.0,0.0,0.0
1787250709.813362360,1787250709.813365459,state,0.0,0.0,0.0
1787250709.813472986,1787250709.812804937,state_stamped,0.0,0.0,0.0
1787250709.815402746,1787250709.815408707,command,0.0,0.0,0.0
1787250709.883485794,1787250709.883491039,state,0.0,0.0,0.0
1787250709.883537769,1787250709.882805109,state_stamped,0.0,0.0,0.0
1787250709.885216713,1787250709.885221958,command,0.0,0.0,0.0
1787250709.943365812,1787250709.943370819,state,0.0,0.0,0.0
1787250709.943422556,1787250709.942804575,state_stamped,0.0,0.0,0.0
1787250709.946081877,1787250709.946087599,command,0.0,0.0,0.0
1787250710.013353109,1787250710.012804985,state_stamped,0.0,0.0,0.0
1787250710.013391256,1787250710.013397932,state,0.0,0.0,0.0
1787250710.015681267,1787250710.015687466,command,0.0,0.0,0.0
1787250710.083495378,1787250710.083505392,state,0.0,0.0,0.0
1787250710.083561659,1787250710.082804918,state_stamped,0.0,0.0,0.0
1787250710.085481167,1787250710.085486174,command,0.0,0.0,0.0
1787250710.143448830,1787250710.143453360,state,0.0,0.0,0.0
1787250710.143519640,1787250710.142805099,state_stamped,0.0,0.0,0.0
1787250710.145122528,1787250710.145128727,command,0.0,0.0,0.0
1787250710.213473082,1787250710.212805033,state_stamped,0.0,0.0,0.0
1787250710.213506222,1787250710.213510513,state,0.0,0.0,0.0
1787250710.215397358,1787250710.215399265,command,0.0,0.0,0.0
1787250710.283456564,1787250710.283461332,state,0.0,0.0,0.0
1787250710.283494949,1787250710.282804728,state_stamped,0.0,0.0,0.0
1787250710.285389423,1787250710.285391331,command,0.0,0.0,0.0
1787250710.343571901,1787250710.343577147,state,0.0,0.0,0.0
1787250710.343612909,1787250710.342804670,state_stamped,0.0,0.0,0.0
1787250710.345460415,1787250710.345463276,command,0.0,0.0,0.0
1787250710.413326263,1787250710.413329124,state,0.0,0.0,0.0
1787250710.413349867,1787250710.412804604,state_stamped,0.0,0.0,0.0
1787250710.415390491,1787250710.415392876,command,0.0,0.0,0.0
1787250710.483445406,1787250710.483448267,state,0.0,0.0,0.0
1787250710.483467817,1787250710.482804775,state_stamped,0.0,0.0,0.0
1787250710.485458374,1787250710.485460520,command,0.0,0.0,0.0
1787250710.543492317,1787250710.543495893,state,0.0,0.0,0.0
1787250710.543515444,1787250710.542805195,state_stamped,0.0,0.0,0.0
1787250710.545436382,1787250710.545438528,command,0.0,0.0,0.0
1787250710.613418818,1787250710.613422155,state,0.0,0.0,0.0
1787250710.613489151,1787250710.612805128,state_stamped,0.0,0.0,0.0
1787250710.615096331,1787250710.615098476,command,0.0,0.0,0.0
1787250710.683471918,1787250710.682805300,state_stamped,0.0,0.0,0.0
1787250710.683555603,1787250710.683563232,state,0.0,0.0,0.0
1787250710.685171127,1787250710.685173750,command,0.0,0.0,0.0
1787250710.743459702,1787250710.742805004,state_stamped,0.0,0.0,0.0
1787250710.743496895,1787250710.743505239,state,0.0,0.0,0.0
1787250710.745199442,1787250710.745204449,command,0.0,0.0,0.0
1787250710.813375473,1787250710.812804937,state_stamped,0.0,0.0,0.0
1787250710.813423634,1787250710.813431501,state,0.0,0.0,0.0
1787250710.815100908,1787250710.815103531,command,0.0,0.0,0.0
1787250710.883506775,1787250710.882804871,state_stamped,0.0,0.0,0.0
1787250710.883554697,1787250710.883559704,state,0.0,0.0,0.0
1787250710.885189772,1787250710.885192394,command,0.0,0.0,0.0
1787250710.943490267,1787250710.942804575,state_stamped,0.0,0.0,0.0
1787250710.943519592,1787250710.943523645,state,0.0,0.0,0.0
1787250710.945500851,1787250710.945503473,command,0.0,0.0,0.0
1787250711.013443232,1787250711.013450146,state,0.0,0.0,0.0
1787250711.013503551,1787250711.012804508,state_stamped,0.0,0.0,0.0
1787250711.015516520,1787250711.015519381,command,0.0,0.0,0.0
1787250711.083462715,1787250711.082804918,state_stamped,0.0,0.0,0.0
1787250711.083491325,1787250711.083496094,state,0.0,0.0,0.0
1787250711.085434198,1787250711.085436821,command,0.0,0.0,0.0
1787250711.143322468,1787250711.143329382,state,0.0,0.0,0.0
1787250711.143372774,1787250711.142804623,state_stamped,0.0,0.0,0.0
1787250711.145360470,1787250711.145363092,command,0.0,0.0,0.0
1787250711.213367462,1787250711.213373899,state,0.0,0.0,0.0
1787250711.213413954,1787250711.212804794,state_stamped,0.0,0.0,0.0
1787250711.215377808,1787250711.215380669,command,0.0,0.0,0.0
1787250711.283514738,1787250711.282805204,state_stamped,0.0,0.0,0.0
1787250711.283549547,1787250711.283554316,state,0.0,0.0,0.0
1787250711.285503387,1787250711.285506010,command,0.0,0.0,0.0
1787250711.343502045,1787250711.343506336,state,0.0,0.0,0.0
1787250711.343531370,1787250711.342804432,state_stamped,0.0,0.0,0.0
1787250711.345160007,1787250711.345162392,command,0.0,0.0,0.0
1787250711.413461685,1787250711.412805080,state_stamped,0.0,0.0,0.0
1787250711.413548946,1787250711.413555861,state,0.0,0.0,0.0
1787250711.415122271,1787250711.415124178,command,0.0,0.0,0.0
1787250711.483510494,1787250711.482805014,state_stamped,0.0,0.0,0.0
1787250711.483550310,1787250711.483555317,state,0.0,0.0,0.0
1787250711.485234499,1787250711.485236645,command,0.0,0.0,0.0
1787250711.543529987,1787250711.542804956,state_stamped,0.0,0.0,0.0
1787250711.543556929,1787250711.543561697,state,0.0,0.0,0.0
1787250711.545101881,1787250711.545103788,command,0.0,0.0,0.0
1787250711.613399982,1787250711.612805128,state_stamped,0.0,0.0,0.0
1787250711.613461733,1787250711.613468647,state,0.0,0.0,0.0
1787250711.615106106,1787250711.615108490,command,0.0,0.0,0.0
1787250711.683536053,1787250711.683541059,state,0.0,0.0,0.0
1787250711.683567286,1787250711.682804823,state_stamped,0.0,0.0,0.0
1787250711.685166121,1787250711.685168028,command,0.0,0.0,0.0
1787250711.743347883,1787250711.743352175,state,0.0,0.0,0.0
1787250711.743385792,1787250711.742805243,state_stamped,0.0,0.0,0.0
1787250711.745210886,1787250711.745216370,command,0.0,0.0,0.0
1787250711.813227892,1787250711.812804699,state_stamped,0.0,0.0,0.0
1787250711.813260794,1787250711.813265562,state,0.0,0.0,0.0
1787250711.815276384,1787250711.815279961,command,0.0,0.0,0.0
1787250711.883308649,1787250711.883314133,state,0.0,0.0,0.0
1787250711.883398294,1787250711.882804871,state_stamped,0.0,0.0,0.0
1787250711.885341883,1787250711.885344028,command,0.0,0.0,0.0
1787250711.943312407,1787250711.943319082,state,0.0,0.0,0.0
1787250711.943412781,1787250711.942804813,state_stamped,0.0,0.0,0.0
1787250711.945928097,1787250711.945930958,command,0.0,0.0,0.0
1787250712.013278246,1787250712.012804508,state_stamped,0.0,0.0,0.0
1787250712.013379574,1787250712.013386011,state,0.0,0.0,0.0
1787250712.015573025,1787250712.015576124,command,0.0,0.0,0.0
1787250712.083328724,1787250712.083335161,state,0.0,0.0,0.0
1787250712.083372116,1787250712.082805157,state_stamped,0.0,0.0,0.0
1787250712.085454226,1787250712.085456371,command,0.0,0.0,0.0
1787250712.143303156,1787250712.142804623,state_stamped,0.0,0.0,0.0
1787250712.143385649,1787250712.143391848,state,0.0,0.0,0.0
1787250712.145372152,1787250712.145374298,command,0.0,0.0,0.0
1787250712.213171244,1787250712.212805033,state_stamped,0.0,0.0,0.0
1787250712.213199377,1787250712.213205338,state,0.0,0.0,0.0
1787250712.215302229,1787250712.215304375,command,0.0,0.0,0.0
1787250712.283302307,1787250712.283308029,state,0.0,0.0,0.0
1787250712.283345222,1787250712.282804728,state_stamped,0.0,0.0,0.0
1787250712.285340071,1787250712.285342693,command,0.0,0.0,0.0
1787250712.343298197,1787250712.342804909,state_stamped,0.0,0.0,0.0
1787250712.343383312,1787250712.343389511,state,0.0,0.0,0.0
1787250712.345350981,1787250712.345353842,command,0.0,0.0,0.0
1787250712.413217306,1787250712.413223028,state,0.0,0.0,0.0
1787250712.413293362,1787250712.412804842,state_stamped,0.0,0.0,0.0
1787250712.415300369,1787250712.415302515,command,0.0,0.0,0.0
1787250712.483298540,1787250712.482804775,state_stamped,0.0,0.0,0.0
1787250712.483377695,1787250712.483383179,state,0.0,0.0,0.0
1787250712.485358953,1787250712.485361099,command,0.0,0.0,0.0
1787250712.543359280,1787250712.543365002,state,0.0,0.0,0.0
1787250712.543407202,1787250712.542804956,state_stamped,0.0,0.0,0.0
1787250712.545052052,1787250712.545054913,command,0.0,0.0,0.0
1787250712.613270998,1787250712.613276005,state,0.0,0.0,0.0
1787250712.613323212,1787250712.612805128,state_stamped,0.0,0.0,0.0
1787250712.615004301,1787250712.615006685,command,0.0,0.0,0.0
1787250712.683340073,1787250712.682805061,state_stamped,0.0,0.0,0.0
1787250712.683446884,1787250712.683450222,state,0.0,0.0,0.0
1787250712.685098410,1787250712.685100794,command,0.0,0.0,0.0
1787250712.743508577,1787250712.743511438,state,0.0,0.0,0.0
1787250712.743602514,1787250712.742804527,state_stamped,0.0,0.0,0.0
1787250712.745214224,1787250712.745216608,command,0.0,0.0,0.0
1787250712.813407183,1787250712.813413143,state,0.0,0.0,0.0
1787250712.813462257,1787250712.812805176,state_stamped,0.0,0.0,0.0
1787250712.816126347,1787250712.816132069,command,0.0,0.0,0.0
1787250712.883552790,1787250712.883556128,state,0.0,0.0,0.0
1787250712.883594751,1787250712.882804632,state_stamped,0.0,0.0,0.0
1787250712.885419846,1787250712.885422945,command,0.0,0.0,0.0
1787250712.943537951,1787250712.942804813,state_stamped,0.0,0.0,0.0
1787250712.943617821,1787250712.943620920,state,0.0,0.0,0.0
1787250712.945264339,1787250712.945266485,command,0.0,0.0,0.0
1787250713.013223886,1787250713.013226748,state,0.0,0.0,0.0
1787250713.013259411,1787250713.012804747,state_stamped,0.0,0.0,0.0
1787250713.015113115,1787250713.015115976,command,0.0,0.0,0.0
1787250713.083443165,1787250713.083445549,state,0.0,0.0,0.0
1787250713.083484411,1787250713.082804680,state_stamped,0.0,0.0,0.0
1787250713.085240126,1787250713.085242271,command,0.0,0.0,0.0
1787250713.143502235,1787250713.143504620,state,0.0,0.0,0.0
1787250713.143581629,1787250713.142804623,state_stamped,0.0,0.0,0.0
1787250713.145174503,1787250713.145176411,command,0.0,0.0,0.0
1787250713.213460922,1787250713.212804794,state_stamped,0.0,0.0,0.0
1787250713.213487864,1787250713.213490725,state,0.0,0.0,0.0
1787250713.215131998,1787250713.215133905,command,0.0,0.0,0.0
1787250713.283548832,1787250713.282808304,state_stamped,0.0,0.0,0.0
1787250713.283581257,1787250713.283584595,state,0.0,0.0,0.0
1787250713.285214424,1787250713.285216808,command,0.0,0.0,0.0
1787250713.343462706,1787250713.343465328,state,0.0,0.0,0.0
1787250713.343546152,1787250713.342804670,state_stamped,0.0,0.0,0.0
1787250713.345095396,1787250713.345097542,command,0.0,0.0,0.0
1787250713.413470745,1787250713.413476706,state,0.0,0.0,0.0
1787250713.413517475,1787250713.412804842,state_stamped,0.0,0.0,0.0
1787250713.415191650,1787250713.415196896,command,0.0,0.0,0.0
1787250713.483838558,1787250713.483843803,state,0.0,0.0,0.0
1787250713.483896732,1787250713.482809544,state_stamped,0.0,0.0,0.0
1787250713.485484123,1787250713.485487461,command,0.0,0.0,0.0
1787250713.543676138,1787250713.542804718,state_stamped,0.0,0.0,0.0
1787250713.543722868,1787250713.543725729,state,0.0,0.0,0.0
1787250713.545237780,1787250713.545240164,command,0.0,0.0,0.0
1787250713.613533020,1787250713.613535643,state,0.0,0.0,0.0
1787250713.613617182,1787250713.612804890,state_stamped,0.0,0.0,0.0
1787250713.615203142,1787250713.615205050,command,0.0,0.0,0.0
1787250713.683604240,1787250713.683607101,state,0.0,0.0,0.0
1787250713.683652401,1787250713.682808876,state_stamped,0.0,0.0,0.0
1787250713.685342550,1787250713.685344458,command,0.0,0.0,0.0
1787250713.743559122,1787250713.742804766,state_stamped,0.0,0.0,0.0
1787250713.743605137,1787250713.743608236,state,0.0,0.0,0.0
1787250713.745127678,1787250713.745130062,command,0.0,0.0,0.0
1787250713.813502550,1787250713.812804461,state_stamped,0.0,0.0,0.0
1787250713.813539267,1787250713.813546658,state,0.0,0.0,0.0
1787250713.815246344,1787250713.815248966,command,0.0,0.0,0.0
1787250713.883663177,1787250713.882808685,state_stamped,0.0,0.0,0.0
1787250713.883722067,1787250713.883729458,state,0.0,0.0,0.0
1787250713.885365486,1787250713.885371208,command,0.0,0.0,0.0
1787250713.943547487,1787250713.943556786,state,0.0,0.0,0.0
1787250713.943619490,1787250713.942806721,state_stamped,0.0,0.0,0.0
1787250713.946184158,1787250713.946189880,command,0.0,0.0,0.0
1787250714.013532877,1787250714.012804985,state_stamped,0.0,0.0,0.0
1787250714.013573885,1787250714.013581514,state,0.0,0.0,0.0
1787250714.016024113,1787250714.016028166,command,0.0,0.0,0.0
1787250714.083593130,1787250714.082804918,state_stamped,0.0,0.0,0.0
1787250714.083634377,1787250714.083641768,state,0.0,0.0,0.0
1787250714.085737467,1787250714.085740089,command,0.0,0.0,0.0
1787250714.143538475,1787250714.142804623,state_stamped,0.0,0.0,0.0
1787250714.143577099,1787250714.143584728,state,0.0,0.0,0.0
1787250714.145993233,1787250714.145996094,command,0.0,0.0,0.0
1787250714.213487387,1787250714.212804794,state_stamped,0.0,0.0,0.0
1787250714.213531971,1787250714.213539600,state,0.0,0.0,0.0
1787250714.215504169,1787250714.215507507,command,0.0,0.0,0.0
1787250714.283588171,1787250714.282809019,state_stamped,0.0,0.0,0.0
1787250714.283633232,1787250714.283640623,state,0.0,0.0,0.0
1787250714.285620689,1787250714.285623550,command,0.0,0.0,0.0
1787250714.343569756,1787250714.342804432,state_stamped,0.0,0.0,0.0
1787250714.343632460,1787250714.343640089,state,0.0,0.0,0.0
1787250714.345652342,1787250714.345654964,command,0.0,0.0,0.0
1787250714.413499355,1787250714.412804842,state_stamped,0.0,0.0,0.0
1787250714.413539171,1787250714.413546324,state,0.0,0.0,0.0
1787250714.415265560,1787250714.415273190,command,0.0,0.0,0.0
1787250714.483644247,1787250714.482808828,state_stamped,0.0,0.0,0.0
1787250714.483685732,1787250714.483693600,state,0.0,0.0,0.0
1787250714.485462189,1787250714.485467434,command,0.0,0.0,0.0
1787250714.543625832,1787250714.542804480,state_stamped,0.0,0.0,0.0
1787250714.543650150,1787250714.543653727,state,0.0,0.0,0.0
1787250714.545607328,1787250714.545612097,command,0.0,0.0,0.0
1787250714.613506794,1787250714.613509655,state,0.0,0.0,0.0
1787250714.613553524,1787250714.612804890,state_stamped,0.0,0.0,0.0
1787250714.615584612,1787250714.615592003,command,0.0,0.0,0.0
1787250714.683618307,1787250714.683620930,state,0.0,0.0,0.0
1787250714.683659554,1787250714.682804823,state_stamped,0.0,0.0,0.0
1787250714.685653687,1787250714.685660362,command,0.0,0.0,0.0
1787250714.743641615,1787250714.742804766,state_stamped,0.0,0.0,0.0
1787250714.743671656,1787250714.743677378,state,0.0,0.0,0.0
1787250714.745666981,1787250714.745671511,command,0.0,0.0,0.0
1787250714.813498020,1787250714.813503504,state,0.0,0.0,0.0
1787250714.813550234,1787250714.812804699,state_stamped,0.0,0.0,0.0
1787250714.815548897,1787250714.815554380,command,0.0,0.0,0.0
1787250714.883610725,1787250714.883616209,state,0.0,0.0,0.0
1787250714.883665085,1787250714.882808208,state_stamped,0.0,0.0,0.0
1787250714.886020422,1787250714.886025429,command,0.0,0.0,0.0
1787250714.943610907,1787250714.943616867,state,0.0,0.0,0.0
1787250714.943709850,1787250714.942804575,state_stamped,0.0,0.0,0.0
1787250714.945771694,1787250714.945779800,command,0.0,0.0,0.0
1787250715.013528347,1787250715.013531923,state,0.0,0.0,0.0
1787250715.013625145,1787250715.012804508,state_stamped,0.0,0.0,0.0
1787250715.015412331,1787250715.015423775,command,0.0,0.0,0.0
1787250715.083609343,1787250715.083612442,state,0.0,0.0,0.0
1787250715.083663940,1787250715.082808495,state_stamped,0.0,0.0,0.0
1787250715.085622311,1787250715.085624695,command,0.0,0.0,0.0
1787250715.143598557,1787250715.143601656,state,0.0,0.0,0.0
1787250715.143649817,1787250715.142804623,state_stamped,0.0,0.0,0.0
1787250715.145617485,1787250715.145619869,command,0.0,0.0,0.0
1787250715.213544369,1787250715.213549614,state,0.0,0.0,0.0
1787250715.213596106,1787250715.212804556,state_stamped,0.0,0.0,0.0
1787250715.215291977,1787250715.215297222,command,0.0,0.0,0.0
1787250715.283648968,1787250715.283654690,state,0.0,0.0,0.0
1787250715.283758640,1787250715.282804966,state_stamped,0.0,0.0,0.0
1787250715.285671711,1787250715.285677671,command,0.0,0.0,0.0
1787250715.343612671,1787250715.343618631,state,0.0,0.0,0.0
1787250715.343667984,1787250715.342804670,state_stamped,0.0,0.0,0.0
1787250715.345625639,1787250715.345628500,command,0.0,0.0,0.0
1787250715.413500786,1787250715.413505793,state,0.0,0.0,0.0
1787250715.413554192,1787250715.412804842,state_stamped,0.0,0.0,0.0
1787250715.415240288,1787250715.415245533,command,0.0,0.0,0.0
1787250715.483665228,1787250715.482809305,state_stamped,0.0,0.0,0.0
1787250715.483712196,1787250715.483717918,state,0.0,0.0,0.0
1787250715.485656261,1787250715.485658884,command,0.0,0.0,0.0
1787250715.543613911,1787250715.543619633,state,0.0,0.0,0.0
1787250715.543668032,1787250715.542804718,state_stamped,0.0,0.0,0.0
1787250715.545617342,1787250715.545619965,command,0.0,0.0,0.0
1787250715.613510847,1787250715.613517523,state,0.0,0.0,0.0
1787250715.613580465,1787250715.612804651,state_stamped,0.0,0.0,0.0
1787250715.615672827,1787250715.615680218,command,0.0,0.0,0.0
1787250715.683636189,1787250715.682804823,state_stamped,0.0,0.0,0.0
1787250715.683666468,1787250715.683671951,state,0.0,0.0,0.0
1787250715.685629606,1787250715.685632229,command,0.0,0.0,0.0
1787250715.743543148,1787250715.743546009,state,0.0,0.0,0.0
1787250715.743575096,1787250715.742804527,state_stamped,0.0,0.0,0.0
1787250715.745603323,1787250715.745605946,command,0.0,0.0,0.0
1787250715.813474894,1787250715.813481331,state,0.0,0.0,0.0
1787250715.813544512,1787250715.812804937,state_stamped,0.0,0.0,0.0
1787250715.815524101,1787250715.815528870,command,0.0,0.0,0.0
1787250715.883573294,1787250715.883578062,state,0.0,0.0,0.0
1787250715.883613110,1787250715.882805109,state_stamped,0.0,0.0,0.0
1787250715.885647058,1787250715.885649681,command,0.0,0.0,0.0
1787250715.943588972,1787250715.943591833,state,0.0,0.0,0.0
1787250715.943646908,1787250715.942805052,state_stamped,0.0,0.0,0.0
1787250715.945342302,1787250715.945344448,command,0.0,0.0,0.0
1787250716.013298273,1787250716.013303995,state,0.0,0.0,0.0
1787250716.013343334,1787250716.012804508,state_stamped,0.0,0.0,0.0
1787250716.016027212,1787250716.016032457,command,0.0,0.0,0.0
1787250716.083560944,1787250716.083564281,state,0.0,0.0,0.0
1787250716.083660841,1787250716.082805157,state_stamped,0.0,0.0,0.0
1787250716.085856676,1787250716.085859060,command,0.0,0.0,0.0
1787250716.143545389,1787250716.142805099,state_stamped,0.0,0.0,0.0
1787250716.143633604,1787250716.143638134,state,0.0,0.0,0.0
1787250716.145725250,1787250716.145730257,command,0.0,0.0,0.0
1787250716.213481665,1787250716.213487387,state,0.0,0.0,0.0
1787250716.213532686,1787250716.212808132,state_stamped,0.0,0.0,0.0
1787250716.215520144,1787250716.215525866,command,0.0,0.0,0.0
1787250716.283529758,1787250716.283532858,state,0.0,0.0,0.0
1787250716.283569098,1787250716.282804728,state_stamped,0.0,0.0,0.0
1787250716.286077261,1787250716.286079407,command,0.0,0.0,0.0
1787250716.343533754,1787250716.343536615,state,0.0,0.0,0.0
1787250716.343621731,1787250716.342804432,state_stamped,0.0,0.0,0.0
1787250716.345393658,1787250716.345396280,command,0.0,0.0,0.0
1787250716.413483381,1787250716.413488388,state,0.0,0.0,0.0
1787250716.413532019,1787250716.412805796,state_stamped,0.0,0.0,0.0
1787250716.415226936,1787250716.415229559,command,0.0,0.0,0.0
1787250716.483536482,1787250716.483541489,state,0.0,0.0,0.0
1787250716.483584166,1787250716.482804775,state_stamped,0.0,0.0,0.0
1787250716.485753059,1787250716.485758305,command,0.0,0.0,0.0
1787250716.543515921,1787250716.543521881,state,0.0,0.0,0.0
1787250716.543564796,1787250716.542804718,state_stamped,0.0,0.0,0.0
1787250716.545585871,1787250716.545588493,command,0.0,0.0,0.0
1787250716.613399982,1787250716.613404989,state,0.0,0.0,0.0
1787250716.613481522,1787250716.612804413,state_stamped,0.0,0.0,0.0
1787250716.615233183,1787250716.615235806,command,0.0,0.0,0.0
1787250716.683513403,1787250716.683517694,state,0.0,0.0,0.0
1787250716.683607101,1787250716.682804823,state_stamped,0.0,0.0,0.0
1787250716.685537338,1787250716.685539722,command,0.0,0.0,0.0
1787250716.743525982,1787250716.743529320,state,0.0,0.0,0.0
1787250716.743623972,1787250716.742805004,state_stamped,0.0,0.0,0.0
1787250716.745781898,1787250716.745784521,command,0.0,0.0,0.0
1787250716.813481808,1787250716.813488483,state,0.0,0.0,0.0
1787250716.813573360,1787250716.812804937,state_stamped,0.0,0.0,0.0
1787250716.815515995,1787250716.815518141,command,0.0,0.0,0.0
1787250716.883348942,1787250716.883351803,state,0.0,0.0,0.0
1787250716.883389235,1787250716.882804632,state_stamped,0.0,0.0,0.0
1787250716.885165453,1787250716.885167837,command,0.0,0.0,0.0
1787250716.943360329,1787250716.943363190,state,0.0,0.0,0.0
1787250716.943399906,1787250716.942808867,state_stamped,0.0,0.0,0.0
1787250716.945222855,1787250716.945225239,command,0.0,0.0,0.0
1787250717.013333559,1787250717.013337135,state,0.0,0.0,0.0
1787250717.013397217,1787250717.012804508,state_stamped,0.0,0.0,0.0
1787250717.015376329,1787250717.015378952,command,0.0,0.0,0.0
1787250717.083511353,1787250717.083516121,state,0.0,0.0,0.0
1787250717.083613634,1787250717.082804680,state_stamped,0.0,0.0,0.0
1787250717.085622072,1787250717.085624695,command,0.0,0.0,0.0
1787250717.143527031,1787250717.143530130,state,0.0,0.0,0.0
1787250717.143566847,1787250717.142804384,state_stamped,0.0,0.0,0.0
1787250717.145308733,1787250717.145310640,command,0.0,0.0,0.0
1787250717.213461876,1787250717.213464022,state,0.0,0.0,0.0
1787250717.213512897,1787250717.212804794,state_stamped,0.0,0.0,0.0
1787250717.215552807,1787250717.215554714,command,0.0,0.0,0.0
1787250717.283507109,1787250717.283509493,state,0.0,0.0,0.0
1787250717.283552170,1787250717.282804966,state_stamped,0.0,0.0,0.0
1787250717.285556316,1787250717.285557985,command,0.0,0.0,0.0
1787250717.343351603,1787250717.343357325,state,0.0,0.0,0.0
1787250717.343403578,1787250717.342804909,state_stamped,0.0,0.0,0.0
1787250717.345346451,1787250717.345349789,command,0.0,0.0,0.0
1787250717.413463116,1787250717.413466454,state,0.0,0.0,0.0
1787250717.413550854,1787250717.412805319,state_stamped,0.0,0.0,0.0
1787250717.415262461,1787250717.415264845,command,0.0,0.0,0.0
1787250717.483519554,1787250717.483523130,state,0.0,0.0,0.0
1787250717.483556747,1787250717.482804775,state_stamped,0.0,0.0,0.0
1787250717.485326767,1787250717.485329151,command,0.0,0.0,0.0
1787250717.543502092,1787250717.543506384,state,0.0,0.0,0.0
1787250717.543549299,1787250717.542804480,state_stamped,0.0,0.0,0.0
1787250717.545621872,1787250717.545623541,command,0.0,0.0,0.0
1787250717.613437653,1787250717.613441944,state,0.0,0.0,0.0
1787250717.613488913,1787250717.612804413,state_stamped,0.0,0.0,0.0
1787250717.615184546,1787250717.615187407,command,0.0,0.0,0.0
1787250717.683467865,1787250717.683473825,state,0.0,0.0,0.0
1787250717.683584213,1787250717.682804346,state_stamped,0.0,0.0,0.0
1787250717.685357809,1787250717.685361147,command,0.0,0.0,0.0
1787250717.743454456,1787250717.743461609,state,0.0,0.0,0.0
1787250717.743507862,1787250717.742805004,state_stamped,0.0,0.0,0.0
1787250717.745156527,1787250717.745160341,command,0.0,0.0,0.0
1787250717.813359976,1787250717.813364744,state,0.0,0.0,0.0
1787250717.813407660,1787250717.812805176,state_stamped,0.0,0.0,0.0
1787250717.815101624,1787250717.815106153,command,0.0,0.0,0.0
1787250717.883300543,1787250717.883305788,state,0.0,0.0,0.0
1787250717.883340359,1787250717.882804871,state_stamped,0.0,0.0,0.0
1787250717.885037422,1787250717.885041714,command,0.0,0.0,0.0
1787250717.943515062,1787250717.943520069,state,0.0,0.0,0.0
1787250717.943573952,1787250717.942808867,state_stamped,0.0,0.0,0.0
1787250717.945579290,1787250717.945582151,command,0.0,0.0,0.0
1787250718.013254404,1787250718.013260603,state,0.0,0.0,0.0
1787250718.013302803,1787250718.012805462,state_stamped,0.0,0.0,0.0
1787250718.015983820,1787250718.015989065,command,0.0,0.0,0.0
1787250718.083504677,1787250718.083509684,state,0.0,0.0,0.0
1787250718.083554029,1787250718.082805157,state_stamped,0.0,0.0,0.0
1787250718.085479498,1787250718.085482597,command,0.0,0.0,0.0
1787250718.143314123,1787250718.143318415,state,0.0,0.0,0.0
1787250718.143412828,1787250718.142804623,state_stamped,0.0,0.0,0.0
1787250718.145104885,1787250718.145108700,command,0.0,0.0,0.0
1787250718.213512659,1787250718.213517666,state,0.0,0.0,0.0
1787250718.213554621,1787250718.212805033,state_stamped,0.0,0.0,0.0
1787250718.215298414,1787250718.215300798,command,0.0,0.0,0.0
1787250718.283459425,1787250718.283463240,state,0.0,0.0,0.0
1787250718.283498049,1787250718.282804728,state_stamped,0.0,0.0,0.0
1787250718.285214901,1787250718.285220623,command,0.0,0.0,0.0
1787250718.343460083,1787250718.343464613,state,0.0,0.0,0.0
1787250718.343507290,1787250718.342804670,state_stamped,0.0,0.0,0.0
1787250718.345159054,1787250718.345162153,command,0.0,0.0,0.0
1787250718.413475990,1787250718.413483858,state,0.0,0.0,0.0
1787250718.413552523,1787250718.412804604,state_stamped,0.0,0.0,0.0
1787250718.415264368,1787250718.415266752,command,0.0,0.0,0.0
1787250718.483524323,1787250718.483531713,state,0.0,0.0,0.0
1787250718.483598948,1787250718.482804775,state_stamped,0.0,0.0,0.0
1787250718.485305786,1787250718.485309124,command,0.0,0.0,0.0
1787250718.543459654,1787250718.543466806,state,0.0,0.0,0.0
1787250718.543576241,1787250718.542804956,state_stamped,0.0,0.0,0.0
1787250718.545165539,1787250718.545169830,command,0.0,0.0,0.0
1787250718.613473654,1787250718.613477468,state,0.0,0.0,0.0
1787250718.613522530,1787250718.612805128,state_stamped,0.0,0.0,0.0
1787250718.615221262,1787250718.615223408,command,0.0,0.0,0.0
1787250718.683495522,1787250718.683501005,state,0.0,0.0,0.0
1787250718.683544874,1787250718.682804823,state_stamped,0.0,0.0,0.0
1787250718.685538054,1787250718.685542822,command,0.0,0.0,0.0
1787250718.743499041,1787250718.743506670,state,0.0,0.0,0.0
1787250718.743616819,1787250718.742804527,state_stamped,0.0,0.0,0.0
1787250718.745434761,1787250718.745440483,command,0.0,0.0,0.0
1787250718.813281059,1787250718.812804937,state_stamped,0.0,0.0,0.0
1787250718.813319445,1787250718.813326597,state,0.0,0.0,0.0
1787250718.815126181,1787250718.815131664,command,0.0,0.0,0.0
1787250718.883491039,1787250718.883498669,state,0.0,0.0,0.0
1787250718.883605957,1787250718.882804871,state_stamped,0.0,0.0,0.0
1787250718.885352373,1787250718.885358572,command,0.0,0.0,0.0
1787250718.943337917,1787250718.943345308,state,0.0,0.0,0.0
1787250718.943396568,1787250718.942804575,state_stamped,0.0,0.0,0.0
1787250718.945089102,1787250718.945094109,command,0.0,0.0,0.0
1787250719.013248444,1787250719.013255835,state,0.0,0.0,0.0
1787250719.013308525,1787250719.012804508,state_stamped,0.0,0.0,0.0
1787250719.015267849,1787250719.015274048,command,0.0,0.0,0.0
1787250719.083493233,1787250719.083500624,state,0.0,0.0,0.0
1787250719.083573818,1787250719.082805157,state_stamped,0.0,0.0,0.0
1787250719.085355282,1787250719.085360289,command,0.0,0.0,0.0
1787250719.143464088,1787250719.143471718,state,0.0,0.0,0.0
1787250719.143549204,1787250719.142804623,state_stamped,0.0,0.0,0.0
1787250719.145278454,1787250719.145283937,command,0.0,0.0,0.0
1787250719.213466883,1787250719.213471413,state,0.0,0.0,0.0
1787250719.213512421,1787250719.212804794,state_stamped,0.0,0.0,0.0
1787250719.215363741,1787250719.215368748,command,0.0,0.0,0.0
1787250719.283506632,1787250719.282812834,state_stamped,0.0,0.0,0.0
1787250719.283545017,1787250719.283552885,state,0.0,0.0,0.0
1787250719.285206795,1787250719.285211802,command,0.0,0.0,0.0
1787250719.343535900,1787250719.342804909,state_stamped,0.0,0.0,0.0
1787250719.343575954,1787250719.343582630,state,0.0,0.0,0.0
1787250719.345205545,1787250719.345210552,command,0.0,0.0,0.0
1787250719.413408279,1787250719.413420916,state,0.0,0.0,0.0
1787250719.413487911,1787250719.412804365,state_stamped,0.0,0.0,0.0
1787250719.415321827,1787250719.415327311,command,0.0,0.0,0.0
1787250719.483499289,1787250719.483506441,state,0.0,0.0,0.0
1787250719.483569622,1787250719.482804775,state_stamped,0.0,0.0,0.0
1787250719.485245466,1787250719.485250473,command,0.0,0.0,0.0
1787250719.543477535,1787250719.543480873,state,0.0,0.0,0.0
1787250719.543523312,1787250719.542804956,state_stamped,0.0,0.0,0.0
1787250719.545326233,1787250719.545331478,command,0.0,0.0,0.0
1787250719.613399267,1787250719.613403559,state,0.0,0.0,0.0
1787250719.613475323,1787250719.612804651,state_stamped,0.0,0.0,0.0
1787250719.615123034,1787250719.615128040,command,0.0,0.0,0.0
1787250719.683526516,1787250719.683531284,state,0.0,0.0,0.0
1787250719.683576822,1787250719.682804585,state_stamped,0.0,0.0,0.0
1787250719.685244560,1787250719.685250044,command,0.0,0.0,0.0
1787250719.743505478,1787250719.743510008,state,0.0,0.0,0.0
1787250719.743556261,1787250719.742816448,state_stamped,0.0,0.0,0.0
1787250719.745314598,1787250719.745319843,command,0.0,0.0,0.0
1787250719.813423872,1787250719.813440323,state,0.0,0.0,0.0
1787250719.813545465,1787250719.812804699,state_stamped,0.0,0.0,0.0
1787250719.815197706,1787250719.815201998,command,0.0,0.0,0.0
1787250719.883623123,1787250719.883630037,state,0.0,0.0,0.0
1787250719.883723497,1787250719.882805109,state_stamped,0.0,0.0,0.0
1787250719.885306597,1787250719.885314226,command,0.0,0.0,0.0
1787250719.943541527,1787250719.942817450,state_stamped,0.0,0.0,0.0
1787250719.943586826,1787250719.943593979,state,0.0,0.0,0.0
1787250719.945325613,1787250719.945330858,command,0.0,0.0,0.0
1787250720.013375044,1787250720.013383150,state,0.0,0.0,0.0
1787250720.013511896,1787250720.012805223,state_stamped,0.0,0.0,0.0
1787250720.016041756,1787250720.016048193,command,0.0,0.0,0.0
1787250720.083400726,1787250720.082804918,state_stamped,0.0,0.0,0.0
1787250720.083501816,1787250720.083507776,state,0.0,0.0,0.0
1787250720.085344791,1787250720.085350037,command,0.0,0.0,0.0
1787250720.143332243,1787250720.143337488,state,0.0,0.0,0.0
1787250720.143386841,1787250720.142804861,state_stamped,0.0,0.0,0.0
1787250720.145208836,1787250720.145213842,command,0.0,0.0,0.0
1787250720.213309765,1787250720.212804794,state_stamped,0.0,0.0,0.0
1787250720.213354826,1787250720.213360071,state,0.0,0.0,0.0
1787250720.215136051,1787250720.215141296,command,0.0,0.0,0.0
1787250720.283620596,1787250720.283626556,state,0.0,0.0,0.0
1787250720.283678293,1787250720.282805204,state_stamped,0.0,0.0,0.0
1787250720.285413027,1787250720.285428047,command,0.0,0.0,0.0
1787250720.343575001,1787250720.342804909,state_stamped,0.0,0.0,0.0
1787250720.343621969,1787250720.343627214,state,0.0,0.0,0.0
1787250720.345311165,1787250720.345318794,command,0.0,0.0,0.0
1787250720.413408756,1787250720.412804842,state_stamped,0.0,0.0,0.0
1787250720.413449526,1787250720.413455725,state,0.0,0.0,0.0
1787250720.415207863,1787250720.415213346,command,0.0,0.0,0.0
1787250720.483495474,1787250720.483500957,state,0.0,0.0,0.0
1787250720.483550549,1787250720.482804537,state_stamped,0.0,0.0,0.0
1787250720.485301733,1787250720.485307217,command,0.0,0.0,0.0
1787250720.543500900,1787250720.542804718,state_stamped,0.0,0.0,0.0
1787250720.543595552,1787250720.543600559,state,0.0,0.0,0.0
1787250720.545290947,1787250720.545296192,command,0.0,0.0,0.0
1787250720.613412619,1787250720.613441706,state,0.0,0.0,0.0
1787250720.613518476,1787250720.612817049,state_stamped,0.0,0.0,0.0
1787250720.615214825,1787250720.615220547,command,0.0,0.0,0.0
1787250720.683370352,1787250720.682804823,state_stamped,0.0,0.0,0.0
1787250720.683480740,1787250720.683490753,state,0.0,0.0,0.0
1787250720.685190439,1787250720.685195923,command,0.0,0.0,0.0
1787250720.743345737,1787250720.742805004,state_stamped,0.0,0.0,0.0
1787250720.743389845,1787250720.743397713,state,0.0,0.0,0.0
1787250720.745176792,1787250720.745182276,command,0.0,0.0,0.0
1787250720.813449383,1787250720.813457251,state,0.0,0.0,0.0
1787250720.813575983,1787250720.812804699,state_stamped,0.0,0.0,0.0
1787250720.815307856,1787250720.815313339,command,0.0,0.0,0.0
1787250720.883535624,1787250720.883543491,state,0.0,0.0,0.0
1787250720.883657932,1787250720.882805109,state_stamped,0.0,0.0,0.0
1787250720.885330677,1787250720.885336399,command,0.0,0.0,0.0
1787250720.943336725,1787250720.943341494,state,0.0,0.0,0.0
1787250720.943381310,1787250720.942804575,state_stamped,0.0,0.0,0.0
1787250720.945208073,1787250720.945213795,command,0.0,0.0,0.0
1787250721.013475895,1787250721.013484955,state,0.0,0.0,0.0
1787250721.013566017,1787250721.012809277,state_stamped,0.0,0.0,0.0
1787250721.015476704,1787250721.015483618,command,0.0,0.0,0.0
1787250721.083622694,1787250721.082804680,state_stamped,0.0,0.0,0.0
1787250721.083676100,1787250721.083682299,state,0.0,0.0,0.0
1787250721.085341692,1787250721.085347176,command,0.0,0.0,0.0
1787250721.143553019,1787250721.142804861,state_stamped,0.0,0.0,0.0
1787250721.143644333,1787250721.143652201,state,0.0,0.0,0.0
1787250721.145281553,1787250721.145287752,command,0.0,0.0,0.0
1787250721.213533401,1787250721.212805033,state_stamped,0.0,0.0,0.0
1787250721.213588476,1787250721.213596106,state,0.0,0.0,0.0
1787250721.215228081,1787250721.215233088,command,0.0,0.0,0.0
1787250721.283625126,1787250721.283632755,state,0.0,0.0,0.0
1787250721.283681631,1787250721.282805204,state_stamped,0.0,0.0,0.0
1787250721.285357714,1787250721.285362959,command,0.0,0.0,0.0
1787250721.343544483,1787250721.342804909,state_stamped,0.0,0.0,0.0
1787250721.343636513,1787250721.343644619,state,0.0,0.0,0.0
1787250721.345305204,1787250721.345310211,command,0.0,0.0,0.0
1787250721.413477659,1787250721.412805080,state_stamped,0.0,0.0,0.0
1787250721.413565397,1787250721.413570166,state,0.0,0.0,0.0
1787250721.415250063,1787250721.415255547,command,0.0,0.0,0.0
1787250721.483599663,1787250721.482804775,state_stamped,0.0,0.0,0.0
1787250721.483649492,1787250721.483657360,state,0.0,0.0,0.0
1787250721.485356092,1787250721.485360622,command,0.0,0.0,0.0
1787250721.543577433,1787250721.542817593,state_stamped,0.0,0.0,0.0
1787250721.543626785,1787250721.543634415,state,0.0,0.0,0.0
1787250721.545314074,1787250721.545318842,command,0.0,0.0,0.0
1787250721.613557100,1787250721.613561630,state,0.0,0.0,0.0
1787250721.613605261,1787250721.612817049,state_stamped,0.0,0.0,0.0
1787250721.615294456,1787250721.615299702,command,0.0,0.0,0.0
1787250721.683490515,1787250721.682804823,state_stamped,0.0,0.0,0.0
1787250721.683528662,1787250721.683536291,state,0.0,0.0,0.0
1787250721.685339212,1787250721.685343742,command,0.0,0.0,0.0
1787250721.743479490,1787250721.742805243,state_stamped,0.0,0.0,0.0
1787250721.743516922,1787250721.743524313,state,0.0,0.0,0.0
1787250721.745288849,1787250721.745294333,command,0.0,0.0,0.0
1787250721.813319445,1787250721.812804937,state_stamped,0.0,0.0,0.0
1787250721.813359022,1787250721.813363791,state,0.0,0.0,0.0
1787250721.814964294,1787250721.814969301,command,0.0,0.0,0.0
1787250721.883503199,1787250721.882805109,state_stamped,0.0,0.0,0.0
1787250721.883557558,1787250721.883565664,state,0.0,0.0,0.0
1787250721.885361195,1787250721.885366201,command,0.0,0.0,0.0
1787250721.943410158,1787250721.942804813,state_stamped,0.0,0.0,0.0
1787250721.943458796,1787250721.943464279,state,0.0,0.0,0.0
1787250721.945080996,1787250721.945085764,command,0.0,0.0,0.0
1787250722.013531685,1787250722.012804985,state_stamped,0.0,0.0,0.0
1787250722.013579845,1787250722.013590336,state,0.0,0.0,0.0
1787250722.016413450,1787250722.016424179,command,0.0,0.0,0.0
1787250722.083373070,1787250722.082804680,state_stamped,0.0,0.0,0.0
1787250722.083482027,1787250722.083492279,state,0.0,0.0,0.0
1787250722.085511208,1787250722.085514069,command,0.0,0.0,0.0
1787250722.143507242,1787250722.142807961,state_stamped,0.0,0.0,0.0
1787250722.143591642,1787250722.143599272,state,0.0,0.0,0.0
1787250722.145351171,1787250722.145353794,command,0.0,0.0,0.0
1787250722.213465929,1787250722.212804794,state_stamped,0.0,0.0,0.0
1787250722.213512182,1787250722.213519812,state,0.0,0.0,0.0
1787250722.215405226,1787250722.215410948,command,0.0,0.0,0.0
1787250722.283394814,1787250722.282805204,state_stamped,0.0,0.0,0.0
1787250722.283514023,1787250722.283521175,state,0.0,0.0,0.0
1787250722.285356522,1787250722.285361290,command,0.0,0.0,0.0
1787250722.343482971,1787250722.343488932,state,0.0,0.0,0.0
1787250722.343538761,1787250722.342804670,state_stamped,0.0,0.0,0.0
1787250722.345352411,1787250722.345357418,command,0.0,0.0,0.0
1787250722.413341761,1787250722.412804842,state_stamped,0.0,0.0,0.0
1787250722.413443327,1787250722.413452864,state,0.0,0.0,0.0
1787250722.415020704,1787250722.415028334,command,0.0,0.0,0.0
1787250722.483523130,1787250722.483530045,state,0.0,0.0,0.0
1787250722.483582735,1787250722.482805252,state_stamped,0.0,0.0,0.0
1787250722.485665321,1787250722.485670328,command,0.0,0.0,0.0
1787250722.543453693,1787250722.542804718,state_stamped,0.0,0.0,0.0
1787250722.543507338,1787250722.543512583,state,0.0,0.0,0.0
1787250722.545129776,1787250722.545134783,command,0.0,0.0,0.0
1787250722.613344669,1787250722.612804890,state_stamped,0.0,0.0,0.0
1787250722.613427877,1787250722.613450766,state,0.0,0.0,0.0
1787250722.615256310,1787250722.615263939,command,0.0,0.0,0.0
1787250722.683426142,1787250722.683444262,state,0.0,0.0,0.0
1787250722.683513165,1787250722.682807207,state_stamped,0.0,0.0,0.0
1787250722.685266495,1787250722.685271978,command,0.0,0.0,0.0
1787250722.743498564,1787250722.742805004,state_stamped,0.0,0.0,0.0
1787250722.743546009,1787250722.743553638,state,0.0,0.0,0.0
1787250722.745284557,1787250722.745290041,command,0.0,0.0,0.0
1787250722.813350916,1787250722.812804699,state_stamped,0.0,0.0,0.0
1787250722.813439369,1787250722.813444376,state,0.0,0.0,0.0
1787250722.815214872,1787250722.815220833,command,0.0,0.0,0.0
1787250722.883380651,1787250722.882804632,state_stamped,0.0,0.0,0.0
1787250722.883424282,1787250722.883431911,state,0.0,0.0,0.0
1787250722.885065794,1787250722.885071039,command,0.0,0.0,0.0
1787250722.943509102,1787250722.942826986,state_stamped,0.0,0.0,0.0
1787250722.943554163,1787250722.943561792,state,0.0,0.0,0.0
1787250722.945380926,1787250722.945385933,command,0.0,0.0,0.0
1787250723.013423920,1787250723.013429165,state,0.0,0.0,0.0
1787250723.013472319,1787250723.012804508,state_stamped,0.0,0.0,0.0
1787250723.015418053,1787250723.015432119,command,0.0,0.0,0.0
1787250723.083507538,1787250723.082809210,state_stamped,0.0,0.0,0.0
1787250723.083566189,1787250723.083574057,state,0.0,0.0,0.0
1787250723.085296631,1787250723.085300922,command,0.0,0.0,0.0
1787250723.143466711,1787250723.142804623,state_stamped,0.0,0.0,0.0
1787250723.143525362,1787250723.143532991,state,0.0,0.0,0.0
1787250723.145391464,1787250723.145399332,command,0.0,0.0,0.0
1787250723.213356733,1787250723.213361502,state,0.0,0.0,0.0
1787250723.213402987,1787250723.212804794,state_stamped,0.0,0.0,0.0
1787250723.215228081,1787250723.215233803,command,0.0,0.0,0.0
1787250723.283496141,1787250723.282819033,state_stamped,0.0,0.0,0.0
1787250723.283536434,1787250723.283543587,state,0.0,0.0,0.0
1787250723.285272360,1787250723.285278320,command,0.0,0.0,0.0
1787250723.343491554,1787250723.343498945,state,0.0,0.0,0.0
1787250723.343549967,1787250723.342804670,state_stamped,0.0,0.0,0.0
1787250723.345279455,1787250723.345285177,command,0.0,0.0,0.0
1787250723.413387060,1787250723.412805080,state_stamped,0.0,0.0,0.0
1787250723.413454533,1787250723.413461924,state,0.0,0.0,0.0
1787250723.415220499,1787250723.415224314,command,0.0,0.0,0.0
1787250723.483498573,1787250723.483504057,state,0.0,0.0,0.0
1787250723.483550310,1787250723.482804537,state_stamped,0.0,0.0,0.0
1787250723.485211372,1787250723.485214949,command,0.0,0.0,0.0
1787250723.543463469,1787250723.543470860,state,0.0,0.0,0.0
1787250723.543528795,1787250723.542805195,state_stamped,0.0,0.0,0.0
1787250723.545262098,1787250723.545267820,command,0.0,0.0,0.0
1787250723.613322735,1787250723.613330364,state,0.0,0.0,0.0
1787250723.613380194,1787250723.612804651,state_stamped,0.0,0.0,0.0
1787250723.615204573,1787250723.615210056,command,0.0,0.0,0.0
1787250723.683396101,1787250723.683403730,state,0.0,0.0,0.0
1787250723.683478117,1787250723.682804585,state_stamped,0.0,0.0,0.0
1787250723.685245275,1787250723.685248613,command,0.0,0.0,0.0
1787250723.743450642,1787250723.742804766,state_stamped,0.0,0.0,0.0
1787250723.743489027,1787250723.743496656,state,0.0,0.0,0.0
1787250723.745249748,1787250723.745253325,command,0.0,0.0,0.0
1787250723.813322306,1787250723.813327074,state,0.0,0.0,0.0
1787250723.813414335,1787250723.812804937,state_stamped,0.0,0.0,0.0
1787250723.815158606,1787250723.815163136,command,0.0,0.0,0.0
1787250723.883492708,1787250723.882804394,state_stamped,0.0,0.0,0.0
1787250723.883530140,1787250723.883538246,state,0.0,0.0,0.0
1787250723.885175705,1787250723.885180712,command,0.0,0.0,0.0
1787250723.943449020,1787250723.942810059,state_stamped,0.0,0.0,0.0
1787250723.943496466,1787250723.943504095,state,0.0,0.0,0.0
1787250723.945326567,1787250723.945331573,command,0.0,0.0,0.0
1787250724.013405085,1787250724.012804747,state_stamped,0.0,0.0,0.0
1787250724.013458967,1787250724.013466597,state,0.0,0.0,0.0
1787250724.015242577,1787250724.015246391,command,0.0,0.0,0.0
1787250724.083391190,1787250724.083398819,state,0.0,0.0,0.0
1787250724.083450556,1787250724.082804918,state_stamped,0.0,0.0,0.0
1787250724.085977316,1787250724.085980892,command,0.0,0.0,0.0
1787250724.143489122,1787250724.142804623,state_stamped,0.0,0.0,0.0
1787250724.143531561,1787250724.143538713,state,0.0,0.0,0.0
1787250724.145365715,1787250724.145370960,command,0.0,0.0,0.0
1787250724.213335514,1787250724.212804556,state_stamped,0.0,0.0,0.0
1787250724.213370085,1787250724.213377714,state,0.0,0.0,0.0
1787250724.215233564,1787250724.215238571,command,0.0,0.0,0.0
1787250724.283473015,1787250724.283480167,state,0.0,0.0,0.0
1787250724.283534765,1787250724.282804966,state_stamped,0.0,0.0,0.0
1787250724.285301685,1787250724.285306931,command,0.0,0.0,0.0
1787250724.343587160,1787250724.343594074,state,0.0,0.0,0.0
1787250724.343650103,1787250724.342804909,state_stamped,0.0,0.0,0.0
1787250724.345418215,1787250724.345423460,command,0.0,0.0,0.0
1787250724.413257837,1787250724.413261652,state,0.0,0.0,0.0
1787250724.413306713,1787250724.412805080,state_stamped,0.0,0.0,0.0
1787250724.415034056,1787250724.415039301,command,0.0,0.0,0.0
1787250724.483653307,1787250724.483659983,state,0.0,0.0,0.0
1787250724.483705997,1787250724.482805014,state_stamped,0.0,0.0,0.0
1787250724.485301733,1787250724.485306978,command,0.0,0.0,0.0
1787250724.543464899,1787250724.542804956,state_stamped,0.0,0.0,0.0
1787250724.543564796,1787250724.543571711,state,0.0,0.0,0.0
1787250724.545271158,1787250724.545276880,command,0.0,0.0,0.0
1787250724.613410473,1787250724.613420248,state,0.0,0.0,0.0
1787250724.613463879,1787250724.612804890,state_stamped,0.0,0.0,0.0
1787250724.615097761,1787250724.615103245,command,0.0,0.0,0.0
1787250724.683495283,1787250724.682804585,state_stamped,0.0,0.0,0.0
1787250724.683532238,1787250724.683541059,state,0.0,0.0,0.0
1787250724.685311556,1787250724.685318470,command,0.0,0.0,0.0
1787250724.743450880,1787250724.742805004,state_stamped,0.0,0.0,0.0
1787250724.743491173,1787250724.743500710,state,0.0,0.0,0.0
1787250724.745301008,1787250724.745305538,command,0.0,0.0,0.0
1787250724.813348293,1787250724.813353300,state,0.0,0.0,0.0
1787250724.813389301,1787250724.812804699,state_stamped,0.0,0.0,0.0
1787250724.815250397,1787250724.815258026,command,0.0,0.0,0.0
1787250724.883396864,1787250724.882805109,state_stamped,0.0,0.0,0.0
1787250724.883479595,1787250724.883487225,state,0.0,0.0,0.0
1787250724.885275364,1787250724.885281563,command,0.0,0.0,0.0
1787250724.943395615,1787250724.942804813,state_stamped,0.0,0.0,0.0
1787250724.943478584,1787250724.943486214,state,0.0,0.0,0.0
1787250724.945076466,1787250724.945082188,command,0.0,0.0,0.0
1787250725.013441801,1787250725.012805223,state_stamped,0.0,0.0,0.0
1787250725.013486147,1787250725.013492584,state,0.0,0.0,0.0
1787250725.015352249,1787250725.015359640,command,0.0,0.0,0.0
1787250725.083510637,1787250725.082804680,state_stamped,0.0,0.0,0.0
1787250725.083551645,1787250725.083559275,state,0.0,0.0,0.0
1787250725.085252047,1787250725.085257292,command,0.0,0.0,0.0
1787250725.143562078,1787250725.143567324,state,0.0,0.0,0.0
1787250725.143646717,1787250725.142804623,state_stamped,0.0,0.0,0.0
1787250725.145393372,1787250725.145398378,command,0.0,0.0,0.0
1787250725.213512182,1787250725.213517427,state,0.0,0.0,0.0
1787250725.213560581,1787250725.212805033,state_stamped,0.0,0.0,0.0
1787250725.215363979,1787250725.215369463,command,0.0,0.0,0.0
1787250725.283543825,1787250725.283548832,state,0.0,0.0,0.0
1787250725.283641577,1787250725.282804728,state_stamped,0.0,0.0,0.0
1787250725.285689831,1787250725.285695076,command,0.0,0.0,0.0
1787250725.343525648,1787250725.343528271,state,0.0,0.0,0.0
1787250725.343604326,1787250725.342804909,state_stamped,0.0,0.0,0.0
1787250725.345398903,1787250725.345403671,command,0.0,0.0,0.0
1787250725.413423777,1787250725.413430452,state,0.0,0.0,0.0
1787250725.413490534,1787250725.412805080,state_stamped,0.0,0.0,0.0
1787250725.415121078,1787250725.415126324,command,0.0,0.0,0.0
1787250725.483483553,1787250725.483488798,state,0.0,0.0,0.0
1787250725.483533859,1787250725.482805014,state_stamped,0.0,0.0,0.0
1787250725.485223055,1787250725.485228062,command,0.0,0.0,0.0
1787250725.543480396,1787250725.543485641,state,0.0,0.0,0.0
1787250725.543531179,1787250725.542804480,state_stamped,0.0,0.0,0.0
1787250725.545084476,1787250725.545089245,command,0.0,0.0,0.0
1787250725.613389492,1787250725.613394976,state,0.0,0.0,0.0
1787250725.613457203,1787250725.612804890,state_stamped,0.0,0.0,0.0
1787250725.615049839,1787250725.615053415,command,0.0,0.0,0.0
1787250725.683372974,1787250725.683378220,state,0.0,0.0,0.0
1787250725.683427572,1787250725.682805061,state_stamped,0.0,0.0,0.0
1787250725.685076952,1787250725.685082436,command,0.0,0.0,0.0
1787250725.743464231,1787250725.743471146,state,0.0,0.0,0.0
1787250725.743519068,1787250725.742804766,state_stamped,0.0,0.0,0.0
1787250725.745095015,1787250725.745099545,command,0.0,0.0,0.0
1787250725.813314915,1787250725.812804937,state_stamped,0.0,0.0,0.0
1787250725.813345909,1787250725.813351870,state,0.0,0.0,0.0
1787250725.815049648,1787250725.815055609,command,0.0,0.0,0.0
1787250725.883483410,1787250725.883489132,state,0.0,0.0,0.0
1787250725.883523226,1787250725.882804632,state_stamped,0.0,0.0,0.0
1787250725.885159492,1787250725.885164261,command,0.0,0.0,0.0
1787250725.943407297,1787250725.942804575,state_stamped,0.0,0.0,0.0
1787250725.943451405,1787250725.943457365,state,0.0,0.0,0.0
1787250725.945161104,1787250725.945168495,command,0.0,0.0,0.0
1787250726.013268948,1787250726.013276577,state,0.0,0.0,0.0
1787250726.013319731,1787250726.012805462,state_stamped,0.0,0.0,0.0
1787250726.015530825,1787250726.015538692,command,0.0,0.0,0.0
1787250726.083391905,1787250726.083398104,state,0.0,0.0,0.0
1787250726.083435535,1787250726.082804680,state_stamped,0.0,0.0,0.0
1787250726.086012602,1787250726.086018562,command,0.0,0.0,0.0
1787250726.143469334,1787250726.143472910,state,0.0,0.0,0.0
1787250726.143545866,1787250726.142804623,state_stamped,0.0,0.0,0.0
1787250726.145313263,1787250726.145319223,command,0.0,0.0,0.0
1787250726.213330984,1787250726.212805033,state_stamped,0.0,0.0,0.0
1787250726.213362217,1787250726.213366270,state,0.0,0.0,0.0
1787250726.215051889,1787250726.215059996,command,0.0,0.0,0.0
1787250726.283407927,1787250726.283412457,state,0.0,0.0,0.0
1787250726.283489704,1787250726.282804966,state_stamped,0.0,0.0,0.0
1787250726.285150051,1787250726.285157919,command,0.0,0.0,0.0
1787250726.343456030,1787250726.343458891,state,0.0,0.0,0.0
1787250726.343524694,1787250726.342804670,state_stamped,0.0,0.0,0.0
1787250726.345196247,1787250726.345204115,command,0.0,0.0,0.0
1787250726.413246632,1787250726.413251162,state,0.0,0.0,0.0
1787250726.413290024,1787250726.412805080,state_stamped,0.0,0.0,0.0
1787250726.414985895,1787250726.414994001,command,0.0,0.0,0.0
1787250726.483372450,1787250726.483376980,state,0.0,0.0,0.0
1787250726.483412504,1787250726.482810259,state_stamped,0.0,0.0,0.0
1787250726.485128403,1787250726.485136986,command,0.0,0.0,0.0
1787250726.543490887,1787250726.542804718,state_stamped,0.0,0.0,0.0
1787250726.543516874,1787250726.543519735,state,0.0,0.0,0.0
1787250726.545125484,1787250726.545130014,command,0.0,0.0,0.0
1787250726.613259315,1787250726.612804651,state_stamped,0.0,0.0,0.0
1787250726.613281250,1787250726.613286495,state,0.0,0.0,0.0
1787250726.614978790,1787250726.614987612,command,0.0,0.0,0.0
1787250726.683410645,1787250726.683414221,state,0.0,0.0,0.0
1787250726.683483362,1787250726.682807207,state_stamped,0.0,0.0,0.0
1787250726.685100794,1787250726.685108423,command,0.0,0.0,0.0
1787250726.743375301,1787250726.743378401,state,0.0,0.0,0.0
1787250726.743417263,1787250726.742805004,state_stamped,0.0,0.0,0.0
1787250726.745063305,1787250726.745067835,command,0.0,0.0,0.0
1787250726.813245535,1787250726.813248873,state,0.0,0.0,0.0
1787250726.813276768,1787250726.812805176,state_stamped,0.0,0.0,0.0
1787250726.814974785,1787250726.814984560,command,0.0,0.0,0.0
1787250726.883419991,1787250726.883423328,state,0.0,0.0,0.0
1787250726.883511305,1787250726.882807255,state_stamped,0.0,0.0,0.0
1787250726.885097742,1787250726.885106087,command,0.0,0.0,0.0
1787250726.943449020,1787250726.942796946,state_stamped,0.0,0.0,0.0
1787250726.943480730,1787250726.943487644,state,0.0,0.0,0.0
1787250726.945135832,1787250726.945140362,command,0.0,0.0,0.0
1787250727.013418913,1787250727.012804985,state_stamped,0.0,0.0,0.0
1787250727.013454676,1787250727.013460636,state,0.0,0.0,0.0
1787250727.015324831,1787250727.015332937,command,0.0,0.0,0.0
1787250727.083533049,1787250727.082805157,state_stamped,0.0,0.0,0.0
1787250727.083566904,1787250727.083571911,state,0.0,0.0,0.0
1787250727.085226536,1787250727.085234165,command,0.0,0.0,0.0
1787250727.143513680,1787250727.142805099,state_stamped,0.0,0.0,0.0
1787250727.143548250,1787250727.143553019,state,0.0,0.0,0.0
1787250727.145139694,1787250727.145144224,command,0.0,0.0,0.0
1787250727.213410139,1787250727.212804794,state_stamped,0.0,0.0,0.0
1787250727.213448524,1787250727.213454008,state,0.0,0.0,0.0
1787250727.215071201,1787250727.215077162,command,0.0,0.0,0.0
1787250727.283489704,1787250727.282804728,state_stamped,0.0,0.0,0.0
1787250727.283567190,1787250727.283574343,state,0.0,0.0,0.0
1787250727.285155296,1787250727.285163164,command,0.0,0.0,0.0
1787250727.343485594,1787250727.342804909,state_stamped,0.0,0.0,0.0
1787250727.343507290,1787250727.343511105,state,0.0,0.0,0.0
1787250727.345156670,1787250727.345161438,command,0.0,0.0,0.0
1787250727.413381577,1787250727.412804842,state_stamped,0.0,0.0,0.0
1787250727.413407087,1787250727.413411856,state,0.0,0.0,0.0
1787250727.415115595,1787250727.415124655,command,0.0,0.0,0.0
1787250727.483410835,1787250727.482804775,state_stamped,0.0,0.0,0.0
1787250727.483451366,1787250727.483458519,state,0.0,0.0,0.0
1787250727.485102177,1787250727.485109806,command,0.0,0.0,0.0
1787250727.543502808,1787250727.542805195,state_stamped,0.0,0.0,0.0
1787250727.543523073,1787250727.543527842,state,0.0,0.0,0.0
1787250727.545167208,1787250727.545171499,command,0.0,0.0,0.0
1787250727.613380194,1787250727.612805128,state_stamped,0.0,0.0,0.0
1787250727.613410711,1787250727.613416672,state,0.0,0.0,0.0
1787250727.615118504,1787250727.615127087,command,0.0,0.0,0.0
1787250727.683411598,1787250727.682804823,state_stamped,0.0,0.0,0.0
1787250727.683452606,1787250727.683459282,state,0.0,0.0,0.0
1787250727.685117006,1787250727.685126066,command,0.0,0.0,0.0
1787250727.743501663,1787250727.742805004,state_stamped,0.0,0.0,0.0
1787250727.743599176,1787250727.743602514,state,0.0,0.0,0.0
1787250727.745447397,1787250727.745451450,command,0.0,0.0,0.0
1787250727.813404083,1787250727.812804699,state_stamped,0.0,0.0,0.0
1787250727.813488960,1787250727.813498259,state,0.0,0.0,0.0
1787250727.815335512,1787250727.815341473,command,0.0,0.0,0.0
1787250727.883401394,1787250727.882805347,state_stamped,0.0,0.0,0.0
1787250727.883445740,1787250727.883453369,state,0.0,0.0,0.0
1787250727.885029078,1787250727.885032415,command,0.0,0.0,0.0
1787250727.943552017,1787250727.943557739,state,0.0,0.0,0.0
1787250727.943599701,1787250727.942821264,state_stamped,0.0,0.0,0.0
1787250727.945158005,1787250727.945163250,command,0.0,0.0,0.0
1787250728.013383389,1787250728.013389111,state,0.0,0.0,0.0
1787250728.013469219,1787250728.012804747,state_stamped,0.0,0.0,0.0
1787250728.015295744,1787250728.015300035,command,0.0,0.0,0.0
1787250728.083427191,1787250728.083436012,state,0.0,0.0,0.0
1787250728.083487034,1787250728.082805395,state_stamped,0.0,0.0,0.0
1787250728.086087227,1787250728.086091518,command,0.0,0.0,0.0
1787250728.143514395,1787250728.143519640,state,0.0,0.0,0.0
1787250728.143570423,1787250728.142805099,state_stamped,0.0,0.0,0.0
1787250728.145368099,1787250728.145371199,command,0.0,0.0,0.0
1787250728.213449717,1787250728.213458061,state,0.0,0.0,0.0
1787250728.213567019,1787250728.212805510,state_stamped,0.0,0.0,0.0
1787250728.215178251,1787250728.215183020,command,0.0,0.0,0.0
1787250728.283567429,1787250728.282804728,state_stamped,0.0,0.0,0.0
1787250728.283621073,1787250728.283627272,state,0.0,0.0,0.0
1787250728.285210371,1787250728.285215855,command,0.0,0.0,0.0
1787250728.343556166,1787250728.343560696,state,0.0,0.0,0.0
1787250728.343609810,1787250728.342804909,state_stamped,0.0,0.0,0.0
1787250728.345211983,1787250728.345216751,command,0.0,0.0,0.0
1787250728.413382292,1787250728.413387775,state,0.0,0.0,0.0
1787250728.413444281,1787250728.412804604,state_stamped,0.0,0.0,0.0
1787250728.415092707,1787250728.415097713,command,0.0,0.0,0.0
1787250728.483519793,1787250728.483524323,state,0.0,0.0,0.0
1787250728.483600140,1787250728.482804775,state_stamped,0.0,0.0,0.0
1787250728.485189199,1787250728.485194206,command,0.0,0.0,0.0
1787250728.543547153,1787250728.542804718,state_stamped,0.0,0.0,0.0
1787250728.543627262,1787250728.543632269,state,0.0,0.0,0.0
1787250728.545239210,1787250728.545244694,command,0.0,0.0,0.0
1787250728.613378525,1787250728.612804413,state_stamped,0.0,0.0,0.0
1787250728.613406181,1787250728.613410711,state,0.0,0.0,0.0
1787250728.615135431,1787250728.615140438,command,0.0,0.0,0.0
1787250728.683465719,1787250728.683472633,state,0.0,0.0,0.0
1787250728.683532476,1787250728.682805300,state_stamped,0.0,0.0,0.0
1787250728.685216188,1787250728.685219526,command,0.0,0.0,0.0
1787250728.743529797,1787250728.743535042,state,0.0,0.0,0.0
1787250728.743583202,1787250728.742804527,state_stamped,0.0,0.0,0.0
1787250728.745203972,1787250728.745209455,command,0.0,0.0,0.0
1787250728.813408375,1787250728.812804699,state_stamped,0.0,0.0,0.0
1787250728.813446760,1787250728.813449144,state,0.0,0.0,0.0
1787250728.815241575,1787250728.815246820,command,0.0,0.0,0.0
1787250728.883484125,1787250728.882804632,state_stamped,0.0,0.0,0.0
1787250728.883553267,1787250728.883556843,state,0.0,0.0,0.0
1787250728.885742188,1787250728.885747671,command,0.0,0.0,0.0
1787250728.943400145,1787250728.943403244,state,0.0,0.0,0.0
1787250728.943450928,1787250728.942804813,state_stamped,0.0,0.0,0.0
1787250728.945091486,1787250728.945096970,command,0.0,0.0,0.0
1787250729.013464689,1787250729.012804747,state_stamped,0.0,0.0,0.0
1787250729.013520241,1787250729.013527870,state,0.0,0.0,0.0
1787250729.015442848,1787250729.015459776,command,0.0,0.0,0.0
1787250729.083510637,1787250729.082804441,state_stamped,0.0,0.0,0.0
1787250729.083539724,1787250729.083544016,state,0.0,0.0,0.0
1787250729.085300207,1787250729.085305929,command,0.0,0.0,0.0
1787250729.143504143,1787250729.143507242,state,0.0,0.0,0.0
1787250729.143538713,1787250729.142805099,state_stamped,0.0,0.0,0.0
1787250729.145183086,1787250729.145190716,command,0.0,0.0,0.0
1787250729.213453531,1787250729.212805271,state_stamped,0.0,0.0,0.0
1787250729.213531971,1787250729.213537455,state,0.0,0.0,0.0
1787250729.215377331,1787250729.215382099,command,0.0,0.0,0.0
1787250729.283517361,1787250729.283522367,state,0.0,0.0,0.0
1787250729.283559084,1787250729.282805681,state_stamped,0.0,0.0,0.0
1787250729.285491228,1787250729.285498857,command,0.0,0.0,0.0
1787250729.343419790,1787250729.343432903,state,0.0,0.0,0.0
1787250729.343485355,1787250729.342804909,state_stamped,0.0,0.0,0.0
1787250729.345141411,1787250729.345149040,command,0.0,0.0,0.0
1787250729.413454771,1787250729.413460016,state,0.0,0.0,0.0
1787250729.413552284,1787250729.412805080,state_stamped,0.0,0.0,0.0
1787250729.415398359,1787250729.415404320,command,0.0,0.0,0.0
1787250729.483441114,1787250729.482804537,state_stamped,0.0,0.0,0.0
1787250729.483478785,1787250729.483484268,state,0.0,0.0,0.0
1787250729.485154152,1787250729.485161543,command,0.0,0.0,0.0
1787250729.543439865,1787250729.543445349,state,0.0,0.0,0.0
1787250729.543487072,1787250729.542805195,state_stamped,0.0,0.0,0.0
1787250729.545135260,1787250729.545143366,command,0.0,0.0,0.0
1787250729.613377333,1787250729.612804651,state_stamped,0.0,0.0,0.0
1787250729.613418102,1787250729.613431692,state,0.0,0.0,0.0
1787250729.615435123,1787250729.615440369,command,0.0,0.0,0.0
1787250729.683463097,1787250729.682804823,state_stamped,0.0,0.0,0.0
1787250729.683497906,1787250729.683510303,state,0.0,0.0,0.0
1787250729.685151339,1787250729.685158730,command,0.0,0.0,0.0
1787250729.743515253,1787250729.742805004,state_stamped,0.0,0.0,0.0
1787250729.743557215,1787250729.743561745,state,0.0,0.0,0.0
1787250729.745472431,1787250729.745480537,command,0.0,0.0,0.0
1787250729.813377619,1787250729.813384771,state,0.0,0.0,0.0
1787250729.813463926,1787250729.812804461,state_stamped,0.0,0.0,0.0
1787250729.815388680,1787250729.815393448,command,0.0,0.0,0.0
1787250729.883502245,1787250729.883506060,state,0.0,0.0,0.0
1787250729.883547306,1787250729.882804632,state_stamped,0.0,0.0,0.0
1787250729.885473728,1787250729.885481358,command,0.0,0.0,0.0
1787250729.943471670,1787250729.943475008,state,0.0,0.0,0.0
1787250729.943516016,1787250729.942804813,state_stamped,0.0,0.0,0.0
1787250729.945760012,1787250729.945767879,command,0.0,0.0,0.0
1787250730.013391256,1787250730.013394356,state,0.0,0.0,0.0
1787250730.013463974,1787250730.012805223,state_stamped,0.0,0.0,0.0
1787250730.015353203,1787250730.015360832,command,0.0,0.0,0.0
1787250730.083540916,1787250730.083548069,state,0.0,0.0,0.0
1787250730.083612919,1787250730.082805395,state_stamped,0.0,0.0,0.0
1787250730.086958170,1787250730.086966276,command,0.0,0.0,0.0
1787250730.143511534,1787250730.143516302,state,0.0,0.0,0.0
1787250730.143576145,1787250730.142805338,state_stamped,0.0,0.0,0.0
1787250730.145369053,1787250730.145376921,command,0.0,0.0,0.0
1787250730.213393450,1787250730.213397980,state,0.0,0.0,0.0
1787250730.213463545,1787250730.212805271,state_stamped,0.0,0.0,0.0
1787250730.215399504,1787250730.215403795,command,0.0,0.0,0.0
1787250730.283499956,1787250730.283502817,state,0.0,0.0,0.0
1787250730.283543110,1787250730.282804489,state_stamped,0.0,0.0,0.0
1787250730.285446405,1787250730.285451174,command,0.0,0.0,0.0
1787250730.343502283,1787250730.343507051,state,0.0,0.0,0.0
1787250730.343592644,1787250730.342804670,state_stamped,0.0,0.0,0.0
1787250730.345466852,1787250730.345471382,command,0.0,0.0,0.0
1787250730.413430691,1787250730.413435698,state,0.0,0.0,0.0
1787250730.413506031,1787250730.412805796,state_stamped,0.0,0.0,0.0
1787250730.415419102,1787250730.415423632,command,0.0,0.0,0.0
1787250730.483472824,1787250730.483476162,state,0.0,0.0,0.0
1787250730.483531475,1787250730.482804775,state_stamped,0.0,0.0,0.0
1787250730.485491753,1787250730.485496759,command,0.0,0.0,0.0
1787250730.543499231,1787250730.543503761,state,0.0,0.0,0.0
1787250730.543590307,1787250730.542804480,state_stamped,0.0,0.0,0.0
1787250730.545480013,1787250730.545484543,command,0.0,0.0,0.0
1787250730.613453865,1787250730.613458633,state,0.0,0.0,0.0
1787250730.613545895,1787250730.612804890,state_stamped,0.0,0.0,0.0
1787250730.615404367,1787250730.615408659,command,0.0,0.0,0.0
1787250730.683502197,1787250730.683509588,state,0.0,0.0,0.0
1787250730.683560610,1787250730.682804585,state_stamped,0.0,0.0,0.0
1787250730.685481548,1787250730.685486078,command,0.0,0.0,0.0
1787250730.743565321,1787250730.742804527,state_stamped,0.0,0.0,0.0
1787250730.743614197,1787250730.743621349,state,0.0,0.0,0.0
1787250730.745482206,1787250730.745486259,command,0.0,0.0,0.0
1787250730.813403606,1787250730.813408852,state,0.0,0.0,0.0
1787250730.813507318,1787250730.812817335,state_stamped,0.0,0.0,0.0
1787250730.815404654,1787250730.815408707,command,0.0,0.0,0.0
1787250730.883505821,1787250730.883513451,state,0.0,0.0,0.0
1787250730.883565426,1787250730.882804632,state_stamped,0.0,0.0,0.0
1787250730.885471821,1787250730.885476589,command,0.0,0.0,0.0
1787250730.943485260,1787250730.942804813,state_stamped,0.0,0.0,0.0
1787250730.943528891,1787250730.943536997,state,0.0,0.0,0.0
1787250730.945187807,1787250730.945192099,command,0.0,0.0,0.0
1787250731.013447523,1787250731.012804747,state_stamped,0.0,0.0,0.0
1787250731.013505697,1787250731.013510942,state,0.0,0.0,0.0
1787250731.015288353,1787250731.015296459,command,0.0,0.0,0.0
1787250731.083480597,1787250731.082805395,state_stamped,0.0,0.0,0.0
1787250731.083561420,1787250731.083569050,state,0.0,0.0,0.0
1787250731.085224867,1787250731.085229635,command,0.0,0.0,0.0
1787250731.143513203,1787250731.143520832,state,0.0,0.0,0.0
1787250731.143576860,1787250731.142805099,state_stamped,0.0,0.0,0.0
1787250731.145197868,1787250731.145202398,command,0.0,0.0,0.0
1787250731.213311434,1787250731.212804794,state_stamped,0.0,0.0,0.0
1787250731.213355541,1787250731.213362932,state,0.0,0.0,0.0
1787250731.215129375,1787250731.215133905,command,0.0,0.0,0.0
1787250731.283510685,1787250731.282804966,state_stamped,0.0,0.0,0.0
1787250731.283546925,1787250731.283554316,state,0.0,0.0,0.0
1787250731.285254002,1787250731.285258532,command,0.0,0.0,0.0
1787250731.343479156,1787250731.342805147,state_stamped,0.0,0.0,0.0
1787250731.343523502,1787250731.343531609,state,0.0,0.0,0.0
1787250731.345189810,1787250731.345194340,command,0.0,0.0,0.0
1787250731.413419247,1787250731.413422585,state,0.0,0.0,0.0
1787250731.413516998,1787250731.412805080,state_stamped,0.0,0.0,0.0
1787250731.415260077,1787250731.415264845,command,0.0,0.0,0.0
1787250731.483501673,1787250731.483506918,state,0.0,0.0,0.0
1787250731.483551025,1787250731.482804537,state_stamped,0.0,0.0,0.0
1787250731.485235453,1787250731.485240221,command,0.0,0.0,0.0
1787250731.543484926,1787250731.543489695,state,0.0,0.0,0.0
1787250731.543544054,1787250731.542804956,state_stamped,0.0,0.0,0.0
1787250731.545198441,1787250731.545203209,command,0.0,0.0,0.0
1787250731.613445520,1787250731.613452435,state,0.0,0.0,0.0
1787250731.613498449,1787250731.612805128,state_stamped,0.0,0.0,0.0
1787250731.615272045,1787250731.615276098,command,0.0,0.0,0.0
1787250731.683504820,1787250731.683510780,state,0.0,0.0,0.0
1787250731.683555841,1787250731.682804585,state_stamped,0.0,0.0,0.0
1787250731.685244560,1787250731.685249805,command,0.0,0.0,0.0
1787250731.743477345,1787250731.743483305,state,0.0,0.0,0.0
1787250731.743529797,1787250731.742805004,state_stamped,0.0,0.0,0.0
1787250731.745190620,1787250731.745195627,command,0.0,0.0,0.0
1787250731.813521624,1787250731.812804699,state_stamped,0.0,0.0,0.0
1787250731.813555717,1787250731.813563585,state,0.0,0.0,0.0
1787250731.815445423,1787250731.815450668,command,0.0,0.0,0.0
1787250731.883600473,1787250731.883608103,state,0.0,0.0,0.0
1787250731.883657694,1787250731.882804632,state_stamped,0.0,0.0,0.0
1787250731.885255575,1787250731.885260582,command,0.0,0.0,0.0
1787250731.943542957,1787250731.943547726,state,0.0,0.0,0.0
1787250731.943579912,1787250731.942804575,state_stamped,0.0,0.0,0.0
1787250731.945291519,1787250731.945297003,command,0.0,0.0,0.0
1787250732.013498545,1787250732.013505697,state,0.0,0.0,0.0
1787250732.013612032,1787250732.012804747,state_stamped,0.0,0.0,0.0
1787250732.015606642,1787250732.015611172,command,0.0,0.0,0.0
1787250732.083545685,1787250732.083552599,state,0.0,0.0,0.0
1787250732.083582640,1787250732.082804918,state_stamped,0.0,0.0,0.0
1787250732.085219860,1787250732.085224628,command,0.0,0.0,0.0
1787250732.143371105,1787250732.143379688,state,0.0,0.0,0.0
1787250732.143450022,1787250732.142805338,state_stamped,0.0,0.0,0.0
1787250732.146067142,1787250732.146072865,command,0.0,0.0,0.0
1787250732.213518143,1787250732.213526487,state,0.0,0.0,0.0
1787250732.213571310,1787250732.212805510,state_stamped,0.0,0.0,0.0
1787250732.215689898,1787250732.215697765,command,0.0,0.0,0.0
1787250732.283591509,1787250732.282805204,state_stamped,0.0,0.0,0.0
1787250732.283627033,1787250732.283631802,state,0.0,0.0,0.0
1787250732.285312653,1787250732.285321236,command,0.0,0.0,0.0
1787250732.343607903,1787250732.342804670,state_stamped,0.0,0.0,0.0
1787250732.343646049,1787250732.343651295,state,0.0,0.0,0.0
1787250732.345278025,1787250732.345285654,command,0.0,0.0,0.0
1787250732.413422823,1787250732.413430214,state,0.0,0.0,0.0
1787250732.413528204,1787250732.412805080,state_stamped,0.0,0.0,0.0
1787250732.415462494,1787250732.415469885,command,0.0,0.0,0.0
1787250732.483324528,1787250732.483331680,state,0.0,0.0,0.0
1787250732.483383656,1787250732.482805252,state_stamped,0.0,0.0,0.0
1787250732.485368729,1787250732.485371351,command,0.0,0.0,0.0
1787250732.543362141,1787250732.543368101,state,0.0,0.0,0.0
1787250732.543425322,1787250732.542804956,state_stamped,0.0,0.0,0.0
1787250732.545041084,1787250732.545043468,command,0.0,0.0,0.0
1787250732.613399506,1787250732.613406658,state,0.0,0.0,0.0
1787250732.613466024,1787250732.612804413,state_stamped,0.0,0.0,0.0
1787250732.615386009,1787250732.615390778,command,0.0,0.0,0.0
1787250732.683325529,1787250732.683332682,state,0.0,0.0,0.0
1787250732.683383226,1787250732.682804823,state_stamped,0.0,0.0,0.0
1787250732.685359955,1787250732.685362577,command,0.0,0.0,0.0
1787250732.743364811,1787250732.743371964,state,0.0,0.0,0.0
1787250732.743412256,1787250732.742804766,state_stamped,0.0,0.0,0.0
1787250732.745045662,1787250732.745047808,command,0.0,0.0,0.0
1787250732.813300133,1787250732.812805414,state_stamped,0.0,0.0,0.0
1787250732.813391685,1787250732.813398123,state,0.0,0.0,0.0
1787250732.815342426,1787250732.815345764,command,0.0,0.0,0.0
1787250732.883327723,1787250732.883334637,state,0.0,0.0,0.0
1787250732.883392096,1787250732.882805586,state_stamped,0.0,0.0,0.0
1787250732.885355949,1787250732.885358572,command,0.0,0.0,0.0
1787250732.943411112,1787250732.943424463,state,0.0,0.0,0.0
1787250732.943474770,1787250732.942805052,state_stamped,0.0,0.0,0.0
1787250732.945087910,1787250732.945093155,command,0.0,0.0,0.0
1787250733.013287783,1787250733.013295174,state,0.0,0.0,0.0
1787250733.013400316,1787250733.012804747,state_stamped,0.0,0.0,0.0
1787250733.015494585,1787250733.015499353,command,0.0,0.0,0.0
1787250733.083385944,1787250733.083392143,state,0.0,0.0,0.0
1787250733.083491802,1787250733.082804918,state_stamped,0.0,0.0,0.0
1787250733.085431337,1787250733.085434675,command,0.0,0.0,0.0
