wall_time_s,ros_time_s,kind,pitch_rad,yaw_rad,z
1787249933.074799061,1787249933.074112892,state_stamped,0.0,0.0,0.0
1787249933.074893475,1787249933.074899197,state,0.0,0.0,0.0
1787249933.085327148,1787249933.085332394,command,0.0,0.0,0.0
1787249933.134802341,1787249933.134805918,state,0.0,0.0,0.0
1787249933.134829760,1787249933.134127140,state_stamped,0.0,0.0,0.0
1787249933.137114048,1787249933.137120485,command,0.0,0.0,0.0
1787249933.204734802,1787249933.204740047,state,0.0,0.0,0.0
1787249933.204770088,1787249933.204113007,state_stamped,0.0,0.0,0.0
1787249933.206903696,1787249933.206911325,command,0.0,0.0,0.0
1787249933.274821997,1787249933.274112940,state_stamped,0.0,0.0,0.0
1787249933.274850845,1787249933.274854898,state,0.0,0.0,0.0
1787249933.276595116,1787249933.276601553,command,0.0,0.0,0.0
1787249933.334773540,1787249933.334777117,state,0.0,0.0,0.0
1787249933.334800720,1787249933.334113359,state_stamped,0.0,0.0,0.0
1787249933.336891651,1787249933.336897850,command,0.0,0.0,0.0
1787249933.404772520,1787249933.404780388,state,0.0,0.0,0.0
1787249933.404803991,1787249933.404113054,state_stamped,0.0,0.0,0.0
1787249933.406558752,1787249933.406566620,command,0.0,0.0,0.0
1787249933.474901438,1787249933.474112511,state_stamped,0.0,0.0,0.0
1787249933.474925518,1787249933.474928141,state,0.0,0.0,0.0
1787249933.476533651,1787249933.476540327,command,0.0,0.0,0.0
1787249933.534928560,1787249933.534931421,state,0.0,0.0,0.0
1787249933.534951448,1787249933.534112930,state_stamped,0.0,0.0,0.0
1787249933.536948919,1787249933.536955595,command,0.0,0.0,0.0
1787249933.604744434,1787249933.604748011,state,0.0,0.0,0.0
1787249933.604786634,1787249933.604114532,state_stamped,0.0,0.0,0.0
1787249933.606531382,1787249933.606537580,command,0.0,0.0,0.0
1787249933.664920807,1787249933.664112806,state_stamped,0.0,0.0,0.0
1787249933.664952755,1787249933.664957523,state,0.0,0.0,0.0
1787249933.666589975,1787249933.666597605,command,0.0,0.0,0.0
1787249933.734848499,1787249933.734851360,state,0.0,0.0,0.0
1787249933.734871149,1787249933.734112501,state_stamped,0.0,0.0,0.0
1787249933.736997843,1787249933.737006664,command,0.0,0.0,0.0
1787249933.804790735,1787249933.804794788,state,0.0,0.0,0.0
1787249933.804813862,1787249933.804112673,state_stamped,0.0,0.0,0.0
1787249933.806565523,1787249933.806574583,command,0.0,0.0,0.0
1787249933.874882460,1787249933.874112606,state_stamped,0.0,0.0,0.0
1787249933.874916553,1787249933.874920130,state,0.0,0.0,0.0
1787249933.876514673,1787249933.876522303,command,0.0,0.0,0.0
1787249933.934849977,1787249933.934853792,state,0.0,0.0,0.0
1787249933.934921503,1787249933.934112549,state_stamped,0.0,0.0,0.0
1787249933.936586857,1787249933.936593056,command,0.0,0.0,0.0
1787249934.004749060,1787249934.004755020,state,0.0,0.0,0.0
1787249934.004787207,1787249934.004112720,state_stamped,0.0,0.0,0.0
1787249934.006734848,1787249934.006740808,command,0.0,0.0,0.0
1787249934.074839115,1787249934.074091911,state_stamped,0.0,0.0,0.0
1787249934.074865580,1787249934.074869156,state,0.0,0.0,0.0
1787249934.076582670,1787249934.076590300,command,0.0,0.0,0.0
1787249934.134852648,1787249934.134855986,state,0.0,0.0,0.0
1787249934.134879589,1787249934.134112835,state_stamped,0.0,0.0,0.0
1787249934.136995077,1787249934.137002707,command,0.0,0.0,0.0
1787249934.204895258,1787249934.204898596,state,0.0,0.0,0.0
1787249934.204919100,1787249934.204112291,state_stamped,0.0,0.0,0.0
1787249934.206922054,1787249934.206929445,command,0.0,0.0,0.0
1787249934.265005112,1787249934.264112949,state_stamped,0.0,0.0,0.0
1787249934.265035629,1787249934.265039682,state,0.0,0.0,0.0
1787249934.266634703,1787249934.266643047,command,0.0,0.0,0.0
1787249934.334956884,1787249934.334112644,state_stamped,0.0,0.0,0.0
1787249934.334975004,1787249934.334976912,state,0.0,0.0,0.0
1787249934.337012768,1787249934.337020397,command,0.0,0.0,0.0
1787249934.404831648,1787249934.404834509,state,0.0,0.0,0.0
1787249934.404896259,1787249934.404112816,state_stamped,0.0,0.0,0.0
1787249934.406918764,1787249934.406923771,command,0.0,0.0,0.0
1787249934.474875212,1787249934.474112749,state_stamped,0.0,0.0,0.0
1787249934.474902868,1787249934.474906683,state,0.0,0.0,0.0
1787249934.476601124,1787249934.476608276,command,0.0,0.0,0.0
1787249934.534938097,1787249934.534941912,state,0.0,0.0,0.0
1787249934.534965992,1787249934.534112930,state_stamped,0.0,0.0,0.0
1787249934.536979914,1787249934.536987066,command,0.0,0.0,0.0
1787249934.604821682,1787249934.604828119,state,0.0,0.0,0.0
1787249934.604892015,1787249934.604112387,state_stamped,0.0,0.0,0.0
1787249934.606600046,1787249934.606605053,command,0.0,0.0,0.0
1787249934.674911976,1787249934.674112558,state_stamped,0.0,0.0,0.0
1787249934.674943209,1787249934.674947977,state,0.0,0.0,0.0
1787249934.676532030,1787249934.676540136,command,0.0,0.0,0.0
1787249934.734917164,1787249934.734112978,state_stamped,0.0,0.0,0.0
1787249934.734935999,1787249934.734938383,state,0.0,0.0,0.0
1787249934.736974955,1787249934.736982822,command,0.0,0.0,0.0
1787249934.804823637,1787249934.804826260,state,0.0,0.0,0.0
1787249934.804888725,1787249934.804112673,state_stamped,0.0,0.0,0.0
1787249934.806571007,1787249934.806577206,command,0.0,0.0,0.0
1787249934.874895334,1787249934.874112606,state_stamped,0.0,0.0,0.0
1787249934.874926567,1787249934.874931812,state,0.0,0.0,0.0
1787249934.876488447,1787249934.876494646,command,0.0,0.0,0.0
1787249934.934864521,1787249934.934869051,state,0.0,0.0,0.0
1787249934.934933186,1787249934.934113026,state_stamped,0.0,0.0,0.0
1787249934.936921120,1787249934.936929226,command,0.0,0.0,0.0
1787249935.004829168,1787249935.004835129,state,0.0,0.0,0.0
1787249935.004869461,1787249935.004112244,state_stamped,0.0,0.0,0.0
1787249935.006941557,1787249935.006946564,command,0.0,0.0,0.0
1787249935.074697018,1787249935.074703693,state,0.0,0.0,0.0
1787249935.074749947,1787249935.074112654,state_stamped,0.0,0.0,0.0
1787249935.077308416,1787249935.077314377,command,0.0,0.0,0.0
1787249935.134817839,1787249935.134113312,state_stamped,0.0,0.0,0.0
1787249935.134845972,1787249935.134850264,state,0.0,0.0,0.0
1787249935.136713266,1787249935.136718273,command,0.0,0.0,0.0
1787249935.204720497,1787249935.204725504,state,0.0,0.0,0.0
1787249935.204759121,1787249935.204113007,state_stamped,0.0,0.0,0.0
1787249935.206631422,1787249935.206637383,command,0.0,0.0,0.0
1787249935.274830103,1787249935.274112940,state_stamped,0.0,0.0,0.0
1787249935.274861574,1787249935.274867058,state,0.0,0.0,0.0
1787249935.276740074,1787249935.276744843,command,0.0,0.0,0.0
1787249935.334771156,1787249935.334113359,state_stamped,0.0,0.0,0.0
1787249935.334791183,1787249935.334794044,state,0.0,0.0,0.0
1787249935.336590290,1787249935.336596012,command,0.0,0.0,0.0
1787249935.404722691,1787249935.404725552,state,0.0,0.0,0.0
1787249935.404745817,1787249935.404081583,state_stamped,0.0,0.0,0.0
1787249935.406521797,1787249935.406527281,command,0.0,0.0,0.0
1787249935.464877129,1787249935.464112520,state_stamped,0.0,0.0,0.0
1787249935.464903116,1787249935.464906931,state,0.0,0.0,0.0
1787249935.466946363,1787249935.466949701,command,0.0,0.0,0.0
1787249935.534915209,1787249935.534918547,state,0.0,0.0,0.0
1787249935.534941912,1787249935.534112692,state_stamped,0.0,0.0,0.0
1787249935.536888361,1787249935.536892414,command,0.0,0.0,0.0
1787249935.604669094,1787249935.604112625,state_stamped,0.0,0.0,0.0
1787249935.604687214,1787249935.604689360,state,0.0,0.0,0.0
1787249935.606484175,1787249935.606488228,command,0.0,0.0,0.0
1787249935.674804449,1787249935.674113274,state_stamped,0.0,0.0,0.0
1787249935.674830675,1787249935.674834490,state,0.0,0.0,0.0
1787249935.676573038,1787249935.676575422,command,0.0,0.0,0.0
1787249935.734826326,1787249935.734829664,state,0.0,0.0,0.0
1787249935.734852552,1787249935.734112740,state_stamped,0.0,0.0,0.0
1787249935.736959457,1787249935.736964464,command,0.0,0.0,0.0
1787249935.804760218,1787249935.804764986,state,0.0,0.0,0.0
1787249935.804794073,1787249935.804112434,state_stamped,0.0,0.0,0.0
1787249935.806534052,1787249935.806537867,command,0.0,0.0,0.0
1787249935.874745846,1787249935.874750614,state,0.0,0.0,0.0
1787249935.874783754,1787249935.874112844,state_stamped,0.0,0.0,0.0
1787249935.876533031,1787249935.876537085,command,0.0,0.0,0.0
1787249935.934870958,1787249935.934874773,state,0.0,0.0,0.0
1787249935.934942484,1787249935.934113026,state_stamped,0.0,0.0,0.0
1787249935.936808586,1787249935.936813593,command,0.0,0.0,0.0
1787249936.004747868,1787249936.004753590,state,0.0,0.0,0.0
1787249936.004787922,1787249936.004112482,state_stamped,0.0,0.0,0.0
1787249936.006897926,1787249936.006903648,command,0.0,0.0,0.0
1787249936.074770689,1787249936.074774265,state,0.0,0.0,0.0
1787249936.074812651,1787249936.074112654,state_stamped,0.0,0.0,0.0
1787249936.076576471,1787249936.076586008,command,0.0,0.0,0.0
1787249936.134831667,1787249936.134836674,state,0.0,0.0,0.0
1787249936.134902716,1787249936.134112597,state_stamped,0.0,0.0,0.0
1787249936.136635065,1787249936.136643171,command,0.0,0.0,0.0
1787249936.204805374,1787249936.204112768,state_stamped,0.0,0.0,0.0
1787249936.204836369,1787249936.204840183,state,0.0,0.0,0.0
1787249936.206649542,1787249936.206655025,command,0.0,0.0,0.0
1787249936.274872303,1787249936.274875879,state,0.0,0.0,0.0
1787249936.274899244,1787249936.274112463,state_stamped,0.0,0.0,0.0
1787249936.276603699,1787249936.276611805,command,0.0,0.0,0.0
1787249936.334831476,1787249936.334834576,state,0.0,0.0,0.0
1787249936.334898949,1787249936.334112406,state_stamped,0.0,0.0,0.0
1787249936.336659193,1787249936.336667299,command,0.0,0.0,0.0
1787249936.404803276,1787249936.404112577,state_stamped,0.0,0.0,0.0
1787249936.404834509,1787249936.404838562,state,0.0,0.0,0.0
1787249936.406568050,1787249936.406573534,command,0.0,0.0,0.0
1787249936.474859953,1787249936.474863529,state,0.0,0.0,0.0
1787249936.474887609,1787249936.474112988,state_stamped,0.0,0.0,0.0
1787249936.476621628,1787249936.476629734,command,0.0,0.0,0.0
1787249936.534844875,1787249936.534848213,state,0.0,0.0,0.0
1787249936.534909964,1787249936.534112453,state_stamped,0.0,0.0,0.0
1787249936.536619425,1787249936.536628246,command,0.0,0.0,0.0
1787249936.604828119,1787249936.604113102,state_stamped,0.0,0.0,0.0
1787249936.604848862,1787249936.604851484,state,0.0,0.0,0.0
1787249936.606549263,1787249936.606553078,command,0.0,0.0,0.0
1787249936.674789429,1787249936.674792290,state,0.0,0.0,0.0
1787249936.674811125,1787249936.674113035,state_stamped,0.0,0.0,0.0
1787249936.676585436,1787249936.676590681,command,0.0,0.0,0.0
1787249936.734842777,1787249936.734845638,state,0.0,0.0,0.0
1787249936.734911442,1787249936.734112501,state_stamped,0.0,0.0,0.0
1787249936.736623049,1787249936.736629486,command,0.0,0.0,0.0
1787249936.804723501,1787249936.804727077,state,0.0,0.0,0.0
1787249936.804749012,1787249936.804114342,state_stamped,0.0,0.0,0.0
1787249936.806550980,1787249936.806556702,command,0.0,0.0,0.0
1787249936.874770880,1787249936.874112844,state_stamped,0.0,0.0,0.0
1787249936.874810219,1787249936.874813557,state,0.0,0.0,0.0
1787249936.876581907,1787249936.876587152,command,0.0,0.0,0.0
1787249936.934851408,1787249936.934112787,state_stamped,0.0,0.0,0.0
1787249936.934872866,1787249936.934875488,state,0.0,0.0,0.0
1787249936.936574221,1787249936.936578751,command,0.0,0.0,0.0
1787249937.004823208,1787249937.004831314,state,0.0,0.0,0.0
1787249937.004878521,1787249937.004112959,state_stamped,0.0,0.0,0.0
1787249937.006804943,1787249937.006813526,command,0.0,0.0,0.0
1787249937.074648380,1787249937.074656248,state,0.0,0.0,0.0
1787249937.074703932,1787249937.074112892,state_stamped,0.0,0.0,0.0
1787249937.077226400,1787249937.077232599,command,0.0,0.0,0.0
1787249937.134718180,1787249937.134721756,state,0.0,0.0,0.0
1787249937.134743690,1787249937.134074688,state_stamped,0.0,0.0,0.0
1787249937.136703730,1787249937.136708975,command,0.0,0.0,0.0
1787249937.204736471,1787249937.204112768,state_stamped,0.0,0.0,0.0
1787249937.204826593,1787249937.204831839,state,0.0,0.0,0.0
1787249937.206605196,1787249937.206610441,command,0.0,0.0,0.0
1787249937.274752140,1787249937.274112701,state_stamped,0.0,0.0,0.0
1787249937.274788380,1787249937.274791718,state,0.0,0.0,0.0
1787249937.276621342,1787249937.276626110,command,0.0,0.0,0.0
1787249937.334740639,1787249937.334745407,state,0.0,0.0,0.0
1787249937.334775209,1787249937.334112644,state_stamped,0.0,0.0,0.0
1787249937.336590528,1787249937.336595535,command,0.0,0.0,0.0
1787249937.404662848,1787249937.404668331,state,0.0,0.0,0.0
1787249937.404710293,1787249937.404112816,state_stamped,0.0,0.0,0.0
1787249937.406530380,1787249937.406535625,command,0.0,0.0,0.0
1787249937.474731445,1787249937.474112749,state_stamped,0.0,0.0,0.0
1787249937.474795103,1787249937.474798441,state,0.0,0.0,0.0
1787249937.476587534,1787249937.476593494,command,0.0,0.0,0.0
1787249937.534751892,1787249937.534113169,state_stamped,0.0,0.0,0.0
1787249937.534778833,1787249937.534782648,state,0.0,0.0,0.0
1787249937.536557913,1787249937.536562681,command,0.0,0.0,0.0
1787249937.604671955,1787249937.604112864,state_stamped,0.0,0.0,0.0
1787249937.604699373,1787249937.604702711,state,0.0,0.0,0.0
1787249937.606511593,1787249937.606517315,command,0.0,0.0,0.0
1787249937.674840212,1787249937.674845934,state,0.0,0.0,0.0
1787249937.674880505,1787249937.674113035,state_stamped,0.0,0.0,0.0
1787249937.676635981,1787249937.676641226,command,0.0,0.0,0.0
1787249937.734760523,1787249937.734764338,state,0.0,0.0,0.0
1787249937.734788418,1787249937.734112501,state_stamped,0.0,0.0,0.0
1787249937.736615419,1787249937.736621380,command,0.0,0.0,0.0
1787249937.804777622,1787249937.804112673,state_stamped,0.0,0.0,0.0
1787249937.804853201,1787249937.804856777,state,0.0,0.0,0.0
1787249937.806565523,1787249937.806570530,command,0.0,0.0,0.0
1787249937.874853849,1787249937.874858379,state,0.0,0.0,0.0
1787249937.874887705,1787249937.874112844,state_stamped,0.0,0.0,0.0
1787249937.876635551,1787249937.876641035,command,0.0,0.0,0.0
1787249937.934810877,1787249937.934112549,state_stamped,0.0,0.0,0.0
1787249937.934839010,1787249937.934843063,state,0.0,0.0,0.0
1787249937.936612129,1787249937.936616898,command,0.0,0.0,0.0
1787249938.004811049,1787249938.004112959,state_stamped,0.0,0.0,0.0
1787249938.004894495,1787249938.004898310,state,0.0,0.0,0.0
1787249938.006828308,1787249938.006836414,command,0.0,0.0,0.0
1787249938.074818134,1787249938.074113131,state_stamped,0.0,0.0,0.0
1787249938.074845552,1787249938.074848652,state,0.0,0.0,0.0
1787249938.076707125,1787249938.076712608,command,0.0,0.0,0.0
1787249938.134835243,1787249938.134838581,state,0.0,0.0,0.0
1787249938.134904146,1787249938.134112597,state_stamped,0.0,0.0,0.0
1787249938.136654615,1787249938.136659384,command,0.0,0.0,0.0
1787249938.204800367,1787249938.204112530,state_stamped,0.0,0.0,0.0
1787249938.204828739,1787249938.204831839,state,0.0,0.0,0.0
1787249938.206542492,1787249938.206547499,command,0.0,0.0,0.0
1787249938.274877071,1787249938.274112463,state_stamped,0.0,0.0,0.0
1787249938.274905920,1787249938.274909019,state,0.0,0.0,0.0
1787249938.276615381,1787249938.276620150,command,0.0,0.0,0.0
1787249938.334826231,1787249938.334829330,state,0.0,0.0,0.0
1787249938.334893465,1787249938.334112883,state_stamped,0.0,0.0,0.0
1787249938.336621046,1787249938.336625814,command,0.0,0.0,0.0
1787249938.404750824,1787249938.404755831,state,0.0,0.0,0.0
1787249938.404782295,1787249938.404112816,state_stamped,0.0,0.0,0.0
1787249938.406527996,1787249938.406532764,command,0.0,0.0,0.0
1787249938.474748373,1787249938.474753857,state,0.0,0.0,0.0
1787249938.474798918,1787249938.474112511,state_stamped,0.0,0.0,0.0
1787249938.476613998,1787249938.476618767,command,0.0,0.0,0.0
1787249938.534738779,1787249938.534743786,state,0.0,0.0,0.0
1787249938.534776688,1787249938.534112692,state_stamped,0.0,0.0,0.0
1787249938.536601305,1787249938.536606550,command,0.0,0.0,0.0
1787249938.604753733,1787249938.604759216,state,0.0,0.0,0.0
1787249938.604788542,1787249938.604112625,state_stamped,0.0,0.0,0.0
1787249938.606525183,1787249938.606529951,command,0.0,0.0,0.0
1787249938.674774885,1787249938.674112558,state_stamped,0.0,0.0,0.0
1787249938.674813747,1787249938.674817085,state,0.0,0.0,0.0
1787249938.676645041,1787249938.676650047,command,0.0,0.0,0.0
1787249938.734744072,1787249938.734747410,state,0.0,0.0,0.0
1787249938.734768391,1787249938.734112501,state_stamped,0.0,0.0,0.0
1787249938.736631155,1787249938.736639500,command,0.0,0.0,0.0
1787249938.804780245,1787249938.804785490,state,0.0,0.0,0.0
1787249938.804816246,1787249938.804112434,state_stamped,0.0,0.0,0.0
1787249938.806567669,1787249938.806572437,command,0.0,0.0,0.0
1787249938.874858379,1787249938.874113083,state_stamped,0.0,0.0,0.0
1787249938.874890804,1787249938.874893904,state,0.0,0.0,0.0
1787249938.876628160,1787249938.876633406,command,0.0,0.0,0.0
1787249938.934869051,1787249938.934112787,state_stamped,0.0,0.0,0.0
1787249938.934892893,1787249938.934895277,state,0.0,0.0,0.0
1787249938.936983585,1787249938.936992407,command,0.0,0.0,0.0
1787249939.004714727,1787249939.004720449,state,0.0,0.0,0.0
1787249939.004765272,1787249939.004112959,state_stamped,0.0,0.0,0.0
1787249939.006845713,1787249939.006853819,command,0.0,0.0,0.0
1787249939.074773073,1787249939.074781418,state,0.0,0.0,0.0
1787249939.074822187,1787249939.074112654,state_stamped,0.0,0.0,0.0
1787249939.077245235,1787249939.077251673,command,0.0,0.0,0.0
1787249939.134755135,1787249939.134758472,state,0.0,0.0,0.0
1787249939.134780645,1787249939.134112835,state_stamped,0.0,0.0,0.0
1787249939.136746407,1787249939.136754990,command,0.0,0.0,0.0
1787249939.204811335,1787249939.204112768,state_stamped,0.0,0.0,0.0
1787249939.204855204,1787249939.204859972,state,0.0,0.0,0.0
1787249939.206616879,1787249939.206621647,command,0.0,0.0,0.0
1787249939.274902821,1787249939.274910450,state,0.0,0.0,0.0
1787249939.274955988,1787249939.274113417,state_stamped,0.0,0.0,0.0
1787249939.276671648,1787249939.276677370,command,0.0,0.0,0.0
1787249939.334895611,1787249939.334112644,state_stamped,0.0,0.0,0.0
1787249939.334926605,1787249939.334930658,state,0.0,0.0,0.0
1787249939.336673021,1787249939.336680651,command,0.0,0.0,0.0
1787249939.404750586,1787249939.404757500,state,0.0,0.0,0.0
1787249939.404813051,1787249939.404112577,state_stamped,0.0,0.0,0.0
1787249939.406624794,1787249939.406630993,command,0.0,0.0,0.0
1787249939.474857569,1787249939.474865437,state,0.0,0.0,0.0
1787249939.474965096,1787249939.474112511,state_stamped,0.0,0.0,0.0
1787249939.476658106,1787249939.476663589,command,0.0,0.0,0.0
1787249939.534812689,1787249939.534112930,state_stamped,0.0,0.0,0.0
1787249939.534840584,1787249939.534844398,state,0.0,0.0,0.0
1787249939.536647320,1787249939.536653519,command,0.0,0.0,0.0
1787249939.604816914,1787249939.604824543,state,0.0,0.0,0.0
1787249939.604871273,1787249939.604112864,state_stamped,0.0,0.0,0.0
1787249939.606618404,1787249939.606623411,command,0.0,0.0,0.0
1787249939.674885988,1787249939.674894094,state,0.0,0.0,0.0
1787249939.674941778,1787249939.674112797,state_stamped,0.0,0.0,0.0
1787249939.676652431,1787249939.676657915,command,0.0,0.0,0.0
1787249939.734757900,1787249939.734761953,state,0.0,0.0,0.0
1787249939.734786510,1787249939.734112740,state_stamped,0.0,0.0,0.0
1787249939.736652374,1787249939.736658573,command,0.0,0.0,0.0
1787249939.804698706,1787249939.804704189,state,0.0,0.0,0.0
1787249939.804748774,1787249939.804112673,state_stamped,0.0,0.0,0.0
1787249939.806594610,1787249939.806601048,command,0.0,0.0,0.0
1787249939.874825478,1787249939.874112606,state_stamped,0.0,0.0,0.0
1787249939.874855518,1787249939.874858379,state,0.0,0.0,0.0
1787249939.876620054,1787249939.876627445,command,0.0,0.0,0.0
1787249939.934779644,1787249939.934782743,state,0.0,0.0,0.0
1787249939.934803963,1787249939.934113026,state_stamped,0.0,0.0,0.0
1787249939.936648130,1787249939.936656237,command,0.0,0.0,0.0
1787249940.004739285,1787249940.004745722,state,0.0,0.0,0.0
1787249940.004793644,1787249940.004112959,state_stamped,0.0,0.0,0.0
1787249940.007079840,1787249940.007088423,command,0.0,0.0,0.0
1787249940.074932337,1787249940.074937820,state,0.0,0.0,0.0
1787249940.074970722,1787249940.074112415,state_stamped,0.0,0.0,0.0
1787249940.076791525,1787249940.076797009,command,0.0,0.0,0.0
1787249940.134876013,1787249940.134879351,state,0.0,0.0,0.0
1787249940.134945393,1787249940.134112358,state_stamped,0.0,0.0,0.0
1787249940.136745691,1787249940.136751413,command,0.0,0.0,0.0
1787249940.204912186,1787249940.204917431,state,0.0,0.0,0.0
1787249940.204947233,1787249940.204113007,state_stamped,0.0,0.0,0.0
1787249940.206731319,1787249940.206737518,command,0.0,0.0,0.0
1787249940.274882793,1787249940.274888277,state,0.0,0.0,0.0
1787249940.274932623,1787249940.274112463,state_stamped,0.0,0.0,0.0
1787249940.276759386,1787249940.276765347,command,0.0,0.0,0.0
1787249940.334906578,1787249940.334909678,state,0.0,0.0,0.0
1787249940.334929943,1787249940.334112644,state_stamped,0.0,0.0,0.0
1787249940.336766005,1787249940.336771727,command,0.0,0.0,0.0
1787249940.404836416,1787249940.404841661,state,0.0,0.0,0.0
1787249940.404886723,1787249940.404113054,state_stamped,0.0,0.0,0.0
1787249940.406701326,1787249940.406707048,command,0.0,0.0,0.0
1787249940.474990606,1787249940.474995375,state,0.0,0.0,0.0
1787249940.475021124,1787249940.474112749,state_stamped,0.0,0.0,0.0
1787249940.476794004,1787249940.476799488,command,0.0,0.0,0.0
1787249940.534907341,1787249940.534910440,state,0.0,0.0,0.0
1787249940.534930944,1787249940.534112453,state_stamped,0.0,0.0,0.0
1787249940.536753178,1787249940.536759377,command,0.0,0.0,0.0
1787249940.604924917,1787249940.604930639,state,0.0,0.0,0.0
1787249940.604960918,1787249940.604112625,state_stamped,0.0,0.0,0.0
1787249940.606709480,1787249940.606715441,command,0.0,0.0,0.0
1787249940.674904823,1787249940.674113035,state_stamped,0.0,0.0,0.0
1787249940.674930334,1787249940.674933672,state,0.0,0.0,0.0
1787249940.676782608,1787249940.676789045,command,0.0,0.0,0.0
1787249940.734891176,1787249940.734894276,state,0.0,0.0,0.0
1787249940.734915257,1787249940.734112978,state_stamped,0.0,0.0,0.0
1787249940.736759186,1787249940.736764908,command,0.0,0.0,0.0
1787249940.804913044,1787249940.804918528,state,0.0,0.0,0.0
1787249940.804947615,1787249940.804112911,state_stamped,0.0,0.0,0.0
1787249940.806692123,1787249940.806696415,command,0.0,0.0,0.0
1787249940.874982357,1787249940.874112844,state_stamped,0.0,0.0,0.0
1787249940.875012159,1787249940.875015259,state,0.0,0.0,0.0
1787249940.876791477,1787249940.876796961,command,0.0,0.0,0.0
1787249940.934977055,1787249940.934112787,state_stamped,0.0,0.0,0.0
1787249940.934996128,1787249940.934998512,state,0.0,0.0,0.0
1787249940.936752796,1787249940.936758757,command,0.0,0.0,0.0
1787249941.004853010,1787249941.004858971,state,0.0,0.0,0.0
1787249941.004888773,1787249941.004112959,state_stamped,0.0,0.0,0.0
1787249941.007029772,1787249941.007037640,command,0.0,0.0,0.0
1787249941.074986696,1787249941.074992418,state,0.0,0.0,0.0
1787249941.075072050,1787249941.074112415,state_stamped,0.0,0.0,0.0
1787249941.076965094,1787249941.076970577,command,0.0,0.0,0.0
1787249941.134755373,1787249941.134761333,state,0.0,0.0,0.0
1787249941.134801388,1787249941.134112597,state_stamped,0.0,0.0,0.0
1787249941.136949062,1787249941.136956930,command,0.0,0.0,0.0
1787249941.204845428,1787249941.204112530,state_stamped,0.0,0.0,0.0
1787249941.204884768,1787249941.204890728,state,0.0,0.0,0.0
1787249941.206741571,1787249941.206748486,command,0.0,0.0,0.0
1787249941.274982691,1787249941.274987936,state,0.0,0.0,0.0
1787249941.275016785,1787249941.274112463,state_stamped,0.0,0.0,0.0
1787249941.276787043,1787249941.276795149,command,0.0,0.0,0.0
1787249941.335002661,1787249941.335005760,state,0.0,0.0,0.0
1787249941.335027218,1787249941.334112644,state_stamped,0.0,0.0,0.0
1787249941.336736441,1787249941.336742878,command,0.0,0.0,0.0
1787249941.404917717,1787249941.404112577,state_stamped,0.0,0.0,0.0
1787249941.404946804,1787249941.404949665,state,0.0,0.0,0.0
1787249941.406702042,1787249941.406707525,command,0.0,0.0,0.0
1787249941.474973202,1787249941.474978447,state,0.0,0.0,0.0
1787249941.475008488,1787249941.474112272,state_stamped,0.0,0.0,0.0
1787249941.476753235,1787249941.476758957,command,0.0,0.0,0.0
1787249941.534981012,1787249941.534985065,state,0.0,0.0,0.0
1787249941.535007477,1787249941.534112692,state_stamped,0.0,0.0,0.0
1787249941.536715746,1787249941.536722183,command,0.0,0.0,0.0
1787249941.604918242,1787249941.604112625,state_stamped,0.0,0.0,0.0
1787249941.604947567,1787249941.604950666,state,0.0,0.0,0.0
1787249941.606726408,1787249941.606731415,command,0.0,0.0,0.0
1787249941.674874544,1787249941.674877882,state,0.0,0.0,0.0
1787249941.674898863,1787249941.674112797,state_stamped,0.0,0.0,0.0
1787249941.676744223,1787249941.676749229,command,0.0,0.0,0.0
1787249941.734928608,1787249941.734931946,state,0.0,0.0,0.0
1787249941.734995127,1787249941.734112501,state_stamped,0.0,0.0,0.0
1787249941.736717939,1787249941.736725330,command,0.0,0.0,0.0
1787249941.804903507,1787249941.804112673,state_stamped,0.0,0.0,0.0
1787249941.804920435,1787249941.804922581,state,0.0,0.0,0.0
1787249941.806700468,1787249941.806707144,command,0.0,0.0,0.0
1787249941.874859810,1787249941.874862909,state,0.0,0.0,0.0
1787249941.874882221,1787249941.874112606,state_stamped,0.0,0.0,0.0
1787249941.876753807,1787249941.876759768,command,0.0,0.0,0.0
1787249941.934733391,1787249941.934736013,state,0.0,0.0,0.0
1787249941.934754610,1787249941.934112310,state_stamped,0.0,0.0,0.0
1787249941.936590433,1787249941.936596155,command,0.0,0.0,0.0
1787249942.004847527,1787249942.004853487,state,0.0,0.0,0.0
1787249942.004904509,1787249942.004113674,state_stamped,0.0,0.0,0.0
1787249942.006937027,1787249942.006946564,command,0.0,0.0,0.0
1787249942.074844360,1787249942.074847698,state,0.0,0.0,0.0
1787249942.074894905,1787249942.074112892,state_stamped,0.0,0.0,0.0
1787249942.076718330,1787249942.076724768,command,0.0,0.0,0.0
1787249942.134747982,1787249942.134751320,state,0.0,0.0,0.0
1787249942.134841919,1787249942.134112358,state_stamped,0.0,0.0,0.0
1787249942.136673689,1787249942.136679649,command,0.0,0.0,0.0
1787249942.204650402,1787249942.204653502,state,0.0,0.0,0.0
1787249942.204750538,1787249942.204112530,state_stamped,0.0,0.0,0.0
1787249942.206593752,1787249942.206597567,command,0.0,0.0,0.0
1787249942.274878502,1787249942.274881363,state,0.0,0.0,0.0
1787249942.274969816,1787249942.274112225,state_stamped,0.0,0.0,0.0
1787249942.276747704,1787249942.276753426,command,0.0,0.0,0.0
1787249942.334837437,1787249942.334841490,state,0.0,0.0,0.0
1787249942.334880114,1787249942.334112883,state_stamped,0.0,0.0,0.0
1787249942.336693764,1787249942.336700916,command,0.0,0.0,0.0
1787249942.404736757,1787249942.404740334,state,0.0,0.0,0.0
1787249942.404786348,1787249942.404112339,state_stamped,0.0,0.0,0.0
1787249942.406656027,1787249942.406661987,command,0.0,0.0,0.0
1787249942.474825382,1787249942.474828959,state,0.0,0.0,0.0
1787249942.474886417,1787249942.474112511,state_stamped,0.0,0.0,0.0
1787249942.476721048,1787249942.476727009,command,0.0,0.0,0.0
1787249942.534822464,1787249942.534826040,state,0.0,0.0,0.0
1787249942.534860611,1787249942.534112453,state_stamped,0.0,0.0,0.0
1787249942.536680698,1787249942.536686182,command,0.0,0.0,0.0
1787249942.604733229,1787249942.604737282,state,0.0,0.0,0.0
1787249942.604781389,1787249942.604112864,state_stamped,0.0,0.0,0.0
1787249942.606671333,1787249942.606676579,command,0.0,0.0,0.0
1787249942.674814701,1787249942.674818516,state,0.0,0.0,0.0
1787249942.674868584,1787249942.674112797,state_stamped,0.0,0.0,0.0
1787249942.676737785,1787249942.676744461,command,0.0,0.0,0.0
1787249942.734882355,1787249942.734885216,state,0.0,0.0,0.0
1787249942.734979391,1787249942.734112501,state_stamped,0.0,0.0,0.0
1787249942.736752272,1787249942.736760139,command,0.0,0.0,0.0
1787249942.804803610,1787249942.804806232,state,0.0,0.0,0.0
1787249942.804856539,1787249942.804112673,state_stamped,0.0,0.0,0.0
1787249942.806666613,1787249942.806672096,command,0.0,0.0,0.0
1787249942.874876022,1787249942.874878407,state,0.0,0.0,0.0
1787249942.874917984,1787249942.874112844,state_stamped,0.0,0.0,0.0
1787249942.876744509,1787249942.876750231,command,0.0,0.0,0.0
1787249942.934875250,1787249942.934877396,state,0.0,0.0,0.0
1787249942.934912205,1787249942.934112787,state_stamped,0.0,0.0,0.0
1787249942.936689377,1787249942.936695337,command,0.0,0.0,0.0
1787249943.004849195,1787249943.004855394,state,0.0,0.0,0.0
1787249943.004920721,1787249943.004112959,state_stamped,0.0,0.0,0.0
1787249943.006990671,1787249943.007000208,command,0.0,0.0,0.0
1787249943.074753284,1787249943.074112892,state_stamped,0.0,0.0,0.0
1787249943.074784756,1787249943.074790478,state,0.0,0.0,0.0
1787249943.076709747,1787249943.076714993,command,0.0,0.0,0.0
1787249943.134743452,1787249943.134112835,state_stamped,0.0,0.0,0.0
1787249943.134781122,1787249943.134789228,state,0.0,0.0,0.0
1787249943.137351274,1787249943.137356281,command,0.0,0.0,0.0
1787249943.204844952,1787249943.204113245,state_stamped,0.0,0.0,0.0
1787249943.204878807,1787249943.204886675,state,0.0,0.0,0.0
1787249943.206674337,1787249943.206681252,command,0.0,0.0,0.0
1787249943.274934769,1787249943.274940252,state,0.0,0.0,0.0
1787249943.275027037,1787249943.274112701,state_stamped,0.0,0.0,0.0
1787249943.276863337,1787249943.276869297,command,0.0,0.0,0.0
1787249943.334916353,1787249943.334921837,state,0.0,0.0,0.0
1787249943.335001707,1787249943.334112644,state_stamped,0.0,0.0,0.0
1787249943.336757183,1787249943.336762667,command,0.0,0.0,0.0
1787249943.404809475,1787249943.404814959,state,0.0,0.0,0.0
1787249943.404899359,1787249943.404112816,state_stamped,0.0,0.0,0.0
1787249943.406704903,1787249943.406711102,command,0.0,0.0,0.0
1787249943.474940062,1787249943.474112511,state_stamped,0.0,0.0,0.0
1787249943.474978924,1787249943.474984169,state,0.0,0.0,0.0
1787249943.476770639,1787249943.476776361,command,0.0,0.0,0.0
1787249943.534898996,1787249943.534904242,state,0.0,0.0,0.0
1787249943.534985781,1787249943.534112930,state_stamped,0.0,0.0,0.0
1787249943.536707163,1787249943.536712646,command,0.0,0.0,0.0
1787249943.604782581,1787249943.604787350,state,0.0,0.0,0.0
1787249943.604838133,1787249943.604114056,state_stamped,0.0,0.0,0.0
1787249943.606710196,1787249943.606716156,command,0.0,0.0,0.0
1787249943.674743414,1787249943.674746990,state,0.0,0.0,0.0
1787249943.674822569,1787249943.674112797,state_stamped,0.0,0.0,0.0
1787249943.676474094,1787249943.676479816,command,0.0,0.0,0.0
1787249943.734735012,1787249943.734738588,state,0.0,0.0,0.0
1787249943.734781027,1787249943.734112501,state_stamped,0.0,0.0,0.0
1787249943.736423254,1787249943.736427784,command,0.0,0.0,0.0
1787249943.804797888,1787249943.804112911,state_stamped,0.0,0.0,0.0
1787249943.804830551,1787249943.804835796,state,0.0,0.0,0.0
1787249943.806526423,1787249943.806536674,command,0.0,0.0,0.0
1787249943.874859095,1787249943.874112606,state_stamped,0.0,0.0,0.0
1787249943.874884367,1787249943.874887943,state,0.0,0.0,0.0
1787249943.876595020,1787249943.876604319,command,0.0,0.0,0.0
1787249943.934865475,1787249943.934867859,state,0.0,0.0,0.0
1787249943.934916496,1787249943.934112787,state_stamped,0.0,0.0,0.0
1787249943.936579466,1787249943.936586142,command,0.0,0.0,0.0
1787249944.004692554,1787249944.004112959,state_stamped,0.0,0.0,0.0
1787249944.004727840,1787249944.004735470,state,0.0,0.0,0.0
1787249944.006692648,1787249944.006697893,command,0.0,0.0,0.0
1787249944.074741602,1787249944.074746847,state,0.0,0.0,0.0
1787249944.074804306,1787249944.074112654,state_stamped,0.0,0.0,0.0
1787249944.076493263,1787249944.076500416,command,0.0,0.0,0.0
1787249944.134730339,1787249944.134112835,state_stamped,0.0,0.0,0.0
1787249944.134756088,1787249944.134761810,state,0.0,0.0,0.0
1787249944.136420727,1787249944.136436939,command,0.0,0.0,0.0
1787249944.204690456,1787249944.204695702,state,0.0,0.0,0.0
1787249944.204751253,1787249944.204112530,state_stamped,0.0,0.0,0.0
1787249944.206381083,1787249944.206387043,command,0.0,0.0,0.0
1787249944.274737597,1787249944.274743080,state,0.0,0.0,0.0
1787249944.274799824,1787249944.274112701,state_stamped,0.0,0.0,0.0
1787249944.276474953,1787249944.276480436,command,0.0,0.0,0.0
1787249944.334731817,1787249944.334734678,state,0.0,0.0,0.0
1787249944.334756613,1787249944.334112406,state_stamped,0.0,0.0,0.0
1787249944.336360693,1787249944.336366177,command,0.0,0.0,0.0
1787249944.404688120,1787249944.404690742,state,0.0,0.0,0.0
1787249944.404713154,1787249944.404112339,state_stamped,0.0,0.0,0.0
1787249944.407080650,1787249944.407088757,command,0.0,0.0,0.0
1787249944.474750757,1787249944.474753857,state,0.0,0.0,0.0
1787249944.474773169,1787249944.474112749,state_stamped,0.0,0.0,0.0
1787249944.477035522,1787249944.477044106,command,0.0,0.0,0.0
1787249944.534764767,1787249944.534112453,state_stamped,0.0,0.0,0.0
1787249944.534794569,1787249944.534797668,state,0.0,0.0,0.0
1787249944.536615849,1787249944.536622047,command,0.0,0.0,0.0
1787249944.604707241,1787249944.604713440,state,0.0,0.0,0.0
1787249944.604745388,1787249944.604112864,state_stamped,0.0,0.0,0.0
1787249944.606595755,1787249944.606603861,command,0.0,0.0,0.0
1787249944.674807787,1787249944.674814701,state,0.0,0.0,0.0
1787249944.674844265,1787249944.674113035,state_stamped,0.0,0.0,0.0
1787249944.676655531,1787249944.676663399,command,0.0,0.0,0.0
1787249944.734771729,1787249944.734112740,state_stamped,0.0,0.0,0.0
1787249944.734802723,1787249944.734805822,state,0.0,0.0,0.0
1787249944.736617804,1787249944.736625910,command,0.0,0.0,0.0
1787249944.804726124,1787249944.804112673,state_stamped,0.0,0.0,0.0
1787249944.804755211,1787249944.804758310,state,0.0,0.0,0.0
1787249944.806560993,1787249944.806569815,command,0.0,0.0,0.0
1787249944.874786139,1787249944.874112606,state_stamped,0.0,0.0,0.0
1787249944.874846697,1787249944.874850035,state,0.0,0.0,0.0
1787249944.876638651,1787249944.876646996,command,0.0,0.0,0.0
1787249944.934729099,1787249944.934737682,state,0.0,0.0,0.0
1787249944.934769869,1787249944.934112787,state_stamped,0.0,0.0,0.0
1787249944.936635971,1787249944.936642885,command,0.0,0.0,0.0
1787249945.004659414,1787249945.004666567,state,0.0,0.0,0.0
1787249945.004739761,1787249945.004112720,state_stamped,0.0,0.0,0.0
1787249945.006771088,1787249945.006778717,command,0.0,0.0,0.0
1787249945.074691296,1787249945.074697733,state,0.0,0.0,0.0
1787249945.074743032,1787249945.074112892,state_stamped,0.0,0.0,0.0
1787249945.076498747,1787249945.076505661,command,0.0,0.0,0.0
1787249945.134676695,1787249945.134685516,state,0.0,0.0,0.0
1787249945.134743690,1787249945.134113073,state_stamped,0.0,0.0,0.0
1787249945.137191057,1787249945.137195826,command,0.0,0.0,0.0
1787249945.204664230,1787249945.204668522,state,0.0,0.0,0.0
1787249945.204703808,1787249945.204113722,state_stamped,0.0,0.0,0.0
1787249945.206595421,1787249945.206602335,command,0.0,0.0,0.0
1787249945.274698496,1787249945.274702072,state,0.0,0.0,0.0
1787249945.274735689,1787249945.274112463,state_stamped,0.0,0.0,0.0
1787249945.276502371,1787249945.276509523,command,0.0,0.0,0.0
1787249945.334695578,1787249945.334699631,state,0.0,0.0,0.0
1787249945.334726572,1787249945.334112406,state_stamped,0.0,0.0,0.0
1787249945.336421490,1787249945.336428404,command,0.0,0.0,0.0
1787249945.404671192,1787249945.404674768,state,0.0,0.0,0.0
1787249945.404716730,1787249945.404112339,state_stamped,0.0,0.0,0.0
1787249945.406402349,1787249945.406409502,command,0.0,0.0,0.0
1787249945.474734306,1787249945.474737406,state,0.0,0.0,0.0
1787249945.474780560,1787249945.474112511,state_stamped,0.0,0.0,0.0
1787249945.476469278,1787249945.476476192,command,0.0,0.0,0.0
1787249945.534725666,1787249945.534728289,state,0.0,0.0,0.0
1787249945.534765244,1787249945.534112930,state_stamped,0.0,0.0,0.0
1787249945.536410332,1787249945.536422491,command,0.0,0.0,0.0
1787249945.604658365,1787249945.604660988,state,0.0,0.0,0.0
1787249945.604704618,1787249945.604112625,state_stamped,0.0,0.0,0.0
1787249945.606365919,1787249945.606372833,command,0.0,0.0,0.0
1787249945.674774885,1787249945.674777269,state,0.0,0.0,0.0
1787249945.674818754,1787249945.674112558,state_stamped,0.0,0.0,0.0
1787249945.676535845,1787249945.676542997,command,0.0,0.0,0.0
1787249945.734739304,1787249945.734741926,state,0.0,0.0,0.0
1787249945.734777689,1787249945.734112263,state_stamped,0.0,0.0,0.0
1787249945.736458063,1787249945.736463070,command,0.0,0.0,0.0
1787249945.804696560,1787249945.804699421,state,0.0,0.0,0.0
1787249945.804762363,1787249945.804112911,state_stamped,0.0,0.0,0.0
1787249945.806409121,1787249945.806421995,command,0.0,0.0,0.0
1787249945.874880314,1787249945.874883175,state,0.0,0.0,0.0
1787249945.874936819,1787249945.874112844,state_stamped,0.0,0.0,0.0
1787249945.876570940,1787249945.876578808,command,0.0,0.0,0.0
1787249945.934746027,1787249945.934749126,state,0.0,0.0,0.0
1787249945.934816360,1787249945.934112549,state_stamped,0.0,0.0,0.0
1787249945.936500549,1787249945.936506033,command,0.0,0.0,0.0
1787249946.004687071,1787249946.004693985,state,0.0,0.0,0.0
1787249946.004729748,1787249946.004112720,state_stamped,0.0,0.0,0.0
1787249946.006560087,1787249946.006565809,command,0.0,0.0,0.0
1787249946.074714184,1787249946.074717999,state,0.0,0.0,0.0
1787249946.074758291,1787249946.074112415,state_stamped,0.0,0.0,0.0
1787249946.076444387,1787249946.076451540,command,0.0,0.0,0.0
1787249946.134701729,1787249946.134706259,state,0.0,0.0,0.0
1787249946.134742737,1787249946.134113073,state_stamped,0.0,0.0,0.0
1787249946.136392593,1787249946.136397600,command,0.0,0.0,0.0
1787249946.204701424,1787249946.204704285,state,0.0,0.0,0.0
1787249946.204810381,1787249946.204112530,state_stamped,0.0,0.0,0.0
1787249946.206380844,1787249946.206388474,command,0.0,0.0,0.0
1787249946.274744272,1787249946.274746656,state,0.0,0.0,0.0
1787249946.274856091,1787249946.274112701,state_stamped,0.0,0.0,0.0
1787249946.276437283,1787249946.276444197,command,0.0,0.0,0.0
1787249946.334743977,1787249946.334746599,state,0.0,0.0,0.0
1787249946.334837914,1787249946.334112883,state_stamped,0.0,0.0,0.0
1787249946.336397648,1787249946.336404800,command,0.0,0.0,0.0
1787249946.404687405,1787249946.404689550,state,0.0,0.0,0.0
1787249946.404792309,1787249946.404112816,state_stamped,0.0,0.0,0.0
1787249946.406347036,1787249946.406354427,command,0.0,0.0,0.0
1787249946.474766731,1787249946.474769115,state,0.0,0.0,0.0
1787249946.474832535,1787249946.474113226,state_stamped,0.0,0.0,0.0
1787249946.476469994,1787249946.476475239,command,0.0,0.0,0.0
1787249946.534772873,1787249946.534774780,state,0.0,0.0,0.0
1787249946.534827471,1787249946.534113407,state_stamped,0.0,0.0,0.0
1787249946.536421776,1787249946.536431551,command,0.0,0.0,0.0
1787249946.604699850,1787249946.604701757,state,0.0,0.0,0.0
1787249946.604803324,1787249946.604112625,state_stamped,0.0,0.0,0.0
1787249946.606336355,1787249946.606340885,command,0.0,0.0,0.0
1787249946.674811363,1787249946.674814463,state,0.0,0.0,0.0
1787249946.674859285,1787249946.674112558,state_stamped,0.0,0.0,0.0
1787249946.676697493,1787249946.676703453,command,0.0,0.0,0.0
1787249946.734682083,1787249946.734685421,state,0.0,0.0,0.0
1787249946.734727859,1787249946.734112501,state_stamped,0.0,0.0,0.0
1787249946.736675262,1787249946.736680269,command,0.0,0.0,0.0
1787249946.804679632,1787249946.804682970,state,0.0,0.0,0.0
1787249946.804725170,1787249946.804112673,state_stamped,0.0,0.0,0.0
1787249946.807087183,1787249946.807094336,command,0.0,0.0,0.0
1787249946.874734879,1787249946.874738455,state,0.0,0.0,0.0
1787249946.874782562,1787249946.874113321,state_stamped,0.0,0.0,0.0
1787249946.876465559,1787249946.876473188,command,0.0,0.0,0.0
1787249946.934736490,1787249946.934739828,state,0.0,0.0,0.0
1787249946.934782267,1787249946.934113026,state_stamped,0.0,0.0,0.0
1787249946.936493397,1787249946.936501265,command,0.0,0.0,0.0
1787249947.004675388,1787249947.004683018,state,0.0,0.0,0.0
1787249947.004736662,1787249947.004112959,state_stamped,0.0,0.0,0.0
1787249947.006746531,1787249947.006752014,command,0.0,0.0,0.0
1787249947.074715853,1787249947.074719906,state,0.0,0.0,0.0
1787249947.074806690,1787249947.074112654,state_stamped,0.0,0.0,0.0
1787249947.076473951,1787249947.076480150,command,0.0,0.0,0.0
1787249947.134696960,1787249947.134704113,state,0.0,0.0,0.0
1787249947.134814501,1787249947.134112597,state_stamped,0.0,0.0,0.0
1787249947.137286901,1787249947.137293100,command,0.0,0.0,0.0
1787249947.204643250,1787249947.204648733,state,0.0,0.0,0.0
1787249947.204688311,1787249947.204112291,state_stamped,0.0,0.0,0.0
1787249947.206662416,1787249947.206668377,command,0.0,0.0,0.0
1787249947.274830103,1787249947.274833441,state,0.0,0.0,0.0
1787249947.274875879,1787249947.274112463,state_stamped,0.0,0.0,0.0
1787249947.276925802,1787249947.276931286,command,0.0,0.0,0.0
1787249947.334731579,1787249947.334734678,state,0.0,0.0,0.0
1787249947.334777832,1787249947.334112644,state_stamped,0.0,0.0,0.0
1787249947.337106466,1787249947.337111712,command,0.0,0.0,0.0
1787249947.404720783,1787249947.404724121,state,0.0,0.0,0.0
1787249947.404766798,1787249947.404112577,state_stamped,0.0,0.0,0.0
1787249947.406425953,1787249947.406431198,command,0.0,0.0,0.0
1787249947.474720478,1787249947.474724054,state,0.0,0.0,0.0
1787249947.474767923,1787249947.474112749,state_stamped,0.0,0.0,0.0
1787249947.476452589,1787249947.476457834,command,0.0,0.0,0.0
1787249947.534733534,1787249947.534736872,state,0.0,0.0,0.0
1787249947.534784079,1787249947.534112930,state_stamped,0.0,0.0,0.0
1787249947.536437273,1787249947.536442280,command,0.0,0.0,0.0
1787249947.604694366,1787249947.604697227,state,0.0,0.0,0.0
1787249947.604743481,1787249947.604113102,state_stamped,0.0,0.0,0.0
1787249947.606393099,1787249947.606398106,command,0.0,0.0,0.0
1787249947.674718380,1787249947.674721956,state,0.0,0.0,0.0
1787249947.674766779,1787249947.674112797,state_stamped,0.0,0.0,0.0
1787249947.676400185,1787249947.676405430,command,0.0,0.0,0.0
1787249947.734755278,1787249947.734758854,state,0.0,0.0,0.0
1787249947.734803438,1787249947.734112263,state_stamped,0.0,0.0,0.0
1787249947.736498594,1787249947.736504078,command,0.0,0.0,0.0
1787249947.804683447,1787249947.804687262,state,0.0,0.0,0.0
1787249947.804730892,1787249947.804112911,state_stamped,0.0,0.0,0.0
1787249947.806716204,1787249947.806720734,command,0.0,0.0,0.0
1787249947.874744177,1787249947.874747992,state,0.0,0.0,0.0
1787249947.874790668,1787249947.874112844,state_stamped,0.0,0.0,0.0
1787249947.876781940,1787249947.876789093,command,0.0,0.0,0.0
1787249947.934738636,1787249947.934741974,state,0.0,0.0,0.0
1787249947.934786320,1787249947.934113264,state_stamped,0.0,0.0,0.0
1787249947.936762333,1787249947.936769247,command,0.0,0.0,0.0
1787249948.004710674,1787249948.004718304,state,0.0,0.0,0.0
1787249948.004770994,1787249948.004112720,state_stamped,0.0,0.0,0.0
1787249948.007025480,1787249948.007032633,command,0.0,0.0,0.0
1787249948.074842453,1787249948.074846745,state,0.0,0.0,0.0
1787249948.074932575,1787249948.074112892,state_stamped,0.0,0.0,0.0
1787249948.076860666,1787249948.076866150,command,0.0,0.0,0.0
1787249948.134731054,1787249948.134734631,state,0.0,0.0,0.0
1787249948.134779930,1787249948.134112358,state_stamped,0.0,0.0,0.0
1787249948.136746407,1787249948.136752129,command,0.0,0.0,0.0
1787249948.204696655,1787249948.204699993,state,0.0,0.0,0.0
1787249948.204742908,1787249948.204112291,state_stamped,0.0,0.0,0.0
1787249948.206417322,1787249948.206425667,command,0.0,0.0,0.0
1787249948.274757624,1787249948.274760723,state,0.0,0.0,0.0
1787249948.274803638,1787249948.274112701,state_stamped,0.0,0.0,0.0
1787249948.276762486,1787249948.276767731,command,0.0,0.0,0.0
1787249948.334773779,1787249948.334777117,state,0.0,0.0,0.0
1787249948.334821939,1787249948.334112644,state_stamped,0.0,0.0,0.0
1787249948.336714268,1787249948.336719990,command,0.0,0.0,0.0
1787249948.404702663,1787249948.404706478,state,0.0,0.0,0.0
1787249948.404790163,1787249948.404113054,state_stamped,0.0,0.0,0.0
1787249948.406696081,1787249948.406701565,command,0.0,0.0,0.0
1787249948.474730968,1787249948.474734783,state,0.0,0.0,0.0
1787249948.474776506,1787249948.474112511,state_stamped,0.0,0.0,0.0
1787249948.476715803,1787249948.476721048,command,0.0,0.0,0.0
1787249948.534740925,1787249948.534744024,state,0.0,0.0,0.0
1787249948.534786463,1787249948.534112692,state_stamped,0.0,0.0,0.0
1787249948.536724806,1787249948.536730051,command,0.0,0.0,0.0
1787249948.604695797,1787249948.604698658,state,0.0,0.0,0.0
1787249948.604740858,1787249948.604112625,state_stamped,0.0,0.0,0.0
1787249948.606639385,1787249948.606644392,command,0.0,0.0,0.0
1787249948.674728394,1787249948.674731493,state,0.0,0.0,0.0
1787249948.674774885,1787249948.674112558,state_stamped,0.0,0.0,0.0
1787249948.676693439,1787249948.676698685,command,0.0,0.0,0.0
1787249948.734800100,1787249948.734803438,state,0.0,0.0,0.0
1787249948.734845161,1787249948.734112501,state_stamped,0.0,0.0,0.0
1787249948.736771107,1787249948.736776352,command,0.0,0.0,0.0
1787249948.804701805,1787249948.804704666,state,0.0,0.0,0.0
1787249948.804748774,1787249948.804113150,state_stamped,0.0,0.0,0.0
1787249948.806710005,1787249948.806715488,command,0.0,0.0,0.0
1787249948.874727249,1787249948.874730349,state,0.0,0.0,0.0
1787249948.874774694,1787249948.874113321,state_stamped,0.0,0.0,0.0
1787249948.876691341,1787249948.876696825,command,0.0,0.0,0.0
1787249948.934742451,1787249948.934745789,state,0.0,0.0,0.0
1787249948.934786797,1787249948.934113264,state_stamped,0.0,0.0,0.0
1787249948.936728477,1787249948.936733723,command,0.0,0.0,0.0
1787249949.004810810,1787249949.004817009,state,0.0,0.0,0.0
1787249949.004868746,1787249949.004113197,state_stamped,0.0,0.0,0.0
1787249949.006922007,1787249949.006927013,command,0.0,0.0,0.0
1787249949.074792862,1787249949.074795723,state,0.0,0.0,0.0
1787249949.074881792,1787249949.074112892,state_stamped,0.0,0.0,0.0
1787249949.076749325,1787249949.076755285,command,0.0,0.0,0.0
1787249949.134796381,1787249949.134798288,state,0.0,0.0,0.0
1787249949.134890556,1787249949.134112358,state_stamped,0.0,0.0,0.0
1787249949.136732578,1787249949.136738062,command,0.0,0.0,0.0
1787249949.204620123,1787249949.204627752,state,0.0,0.0,0.0
1787249949.204687357,1787249949.204112768,state_stamped,0.0,0.0,0.0
1787249949.207223892,1787249949.207230091,command,0.0,0.0,0.0
1787249949.274780273,1787249949.274784803,state,0.0,0.0,0.0
1787249949.274868488,1787249949.274112701,state_stamped,0.0,0.0,0.0
1787249949.276854753,1787249949.276860476,command,0.0,0.0,0.0
1787249949.334761143,1787249949.334764481,state,0.0,0.0,0.0
1787249949.334805489,1787249949.334112644,state_stamped,0.0,0.0,0.0
1787249949.336791992,1787249949.336797476,command,0.0,0.0,0.0
1787249949.404711723,1787249949.404715300,state,0.0,0.0,0.0
1787249949.404757500,1787249949.404113293,state_stamped,0.0,0.0,0.0
1787249949.406732798,1787249949.406738281,command,0.0,0.0,0.0
1787249949.474741697,1787249949.474745512,state,0.0,0.0,0.0
1787249949.474787951,1787249949.474112749,state_stamped,0.0,0.0,0.0
1787249949.476774931,1787249949.476780176,command,0.0,0.0,0.0
1787249949.534754753,1787249949.534757853,state,0.0,0.0,0.0
1787249949.534799576,1787249949.534112930,state_stamped,0.0,0.0,0.0
1787249949.536756039,1787249949.536761284,command,0.0,0.0,0.0
1787249949.604713440,1787249949.604716539,state,0.0,0.0,0.0
1787249949.604759455,1787249949.604112864,state_stamped,0.0,0.0,0.0
1787249949.606700659,1787249949.606705904,command,0.0,0.0,0.0
1787249949.674768686,1787249949.674772024,state,0.0,0.0,0.0
1787249949.674815655,1787249949.674112320,state_stamped,0.0,0.0,0.0
1787249949.676732302,1787249949.676738501,command,0.0,0.0,0.0
1787249949.734755754,1787249949.734759092,state,0.0,0.0,0.0
1787249949.734802485,1787249949.734112501,state_stamped,0.0,0.0,0.0
1787249949.736746788,1787249949.736752033,command,0.0,0.0,0.0
1787249949.804718494,1787249949.804721832,state,0.0,0.0,0.0
1787249949.804765463,1787249949.804112673,state_stamped,0.0,0.0,0.0
1787249949.806747913,1787249949.806752920,command,0.0,0.0,0.0
1787249949.874744415,1787249949.874747992,state,0.0,0.0,0.0
1787249949.874789238,1787249949.874112606,state_stamped,0.0,0.0,0.0
1787249949.876728296,1787249949.876733541,command,0.0,0.0,0.0
1787249949.934766293,1787249949.934773922,state,0.0,0.0,0.0
1787249949.934823275,1787249949.934113026,state_stamped,0.0,0.0,0.0
1787249949.936760902,1787249949.936765909,command,0.0,0.0,0.0
1787249950.004791737,1787249950.004797459,state,0.0,0.0,0.0
1787249950.004888296,1787249950.004112482,state_stamped,0.0,0.0,0.0
1787249950.006963015,1787249950.006968260,command,0.0,0.0,0.0
1787249950.074803829,1787249950.074809074,state,0.0,0.0,0.0
1787249950.074895859,1787249950.074112654,state_stamped,0.0,0.0,0.0
1787249950.076732159,1787249950.076737642,command,0.0,0.0,0.0
1787249950.134806871,1787249950.134812117,state,0.0,0.0,0.0
1787249950.134898186,1787249950.134112597,state_stamped,0.0,0.0,0.0
1787249950.136733294,1787249950.136738300,command,0.0,0.0,0.0
1787249950.204648733,1787249950.204653978,state,0.0,0.0,0.0
1787249950.204741001,1787249950.204112291,state_stamped,0.0,0.0,0.0
1787249950.206375360,1787249950.206381083,command,0.0,0.0,0.0
1787249950.274816513,1787249950.274821997,state,0.0,0.0,0.0
1787249950.274916410,1787249950.274112463,state_stamped,0.0,0.0,0.0
1787249950.276792765,1787249950.276799917,command,0.0,0.0,0.0
1787249950.334767580,1787249950.334773302,state,0.0,0.0,0.0
1787249950.334871054,1787249950.334112883,state_stamped,0.0,0.0,0.0
1787249950.336502790,1787249950.336509943,command,0.0,0.0,0.0
1787249950.404642582,1787249950.404648304,state,0.0,0.0,0.0
1787249950.404734612,1787249950.404116631,state_stamped,0.0,0.0,0.0
1787249950.406609774,1787249950.406617165,command,0.0,0.0,0.0
1787249950.474845886,1787249950.474851370,state,0.0,0.0,0.0
1787249950.474895000,1787249950.474112272,state_stamped,0.0,0.0,0.0
1787249950.476755619,1787249950.476764202,command,0.0,0.0,0.0
1787249950.534809351,1787249950.534814835,state,0.0,0.0,0.0
1787249950.534898996,1787249950.534112453,state_stamped,0.0,0.0,0.0
1787249950.536738873,1787249950.536745787,command,0.0,0.0,0.0
1787249950.604630709,1787249950.604636192,state,0.0,0.0,0.0
1787249950.604722977,1787249950.604113340,state_stamped,0.0,0.0,0.0
1787249950.606634855,1787249950.606641054,command,0.0,0.0,0.0
1787249950.674707890,1787249950.674713373,state,0.0,0.0,0.0
1787249950.674758196,1787249950.674112797,state_stamped,0.0,0.0,0.0
1787249950.676694870,1787249950.676699638,command,0.0,0.0,0.0
1787249950.734810591,1787249950.734813213,state,0.0,0.0,0.0
1787249950.734854937,1787249950.734112740,state_stamped,0.0,0.0,0.0
1787249950.736835957,1787249950.736844063,command,0.0,0.0,0.0
1787249950.804824829,1787249950.804832697,state,0.0,0.0,0.0
1787249950.804924965,1787249950.804112434,state_stamped,0.0,0.0,0.0
1787249950.806775808,1787249950.806781530,command,0.0,0.0,0.0
1787249950.874806166,1787249950.874113083,state_stamped,0.0,0.0,0.0
1787249950.874832630,1787249950.874838352,state,0.0,0.0,0.0
1787249950.876764297,1787249950.876769781,command,0.0,0.0,0.0
1787249950.934822083,1787249950.934824705,state,0.0,0.0,0.0
1787249950.934850216,1787249950.934112310,state_stamped,0.0,0.0,0.0
1787249950.936491966,1787249950.936497450,command,0.0,0.0,0.0
1787249951.004786730,1787249951.004113436,state_stamped,0.0,0.0,0.0
1787249951.004814863,1787249951.004819632,state,0.0,0.0,0.0
1787249951.006870031,1787249951.006874800,command,0.0,0.0,0.0
1787249951.074816465,1787249951.074112892,state_stamped,0.0,0.0,0.0
1787249951.074842930,1787249951.074848413,state,0.0,0.0,0.0
1787249951.076853275,1787249951.076858521,command,0.0,0.0,0.0
1787249951.134808779,1787249951.134811878,state,0.0,0.0,0.0
1787249951.134842396,1787249951.134113073,state_stamped,0.0,0.0,0.0
1787249951.136782169,1787249951.136787415,command,0.0,0.0,0.0
1787249951.204646826,1787249951.204113007,state_stamped,0.0,0.0,0.0
1787249951.204689264,1787249951.204698086,state,0.0,0.0,0.0
1787249951.207887411,1787249951.207894087,command,0.0,0.0,0.0
1787249951.274877787,1787249951.274112463,state_stamped,0.0,0.0,0.0
1787249951.274911404,1787249951.274919748,state,0.0,0.0,0.0
1787249951.276999235,1787249951.277004480,command,0.0,0.0,0.0
1787249951.334843397,1787249951.334846497,state,0.0,0.0,0.0
1787249951.334883928,1787249951.334112644,state_stamped,0.0,0.0,0.0
1787249951.336863756,1787249951.336869001,command,0.0,0.0,0.0
1787249951.404736519,1787249951.404112577,state_stamped,0.0,0.0,0.0
1787249951.404763460,1787249951.404768944,state,0.0,0.0,0.0
1787249951.406792879,1787249951.406798363,command,0.0,0.0,0.0
1787249951.474813938,1787249951.474112749,state_stamped,0.0,0.0,0.0
1787249951.474838495,1787249951.474843979,state,0.0,0.0,0.0
1787249951.476810932,1787249951.476816654,command,0.0,0.0,0.0
1787249951.534838676,1787249951.534841776,state,0.0,0.0,0.0
1787249951.534877300,1787249951.534112453,state_stamped,0.0,0.0,0.0
1787249951.536797762,1787249951.536803246,command,0.0,0.0,0.0
1787249951.604765415,1787249951.604112864,state_stamped,0.0,0.0,0.0
1787249951.604789257,1787249951.604794741,state,0.0,0.0,0.0
1787249951.606781244,1787249951.606786489,command,0.0,0.0,0.0
1787249951.674633026,1787249951.674112558,state_stamped,0.0,0.0,0.0
1787249951.674660921,1787249951.674666166,state,0.0,0.0,0.0
1787249951.676431417,1787249951.676436901,command,0.0,0.0,0.0
1787249951.734816551,1787249951.734117031,state_stamped,0.0,0.0,0.0
1787249951.734842300,1787249951.734848261,state,0.0,0.0,0.0
1787249951.736793995,1787249951.736799717,command,0.0,0.0,0.0
1787249951.804743052,1787249951.804112911,state_stamped,0.0,0.0,0.0
1787249951.804767132,1787249951.804772854,state,0.0,0.0,0.0
1787249951.806466579,1787249951.806471825,command,0.0,0.0,0.0
1787249951.874848366,1787249951.874112606,state_stamped,0.0,0.0,0.0
1787249951.874872208,1787249951.874877930,state,0.0,0.0,0.0
1787249951.876860619,1787249951.876867771,command,0.0,0.0,0.0
1787249951.934752464,1787249951.934112549,state_stamped,0.0,0.0,0.0
1787249951.934770107,1787249951.934773207,state,0.0,0.0,0.0
1787249951.936521769,1787249951.936528921,command,0.0,0.0,0.0
1787249952.004738808,1787249952.004112959,state_stamped,0.0,0.0,0.0
1787249952.004770756,1787249952.004776955,state,0.0,0.0,0.0
1787249952.007063627,1787249952.007071257,command,0.0,0.0,0.0
1787249952.074831247,1787249952.074112415,state_stamped,0.0,0.0,0.0
1787249952.074858665,1787249952.074864388,state,0.0,0.0,0.0
1787249952.076847792,1787249952.076854229,command,0.0,0.0,0.0
1787249952.134845495,1787249952.134112597,state_stamped,0.0,0.0,0.0
1787249952.134884596,1787249952.134890318,state,0.0,0.0,0.0
1787249952.136545420,1787249952.136554241,command,0.0,0.0,0.0
1787249952.204748631,1787249952.204112768,state_stamped,0.0,0.0,0.0
1787249952.204792738,1787249952.204801083,state,0.0,0.0,0.0
1787249952.206756830,1787249952.206763029,command,0.0,0.0,0.0
1787249952.274870157,1787249952.274112701,state_stamped,0.0,0.0,0.0
1787249952.274906397,1787249952.274912119,state,0.0,0.0,0.0
1787249952.276826143,1787249952.276833773,command,0.0,0.0,0.0
1787249952.334799767,1787249952.334112883,state_stamped,0.0,0.0,0.0
1787249952.334837198,1787249952.334842920,state,0.0,0.0,0.0
1787249952.336795330,1787249952.336801529,command,0.0,0.0,0.0
1787249952.404729128,1787249952.404734373,state,0.0,0.0,0.0
1787249952.404794455,1787249952.404112816,state_stamped,0.0,0.0,0.0
1787249952.406745434,1787249952.406751394,command,0.0,0.0,0.0
1787249952.474851847,1787249952.474112511,state_stamped,0.0,0.0,0.0
1787249952.474887133,1787249952.474892855,state,0.0,0.0,0.0
1787249952.476765394,1787249952.476772547,command,0.0,0.0,0.0
1787249952.534808874,1787249952.534112453,state_stamped,0.0,0.0,0.0
1787249952.534851074,1787249952.534857035,state,0.0,0.0,0.0
1787249952.536501408,1787249952.536507130,command,0.0,0.0,0.0
1787249952.604799986,1787249952.604113340,state_stamped,0.0,0.0,0.0
1787249952.604827166,1787249952.604832411,state,0.0,0.0,0.0
1787249952.606444597,1787249952.606450081,command,0.0,0.0,0.0
1787249952.674870253,1787249952.674112797,state_stamped,0.0,0.0,0.0
1787249952.674952984,1787249952.674959898,state,0.0,0.0,0.0
1787249952.676800966,1787249952.676806450,command,0.0,0.0,0.0
1787249952.734837532,1787249952.734842539,state,0.0,0.0,0.0
1787249952.734894514,1787249952.734112740,state_stamped,0.0,0.0,0.0
1787249952.736804724,1787249952.736811876,command,0.0,0.0,0.0
1787249952.804747105,1787249952.804112911,state_stamped,0.0,0.0,0.0
1787249952.804780245,1787249952.804788589,state,0.0,0.0,0.0
1787249952.806715727,1787249952.806722403,command,0.0,0.0,0.0
1787249952.874862194,1787249952.874867678,state,0.0,0.0,0.0
1787249952.874940634,1787249952.874112844,state_stamped,0.0,0.0,0.0
1787249952.876741886,1787249952.876749277,command,0.0,0.0,0.0
1787249952.934810162,1787249952.934112787,state_stamped,0.0,0.0,0.0
1787249952.934851170,1787249952.934859753,state,0.0,0.0,0.0
1787249952.936818838,1787249952.936825514,command,0.0,0.0,0.0
1787249953.004781961,1787249953.004113197,state_stamped,0.0,0.0,0.0
1787249953.004833221,1787249953.004839420,state,0.0,0.0,0.0
1787249953.007073879,1787249953.007081985,command,0.0,0.0,0.0
1787249953.074873686,1787249953.074112654,state_stamped,0.0,0.0,0.0
1787249953.074962616,1787249953.074968338,state,0.0,0.0,0.0
1787249953.076842308,1787249953.076851130,command,0.0,0.0,0.0
1787249953.134805441,1787249953.134112835,state_stamped,0.0,0.0,0.0
1787249953.134846449,1787249953.134852171,state,0.0,0.0,0.0
1787249953.136537075,1787249953.136542559,command,0.0,0.0,0.0
1787249953.204627752,1787249953.204635859,state,0.0,0.0,0.0
1787249953.204697371,1787249953.204112768,state_stamped,0.0,0.0,0.0
1787249953.207240105,1787249953.207247019,command,0.0,0.0,0.0
1787249953.274815798,1787249953.274821281,state,0.0,0.0,0.0
1787249953.274913073,1787249953.274112701,state_stamped,0.0,0.0,0.0
1787249953.276666403,1787249953.276671648,command,0.0,0.0,0.0
1787249953.334839582,1787249953.334844828,state,0.0,0.0,0.0
1787249953.334881544,1787249953.334112406,state_stamped,0.0,0.0,0.0
1787249953.336882114,1787249953.336887360,command,0.0,0.0,0.0
1787249953.404779196,1787249953.404784918,state,0.0,0.0,0.0
1787249953.404874086,1787249953.404113054,state_stamped,0.0,0.0,0.0
1787249953.406518221,1787249953.406523943,command,0.0,0.0,0.0
1787249953.474878550,1787249953.474112511,state_stamped,0.0,0.0,0.0
1787249953.474975824,1787249953.474982262,state,0.0,0.0,0.0
1787249953.476907492,1787249953.476916313,command,0.0,0.0,0.0
1787249953.534836769,1787249953.534112692,state_stamped,0.0,0.0,0.0
1787249953.534923077,1787249953.534928560,state,0.0,0.0,0.0
1787249953.536890507,1787249953.536896944,command,0.0,0.0,0.0
1787249953.604765415,1787249953.604770899,state,0.0,0.0,0.0
1787249953.604863644,1787249953.604112864,state_stamped,0.0,0.0,0.0
1787249953.606747150,1787249953.606755733,command,0.0,0.0,0.0
1787249953.674868584,1787249953.674873829,state,0.0,0.0,0.0
1787249953.674962521,1787249953.674112558,state_stamped,0.0,0.0,0.0
1787249953.676841736,1787249953.676847219,command,0.0,0.0,0.0
1787249953.734817982,1787249953.734823465,state,0.0,0.0,0.0
1787249953.734906673,1787249953.734112740,state_stamped,0.0,0.0,0.0
1787249953.736866713,1787249953.736871243,command,0.0,0.0,0.0
1787249953.804779530,1787249953.804785013,state,0.0,0.0,0.0
1787249953.804876328,1787249953.804112911,state_stamped,0.0,0.0,0.0
1787249953.806472778,1787249953.806479931,command,0.0,0.0,0.0
1787249953.874675035,1787249953.874682665,state,0.0,0.0,0.0
1787249953.874728441,1787249953.874112844,state_stamped,0.0,0.0,0.0
1787249953.876978397,1787249953.876987696,command,0.0,0.0,0.0
1787249953.934684753,1787249953.934112787,state_stamped,0.0,0.0,0.0
1787249953.934786081,1787249953.934791327,state,0.0,0.0,0.0
1787249953.936992168,1787249953.936997175,command,0.0,0.0,0.0
1787249954.004870176,1787249954.004112482,state_stamped,0.0,0.0,0.0
1787249954.004985571,1787249954.004992485,state,0.0,0.0,0.0
1787249954.007545233,1787249954.007553339,command,0.0,0.0,0.0
1787249954.074896097,1787249954.074901819,state,0.0,0.0,0.0
1787249954.074996948,1787249954.074112415,state_stamped,0.0,0.0,0.0
1787249954.077074289,1787249954.077083111,command,0.0,0.0,0.0
1787249954.134853363,1787249954.134858847,state,0.0,0.0,0.0
1787249954.134952307,1787249954.134112835,state_stamped,0.0,0.0,0.0
1787249954.136639833,1787249954.136645079,command,0.0,0.0,0.0
1787249954.204607010,1787249954.204113245,state_stamped,0.0,0.0,0.0
1787249954.204633951,1787249954.204639435,state,0.0,0.0,0.0
1787249954.206778526,1787249954.206784010,command,0.0,0.0,0.0
1787249954.274878740,1787249954.274883986,state,0.0,0.0,0.0
1787249954.274976015,1787249954.274112463,state_stamped,0.0,0.0,0.0
1787249954.276947737,1787249954.276955843,command,0.0,0.0,0.0
1787249954.334842443,1787249954.334847927,state,0.0,0.0,0.0
1787249954.334913254,1787249954.334113121,state_stamped,0.0,0.0,0.0
1787249954.336942673,1787249954.336950302,command,0.0,0.0,0.0
1787249954.404603720,1787249954.404112816,state_stamped,0.0,0.0,0.0
1787249954.404653549,1787249954.404659271,state,0.0,0.0,0.0
1787249954.406744480,1787249954.406749964,command,0.0,0.0,0.0
1787249954.474780321,1787249954.474786282,state,0.0,0.0,0.0
1787249954.474834204,1787249954.474112749,state_stamped,0.0,0.0,0.0
1787249954.476836443,1787249954.476844549,command,0.0,0.0,0.0
1787249954.534646988,1787249954.534112692,state_stamped,0.0,0.0,0.0
1787249954.534673929,1787249954.534679890,state,0.0,0.0,0.0
1787249954.536437750,1787249954.536443949,command,0.0,0.0,0.0
1787249954.604724884,1787249954.604730368,state,0.0,0.0,0.0
1787249954.604775190,1787249954.604112625,state_stamped,0.0,0.0,0.0
1787249954.606863260,1787249954.606868744,command,0.0,0.0,0.0
1787249954.674852371,1787249954.674855232,state,0.0,0.0,0.0
1787249954.674909592,1787249954.674112797,state_stamped,0.0,0.0,0.0
1787249954.676898003,1787249954.676903248,command,0.0,0.0,0.0
1787249954.734787226,1787249954.734790802,state,0.0,0.0,0.0
1787249954.734847546,1787249954.734112978,state_stamped,0.0,0.0,0.0
1787249954.736608028,1787249954.736613035,command,0.0,0.0,0.0
1787249954.804577351,1787249954.804582596,state,0.0,0.0,0.0
1787249954.804620504,1787249954.804112911,state_stamped,0.0,0.0,0.0
1787249954.806444407,1787249954.806450605,command,0.0,0.0,0.0
1787249954.874767780,1787249954.874771595,state,0.0,0.0,0.0
1787249954.874836683,1787249954.874112368,state_stamped,0.0,0.0,0.0
1787249954.876589060,1787249954.876595974,command,0.0,0.0,0.0
1787249954.934789419,1787249954.934792519,state,0.0,0.0,0.0
1787249954.934837580,1787249954.934112787,state_stamped,0.0,0.0,0.0
1787249954.937164783,1787249954.937170982,command,0.0,0.0,0.0
1787249955.004706144,1787249955.004712343,state,0.0,0.0,0.0
1787249955.004756927,1787249955.004112959,state_stamped,0.0,0.0,0.0
1787249955.007506371,1787249955.007514954,command,0.0,0.0,0.0
1787249955.074841022,1787249955.074844837,state,0.0,0.0,0.0
1787249955.074929476,1787249955.074112654,state_stamped,0.0,0.0,0.0
1787249955.076661587,1787249955.076669216,command,0.0,0.0,0.0
1787249955.134803295,1787249955.134806633,state,0.0,0.0,0.0
1787249955.134886980,1787249955.134112835,state_stamped,0.0,0.0,0.0
1787249955.136967421,1787249955.136975765,command,0.0,0.0,0.0
1787249955.204787493,1787249955.204792500,state,0.0,0.0,0.0
1787249955.204838991,1787249955.204113007,state_stamped,0.0,0.0,0.0
1787249955.207535028,1787249955.207541943,command,0.0,0.0,0.0
1787249955.274855614,1787249955.274860620,state,0.0,0.0,0.0
1787249955.274947643,1787249955.274113178,state_stamped,0.0,0.0,0.0
1787249955.277044296,1787249955.277051926,command,0.0,0.0,0.0
1787249955.334805965,1787249955.334809303,state,0.0,0.0,0.0
1787249955.334921122,1787249955.334113359,state_stamped,0.0,0.0,0.0
1787249955.336866856,1787249955.336872339,command,0.0,0.0,0.0
1787249955.404591799,1787249955.404594898,state,0.0,0.0,0.0
1787249955.404701233,1787249955.404113054,state_stamped,0.0,0.0,0.0
1787249955.406315804,1787249955.406323433,command,0.0,0.0,0.0
1787249955.474843502,1787249955.474848509,state,0.0,0.0,0.0
1787249955.474929571,1787249955.474112511,state_stamped,0.0,0.0,0.0
1787249955.476917028,1787249955.476922274,command,0.0,0.0,0.0
1787249955.534708738,1787249955.534716129,state,0.0,0.0,0.0
1787249955.534767389,1787249955.534112930,state_stamped,0.0,0.0,0.0
1787249955.536703587,1787249955.536708593,command,0.0,0.0,0.0
1787249955.604780912,1787249955.604112864,state_stamped,0.0,0.0,0.0
1787249955.604887009,1787249955.604893446,state,0.0,0.0,0.0
1787249955.606832981,1787249955.606837988,command,0.0,0.0,0.0
1787249955.674797297,1787249955.674803972,state,0.0,0.0,0.0
1787249955.674862385,1787249955.674113035,state_stamped,0.0,0.0,0.0
1787249955.676962852,1787249955.676968098,command,0.0,0.0,0.0
1787249955.734686613,1787249955.734693050,state,0.0,0.0,0.0
1787249955.734744549,1787249955.734112263,state_stamped,0.0,0.0,0.0
1787249955.736443758,1787249955.736449480,command,0.0,0.0,0.0
1787249955.804532290,1787249955.804538012,state,0.0,0.0,0.0
1787249955.804578304,1787249955.804113388,state_stamped,0.0,0.0,0.0
1787249955.806562901,1787249955.806568384,command,0.0,0.0,0.0
1787249955.874850750,1787249955.874856472,state,0.0,0.0,0.0
1787249955.874910831,1787249955.874112606,state_stamped,0.0,0.0,0.0
1787249955.876899481,1787249955.876905441,command,0.0,0.0,0.0
1787249955.934891462,1787249955.934898138,state,0.0,0.0,0.0
1787249955.934946060,1787249955.934112787,state_stamped,0.0,0.0,0.0
1787249955.936895132,1787249955.936900377,command,0.0,0.0,0.0
1787249956.004677296,1787249956.004683733,state,0.0,0.0,0.0
1787249956.004744291,1787249956.004112959,state_stamped,0.0,0.0,0.0
1787249956.007251978,1787249956.007258177,command,0.0,0.0,0.0
1787249956.074902296,1787249956.074908495,state,0.0,0.0,0.0
1787249956.075012922,1787249956.074112654,state_stamped,0.0,0.0,0.0
1787249956.076997280,1787249956.077002525,command,0.0,0.0,0.0
1787249956.134850979,1787249956.134857178,state,0.0,0.0,0.0
1787249956.134948015,1787249956.134112597,state_stamped,0.0,0.0,0.0
1787249956.136845350,1787249956.136850357,command,0.0,0.0,0.0
1787249956.204683542,1787249956.204690218,state,0.0,0.0,0.0
1787249956.204781771,1787249956.204112768,state_stamped,0.0,0.0,0.0
1787249956.206455946,1787249956.206461906,command,0.0,0.0,0.0
1787249956.274827719,1787249956.274835110,state,0.0,0.0,0.0
1787249956.274893045,1787249956.274112940,state_stamped,0.0,0.0,0.0
1787249956.276842594,1787249956.276847601,command,0.0,0.0,0.0
1787249956.334826708,1787249956.334833384,state,0.0,0.0,0.0
1787249956.334928989,1787249956.334112883,state_stamped,0.0,0.0,0.0
1787249956.336804390,1787249956.336809397,command,0.0,0.0,0.0
1787249956.404818535,1787249956.404824972,state,0.0,0.0,0.0
1787249956.404881239,1787249956.404112816,state_stamped,0.0,0.0,0.0
1787249956.406652212,1787249956.406657219,command,0.0,0.0,0.0
1787249956.474873304,1787249956.474879742,state,0.0,0.0,0.0
1787249956.474934340,1787249956.474112749,state_stamped,0.0,0.0,0.0
1787249956.476923943,1787249956.476931810,command,0.0,0.0,0.0
1787249956.534806728,1787249956.534812689,state,0.0,0.0,0.0
1787249956.534905434,1787249956.534112692,state_stamped,0.0,0.0,0.0
1787249956.536813974,1787249956.536818981,command,0.0,0.0,0.0
1787249956.604798794,1787249956.604804754,state,0.0,0.0,0.0
1787249956.604857683,1787249956.604112864,state_stamped,0.0,0.0,0.0
1787249956.606507540,1787249956.606513500,command,0.0,0.0,0.0
1787249956.674887657,1787249956.674895048,state,0.0,0.0,0.0
1787249956.674957514,1787249956.674112558,state_stamped,0.0,0.0,0.0
1787249956.676950455,1787249956.676955700,command,0.0,0.0,0.0
1787249956.734859228,1787249956.734865665,state,0.0,0.0,0.0
1787249956.734922409,1787249956.734112263,state_stamped,0.0,0.0,0.0
1787249956.736920118,1787249956.736925125,command,0.0,0.0,0.0
1787249956.804822683,1787249956.804828644,state,0.0,0.0,0.0
1787249956.804884672,1787249956.804112434,state_stamped,0.0,0.0,0.0
1787249956.806817055,1787249956.806822062,command,0.0,0.0,0.0
1787249956.874876499,1787249956.874881744,state,0.0,0.0,0.0
1787249956.874934196,1787249956.874112606,state_stamped,0.0,0.0,0.0
1787249956.876590014,1787249956.876595497,command,0.0,0.0,0.0
1787249956.934787273,1787249956.934792757,state,0.0,0.0,0.0
1787249956.934844255,1787249956.934112549,state_stamped,0.0,0.0,0.0
1787249956.936514378,1787249956.936519384,command,0.0,0.0,0.0
1787249957.004846334,1787249957.004853487,state,0.0,0.0,0.0
1787249957.004929781,1787249957.004112720,state_stamped,0.0,0.0,0.0
1787249957.007071972,1787249957.007077932,command,0.0,0.0,0.0
1787249957.074881077,1787249957.074112654,state_stamped,0.0,0.0,0.0
1787249957.074929714,1787249957.074935913,state,0.0,0.0,0.0
1787249957.076704502,1787249957.076710463,command,0.0,0.0,0.0
1787249957.134821177,1787249957.134827614,state,0.0,0.0,0.0
1787249957.134944916,1787249957.134112835,state_stamped,0.0,0.0,0.0
1787249957.136566639,1787249957.136571646,command,0.0,0.0,0.0
1787249957.204813719,1787249957.204112768,state_stamped,0.0,0.0,0.0
1787249957.204916000,1787249957.204922438,state,0.0,0.0,0.0
1787249957.206557274,1787249957.206563473,command,0.0,0.0,0.0
1787249957.274816036,1787249957.274823666,state,0.0,0.0,0.0
1787249957.274937630,1787249957.274113178,state_stamped,0.0,0.0,0.0
1787249957.277537823,1787249957.277546167,command,0.0,0.0,0.0
1787249957.334878922,1787249957.334884644,state,0.0,0.0,0.0
1787249957.334939241,1787249957.334113359,state_stamped,0.0,0.0,0.0
1787249957.336700678,1787249957.336706400,command,0.0,0.0,0.0
1787249957.404757023,1787249957.404762030,state,0.0,0.0,0.0
1787249957.404850721,1787249957.404113293,state_stamped,0.0,0.0,0.0
1787249957.406570435,1787249957.406575918,command,0.0,0.0,0.0
1787249957.474852562,1787249957.474859238,state,0.0,0.0,0.0
1787249957.474955559,1787249957.474112511,state_stamped,0.0,0.0,0.0
1787249957.476643562,1787249957.476648808,command,0.0,0.0,0.0
1787249957.534834623,1787249957.534840584,state,0.0,0.0,0.0
1787249957.534931898,1787249957.534112692,state_stamped,0.0,0.0,0.0
1787249957.536545277,1787249957.536548853,command,0.0,0.0,0.0
1787249957.604755640,1787249957.604761839,state,0.0,0.0,0.0
1787249957.604855299,1787249957.604112625,state_stamped,0.0,0.0,0.0
1787249957.606534719,1787249957.606540918,command,0.0,0.0,0.0
1787249957.674683332,1787249957.674689293,state,0.0,0.0,0.0
1787249957.674777746,1787249957.674112797,state_stamped,0.0,0.0,0.0
1787249957.676524639,1787249957.676530600,command,0.0,0.0,0.0
1787249957.734737635,1787249957.734741688,state,0.0,0.0,0.0
1787249957.734839201,1787249957.734112501,state_stamped,0.0,0.0,0.0
1787249957.736812353,1787249957.736816406,command,0.0,0.0,0.0
1787249957.804749489,1787249957.804753065,state,0.0,0.0,0.0
1787249957.804858208,1787249957.804112911,state_stamped,0.0,0.0,0.0
1787249957.806567430,1787249957.806573153,command,0.0,0.0,0.0
1787249957.874838114,1787249957.874840975,state,0.0,0.0,0.0
1787249957.874935389,1787249957.874112606,state_stamped,0.0,0.0,0.0
1787249957.876638174,1787249957.876644373,command,0.0,0.0,0.0
1787249957.934816837,1787249957.934820652,state,0.0,0.0,0.0
1787249957.934864283,1787249957.934113026,state_stamped,0.0,0.0,0.0
1787249957.936561584,1787249957.936568022,command,0.0,0.0,0.0
1787249958.004836559,1787249958.004112720,state_stamped,0.0,0.0,0.0
1787249958.004892588,1787249958.004899979,state,0.0,0.0,0.0
1787249958.007342577,1787249958.007350683,command,0.0,0.0,0.0
1787249958.074898005,1787249958.074903727,state,0.0,0.0,0.0
1787249958.074961185,1787249958.074112892,state_stamped,0.0,0.0,0.0
1787249958.076762199,1787249958.076766253,command,0.0,0.0,0.0
1787249958.134839058,1787249958.134112597,state_stamped,0.0,0.0,0.0
1787249958.134889364,1787249958.134895325,state,0.0,0.0,0.0
1787249958.136563778,1787249958.136568546,command,0.0,0.0,0.0
1787249958.204772949,1787249958.204776525,state,0.0,0.0,0.0
1787249958.204818726,1787249958.204113007,state_stamped,0.0,0.0,0.0
1787249958.206623077,1787249958.206628323,command,0.0,0.0,0.0
1787249958.274836302,1787249958.274112701,state_stamped,0.0,0.0,0.0
1787249958.274943590,1787249958.274949312,state,0.0,0.0,0.0
1787249958.276611805,1787249958.276616812,command,0.0,0.0,0.0
1787249958.334788799,1787249958.334792376,state,0.0,0.0,0.0
1787249958.334844112,1787249958.334112644,state_stamped,0.0,0.0,0.0
1787249958.336557388,1787249958.336562872,command,0.0,0.0,0.0
1787249958.404779673,1787249958.404783010,state,0.0,0.0,0.0
1787249958.404886961,1787249958.404112816,state_stamped,0.0,0.0,0.0
1787249958.406569481,1787249958.406575680,command,0.0,0.0,0.0
1787249958.474805832,1787249958.474809170,state,0.0,0.0,0.0
1787249958.474913836,1787249958.474112749,state_stamped,0.0,0.0,0.0
1787249958.476669073,1787249958.476675987,command,0.0,0.0,0.0
1787249958.534799576,1787249958.534802914,state,0.0,0.0,0.0
1787249958.534845114,1787249958.534112692,state_stamped,0.0,0.0,0.0
1787249958.536558628,1787249958.536563873,command,0.0,0.0,0.0
1787249958.604682684,1787249958.604685783,state,0.0,0.0,0.0
1787249958.604743481,1787249958.604112625,state_stamped,0.0,0.0,0.0
1787249958.606507540,1787249958.606512785,command,0.0,0.0,0.0
1787249958.674786329,1787249958.674789429,state,0.0,0.0,0.0
1787249958.674833298,1787249958.674112797,state_stamped,0.0,0.0,0.0
1787249958.676608086,1787249958.676613331,command,0.0,0.0,0.0
1787249958.734791756,1787249958.734795332,state,0.0,0.0,0.0
1787249958.734838486,1787249958.734112978,state_stamped,0.0,0.0,0.0
1787249958.736595631,1787249958.736601114,command,0.0,0.0,0.0
1787249958.804703712,1787249958.804706812,state,0.0,0.0,0.0
1787249958.804766417,1787249958.804112911,state_stamped,0.0,0.0,0.0
1787249958.806483746,1787249958.806489229,command,0.0,0.0,0.0
1787249958.874819279,1787249958.874822378,state,0.0,0.0,0.0
1787249958.874918938,1787249958.874112844,state_stamped,0.0,0.0,0.0
1787249958.876628160,1787249958.876634359,command,0.0,0.0,0.0
1787249958.934779406,1787249958.934782743,state,0.0,0.0,0.0
1787249958.934825182,1787249958.934113026,state_stamped,0.0,0.0,0.0
1787249958.936542273,1787249958.936547756,command,0.0,0.0,0.0
1787249959.004736662,1787249959.004741430,state,0.0,0.0,0.0
1787249959.004786968,1787249959.004112720,state_stamped,0.0,0.0,0.0
1787249959.006868124,1787249959.006875992,command,0.0,0.0,0.0
1787249959.074802160,1787249959.074807882,state,0.0,0.0,0.0
1787249959.074913025,1787249959.074113131,state_stamped,0.0,0.0,0.0
1787249959.076684237,1787249959.076690197,command,0.0,0.0,0.0
1787249959.134799719,1787249959.134804487,state,0.0,0.0,0.0
1787249959.134897947,1787249959.134113073,state_stamped,0.0,0.0,0.0
1787249959.136558294,1787249959.136562109,command,0.0,0.0,0.0
1787249959.204817057,1787249959.204822779,state,0.0,0.0,0.0
1787249959.204872847,1787249959.204113245,state_stamped,0.0,0.0,0.0
1787249959.206590891,1787249959.206595898,command,0.0,0.0,0.0
1787249959.274664164,1787249959.274671793,state,0.0,0.0,0.0
1787249959.274718285,1787249959.274112463,state_stamped,0.0,0.0,0.0
1787249959.277273417,1787249959.277280331,command,0.0,0.0,0.0
1787249959.334892988,1787249959.334898472,state,0.0,0.0,0.0
1787249959.334951401,1787249959.334112883,state_stamped,0.0,0.0,0.0
1787249959.336698771,1787249959.336703777,command,0.0,0.0,0.0
1787249959.404815674,1787249959.404821157,state,0.0,0.0,0.0
1787249959.404872179,1787249959.404112816,state_stamped,0.0,0.0,0.0
1787249959.406563282,1787249959.406567574,command,0.0,0.0,0.0
1787249959.474828243,1787249959.474832296,state,0.0,0.0,0.0
1787249959.474940300,1787249959.474113226,state_stamped,0.0,0.0,0.0
1787249959.476693869,1787249959.476699352,command,0.0,0.0,0.0
1787249959.534833431,1787249959.534838438,state,0.0,0.0,0.0
1787249959.534943342,1787249959.534112692,state_stamped,0.0,0.0,0.0
1787249959.536628008,1787249959.536633968,command,0.0,0.0,0.0
1787249959.604733467,1787249959.604737282,state,0.0,0.0,0.0
1787249959.604779720,1787249959.604113340,state_stamped,0.0,0.0,0.0
1787249959.606521606,1787249959.606528282,command,0.0,0.0,0.0
1787249959.674822807,1787249959.674826145,state,0.0,0.0,0.0
1787249959.674922228,1787249959.674113274,state_stamped,0.0,0.0,0.0
1787249959.676664591,1787249959.676670551,command,0.0,0.0,0.0
1787249959.734897852,1787249959.734112501,state_stamped,0.0,0.0,0.0
1787249959.734950066,1787249959.734957933,state,0.0,0.0,0.0
1787249959.736587048,1787249959.736591339,command,0.0,0.0,0.0
1787249959.804711103,1787249959.804716349,state,0.0,0.0,0.0
1787249959.804800987,1787249959.804117203,state_stamped,0.0,0.0,0.0
1787249959.806532621,1787249959.806538582,command,0.0,0.0,0.0
1787249959.874857426,1787249959.874864578,state,0.0,0.0,0.0
1787249959.874912500,1787249959.874113321,state_stamped,0.0,0.0,0.0
1787249959.876617670,1787249959.876624584,command,0.0,0.0,0.0
1787249959.934852600,1787249959.934113026,state_stamped,0.0,0.0,0.0
1787249959.934903145,1787249959.934911013,state,0.0,0.0,0.0
1787249959.936568022,1787249959.936573267,command,0.0,0.0,0.0
1787249960.004772902,1787249960.004779100,state,0.0,0.0,0.0
1787249960.004864693,1787249960.004117250,state_stamped,0.0,0.0,0.0
1787249960.006961346,1787249960.006969690,command,0.0,0.0,0.0
1787249960.074785233,1787249960.074793816,state,0.0,0.0,0.0
1787249960.074884892,1787249960.074112892,state_stamped,0.0,0.0,0.0
1787249960.076663256,1787249960.076668978,command,0.0,0.0,0.0
1787249960.134879827,1787249960.134112597,state_stamped,0.0,0.0,0.0
1787249960.134930372,1787249960.134938717,state,0.0,0.0,0.0
1787249960.136565447,1787249960.136570692,command,0.0,0.0,0.0
1787249960.204726696,1787249960.204731941,state,0.0,0.0,0.0
1787249960.204788923,1787249960.204112530,state_stamped,0.0,0.0,0.0
1787249960.206599951,1787249960.206605673,command,0.0,0.0,0.0
1787249960.274822235,1787249960.274112463,state_stamped,0.0,0.0,0.0
1787249960.274873972,1787249960.274881601,state,0.0,0.0,0.0
1787249960.276632547,1787249960.276639938,command,0.0,0.0,0.0
1787249960.334767103,1787249960.334112883,state_stamped,0.0,0.0,0.0
1787249960.334825754,1787249960.334833622,state,0.0,0.0,0.0
1787249960.336527824,1787249960.336533308,command,0.0,0.0,0.0
1787249960.404688358,1787249960.404695511,state,0.0,0.0,0.0
1787249960.404757738,1787249960.404112816,state_stamped,0.0,0.0,0.0
1787249960.406543255,1787249960.406549215,command,0.0,0.0,0.0
1787249960.474777937,1787249960.474782944,state,0.0,0.0,0.0
1787249960.474861383,1787249960.474112511,state_stamped,0.0,0.0,0.0
1787249960.476605654,1787249960.476612091,command,0.0,0.0,0.0
1787249960.534833670,1787249960.534112453,state_stamped,0.0,0.0,0.0
1787249960.534884214,1787249960.534891844,state,0.0,0.0,0.0
1787249960.536560535,1787249960.536565781,command,0.0,0.0,0.0
1787249960.604701281,1787249960.604112387,state_stamped,0.0,0.0,0.0
1787249960.604747295,1787249960.604755163,state,0.0,0.0,0.0
1787249960.606508970,1787249960.606514215,command,0.0,0.0,0.0
1787249960.674752951,1787249960.674758434,state,0.0,0.0,0.0
1787249960.674848318,1787249960.674112797,state_stamped,0.0,0.0,0.0
1787249960.676575899,1787249960.676582575,command,0.0,0.0,0.0
1787249960.734775305,1787249960.734782696,state,0.0,0.0,0.0
1787249960.734832048,1787249960.734112740,state_stamped,0.0,0.0,0.0
1787249960.736608744,1787249960.736614466,command,0.0,0.0,0.0
1787249960.804759741,1787249960.804767370,state,0.0,0.0,0.0
1787249960.804818392,1787249960.804112673,state_stamped,0.0,0.0,0.0
1787249960.806519508,1787249960.806524754,command,0.0,0.0,0.0
1787249960.874797821,1787249960.874804974,state,0.0,0.0,0.0
1787249960.874856710,1787249960.874112606,state_stamped,0.0,0.0,0.0
1787249960.876634121,1787249960.876640558,command,0.0,0.0,0.0
1787249960.934860468,1787249960.934867859,state,0.0,0.0,0.0
1787249960.934921026,1787249960.934112787,state_stamped,0.0,0.0,0.0
1787249960.936564445,1787249960.936569929,command,0.0,0.0,0.0
1787249961.004758120,1787249961.004764318,state,0.0,0.0,0.0
1787249961.004807711,1787249961.004113197,state_stamped,0.0,0.0,0.0
1787249961.006791830,1787249961.006799936,command,0.0,0.0,0.0
1787249961.074863434,1787249961.074871063,state,0.0,0.0,0.0
1787249961.074922562,1787249961.074113131,state_stamped,0.0,0.0,0.0
1787249961.076659918,1787249961.076665878,command,0.0,0.0,0.0
1787249961.134795666,1787249961.134800911,state,0.0,0.0,0.0
1787249961.134891987,1787249961.134113550,state_stamped,0.0,0.0,0.0
1787249961.136562347,1787249961.136567831,command,0.0,0.0,0.0
1787249961.204729080,1787249961.204734325,state,0.0,0.0,0.0
1787249961.204788685,1787249961.204112530,state_stamped,0.0,0.0,0.0
1787249961.206555605,1787249961.206561089,command,0.0,0.0,0.0
1787249961.274678230,1787249961.274686575,state,0.0,0.0,0.0
1787249961.274734259,1787249961.274112940,state_stamped,0.0,0.0,0.0
1787249961.277267456,1787249961.277273655,command,0.0,0.0,0.0
1787249961.334802866,1787249961.334813118,state,0.0,0.0,0.0
1787249961.334846973,1787249961.334112883,state_stamped,0.0,0.0,0.0
1787249961.336714983,1787249961.336721182,command,0.0,0.0,0.0
1787249961.404701471,1787249961.404706717,state,0.0,0.0,0.0
1787249961.404765129,1787249961.404112816,state_stamped,0.0,0.0,0.0
1787249961.406558752,1787249961.406564951,command,0.0,0.0,0.0
1787249961.474864960,1787249961.474872351,state,0.0,0.0,0.0
1787249961.474923849,1787249961.474112749,state_stamped,0.0,0.0,0.0
1787249961.476635695,1787249961.476640701,command,0.0,0.0,0.0
1787249961.534760952,1787249961.534112692,state_stamped,0.0,0.0,0.0
1787249961.534861326,1787249961.534869909,state,0.0,0.0,0.0
1787249961.536556005,1787249961.536559820,command,0.0,0.0,0.0
1787249961.604704142,1787249961.604112625,state_stamped,0.0,0.0,0.0
1787249961.604741812,1787249961.604748726,state,0.0,0.0,0.0
1787249961.606518745,1787249961.606522322,command,0.0,0.0,0.0
1787249961.674829245,1787249961.674113035,state_stamped,0.0,0.0,0.0
1787249961.674883842,1787249961.674891472,state,0.0,0.0,0.0
1787249961.676599979,1787249961.676603556,command,0.0,0.0,0.0
1787249961.734729290,1787249961.734112501,state_stamped,0.0,0.0,0.0
1787249961.734774351,1787249961.734782219,state,0.0,0.0,0.0
1787249961.736569166,1787249961.736573458,command,0.0,0.0,0.0
1787249961.804744959,1787249961.804750681,state,0.0,0.0,0.0
1787249961.804797411,1787249961.804112673,state_stamped,0.0,0.0,0.0
1787249961.806507111,1787249961.806513309,command,0.0,0.0,0.0
1787249961.874850512,1787249961.874112368,state_stamped,0.0,0.0,0.0
1787249961.874897242,1787249961.874905586,state,0.0,0.0,0.0
1787249961.876559734,1787249961.876565456,command,0.0,0.0,0.0
1787249961.934826851,1787249961.934832335,state,0.0,0.0,0.0
1787249961.934912682,1787249961.934112549,state_stamped,0.0,0.0,0.0
1787249961.936588049,1787249961.936593294,command,0.0,0.0,0.0
1787249962.004732847,1787249962.004740953,state,0.0,0.0,0.0
1787249962.004798174,1787249962.004112720,state_stamped,0.0,0.0,0.0
1787249962.006839275,1787249962.006845474,command,0.0,0.0,0.0
1787249962.074798346,1787249962.074113369,state_stamped,0.0,0.0,0.0
1787249962.074885607,1787249962.074893713,state,0.0,0.0,0.0
1787249962.076675653,1787249962.076680899,command,0.0,0.0,0.0
1787249962.134790182,1787249962.134112358,state_stamped,0.0,0.0,0.0
1787249962.134868383,1787249962.134878159,state,0.0,0.0,0.0
1787249962.136599302,1787249962.136604786,command,0.0,0.0,0.0
1787249962.204756737,1787249962.204112768,state_stamped,0.0,0.0,0.0
1787249962.204799175,1787249962.204807281,state,0.0,0.0,0.0
1787249962.206584215,1787249962.206589460,command,0.0,0.0,0.0
1787249962.274787188,1787249962.274791956,state,0.0,0.0,0.0
1787249962.274874210,1787249962.274112701,state_stamped,0.0,0.0,0.0
1787249962.276600361,1787249962.276605368,command,0.0,0.0,0.0
1787249962.334777355,1787249962.334780693,state,0.0,0.0,0.0
1787249962.334834099,1787249962.334112883,state_stamped,0.0,0.0,0.0
1787249962.336588144,1787249962.336593151,command,0.0,0.0,0.0
1787249962.404729366,1787249962.404112816,state_stamped,0.0,0.0,0.0
1787249962.404766560,1787249962.404771805,state,0.0,0.0,0.0
1787249962.406495333,1787249962.406500578,command,0.0,0.0,0.0
1787249962.474818230,1787249962.474823236,state,0.0,0.0,0.0
1787249962.474867105,1787249962.474112511,state_stamped,0.0,0.0,0.0
1787249962.476619482,1787249962.476624727,command,0.0,0.0,0.0
1787249962.534755945,1787249962.534760475,state,0.0,0.0,0.0
1787249962.534854412,1787249962.534112692,state_stamped,0.0,0.0,0.0
1787249962.536554813,1787249962.536559820,command,0.0,0.0,0.0
1787249962.604736090,1787249962.604740858,state,0.0,0.0,0.0
1787249962.604837418,1787249962.604112864,state_stamped,0.0,0.0,0.0
1787249962.606544971,1787249962.606549978,command,0.0,0.0,0.0
1787249962.674849749,1787249962.674112797,state_stamped,0.0,0.0,0.0
1787249962.674929380,1787249962.674936295,state,0.0,0.0,0.0
1787249962.676642656,1787249962.676647425,command,0.0,0.0,0.0
1787249962.734826565,1787249962.734112978,state_stamped,0.0,0.0,0.0
1787249962.734870195,1787249962.734878778,state,0.0,0.0,0.0
1787249962.736639500,1787249962.736644506,command,0.0,0.0,0.0
1787249962.804783344,1787249962.804112434,state_stamped,0.0,0.0,0.0
1787249962.804822206,1787249962.804827213,state,0.0,0.0,0.0
1787249962.806555033,1787249962.806560040,command,0.0,0.0,0.0
1787249962.874879837,1787249962.874112844,state_stamped,0.0,0.0,0.0
1787249962.874920607,1787249962.874925375,state,0.0,0.0,0.0
1787249962.876644373,1787249962.876649618,command,0.0,0.0,0.0
1787249962.934803009,1787249962.934806347,state,0.0,0.0,0.0
1787249962.934894800,1787249962.934112787,state_stamped,0.0,0.0,0.0
1787249962.936603069,1787249962.936607838,command,0.0,0.0,0.0
1787249963.004616022,1787249963.004619598,state,0.0,0.0,0.0
1787249963.004658461,1787249963.004112959,state_stamped,0.0,0.0,0.0
1787249963.006503820,1787249963.006512403,command,0.0,0.0,0.0
1787249963.074802637,1787249963.074805260,state,0.0,0.0,0.0
1787249963.074838638,1787249963.074112654,state_stamped,0.0,0.0,0.0
1787249963.076678514,1787249963.076683998,command,0.0,0.0,0.0
1787249963.134818077,1787249963.134113073,state_stamped,0.0,0.0,0.0
1787249963.134901285,1787249963.134907961,state,0.0,0.0,0.0
1787249963.136600256,1787249963.136605740,command,0.0,0.0,0.0
1787249963.204790354,1787249963.204798222,state,0.0,0.0,0.0
1787249963.204889059,1787249963.204112768,state_stamped,0.0,0.0,0.0
1787249963.206628799,1787249963.206634045,command,0.0,0.0,0.0
1787249963.274791002,1787249963.274799347,state,0.0,0.0,0.0
1787249963.274850845,1787249963.274112701,state_stamped,0.0,0.0,0.0
1787249963.276812315,1787249963.276817560,command,0.0,0.0,0.0
1787249963.334737778,1787249963.334112644,state_stamped,0.0,0.0,0.0
1787249963.334775448,1787249963.334781885,state,0.0,0.0,0.0
1787249963.337090254,1787249963.337095976,command,0.0,0.0,0.0
1787249963.404725552,1787249963.404729128,state,0.0,0.0,0.0
1787249963.404770136,1787249963.404112577,state_stamped,0.0,0.0,0.0
1787249963.406620979,1787249963.406628370,command,0.0,0.0,0.0
1787249963.474785328,1787249963.474787951,state,0.0,0.0,0.0
1787249963.474840164,1787249963.474112988,state_stamped,0.0,0.0,0.0
1787249963.476677895,1787249963.476683855,command,0.0,0.0,0.0
1787249963.534742832,1787249963.534747362,state,0.0,0.0,0.0
1787249963.534807920,1787249963.534112930,state_stamped,0.0,0.0,0.0
1787249963.536448240,1787249963.536454201,command,0.0,0.0,0.0
1787249963.604594707,1787249963.604112387,state_stamped,0.0,0.0,0.0
1787249963.604636908,1787249963.604642153,state,0.0,0.0,0.0
1787249963.606459856,1787249963.606467009,command,0.0,0.0,0.0
1787249963.674789667,1787249963.674795151,state,0.0,0.0,0.0
1787249963.674850464,1787249963.674112797,state_stamped,0.0,0.0,0.0
1787249963.676624537,1787249963.676630020,command,0.0,0.0,0.0
1787249963.734754562,1787249963.734757662,state,0.0,0.0,0.0
1787249963.734800100,1787249963.734112740,state_stamped,0.0,0.0,0.0
1787249963.736611843,1787249963.736617565,command,0.0,0.0,0.0
1787249963.804692507,1787249963.804112911,state_stamped,0.0,0.0,0.0
1787249963.804723740,1787249963.804728508,state,0.0,0.0,0.0
1787249963.806585789,1787249963.806591511,command,0.0,0.0,0.0
1787249963.874787807,1787249963.874791145,state,0.0,0.0,0.0
1787249963.874843836,1787249963.874112368,state_stamped,0.0,0.0,0.0
1787249963.876659870,1787249963.876665831,command,0.0,0.0,0.0
1787249963.934767008,1787249963.934112549,state_stamped,0.0,0.0,0.0
1787249963.934862852,1787249963.934868336,state,0.0,0.0,0.0
1787249963.936609983,1787249963.936615467,command,0.0,0.0,0.0
1787249964.004711151,1787249964.004112482,state_stamped,0.0,0.0,0.0
1787249964.004768372,1787249964.004774809,state,0.0,0.0,0.0
1787249964.006840944,1787249964.006848812,command,0.0,0.0,0.0
1787249964.074753284,1787249964.074757338,state,0.0,0.0,0.0
1787249964.074844599,1787249964.074112654,state_stamped,0.0,0.0,0.0
1787249964.076681614,1787249964.076687813,command,0.0,0.0,0.0
1787249964.134786367,1787249964.134789705,state,0.0,0.0,0.0
1787249964.134870291,1787249964.134113073,state_stamped,0.0,0.0,0.0
1787249964.136615515,1787249964.136620522,command,0.0,0.0,0.0
1787249964.204717875,1787249964.204112530,state_stamped,0.0,0.0,0.0
1787249964.204801321,1787249964.204806089,state,0.0,0.0,0.0
1787249964.206608534,1787249964.206613779,command,0.0,0.0,0.0
1787249964.274753809,1787249964.274758101,state,0.0,0.0,0.0
1787249964.274788618,1787249964.274112701,state_stamped,0.0,0.0,0.0
1787249964.276626348,1787249964.276633263,command,0.0,0.0,0.0
1787249964.334851265,1787249964.334857225,state,0.0,0.0,0.0
1787249964.334903002,1787249964.334112406,state_stamped,0.0,0.0,0.0
1787249964.336636782,1787249964.336641550,command,0.0,0.0,0.0
1787249964.404753923,1787249964.404112577,state_stamped,0.0,0.0,0.0
1787249964.404844999,1787249964.404850483,state,0.0,0.0,0.0
1787249964.406586409,1787249964.406591177,command,0.0,0.0,0.0
1787249964.474801064,1787249964.474805355,state,0.0,0.0,0.0
1787249964.474893332,1787249964.474112749,state_stamped,0.0,0.0,0.0
1787249964.476670504,1787249964.476675987,command,0.0,0.0,0.0
1787249964.534792900,1787249964.534796715,state,0.0,0.0,0.0
1787249964.534883499,1787249964.534112930,state_stamped,0.0,0.0,0.0
1787249964.536618471,1787249964.536623716,command,0.0,0.0,0.0
1787249964.604750633,1787249964.604754210,state,0.0,0.0,0.0
1787249964.604811192,1787249964.604112864,state_stamped,0.0,0.0,0.0
1787249964.606602907,1787249964.606609821,command,0.0,0.0,0.0
1787249964.674810886,1787249964.674815178,state,0.0,0.0,0.0
1787249964.674901724,1787249964.674112797,state_stamped,0.0,0.0,0.0
1787249964.676647663,1787249964.676652908,command,0.0,0.0,0.0
1787249964.734837770,1787249964.734841108,state,0.0,0.0,0.0
1787249964.734927177,1787249964.734112978,state_stamped,0.0,0.0,0.0
1787249964.736691713,1787249964.736696720,command,0.0,0.0,0.0
1787249964.804705381,1787249964.804708958,state,0.0,0.0,0.0
1787249964.804746866,1787249964.804112911,state_stamped,0.0,0.0,0.0
1787249964.806436539,1787249964.806442499,command,0.0,0.0,0.0
1787249964.874816418,1787249964.874819756,state,0.0,0.0,0.0
1787249964.874905586,1787249964.874112606,state_stamped,0.0,0.0,0.0
1787249964.876679420,1787249964.876685143,command,0.0,0.0,0.0
1787249964.934831381,1787249964.934834480,state,0.0,0.0,0.0
1787249964.934869051,1787249964.934112787,state_stamped,0.0,0.0,0.0
1787249964.936653614,1787249964.936659098,command,0.0,0.0,0.0
1787249965.004765511,1787249965.004770994,state,0.0,0.0,0.0
1787249965.004839420,1787249965.004112959,state_stamped,0.0,0.0,0.0
1787249965.007142544,1787249965.007149458,command,0.0,0.0,0.0
1787249965.074786901,1787249965.074794531,state,0.0,0.0,0.0
1787249965.074844122,1787249965.074112415,state_stamped,0.0,0.0,0.0
1787249965.076750278,1787249965.076755762,command,0.0,0.0,0.0
1787249965.134781361,1787249965.134786606,state,0.0,0.0,0.0
1787249965.134880543,1787249965.134112597,state_stamped,0.0,0.0,0.0
1787249965.136611938,1787249965.136615515,command,0.0,0.0,0.0
1787249965.204642296,1787249965.204649687,state,0.0,0.0,0.0
1787249965.204707146,1787249965.204112530,state_stamped,0.0,0.0,0.0
1787249965.206502676,1787249965.206507683,command,0.0,0.0,0.0
1787249965.274664164,1787249965.274112463,state_stamped,0.0,0.0,0.0
1787249965.274750471,1787249965.274758101,state,0.0,0.0,0.0
1787249965.276525497,1787249965.276531696,command,0.0,0.0,0.0
1787249965.334629059,1787249965.334635496,state,0.0,0.0,0.0
1787249965.334692717,1787249965.334112883,state_stamped,0.0,0.0,0.0
1787249965.337314367,1787249965.337319136,command,0.0,0.0,0.0
1787249965.404745102,1787249965.404112816,state_stamped,0.0,0.0,0.0
1787249965.404786825,1787249965.404793262,state,0.0,0.0,0.0
1787249965.406749249,1787249965.406755924,command,0.0,0.0,0.0
1787249965.474844456,1787249965.474112511,state_stamped,0.0,0.0,0.0
1787249965.474892378,1787249965.474899769,state,0.0,0.0,0.0
1787249965.476762295,1787249965.476767302,command,0.0,0.0,0.0
1787249965.534758568,1787249965.534762859,state,0.0,0.0,0.0
1787249965.534854650,1787249965.534112692,state_stamped,0.0,0.0,0.0
1787249965.536675930,1787249965.536680937,command,0.0,0.0,0.0
1787249965.604713202,1787249965.604722261,state,0.0,0.0,0.0
1787249965.604772568,1787249965.604112625,state_stamped,0.0,0.0,0.0
1787249965.606626987,1787249965.606632233,command,0.0,0.0,0.0
1787249965.674768925,1787249965.674774170,state,0.0,0.0,0.0
1787249965.674827576,1787249965.674112797,state_stamped,0.0,0.0,0.0
1787249965.676708937,1787249965.676713943,command,0.0,0.0,0.0
1787249965.734662056,1787249965.734666348,state,0.0,0.0,0.0
1787249965.734757900,1787249965.734113455,state_stamped,0.0,0.0,0.0
1787249965.736586332,1787249965.736591578,command,0.0,0.0,0.0
1787249965.804584980,1787249965.804588556,state,0.0,0.0,0.0
1787249965.804675341,1787249965.804112911,state_stamped,0.0,0.0,0.0
1787249965.806548119,1787249965.806553841,command,0.0,0.0,0.0
1787249965.874814987,1787249965.874112844,state_stamped,0.0,0.0,0.0
1787249965.874891996,1787249965.874898434,state,0.0,0.0,0.0
1787249965.876655102,1787249965.876661062,command,0.0,0.0,0.0
1787249965.934673309,1787249965.934677601,state,0.0,0.0,0.0
1787249965.934766769,1787249965.934112549,state_stamped,0.0,0.0,0.0
1787249965.936590910,1787249965.936596394,command,0.0,0.0,0.0
1787249966.004718781,1787249966.004725695,state,0.0,0.0,0.0
1787249966.004778862,1787249966.004112959,state_stamped,0.0,0.0,0.0
1787249966.006834984,1787249966.006841183,command,0.0,0.0,0.0
1787249966.074798822,1787249966.074804783,state,0.0,0.0,0.0
1787249966.074852705,1787249966.074112892,state_stamped,0.0,0.0,0.0
1787249966.076649189,1787249966.076656342,command,0.0,0.0,0.0
1787249966.134769201,1787249966.134773493,state,0.0,0.0,0.0
1787249966.134871006,1787249966.134112597,state_stamped,0.0,0.0,0.0
1787249966.136618853,1787249966.136624336,command,0.0,0.0,0.0
1787249966.204810858,1787249966.204817295,state,0.0,0.0,0.0
1787249966.204866409,1787249966.204112768,state_stamped,0.0,0.0,0.0
1787249966.206747293,1787249966.206752777,command,0.0,0.0,0.0
1787249966.274893999,1787249966.274900436,state,0.0,0.0,0.0
1787249966.274947643,1787249966.274112940,state_stamped,0.0,0.0,0.0
1787249966.276708603,1787249966.276714325,command,0.0,0.0,0.0
1787249966.334786654,1787249966.334790945,state,0.0,0.0,0.0
1787249966.334887505,1787249966.334112883,state_stamped,0.0,0.0,0.0
1787249966.336636066,1787249966.336642981,command,0.0,0.0,0.0
1787249966.404655218,1787249966.404112339,state_stamped,0.0,0.0,0.0
1787249966.404740572,1787249966.404747248,state,0.0,0.0,0.0
1787249966.406541348,1787249966.406546831,command,0.0,0.0,0.0
1787249966.474899530,1787249966.474906206,state,0.0,0.0,0.0
1787249966.474953413,1787249966.474112749,state_stamped,0.0,0.0,0.0
1787249966.476746082,1787249966.476751328,command,0.0,0.0,0.0
1787249966.534713507,1787249966.534718275,state,0.0,0.0,0.0
1787249966.534815550,1787249966.534112692,state_stamped,0.0,0.0,0.0
1787249966.536635637,1787249966.536641598,command,0.0,0.0,0.0
1787249966.604663849,1787249966.604112625,state_stamped,0.0,0.0,0.0
1787249966.604750156,1787249966.604756117,state,0.0,0.0,0.0
1787249966.606567144,1787249966.606573105,command,0.0,0.0,0.0
1787249966.674886942,1787249966.674892902,state,0.0,0.0,0.0
1787249966.674939156,1787249966.674113035,state_stamped,0.0,0.0,0.0
1787249966.676678658,1787249966.676684141,command,0.0,0.0,0.0
1787249966.734813929,1787249966.734819174,state,0.0,0.0,0.0
1787249966.734917879,1787249966.734112501,state_stamped,0.0,0.0,0.0
1787249966.736723900,1787249966.736729383,command,0.0,0.0,0.0
1787249966.804714203,1787249966.804719925,state,0.0,0.0,0.0
1787249966.804784298,1787249966.804112673,state_stamped,0.0,0.0,0.0
1787249966.806606770,1787249966.806612730,command,0.0,0.0,0.0
1787249966.874784946,1787249966.874788523,state,0.0,0.0,0.0
1787249966.874844313,1787249966.874115944,state_stamped,0.0,0.0,0.0
1787249966.876635790,1787249966.876641035,command,0.0,0.0,0.0
1787249966.934765100,1787249966.934768915,state,0.0,0.0,0.0
1787249966.934865236,1787249966.934112787,state_stamped,0.0,0.0,0.0
1787249966.936660528,1787249966.936667204,command,0.0,0.0,0.0
1787249967.004708290,1787249967.004714251,state,0.0,0.0,0.0
1787249967.004764318,1787249967.004112482,state_stamped,0.0,0.0,0.0
1787249967.006864548,1787249967.006868124,command,0.0,0.0,0.0
1787249967.074763775,1787249967.074767590,state,0.0,0.0,0.0
1787249967.074866295,1787249967.074112415,state_stamped,0.0,0.0,0.0
1787249967.076714277,1787249967.076718330,command,0.0,0.0,0.0
1787249967.134748459,1787249967.134753227,state,0.0,0.0,0.0
1787249967.134844065,1787249967.134113073,state_stamped,0.0,0.0,0.0
1787249967.136621714,1787249967.136626005,command,0.0,0.0,0.0
1787249967.204704285,1787249967.204711437,state,0.0,0.0,0.0
1787249967.204776764,1787249967.204113007,state_stamped,0.0,0.0,0.0
1787249967.206601381,1787249967.206607342,command,0.0,0.0,0.0
1787249967.274750948,1787249967.274757862,state,0.0,0.0,0.0
1787249967.274801970,1787249967.274112463,state_stamped,0.0,0.0,0.0
1787249967.276671410,1787249967.276677370,command,0.0,0.0,0.0
1787249967.334619999,1787249967.334628582,state,0.0,0.0,0.0
1787249967.334677458,1787249967.334112883,state_stamped,0.0,0.0,0.0
1787249967.337239504,1787249967.337243080,command,0.0,0.0,0.0
1787249967.404706955,1787249967.404713869,state,0.0,0.0,0.0
1787249967.404773951,1787249967.404113054,state_stamped,0.0,0.0,0.0
1787249967.406749964,1787249967.406754971,command,0.0,0.0,0.0
1787249967.474754810,1787249967.474761248,state,0.0,0.0,0.0
1787249967.474863291,1787249967.474112511,state_stamped,0.0,0.0,0.0
1787249967.476669550,1787249967.476675034,command,0.0,0.0,0.0
1787249967.534649372,1787249967.534656286,state,0.0,0.0,0.0
1787249967.534754276,1787249967.534112692,state_stamped,0.0,0.0,0.0
1787249967.536334991,1787249967.536340475,command,0.0,0.0,0.0
1787249967.604707241,1787249967.604712248,state,0.0,0.0,0.0
1787249967.604804277,1787249967.604113102,state_stamped,0.0,0.0,0.0
1787249967.606633186,1787249967.606639147,command,0.0,0.0,0.0
1787249967.674736977,1787249967.674741745,state,0.0,0.0,0.0
1787249967.674779415,1787249967.674113512,state_stamped,0.0,0.0,0.0
1787249967.676615238,1787249967.676620483,command,0.0,0.0,0.0
1787249967.734765768,1787249967.734770775,state,0.0,0.0,0.0
1787249967.734822750,1787249967.734112740,state_stamped,0.0,0.0,0.0
1787249967.736668587,1787249967.736674309,command,0.0,0.0,0.0
1787249967.804700136,1787249967.804112673,state_stamped,0.0,0.0,0.0
1787249967.804733276,1787249967.804740429,state,0.0,0.0,0.0
1787249967.806615829,1787249967.806621075,command,0.0,0.0,0.0
1787249967.874772310,1787249967.874776840,state,0.0,0.0,0.0
1787249967.874869347,1787249967.874112606,state_stamped,0.0,0.0,0.0
1787249967.876703978,1787249967.876709700,command,0.0,0.0,0.0
1787249967.934765577,1787249967.934770107,state,0.0,0.0,0.0
1787249967.934824467,1787249967.934112549,state_stamped,0.0,0.0,0.0
1787249967.936642647,1787249967.936648369,command,0.0,0.0,0.0
1787249968.004791498,1787249968.004797220,state,0.0,0.0,0.0
1787249968.004855156,1787249968.004112720,state_stamped,0.0,0.0,0.0
1787249968.006957769,1787249968.006963730,command,0.0,0.0,0.0
1787249968.074840069,1787249968.074845076,state,0.0,0.0,0.0
1787249968.074939251,1787249968.074112892,state_stamped,0.0,0.0,0.0
1787249968.076792240,1787249968.076798439,command,0.0,0.0,0.0
1787249968.134809256,1787249968.134815931,state,0.0,0.0,0.0
1787249968.134914875,1787249968.134112835,state_stamped,0.0,0.0,0.0
1787249968.136676073,1787249968.136682034,command,0.0,0.0,0.0
1787249968.204843283,1787249968.204113007,state_stamped,0.0,0.0,0.0
1787249968.204882145,1787249968.204891205,state,0.0,0.0,0.0
1787249968.206687689,1787249968.206693649,command,0.0,0.0,0.0
1787249968.274832010,1787249968.274837017,state,0.0,0.0,0.0
1787249968.274930477,1787249968.274112463,state_stamped,0.0,0.0,0.0
1787249968.276753664,1787249968.276759863,command,0.0,0.0,0.0
1787249968.334809303,1787249968.334814310,state,0.0,0.0,0.0
1787249968.334908009,1787249968.334112883,state_stamped,0.0,0.0,0.0
1787249968.336677790,1787249968.336683273,command,0.0,0.0,0.0
1787249968.404753208,1787249968.404757977,state,0.0,0.0,0.0
1787249968.404795647,1787249968.404112339,state_stamped,0.0,0.0,0.0
1787249968.406644583,1787249968.406648874,command,0.0,0.0,0.0
1787249968.474796057,1787249968.474800587,state,0.0,0.0,0.0
1787249968.474826336,1787249968.474112749,state_stamped,0.0,0.0,0.0
1787249968.476728916,1787249968.476735115,command,0.0,0.0,0.0
1787249968.534803152,1787249968.534808159,state,0.0,0.0,0.0
1787249968.534834862,1787249968.534112453,state_stamped,0.0,0.0,0.0
1787249968.536720276,1787249968.536726475,command,0.0,0.0,0.0
1787249968.604760170,1787249968.604766607,state,0.0,0.0,0.0
1787249968.604827404,1787249968.604112625,state_stamped,0.0,0.0,0.0
1787249968.606712103,1787249968.606718063,command,0.0,0.0,0.0
1787249968.674668550,1787249968.674112797,state_stamped,0.0,0.0,0.0
1787249968.674752474,1787249968.674758673,state,0.0,0.0,0.0
1787249968.676379919,1787249968.676385164,command,0.0,0.0,0.0
1787249968.734670162,1787249968.734112978,state_stamped,0.0,0.0,0.0
1787249968.734751701,1787249968.734757423,state,0.0,0.0,0.0
1787249968.736355305,1787249968.736359835,command,0.0,0.0,0.0
1787249968.804605246,1787249968.804609776,state,0.0,0.0,0.0
1787249968.804696560,1787249968.804112434,state_stamped,0.0,0.0,0.0
1787249968.806550741,1787249968.806555748,command,0.0,0.0,0.0
1787249968.874654770,1787249968.874658346,state,0.0,0.0,0.0
1787249968.874747038,1787249968.874112606,state_stamped,0.0,0.0,0.0
1787249968.876404285,1787249968.876408100,command,0.0,0.0,0.0
1787249968.934665442,1787249968.934669256,state,0.0,0.0,0.0
1787249968.934699297,1787249968.934112787,state_stamped,0.0,0.0,0.0
1787249968.936340809,1787249968.936346054,command,0.0,0.0,0.0
1787249969.004737139,1787249969.004742146,state,0.0,0.0,0.0
1787249969.004801035,1787249969.004112482,state_stamped,0.0,0.0,0.0
1787249969.006568670,1787249969.006573915,command,0.0,0.0,0.0
1787249969.074708223,1787249969.074711800,state,0.0,0.0,0.0
1787249969.074769258,1787249969.074112654,state_stamped,0.0,0.0,0.0
1787249969.076426268,1787249969.076434374,command,0.0,0.0,0.0
1787249969.134717941,1787249969.134722710,state,0.0,0.0,0.0
1787249969.134763718,1787249969.134112835,state_stamped,0.0,0.0,0.0
1787249969.136449337,1787249969.136454105,command,0.0,0.0,0.0
1787249969.204685211,1787249969.204692125,state,0.0,0.0,0.0
1787249969.204721212,1787249969.204112530,state_stamped,0.0,0.0,0.0
1787249969.206397772,1787249969.206402779,command,0.0,0.0,0.0
1787249969.274707556,1787249969.274711609,state,0.0,0.0,0.0
1787249969.274750471,1787249969.274112463,state_stamped,0.0,0.0,0.0
1787249969.276414156,1787249969.276421309,command,0.0,0.0,0.0
1787249969.334696770,1787249969.334703922,state,0.0,0.0,0.0
1787249969.334740877,1787249969.334112644,state_stamped,0.0,0.0,0.0
1787249969.337298870,1787249969.337305069,command,0.0,0.0,0.0
1787249969.404585361,1787249969.404590845,state,0.0,0.0,0.0
1787249969.404618025,1787249969.404112816,state_stamped,0.0,0.0,0.0
1787249969.406592369,1787249969.406600237,command,0.0,0.0,0.0
1787249969.474672318,1787249969.474677563,state,0.0,0.0,0.0
1787249969.474701881,1787249969.474112988,state_stamped,0.0,0.0,0.0
1787249969.476497173,1787249969.476502180,command,0.0,0.0,0.0
1787249969.534679890,1787249969.534684896,state,0.0,0.0,0.0
1787249969.534714699,1787249969.534115553,state_stamped,0.0,0.0,0.0
1787249969.536389828,1787249969.536394835,command,0.0,0.0,0.0
1787249969.604624987,1787249969.604112864,state_stamped,0.0,0.0,0.0
1787249969.604651213,1787249969.604656696,state,0.0,0.0,0.0
1787249969.606334448,1787249969.606338978,command,0.0,0.0,0.0
1787249969.674673319,1787249969.674678564,state,0.0,0.0,0.0
1787249969.674711704,1787249969.674113035,state_stamped,0.0,0.0,0.0
1787249969.676395416,1787249969.676399946,command,0.0,0.0,0.0
1787249969.734614849,1787249969.734619617,state,0.0,0.0,0.0
1787249969.734652519,1787249969.734112978,state_stamped,0.0,0.0,0.0
1787249969.736336231,1787249969.736341476,command,0.0,0.0,0.0
1787249969.804553509,1787249969.804112911,state_stamped,0.0,0.0,0.0
1787249969.804592609,1787249969.804598570,state,0.0,0.0,0.0
1787249969.806228638,1787249969.806232929,command,0.0,0.0,0.0
1787249969.874642134,1787249969.874647379,state,0.0,0.0,0.0
1787249969.874680042,1787249969.874112844,state_stamped,0.0,0.0,0.0
1787249969.876391411,1787249969.876398087,command,0.0,0.0,0.0
1787249969.934703588,1787249969.934708595,state,0.0,0.0,0.0
1787249969.934736967,1787249969.934112549,state_stamped,0.0,0.0,0.0
1787249969.936397552,1787249969.936403275,command,0.0,0.0,0.0
1787249970.004680157,1787249970.004685879,state,0.0,0.0,0.0
1787249970.004744053,1787249970.004112959,state_stamped,0.0,0.0,0.0
1787249970.006709337,1787249970.006714344,command,0.0,0.0,0.0
1787249970.074701071,1787249970.074706078,state,0.0,0.0,0.0
1787249970.074740410,1787249970.074112415,state_stamped,0.0,0.0,0.0
1787249970.076472759,1787249970.076477766,command,0.0,0.0,0.0
1787249970.134713173,1787249970.134125710,state_stamped,0.0,0.0,0.0
1787249970.134739399,1787249970.134745359,state,0.0,0.0,0.0
1787249970.136384249,1787249970.136389971,command,0.0,0.0,0.0
1787249970.204671144,1787249970.204675674,state,0.0,0.0,0.0
1787249970.204741001,1787249970.204112530,state_stamped,0.0,0.0,0.0
1787249970.206379414,1787249970.206384897,command,0.0,0.0,0.0
1787249970.274696112,1787249970.274112463,state_stamped,0.0,0.0,0.0
1787249970.274720192,1787249970.274724007,state,0.0,0.0,0.0
1787249970.276383400,1787249970.276388884,command,0.0,0.0,0.0
1787249970.334651947,1787249970.334654570,state,0.0,0.0,0.0
1787249970.334703207,1787249970.334112644,state_stamped,0.0,0.0,0.0
1787249970.336325884,1787249970.336331367,command,0.0,0.0,0.0
1787249970.404532433,1787249970.404112816,state_stamped,0.0,0.0,0.0
1787249970.404592991,1787249970.404597044,state,0.0,0.0,0.0
1787249970.406245708,1787249970.406250715,command,0.0,0.0,0.0
1787249970.474622250,1787249970.474112988,state_stamped,0.0,0.0,0.0
1787249970.474686623,1787249970.474692822,state,0.0,0.0,0.0
1787249970.476285934,1787249970.476290464,command,0.0,0.0,0.0
1787249970.534649372,1787249970.534112692,state_stamped,0.0,0.0,0.0
1787249970.534677744,1787249970.534683228,state,0.0,0.0,0.0
1787249970.536278725,1787249970.536282778,command,0.0,0.0,0.0
1787249970.604668856,1787249970.604112625,state_stamped,0.0,0.0,0.0
1787249970.604699373,1787249970.604704857,state,0.0,0.0,0.0
1787249970.606294632,1787249970.606298685,command,0.0,0.0,0.0
1787249970.674569845,1787249970.674574852,state,0.0,0.0,0.0
1787249970.674620628,1787249970.674112558,state_stamped,0.0,0.0,0.0
1787249970.676410913,1787249970.676418781,command,0.0,0.0,0.0
1787249970.734714270,1787249970.734719276,state,0.0,0.0,0.0
1787249970.734759331,1787249970.734112740,state_stamped,0.0,0.0,0.0
1787249970.736367702,1787249970.736371994,command,0.0,0.0,0.0
1787249970.804700851,1787249970.804706097,state,0.0,0.0,0.0
1787249970.804783344,1787249970.804112673,state_stamped,0.0,0.0,0.0
1787249970.806377888,1787249970.806382656,command,0.0,0.0,0.0
1787249970.874702930,1787249970.874708414,state,0.0,0.0,0.0
1787249970.874750137,1787249970.874112368,state_stamped,0.0,0.0,0.0
1787249970.876355410,1787249970.876361132,command,0.0,0.0,0.0
1787249970.934628725,1787249970.934633493,state,0.0,0.0,0.0
1787249970.934669733,1787249970.934112787,state_stamped,0.0,0.0,0.0
1787249970.936266661,1787249970.936270237,command,0.0,0.0,0.0
1787249971.004564285,1787249971.004112720,state_stamped,0.0,0.0,0.0
1787249971.004652262,1787249971.004657745,state,0.0,0.0,0.0
1787249971.006747246,1787249971.006752491,command,0.0,0.0,0.0
1787249971.074742794,1787249971.074112892,state_stamped,0.0,0.0,0.0
1787249971.074766874,1787249971.074770927,state,0.0,0.0,0.0
1787249971.076764822,1787249971.076770306,command,0.0,0.0,0.0
1787249971.134737968,1787249971.134741306,state,0.0,0.0,0.0
1787249971.134768486,1787249971.134112358,state_stamped,0.0,0.0,0.0
1787249971.136371136,1787249971.136378765,command,0.0,0.0,0.0
1787249971.204671383,1787249971.204674959,state,0.0,0.0,0.0
1787249971.204705715,1787249971.204112530,state_stamped,0.0,0.0,0.0
1787249971.206339359,1787249971.206344604,command,0.0,0.0,0.0
1787249971.274713993,1787249971.274719000,state,0.0,0.0,0.0
1787249971.274750471,1787249971.274112940,state_stamped,0.0,0.0,0.0
1787249971.276401520,1787249971.276409149,command,0.0,0.0,0.0
1787249971.334704399,1787249971.334112883,state_stamped,0.0,0.0,0.0
1787249971.334767103,1787249971.334772587,state,0.0,0.0,0.0
1787249971.336358547,1787249971.336364269,command,0.0,0.0,0.0
1787249971.404518604,1787249971.404113054,state_stamped,0.0,0.0,0.0
1787249971.404552698,1787249971.404558182,state,0.0,0.0,0.0
1787249971.407142162,1787249971.407150030,command,0.0,0.0,0.0
1787249971.474758387,1787249971.474764347,state,0.0,0.0,0.0
1787249971.474803686,1787249971.474112511,state_stamped,0.0,0.0,0.0
1787249971.476786613,1787249971.476794481,command,0.0,0.0,0.0
1787249971.534750938,1787249971.534755230,state,0.0,0.0,0.0
1787249971.534785509,1787249971.534112692,state_stamped,0.0,0.0,0.0
1787249971.536440134,1787249971.536447287,command,0.0,0.0,0.0
1787249971.604686260,1787249971.604689837,state,0.0,0.0,0.0
1787249971.604720592,1787249971.604113102,state_stamped,0.0,0.0,0.0
1787249971.606390476,1787249971.606398106,command,0.0,0.0,0.0
1787249971.674772024,1787249971.674113035,state_stamped,0.0,0.0,0.0
1787249971.674805641,1787249971.674815416,state,0.0,0.0,0.0
1787249971.676519871,1787249971.676525354,command,0.0,0.0,0.0
1787249971.734768152,1787249971.734112740,state_stamped,0.0,0.0,0.0
1787249971.734795094,1787249971.734800577,state,0.0,0.0,0.0
1787249971.736464500,1787249971.736469507,command,0.0,0.0,0.0
1787249971.804695129,1787249971.804699659,state,0.0,0.0,0.0
1787249971.804733515,1787249971.804112673,state_stamped,0.0,0.0,0.0
1787249971.806365252,1787249971.806370497,command,0.0,0.0,0.0
1787249971.874732733,1787249971.874736071,state,0.0,0.0,0.0
1787249971.874767065,1787249971.874112606,state_stamped,0.0,0.0,0.0
1787249971.876512289,1787249971.876520395,command,0.0,0.0,0.0
1787249971.934733629,1787249971.934736013,state,0.0,0.0,0.0
1787249971.934765577,1787249971.934113026,state_stamped,0.0,0.0,0.0
1787249971.936386824,1787249971.936392307,command,0.0,0.0,0.0
1787249972.004785061,1787249972.004113674,state_stamped,0.0,0.0,0.0
1787249972.004836559,1787249972.004844904,state,0.0,0.0,0.0
1787249972.006978512,1787249972.006984472,command,0.0,0.0,0.0
1787249972.074743509,1787249972.074747562,state,0.0,0.0,0.0
1787249972.074859381,1787249972.074112654,state_stamped,0.0,0.0,0.0
1787249972.076515436,1787249972.076521397,command,0.0,0.0,0.0
1787249972.134721279,1787249972.134724379,state,0.0,0.0,0.0
1787249972.134759903,1787249972.134112835,state_stamped,0.0,0.0,0.0
1787249972.136420727,1787249972.136425972,command,0.0,0.0,0.0
1787249972.204670668,1787249972.204673529,state,0.0,0.0,0.0
1787249972.204777718,1787249972.204113245,state_stamped,0.0,0.0,0.0
1787249972.206402063,1787249972.206409693,command,0.0,0.0,0.0
1787249972.274714708,1787249972.274717331,state,0.0,0.0,0.0
1787249972.274824381,1787249972.274112940,state_stamped,0.0,0.0,0.0
1787249972.276478529,1787249972.276485920,command,0.0,0.0,0.0
1787249972.334707737,1787249972.334710836,state,0.0,0.0,0.0
1787249972.334761143,1787249972.334112644,state_stamped,0.0,0.0,0.0
1787249972.336368561,1787249972.336374044,command,0.0,0.0,0.0
1787249972.404655933,1787249972.404658318,state,0.0,0.0,0.0
1787249972.404696941,1787249972.404112577,state_stamped,0.0,0.0,0.0
1787249972.406374454,1787249972.406383038,command,0.0,0.0,0.0
1787249972.474713564,1787249972.474715948,state,0.0,0.0,0.0
1787249972.474754572,1787249972.474112511,state_stamped,0.0,0.0,0.0
1787249972.476450205,1787249972.476458549,command,0.0,0.0,0.0
1787249972.534705639,1787249972.534707785,state,0.0,0.0,0.0
1787249972.534738064,1787249972.534112930,state_stamped,0.0,0.0,0.0
1787249972.536372900,1787249972.536380529,command,0.0,0.0,0.0
1787249972.604652405,1787249972.604654789,state,0.0,0.0,0.0
1787249972.604695082,1787249972.604112625,state_stamped,0.0,0.0,0.0
1787249972.606337547,1787249972.606343031,command,0.0,0.0,0.0
1787249972.674716949,1787249972.674721003,state,0.0,0.0,0.0
1787249972.674770355,1787249972.674112558,state_stamped,0.0,0.0,0.0
1787249972.676452160,1787249972.676457405,command,0.0,0.0,0.0
1787249972.734712124,1787249972.734715700,state,0.0,0.0,0.0
1787249972.734749556,1787249972.734112501,state_stamped,0.0,0.0,0.0
1787249972.736385107,1787249972.736392498,command,0.0,0.0,0.0
1787249972.804738522,1787249972.804113150,state_stamped,0.0,0.0,0.0
1787249972.804786444,1787249972.804791689,state,0.0,0.0,0.0
1787249972.806357145,1787249972.806362629,command,0.0,0.0,0.0
1787249972.874783754,1787249972.874788284,state,0.0,0.0,0.0
1787249972.874838829,1787249972.874113321,state_stamped,0.0,0.0,0.0
1787249972.876480579,1787249972.876485348,command,0.0,0.0,0.0
1787249972.934715748,1787249972.934719086,state,0.0,0.0,0.0
1787249972.934766769,1787249972.934112549,state_stamped,0.0,0.0,0.0
1787249972.936393976,1787249972.936401844,command,0.0,0.0,0.0
1787249973.004717350,1787249973.004725456,state,0.0,0.0,0.0
1787249973.004781723,1787249973.004112959,state_stamped,0.0,0.0,0.0
1787249973.006547928,1787249973.006553411,command,0.0,0.0,0.0
1787249973.074816942,1787249973.074822187,state,0.0,0.0,0.0
1787249973.074871302,1787249973.074112415,state_stamped,0.0,0.0,0.0
1787249973.076519251,1787249973.076524258,command,0.0,0.0,0.0
1787249973.134718418,1787249973.134721994,state,0.0,0.0,0.0
1787249973.134804964,1787249973.134112835,state_stamped,0.0,0.0,0.0
1787249973.136417866,1787249973.136432648,command,0.0,0.0,0.0
1787249973.204683781,1787249973.204688311,state,0.0,0.0,0.0
1787249973.204737186,1787249973.204113483,state_stamped,0.0,0.0,0.0
1787249973.206377029,1787249973.206382036,command,0.0,0.0,0.0
1787249973.274718046,1787249973.274720669,state,0.0,0.0,0.0
1787249973.274763823,1787249973.274112940,state_stamped,0.0,0.0,0.0
1787249973.276465654,1787249973.276473045,command,0.0,0.0,0.0
1787249973.334717035,1787249973.334719658,state,0.0,0.0,0.0
1787249973.334797859,1787249973.334112883,state_stamped,0.0,0.0,0.0
1787249973.336396217,1787249973.336401939,command,0.0,0.0,0.0
1787249973.404533148,1787249973.404113054,state_stamped,0.0,0.0,0.0
1787249973.404600620,1787249973.404607773,state,0.0,0.0,0.0
1787249973.407118559,1787249973.407125473,command,0.0,0.0,0.0
1787249973.474771261,1787249973.474776506,state,0.0,0.0,0.0
1787249973.474820137,1787249973.474112749,state_stamped,0.0,0.0,0.0
1787249973.476675510,1787249973.476681948,command,0.0,0.0,0.0
1787249973.534758091,1787249973.534112453,state_stamped,0.0,0.0,0.0
1787249973.534790754,1787249973.534798622,state,0.0,0.0,0.0
1787249973.536514044,1787249973.536519051,command,0.0,0.0,0.0
1787249973.604600906,1787249973.604606152,state,0.0,0.0,0.0
1787249973.604643345,1787249973.604112625,state_stamped,0.0,0.0,0.0
1787249973.606312513,1787249973.606317282,command,0.0,0.0,0.0
1787249973.674803495,1787249973.674112797,state_stamped,0.0,0.0,0.0
1787249973.674842834,1787249973.674850225,state,0.0,0.0,0.0
1787249973.676539421,1787249973.676542997,command,0.0,0.0,0.0
1787249973.734762192,1787249973.734767675,state,0.0,0.0,0.0
1787249973.734800339,1787249973.734113932,state_stamped,0.0,0.0,0.0
1787249973.736474514,1787249973.736479998,command,0.0,0.0,0.0
1787249973.804600477,1787249973.804605961,state,0.0,0.0,0.0
1787249973.804641485,1787249973.804113150,state_stamped,0.0,0.0,0.0
1787249973.806296587,1787249973.806302309,command,0.0,0.0,0.0
1787249973.874766350,1787249973.874772072,state,0.0,0.0,0.0
1787249973.874808550,1787249973.874112368,state_stamped,0.0,0.0,0.0
1787249973.876549482,1787249973.876555204,command,0.0,0.0,0.0
1787249973.934739351,1787249973.934745073,state,0.0,0.0,0.0
1787249973.934793472,1787249973.934112549,state_stamped,0.0,0.0,0.0
1787249973.936412096,1787249973.936422586,command,0.0,0.0,0.0
1787249974.004599571,1787249974.004112959,state_stamped,0.0,0.0,0.0
1787249974.004637241,1787249974.004646063,state,0.0,0.0,0.0
1787249974.006927252,1787249974.006931543,command,0.0,0.0,0.0
1787249974.074631691,1787249974.074635983,state,0.0,0.0,0.0
1787249974.074665785,1787249974.074112654,state_stamped,0.0,0.0,0.0
1787249974.076697826,1787249974.076702118,command,0.0,0.0,0.0
1787249974.134629488,1787249974.134113073,state_stamped,0.0,0.0,0.0
1787249974.134679556,1787249974.134687185,state,0.0,0.0,0.0
1787249974.136598349,1787249974.136601448,command,0.0,0.0,0.0
1787249974.204563379,1787249974.204112768,state_stamped,0.0,0.0,0.0
1787249974.204595566,1787249974.204601049,state,0.0,0.0,0.0
1787249974.206524134,1787249974.206527233,command,0.0,0.0,0.0
1787249974.274577379,1787249974.274112940,state_stamped,0.0,0.0,0.0
1787249974.274609566,1787249974.274615288,state,0.0,0.0,0.0
1787249974.276545763,1787249974.276548624,command,0.0,0.0,0.0
1787249974.334642649,1787249974.334646225,state,0.0,0.0,0.0
1787249974.334672451,1787249974.334112644,state_stamped,0.0,0.0,0.0
1787249974.336644411,1787249974.336648226,command,0.0,0.0,0.0
1787249974.404574156,1787249974.404112816,state_stamped,0.0,0.0,0.0
1787249974.404607296,1787249974.404612541,state,0.0,0.0,0.0
1787249974.406549692,1787249974.406552315,command,0.0,0.0,0.0
1787249974.474782228,1787249974.474786758,state,0.0,0.0,0.0
1787249974.474815130,1787249974.474112511,state_stamped,0.0,0.0,0.0
1787249974.476753235,1787249974.476755619,command,0.0,0.0,0.0
1787249974.534739494,1787249974.534112692,state_stamped,0.0,0.0,0.0
1787249974.534822941,1787249974.534827709,state,0.0,0.0,0.0
1787249974.536383629,1787249974.536386251,command,0.0,0.0,0.0
1787249974.604546070,1787249974.604112864,state_stamped,0.0,0.0,0.0
1787249974.604630470,1787249974.604636192,state,0.0,0.0,0.0
1787249974.606231689,1787249974.606234074,command,0.0,0.0,0.0
1787249974.674747705,1787249974.674113512,state_stamped,0.0,0.0,0.0
1787249974.674771547,1787249974.674776077,state,0.0,0.0,0.0
1787249974.676448822,1787249974.676450968,command,0.0,0.0,0.0
1787249974.734795094,1787249974.734112978,state_stamped,0.0,0.0,0.0
1787249974.734879255,1787249974.734886885,state,0.0,0.0,0.0
1787249974.736464024,1787249974.736469269,command,0.0,0.0,0.0
1787249974.804551363,1787249974.804556847,state,0.0,0.0,0.0
1787249974.804608345,1787249974.804113150,state_stamped,0.0,0.0,0.0
1787249974.806206942,1787249974.806209564,command,0.0,0.0,0.0
1787249974.874617815,1787249974.874621630,state,0.0,0.0,0.0
1787249974.874646425,1787249974.874112606,state_stamped,0.0,0.0,0.0
1787249974.876386404,1787249974.876388550,command,0.0,0.0,0.0
1787249974.934741259,1787249974.934744358,state,0.0,0.0,0.0
1787249974.934764862,1787249974.934112787,state_stamped,0.0,0.0,0.0
1787249974.936385632,1787249974.936387300,command,0.0,0.0,0.0
1787249975.004792690,1787249975.004112959,state_stamped,0.0,0.0,0.0
1787249975.004820108,1787249975.004825592,state,0.0,0.0,0.0
1787249975.006650686,1787249975.006652594,command,0.0,0.0,0.0
1787249975.074721098,1787249975.074725866,state,0.0,0.0,0.0
1787249975.074821472,1787249975.074112177,state_stamped,0.0,0.0,0.0
1787249975.076822996,1787249975.076827765,command,0.0,0.0,0.0
1787249975.134707212,1787249975.134113312,state_stamped,0.0,0.0,0.0
1787249975.134744167,1787249975.134752512,state,0.0,0.0,0.0
1787249975.136669874,1787249975.136674643,command,0.0,0.0,0.0
1787249975.204610825,1787249975.204616308,state,0.0,0.0,0.0
1787249975.204668522,1787249975.204113007,state_stamped,0.0,0.0,0.0
1787249975.206618071,1787249975.206623077,command,0.0,0.0,0.0
1787249975.274818897,1787249975.274112940,state_stamped,0.0,0.0,0.0
1787249975.274900675,1787249975.274909019,state,0.0,0.0,0.0
1787249975.276522398,1787249975.276527166,command,0.0,0.0,0.0
1787249975.334856987,1787249975.334112883,state_stamped,0.0,0.0,0.0
1787249975.334900618,1787249975.334909201,state,0.0,0.0,0.0
1787249975.336447954,1787249975.336452246,command,0.0,0.0,0.0
1787249975.404626131,1787249975.404112577,state_stamped,0.0,0.0,0.0
1787249975.404682636,1787249975.404690504,state,0.0,0.0,0.0
1787249975.407240152,1787249975.407243967,command,0.0,0.0,0.0
1787249975.474745512,1787249975.474112749,state_stamped,0.0,0.0,0.0
1787249975.474775791,1787249975.474785328,state,0.0,0.0,0.0
1787249975.476945877,1787249975.476951122,command,0.0,0.0,0.0
1787249975.534647465,1787249975.534651041,state,0.0,0.0,0.0
1787249975.534737825,1787249975.534112453,state_stamped,0.0,0.0,0.0
1787249975.536676645,1787249975.536681175,command,0.0,0.0,0.0
1787249975.604697227,1787249975.604701281,state,0.0,0.0,0.0
1787249975.604790926,1787249975.604112625,state_stamped,0.0,0.0,0.0
1787249975.606736660,1787249975.606741190,command,0.0,0.0,0.0
1787249975.674800873,1787249975.674805164,state,0.0,0.0,0.0
1787249975.674860001,1787249975.674112797,state_stamped,0.0,0.0,0.0
1787249975.676575422,1787249975.676580429,command,0.0,0.0,0.0
1787249975.734773874,1787249975.734776258,state,0.0,0.0,0.0
1787249975.734809875,1787249975.734112740,state_stamped,0.0,0.0,0.0
1787249975.736496449,1787249975.736501217,command,0.0,0.0,0.0
1787249975.804679155,1787249975.804684877,state,0.0,0.0,0.0
1787249975.804780245,1787249975.804112673,state_stamped,0.0,0.0,0.0
1787249975.806412697,1787249975.806420803,command,0.0,0.0,0.0
1787249975.874700069,1787249975.874704838,state,0.0,0.0,0.0
1787249975.874752283,1787249975.874112844,state_stamped,0.0,0.0,0.0
1787249975.876448154,1787249975.876451015,command,0.0,0.0,0.0
1787249975.934736729,1787249975.934740543,state,0.0,0.0,0.0
1787249975.934770346,1787249975.934115410,state_stamped,0.0,0.0,0.0
1787249975.936468840,1787249975.936474085,command,0.0,0.0,0.0
1787249976.004758835,1787249976.004765511,state,0.0,0.0,0.0
1787249976.004812002,1787249976.004112720,state_stamped,0.0,0.0,0.0
1787249976.006988287,1787249976.006995201,command,0.0,0.0,0.0
1787249976.074843884,1787249976.074850321,state,0.0,0.0,0.0
1787249976.074899435,1787249976.074112892,state_stamped,0.0,0.0,0.0
1787249976.076886415,1787249976.076890230,command,0.0,0.0,0.0
1787249976.134775877,1787249976.134779215,state,0.0,0.0,0.0
1787249976.134846926,1787249976.134112835,state_stamped,0.0,0.0,0.0
1787249976.136797428,1787249976.136802673,command,0.0,0.0,0.0
1787249976.204576492,1787249976.204580307,state,0.0,0.0,0.0
1787249976.204656839,1787249976.204112530,state_stamped,0.0,0.0,0.0
1787249976.206260204,1787249976.206264257,command,0.0,0.0,0.0
1787249976.274749994,1787249976.274752140,state,0.0,0.0,0.0
1787249976.274815559,1787249976.274112940,state_stamped,0.0,0.0,0.0
1787249976.276469469,1787249976.276474476,command,0.0,0.0,0.0
1787249976.334805727,1787249976.334809303,state,0.0,0.0,0.0
1787249976.334838867,1787249976.334112644,state_stamped,0.0,0.0,0.0
1787249976.336458921,1787249976.336463690,command,0.0,0.0,0.0
1787249976.404595613,1787249976.404112816,state_stamped,0.0,0.0,0.0
1787249976.404689550,1787249976.404694796,state,0.0,0.0,0.0
1787249976.406267643,1787249976.406270981,command,0.0,0.0,0.0
1787249976.474766016,1787249976.474112749,state_stamped,0.0,0.0,0.0
1787249976.474849701,1787249976.474855661,state,0.0,0.0,0.0
1787249976.476502895,1787249976.476505995,command,0.0,0.0,0.0
1787249976.534750462,1787249976.534754276,state,0.0,0.0,0.0
1787249976.534785271,1787249976.534112215,state_stamped,0.0,0.0,0.0
1787249976.536445141,1787249976.536449194,command,0.0,0.0,0.0
1787249976.604696512,1787249976.604699612,state,0.0,0.0,0.0
1787249976.604785681,1787249976.604112625,state_stamped,0.0,0.0,0.0
1787249976.606398821,1787249976.606401443,command,0.0,0.0,0.0
1787249976.674756289,1787249976.674112320,state_stamped,0.0,0.0,0.0
1787249976.674837828,1787249976.674843550,state,0.0,0.0,0.0
1787249976.676465750,1787249976.676467896,command,0.0,0.0,0.0
1787249976.734761238,1787249976.734765053,state,0.0,0.0,0.0
1787249976.734796047,1787249976.734112501,state_stamped,0.0,0.0,0.0
1787249976.736444473,1787249976.736449957,command,0.0,0.0,0.0
1787249976.804663897,1787249976.804669619,state,0.0,0.0,0.0
1787249976.804717779,1787249976.804113388,state_stamped,0.0,0.0,0.0
1787249976.806550264,1787249976.806558609,command,0.0,0.0,0.0
1787249976.874786854,1787249976.874793053,state,0.0,0.0,0.0
1787249976.874857903,1787249976.874112844,state_stamped,0.0,0.0,0.0
1787249976.876504421,1787249976.876509428,command,0.0,0.0,0.0
1787249976.934632778,1787249976.934637547,state,0.0,0.0,0.0
1787249976.934696198,1787249976.934112549,state_stamped,0.0,0.0,0.0
1787249976.936368465,1787249976.936373711,command,0.0,0.0,0.0
1787249977.004602671,1787249977.004608870,state,0.0,0.0,0.0
1787249977.004652023,1787249977.004113674,state_stamped,0.0,0.0,0.0
1787249977.006576061,1787249977.006581068,command,0.0,0.0,0.0
1787249977.074695110,1787249977.074701309,state,0.0,0.0,0.0
1787249977.074794531,1787249977.074113131,state_stamped,0.0,0.0,0.0
1787249977.076418877,1787249977.076423883,command,0.0,0.0,0.0
1787249977.134691000,1787249977.134694815,state,0.0,0.0,0.0
1787249977.134733200,1787249977.134113073,state_stamped,0.0,0.0,0.0
1787249977.136476755,1787249977.136481762,command,0.0,0.0,0.0
1787249977.204618216,1787249977.204622507,state,0.0,0.0,0.0
1787249977.204681873,1787249977.204113483,state_stamped,0.0,0.0,0.0
1787249977.206356764,1787249977.206361294,command,0.0,0.0,0.0
1787249977.274733067,1787249977.274736643,state,0.0,0.0,0.0
1787249977.274774551,1787249977.274112701,state_stamped,0.0,0.0,0.0
1787249977.276478291,1787249977.276483297,command,0.0,0.0,0.0
1787249977.334789515,1787249977.334792137,state,0.0,0.0,0.0
1787249977.334844351,1787249977.334112644,state_stamped,0.0,0.0,0.0
1787249977.336774588,1787249977.336779833,command,0.0,0.0,0.0
1787249977.404778004,1787249977.404783964,state,0.0,0.0,0.0
1787249977.404823303,1787249977.404113054,state_stamped,0.0,0.0,0.0
1787249977.407298803,1787249977.407304049,command,0.0,0.0,0.0
1787249977.474780321,1787249977.474785805,state,0.0,0.0,0.0
1787249977.474829912,1787249977.474112988,state_stamped,0.0,0.0,0.0
1787249977.476705551,1787249977.476709843,command,0.0,0.0,0.0
1787249977.534651756,1787249977.534654617,state,0.0,0.0,0.0
1787249977.534709454,1787249977.534113169,state_stamped,0.0,0.0,0.0
1787249977.536448240,1787249977.536454916,command,0.0,0.0,0.0
1787249977.604722500,1787249977.604725599,state,0.0,0.0,0.0
1787249977.604779005,1787249977.604113102,state_stamped,0.0,0.0,0.0
1787249977.606452942,1787249977.606461525,command,0.0,0.0,0.0
1787249977.674662352,1787249977.674666405,state,0.0,0.0,0.0
1787249977.674704552,1787249977.674112797,state_stamped,0.0,0.0,0.0
1787249977.676947117,1787249977.676953316,command,0.0,0.0,0.0
1787249977.734686375,1787249977.734112740,state_stamped,0.0,0.0,0.0
1787249977.734775782,1787249977.734781504,state,0.0,0.0,0.0
1787249977.736403227,1787249977.736409664,command,0.0,0.0,0.0
1787249977.804596663,1787249977.804112673,state_stamped,0.0,0.0,0.0
1787249977.804635763,1787249977.804640293,state,0.0,0.0,0.0
1787249977.806527138,1787249977.806533575,command,0.0,0.0,0.0
1787249977.874641895,1787249977.874650002,state,0.0,0.0,0.0
1787249977.874721766,1787249977.874113083,state_stamped,0.0,0.0,0.0
1787249977.876959801,1787249977.876965046,command,0.0,0.0,0.0
1787249977.934647322,1787249977.934654474,state,0.0,0.0,0.0
1787249977.934704065,1787249977.934112549,state_stamped,0.0,0.0,0.0
1787249977.936393499,1787249977.936398745,command,0.0,0.0,0.0
1787249978.004772186,1787249978.004112482,state_stamped,0.0,0.0,0.0
1787249978.004836082,1787249978.004845381,state,0.0,0.0,0.0
1787249978.007071018,1787249978.007076502,command,0.0,0.0,0.0
1787249978.074652433,1787249978.074112892,state_stamped,0.0,0.0,0.0
1787249978.074716568,1787249978.074724674,state,0.0,0.0,0.0
1787249978.076827049,1787249978.076832056,command,0.0,0.0,0.0
1787249978.134637833,1787249978.134112835,state_stamped,0.0,0.0,0.0
1787249978.134726763,1787249978.134734392,state,0.0,0.0,0.0
1787249978.136346817,1787249978.136350632,command,0.0,0.0,0.0
1787249978.204575300,1787249978.204113007,state_stamped,0.0,0.0,0.0
1787249978.204639673,1787249978.204647779,state,0.0,0.0,0.0
1787249978.206626415,1787249978.206630230,command,0.0,0.0,0.0
1787249978.274631500,1787249978.274112701,state_stamped,0.0,0.0,0.0
1787249978.274692535,1787249978.274700642,state,0.0,0.0,0.0
1787249978.276625872,1787249978.276629925,command,0.0,0.0,0.0
1787249978.334669828,1787249978.334113121,state_stamped,0.0,0.0,0.0
1787249978.334722281,1787249978.334730148,state,0.0,0.0,0.0
1787249978.336657047,1787249978.336660624,command,0.0,0.0,0.0
1787249978.404539585,1787249978.404112816,state_stamped,0.0,0.0,0.0
1787249978.404603720,1787249978.404611349,state,0.0,0.0,0.0
1787249978.406315327,1787249978.406320095,command,0.0,0.0,0.0
1787249978.474612951,1787249978.474112988,state_stamped,0.0,0.0,0.0
1787249978.474673510,1787249978.474681139,state,0.0,0.0,0.0
1787249978.476632833,1787249978.476636887,command,0.0,0.0,0.0
1787249978.534632921,1787249978.534112453,state_stamped,0.0,0.0,0.0
1787249978.534723997,1787249978.534731627,state,0.0,0.0,0.0
1787249978.536655903,1787249978.536659479,command,0.0,0.0,0.0
1787249978.604577541,1787249978.604112625,state_stamped,0.0,0.0,0.0
1787249978.604643345,1787249978.604651451,state,0.0,0.0,0.0
1787249978.606331348,1787249978.606334448,command,0.0,0.0,0.0
1787249978.674629450,1787249978.674638510,state,0.0,0.0,0.0
1787249978.674696445,1787249978.674113035,state_stamped,0.0,0.0,0.0
1787249978.676637173,1787249978.676640511,command,0.0,0.0,0.0
1787249978.734633446,1787249978.734112501,state_stamped,0.0,0.0,0.0
1787249978.734720707,1787249978.734728813,state,0.0,0.0,0.0
1787249978.736646891,1787249978.736649990,command,0.0,0.0,0.0
1787249978.804573774,1787249978.804113150,state_stamped,0.0,0.0,0.0
1787249978.804639816,1787249978.804647446,state,0.0,0.0,0.0
1787249978.806315422,1787249978.806318521,command,0.0,0.0,0.0
1787249978.874627113,1787249978.874112606,state_stamped,0.0,0.0,0.0
1787249978.874687672,1787249978.874695539,state,0.0,0.0,0.0
1787249978.876564026,1787249978.876567364,command,0.0,0.0,0.0
1787249978.934635162,1787249978.934112787,state_stamped,0.0,0.0,0.0
1787249978.934725046,1787249978.934733629,state,0.0,0.0,0.0
1787249978.936640978,1787249978.936645031,command,0.0,0.0,0.0
1787249979.004597187,1787249979.004112959,state_stamped,0.0,0.0,0.0
1787249979.004662514,1787249979.004671335,state,0.0,0.0,0.0
1787249979.006611109,1787249979.006615877,command,0.0,0.0,0.0
1787249979.074688196,1787249979.074112415,state_stamped,0.0,0.0,0.0
1787249979.074748755,1787249979.074756622,state,0.0,0.0,0.0
1787249979.076772928,1787249979.076776981,command,0.0,0.0,0.0
1787249979.134872437,1787249979.134112597,state_stamped,0.0,0.0,0.0
1787249979.134957790,1787249979.134967327,state,0.0,0.0,0.0
1787249979.136860609,1787249979.136863947,command,0.0,0.0,0.0
1787249979.204846859,1787249979.204112768,state_stamped,0.0,0.0,0.0
1787249979.204910278,1787249979.204918385,state,0.0,0.0,0.0
1787249979.206880569,1787249979.206885099,command,0.0,0.0,0.0
1787249979.274877548,1787249979.274112701,state_stamped,0.0,0.0,0.0
1787249979.274911404,1787249979.274916887,state,0.0,0.0,0.0
1787249979.276867867,1787249979.276872396,command,0.0,0.0,0.0
1787249979.334702253,1787249979.334705353,state,0.0,0.0,0.0
1787249979.334786892,1787249979.334112644,state_stamped,0.0,0.0,0.0
1787249979.336717367,1787249979.336722136,command,0.0,0.0,0.0
1787249979.404608727,1787249979.404613733,state,0.0,0.0,0.0
1787249979.404654741,1787249979.404112339,state_stamped,0.0,0.0,0.0
1787249979.406329870,1787249979.406334400,command,0.0,0.0,0.0
1787249979.474659920,1787249979.474664450,state,0.0,0.0,0.0
1787249979.474702597,1787249979.474112511,state_stamped,0.0,0.0,0.0
1787249979.477342367,1787249979.477347612,command,0.0,0.0,0.0
1787249979.534674883,1787249979.534679413,state,0.0,0.0,0.0
1787249979.534772635,1787249979.534112930,state_stamped,0.0,0.0,0.0
1787249979.536802769,1787249979.536807775,command,0.0,0.0,0.0
1787249979.604602098,1787249979.604607344,state,0.0,0.0,0.0
1787249979.604652643,1787249979.604112864,state_stamped,0.0,0.0,0.0
1787249979.606412888,1787249979.606417656,command,0.0,0.0,0.0
1787249979.674668312,1787249979.674674034,state,0.0,0.0,0.0
1787249979.674720526,1787249979.674112558,state_stamped,0.0,0.0,0.0
1787249979.676723719,1787249979.676728249,command,0.0,0.0,0.0
1787249979.734665394,1787249979.734112978,state_stamped,0.0,0.0,0.0
1787249979.734765530,1787249979.734771490,state,0.0,0.0,0.0
1787249979.736400843,1787249979.736407518,command,0.0,0.0,0.0
1787249979.804677963,1787249979.804683447,state,0.0,0.0,0.0
1787249979.804731846,1787249979.804112911,state_stamped,0.0,0.0,0.0
1787249979.806361437,1787249979.806366205,command,0.0,0.0,0.0
1787249979.874676228,1787249979.874113083,state_stamped,0.0,0.0,0.0
1787249979.874787569,1787249979.874795437,state,0.0,0.0,0.0
1787249979.876706123,1787249979.876710653,command,0.0,0.0,0.0
1787249979.934678316,1787249979.934683800,state,0.0,0.0,0.0
1787249979.934741259,1787249979.934112787,state_stamped,0.0,0.0,0.0
1787249979.936343908,1787249979.936348915,command,0.0,0.0,0.0
1787249980.004789352,1787249980.004797697,state,0.0,0.0,0.0
1787249980.004850388,1787249980.004112959,state_stamped,0.0,0.0,0.0
1787249980.006764889,1787249980.006770372,command,0.0,0.0,0.0
