wall_time_s,ros_time_s,kind,pitch_rad,yaw_rad,z
1787252290.464250803,1787252290.464256763,state,0.0,0.0,0.0
1787252290.464300632,1787252290.463557720,state_stamped,0.0,0.0,0.0
1787252290.475186586,1787252290.475193739,command,0.0,0.0,0.0
1787252290.524259806,1787252290.523557901,state_stamped,0.0,0.0,0.0
1787252290.524312258,1787252290.524318933,state,0.0,0.0,0.0
1787252290.526302576,1787252290.526307821,command,0.0,0.0,0.0
1787252290.594167709,1787252290.593557835,state_stamped,0.0,0.0,0.0
1787252290.594245434,1787252290.594251871,state,0.0,0.0,0.0
1787252290.596196413,1787252290.596202135,command,0.0,0.0,0.0
1787252290.664277792,1787252290.663557291,state_stamped,0.0,0.0,0.0
1787252290.664325237,1787252290.664331198,state,0.0,0.0,0.0
1787252290.666188002,1787252290.666194677,command,0.0,0.0,0.0
1787252290.724236965,1787252290.724243402,state,0.0,0.0,0.0
1787252290.724291325,1787252290.723557711,state_stamped,0.0,0.0,0.0
1787252290.726198196,1787252290.726204395,command,0.0,0.0,0.0
1787252290.794150591,1787252290.793557644,state_stamped,0.0,0.0,0.0
1787252290.794185162,1787252290.794191599,state,0.0,0.0,0.0
1787252290.796400070,1787252290.796407700,command,0.0,0.0,0.0
1787252290.864369392,1787252290.863557816,state_stamped,0.0,0.0,0.0
1787252290.864420891,1787252290.864430189,state,0.0,0.0,0.0
1787252290.866198540,1787252290.866204262,command,0.0,0.0,0.0
1787252290.924243689,1787252290.924249411,state,0.0,0.0,0.0
1787252290.924307823,1787252290.923557520,state_stamped,0.0,0.0,0.0
1787252290.926488161,1787252290.926493645,command,0.0,0.0,0.0
1787252290.994226217,1787252290.994234085,state,0.0,0.0,0.0
1787252290.994292021,1787252290.993558168,state_stamped,0.0,0.0,0.0
1787252290.996333361,1787252290.996339560,command,0.0,0.0,0.0
1787252291.064327240,1787252291.063557863,state_stamped,0.0,0.0,0.0
1787252291.064370632,1787252291.064375877,state,0.0,0.0,0.0
1787252291.066141129,1787252291.066147804,command,0.0,0.0,0.0
1787252291.124198437,1787252291.124202967,state,0.0,0.0,0.0
1787252291.124252558,1787252291.123557806,state_stamped,0.0,0.0,0.0
1787252291.126113653,1787252291.126120329,command,0.0,0.0,0.0
1787252291.194175005,1787252291.193557978,state_stamped,0.0,0.0,0.0
1787252291.194206953,1787252291.194212198,state,0.0,0.0,0.0
1787252291.196082830,1787252291.196091413,command,0.0,0.0,0.0
1787252291.264164925,1787252291.263569117,state_stamped,0.0,0.0,0.0
1787252291.264211893,1787252291.264216900,state,0.0,0.0,0.0
1787252291.266061306,1787252291.266067266,command,0.0,0.0,0.0
1787252291.324206591,1787252291.324211597,state,0.0,0.0,0.0
1787252291.324265480,1787252291.323557615,state_stamped,0.0,0.0,0.0
1787252291.326121330,1787252291.326129436,command,0.0,0.0,0.0
1787252291.394120932,1787252291.394125938,state,0.0,0.0,0.0
1787252291.394209623,1787252291.393557787,state_stamped,0.0,0.0,0.0
1787252291.395974636,1787252291.395979404,command,0.0,0.0,0.0
1787252291.464316607,1787252291.463558197,state_stamped,0.0,0.0,0.0
1787252291.464352846,1787252291.464358330,state,0.0,0.0,0.0
1787252291.466138601,1787252291.466147184,command,0.0,0.0,0.0
1787252291.524251461,1787252291.524257421,state,0.0,0.0,0.0
1787252291.524303913,1787252291.523557663,state_stamped,0.0,0.0,0.0
1787252291.525992155,1787252291.525997400,command,0.0,0.0,0.0
1787252291.594139576,1787252291.594147682,state,0.0,0.0,0.0
1787252291.594205856,1787252291.593558311,state_stamped,0.0,0.0,0.0
1787252291.596811771,1787252291.596814871,command,0.0,0.0,0.0
1787252291.664394379,1787252291.663557529,state_stamped,0.0,0.0,0.0
1787252291.664443254,1787252291.664450407,state,0.0,0.0,0.0
1787252291.666375637,1787252291.666381598,command,0.0,0.0,0.0
1787252291.724134922,1787252291.724139690,state,0.0,0.0,0.0
1787252291.724189520,1787252291.723557949,state_stamped,0.0,0.0,0.0
1787252291.726198435,1787252291.726206779,command,0.0,0.0,0.0
1787252291.794204473,1787252291.794211149,state,0.0,0.0,0.0
1787252291.794266939,1787252291.793557405,state_stamped,0.0,0.0,0.0
1787252291.796125889,1787252291.796130657,command,0.0,0.0,0.0
1787252291.864303827,1787252291.864309072,state,0.0,0.0,0.0
1787252291.864357948,1787252291.863557577,state_stamped,0.0,0.0,0.0
1787252291.866250277,1787252291.866254807,command,0.0,0.0,0.0
1787252291.924236298,1787252291.924240828,state,0.0,0.0,0.0
1787252291.924287796,1787252291.923557281,state_stamped,0.0,0.0,0.0
1787252291.926520586,1787252291.926525354,command,0.0,0.0,0.0
1787252291.994422674,1787252291.993557692,state_stamped,0.0,0.0,0.0
1787252291.994500875,1787252291.994507074,state,0.0,0.0,0.0
1787252291.996355057,1787252291.996359587,command,0.0,0.0,0.0
1787252292.064272165,1787252292.064276695,state,0.0,0.0,0.0
1787252292.064373732,1787252292.063557625,state_stamped,0.0,0.0,0.0
1787252292.066195488,1787252292.066200018,command,0.0,0.0,0.0
1787252292.124266863,1787252292.124271870,state,0.0,0.0,0.0
1787252292.124321699,1787252292.123557806,state_stamped,0.0,0.0,0.0
1787252292.126176596,1787252292.126181126,command,0.0,0.0,0.0
1787252292.194223166,1787252292.194228172,state,0.0,0.0,0.0
1787252292.194328547,1787252292.193557501,state_stamped,0.0,0.0,0.0
1787252292.196105719,1787252292.196110487,command,0.0,0.0,0.0
1787252292.264259100,1787252292.264263868,state,0.0,0.0,0.0
1787252292.264359474,1787252292.263557434,state_stamped,0.0,0.0,0.0
1787252292.266475439,1787252292.266480207,command,0.0,0.0,0.0
1787252292.324348927,1787252292.324354410,state,0.0,0.0,0.0
1787252292.324405193,1787252292.323557615,state_stamped,0.0,0.0,0.0
1787252292.326236486,1787252292.326241016,command,0.0,0.0,0.0
1787252292.394151449,1787252292.393557549,state_stamped,0.0,0.0,0.0
1787252292.394215345,1787252292.394220591,state,0.0,0.0,0.0
1787252292.396017313,1787252292.396020412,command,0.0,0.0,0.0
1787252292.464243650,1787252292.463557482,state_stamped,0.0,0.0,0.0
1787252292.464275599,1787252292.464280844,state,0.0,0.0,0.0
1787252292.466180086,1787252292.466184855,command,0.0,0.0,0.0
1787252292.524074078,1787252292.523557663,state_stamped,0.0,0.0,0.0
1787252292.524106264,1787252292.524111986,state,0.0,0.0,0.0
1787252292.526080370,1787252292.526085615,command,0.0,0.0,0.0
1787252292.594136238,1787252292.593557596,state_stamped,0.0,0.0,0.0
1787252292.594207764,1787252292.594213486,state,0.0,0.0,0.0
1787252292.596029997,1787252292.596034765,command,0.0,0.0,0.0
1787252292.664209366,1787252292.663557768,state_stamped,0.0,0.0,0.0
1787252292.664239645,1787252292.664244652,state,0.0,0.0,0.0
1787252292.666159391,1787252292.666164160,command,0.0,0.0,0.0
1787252292.724221468,1787252292.723557472,state_stamped,0.0,0.0,0.0
1787252292.724254131,1787252292.724259615,state,0.0,0.0,0.0
1787252292.726509094,1787252292.726513863,command,0.0,0.0,0.0
1787252292.794155359,1787252292.793557644,state_stamped,0.0,0.0,0.0
1787252292.794186354,1787252292.794191599,state,0.0,0.0,0.0
1787252292.796065807,1787252292.796072006,command,0.0,0.0,0.0
1787252292.864218712,1787252292.864223719,state,0.0,0.0,0.0
1787252292.864265919,1787252292.863557339,state_stamped,0.0,0.0,0.0
1787252292.866184235,1787252292.866188765,command,0.0,0.0,0.0
1787252292.924204350,1787252292.923557758,state_stamped,0.0,0.0,0.0
1787252292.924291372,1787252292.924296379,state,0.0,0.0,0.0
1787252292.926009655,1787252292.926012993,command,0.0,0.0,0.0
1787252292.994227648,1787252292.993557453,state_stamped,0.0,0.0,0.0
1787252292.994259596,1787252292.994266987,state,0.0,0.0,0.0
1787252292.996212006,1787252292.996217966,command,0.0,0.0,0.0
1787252293.064200163,1787252293.064204454,state,0.0,0.0,0.0
1787252293.064246893,1787252293.063557863,state_stamped,0.0,0.0,0.0
1787252293.066214323,1787252293.066219330,command,0.0,0.0,0.0
1787252293.124027252,1787252293.123557329,state_stamped,0.0,0.0,0.0
1787252293.124087095,1787252293.124092340,state,0.0,0.0,0.0
1787252293.126001120,1787252293.126003742,command,0.0,0.0,0.0
1787252293.194169998,1787252293.194174767,state,0.0,0.0,0.0
1787252293.194249153,1787252293.193557501,state_stamped,0.0,0.0,0.0
1787252293.196050644,1787252293.196056366,command,0.0,0.0,0.0
1787252293.264173269,1787252293.264178038,state,0.0,0.0,0.0
1787252293.264219284,1787252293.263557673,state_stamped,0.0,0.0,0.0
1787252293.266085386,1787252293.266090155,command,0.0,0.0,0.0
1787252293.324155807,1787252293.323557854,state_stamped,0.0,0.0,0.0
1787252293.324220896,1787252293.324227333,state,0.0,0.0,0.0
1787252293.325964451,1787252293.325968742,command,0.0,0.0,0.0
1787252293.393999338,1787252293.393557549,state_stamped,0.0,0.0,0.0
1787252293.394033670,1787252293.394039154,state,0.0,0.0,0.0
1787252293.395727396,1787252293.395730972,command,0.0,0.0,0.0
1787252293.464172125,1787252293.464175701,state,0.0,0.0,0.0
1787252293.464216471,1787252293.463557720,state_stamped,0.0,0.0,0.0
1787252293.466161013,1787252293.466165781,command,0.0,0.0,0.0
1787252293.524161339,1787252293.523557663,state_stamped,0.0,0.0,0.0
1787252293.524199963,1787252293.524205923,state,0.0,0.0,0.0
1787252293.526156902,1787252293.526161909,command,0.0,0.0,0.0
1787252293.594192266,1787252293.593558073,state_stamped,0.0,0.0,0.0
1787252293.594226837,1787252293.594232559,state,0.0,0.0,0.0
1787252293.596378565,1787252293.596381903,command,0.0,0.0,0.0
1787252293.664216995,1787252293.663558245,state_stamped,0.0,0.0,0.0
1787252293.664259911,1787252293.664268017,state,0.0,0.0,0.0
1787252293.666617870,1787252293.666621208,command,0.0,0.0,0.0
1787252293.724141359,1787252293.723557949,state_stamped,0.0,0.0,0.0
1787252293.724202394,1787252293.724208117,state,0.0,0.0,0.0
1787252293.726247787,1787252293.726251364,command,0.0,0.0,0.0
1787252293.794081211,1787252293.793557644,state_stamped,0.0,0.0,0.0
1787252293.794142008,1787252293.794147253,state,0.0,0.0,0.0
1787252293.796046257,1787252293.796049595,command,0.0,0.0,0.0
1787252293.864132643,1787252293.863557339,state_stamped,0.0,0.0,0.0
1787252293.864161253,1787252293.864166498,state,0.0,0.0,0.0
1787252293.866119623,1787252293.866124868,command,0.0,0.0,0.0
1787252293.924130678,1787252293.923557758,state_stamped,0.0,0.0,0.0
1787252293.924190283,1787252293.924196005,state,0.0,0.0,0.0
1787252293.926177740,1787252293.926183224,command,0.0,0.0,0.0
1787252293.994268417,1787252293.993557692,state_stamped,0.0,0.0,0.0
1787252293.994311094,1787252293.994317293,state,0.0,0.0,0.0
1787252293.996297836,1787252293.996301174,command,0.0,0.0,0.0
1787252294.064165354,1787252294.064171553,state,0.0,0.0,0.0
1787252294.064214945,1787252294.063557625,state_stamped,0.0,0.0,0.0
1787252294.066183567,1787252294.066188812,command,0.0,0.0,0.0
1787252294.124143124,1787252294.123557568,state_stamped,0.0,0.0,0.0
1787252294.124176025,1787252294.124183178,state,0.0,0.0,0.0
1787252294.126113176,1787252294.126116753,command,0.0,0.0,0.0
1787252294.194139242,1787252294.193557739,state_stamped,0.0,0.0,0.0
1787252294.194171190,1787252294.194178581,state,0.0,0.0,0.0
1787252294.196070433,1787252294.196075439,command,0.0,0.0,0.0
1787252294.264107704,1787252294.263557911,state_stamped,0.0,0.0,0.0
1787252294.264141798,1787252294.264147282,state,0.0,0.0,0.0
1787252294.266066790,1787252294.266071796,command,0.0,0.0,0.0
1787252294.324267149,1787252294.323557854,state_stamped,0.0,0.0,0.0
1787252294.324303627,1787252294.324311495,state,0.0,0.0,0.0
1787252294.326217175,1787252294.326223135,command,0.0,0.0,0.0
1787252294.394098520,1787252294.393557787,state_stamped,0.0,0.0,0.0
1787252294.394129992,1787252294.394136906,state,0.0,0.0,0.0
1787252294.396030426,1787252294.396034002,command,0.0,0.0,0.0
1787252294.464260578,1787252294.463557720,state_stamped,0.0,0.0,0.0
1787252294.464340448,1787252294.464346170,state,0.0,0.0,0.0
1787252294.466186047,1787252294.466191053,command,0.0,0.0,0.0
1787252294.524164200,1787252294.523557901,state_stamped,0.0,0.0,0.0
1787252294.524195671,1787252294.524203062,state,0.0,0.0,0.0
1787252294.526152611,1787252294.526157618,command,0.0,0.0,0.0
1787252294.594104528,1787252294.594109535,state,0.0,0.0,0.0
1787252294.594152927,1787252294.593557596,state_stamped,0.0,0.0,0.0
1787252294.596011162,1787252294.596016407,command,0.0,0.0,0.0
1787252294.664238930,1787252294.663569927,state_stamped,0.0,0.0,0.0
1787252294.664273262,1787252294.664278269,state,0.0,0.0,0.0
1787252294.666167498,1787252294.666172266,command,0.0,0.0,0.0
1787252294.724156618,1787252294.723557949,state_stamped,0.0,0.0,0.0
1787252294.724188328,1787252294.724194527,state,0.0,0.0,0.0
1787252294.726204872,1787252294.726211786,command,0.0,0.0,0.0
1787252294.794166088,1787252294.793557644,state_stamped,0.0,0.0,0.0
1787252294.794199228,1787252294.794203758,state,0.0,0.0,0.0
1787252294.796019793,1787252294.796022892,command,0.0,0.0,0.0
1787252294.864161491,1787252294.864167690,state,0.0,0.0,0.0
1787252294.864211798,1787252294.863557816,state_stamped,0.0,0.0,0.0
1787252294.866145134,1787252294.866150141,command,0.0,0.0,0.0
1787252294.924160480,1787252294.924166918,state,0.0,0.0,0.0
1787252294.924213409,1787252294.923557997,state_stamped,0.0,0.0,0.0
1787252294.926159620,1787252294.926163673,command,0.0,0.0,0.0
1787252294.994205236,1787252294.994213581,state,0.0,0.0,0.0
1787252294.994284391,1787252294.993557692,state_stamped,0.0,0.0,0.0
1787252294.996323586,1787252294.996327639,command,0.0,0.0,0.0
1787252295.064166546,1787252295.064173460,state,0.0,0.0,0.0
1787252295.064269066,1787252295.063557386,state_stamped,0.0,0.0,0.0
1787252295.066173077,1787252295.066178560,command,0.0,0.0,0.0
1787252295.124158621,1787252295.124164581,state,0.0,0.0,0.0
1787252295.124208689,1787252295.123557568,state_stamped,0.0,0.0,0.0
1787252295.126209259,1787252295.126212835,command,0.0,0.0,0.0
1787252295.194292784,1787252295.194299221,state,0.0,0.0,0.0
1787252295.194334269,1787252295.193557978,state_stamped,0.0,0.0,0.0
1787252295.196104288,1787252295.196107149,command,0.0,0.0,0.0
1787252295.264183760,1787252295.263557434,state_stamped,0.0,0.0,0.0
1787252295.264215469,1787252295.264221191,state,0.0,0.0,0.0
1787252295.266189337,1787252295.266194105,command,0.0,0.0,0.0
1787252295.324165821,1787252295.323557615,state_stamped,0.0,0.0,0.0
1787252295.324198246,1787252295.324204206,state,0.0,0.0,0.0
1787252295.325988293,1787252295.325991869,command,0.0,0.0,0.0
1787252295.394210815,1787252295.393557549,state_stamped,0.0,0.0,0.0
1787252295.394243002,1787252295.394248486,state,0.0,0.0,0.0
1787252295.396031141,1787252295.396033525,command,0.0,0.0,0.0
1787252295.464199066,1787252295.463557720,state_stamped,0.0,0.0,0.0
1787252295.464232445,1787252295.464237213,state,0.0,0.0,0.0
1787252295.466511250,1787252295.466516018,command,0.0,0.0,0.0
1787252295.524237871,1787252295.523557663,state_stamped,0.0,0.0,0.0
1787252295.524272680,1787252295.524277687,state,0.0,0.0,0.0
1787252295.526469469,1787252295.526472807,command,0.0,0.0,0.0
1787252295.594213009,1787252295.594218016,state,0.0,0.0,0.0
1787252295.594252348,1787252295.593557835,state_stamped,0.0,0.0,0.0
1787252295.596059084,1787252295.596065760,command,0.0,0.0,0.0
1787252295.664225340,1787252295.663557768,state_stamped,0.0,0.0,0.0
1787252295.664272070,1787252295.664281845,state,0.0,0.0,0.0
1787252295.667100430,1787252295.667105198,command,0.0,0.0,0.0
1787252295.724193811,1787252295.723557711,state_stamped,0.0,0.0,0.0
1787252295.724236250,1787252295.724244595,state,0.0,0.0,0.0
1787252295.726293564,1787252295.726297855,command,0.0,0.0,0.0
1787252295.794155359,1787252295.794160604,state,0.0,0.0,0.0
1787252295.794202089,1787252295.793557882,state_stamped,0.0,0.0,0.0
1787252295.796169281,1787252295.796174526,command,0.0,0.0,0.0
1787252295.864074707,1787252295.863557816,state_stamped,0.0,0.0,0.0
1787252295.864106417,1787252295.864112377,state,0.0,0.0,0.0
1787252295.865898132,1787252295.865903616,command,0.0,0.0,0.0
1787252295.924199820,1787252295.924205303,state,0.0,0.0,0.0
1787252295.924249172,1787252295.923557997,state_stamped,0.0,0.0,0.0
1787252295.926215410,1787252295.926220894,command,0.0,0.0,0.0
1787252295.994243860,1787252295.994252443,state,0.0,0.0,0.0
1787252295.994312525,1787252295.993557692,state_stamped,0.0,0.0,0.0
1787252295.996307850,1787252295.996315479,command,0.0,0.0,0.0
1787252296.064166546,1787252296.064172268,state,0.0,0.0,0.0
1787252296.064213991,1787252296.063557625,state_stamped,0.0,0.0,0.0
1787252296.066183329,1787252296.066188335,command,0.0,0.0,0.0
1787252296.124192238,1787252296.124198437,state,0.0,0.0,0.0
1787252296.124253988,1787252296.123557568,state_stamped,0.0,0.0,0.0
1787252296.126245260,1787252296.126250744,command,0.0,0.0,0.0
1787252296.194119215,1787252296.193557978,state_stamped,0.0,0.0,0.0
1787252296.194183111,1787252296.194191694,state,0.0,0.0,0.0
1787252296.196054697,1787252296.196060419,command,0.0,0.0,0.0
1787252296.264154673,1787252296.264160156,state,0.0,0.0,0.0
1787252296.264201880,1787252296.263558388,state_stamped,0.0,0.0,0.0
1787252296.266172171,1787252296.266176939,command,0.0,0.0,0.0
1787252296.324186325,1787252296.324191570,state,0.0,0.0,0.0
1787252296.324243546,1787252296.323557854,state_stamped,0.0,0.0,0.0
1787252296.326186657,1787252296.326191664,command,0.0,0.0,0.0
1787252296.393950701,1787252296.393955946,state,0.0,0.0,0.0
1787252296.394004107,1787252296.393557549,state_stamped,0.0,0.0,0.0
1787252296.395983458,1787252296.395988226,command,0.0,0.0,0.0
1787252296.464203835,1787252296.463557720,state_stamped,0.0,0.0,0.0
1787252296.464285851,1787252296.464292765,state,0.0,0.0,0.0
1787252296.465969324,1787252296.465974808,command,0.0,0.0,0.0
1787252296.524083853,1787252296.524089575,state,0.0,0.0,0.0
1787252296.524139881,1787252296.523557663,state_stamped,0.0,0.0,0.0
1787252296.526096582,1787252296.526101589,command,0.0,0.0,0.0
1787252296.594027042,1787252296.594030857,state,0.0,0.0,0.0
1787252296.594093561,1787252296.593557596,state_stamped,0.0,0.0,0.0
1787252296.595722914,1787252296.595726252,command,0.0,0.0,0.0
1787252296.664120674,1787252296.663557768,state_stamped,0.0,0.0,0.0
1787252296.664151669,1787252296.664156199,state,0.0,0.0,0.0
1787252296.665986538,1787252296.665991306,command,0.0,0.0,0.0
1787252296.724075556,1787252296.724079370,state,0.0,0.0,0.0
1787252296.724127293,1787252296.723557472,state_stamped,0.0,0.0,0.0
1787252296.725891352,1787252296.725896120,command,0.0,0.0,0.0
1787252296.794016838,1787252296.794020653,state,0.0,0.0,0.0
1787252296.794068575,1787252296.793557882,state_stamped,0.0,0.0,0.0
1787252296.795739651,1787252296.795743227,command,0.0,0.0,0.0
1787252296.864079475,1787252296.864083052,state,0.0,0.0,0.0
1787252296.864112616,1787252296.863557577,state_stamped,0.0,0.0,0.0
1787252296.865944147,1787252296.865950108,command,0.0,0.0,0.0
1787252296.924115896,1787252296.924123049,state,0.0,0.0,0.0
1787252296.924177170,1787252296.923557997,state_stamped,0.0,0.0,0.0
1787252296.925889969,1787252296.925893307,command,0.0,0.0,0.0
1787252296.994143486,1787252296.994153261,state,0.0,0.0,0.0
1787252296.994227409,1787252296.993557930,state_stamped,0.0,0.0,0.0
1787252296.996071100,1787252296.996074915,command,0.0,0.0,0.0
1787252297.064084291,1787252297.064088106,state,0.0,0.0,0.0
1787252297.064125299,1787252297.063557863,state_stamped,0.0,0.0,0.0
1787252297.065941334,1787252297.065944672,command,0.0,0.0,0.0
1787252297.124102354,1787252297.124105930,state,0.0,0.0,0.0
1787252297.124157190,1787252297.123557806,state_stamped,0.0,0.0,0.0
1787252297.125911951,1787252297.125917196,command,0.0,0.0,0.0
1787252297.194043875,1787252297.194047213,state,0.0,0.0,0.0
1787252297.194117069,1787252297.193557978,state_stamped,0.0,0.0,0.0
1787252297.196066380,1787252297.196071148,command,0.0,0.0,0.0
1787252297.264074802,1787252297.264078617,state,0.0,0.0,0.0
1787252297.264115810,1787252297.263557911,state_stamped,0.0,0.0,0.0
1787252297.266112566,1787252297.266117096,command,0.0,0.0,0.0
1787252297.324107170,1787252297.324110985,state,0.0,0.0,0.0
1787252297.324157238,1787252297.323557854,state_stamped,0.0,0.0,0.0
1787252297.326161861,1787252297.326166630,command,0.0,0.0,0.0
1787252297.394041777,1787252297.394046545,state,0.0,0.0,0.0
1787252297.394097805,1787252297.393557787,state_stamped,0.0,0.0,0.0
1787252297.396051168,1787252297.396055698,command,0.0,0.0,0.0
1787252297.464123249,1787252297.463557482,state_stamped,0.0,0.0,0.0
1787252297.464169264,1787252297.464174271,state,0.0,0.0,0.0
1787252297.466143131,1787252297.466147900,command,0.0,0.0,0.0
1787252297.524101257,1787252297.524105072,state,0.0,0.0,0.0
1787252297.524155140,1787252297.523557901,state_stamped,0.0,0.0,0.0
1787252297.526181221,1787252297.526185989,command,0.0,0.0,0.0
1787252297.594043493,1787252297.594048262,state,0.0,0.0,0.0
1787252297.594099760,1787252297.593557835,state_stamped,0.0,0.0,0.0
1787252297.596095085,1787252297.596099854,command,0.0,0.0,0.0
1787252297.664074659,1787252297.664081335,state,0.0,0.0,0.0
1787252297.664136887,1787252297.663558006,state_stamped,0.0,0.0,0.0
1787252297.666781902,1787252297.666785240,command,0.0,0.0,0.0
1787252297.724113941,1787252297.724117279,state,0.0,0.0,0.0
1787252297.724171877,1787252297.723557472,state_stamped,0.0,0.0,0.0
1787252297.726399899,1787252297.726404667,command,0.0,0.0,0.0
1787252297.793997526,1787252297.794005156,state,0.0,0.0,0.0
1787252297.794077158,1787252297.793557882,state_stamped,0.0,0.0,0.0
1787252297.795707703,1787252297.795712233,command,0.0,0.0,0.0
1787252297.864104271,1787252297.864109516,state,0.0,0.0,0.0
1787252297.864151478,1787252297.863557816,state_stamped,0.0,0.0,0.0
1787252297.865953445,1787252297.865958214,command,0.0,0.0,0.0
1787252297.924066544,1787252297.924073219,state,0.0,0.0,0.0
1787252297.924124479,1787252297.923557520,state_stamped,0.0,0.0,0.0
1787252297.925843954,1787252297.925851107,command,0.0,0.0,0.0
1787252297.994053125,1787252297.994057178,state,0.0,0.0,0.0
1787252297.994163513,1787252297.993569851,state_stamped,0.0,0.0,0.0
1787252297.996029377,1787252297.996036530,command,0.0,0.0,0.0
1787252298.064030886,1787252298.064035177,state,0.0,0.0,0.0
1787252298.064074039,1787252298.063557625,state_stamped,0.0,0.0,0.0
1787252298.065825462,1787252298.065831423,command,0.0,0.0,0.0
1787252298.124069691,1787252298.124073744,state,0.0,0.0,0.0
1787252298.124123096,1787252298.123557806,state_stamped,0.0,0.0,0.0
1787252298.125825882,1787252298.125829935,command,0.0,0.0,0.0
1787252298.194067240,1787252298.194071054,state,0.0,0.0,0.0
1787252298.194119930,1787252298.193557978,state_stamped,0.0,0.0,0.0
1787252298.195802927,1787252298.195806265,command,0.0,0.0,0.0
1787252298.264050484,1787252298.263557673,state_stamped,0.0,0.0,0.0
1787252298.264093161,1787252298.264096975,state,0.0,0.0,0.0
1787252298.266091824,1787252298.266095638,command,0.0,0.0,0.0
1787252298.324094296,1787252298.324098349,state,0.0,0.0,0.0
1787252298.324145555,1787252298.323557615,state_stamped,0.0,0.0,0.0
1787252298.326126337,1787252298.326129913,command,0.0,0.0,0.0
1787252298.394014835,1787252298.394018888,state,0.0,0.0,0.0
1787252298.394055843,1787252298.393557549,state_stamped,0.0,0.0,0.0
1787252298.395958185,1787252298.395961523,command,0.0,0.0,0.0
1787252298.464062452,1787252298.464066505,state,0.0,0.0,0.0
1787252298.464117050,1787252298.463557243,state_stamped,0.0,0.0,0.0
1787252298.466086626,1787252298.466090441,command,0.0,0.0,0.0
1787252298.524214745,1787252298.524218798,state,0.0,0.0,0.0
1787252298.524267435,1787252298.523557663,state_stamped,0.0,0.0,0.0
1787252298.526201010,1787252298.526207447,command,0.0,0.0,0.0
1787252298.594130278,1787252298.594134569,state,0.0,0.0,0.0
1787252298.594183207,1787252298.593557596,state_stamped,0.0,0.0,0.0
1787252298.595781326,1787252298.595787048,command,0.0,0.0,0.0
1787252298.664191723,1787252298.664195776,state,0.0,0.0,0.0
1787252298.664237261,1787252298.663557768,state_stamped,0.0,0.0,0.0
1787252298.665988684,1787252298.665995121,command,0.0,0.0,0.0
1787252298.724190235,1787252298.724194288,state,0.0,0.0,0.0
1787252298.724256992,1787252298.723557234,state_stamped,0.0,0.0,0.0
1787252298.725927830,1787252298.725933313,command,0.0,0.0,0.0
1787252298.794135094,1787252298.794139147,state,0.0,0.0,0.0
1787252298.794185638,1787252298.793557405,state_stamped,0.0,0.0,0.0
1787252298.795813322,1787252298.795818806,command,0.0,0.0,0.0
1787252298.864197731,1787252298.863557339,state_stamped,0.0,0.0,0.0
1787252298.864239454,1787252298.864243746,state,0.0,0.0,0.0
1787252298.865925074,1787252298.865930319,command,0.0,0.0,0.0
1787252298.924092770,1787252298.924096823,state,0.0,0.0,0.0
1787252298.924144268,1787252298.923557758,state_stamped,0.0,0.0,0.0
1787252298.925849915,1787252298.925854921,command,0.0,0.0,0.0
1787252298.994164944,1787252298.994169950,state,0.0,0.0,0.0
1787252298.994219303,1787252298.993557692,state_stamped,0.0,0.0,0.0
1787252298.996121168,1787252298.996124744,command,0.0,0.0,0.0
1787252299.064141512,1787252299.064145565,state,0.0,0.0,0.0
1787252299.064185381,1787252299.063557863,state_stamped,0.0,0.0,0.0
1787252299.066009283,1787252299.066015244,command,0.0,0.0,0.0
1787252299.124136448,1787252299.124140501,state,0.0,0.0,0.0
1787252299.124189377,1787252299.123557806,state_stamped,0.0,0.0,0.0
1787252299.125939369,1787252299.125943184,command,0.0,0.0,0.0
1787252299.194028854,1787252299.193557501,state_stamped,0.0,0.0,0.0
1787252299.194097996,1787252299.194102049,state,0.0,0.0,0.0
1787252299.195717096,1787252299.195722818,command,0.0,0.0,0.0
1787252299.264124393,1787252299.264128447,state,0.0,0.0,0.0
1787252299.264166832,1787252299.263557434,state_stamped,0.0,0.0,0.0
1787252299.265942812,1787252299.265947819,command,0.0,0.0,0.0
1787252299.324129343,1787252299.324133396,state,0.0,0.0,0.0
1787252299.324182034,1787252299.323557615,state_stamped,0.0,0.0,0.0
1787252299.325934887,1787252299.325938702,command,0.0,0.0,0.0
1787252299.394090891,1787252299.394095182,state,0.0,0.0,0.0
1787252299.394143343,1787252299.393557549,state_stamped,0.0,0.0,0.0
1787252299.395794392,1787252299.395798206,command,0.0,0.0,0.0
1787252299.464154959,1787252299.464159012,state,0.0,0.0,0.0
1787252299.464197636,1787252299.463557720,state_stamped,0.0,0.0,0.0
1787252299.465960741,1787252299.465967178,command,0.0,0.0,0.0
1787252299.524138927,1787252299.524143219,state,0.0,0.0,0.0
1787252299.524191141,1787252299.523557425,state_stamped,0.0,0.0,0.0
1787252299.526095390,1787252299.526101351,command,0.0,0.0,0.0
1787252299.594095707,1787252299.594099760,state,0.0,0.0,0.0
1787252299.594168425,1787252299.593557596,state_stamped,0.0,0.0,0.0
1787252299.595790863,1787252299.595795870,command,0.0,0.0,0.0
1787252299.664096832,1787252299.664104223,state,0.0,0.0,0.0
1787252299.664158821,1787252299.663557529,state_stamped,0.0,0.0,0.0
1787252299.666849136,1787252299.666853428,command,0.0,0.0,0.0
1787252299.724051714,1787252299.724055767,state,0.0,0.0,0.0
1787252299.724105120,1787252299.723557711,state_stamped,0.0,0.0,0.0
1787252299.726053715,1787252299.726060390,command,0.0,0.0,0.0
1787252299.794108868,1787252299.794113636,state,0.0,0.0,0.0
1787252299.794166803,1787252299.793557405,state_stamped,0.0,0.0,0.0
1787252299.796155930,1787252299.796159267,command,0.0,0.0,0.0
1787252299.864134312,1787252299.864138603,state,0.0,0.0,0.0
1787252299.864177704,1787252299.863557816,state_stamped,0.0,0.0,0.0
1787252299.866209984,1787252299.866214752,command,0.0,0.0,0.0
1787252299.924036980,1787252299.924041033,state,0.0,0.0,0.0
1787252299.924086332,1787252299.923558474,state_stamped,0.0,0.0,0.0
1787252299.925930023,1787252299.925933599,command,0.0,0.0,0.0
1787252299.994066000,1787252299.994071960,state,0.0,0.0,0.0
1787252299.994123459,1787252299.993557692,state_stamped,0.0,0.0,0.0
1787252299.996241093,1787252299.996245623,command,0.0,0.0,0.0
1787252300.064162016,1787252300.064168692,state,0.0,0.0,0.0
1787252300.064213991,1787252300.063558102,state_stamped,0.0,0.0,0.0
1787252300.066190481,1787252300.066194057,command,0.0,0.0,0.0
1787252300.124167204,1787252300.124173403,state,0.0,0.0,0.0
1787252300.124223709,1787252300.123558044,state_stamped,0.0,0.0,0.0
1787252300.126033306,1787252300.126037359,command,0.0,0.0,0.0
1787252300.194118261,1787252300.193557739,state_stamped,0.0,0.0,0.0
1787252300.194162846,1787252300.194168568,state,0.0,0.0,0.0
1787252300.195884943,1787252300.195889950,command,0.0,0.0,0.0
1787252300.264158487,1787252300.263557196,state_stamped,0.0,0.0,0.0
1787252300.264187098,1787252300.264192581,state,0.0,0.0,0.0
1787252300.265940666,1787252300.265946865,command,0.0,0.0,0.0
1787252300.324151993,1787252300.324158430,state,0.0,0.0,0.0
1787252300.324227333,1787252300.323557854,state_stamped,0.0,0.0,0.0
1787252300.326190710,1787252300.326195002,command,0.0,0.0,0.0
1787252300.394123793,1787252300.394129992,state,0.0,0.0,0.0
1787252300.394196272,1787252300.393557787,state_stamped,0.0,0.0,0.0
1787252300.396196365,1787252300.396202087,command,0.0,0.0,0.0
1787252300.464167833,1787252300.463557720,state_stamped,0.0,0.0,0.0
1787252300.464250565,1787252300.464257717,state,0.0,0.0,0.0
1787252300.465930223,1787252300.465934038,command,0.0,0.0,0.0
1787252300.524148941,1787252300.524154425,state,0.0,0.0,0.0
1787252300.524206638,1787252300.523557663,state_stamped,0.0,0.0,0.0
1787252300.526136875,1787252300.526140928,command,0.0,0.0,0.0
1787252300.594112158,1787252300.594117403,state,0.0,0.0,0.0
1787252300.594168663,1787252300.593558073,state_stamped,0.0,0.0,0.0
1787252300.595829487,1787252300.595835209,command,0.0,0.0,0.0
1787252300.664152384,1787252300.664157391,state,0.0,0.0,0.0
1787252300.664199829,1787252300.663557768,state_stamped,0.0,0.0,0.0
1787252300.665956259,1787252300.665961742,command,0.0,0.0,0.0
1787252300.724166870,1787252300.724172354,state,0.0,0.0,0.0
1787252300.724240065,1787252300.723557234,state_stamped,0.0,0.0,0.0
1787252300.725943565,1787252300.725947618,command,0.0,0.0,0.0
1787252300.794127703,1787252300.794133186,state,0.0,0.0,0.0
1787252300.794184923,1787252300.793557644,state_stamped,0.0,0.0,0.0
1787252300.796103239,1787252300.796108007,command,0.0,0.0,0.0
1787252300.864179134,1787252300.863557577,state_stamped,0.0,0.0,0.0
1787252300.864212990,1787252300.864218473,state,0.0,0.0,0.0
1787252300.865914106,1787252300.865917444,command,0.0,0.0,0.0
1787252300.924170256,1787252300.924175262,state,0.0,0.0,0.0
1787252300.924226284,1787252300.923557520,state_stamped,0.0,0.0,0.0
1787252300.926126480,1787252300.926129341,command,0.0,0.0,0.0
1787252300.994210482,1787252300.994219065,state,0.0,0.0,0.0
1787252300.994292736,1787252300.993558168,state_stamped,0.0,0.0,0.0
1787252300.996411085,1787252300.996419430,command,0.0,0.0,0.0
1787252301.064167976,1787252301.064172983,state,0.0,0.0,0.0
1787252301.064216137,1787252301.063557625,state_stamped,0.0,0.0,0.0
1787252301.066296101,1787252301.066300631,command,0.0,0.0,0.0
1787252301.124168873,1787252301.124174118,state,0.0,0.0,0.0
1787252301.124238014,1787252301.123557806,state_stamped,0.0,0.0,0.0
1787252301.126239777,1787252301.126243591,command,0.0,0.0,0.0
1787252301.194137812,1787252301.194145203,state,0.0,0.0,0.0
1787252301.194202185,1787252301.193557739,state_stamped,0.0,0.0,0.0
1787252301.196118832,1787252301.196122408,command,0.0,0.0,0.0
1787252301.264187574,1787252301.263557673,state_stamped,0.0,0.0,0.0
1787252301.264221907,1787252301.264227390,state,0.0,0.0,0.0
1787252301.266211033,1787252301.266216278,command,0.0,0.0,0.0
1787252301.324166775,1787252301.324172258,state,0.0,0.0,0.0
1787252301.324224472,1787252301.323557615,state_stamped,0.0,0.0,0.0
1787252301.326187611,1787252301.326192617,command,0.0,0.0,0.0
1787252301.394114971,1787252301.394121647,state,0.0,0.0,0.0
1787252301.394189119,1787252301.393558025,state_stamped,0.0,0.0,0.0
1787252301.396089315,1787252301.396094799,command,0.0,0.0,0.0
1787252301.464188814,1787252301.463557959,state_stamped,0.0,0.0,0.0
1787252301.464223385,1787252301.464229345,state,0.0,0.0,0.0
1787252301.466226101,1787252301.466231585,command,0.0,0.0,0.0
1787252301.524166346,1787252301.524173021,state,0.0,0.0,0.0
1787252301.524241447,1787252301.523557663,state_stamped,0.0,0.0,0.0
1787252301.526048183,1787252301.526053429,command,0.0,0.0,0.0
1787252301.594103336,1787252301.594109535,state,0.0,0.0,0.0
1787252301.594161987,1787252301.593558073,state_stamped,0.0,0.0,0.0
1787252301.595833540,1787252301.595839024,command,0.0,0.0,0.0
1787252301.664067984,1787252301.664074898,state,0.0,0.0,0.0
1787252301.664120674,1787252301.663558006,state_stamped,0.0,0.0,0.0
1787252301.666449547,1787252301.666454792,command,0.0,0.0,0.0
1787252301.724066496,1787252301.724074841,state,0.0,0.0,0.0
1787252301.724137545,1787252301.723558187,state_stamped,0.0,0.0,0.0
1787252301.726419687,1787252301.726423025,command,0.0,0.0,0.0
1787252301.794138670,1787252301.794144869,state,0.0,0.0,0.0
1787252301.794186831,1787252301.793557644,state_stamped,0.0,0.0,0.0
1787252301.796277046,1787252301.796282053,command,0.0,0.0,0.0
1787252301.864174366,1787252301.863557816,state_stamped,0.0,0.0,0.0
1787252301.864207983,1787252301.864214420,state,0.0,0.0,0.0
1787252301.866308689,1787252301.866313934,command,0.0,0.0,0.0
1787252301.924194336,1787252301.924202204,state,0.0,0.0,0.0
1787252301.924266100,1787252301.923558474,state_stamped,0.0,0.0,0.0
1787252301.926136017,1787252301.926141262,command,0.0,0.0,0.0
1787252301.994361877,1787252301.994371176,state,0.0,0.0,0.0
1787252301.994426727,1787252301.993562460,state_stamped,0.0,0.0,0.0
1787252301.997843266,1787252301.997854710,command,0.0,0.0,0.0
1787252302.064177513,1787252302.064180136,state,0.0,0.0,0.0
1787252302.064203978,1787252302.063557863,state_stamped,0.0,0.0,0.0
1787252302.066691637,1787252302.066698551,command,0.0,0.0,0.0
1787252302.124025822,1787252302.124031067,state,0.0,0.0,0.0
1787252302.124066353,1787252302.123557806,state_stamped,0.0,0.0,0.0
1787252302.126171827,1787252302.126177073,command,0.0,0.0,0.0
1787252302.194072485,1787252302.194079161,state,0.0,0.0,0.0
1787252302.194115639,1787252302.193558216,state_stamped,0.0,0.0,0.0
1787252302.195771694,1787252302.195776939,command,0.0,0.0,0.0
1787252302.264211893,1787252302.264214516,state,0.0,0.0,0.0
1787252302.264234543,1787252302.263557673,state_stamped,0.0,0.0,0.0
1787252302.266339064,1787252302.266344547,command,0.0,0.0,0.0
1787252302.324158907,1787252302.324163437,state,0.0,0.0,0.0
1787252302.324194193,1787252302.323557615,state_stamped,0.0,0.0,0.0
1787252302.326019526,1787252302.326025486,command,0.0,0.0,0.0
1787252302.394104481,1787252302.394107103,state,0.0,0.0,0.0
1787252302.394128799,1787252302.393557549,state_stamped,0.0,0.0,0.0
1787252302.396136045,1787252302.396141529,command,0.0,0.0,0.0
1787252302.464009523,1787252302.464013100,state,0.0,0.0,0.0
1787252302.464041948,1787252302.463557720,state_stamped,0.0,0.0,0.0
1787252302.466182709,1787252302.466188192,command,0.0,0.0,0.0
1787252302.524160147,1787252302.524163008,state,0.0,0.0,0.0
1787252302.524183273,1787252302.523557425,state_stamped,0.0,0.0,0.0
1787252302.526251554,1787252302.526256800,command,0.0,0.0,0.0
1787252302.594079018,1787252302.594081879,state,0.0,0.0,0.0
1787252302.594101667,1787252302.593557596,state_stamped,0.0,0.0,0.0
1787252302.596088886,1787252302.596095085,command,0.0,0.0,0.0
1787252302.664185762,1787252302.664188147,state,0.0,0.0,0.0
1787252302.664207697,1787252302.663557529,state_stamped,0.0,0.0,0.0
1787252302.666289330,1787252302.666295290,command,0.0,0.0,0.0
1787252302.724074602,1787252302.724079609,state,0.0,0.0,0.0
1787252302.724115133,1787252302.723557711,state_stamped,0.0,0.0,0.0
1787252302.726200819,1787252302.726206303,command,0.0,0.0,0.0
1787252302.794181108,1787252302.794186592,state,0.0,0.0,0.0
1787252302.794212341,1787252302.793557882,state_stamped,0.0,0.0,0.0
1787252302.796200514,1787252302.796205997,command,0.0,0.0,0.0
1787252302.864125967,1787252302.863558054,state_stamped,0.0,0.0,0.0
1787252302.864154577,1787252302.864158154,state,0.0,0.0,0.0
1787252302.866174221,1787252302.866180420,command,0.0,0.0,0.0
1787252302.924143791,1787252302.924149752,state,0.0,0.0,0.0
1787252302.924183607,1787252302.923560143,state_stamped,0.0,0.0,0.0
1787252302.926159859,1787252302.926163912,command,0.0,0.0,0.0
1787252302.994186401,1787252302.994190454,state,0.0,0.0,0.0
1787252302.994214058,1787252302.993557692,state_stamped,0.0,0.0,0.0
1787252302.996496201,1787252302.996501923,command,0.0,0.0,0.0
1787252303.064188004,1787252303.064191818,state,0.0,0.0,0.0
1787252303.064220428,1787252303.063557625,state_stamped,0.0,0.0,0.0
1787252303.066303968,1787252303.066309929,command,0.0,0.0,0.0
1787252303.124149084,1787252303.124151707,state,0.0,0.0,0.0
1787252303.124172449,1787252303.123557806,state_stamped,0.0,0.0,0.0
1787252303.126277208,1787252303.126283169,command,0.0,0.0,0.0
1787252303.194123268,1787252303.194125891,state,0.0,0.0,0.0
1787252303.194146633,1787252303.193557501,state_stamped,0.0,0.0,0.0
1787252303.196240664,1787252303.196246862,command,0.0,0.0,0.0
1787252303.264130592,1787252303.263557434,state_stamped,0.0,0.0,0.0
1787252303.264164686,1787252303.264168978,state,0.0,0.0,0.0
1787252303.266181707,1787252303.266187191,command,0.0,0.0,0.0
1787252303.323981524,1787252303.323984385,state,0.0,0.0,0.0
1787252303.324006081,1787252303.323557615,state_stamped,0.0,0.0,0.0
1787252303.326196909,1787252303.326202869,command,0.0,0.0,0.0
1787252303.394144058,1787252303.394146919,state,0.0,0.0,0.0
1787252303.394173622,1787252303.393557549,state_stamped,0.0,0.0,0.0
1787252303.396225691,1787252303.396232128,command,0.0,0.0,0.0
1787252303.464110136,1787252303.463557243,state_stamped,0.0,0.0,0.0
1787252303.464145184,1787252303.464149714,state,0.0,0.0,0.0
1787252303.466162443,1787252303.466168880,command,0.0,0.0,0.0
1787252303.524008512,1787252303.524013519,state,0.0,0.0,0.0
1787252303.524051428,1787252303.523557901,state_stamped,0.0,0.0,0.0
1787252303.526262045,1787252303.526268005,command,0.0,0.0,0.0
1787252303.594003677,1787252303.594008684,state,0.0,0.0,0.0
1787252303.594102859,1787252303.593557835,state_stamped,0.0,0.0,0.0
1787252303.596061707,1787252303.596068382,command,0.0,0.0,0.0
1787252303.664047003,1787252303.663557291,state_stamped,0.0,0.0,0.0
1787252303.664139509,1787252303.664144039,state,0.0,0.0,0.0
1787252303.666229725,1787252303.666235447,command,0.0,0.0,0.0
1787252303.724029303,1787252303.724034071,state,0.0,0.0,0.0
1787252303.724064827,1787252303.723557711,state_stamped,0.0,0.0,0.0
1787252303.726623058,1787252303.726629019,command,0.0,0.0,0.0
1787252303.793982267,1787252303.793987036,state,0.0,0.0,0.0
1787252303.794025660,1787252303.793557644,state_stamped,0.0,0.0,0.0
1787252303.796167850,1787252303.796174526,command,0.0,0.0,0.0
1787252303.864012957,1787252303.864018440,state,0.0,0.0,0.0
1787252303.864053249,1787252303.863557577,state_stamped,0.0,0.0,0.0
1787252303.866203547,1787252303.866209984,command,0.0,0.0,0.0
1787252303.924127817,1787252303.923557758,state_stamped,0.0,0.0,0.0
1787252303.924165487,1787252303.924169540,state,0.0,0.0,0.0
1787252303.926238060,1787252303.926244974,command,0.0,0.0,0.0
1787252303.994240046,1787252303.994243860,state,0.0,0.0,0.0
1787252303.994271994,1787252303.993558168,state_stamped,0.0,0.0,0.0
1787252303.996515512,1787252303.996523857,command,0.0,0.0,0.0
1787252304.064188957,1787252304.064191818,state,0.0,0.0,0.0
1787252304.064212561,1787252304.063557625,state_stamped,0.0,0.0,0.0
1787252304.066363335,1787252304.066369057,command,0.0,0.0,0.0
1787252304.124022961,1787252304.124028921,state,0.0,0.0,0.0
1787252304.124066830,1787252304.123557568,state_stamped,0.0,0.0,0.0
1787252304.126226902,1787252304.126232862,command,0.0,0.0,0.0
1787252304.194127321,1787252304.194130182,state,0.0,0.0,0.0
1787252304.194153070,1787252304.193557501,state_stamped,0.0,0.0,0.0
1787252304.196172714,1787252304.196178675,command,0.0,0.0,0.0
1787252304.264138937,1787252304.264141321,state,0.0,0.0,0.0
1787252304.264161587,1787252304.263557196,state_stamped,0.0,0.0,0.0
1787252304.266279697,1787252304.266284704,command,0.0,0.0,0.0
1787252304.324141979,1787252304.324144840,state,0.0,0.0,0.0
1787252304.324167013,1787252304.323557854,state_stamped,0.0,0.0,0.0
1787252304.326349020,1787252304.326354742,command,0.0,0.0,0.0
1787252304.394111395,1787252304.394114017,state,0.0,0.0,0.0
1787252304.394136429,1787252304.393557787,state_stamped,0.0,0.0,0.0
1787252304.396159172,1787252304.396165133,command,0.0,0.0,0.0
1787252304.464188576,1787252304.464190960,state,0.0,0.0,0.0
1787252304.464211702,1787252304.463557720,state_stamped,0.0,0.0,0.0
1787252304.466311216,1787252304.466317415,command,0.0,0.0,0.0
1787252304.524279594,1787252304.524284840,state,0.0,0.0,0.0
1787252304.524322510,1787252304.523557663,state_stamped,0.0,0.0,0.0
1787252304.526340008,1787252304.526346207,command,0.0,0.0,0.0
1787252304.594148874,1787252304.594151735,state,0.0,0.0,0.0
1787252304.594176054,1787252304.593557835,state_stamped,0.0,0.0,0.0
1787252304.596168995,1787252304.596175194,command,0.0,0.0,0.0
1787252304.664163351,1787252304.664166212,state,0.0,0.0,0.0
1787252304.664185286,1787252304.663557529,state_stamped,0.0,0.0,0.0
1787252304.666279316,1787252304.666284800,command,0.0,0.0,0.0
1787252304.724161386,1787252304.724164009,state,0.0,0.0,0.0
1787252304.724184513,1787252304.723557711,state_stamped,0.0,0.0,0.0
1787252304.726336718,1787252304.726345062,command,0.0,0.0,0.0
1787252304.794093847,1787252304.794096470,state,0.0,0.0,0.0
1787252304.794116259,1787252304.793557405,state_stamped,0.0,0.0,0.0
1787252304.796147346,1787252304.796153069,command,0.0,0.0,0.0
1787252304.864150524,1787252304.864153862,state,0.0,0.0,0.0
1787252304.864181280,1787252304.863569975,state_stamped,0.0,0.0,0.0
1787252304.866350412,1787252304.866355419,command,0.0,0.0,0.0
1787252304.924187183,1787252304.924192667,state,0.0,0.0,0.0
1787252304.924230337,1787252304.923557520,state_stamped,0.0,0.0,0.0
1787252304.926328421,1787252304.926333189,command,0.0,0.0,0.0
1787252304.994182110,1787252304.994185925,state,0.0,0.0,0.0
1787252304.994211912,1787252304.993557930,state_stamped,0.0,0.0,0.0
1787252304.996608019,1787252304.996613741,command,0.0,0.0,0.0
1787252305.064129591,1787252305.064132452,state,0.0,0.0,0.0
1787252305.064152718,1787252305.063557625,state_stamped,0.0,0.0,0.0
1787252305.066332102,1787252305.066337824,command,0.0,0.0,0.0
1787252305.124163151,1787252305.124165535,state,0.0,0.0,0.0
1787252305.124186039,1787252305.123557806,state_stamped,0.0,0.0,0.0
1787252305.126307249,1787252305.126313925,command,0.0,0.0,0.0
1787252305.194101810,1787252305.194104433,state,0.0,0.0,0.0
1787252305.194123983,1787252305.193557739,state_stamped,0.0,0.0,0.0
1787252305.195931673,1787252305.195936918,command,0.0,0.0,0.0
1787252305.264189720,1787252305.264192581,state,0.0,0.0,0.0
1787252305.264211655,1787252305.263569832,state_stamped,0.0,0.0,0.0
1787252305.266322374,1787252305.266327858,command,0.0,0.0,0.0
1787252305.324158907,1787252305.324161768,state,0.0,0.0,0.0
1787252305.324181080,1787252305.323557854,state_stamped,0.0,0.0,0.0
1787252305.326281309,1787252305.326286316,command,0.0,0.0,0.0
1787252305.394117832,1787252305.394120455,state,0.0,0.0,0.0
1787252305.394138813,1787252305.393557787,state_stamped,0.0,0.0,0.0
1787252305.396226406,1787252305.396231174,command,0.0,0.0,0.0
1787252305.464101315,1787252305.464103937,state,0.0,0.0,0.0
1787252305.464122534,1787252305.463523865,state_stamped,0.0,0.0,0.0
1787252305.466266155,1787252305.466271162,command,0.0,0.0,0.0
1787252305.524155140,1787252305.524158239,state,0.0,0.0,0.0
1787252305.524178505,1787252305.523557663,state_stamped,0.0,0.0,0.0
1787252305.526304245,1787252305.526310205,command,0.0,0.0,0.0
1787252305.594092131,1787252305.594094515,state,0.0,0.0,0.0
1787252305.594114065,1787252305.593558073,state_stamped,0.0,0.0,0.0
1787252305.596188784,1787252305.596193314,command,0.0,0.0,0.0
1787252305.664111376,1787252305.664114714,state,0.0,0.0,0.0
1787252305.664135218,1787252305.663557768,state_stamped,0.0,0.0,0.0
1787252305.666285515,1787252305.666290522,command,0.0,0.0,0.0
1787252305.724050999,1787252305.724059820,state,0.0,0.0,0.0
1787252305.724093437,1787252305.723557949,state_stamped,0.0,0.0,0.0
1787252305.726805210,1787252305.726811171,command,0.0,0.0,0.0
1787252305.794150352,1787252305.794156551,state,0.0,0.0,0.0
1787252305.794193745,1787252305.793557882,state_stamped,0.0,0.0,0.0
1787252305.796313047,1787252305.796316385,command,0.0,0.0,0.0
1787252305.864144564,1787252305.864148378,state,0.0,0.0,0.0
1787252305.864170551,1787252305.863557577,state_stamped,0.0,0.0,0.0
1787252305.866304874,1787252305.866308928,command,0.0,0.0,0.0
1787252305.924186945,1787252305.924191713,state,0.0,0.0,0.0
1787252305.924229860,1787252305.923557997,state_stamped,0.0,0.0,0.0
1787252305.926366091,1787252305.926373720,command,0.0,0.0,0.0
1787252305.994207144,1787252305.994213104,state,0.0,0.0,0.0
1787252305.994253397,1787252305.993557692,state_stamped,0.0,0.0,0.0
1787252305.996351957,1787252305.996357203,command,0.0,0.0,0.0
1787252306.064155340,1787252306.064160824,state,0.0,0.0,0.0
1787252306.064195633,1787252306.063557625,state_stamped,0.0,0.0,0.0
1787252306.066292286,1787252306.066295385,command,0.0,0.0,0.0
1787252306.124178648,1787252306.124184132,state,0.0,0.0,0.0
1787252306.124222040,1787252306.123557806,state_stamped,0.0,0.0,0.0
1787252306.126298189,1787252306.126302958,command,0.0,0.0,0.0
1787252306.194094419,1787252306.194097042,state,0.0,0.0,0.0
1787252306.194117069,1787252306.193557739,state_stamped,0.0,0.0,0.0
1787252306.196167707,1787252306.196172953,command,0.0,0.0,0.0
1787252306.264128685,1787252306.264131308,state,0.0,0.0,0.0
1787252306.264150858,1787252306.263557673,state_stamped,0.0,0.0,0.0
1787252306.266327858,1787252306.266332865,command,0.0,0.0,0.0
1787252306.324179649,1787252306.324184895,state,0.0,0.0,0.0
1787252306.324221134,1787252306.323557615,state_stamped,0.0,0.0,0.0
1787252306.326315165,1787252306.326320648,command,0.0,0.0,0.0
1787252306.394093275,1787252306.394095898,state,0.0,0.0,0.0
1787252306.394115210,1787252306.393557549,state_stamped,0.0,0.0,0.0
1787252306.396209478,1787252306.396215200,command,0.0,0.0,0.0
1787252306.464169264,1787252306.464171886,state,0.0,0.0,0.0
1787252306.464191198,1787252306.463557959,state_stamped,0.0,0.0,0.0
1787252306.466331959,1787252306.466339588,command,0.0,0.0,0.0
1787252306.524138451,1787252306.524142265,state,0.0,0.0,0.0
1787252306.524162054,1787252306.523557425,state_stamped,0.0,0.0,0.0
1787252306.526314974,1787252306.526322842,command,0.0,0.0,0.0
1787252306.594077587,1787252306.594080925,state,0.0,0.0,0.0
1787252306.594099998,1787252306.593557596,state_stamped,0.0,0.0,0.0
1787252306.595886707,1787252306.595894337,command,0.0,0.0,0.0
1787252306.664148331,1787252306.664151192,state,0.0,0.0,0.0
1787252306.664169788,1787252306.663557529,state_stamped,0.0,0.0,0.0
1787252306.666294336,1787252306.666299820,command,0.0,0.0,0.0
1787252306.724135637,1787252306.724138737,state,0.0,0.0,0.0
1787252306.724156857,1787252306.723557472,state_stamped,0.0,0.0,0.0
1787252306.726338387,1787252306.726346016,command,0.0,0.0,0.0
1787252306.794067383,1787252306.794070721,state,0.0,0.0,0.0
1787252306.794088125,1787252306.793557405,state_stamped,0.0,0.0,0.0
1787252306.795871973,1787252306.795879841,command,0.0,0.0,0.0
1787252306.864116430,1787252306.864119768,state,0.0,0.0,0.0
1787252306.864137650,1787252306.863557577,state_stamped,0.0,0.0,0.0
1787252306.866004229,1787252306.866009712,command,0.0,0.0,0.0
1787252306.924143314,1787252306.924146891,state,0.0,0.0,0.0
1787252306.924166203,1787252306.923557758,state_stamped,0.0,0.0,0.0
1787252306.926339865,1787252306.926347494,command,0.0,0.0,0.0
1787252306.994171143,1787252306.994176865,state,0.0,0.0,0.0
1787252306.994203091,1787252306.993557930,state_stamped,0.0,0.0,0.0
1787252306.996458292,1787252306.996466398,command,0.0,0.0,0.0
1787252307.064135313,1787252307.063558102,state_stamped,0.0,0.0,0.0
1787252307.064165354,1787252307.064173222,state,0.0,0.0,0.0
1787252307.066346645,1787252307.066351414,command,0.0,0.0,0.0
1787252307.124120474,1787252307.123557329,state_stamped,0.0,0.0,0.0
1787252307.124143600,1787252307.124150991,state,0.0,0.0,0.0
1787252307.126327038,1787252307.126330376,command,0.0,0.0,0.0
1787252307.194037199,1787252307.193540335,state_stamped,0.0,0.0,0.0
1787252307.194058895,1787252307.194063902,state,0.0,0.0,0.0
1787252307.195931673,1787252307.195939541,command,0.0,0.0,0.0
1787252307.264148712,1787252307.263557911,state_stamped,0.0,0.0,0.0
1787252307.264181852,1787252307.264189243,state,0.0,0.0,0.0
1787252307.266265631,1787252307.266267538,command,0.0,0.0,0.0
1787252307.324101448,1787252307.324111462,state,0.0,0.0,0.0
1787252307.324165583,1787252307.323557377,state_stamped,0.0,0.0,0.0
1787252307.326927900,1787252307.326930523,command,0.0,0.0,0.0
1787252307.394218206,1787252307.393557310,state_stamped,0.0,0.0,0.0
1787252307.394251347,1787252307.394257307,state,0.0,0.0,0.0
1787252307.396204233,1787252307.396209240,command,0.0,0.0,0.0
1787252307.464169741,1787252307.463557720,state_stamped,0.0,0.0,0.0
1787252307.464200497,1787252307.464208126,state,0.0,0.0,0.0
1787252307.466422558,1787252307.466427326,command,0.0,0.0,0.0
1787252307.524151087,1787252307.523557663,state_stamped,0.0,0.0,0.0
1787252307.524180412,1787252307.524187803,state,0.0,0.0,0.0
1787252307.526373625,1787252307.526376247,command,0.0,0.0,0.0
1787252307.594181061,1787252307.593557358,state_stamped,0.0,0.0,0.0
1787252307.594223022,1787252307.594228745,state,0.0,0.0,0.0
1787252307.595997095,1787252307.596002102,command,0.0,0.0,0.0
1787252307.664199591,1787252307.664207220,state,0.0,0.0,0.0
1787252307.664253473,1787252307.663557768,state_stamped,0.0,0.0,0.0
1787252307.666354895,1787252307.666357517,command,0.0,0.0,0.0
1787252307.724311352,1787252307.724321127,state,0.0,0.0,0.0
1787252307.724372149,1787252307.723557472,state_stamped,0.0,0.0,0.0
1787252307.727171659,1787252307.727175713,command,0.0,0.0,0.0
1787252307.794209957,1787252307.794215918,state,0.0,0.0,0.0
1787252307.794262409,1787252307.793557644,state_stamped,0.0,0.0,0.0
1787252307.796204329,1787252307.796212435,command,0.0,0.0,0.0
1787252307.864046812,1787252307.864055395,state,0.0,0.0,0.0
1787252307.864105940,1787252307.863557816,state_stamped,0.0,0.0,0.0
1787252307.866048813,1787252307.866053581,command,0.0,0.0,0.0
1787252307.924183846,1787252307.924192667,state,0.0,0.0,0.0
1787252307.924273491,1787252307.923557758,state_stamped,0.0,0.0,0.0
1787252307.926315784,1787252307.926320553,command,0.0,0.0,0.0
1787252307.994173527,1787252307.994181871,state,0.0,0.0,0.0
1787252307.994257450,1787252307.993557692,state_stamped,0.0,0.0,0.0
1787252307.996454239,1787252307.996462345,command,0.0,0.0,0.0
1787252308.064233541,1787252308.063557625,state_stamped,0.0,0.0,0.0
1787252308.064352036,1787252308.064359903,state,0.0,0.0,0.0
1787252308.066420555,1787252308.066422939,command,0.0,0.0,0.0
1787252308.124204397,1787252308.123557568,state_stamped,0.0,0.0,0.0
1787252308.124245644,1787252308.124253511,state,0.0,0.0,0.0
1787252308.126347065,1787252308.126352549,command,0.0,0.0,0.0
1787252308.194150925,1787252308.193557739,state_stamped,0.0,0.0,0.0
1787252308.194184303,1787252308.194189787,state,0.0,0.0,0.0
1787252308.195933580,1787252308.195937634,command,0.0,0.0,0.0
1787252308.264200687,1787252308.263557673,state_stamped,0.0,0.0,0.0
1787252308.264238596,1787252308.264246702,state,0.0,0.0,0.0
1787252308.266390085,1787252308.266392946,command,0.0,0.0,0.0
1787252308.324153900,1787252308.323559046,state_stamped,0.0,0.0,0.0
1787252308.324186325,1787252308.324194193,state,0.0,0.0,0.0
1787252308.326086044,1787252308.326090097,command,0.0,0.0,0.0
1787252308.394219875,1787252308.393557549,state_stamped,0.0,0.0,0.0
1787252308.394263744,1787252308.394269943,state,0.0,0.0,0.0
1787252308.395979166,1787252308.395985603,command,0.0,0.0,0.0
1787252308.464185238,1787252308.463557720,state_stamped,0.0,0.0,0.0
1787252308.464279652,1787252308.464287281,state,0.0,0.0,0.0
1787252308.466060400,1787252308.466063499,command,0.0,0.0,0.0
1787252308.524194479,1787252308.523557425,state_stamped,0.0,0.0,0.0
1787252308.524287224,1787252308.524295092,state,0.0,0.0,0.0
1787252308.526071548,1787252308.526074171,command,0.0,0.0,0.0
1787252308.594122648,1787252308.593557835,state_stamped,0.0,0.0,0.0
1787252308.594216347,1787252308.594221592,state,0.0,0.0,0.0
1787252308.595950603,1787252308.595954180,command,0.0,0.0,0.0
1787252308.664179087,1787252308.663557529,state_stamped,0.0,0.0,0.0
1787252308.664269209,1787252308.664277554,state,0.0,0.0,0.0
1787252308.666061163,1787252308.666063786,command,0.0,0.0,0.0
1787252308.724195480,1787252308.723557711,state_stamped,0.0,0.0,0.0
1787252308.724294424,1787252308.724303961,state,0.0,0.0,0.0
1787252308.726075411,1787252308.726078510,command,0.0,0.0,0.0
1787252308.794125080,1787252308.793557644,state_stamped,0.0,0.0,0.0
1787252308.794219017,1787252308.794224977,state,0.0,0.0,0.0
1787252308.795931578,1787252308.795935154,command,0.0,0.0,0.0
1787252308.864181757,1787252308.863557339,state_stamped,0.0,0.0,0.0
1787252308.864272594,1787252308.864280224,state,0.0,0.0,0.0
1787252308.866003513,1787252308.866005898,command,0.0,0.0,0.0
1787252308.924184799,1787252308.923557281,state_stamped,0.0,0.0,0.0
1787252308.924283504,1787252308.924291849,state,0.0,0.0,0.0
1787252308.926021338,1787252308.926025391,command,0.0,0.0,0.0
1787252308.994197607,1787252308.993557930,state_stamped,0.0,0.0,0.0
1787252308.994231701,1787252308.994237661,state,0.0,0.0,0.0
1787252308.996316671,1787252308.996320486,command,0.0,0.0,0.0
1787252309.064207315,1787252309.063557625,state_stamped,0.0,0.0,0.0
1787252309.064307690,1787252309.064316273,state,0.0,0.0,0.0
1787252309.066106796,1787252309.066109657,command,0.0,0.0,0.0
1787252309.124243259,1787252309.123557806,state_stamped,0.0,0.0,0.0
1787252309.124282360,1787252309.124290466,state,0.0,0.0,0.0
1787252309.126800060,1787252309.126803398,command,0.0,0.0,0.0
1787252309.194130182,1787252309.194135666,state,0.0,0.0,0.0
1787252309.194192171,1787252309.193557501,state_stamped,0.0,0.0,0.0
1787252309.195974112,1787252309.195977688,command,0.0,0.0,0.0
1787252309.264179230,1787252309.264184237,state,0.0,0.0,0.0
1787252309.264213085,1787252309.263557434,state_stamped,0.0,0.0,0.0
1787252309.266129732,1787252309.266132116,command,0.0,0.0,0.0
1787252309.324177265,1787252309.324185610,state,0.0,0.0,0.0
1787252309.324224472,1787252309.323557854,state_stamped,0.0,0.0,0.0
1787252309.326050282,1787252309.326054096,command,0.0,0.0,0.0
1787252309.394074202,1787252309.394077778,state,0.0,0.0,0.0
1787252309.394105911,1787252309.393557787,state_stamped,0.0,0.0,0.0
1787252309.395927668,1787252309.395930767,command,0.0,0.0,0.0
1787252309.464199066,1787252309.464205980,state,0.0,0.0,0.0
1787252309.464249134,1787252309.463557720,state_stamped,0.0,0.0,0.0
1787252309.466034412,1787252309.466037273,command,0.0,0.0,0.0
1787252309.524178028,1787252309.524184942,state,0.0,0.0,0.0
1787252309.524224281,1787252309.523557663,state_stamped,0.0,0.0,0.0
1787252309.526056290,1787252309.526059628,command,0.0,0.0,0.0
1787252309.594089508,1787252309.594092846,state,0.0,0.0,0.0
1787252309.594129801,1787252309.593557835,state_stamped,0.0,0.0,0.0
1787252309.595908880,1787252309.595912218,command,0.0,0.0,0.0
1787252309.664183378,1787252309.664190292,state,0.0,0.0,0.0
1787252309.664226294,1787252309.663557529,state_stamped,0.0,0.0,0.0
1787252309.666034460,1787252309.666036844,command,0.0,0.0,0.0
1787252309.724202394,1787252309.724209547,state,0.0,0.0,0.0
1787252309.724259138,1787252309.723557472,state_stamped,0.0,0.0,0.0
1787252309.726017952,1787252309.726021528,command,0.0,0.0,0.0
1787252309.794090033,1787252309.794094801,state,0.0,0.0,0.0
1787252309.794133186,1787252309.793557882,state_stamped,0.0,0.0,0.0
1787252309.796808720,1787252309.796812296,command,0.0,0.0,0.0
1787252309.864197493,1787252309.864202023,state,0.0,0.0,0.0
1787252309.864234447,1787252309.863557816,state_stamped,0.0,0.0,0.0
1787252309.866086245,1787252309.866088390,command,0.0,0.0,0.0
1787252309.924192667,1787252309.924203157,state,0.0,0.0,0.0
1787252309.924248457,1787252309.923559666,state_stamped,0.0,0.0,0.0
1787252309.926094055,1787252309.926097870,command,0.0,0.0,0.0
1787252309.994234800,1787252309.994246721,state,0.0,0.0,0.0
1787252309.994294643,1787252309.993557453,state_stamped,0.0,0.0,0.0
1787252309.996193171,1787252309.996196747,command,0.0,0.0,0.0
1787252310.064047337,1787252310.064054489,state,0.0,0.0,0.0
1787252310.064113855,1787252310.063557386,state_stamped,0.0,0.0,0.0
1787252310.065977573,1787252310.065979958,command,0.0,0.0,0.0
1787252310.124202728,1787252310.124209881,state,0.0,0.0,0.0
1787252310.124259949,1787252310.123557568,state_stamped,0.0,0.0,0.0
1787252310.126059055,1787252310.126062632,command,0.0,0.0,0.0
1787252310.194117069,1787252310.194120884,state,0.0,0.0,0.0
1787252310.194148779,1787252310.193557739,state_stamped,0.0,0.0,0.0
1787252310.195969820,1787252310.195973396,command,0.0,0.0,0.0
1787252310.264207125,1787252310.264214039,state,0.0,0.0,0.0
1787252310.264251709,1787252310.263557434,state_stamped,0.0,0.0,0.0
1787252310.266062021,1787252310.266064644,command,0.0,0.0,0.0
1787252310.324144602,1787252310.324151754,state,0.0,0.0,0.0
1787252310.324188709,1787252310.323557854,state_stamped,0.0,0.0,0.0
1787252310.326089621,1787252310.326092720,command,0.0,0.0,0.0
1787252310.394092321,1787252310.393557787,state_stamped,0.0,0.0,0.0
1787252310.394128799,1787252310.394136906,state,0.0,0.0,0.0
1787252310.396013021,1787252310.396016121,command,0.0,0.0,0.0
1787252310.464211702,1787252310.463557482,state_stamped,0.0,0.0,0.0
1787252310.464250088,1787252310.464257956,state,0.0,0.0,0.0
1787252310.466073275,1787252310.466076136,command,0.0,0.0,0.0
1787252310.524194479,1787252310.523557663,state_stamped,0.0,0.0,0.0
1787252310.524232626,1787252310.524241447,state,0.0,0.0,0.0
1787252310.526141167,1787252310.526144505,command,0.0,0.0,0.0
1787252310.594146252,1787252310.593557596,state_stamped,0.0,0.0,0.0
1787252310.594181538,1787252310.594187021,state,0.0,0.0,0.0
1787252310.595961332,1787252310.595964909,command,0.0,0.0,0.0
1787252310.664215088,1787252310.664222956,state,0.0,0.0,0.0
1787252310.664327621,1787252310.663557529,state_stamped,0.0,0.0,0.0
1787252310.666125298,1787252310.666127920,command,0.0,0.0,0.0
1787252310.724318981,1787252310.724326849,state,0.0,0.0,0.0
1787252310.724373102,1787252310.723557472,state_stamped,0.0,0.0,0.0
1787252310.726127386,1787252310.726130724,command,0.0,0.0,0.0
1787252310.794192076,1787252310.793557405,state_stamped,0.0,0.0,0.0
1787252310.794293642,1787252310.794298887,state,0.0,0.0,0.0
1787252310.795995235,1787252310.795998812,command,0.0,0.0,0.0
1787252310.854259968,1787252310.853557348,state_stamped,0.0,0.0,0.0
1787252310.854291916,1787252310.854300022,state,0.0,0.0,0.0
1787252310.856063604,1787252310.856065750,command,0.0,0.0,0.0
1787252310.924240828,1787252310.923557520,state_stamped,0.0,0.0,0.0
1787252310.924283981,1787252310.924292326,state,0.0,0.0,0.0
1787252310.926138639,1787252310.926141977,command,0.0,0.0,0.0
1787252310.994247198,1787252310.994252443,state,0.0,0.0,0.0
1787252310.994294167,1787252310.993557930,state_stamped,0.0,0.0,0.0
1787252310.996334314,1787252310.996337652,command,0.0,0.0,0.0
1787252311.064198971,1787252311.063557625,state_stamped,0.0,0.0,0.0
1787252311.064230204,1787252311.064238071,state,0.0,0.0,0.0
1787252311.066133738,1787252311.066136122,command,0.0,0.0,0.0
1787252311.124221325,1787252311.123557806,state_stamped,0.0,0.0,0.0
1787252311.124269247,1787252311.124277592,state,0.0,0.0,0.0
1787252311.126080275,1787252311.126083851,command,0.0,0.0,0.0
1787252311.194164753,1787252311.194170952,state,0.0,0.0,0.0
1787252311.194281101,1787252311.193557501,state_stamped,0.0,0.0,0.0
1787252311.195965290,1787252311.195968628,command,0.0,0.0,0.0
1787252311.264210463,1787252311.264218330,state,0.0,0.0,0.0
1787252311.264325857,1787252311.263557673,state_stamped,0.0,0.0,0.0
1787252311.266478777,1787252311.266481638,command,0.0,0.0,0.0
1787252311.324224710,1787252311.323557615,state_stamped,0.0,0.0,0.0
1787252311.324266911,1787252311.324275494,state,0.0,0.0,0.0
1787252311.326505899,1787252311.326509476,command,0.0,0.0,0.0
1787252311.394109488,1787252311.394114494,state,0.0,0.0,0.0
1787252311.394158363,1787252311.393557549,state_stamped,0.0,0.0,0.0
1787252311.395925760,1787252311.395928860,command,0.0,0.0,0.0
1787252311.464200735,1787252311.463557482,state_stamped,0.0,0.0,0.0
1787252311.464242697,1787252311.464251757,state,0.0,0.0,0.0
1787252311.466612816,1787252311.466616154,command,0.0,0.0,0.0
1787252311.524148464,1787252311.523557901,state_stamped,0.0,0.0,0.0
1787252311.524262190,1787252311.524270296,state,0.0,0.0,0.0
1787252311.526067495,1787252311.526070833,command,0.0,0.0,0.0
1787252311.594119310,1787252311.594127417,state,0.0,0.0,0.0
1787252311.594180584,1787252311.593557835,state_stamped,0.0,0.0,0.0
1787252311.595994711,1787252311.595999241,command,0.0,0.0,0.0
1787252311.664058924,1787252311.664067268,state,0.0,0.0,0.0
1787252311.664149284,1787252311.663557529,state_stamped,0.0,0.0,0.0
1787252311.666139126,1787252311.666144848,command,0.0,0.0,0.0
1787252311.724042892,1787252311.724051237,state,0.0,0.0,0.0
1787252311.724107027,1787252311.723557711,state_stamped,0.0,0.0,0.0
1787252311.726079941,1787252311.726085663,command,0.0,0.0,0.0
1787252311.793986559,1787252311.793993711,state,0.0,0.0,0.0
1787252311.794038296,1787252311.793557644,state_stamped,0.0,0.0,0.0
1787252311.796689749,1787252311.796693802,command,0.0,0.0,0.0
1787252311.864206791,1787252311.863557577,state_stamped,0.0,0.0,0.0
1787252311.864242315,1787252311.864250422,state,0.0,0.0,0.0
1787252311.866438389,1787252311.866443157,command,0.0,0.0,0.0
1787252311.924202919,1787252311.923557997,state_stamped,0.0,0.0,0.0
1787252311.924313307,1787252311.924321175,state,0.0,0.0,0.0
1787252311.926569939,1787252311.926574707,command,0.0,0.0,0.0
1787252311.994202852,1787252311.994211912,state,0.0,0.0,0.0
1787252311.994269848,1787252311.993557930,state_stamped,0.0,0.0,0.0
1787252311.996922016,1787252311.996928692,command,0.0,0.0,0.0
1787252312.064153433,1787252312.064160347,state,0.0,0.0,0.0
1787252312.064229012,1787252312.063557625,state_stamped,0.0,0.0,0.0
1787252312.066550255,1787252312.066554785,command,0.0,0.0,0.0
1787252312.124161243,1787252312.124167681,state,0.0,0.0,0.0
1787252312.124220133,1787252312.123557568,state_stamped,0.0,0.0,0.0
1787252312.126208544,1787252312.126211882,command,0.0,0.0,0.0
1787252312.194138288,1787252312.194143772,state,0.0,0.0,0.0
1787252312.194204569,1787252312.193557739,state_stamped,0.0,0.0,0.0
1787252312.196081877,1787252312.196085215,command,0.0,0.0,0.0
1787252312.264156342,1787252312.264161110,state,0.0,0.0,0.0
1787252312.264200211,1787252312.263557673,state_stamped,0.0,0.0,0.0
1787252312.266438961,1787252312.266441822,command,0.0,0.0,0.0
1787252312.324140310,1787252312.324145317,state,0.0,0.0,0.0
1787252312.324186087,1787252312.323557615,state_stamped,0.0,0.0,0.0
1787252312.326073647,1787252312.326076269,command,0.0,0.0,0.0
1787252312.394099712,1787252312.394104242,state,0.0,0.0,0.0
1787252312.394145727,1787252312.393557549,state_stamped,0.0,0.0,0.0
1787252312.396365881,1787252312.396368742,command,0.0,0.0,0.0
1787252312.464045525,1787252312.464050531,state,0.0,0.0,0.0
1787252312.464080811,1787252312.463557720,state_stamped,0.0,0.0,0.0
1787252312.465947390,1787252312.465952873,command,0.0,0.0,0.0
1787252312.524210215,1787252312.524214983,state,0.0,0.0,0.0
1787252312.524314404,1787252312.523557663,state_stamped,0.0,0.0,0.0
1787252312.526022434,1787252312.526026487,command,0.0,0.0,0.0
1787252312.594099522,1787252312.594103098,state,0.0,0.0,0.0
1787252312.594147682,1787252312.593558073,state_stamped,0.0,0.0,0.0
1787252312.595818520,1787252312.595824242,command,0.0,0.0,0.0
1787252312.664139032,1787252312.664143562,state,0.0,0.0,0.0
1787252312.664183617,1787252312.663557291,state_stamped,0.0,0.0,0.0
1787252312.666364908,1787252312.666370153,command,0.0,0.0,0.0
1787252312.724165201,1787252312.724171162,state,0.0,0.0,0.0
1787252312.724214792,1787252312.723557711,state_stamped,0.0,0.0,0.0
1787252312.726127863,1787252312.726133108,command,0.0,0.0,0.0
1787252312.794191837,1787252312.794196129,state,0.0,0.0,0.0
1787252312.794243813,1787252312.793557644,state_stamped,0.0,0.0,0.0
1787252312.796096563,1787252312.796103239,command,0.0,0.0,0.0
1787252312.864140987,1787252312.864145756,state,0.0,0.0,0.0
1787252312.864222050,1787252312.863557816,state_stamped,0.0,0.0,0.0
1787252312.866086483,1787252312.866091251,command,0.0,0.0,0.0
1787252312.924065113,1787252312.924069643,state,0.0,0.0,0.0
1787252312.924111128,1787252312.923557520,state_stamped,0.0,0.0,0.0
1787252312.926027298,1787252312.926032305,command,0.0,0.0,0.0
1787252312.994056225,1787252312.994064569,state,0.0,0.0,0.0
1787252312.994154930,1787252312.993557692,state_stamped,0.0,0.0,0.0
1787252312.996397018,1787252312.996402740,command,0.0,0.0,0.0
1787252313.064050674,1787252313.064057827,state,0.0,0.0,0.0
1787252313.064146280,1787252313.063557625,state_stamped,0.0,0.0,0.0
1787252313.066237688,1787252313.066243649,command,0.0,0.0,0.0
1787252313.124042034,1787252313.124047518,state,0.0,0.0,0.0
1787252313.124085903,1787252313.123557806,state_stamped,0.0,0.0,0.0
1787252313.126308203,1787252313.126313448,command,0.0,0.0,0.0
1787252313.194225550,1787252313.193557739,state_stamped,0.0,0.0,0.0
1787252313.194261789,1787252313.194266796,state,0.0,0.0,0.0
1787252313.195948362,1787252313.195954323,command,0.0,0.0,0.0
1787252313.264246464,1787252313.264255524,state,0.0,0.0,0.0
1787252313.264299154,1787252313.263557673,state_stamped,0.0,0.0,0.0
1787252313.266206980,1787252313.266212463,command,0.0,0.0,0.0
1787252313.324148417,1787252313.324156046,state,0.0,0.0,0.0
1787252313.324206591,1787252313.323557854,state_stamped,0.0,0.0,0.0
1787252313.326165438,1787252313.326170683,command,0.0,0.0,0.0
1787252313.394231319,1787252313.394237995,state,0.0,0.0,0.0
1787252313.394283056,1787252313.393557787,state_stamped,0.0,0.0,0.0
1787252313.396105528,1787252313.396110773,command,0.0,0.0,0.0
1787252313.464243174,1787252313.464249611,state,0.0,0.0,0.0
1787252313.464293480,1787252313.463557959,state_stamped,0.0,0.0,0.0
1787252313.466175079,1787252313.466181040,command,0.0,0.0,0.0
1787252313.524268150,1787252313.524274588,state,0.0,0.0,0.0
1787252313.524319410,1787252313.523557663,state_stamped,0.0,0.0,0.0
1787252313.526185274,1787252313.526190281,command,0.0,0.0,0.0
1787252313.594187975,1787252313.594193697,state,0.0,0.0,0.0
1787252313.594236851,1787252313.593557835,state_stamped,0.0,0.0,0.0
1787252313.596064568,1787252313.596069813,command,0.0,0.0,0.0
1787252313.664165735,1787252313.664172888,state,0.0,0.0,0.0
1787252313.664211988,1787252313.663557529,state_stamped,0.0,0.0,0.0
1787252313.666177034,1787252313.666182518,command,0.0,0.0,0.0
1787252313.724205017,1787252313.723557711,state_stamped,0.0,0.0,0.0
1787252313.724249363,1787252313.724255323,state,0.0,0.0,0.0
1787252313.726178646,1787252313.726184845,command,0.0,0.0,0.0
1787252313.793987036,1787252313.793993711,state,0.0,0.0,0.0
1787252313.794030190,1787252313.793557644,state_stamped,0.0,0.0,0.0
1787252313.796626806,1787252313.796632767,command,0.0,0.0,0.0
1787252313.864243984,1787252313.864251137,state,0.0,0.0,0.0
1787252313.864296198,1787252313.863557577,state_stamped,0.0,0.0,0.0
1787252313.866271019,1787252313.866274118,command,0.0,0.0,0.0
1787252313.924254894,1787252313.924260139,state,0.0,0.0,0.0
1787252313.924300194,1787252313.923557281,state_stamped,0.0,0.0,0.0
1787252313.926183701,1787252313.926186323,command,0.0,0.0,0.0
1787252313.994220257,1787252313.993557692,state_stamped,0.0,0.0,0.0
1787252313.994264603,1787252313.994273424,state,0.0,0.0,0.0
1787252313.996681929,1787252313.996687412,command,0.0,0.0,0.0
1787252314.064227581,1787252314.063557625,state_stamped,0.0,0.0,0.0
1787252314.064257383,1787252314.064262629,state,0.0,0.0,0.0
1787252314.066203833,1787252314.066209078,command,0.0,0.0,0.0
1787252314.124041319,1787252314.124045372,state,0.0,0.0,0.0
1787252314.124074936,1787252314.123557806,state_stamped,0.0,0.0,0.0
1787252314.125944376,1787252314.125950575,command,0.0,0.0,0.0
1787252314.194123983,1787252314.194128990,state,0.0,0.0,0.0
1787252314.194174290,1787252314.193557501,state_stamped,0.0,0.0,0.0
1787252314.196112156,1787252314.196117163,command,0.0,0.0,0.0
1787252314.264179707,1787252314.264185190,state,0.0,0.0,0.0
1787252314.264228344,1787252314.263557673,state_stamped,0.0,0.0,0.0
1787252314.266154528,1787252314.266159773,command,0.0,0.0,0.0
1787252314.324188471,1787252314.323557854,state_stamped,0.0,0.0,0.0
1787252314.324218273,1787252314.324226141,state,0.0,0.0,0.0
1787252314.326192141,1787252314.326197386,command,0.0,0.0,0.0
1787252314.394122601,1787252314.394127369,state,0.0,0.0,0.0
1787252314.394172907,1787252314.393557549,state_stamped,0.0,0.0,0.0
1787252314.396088123,1787252314.396092892,command,0.0,0.0,0.0
1787252314.464161634,1787252314.464166880,state,0.0,0.0,0.0
1787252314.464209557,1787252314.463557720,state_stamped,0.0,0.0,0.0
1787252314.466170311,1787252314.466175795,command,0.0,0.0,0.0
1787252314.524185658,1787252314.524190426,state,0.0,0.0,0.0
1787252314.524237394,1787252314.523557663,state_stamped,0.0,0.0,0.0
1787252314.526110888,1787252314.526116133,command,0.0,0.0,0.0
1787252314.594129801,1787252314.594135046,state,0.0,0.0,0.0
1787252314.594182491,1787252314.593557835,state_stamped,0.0,0.0,0.0
1787252314.596029520,1787252314.596034527,command,0.0,0.0,0.0
1787252314.664159298,1787252314.664164305,state,0.0,0.0,0.0
1787252314.664218426,1787252314.663557768,state_stamped,0.0,0.0,0.0
1787252314.666090727,1787252314.666096210,command,0.0,0.0,0.0
1787252314.724183798,1787252314.724188566,state,0.0,0.0,0.0
1787252314.724270344,1787252314.723558187,state_stamped,0.0,0.0,0.0
1787252314.726179361,1787252314.726184368,command,0.0,0.0,0.0
1787252314.794104338,1787252314.794107914,state,0.0,0.0,0.0
1787252314.794145346,1787252314.793557882,state_stamped,0.0,0.0,0.0
1787252314.796048880,1787252314.796054363,command,0.0,0.0,0.0
1787252314.864161491,1787252314.864166498,state,0.0,0.0,0.0
1787252314.864208937,1787252314.863557816,state_stamped,0.0,0.0,0.0
1787252314.866146326,1787252314.866151333,command,0.0,0.0,0.0
1787252314.924178600,1787252314.924183607,state,0.0,0.0,0.0
1787252314.924257755,1787252314.923557520,state_stamped,0.0,0.0,0.0
1787252314.926151514,1787252314.926156521,command,0.0,0.0,0.0
1787252314.994241714,1787252314.994249582,state,0.0,0.0,0.0
1787252314.994302750,1787252314.993557453,state_stamped,0.0,0.0,0.0
1787252314.996739864,1787252314.996746063,command,0.0,0.0,0.0
1787252315.064169168,1787252315.064175129,state,0.0,0.0,0.0
1787252315.064219475,1787252315.063557386,state_stamped,0.0,0.0,0.0
1787252315.066267252,1787252315.066272259,command,0.0,0.0,0.0
1787252315.124195337,1787252315.124200344,state,0.0,0.0,0.0
1787252315.124247074,1787252315.123557329,state_stamped,0.0,0.0,0.0
1787252315.126163244,1787252315.126168013,command,0.0,0.0,0.0
1787252315.194247961,1787252315.193557501,state_stamped,0.0,0.0,0.0
1787252315.194294214,1787252315.194298267,state,0.0,0.0,0.0
1787252315.196099758,1787252315.196105480,command,0.0,0.0,0.0
1787252315.264261723,1787252315.264266968,state,0.0,0.0,0.0
1787252315.264320850,1787252315.263557196,state_stamped,0.0,0.0,0.0
1787252315.266175032,1787252315.266179800,command,0.0,0.0,0.0
1787252315.324249268,1787252315.323557138,state_stamped,0.0,0.0,0.0
1787252315.324288607,1787252315.324293852,state,0.0,0.0,0.0
1787252315.326144218,1787252315.326149464,command,0.0,0.0,0.0
1787252315.394014835,1787252315.394019365,state,0.0,0.0,0.0
1787252315.394110441,1787252315.393557787,state_stamped,0.0,0.0,0.0
1787252315.395953655,1787252315.395958424,command,0.0,0.0,0.0
1787252315.464097023,1787252315.464102030,state,0.0,0.0,0.0
1787252315.464195490,1787252315.463557482,state_stamped,0.0,0.0,0.0
1787252315.466061592,1787252315.466066360,command,0.0,0.0,0.0
1787252315.524117708,1787252315.524122953,state,0.0,0.0,0.0
1787252315.524169683,1787252315.523557901,state_stamped,0.0,0.0,0.0
1787252315.526038647,1787252315.526043415,command,0.0,0.0,0.0
1787252315.593992710,1787252315.593998194,state,0.0,0.0,0.0
1787252315.594028711,1787252315.593558073,state_stamped,0.0,0.0,0.0
1787252315.595951319,1787252315.595957518,command,0.0,0.0,0.0
1787252315.664118528,1787252315.664123535,state,0.0,0.0,0.0
1787252315.664157867,1787252315.663557529,state_stamped,0.0,0.0,0.0
1787252315.666190624,1787252315.666195631,command,0.0,0.0,0.0
1787252315.724197626,1787252315.724201918,state,0.0,0.0,0.0
1787252315.724227905,1787252315.723558664,state_stamped,0.0,0.0,0.0
1787252315.725968599,1787252315.725973845,command,0.0,0.0,0.0
1787252315.794038296,1787252315.794044018,state,0.0,0.0,0.0
1787252315.794085026,1787252315.793559790,state_stamped,0.0,0.0,0.0
1787252315.796736240,1787252315.796742916,command,0.0,0.0,0.0
1787252315.864140511,1787252315.863557577,state_stamped,0.0,0.0,0.0
1787252315.864260197,1787252315.864267111,state,0.0,0.0,0.0
1787252315.866481304,1787252315.866487026,command,0.0,0.0,0.0
1787252315.924228191,1787252315.923557758,state_stamped,0.0,0.0,0.0
1787252315.924328089,1787252315.924337626,state,0.0,0.0,0.0
1787252315.926388025,1787252315.926394463,command,0.0,0.0,0.0
1787252315.994147062,1787252315.994152784,state,0.0,0.0,0.0
1787252315.994200468,1787252315.993557453,state_stamped,0.0,0.0,0.0
1787252315.996329546,1787252315.996336222,command,0.0,0.0,0.0
1787252316.064094543,1787252316.064099789,state,0.0,0.0,0.0
1787252316.064140320,1787252316.063557386,state_stamped,0.0,0.0,0.0
1787252316.066139698,1787252316.066145420,command,0.0,0.0,0.0
1787252316.124102354,1787252316.124107838,state,0.0,0.0,0.0
1787252316.124153137,1787252316.123557568,state_stamped,0.0,0.0,0.0
1787252316.126189232,1787252316.126195431,command,0.0,0.0,0.0
1787252316.194039106,1787252316.193557978,state_stamped,0.0,0.0,0.0
1787252316.194085360,1787252316.194090843,state,0.0,0.0,0.0
1787252316.195995092,1787252316.196001053,command,0.0,0.0,0.0
1787252316.264085054,1787252316.264090300,state,0.0,0.0,0.0
1787252316.264132023,1787252316.263557434,state_stamped,0.0,0.0,0.0
1787252316.266078234,1787252316.266082525,command,0.0,0.0,0.0
1787252316.324100494,1787252316.323557377,state_stamped,0.0,0.0,0.0
1787252316.324136019,1787252316.324141264,state,0.0,0.0,0.0
1787252316.326119661,1787252316.326125622,command,0.0,0.0,0.0
1787252316.394014359,1787252316.393557787,state_stamped,0.0,0.0,0.0
1787252316.394061327,1787252316.394067049,state,0.0,0.0,0.0
1787252316.395973682,1787252316.395979166,command,0.0,0.0,0.0
1787252316.464081049,1787252316.464086056,state,0.0,0.0,0.0
1787252316.464129448,1787252316.463557720,state_stamped,0.0,0.0,0.0
1787252316.466072321,1787252316.466079235,command,0.0,0.0,0.0
1787252316.524056435,1787252316.524061918,state,0.0,0.0,0.0
1787252316.524107933,1787252316.523557425,state_stamped,0.0,0.0,0.0
1787252316.525831461,1787252316.525837421,command,0.0,0.0,0.0
1787252316.593992472,1787252316.593557596,state_stamped,0.0,0.0,0.0
1787252316.594025612,1787252316.594031572,state,0.0,0.0,0.0
1787252316.595922470,1787252316.595925570,command,0.0,0.0,0.0
1787252316.664013863,1787252316.663557768,state_stamped,0.0,0.0,0.0
1787252316.664067745,1787252316.664071321,state,0.0,0.0,0.0
1787252316.666064024,1787252316.666067123,command,0.0,0.0,0.0
1787252316.724041462,1787252316.723557472,state_stamped,0.0,0.0,0.0
1787252316.724124432,1787252316.724129677,state,0.0,0.0,0.0
1787252316.726071119,1787252316.726073742,command,0.0,0.0,0.0
1787252316.793981791,1787252316.793557644,state_stamped,0.0,0.0,0.0
1787252316.794064522,1787252316.794070244,state,0.0,0.0,0.0
1787252316.795948982,1787252316.795952082,command,0.0,0.0,0.0
1787252316.864028931,1787252316.863557816,state_stamped,0.0,0.0,0.0
1787252316.864065647,1787252316.864069223,state,0.0,0.0,0.0
1787252316.866029739,1787252316.866033316,command,0.0,0.0,0.0
1787252316.924034119,1787252316.923557520,state_stamped,0.0,0.0,0.0
1787252316.924115658,1787252316.924119473,state,0.0,0.0,0.0
1787252316.926049232,1787252316.926053286,command,0.0,0.0,0.0
1787252316.994067430,1787252316.993557692,state_stamped,0.0,0.0,0.0
1787252316.994095087,1787252316.994099379,state,0.0,0.0,0.0
1787252316.996325731,1787252316.996329546,command,0.0,0.0,0.0
1787252317.064013004,1787252317.063557386,state_stamped,0.0,0.0,0.0
1787252317.064038754,1787252317.064042330,state,0.0,0.0,0.0
1787252317.066027164,1787252317.066030741,command,0.0,0.0,0.0
1787252317.124028206,1787252317.123557329,state_stamped,0.0,0.0,0.0
1787252317.124053240,1787252317.124056816,state,0.0,0.0,0.0
1787252317.125999451,1787252317.126003027,command,0.0,0.0,0.0
1787252317.193958044,1787252317.193557501,state_stamped,0.0,0.0,0.0
1787252317.193983793,1787252317.193987608,state,0.0,0.0,0.0
1787252317.195933342,1787252317.195936918,command,0.0,0.0,0.0
1787252317.264006138,1787252317.263557434,state_stamped,0.0,0.0,0.0
1787252317.264031887,1787252317.264035940,state,0.0,0.0,0.0
1787252317.265977621,1787252317.265980959,command,0.0,0.0,0.0
1787252317.324033737,1787252317.323557854,state_stamped,0.0,0.0,0.0
1787252317.324059486,1787252317.324063063,state,0.0,0.0,0.0
1787252317.326040506,1787252317.326043844,command,0.0,0.0,0.0
1787252317.393979311,1787252317.393557549,state_stamped,0.0,0.0,0.0
1787252317.394018412,1787252317.394021988,state,0.0,0.0,0.0
1787252317.395652533,1787252317.395655870,command,0.0,0.0,0.0
1787252317.464119911,1787252317.463557482,state_stamped,0.0,0.0,0.0
1787252317.464160681,1787252317.464164495,state,0.0,0.0,0.0
1787252317.465811253,1787252317.465814590,command,0.0,0.0,0.0
1787252317.524039507,1787252317.523557901,state_stamped,0.0,0.0,0.0
1787252317.524071693,1787252317.524075747,state,0.0,0.0,0.0
1787252317.525766850,1787252317.525770426,command,0.0,0.0,0.0
1787252317.593967915,1787252317.593971491,state,0.0,0.0,0.0
1787252317.594058275,1787252317.593557596,state_stamped,0.0,0.0,0.0
1787252317.595616579,1787252317.595620155,command,0.0,0.0,0.0
1787252317.664031506,1787252317.664035320,state,0.0,0.0,0.0
1787252317.664123535,1787252317.663557768,state_stamped,0.0,0.0,0.0
1787252317.665746450,1787252317.665750027,command,0.0,0.0,0.0
1787252317.724041224,1787252317.723557711,state_stamped,0.0,0.0,0.0
1787252317.724068165,1787252317.724072218,state,0.0,0.0,0.0
1787252317.725790262,1787252317.725795984,command,0.0,0.0,0.0
1787252317.793968201,1787252317.793971777,state,0.0,0.0,0.0
1787252317.794051647,1787252317.793557882,state_stamped,0.0,0.0,0.0
1787252317.795630455,1787252317.795634031,command,0.0,0.0,0.0
1787252317.864173651,1787252317.863558292,state_stamped,0.0,0.0,0.0
1787252317.864264250,1787252317.864269018,state,0.0,0.0,0.0
1787252317.866928577,1787252317.866931915,command,0.0,0.0,0.0
1787252317.924112558,1787252317.924116135,state,0.0,0.0,0.0
1787252317.924147606,1787252317.923557281,state_stamped,0.0,0.0,0.0
1787252317.926013708,1787252317.926020384,command,0.0,0.0,0.0
1787252317.994168282,1787252317.994173288,state,0.0,0.0,0.0
1787252317.994264603,1787252317.993557930,state_stamped,0.0,0.0,0.0
1787252317.996395826,1787252317.996402025,command,0.0,0.0,0.0
1787252318.064121485,1787252318.064124823,state,0.0,0.0,0.0
1787252318.064153433,1787252318.063539743,state_stamped,0.0,0.0,0.0
1787252318.066234350,1787252318.066240311,command,0.0,0.0,0.0
1787252318.124041557,1787252318.124045134,state,0.0,0.0,0.0
1787252318.124072552,1787252318.123557568,state_stamped,0.0,0.0,0.0
1787252318.125905514,1787252318.125911236,command,0.0,0.0,0.0
1787252318.193975925,1787252318.193557501,state_stamped,0.0,0.0,0.0
1787252318.194014311,1787252318.194018126,state,0.0,0.0,0.0
1787252318.196002722,1787252318.196008205,command,0.0,0.0,0.0
1787252318.264027596,1787252318.263557911,state_stamped,0.0,0.0,0.0
1787252318.264050722,1787252318.264054537,state,0.0,0.0,0.0
1787252318.266081572,1787252318.266087532,command,0.0,0.0,0.0
1787252318.324067831,1787252318.324070692,state,0.0,0.0,0.0
1787252318.324092150,1787252318.323557615,state_stamped,0.0,0.0,0.0
1787252318.325860023,1787252318.325862885,command,0.0,0.0,0.0
1787252318.393977880,1787252318.393557549,state_stamped,0.0,0.0,0.0
1787252318.394000292,1787252318.394003868,state,0.0,0.0,0.0
1787252318.395721436,1787252318.395727634,command,0.0,0.0,0.0
1787252318.464026928,1787252318.463557720,state_stamped,0.0,0.0,0.0
1787252318.464048862,1787252318.464052677,state,0.0,0.0,0.0
1787252318.466139555,1787252318.466145515,command,0.0,0.0,0.0
1787252318.524052620,1787252318.523557186,state_stamped,0.0,0.0,0.0
1787252318.524074316,1787252318.524077892,state,0.0,0.0,0.0
1787252318.525852203,1787252318.525858164,command,0.0,0.0,0.0
1787252318.593981743,1787252318.593985319,state,0.0,0.0,0.0
1787252318.594013214,1787252318.593557358,state_stamped,0.0,0.0,0.0
1787252318.596014500,1787252318.596020222,command,0.0,0.0,0.0
1787252318.664034605,1787252318.664038181,state,0.0,0.0,0.0
1787252318.664067268,1787252318.663557768,state_stamped,0.0,0.0,0.0
1787252318.666132212,1787252318.666137934,command,0.0,0.0,0.0
1787252318.724036455,1787252318.724040270,state,0.0,0.0,0.0
1787252318.724068165,1787252318.723557472,state_stamped,0.0,0.0,0.0
1787252318.726136208,1787252318.726142168,command,0.0,0.0,0.0
1787252318.793982029,1787252318.793985844,state,0.0,0.0,0.0
1787252318.794013739,1787252318.793557405,state_stamped,0.0,0.0,0.0
1787252318.796038866,1787252318.796044588,command,0.0,0.0,0.0
1787252318.864031076,1787252318.864034653,state,0.0,0.0,0.0
1787252318.864063025,1787252318.863557577,state_stamped,0.0,0.0,0.0
1787252318.866152763,1787252318.866158247,command,0.0,0.0,0.0
1787252318.924035072,1787252318.924038649,state,0.0,0.0,0.0
1787252318.924068451,1787252318.923557758,state_stamped,0.0,0.0,0.0
1787252318.926147223,1787252318.926153183,command,0.0,0.0,0.0
1787252318.994070530,1787252318.994074583,state,0.0,0.0,0.0
1787252318.994125366,1787252318.993557453,state_stamped,0.0,0.0,0.0
1787252318.996326923,1787252318.996332884,command,0.0,0.0,0.0
1787252319.064113379,1787252319.064117193,state,0.0,0.0,0.0
1787252319.064146757,1787252319.063557625,state_stamped,0.0,0.0,0.0
1787252319.066181421,1787252319.066187382,command,0.0,0.0,0.0
1787252319.124042511,1787252319.124045372,state,0.0,0.0,0.0
1787252319.124073505,1787252319.123557568,state_stamped,0.0,0.0,0.0
1787252319.126154900,1787252319.126158953,command,0.0,0.0,0.0
1787252319.194001913,1787252319.194005489,state,0.0,0.0,0.0
1787252319.194033861,1787252319.193557501,state_stamped,0.0,0.0,0.0
1787252319.196055651,1787252319.196061611,command,0.0,0.0,0.0
1787252319.264058113,1787252319.264061689,state,0.0,0.0,0.0
1787252319.264096737,1787252319.263557673,state_stamped,0.0,0.0,0.0
1787252319.266171455,1787252319.266176701,command,0.0,0.0,0.0
1787252319.324074507,1787252319.324078083,state,0.0,0.0,0.0
1787252319.324126244,1787252319.323561430,state_stamped,0.0,0.0,0.0
1787252319.326197863,1787252319.326201916,command,0.0,0.0,0.0
1787252319.393997669,1787252319.394000053,state,0.0,0.0,0.0
1787252319.394040108,1787252319.393557787,state_stamped,0.0,0.0,0.0
1787252319.396001339,1787252319.396005392,command,0.0,0.0,0.0
1787252319.464231730,1787252319.464235544,state,0.0,0.0,0.0
1787252319.464264631,1787252319.463557959,state_stamped,0.0,0.0,0.0
1787252319.466208935,1787252319.466214418,command,0.0,0.0,0.0
1787252319.524177551,1787252319.524181366,state,0.0,0.0,0.0
1787252319.524211407,1787252319.523558140,state_stamped,0.0,0.0,0.0
1787252319.526225090,1787252319.526231289,command,0.0,0.0,0.0
1787252319.594007254,1787252319.593557596,state_stamped,0.0,0.0,0.0
1787252319.594080448,1787252319.594084263,state,0.0,0.0,0.0
1787252319.596006632,1787252319.596012592,command,0.0,0.0,0.0
1787252319.664038897,1787252319.664042473,state,0.0,0.0,0.0
1787252319.664108276,1787252319.663557768,state_stamped,0.0,0.0,0.0
1787252319.666165590,1787252319.666171551,command,0.0,0.0,0.0
1787252319.724034309,1787252319.723557472,state_stamped,0.0,0.0,0.0
1787252319.724057198,1787252319.724061012,state,0.0,0.0,0.0
1787252319.726173401,1787252319.726179361,command,0.0,0.0,0.0
1787252319.793971300,1787252319.793978214,state,0.0,0.0,0.0
1787252319.794067144,1787252319.793557405,state_stamped,0.0,0.0,0.0
1787252319.795947790,1787252319.795950890,command,0.0,0.0,0.0
1787252319.864050865,1787252319.864057779,state,0.0,0.0,0.0
1787252319.864108324,1787252319.863557577,state_stamped,0.0,0.0,0.0
1787252319.866748333,1787252319.866751432,command,0.0,0.0,0.0
1787252319.924031496,1787252319.924036503,state,0.0,0.0,0.0
1787252319.924078703,1787252319.923557520,state_stamped,0.0,0.0,0.0
1787252319.926231861,1787252319.926235199,command,0.0,0.0,0.0
1787252319.994053602,1787252319.994058609,state,0.0,0.0,0.0
1787252319.994107485,1787252319.993557453,state_stamped,0.0,0.0,0.0
1787252319.996222973,1787252319.996226072,command,0.0,0.0,0.0
1787252320.064010143,1787252320.064015150,state,0.0,0.0,0.0
1787252320.064054012,1787252320.063557386,state_stamped,0.0,0.0,0.0
1787252320.066224575,1787252320.066229582,command,0.0,0.0,0.0
1787252320.124005556,1787252320.124012470,state,0.0,0.0,0.0
1787252320.124057531,1787252320.123557568,state_stamped,0.0,0.0,0.0
1787252320.126148939,1787252320.126154423,command,0.0,0.0,0.0
1787252320.193966866,1787252320.193557739,state_stamped,0.0,0.0,0.0
1787252320.193996906,1787252320.194004059,state,0.0,0.0,0.0
1787252320.196049929,1787252320.196054459,command,0.0,0.0,0.0
1787252320.264090776,1787252320.264096260,state,0.0,0.0,0.0
1787252320.264139175,1787252320.263557673,state_stamped,0.0,0.0,0.0
1787252320.266161919,1787252320.266166687,command,0.0,0.0,0.0
1787252320.324011326,1787252320.324018240,state,0.0,0.0,0.0
1787252320.324053764,1787252320.323557377,state_stamped,0.0,0.0,0.0
1787252320.326155663,1787252320.326163530,command,0.0,0.0,0.0
1787252320.393971920,1787252320.393979073,state,0.0,0.0,0.0
1787252320.394034863,1787252320.393557549,state_stamped,0.0,0.0,0.0
1787252320.396030664,1787252320.396035433,command,0.0,0.0,0.0
1787252320.464104176,1787252320.464109659,state,0.0,0.0,0.0
1787252320.464152575,1787252320.463557243,state_stamped,0.0,0.0,0.0
1787252320.466174364,1787252320.466176987,command,0.0,0.0,0.0
1787252320.524027586,1787252320.524034500,state,0.0,0.0,0.0
1787252320.524092913,1787252320.523558140,state_stamped,0.0,0.0,0.0
1787252320.526142836,1787252320.526148319,command,0.0,0.0,0.0
1787252320.594013453,1787252320.594020605,state,0.0,0.0,0.0
1787252320.594069958,1787252320.593557835,state_stamped,0.0,0.0,0.0
1787252320.595993996,1787252320.595998764,command,0.0,0.0,0.0
1787252320.664060593,1787252320.664064169,state,0.0,0.0,0.0
1787252320.664100409,1787252320.663558006,state_stamped,0.0,0.0,0.0
1787252320.666171074,1787252320.666175842,command,0.0,0.0,0.0
1787252320.724023819,1787252320.724030733,state,0.0,0.0,0.0
1787252320.724073172,1787252320.723557234,state_stamped,0.0,0.0,0.0
1787252320.726009130,1787252320.726014614,command,0.0,0.0,0.0
1787252320.794025660,1787252320.794033051,state,0.0,0.0,0.0
1787252320.794084311,1787252320.793557405,state_stamped,0.0,0.0,0.0
1787252320.795673847,1787252320.795677900,command,0.0,0.0,0.0
1787252320.864011049,1787252320.864015579,state,0.0,0.0,0.0
1787252320.864058971,1787252320.863557577,state_stamped,0.0,0.0,0.0
1787252320.866568804,1787252320.866573572,command,0.0,0.0,0.0
1787252320.924028397,1787252320.924035549,state,0.0,0.0,0.0
1787252320.924081564,1787252320.923557758,state_stamped,0.0,0.0,0.0
1787252320.926126003,1787252320.926131725,command,0.0,0.0,0.0
1787252320.994152308,1787252320.993557453,state_stamped,0.0,0.0,0.0
1787252320.994198799,1787252320.994206905,state,0.0,0.0,0.0
1787252320.996104479,1787252320.996110916,command,0.0,0.0,0.0
1787252321.064150095,1787252321.063557625,state_stamped,0.0,0.0,0.0
1787252321.064225197,1787252321.064233541,state,0.0,0.0,0.0
1787252321.066226006,1787252321.066231489,command,0.0,0.0,0.0
1787252321.124116659,1787252321.123557568,state_stamped,0.0,0.0,0.0
1787252321.124189854,1787252321.124197721,state,0.0,0.0,0.0
1787252321.126138926,1787252321.126144886,command,0.0,0.0,0.0
1787252321.194063902,1787252321.194070101,state,0.0,0.0,0.0
1787252321.194105387,1787252321.193557501,state_stamped,0.0,0.0,0.0
1787252321.196292877,1787252321.196297169,command,0.0,0.0,0.0
1787252321.264134407,1787252321.263557911,state_stamped,0.0,0.0,0.0
1787252321.264178753,1787252321.264186382,state,0.0,0.0,0.0
1787252321.265944004,1787252321.265949726,command,0.0,0.0,0.0
1787252321.324140072,1787252321.323557615,state_stamped,0.0,0.0,0.0
1787252321.324167252,1787252321.324172735,state,0.0,0.0,0.0
1787252321.326224089,1787252321.326228380,command,0.0,0.0,0.0
1787252321.394080162,1787252321.393557549,state_stamped,0.0,0.0,0.0
1787252321.394147396,1787252321.394155502,state,0.0,0.0,0.0
1787252321.396139860,1787252321.396145344,command,0.0,0.0,0.0
1787252321.464122534,1787252321.463557482,state_stamped,0.0,0.0,0.0
1787252321.464195251,1787252321.464203596,state,0.0,0.0,0.0
1787252321.466201544,1787252321.466207266,command,0.0,0.0,0.0
1787252321.524008036,1787252321.524013281,state,0.0,0.0,0.0
1787252321.524047613,1787252321.523557425,state_stamped,0.0,0.0,0.0
1787252321.525984764,1787252321.525987864,command,0.0,0.0,0.0
1787252321.594085455,1787252321.594091892,state,0.0,0.0,0.0
1787252321.594172716,1787252321.593557835,state_stamped,0.0,0.0,0.0
1787252321.595775604,1787252321.595778465,command,0.0,0.0,0.0
1787252321.664133787,1787252321.664138556,state,0.0,0.0,0.0
1787252321.664220572,1787252321.663557529,state_stamped,0.0,0.0,0.0
1787252321.665959120,1787252321.665964603,command,0.0,0.0,0.0
1787252321.724155664,1787252321.724160671,state,0.0,0.0,0.0
1787252321.724201202,1787252321.723557711,state_stamped,0.0,0.0,0.0
1787252321.726119995,1787252321.726123571,command,0.0,0.0,0.0
1787252321.794063807,1787252321.794068813,state,0.0,0.0,0.0
1787252321.794105530,1787252321.793557644,state_stamped,0.0,0.0,0.0
1787252321.795774460,1787252321.795777798,command,0.0,0.0,0.0
1787252321.864046097,1787252321.864051342,state,0.0,0.0,0.0
1787252321.864092588,1787252321.863558054,state_stamped,0.0,0.0,0.0
1787252321.866696119,1787252321.866699696,command,0.0,0.0,0.0
1787252321.924108505,1787252321.923557520,state_stamped,0.0,0.0,0.0
1787252321.924143553,1787252321.924149275,state,0.0,0.0,0.0
1787252321.926292658,1787252321.926297426,command,0.0,0.0,0.0
1787252321.994086504,1787252321.994091511,state,0.0,0.0,0.0
1787252321.994132757,1787252321.993557692,state_stamped,0.0,0.0,0.0
1787252321.996240139,1787252321.996245861,command,0.0,0.0,0.0
1787252322.064082384,1787252322.064087868,state,0.0,0.0,0.0
1787252322.064129829,1787252322.063557625,state_stamped,0.0,0.0,0.0
1787252322.066208839,1787252322.066213846,command,0.0,0.0,0.0
1787252322.124080420,1787252322.124085426,state,0.0,0.0,0.0
1787252322.124129295,1787252322.123557806,state_stamped,0.0,0.0,0.0
1787252322.126152754,1787252322.126158953,command,0.0,0.0,0.0
1787252322.194014788,1787252322.193557739,state_stamped,0.0,0.0,0.0
1787252322.194051981,1787252322.194057465,state,0.0,0.0,0.0
1787252322.196045876,1787252322.196051598,command,0.0,0.0,0.0
1787252322.264106750,1787252322.264113188,state,0.0,0.0,0.0
1787252322.264153957,1787252322.263557673,state_stamped,0.0,0.0,0.0
1787252322.266175508,1787252322.266180754,command,0.0,0.0,0.0
1787252322.324079514,1787252322.324083567,state,0.0,0.0,0.0
1787252322.324122906,1787252322.323557854,state_stamped,0.0,0.0,0.0
1787252322.325835228,1787252322.325838327,command,0.0,0.0,0.0
1787252322.394006014,1787252322.393557787,state_stamped,0.0,0.0,0.0
1787252322.394043922,1787252322.394049644,state,0.0,0.0,0.0
1787252322.396074295,1787252322.396080494,command,0.0,0.0,0.0
1787252322.464104414,1787252322.464109898,state,0.0,0.0,0.0
1787252322.464151382,1787252322.463557720,state_stamped,0.0,0.0,0.0
1787252322.466171503,1787252322.466176987,command,0.0,0.0,0.0
1787252322.524076223,1787252322.524079084,state,0.0,0.0,0.0
1787252322.524116516,1787252322.523558378,state_stamped,0.0,0.0,0.0
1787252322.526325941,1787252322.526330471,command,0.0,0.0,0.0
1787252322.593994141,1787252322.593999624,state,0.0,0.0,0.0
1787252322.594084501,1787252322.593557835,state_stamped,0.0,0.0,0.0
1787252322.596084595,1787252322.596090555,command,0.0,0.0,0.0
1787252322.664081573,1787252322.664086819,state,0.0,0.0,0.0
1787252322.664128304,1787252322.663558006,state_stamped,0.0,0.0,0.0
1787252322.666178465,1787252322.666184187,command,0.0,0.0,0.0
1787252322.724071026,1787252322.724076033,state,0.0,0.0,0.0
1787252322.724118710,1787252322.723557949,state_stamped,0.0,0.0,0.0
1787252322.726092100,1787252322.726095200,command,0.0,0.0,0.0
1787252322.794012308,1787252322.794017315,state,0.0,0.0,0.0
1787252322.794058800,1787252322.793557644,state_stamped,0.0,0.0,0.0
1787252322.796066046,1787252322.796071529,command,0.0,0.0,0.0
1787252322.864064932,1787252322.864070177,state,0.0,0.0,0.0
1787252322.864111662,1787252322.863557816,state_stamped,0.0,0.0,0.0
1787252322.866500854,1787252322.866507053,command,0.0,0.0,0.0
1787252322.924062014,1787252322.924065828,state,0.0,0.0,0.0
1787252322.924109936,1787252322.923557997,state_stamped,0.0,0.0,0.0
1787252322.926111460,1787252322.926115274,command,0.0,0.0,0.0
1787252322.994094610,1787252322.994100571,state,0.0,0.0,0.0
1787252322.994145632,1787252322.993558168,state_stamped,0.0,0.0,0.0
1787252322.996336699,1787252322.996344090,command,0.0,0.0,0.0
1787252323.064070940,1787252323.064076662,state,0.0,0.0,0.0
1787252323.064119577,1787252323.063558102,state_stamped,0.0,0.0,0.0
1787252323.066223383,1787252323.066227913,command,0.0,0.0,0.0
1787252323.124003649,1787252323.123557568,state_stamped,0.0,0.0,0.0
1787252323.124073029,1787252323.124079466,state,0.0,0.0,0.0
1787252323.126160145,1787252323.126164913,command,0.0,0.0,0.0
1787252323.194001675,1787252323.194008112,state,0.0,0.0,0.0
1787252323.194051266,1787252323.193557739,state_stamped,0.0,0.0,0.0
1787252323.196194649,1787252323.196202755,command,0.0,0.0,0.0
1787252323.264063120,1787252323.263557911,state_stamped,0.0,0.0,0.0
1787252323.264101982,1787252323.264107227,state,0.0,0.0,0.0
1787252323.266269922,1787252323.266275644,command,0.0,0.0,0.0
1787252323.324011326,1787252323.324014902,state,0.0,0.0,0.0
1787252323.324093342,1787252323.323558092,state_stamped,0.0,0.0,0.0
1787252323.326150417,1787252323.326153517,command,0.0,0.0,0.0
1787252323.394012928,1787252323.393557549,state_stamped,0.0,0.0,0.0
1787252323.394044876,1787252323.394051313,state,0.0,0.0,0.0
1787252323.396005869,1787252323.396012068,command,0.0,0.0,0.0
1787252323.464106798,1787252323.464111805,state,0.0,0.0,0.0
1787252323.464153290,1787252323.463557243,state_stamped,0.0,0.0,0.0
1787252323.466192722,1787252323.466197252,command,0.0,0.0,0.0
1787252323.524106503,1787252323.524114847,state,0.0,0.0,0.0
1787252323.524173498,1787252323.523557663,state_stamped,0.0,0.0,0.0
1787252323.526136875,1787252323.526141167,command,0.0,0.0,0.0
1787252323.594065905,1787252323.594075680,state,0.0,0.0,0.0
1787252323.594121933,1787252323.593557596,state_stamped,0.0,0.0,0.0
1787252323.596178770,1787252323.596183300,command,0.0,0.0,0.0
1787252323.664058208,1787252323.664063215,state,0.0,0.0,0.0
1787252323.664106131,1787252323.663557768,state_stamped,0.0,0.0,0.0
1787252323.666177750,1787252323.666182756,command,0.0,0.0,0.0
1787252323.724149942,1787252323.724155426,state,0.0,0.0,0.0
1787252323.724197626,1787252323.723557949,state_stamped,0.0,0.0,0.0
1787252323.726136923,1787252323.726141453,command,0.0,0.0,0.0
1787252323.793987036,1787252323.793992519,state,0.0,0.0,0.0
1787252323.794048309,1787252323.793557644,state_stamped,0.0,0.0,0.0
1787252323.796046495,1787252323.796052456,command,0.0,0.0,0.0
1787252323.864288330,1787252323.863558054,state_stamped,0.0,0.0,0.0
1787252323.864387274,1787252323.864395618,state,0.0,0.0,0.0
1787252323.867343903,1787252323.867349863,command,0.0,0.0,0.0
1787252323.924237251,1787252323.923557997,state_stamped,0.0,0.0,0.0
1787252323.924279451,1787252323.924286366,state,0.0,0.0,0.0
1787252323.926468611,1787252323.926472664,command,0.0,0.0,0.0
1787252323.994235277,1787252323.993557692,state_stamped,0.0,0.0,0.0
1787252323.994326353,1787252323.994334698,state,0.0,0.0,0.0
1787252323.996440887,1787252323.996448278,command,0.0,0.0,0.0
1787252324.064273357,1787252324.063557625,state_stamped,0.0,0.0,0.0
1787252324.064300299,1787252324.064304352,state,0.0,0.0,0.0
1787252324.066371679,1787252324.066377401,command,0.0,0.0,0.0
1787252324.124231577,1787252324.123557568,state_stamped,0.0,0.0,0.0
1787252324.124325991,1787252324.124330759,state,0.0,0.0,0.0
1787252324.126287222,1787252324.126294613,command,0.0,0.0,0.0
1787252324.194211483,1787252324.193557262,state_stamped,0.0,0.0,0.0
1787252324.194245577,1787252324.194251299,state,0.0,0.0,0.0
1787252324.196185112,1787252324.196192265,command,0.0,0.0,0.0
1787252324.264176369,1787252324.264181137,state,0.0,0.0,0.0
1787252324.264268875,1787252324.263557673,state_stamped,0.0,0.0,0.0
1787252324.266372204,1787252324.266377211,command,0.0,0.0,0.0
1787252324.324220896,1787252324.323557854,state_stamped,0.0,0.0,0.0
1787252324.324259281,1787252324.324264050,state,0.0,0.0,0.0
1787252324.326257229,1787252324.326262474,command,0.0,0.0,0.0
1787252324.394175529,1787252324.393557549,state_stamped,0.0,0.0,0.0
1787252324.394256115,1787252324.394262791,state,0.0,0.0,0.0
1787252324.396256685,1787252324.396265268,command,0.0,0.0,0.0
1787252324.464191198,1787252324.464194775,state,0.0,0.0,0.0
1787252324.464280605,1787252324.463557959,state_stamped,0.0,0.0,0.0
1787252324.466017485,1787252324.466025114,command,0.0,0.0,0.0
1787252324.524296284,1787252324.524300814,state,0.0,0.0,0.0
1787252324.524338245,1787252324.523557901,state_stamped,0.0,0.0,0.0
1787252324.526347876,1787252324.526352644,command,0.0,0.0,0.0
1787252324.594229221,1787252324.593557596,state_stamped,0.0,0.0,0.0
1787252324.594265461,1787252324.594270706,state,0.0,0.0,0.0
1787252324.596248388,1787252324.596252918,command,0.0,0.0,0.0
1787252324.664225578,1787252324.664230824,state,0.0,0.0,0.0
1787252324.664326906,1787252324.663557768,state_stamped,0.0,0.0,0.0
1787252324.666277170,1787252324.666282654,command,0.0,0.0,0.0
1787252324.724139929,1787252324.724143505,state,0.0,0.0,0.0
1787252324.724179983,1787252324.723557949,state_stamped,0.0,0.0,0.0
1787252324.726251364,1787252324.726256371,command,0.0,0.0,0.0
1787252324.794075966,1787252324.794080496,state,0.0,0.0,0.0
1787252324.794119835,1787252324.793557644,state_stamped,0.0,0.0,0.0
1787252324.796180964,1787252324.796186686,command,0.0,0.0,0.0
1787252324.864212990,1787252324.864217997,state,0.0,0.0,0.0
1787252324.864262342,1787252324.863557816,state_stamped,0.0,0.0,0.0
1787252324.865908623,1787252324.865914106,command,0.0,0.0,0.0
1787252324.924196959,1787252324.924201488,state,0.0,0.0,0.0
1787252324.924300909,1787252324.923557997,state_stamped,0.0,0.0,0.0
1787252324.926015377,1787252324.926020384,command,0.0,0.0,0.0
1787252324.994248152,1787252324.994256735,state,0.0,0.0,0.0
1787252324.994318962,1787252324.993557692,state_stamped,0.0,0.0,0.0
1787252324.996113777,1787252324.996119499,command,0.0,0.0,0.0
1787252325.064206123,1787252325.064210892,state,0.0,0.0,0.0
1787252325.064302683,1787252325.063557863,state_stamped,0.0,0.0,0.0
1787252325.066049099,1787252325.066053867,command,0.0,0.0,0.0
1787252325.124197960,1787252325.124202490,state,0.0,0.0,0.0
1787252325.124242067,1787252325.123558521,state_stamped,0.0,0.0,0.0
1787252325.125992298,1787252325.125997066,command,0.0,0.0,0.0
1787252325.194148540,1787252325.194153309,state,0.0,0.0,0.0
1787252325.194192410,1787252325.193558693,state_stamped,0.0,0.0,0.0
1787252325.196168423,1787252325.196173906,command,0.0,0.0,0.0
1787252325.264203310,1787252325.264207840,state,0.0,0.0,0.0
1787252325.264310360,1787252325.263557673,state_stamped,0.0,0.0,0.0
1787252325.266332388,1787252325.266337395,command,0.0,0.0,0.0
1787252325.324230909,1787252325.324235678,state,0.0,0.0,0.0
1787252325.324273586,1787252325.323557854,state_stamped,0.0,0.0,0.0
1787252325.325980663,1787252325.325985432,command,0.0,0.0,0.0
1787252325.394191504,1787252325.394196033,state,0.0,0.0,0.0
1787252325.394242048,1787252325.393557549,state_stamped,0.0,0.0,0.0
1787252325.395874739,1787252325.395880699,command,0.0,0.0,0.0
1787252325.464193821,1787252325.464198112,state,0.0,0.0,0.0
1787252325.464259148,1787252325.463557482,state_stamped,0.0,0.0,0.0
1787252325.465987921,1787252325.465992689,command,0.0,0.0,0.0
1787252325.524227142,1787252325.524231672,state,0.0,0.0,0.0
1787252325.524271250,1787252325.523557901,state_stamped,0.0,0.0,0.0
1787252325.526301146,1787252325.526306152,command,0.0,0.0,0.0
1787252325.594140053,1787252325.594144821,state,0.0,0.0,0.0
1787252325.594184637,1787252325.593557358,state_stamped,0.0,0.0,0.0
1787252325.595888138,1787252325.595892906,command,0.0,0.0,0.0
1787252325.664197445,1787252325.664201975,state,0.0,0.0,0.0
1787252325.664302826,1787252325.663557768,state_stamped,0.0,0.0,0.0
1787252325.666346550,1787252325.666351318,command,0.0,0.0,0.0
1787252325.724200010,1787252325.724204540,state,0.0,0.0,0.0
1787252325.724243402,1787252325.723557711,state_stamped,0.0,0.0,0.0
1787252325.726249695,1787252325.726254940,command,0.0,0.0,0.0
1787252325.794088125,1787252325.794094801,state,0.0,0.0,0.0
1787252325.794137716,1787252325.793557882,state_stamped,0.0,0.0,0.0
1787252325.796181917,1787252325.796187639,command,0.0,0.0,0.0
1787252325.864193439,1787252325.864198208,state,0.0,0.0,0.0
1787252325.864261150,1787252325.863557816,state_stamped,0.0,0.0,0.0
1787252325.866303444,1787252325.866308212,command,0.0,0.0,0.0
1787252325.924103498,1787252325.924113750,state,0.0,0.0,0.0
1787252325.924186707,1787252325.923557997,state_stamped,0.0,0.0,0.0
1787252325.926856279,1787252325.926861286,command,0.0,0.0,0.0
1787252325.994121313,1787252325.994126797,state,0.0,0.0,0.0
1787252325.994202137,1787252325.993557215,state_stamped,0.0,0.0,0.0
1787252325.996518850,1787252325.996525049,command,0.0,0.0,0.0
1787252326.064074516,1787252326.064079762,state,0.0,0.0,0.0
1787252326.064141273,1787252326.063557625,state_stamped,0.0,0.0,0.0
1787252326.066058397,1787252326.066063404,command,0.0,0.0,0.0
1787252326.124075890,1787252326.124081612,state,0.0,0.0,0.0
1787252326.124124050,1787252326.123557568,state_stamped,0.0,0.0,0.0
1787252326.126025915,1787252326.126030922,command,0.0,0.0,0.0
1787252326.194023371,1787252326.194029093,state,0.0,0.0,0.0
1787252326.194070816,1787252326.193558693,state_stamped,0.0,0.0,0.0
1787252326.195854425,1787252326.195858955,command,0.0,0.0,0.0
1787252326.264070034,1787252326.264075041,state,0.0,0.0,0.0
1787252326.264116526,1787252326.263558149,state_stamped,0.0,0.0,0.0
1787252326.265917540,1787252326.265922546,command,0.0,0.0,0.0
1787252326.324056387,1787252326.324061394,state,0.0,0.0,0.0
1787252326.324120760,1787252326.323558092,state_stamped,0.0,0.0,0.0
1787252326.325863123,1787252326.325868130,command,0.0,0.0,0.0
1787252326.393957138,1787252326.393962145,state,0.0,0.0,0.0
1787252326.394013643,1787252326.393557549,state_stamped,0.0,0.0,0.0
1787252326.395805120,1787252326.395809889,command,0.0,0.0,0.0
1787252326.464070559,1787252326.464077473,state,0.0,0.0,0.0
1787252326.464135170,1787252326.463557482,state_stamped,0.0,0.0,0.0
1787252326.466051817,1787252326.466057062,command,0.0,0.0,0.0
1787252326.524093866,1787252326.524099588,state,0.0,0.0,0.0
1787252326.524143934,1787252326.523557663,state_stamped,0.0,0.0,0.0
1787252326.525987864,1787252326.525992632,command,0.0,0.0,0.0
1787252326.594038486,1787252326.593557835,state_stamped,0.0,0.0,0.0
1787252326.594119072,1787252326.594124317,state,0.0,0.0,0.0
1787252326.595849752,1787252326.595854759,command,0.0,0.0,0.0
1787252326.664113045,1787252326.664118052,state,0.0,0.0,0.0
1787252326.664162397,1787252326.663571358,state_stamped,0.0,0.0,0.0
1787252326.666110516,1787252326.666115284,command,0.0,0.0,0.0
1787252326.724060059,1787252326.724065065,state,0.0,0.0,0.0
1787252326.724124670,1787252326.723557711,state_stamped,0.0,0.0,0.0
1787252326.725962639,1787252326.725967646,command,0.0,0.0,0.0
1787252326.794062614,1787252326.794067621,state,0.0,0.0,0.0
1787252326.794106722,1787252326.793557882,state_stamped,0.0,0.0,0.0
1787252326.795808554,1787252326.795814037,command,0.0,0.0,0.0
1787252326.864140987,1787252326.863557339,state_stamped,0.0,0.0,0.0
1787252326.864178419,1787252326.864184380,state,0.0,0.0,0.0
1787252326.865994930,1787252326.866001368,command,0.0,0.0,0.0
1787252326.924058199,1787252326.924063444,state,0.0,0.0,0.0
1787252326.924124479,1787252326.923557758,state_stamped,0.0,0.0,0.0
1787252326.925967455,1787252326.925972462,command,0.0,0.0,0.0
1787252326.994100332,1787252326.994108200,state,0.0,0.0,0.0
1787252326.994162798,1787252326.993557692,state_stamped,0.0,0.0,0.0
1787252326.996157408,1787252326.996162415,command,0.0,0.0,0.0
1787252327.064193010,1787252327.064197779,state,0.0,0.0,0.0
1787252327.064240456,1787252327.063557863,state_stamped,0.0,0.0,0.0
1787252327.066396236,1787252327.066401005,command,0.0,0.0,0.0
1787252327.124200106,1787252327.124205112,state,0.0,0.0,0.0
1787252327.124244928,1787252327.123557568,state_stamped,0.0,0.0,0.0
1787252327.126383543,1787252327.126388550,command,0.0,0.0,0.0
1787252327.194175243,1787252327.194180012,state,0.0,0.0,0.0
1787252327.194283962,1787252327.193557739,state_stamped,0.0,0.0,0.0
1787252327.196263313,1787252327.196268320,command,0.0,0.0,0.0
1787252327.264218330,1787252327.264223576,state,0.0,0.0,0.0
1787252327.264318466,1787252327.263557434,state_stamped,0.0,0.0,0.0
1787252327.266347408,1787252327.266352415,command,0.0,0.0,0.0
1787252327.324146032,1787252327.324149609,state,0.0,0.0,0.0
1787252327.324185371,1787252327.323557615,state_stamped,0.0,0.0,0.0
1787252327.325933933,1787252327.325938940,command,0.0,0.0,0.0
1787252327.394170523,1787252327.394175529,state,0.0,0.0,0.0
1787252327.394234657,1787252327.393558502,state_stamped,0.0,0.0,0.0
1787252327.396274090,1787252327.396279097,command,0.0,0.0,0.0
1787252327.464196444,1787252327.463557482,state_stamped,0.0,0.0,0.0
1787252327.464228153,1787252327.464233637,state,0.0,0.0,0.0
1787252327.466357708,1787252327.466362715,command,0.0,0.0,0.0
1787252327.524193764,1787252327.524199009,state,0.0,0.0,0.0
1787252327.524240017,1787252327.523557425,state_stamped,0.0,0.0,0.0
1787252327.526337624,1787252327.526342392,command,0.0,0.0,0.0
1787252327.594151020,1787252327.594155788,state,0.0,0.0,0.0
1787252327.594246149,1787252327.593557596,state_stamped,0.0,0.0,0.0
1787252327.596220255,1787252327.596225023,command,0.0,0.0,0.0
1787252327.664191723,1787252327.664196253,state,0.0,0.0,0.0
1787252327.664254665,1787252327.663557529,state_stamped,0.0,0.0,0.0
1787252327.666301727,1787252327.666306496,command,0.0,0.0,0.0
1787252327.724185705,1787252327.724190474,state,0.0,0.0,0.0
1787252327.724231243,1787252327.723557711,state_stamped,0.0,0.0,0.0
1787252327.726363897,1787252327.726369143,command,0.0,0.0,0.0
1787252327.794018030,1787252327.794022799,state,0.0,0.0,0.0
1787252327.794078350,1787252327.793557405,state_stamped,0.0,0.0,0.0
1787252327.795884848,1787252327.795889378,command,0.0,0.0,0.0
1787252327.864185572,1787252327.864190102,state,0.0,0.0,0.0
1787252327.864248514,1787252327.863557816,state_stamped,0.0,0.0,0.0
1787252327.866054773,1787252327.866061449,command,0.0,0.0,0.0
1787252327.924063444,1787252327.924071789,state,0.0,0.0,0.0
1787252327.924139738,1787252327.923558235,state_stamped,0.0,0.0,0.0
1787252327.926717520,1787252327.926722527,command,0.0,0.0,0.0
1787252327.994113207,1787252327.994121552,state,0.0,0.0,0.0
1787252327.994248390,1787252327.993557453,state_stamped,0.0,0.0,0.0
1787252327.996159315,1787252327.996166945,command,0.0,0.0,0.0
1787252328.064082384,1787252328.064087152,state,0.0,0.0,0.0
1787252328.064145803,1787252328.063557863,state_stamped,0.0,0.0,0.0
1787252328.066244841,1787252328.066250563,command,0.0,0.0,0.0
1787252328.124062777,1787252328.124066830,state,0.0,0.0,0.0
1787252328.124172688,1787252328.123557806,state_stamped,0.0,0.0,0.0
1787252328.125981092,1787252328.125985861,command,0.0,0.0,0.0
1787252328.193995714,1787252328.194000483,state,0.0,0.0,0.0
1787252328.194055319,1787252328.193557978,state_stamped,0.0,0.0,0.0
1787252328.195868969,1787252328.195873737,command,0.0,0.0,0.0
1787252328.264067173,1787252328.264072180,state,0.0,0.0,0.0
1787252328.264129162,1787252328.263557434,state_stamped,0.0,0.0,0.0
1787252328.265971184,1787252328.265975952,command,0.0,0.0,0.0
1787252328.324132919,1787252328.324138641,state,0.0,0.0,0.0
1787252328.324179888,1787252328.323558807,state_stamped,0.0,0.0,0.0
1787252328.326033592,1787252328.326038599,command,0.0,0.0,0.0
1787252328.394138575,1787252328.394143343,state,0.0,0.0,0.0
1787252328.394248724,1787252328.393558025,state_stamped,0.0,0.0,0.0
1787252328.395950317,1787252328.395955563,command,0.0,0.0,0.0
1787252328.464193106,1787252328.464197397,state,0.0,0.0,0.0
1787252328.464299440,1787252328.463557720,state_stamped,0.0,0.0,0.0
1787252328.466347218,1787252328.466352224,command,0.0,0.0,0.0
1787252328.524265766,1787252328.524271011,state,0.0,0.0,0.0
1787252328.524311304,1787252328.523557663,state_stamped,0.0,0.0,0.0
1787252328.526054144,1787252328.526059151,command,0.0,0.0,0.0
1787252328.594103813,1787252328.594108343,state,0.0,0.0,0.0
1787252328.594149351,1787252328.593557835,state_stamped,0.0,0.0,0.0
1787252328.595885277,1787252328.595890284,command,0.0,0.0,0.0
1787252328.664134979,1787252328.664139748,state,0.0,0.0,0.0
1787252328.664179802,1787252328.663557529,state_stamped,0.0,0.0,0.0
1787252328.665951729,1787252328.665956497,command,0.0,0.0,0.0
1787252328.724087238,1787252328.724092007,state,0.0,0.0,0.0
1787252328.724180937,1787252328.723558187,state_stamped,0.0,0.0,0.0
1787252328.726397991,1787252328.726403952,command,0.0,0.0,0.0
1787252328.794034958,1787252328.793557644,state_stamped,0.0,0.0,0.0
1787252328.794083834,1787252328.794088602,state,0.0,0.0,0.0
1787252328.795882940,1787252328.795888662,command,0.0,0.0,0.0
1787252328.864087105,1787252328.864091396,state,0.0,0.0,0.0
1787252328.864138603,1787252328.863557577,state_stamped,0.0,0.0,0.0
1787252328.865907669,1787252328.865913391,command,0.0,0.0,0.0
1787252328.924089193,1787252328.924094439,state,0.0,0.0,0.0
1787252328.924198627,1787252328.923557520,state_stamped,0.0,0.0,0.0
1787252328.925961494,1787252328.925967455,command,0.0,0.0,0.0
1787252328.994314671,1787252328.993558168,state_stamped,0.0,0.0,0.0
1787252328.994359016,1787252328.994366884,state,0.0,0.0,0.0
1787252328.996471882,1787252328.996477604,command,0.0,0.0,0.0
1787252329.064274788,1787252329.064279556,state,0.0,0.0,0.0
1787252329.064322233,1787252329.063557863,state_stamped,0.0,0.0,0.0
1787252329.066126108,1787252329.066130400,command,0.0,0.0,0.0
1787252329.124237299,1787252329.124241829,state,0.0,0.0,0.0
1787252329.124301672,1787252329.123557568,state_stamped,0.0,0.0,0.0
1787252329.126088142,1787252329.126091957,command,0.0,0.0,0.0
1787252329.194189072,1787252329.194193840,state,0.0,0.0,0.0
1787252329.194235802,1787252329.193557739,state_stamped,0.0,0.0,0.0
1787252329.195976734,1787252329.195982218,command,0.0,0.0,0.0
1787252329.264220476,1787252329.264225483,state,0.0,0.0,0.0
1787252329.264266014,1787252329.263557673,state_stamped,0.0,0.0,0.0
1787252329.266148329,1787252329.266154289,command,0.0,0.0,0.0
1787252329.324291468,1787252329.323558569,state_stamped,0.0,0.0,0.0
1787252329.324328423,1787252329.324334860,state,0.0,0.0,0.0
1787252329.326346159,1787252329.326349735,command,0.0,0.0,0.0
1787252329.394186497,1787252329.394191265,state,0.0,0.0,0.0
1787252329.394234419,1787252329.393557549,state_stamped,0.0,0.0,0.0
1787252329.395951271,1787252329.395956755,command,0.0,0.0,0.0
1787252329.464218378,1787252329.464222908,state,0.0,0.0,0.0
1787252329.464262486,1787252329.463557959,state_stamped,0.0,0.0,0.0
1787252329.466049433,1787252329.466055155,command,0.0,0.0,0.0
1787252329.524220228,1787252329.524225950,state,0.0,0.0,0.0
1787252329.524283171,1787252329.523557663,state_stamped,0.0,0.0,0.0
1787252329.526066065,1787252329.526071787,command,0.0,0.0,0.0
1787252329.594153881,1787252329.594159126,state,0.0,0.0,0.0
1787252329.594200134,1787252329.593558073,state_stamped,0.0,0.0,0.0
1787252329.595940590,1787252329.595946312,command,0.0,0.0,0.0
1787252329.664053202,1787252329.664058685,state,0.0,0.0,0.0
1787252329.664098263,1787252329.663558006,state_stamped,0.0,0.0,0.0
1787252329.665915251,1787252329.665920734,command,0.0,0.0,0.0
1787252329.724202156,1787252329.724207640,state,0.0,0.0,0.0
1787252329.724314451,1787252329.723557472,state_stamped,0.0,0.0,0.0
1787252329.726077557,1787252329.726082802,command,0.0,0.0,0.0
1787252329.794167042,1787252329.794173479,state,0.0,0.0,0.0
1787252329.794217825,1787252329.793557882,state_stamped,0.0,0.0,0.0
1787252329.795976162,1787252329.795981646,command,0.0,0.0,0.0
1787252329.864195347,1787252329.864199877,state,0.0,0.0,0.0
1787252329.864258051,1787252329.863557577,state_stamped,0.0,0.0,0.0
1787252329.866071701,1787252329.866077185,command,0.0,0.0,0.0
1787252329.924108267,1787252329.924117327,state,0.0,0.0,0.0
1787252329.924165010,1787252329.923557520,state_stamped,0.0,0.0,0.0
1787252329.926871777,1787252329.926876783,command,0.0,0.0,0.0
1787252329.994199991,1787252329.993557692,state_stamped,0.0,0.0,0.0
1787252329.994246960,1787252329.994255066,state,0.0,0.0,0.0
1787252329.996117592,1787252329.996123075,command,0.0,0.0,0.0
1787252330.064093351,1787252330.064098120,state,0.0,0.0,0.0
1787252330.064156055,1787252330.063557625,state_stamped,0.0,0.0,0.0
1787252330.065887213,1787252330.065892696,command,0.0,0.0,0.0
1787252330.124217033,1787252330.124222040,state,0.0,0.0,0.0
1787252330.124310255,1787252330.123557806,state_stamped,0.0,0.0,0.0
1787252330.126080275,1787252330.126085997,command,0.0,0.0,0.0
1787252330.194184542,1787252330.194189072,state,0.0,0.0,0.0
1787252330.194265366,1787252330.193557978,state_stamped,0.0,0.0,0.0
1787252330.195970297,1787252330.195975780,command,0.0,0.0,0.0
1787252330.264217138,1787252330.264221668,state,0.0,0.0,0.0
1787252330.264276743,1787252330.263557911,state_stamped,0.0,0.0,0.0
1787252330.266093254,1787252330.266098738,command,0.0,0.0,0.0
1787252330.324014664,1787252330.324018955,state,0.0,0.0,0.0
1787252330.324058056,1787252330.323557615,state_stamped,0.0,0.0,0.0
1787252330.325899839,1787252330.325903654,command,0.0,0.0,0.0
1787252330.394150496,1787252330.393557787,state_stamped,0.0,0.0,0.0
1787252330.394181728,1787252330.394186497,state,0.0,0.0,0.0
1787252330.395953894,1787252330.395960331,command,0.0,0.0,0.0
1787252330.464260578,1787252330.464265108,state,0.0,0.0,0.0
1787252330.464353085,1787252330.463557959,state_stamped,0.0,0.0,0.0
1787252330.466123819,1787252330.466129780,command,0.0,0.0,0.0
1787252330.524151325,1787252330.524156332,state,0.0,0.0,0.0
1787252330.524196148,1787252330.523557663,state_stamped,0.0,0.0,0.0
1787252330.525852919,1787252330.525859118,command,0.0,0.0,0.0
1787252330.594090700,1787252330.594095945,state,0.0,0.0,0.0
1787252330.594139576,1787252330.593558311,state_stamped,0.0,0.0,0.0
1787252330.595707655,1787252330.595712423,command,0.0,0.0,0.0
1787252330.664234161,1787252330.664239168,state,0.0,0.0,0.0
1787252330.664281130,1787252330.663557529,state_stamped,0.0,0.0,0.0
1787252330.666093588,1787252330.666099548,command,0.0,0.0,0.0
1787252330.724089146,1787252330.724093914,state,0.0,0.0,0.0
1787252330.724135160,1787252330.723558664,state_stamped,0.0,0.0,0.0
1787252330.725880146,1787252330.725885868,command,0.0,0.0,0.0
1787252330.794258595,1787252330.793557882,state_stamped,0.0,0.0,0.0
1787252330.794297934,1787252330.794303179,state,0.0,0.0,0.0
1787252330.796013594,1787252330.796019316,command,0.0,0.0,0.0
1787252330.864217997,1787252330.864222765,state,0.0,0.0,0.0
1787252330.864264965,1787252330.863557577,state_stamped,0.0,0.0,0.0
1787252330.866255045,1787252330.866260529,command,0.0,0.0,0.0
1787252330.924346924,1787252330.924352407,state,0.0,0.0,0.0
1787252330.924401760,1787252330.923557997,state_stamped,0.0,0.0,0.0
1787252330.926072121,1787252330.926075935,command,0.0,0.0,0.0
1787252330.994278908,1787252330.994285107,state,0.0,0.0,0.0
1787252330.994356632,1787252330.993557692,state_stamped,0.0,0.0,0.0
1787252330.996333122,1787252330.996339083,command,0.0,0.0,0.0
1787252331.064236403,1787252331.064241886,state,0.0,0.0,0.0
1787252331.064345837,1787252331.063557863,state_stamped,0.0,0.0,0.0
1787252331.066133976,1787252331.066139460,command,0.0,0.0,0.0
1787252331.124329805,1787252331.124335527,state,0.0,0.0,0.0
1787252331.124388695,1787252331.123558044,state_stamped,0.0,0.0,0.0
1787252331.126142025,1787252331.126147985,command,0.0,0.0,0.0
1787252331.194225311,1787252331.193557739,state_stamped,0.0,0.0,0.0
1787252331.194314003,1787252331.194321632,state,0.0,0.0,0.0
1787252331.196027994,1787252331.196033955,command,0.0,0.0,0.0
1787252331.264297247,1787252331.264303207,state,0.0,0.0,0.0
1787252331.264356375,1787252331.263557434,state_stamped,0.0,0.0,0.0
1787252331.266089439,1787252331.266094923,command,0.0,0.0,0.0
1787252331.324321032,1787252331.323557854,state_stamped,0.0,0.0,0.0
1787252331.324379444,1787252331.324386120,state,0.0,0.0,0.0
1787252331.326017141,1787252331.326022387,command,0.0,0.0,0.0
1787252331.394185305,1787252331.393557310,state_stamped,0.0,0.0,0.0
1787252331.394289255,1787252331.394294977,state,0.0,0.0,0.0
1787252331.395994663,1787252331.396000624,command,0.0,0.0,0.0
1787252331.464233637,1787252331.464239359,state,0.0,0.0,0.0
1787252331.464333057,1787252331.463557720,state_stamped,0.0,0.0,0.0
1787252331.466074228,1787252331.466079235,command,0.0,0.0,0.0
1787252331.524317741,1787252331.524322748,state,0.0,0.0,0.0
1787252331.524369240,1787252331.523557663,state_stamped,0.0,0.0,0.0
1787252331.526106119,1787252331.526111126,command,0.0,0.0,0.0
1787252331.594217062,1787252331.593557596,state_stamped,0.0,0.0,0.0
1787252331.594301939,1787252331.594307661,state,0.0,0.0,0.0
1787252331.596031904,1787252331.596036673,command,0.0,0.0,0.0
1787252331.664234161,1787252331.664239645,state,0.0,0.0,0.0
1787252331.664334059,1787252331.663557768,state_stamped,0.0,0.0,0.0
1787252331.666121483,1787252331.666126966,command,0.0,0.0,0.0
1787252331.724178791,1787252331.723557711,state_stamped,0.0,0.0,0.0
1787252331.724207640,1787252331.724213362,state,0.0,0.0,0.0
1787252331.726114273,1787252331.726121426,command,0.0,0.0,0.0
1787252331.794205427,1787252331.794210911,state,0.0,0.0,0.0
1787252331.794253826,1787252331.793557405,state_stamped,0.0,0.0,0.0
1787252331.796339750,1787252331.796348095,command,0.0,0.0,0.0
1787252331.864192724,1787252331.864198446,state,0.0,0.0,0.0
1787252331.864288807,1787252331.863557577,state_stamped,0.0,0.0,0.0
1787252331.866039038,1787252331.866044998,command,0.0,0.0,0.0
1787252331.924375772,1787252331.924382925,state,0.0,0.0,0.0
1787252331.924443960,1787252331.923557997,state_stamped,0.0,0.0,0.0
1787252331.926285505,1787252331.926291466,command,0.0,0.0,0.0
1787252331.994204521,1787252331.994210958,state,0.0,0.0,0.0
1787252331.994250536,1787252331.993558168,state_stamped,0.0,0.0,0.0
1787252331.997154474,1787252331.997160435,command,0.0,0.0,0.0
1787252332.064247608,1787252332.063558102,state_stamped,0.0,0.0,0.0
1787252332.064282656,1787252332.064286709,state,0.0,0.0,0.0
1787252332.066230059,1787252332.066235542,command,0.0,0.0,0.0
1787252332.124190807,1787252332.124195814,state,0.0,0.0,0.0
1787252332.124237299,1787252332.123557806,state_stamped,0.0,0.0,0.0
1787252332.126118898,1787252332.126124382,command,0.0,0.0,0.0
1787252332.194203854,1787252332.194209576,state,0.0,0.0,0.0
1787252332.194289684,1787252332.193557978,state_stamped,0.0,0.0,0.0
1787252332.196132660,1787252332.196137905,command,0.0,0.0,0.0
1787252332.264184475,1787252332.263557434,state_stamped,0.0,0.0,0.0
1787252332.264234304,1787252332.264239788,state,0.0,0.0,0.0
1787252332.266108751,1787252332.266113997,command,0.0,0.0,0.0
1787252332.324182034,1787252332.323558092,state_stamped,0.0,0.0,0.0
1787252332.324213743,1787252332.324218988,state,0.0,0.0,0.0
1787252332.326023579,1787252332.326026917,command,0.0,0.0,0.0
1787252332.394141197,1787252332.393557549,state_stamped,0.0,0.0,0.0
1787252332.394172907,1787252332.394178152,state,0.0,0.0,0.0
1787252332.396002293,1787252332.396008015,command,0.0,0.0,0.0
1787252332.464210510,1787252332.464215517,state,0.0,0.0,0.0
1787252332.464257002,1787252332.463557482,state_stamped,0.0,0.0,0.0
1787252332.466120720,1787252332.466126442,command,0.0,0.0,0.0
1787252332.524199009,1787252332.523561716,state_stamped,0.0,0.0,0.0
1787252332.524237156,1787252332.524242401,state,0.0,0.0,0.0
1787252332.526212454,1787252332.526216269,command,0.0,0.0,0.0
1787252332.594229221,1787252332.593557596,state_stamped,0.0,0.0,0.0
1787252332.594273567,1787252332.594278336,state,0.0,0.0,0.0
1787252332.596032858,1787252332.596038342,command,0.0,0.0,0.0
1787252332.664198160,1787252332.663557529,state_stamped,0.0,0.0,0.0
1787252332.664239645,1787252332.664244652,state,0.0,0.0,0.0
1787252332.666104317,1787252332.666109800,command,0.0,0.0,0.0
1787252332.724189043,1787252332.724193811,state,0.0,0.0,0.0
1787252332.724235773,1787252332.723557472,state_stamped,0.0,0.0,0.0
1787252332.726135254,1787252332.726140499,command,0.0,0.0,0.0
1787252332.794188261,1787252332.794193506,state,0.0,0.0,0.0
1787252332.794236898,1787252332.793557405,state_stamped,0.0,0.0,0.0
1787252332.796087265,1787252332.796092987,command,0.0,0.0,0.0
1787252332.864210606,1787252332.863557816,state_stamped,0.0,0.0,0.0
1787252332.864253759,1787252332.864259243,state,0.0,0.0,0.0
1787252332.866106987,1787252332.866111755,command,0.0,0.0,0.0
1787252332.924253941,1787252332.924259424,state,0.0,0.0,0.0
1787252332.924308300,1787252332.923558235,state_stamped,0.0,0.0,0.0
1787252332.926202059,1787252332.926207542,command,0.0,0.0,0.0
1787252332.994126320,1787252332.994132996,state,0.0,0.0,0.0
1787252332.994256496,1787252332.993557930,state_stamped,0.0,0.0,0.0
1787252332.996236324,1787252332.996243954,command,0.0,0.0,0.0
1787252333.064208031,1787252333.064213276,state,0.0,0.0,0.0
1787252333.064258575,1787252333.063557625,state_stamped,0.0,0.0,0.0
1787252333.066474676,1787252333.066482544,command,0.0,0.0,0.0
1787252333.124243021,1787252333.123557806,state_stamped,0.0,0.0,0.0
1787252333.124312639,1787252333.124318123,state,0.0,0.0,0.0
1787252333.126188040,1787252333.126191378,command,0.0,0.0,0.0
1787252333.194203377,1787252333.193557978,state_stamped,0.0,0.0,0.0
1787252333.194251537,1787252333.194257259,state,0.0,0.0,0.0
1787252333.196050167,1787252333.196054935,command,0.0,0.0,0.0
1787252333.264209270,1787252333.263557434,state_stamped,0.0,0.0,0.0
1787252333.264273643,1787252333.264278889,state,0.0,0.0,0.0
1787252333.266111135,1787252333.266115665,command,0.0,0.0,0.0
1787252333.324231863,1787252333.323557615,state_stamped,0.0,0.0,0.0
1787252333.324327946,1787252333.324332714,state,0.0,0.0,0.0
1787252333.326119184,1787252333.326123476,command,0.0,0.0,0.0
1787252333.394212008,1787252333.393557310,state_stamped,0.0,0.0,0.0
1787252333.394301176,1787252333.394305944,state,0.0,0.0,0.0
1787252333.395922661,1787252333.395927906,command,0.0,0.0,0.0
1787252333.464185953,1787252333.463557720,state_stamped,0.0,0.0,0.0
1787252333.464220047,1787252333.464226007,state,0.0,0.0,0.0
1787252333.465953112,1787252333.465958118,command,0.0,0.0,0.0
1787252333.524232626,1787252333.523557425,state_stamped,0.0,0.0,0.0
1787252333.524280787,1787252333.524285793,state,0.0,0.0,0.0
1787252333.526167870,1787252333.526172638,command,0.0,0.0,0.0
1787252333.594242096,1787252333.593557596,state_stamped,0.0,0.0,0.0
1787252333.594344378,1787252333.594349623,state,0.0,0.0,0.0
1787252333.596078873,1787252333.596084118,command,0.0,0.0,0.0
1787252333.664169312,1787252333.664174318,state,0.0,0.0,0.0
1787252333.664283037,1787252333.663557768,state_stamped,0.0,0.0,0.0
1787252333.666152716,1787252333.666158438,command,0.0,0.0,0.0
1787252333.724236965,1787252333.723558903,state_stamped,0.0,0.0,0.0
1787252333.724274635,1787252333.724279642,state,0.0,0.0,0.0
1787252333.726043463,1787252333.726048470,command,0.0,0.0,0.0
1787252333.794162273,1787252333.794167280,state,0.0,0.0,0.0
1787252333.794218063,1787252333.793557644,state_stamped,0.0,0.0,0.0
1787252333.796095133,1787252333.796100855,command,0.0,0.0,0.0
1787252333.864208698,1787252333.863557816,state_stamped,0.0,0.0,0.0
1787252333.864274740,1787252333.864279747,state,0.0,0.0,0.0
1787252333.866145134,1787252333.866150618,command,0.0,0.0,0.0
1787252333.924246788,1787252333.923557520,state_stamped,0.0,0.0,0.0
1787252333.924314737,1787252333.924319506,state,0.0,0.0,0.0
1787252333.926193953,1787252333.926200390,command,0.0,0.0,0.0
1787252333.994216442,1787252333.994223595,state,0.0,0.0,0.0
1787252333.994272947,1787252333.993557692,state_stamped,0.0,0.0,0.0
1787252333.996914387,1787252333.996919870,command,0.0,0.0,0.0
1787252334.064254045,1787252334.063557863,state_stamped,0.0,0.0,0.0
1787252334.064288616,1787252334.064294577,state,0.0,0.0,0.0
1787252334.066184759,1787252334.066190481,command,0.0,0.0,0.0
1787252334.124229908,1787252334.123558044,state_stamped,0.0,0.0,0.0
1787252334.124264717,1787252334.124270678,state,0.0,0.0,0.0
1787252334.126049280,1787252334.126054764,command,0.0,0.0,0.0
1787252334.194211006,1787252334.193558216,state_stamped,0.0,0.0,0.0
1787252334.194278955,1787252334.194283724,state,0.0,0.0,0.0
1787252334.196074486,1787252334.196081161,command,0.0,0.0,0.0
1787252334.264201880,1787252334.263557911,state_stamped,0.0,0.0,0.0
1787252334.264321566,1787252334.264326811,state,0.0,0.0,0.0
1787252334.266130686,1787252334.266136408,command,0.0,0.0,0.0
1787252334.324193239,1787252334.324198484,state,0.0,0.0,0.0
1787252334.324245214,1787252334.323558569,state_stamped,0.0,0.0,0.0
1787252334.326125145,1787252334.326129675,command,0.0,0.0,0.0
1787252334.394221306,1787252334.393557787,state_stamped,0.0,0.0,0.0
1787252334.394342422,1787252334.394347429,state,0.0,0.0,0.0
1787252334.396075010,1787252334.396079540,command,0.0,0.0,0.0
1787252334.464220524,1787252334.463557482,state_stamped,0.0,0.0,0.0
1787252334.464294195,1787252334.464298964,state,0.0,0.0,0.0
1787252334.466099739,1787252334.466103077,command,0.0,0.0,0.0
1787252334.524190187,1787252334.524195433,state,0.0,0.0,0.0
1787252334.524242163,1787252334.523557663,state_stamped,0.0,0.0,0.0
1787252334.526117325,1787252334.526121616,command,0.0,0.0,0.0
1787252334.594132423,1787252334.593558073,state_stamped,0.0,0.0,0.0
1787252334.594168425,1787252334.594173670,state,0.0,0.0,0.0
1787252334.595857859,1787252334.595865011,command,0.0,0.0,0.0
1787252334.664221525,1787252334.663557529,state_stamped,0.0,0.0,0.0
1787252334.664271116,1787252334.664276361,state,0.0,0.0,0.0
1787252334.666165829,1787252334.666172266,command,0.0,0.0,0.0
1787252334.724207878,1787252334.723557949,state_stamped,0.0,0.0,0.0
1787252334.724258900,1787252334.724264145,state,0.0,0.0,0.0
1787252334.726244211,1787252334.726251125,command,0.0,0.0,0.0
1787252334.794229031,1787252334.794234514,state,0.0,0.0,0.0
1787252334.794285297,1787252334.793557644,state_stamped,0.0,0.0,0.0
1787252334.796023607,1787252334.796028614,command,0.0,0.0,0.0
1787252334.864201307,1787252334.864206314,state,0.0,0.0,0.0
1787252334.864273548,1787252334.863557577,state_stamped,0.0,0.0,0.0
1787252334.866124630,1787252334.866129398,command,0.0,0.0,0.0
1787252334.924201488,1787252334.924207211,state,0.0,0.0,0.0
1787252334.924275160,1787252334.923561573,state_stamped,0.0,0.0,0.0
1787252334.926099777,1787252334.926104307,command,0.0,0.0,0.0
1787252334.994229794,1787252334.994235992,state,0.0,0.0,0.0
1787252334.994286776,1787252334.993557930,state_stamped,0.0,0.0,0.0
1787252334.996345282,1787252334.996350288,command,0.0,0.0,0.0
1787252335.064212084,1787252335.064217567,state,0.0,0.0,0.0
1787252335.064333200,1787252335.063557386,state_stamped,0.0,0.0,0.0
1787252335.066217899,1787252335.066224098,command,0.0,0.0,0.0
1787252335.124208689,1787252335.123557568,state_stamped,0.0,0.0,0.0
1787252335.124256372,1787252335.124261141,state,0.0,0.0,0.0
1787252335.126155853,1787252335.126161337,command,0.0,0.0,0.0
1787252335.194174528,1787252335.193557978,state_stamped,0.0,0.0,0.0
1787252335.194245338,1787252335.194250584,state,0.0,0.0,0.0
1787252335.196052074,1787252335.196058512,command,0.0,0.0,0.0
1787252335.264216900,1787252335.263557673,state_stamped,0.0,0.0,0.0
1787252335.264262199,1787252335.264267445,state,0.0,0.0,0.0
1787252335.266146421,1787252335.266151428,command,0.0,0.0,0.0
1787252335.324196100,1787252335.324201107,state,0.0,0.0,0.0
1787252335.324251652,1787252335.323558092,state_stamped,0.0,0.0,0.0
1787252335.326212406,1787252335.326216698,command,0.0,0.0,0.0
1787252335.394001961,1787252335.394008160,state,0.0,0.0,0.0
1787252335.394080400,1787252335.393557787,state_stamped,0.0,0.0,0.0
1787252335.395951271,1787252335.395956755,command,0.0,0.0,0.0
1787252335.464050293,1787252335.464055300,state,0.0,0.0,0.0
1787252335.464124918,1787252335.463557720,state_stamped,0.0,0.0,0.0
1787252335.466022968,1787252335.466027260,command,0.0,0.0,0.0
1787252335.524016142,1787252335.524020672,state,0.0,0.0,0.0
1787252335.524065733,1787252335.523558140,state_stamped,0.0,0.0,0.0
1787252335.526075363,1787252335.526081562,command,0.0,0.0,0.0
1787252335.593965054,1787252335.593970776,state,0.0,0.0,0.0
1787252335.594037056,1787252335.593557596,state_stamped,0.0,0.0,0.0
1787252335.595950603,1787252335.595955610,command,0.0,0.0,0.0
1787252335.664257050,1787252335.664262772,state,0.0,0.0,0.0
1787252335.664312124,1787252335.663557529,state_stamped,0.0,0.0,0.0
1787252335.666214705,1787252335.666221619,command,0.0,0.0,0.0
1787252335.724225760,1787252335.724231243,state,0.0,0.0,0.0
1787252335.724282265,1787252335.723557949,state_stamped,0.0,0.0,0.0
1787252335.726163149,1787252335.726169348,command,0.0,0.0,0.0
1787252335.794103384,1787252335.793557644,state_stamped,0.0,0.0,0.0
1787252335.794175625,1787252335.794182539,state,0.0,0.0,0.0
1787252335.796018839,1787252335.796024561,command,0.0,0.0,0.0
1787252335.864166260,1787252335.864171267,state,0.0,0.0,0.0
1787252335.864210844,1787252335.863557816,state_stamped,0.0,0.0,0.0
1787252335.865969658,1787252335.865973949,command,0.0,0.0,0.0
1787252335.924183846,1787252335.924188375,state,0.0,0.0,0.0
1787252335.924229860,1787252335.923557520,state_stamped,0.0,0.0,0.0
1787252335.926167727,1787252335.926172972,command,0.0,0.0,0.0
1787252335.994055510,1787252335.994062662,state,0.0,0.0,0.0
1787252335.994103193,1787252335.993557453,state_stamped,0.0,0.0,0.0
1787252335.996731997,1787252335.996737242,command,0.0,0.0,0.0
1787252336.064245939,1787252336.064251184,state,0.0,0.0,0.0
1787252336.064348698,1787252336.063557625,state_stamped,0.0,0.0,0.0
1787252336.066336393,1787252336.066341162,command,0.0,0.0,0.0
1787252336.124203920,1787252336.124208689,state,0.0,0.0,0.0
1787252336.124251842,1787252336.123557806,state_stamped,0.0,0.0,0.0
1787252336.126297235,1787252336.126302242,command,0.0,0.0,0.0
1787252336.194137096,1787252336.194141626,state,0.0,0.0,0.0
1787252336.194257975,1787252336.193557501,state_stamped,0.0,0.0,0.0
1787252336.196045160,1787252336.196049690,command,0.0,0.0,0.0
1787252336.264171124,1787252336.264175653,state,0.0,0.0,0.0
1787252336.264235258,1787252336.263557911,state_stamped,0.0,0.0,0.0
1787252336.266145945,1787252336.266150951,command,0.0,0.0,0.0
1787252336.324157000,1787252336.324161530,state,0.0,0.0,0.0
1787252336.324219465,1787252336.323557615,state_stamped,0.0,0.0,0.0
1787252336.326186657,1787252336.326191425,command,0.0,0.0,0.0
1787252336.394104242,1787252336.394109726,state,0.0,0.0,0.0
1787252336.394153833,1787252336.393557310,state_stamped,0.0,0.0,0.0
1787252336.396065235,1787252336.396069288,command,0.0,0.0,0.0
1787252336.464166164,1787252336.464170694,state,0.0,0.0,0.0
1787252336.464211941,1787252336.463557720,state_stamped,0.0,0.0,0.0
1787252336.466161013,1787252336.466165066,command,0.0,0.0,0.0
1787252336.524158478,1787252336.524163246,state,0.0,0.0,0.0
1787252336.524206877,1787252336.523557901,state_stamped,0.0,0.0,0.0
1787252336.525988579,1787252336.525991917,command,0.0,0.0,0.0
1787252336.594097137,1787252336.594101906,state,0.0,0.0,0.0
1787252336.594145060,1787252336.593557835,state_stamped,0.0,0.0,0.0
1787252336.596033812,1787252336.596037388,command,0.0,0.0,0.0
1787252336.664180517,1787252336.664185047,state,0.0,0.0,0.0
1787252336.664230347,1787252336.663557529,state_stamped,0.0,0.0,0.0
1787252336.666147947,1787252336.666151524,command,0.0,0.0,0.0
1787252336.724162817,1787252336.723557949,state_stamped,0.0,0.0,0.0
1787252336.724196672,1787252336.724202394,state,0.0,0.0,0.0
1787252336.726152658,1787252336.726156712,command,0.0,0.0,0.0
1787252336.794126511,1787252336.794131517,state,0.0,0.0,0.0
1787252336.794243813,1787252336.793558121,state_stamped,0.0,0.0,0.0
1787252336.796045065,1787252336.796049356,command,0.0,0.0,0.0
1787252336.864143372,1787252336.864147663,state,0.0,0.0,0.0
1787252336.864189386,1787252336.863545179,state_stamped,0.0,0.0,0.0
1787252336.865943909,1787252336.865947485,command,0.0,0.0,0.0
1787252336.924247980,1787252336.924253464,state,0.0,0.0,0.0
1787252336.924301386,1787252336.923558235,state_stamped,0.0,0.0,0.0
1787252336.926003695,1787252336.926007748,command,0.0,0.0,0.0
1787252336.994219780,1787252336.993557930,state_stamped,0.0,0.0,0.0
1787252336.994307280,1787252336.994313002,state,0.0,0.0,0.0
1787252336.996319532,1787252336.996322393,command,0.0,0.0,0.0
1787252337.064196110,1787252337.064200878,state,0.0,0.0,0.0
1787252337.064283609,1787252337.063558102,state_stamped,0.0,0.0,0.0
1787252337.066204071,1787252337.066208363,command,0.0,0.0,0.0
1787252337.124233484,1787252337.123558760,state_stamped,0.0,0.0,0.0
1787252337.124319077,1787252337.124323845,state,0.0,0.0,0.0
1787252337.126155376,1787252337.126158237,command,0.0,0.0,0.0
1787252337.194105864,1787252337.193557739,state_stamped,0.0,0.0,0.0
1787252337.194139242,1787252337.194143772,state,0.0,0.0,0.0
1787252337.196070194,1787252337.196072817,command,0.0,0.0,0.0
1787252337.264051914,1787252337.263557434,state_stamped,0.0,0.0,0.0
1787252337.264082432,1787252337.264086723,state,0.0,0.0,0.0
1787252337.265953779,1787252337.265958309,command,0.0,0.0,0.0
1787252337.324071646,1787252337.323558092,state_stamped,0.0,0.0,0.0
1787252337.324104309,1787252337.324109077,state,0.0,0.0,0.0
1787252337.325883389,1787252337.325888157,command,0.0,0.0,0.0
1787252337.394028425,1787252337.393557549,state_stamped,0.0,0.0,0.0
1787252337.394127369,1787252337.394132853,state,0.0,0.0,0.0
1787252337.395766973,1787252337.395771742,command,0.0,0.0,0.0
1787252337.464084625,1787252337.463557482,state_stamped,0.0,0.0,0.0
1787252337.464116812,1787252337.464121342,state,0.0,0.0,0.0
1787252337.465896606,1787252337.465901613,command,0.0,0.0,0.0
1787252337.524067879,1787252337.524072409,state,0.0,0.0,0.0
1787252337.524110317,1787252337.523557901,state_stamped,0.0,0.0,0.0
1787252337.525905132,1787252337.525909901,command,0.0,0.0,0.0
1787252337.594031572,1787252337.594035864,state,0.0,0.0,0.0
1787252337.594080925,1787252337.593557358,state_stamped,0.0,0.0,0.0
1787252337.595982313,1787252337.595987082,command,0.0,0.0,0.0
1787252337.664093971,1787252337.663558006,state_stamped,0.0,0.0,0.0
1787252337.664131165,1787252337.664136171,state,0.0,0.0,0.0
1787252337.665899754,1787252337.665905952,command,0.0,0.0,0.0
1787252337.724096060,1787252337.723557711,state_stamped,0.0,0.0,0.0
1787252337.724128246,1787252337.724132776,state,0.0,0.0,0.0
1787252337.725993395,1787252337.726000071,command,0.0,0.0,0.0
1787252337.794087887,1787252337.793557644,state_stamped,0.0,0.0,0.0
1787252337.794174910,1787252337.794180155,state,0.0,0.0,0.0
1787252337.795764923,1787252337.795769691,command,0.0,0.0,0.0
1787252337.864120245,1787252337.863557339,state_stamped,0.0,0.0,0.0
1787252337.864154577,1787252337.864161253,state,0.0,0.0,0.0
1787252337.865820408,1787252337.865824699,command,0.0,0.0,0.0
1787252337.924044847,1787252337.924050570,state,0.0,0.0,0.0
1787252337.924100637,1787252337.923557758,state_stamped,0.0,0.0,0.0
1787252337.926028967,1787252337.926034212,command,0.0,0.0,0.0
1787252337.994127989,1787252337.994135141,state,0.0,0.0,0.0
1787252337.994182348,1787252337.993558645,state_stamped,0.0,0.0,0.0
1787252337.996917009,1787252337.996921778,command,0.0,0.0,0.0
1787252338.064152002,1787252338.064157486,state,0.0,0.0,0.0
1787252338.064212322,1787252338.063557625,state_stamped,0.0,0.0,0.0
1787252338.066118717,1787252338.066122055,command,0.0,0.0,0.0
1787252338.124144793,1787252338.124151468,state,0.0,0.0,0.0
1787252338.124203205,1787252338.123557806,state_stamped,0.0,0.0,0.0
1787252338.125958204,1787252338.125962734,command,0.0,0.0,0.0
1787252338.194166183,1787252338.193557739,state_stamped,0.0,0.0,0.0
1787252338.194241524,1787252338.194247007,state,0.0,0.0,0.0
1787252338.196111917,1787252338.196116686,command,0.0,0.0,0.0
1787252338.264082909,1787252338.263557911,state_stamped,0.0,0.0,0.0
1787252338.264129639,1787252338.264134884,state,0.0,0.0,0.0
1787252338.265869379,1787252338.265874624,command,0.0,0.0,0.0
1787252338.324075699,1787252338.323557615,state_stamped,0.0,0.0,0.0
1787252338.324149847,1787252338.324154615,state,0.0,0.0,0.0
1787252338.325966597,1787252338.325971127,command,0.0,0.0,0.0
1787252338.394114971,1787252338.393557549,state_stamped,0.0,0.0,0.0
1787252338.394149780,1787252338.394155025,state,0.0,0.0,0.0
1787252338.395842075,1787252338.395846605,command,0.0,0.0,0.0
1787252338.464114428,1787252338.463557243,state_stamped,0.0,0.0,0.0
1787252338.464148998,1787252338.464154005,state,0.0,0.0,0.0
1787252338.465937138,1787252338.465940714,command,0.0,0.0,0.0
1787252338.524173975,1787252338.523557663,state_stamped,0.0,0.0,0.0
1787252338.524246931,1787252338.524252415,state,0.0,0.0,0.0
1787252338.526034594,1787252338.526039362,command,0.0,0.0,0.0
1787252338.594089746,1787252338.593557358,state_stamped,0.0,0.0,0.0
1787252338.594123363,1787252338.594128132,state,0.0,0.0,0.0
1787252338.595805168,1787252338.595809698,command,0.0,0.0,0.0
1787252338.664178610,1787252338.663557529,state_stamped,0.0,0.0,0.0
1787252338.664211512,1787252338.664216042,state,0.0,0.0,0.0
1787252338.665886402,1787252338.665891409,command,0.0,0.0,0.0
1787252338.724217653,1787252338.723557472,state_stamped,0.0,0.0,0.0
1787252338.724257946,1787252338.724262953,state,0.0,0.0,0.0
1787252338.725870371,1787252338.725874901,command,0.0,0.0,0.0
1787252338.794103622,1787252338.793557644,state_stamped,0.0,0.0,0.0
1787252338.794148922,1787252338.794153452,state,0.0,0.0,0.0
1787252338.795768738,1787252338.795773745,command,0.0,0.0,0.0
1787252338.864148140,1787252338.863557577,state_stamped,0.0,0.0,0.0
1787252338.864191532,1787252338.864196062,state,0.0,0.0,0.0
1787252338.865926743,1787252338.865929842,command,0.0,0.0,0.0
1787252338.924180031,1787252338.923557520,state_stamped,0.0,0.0,0.0
1787252338.924225092,1787252338.924229622,state,0.0,0.0,0.0
1787252338.925925016,1787252338.925929785,command,0.0,0.0,0.0
1787252338.994165659,1787252338.994171619,state,0.0,0.0,0.0
1787252338.994283676,1787252338.993557692,state_stamped,0.0,0.0,0.0
1787252338.996052027,1787252338.996056795,command,0.0,0.0,0.0
1787252339.064144850,1787252339.064149618,state,0.0,0.0,0.0
1787252339.064213276,1787252339.063557863,state_stamped,0.0,0.0,0.0
1787252339.065937757,1787252339.065942526,command,0.0,0.0,0.0
1787252339.124158144,1787252339.124163151,state,0.0,0.0,0.0
1787252339.124230146,1787252339.123557568,state_stamped,0.0,0.0,0.0
1787252339.125906467,1787252339.125910997,command,0.0,0.0,0.0
1787252339.194135666,1787252339.194140196,state,0.0,0.0,0.0
1787252339.194207668,1787252339.193557739,state_stamped,0.0,0.0,0.0
1787252339.195804358,1787252339.195808649,command,0.0,0.0,0.0
1787252339.264156580,1787252339.264161587,state,0.0,0.0,0.0
1787252339.264214754,1787252339.263557673,state_stamped,0.0,0.0,0.0
1787252339.265955687,1787252339.265960455,command,0.0,0.0,0.0
1787252339.324151754,1787252339.324156523,state,0.0,0.0,0.0
1787252339.324206591,1787252339.323557615,state_stamped,0.0,0.0,0.0
1787252339.325891733,1787252339.325896502,command,0.0,0.0,0.0
1787252339.394160271,1787252339.393557549,state_stamped,0.0,0.0,0.0
1787252339.394240856,1787252339.394246101,state,0.0,0.0,0.0
1787252339.395898342,1787252339.395902157,command,0.0,0.0,0.0
1787252339.464161634,1787252339.464166403,state,0.0,0.0,0.0
1787252339.464231253,1787252339.463557482,state_stamped,0.0,0.0,0.0
1787252339.466222763,1787252339.466227293,command,0.0,0.0,0.0
1787252339.524179220,1787252339.524184227,state,0.0,0.0,0.0
1787252339.524240017,1787252339.523557425,state_stamped,0.0,0.0,0.0
1787252339.526232004,1787252339.526236534,command,0.0,0.0,0.0
1787252339.594177246,1787252339.593557596,state_stamped,0.0,0.0,0.0
1787252339.594277143,1787252339.594281912,state,0.0,0.0,0.0
1787252339.596149683,1787252339.596154451,command,0.0,0.0,0.0
1787252339.664162636,1787252339.664167166,state,0.0,0.0,0.0
1787252339.664231777,1787252339.663558006,state_stamped,0.0,0.0,0.0
1787252339.666232586,1787252339.666237116,command,0.0,0.0,0.0
1787252339.724179029,1787252339.724183559,state,0.0,0.0,0.0
1787252339.724234581,1787252339.723557472,state_stamped,0.0,0.0,0.0
1787252339.726245642,1787252339.726249933,command,0.0,0.0,0.0
1787252339.794113874,1787252339.794117451,state,0.0,0.0,0.0
1787252339.794165134,1787252339.793557644,state_stamped,0.0,0.0,0.0
1787252339.796114922,1787252339.796119690,command,0.0,0.0,0.0
1787252339.864171505,1787252339.864176035,state,0.0,0.0,0.0
1787252339.864227057,1787252339.863557577,state_stamped,0.0,0.0,0.0
1787252339.866218328,1787252339.866222858,command,0.0,0.0,0.0
1787252339.924188614,1787252339.924193859,state,0.0,0.0,0.0
1787252339.924243927,1787252339.923557520,state_stamped,0.0,0.0,0.0
1787252339.926256895,1787252339.926261425,command,0.0,0.0,0.0
1787252339.994199753,1787252339.993557453,state_stamped,0.0,0.0,0.0
1787252339.994309425,1787252339.994317532,state,0.0,0.0,0.0
1787252339.996079922,1787252339.996085167,command,0.0,0.0,0.0
1787252340.064199924,1787252340.064209700,state,0.0,0.0,0.0
1787252340.064285994,1787252340.063557863,state_stamped,0.0,0.0,0.0
1787252340.067093134,1787252340.067096949,command,0.0,0.0,0.0
1787252340.124186516,1787252340.123557806,state_stamped,0.0,0.0,0.0
1787252340.124231100,1787252340.124239445,state,0.0,0.0,0.0
1787252340.126288652,1787252340.126293898,command,0.0,0.0,0.0
1787252340.194145441,1787252340.193557262,state_stamped,0.0,0.0,0.0
1787252340.194226742,1787252340.194234610,state,0.0,0.0,0.0
1787252340.196193933,1787252340.196199417,command,0.0,0.0,0.0
1787252340.264186621,1787252340.263557673,state_stamped,0.0,0.0,0.0
1787252340.264292717,1787252340.264300585,state,0.0,0.0,0.0
1787252340.266102552,1787252340.266107559,command,0.0,0.0,0.0
1787252340.324196100,1787252340.323557377,state_stamped,0.0,0.0,0.0
1787252340.324267626,1787252340.324275017,state,0.0,0.0,0.0
1787252340.325976610,1787252340.325981855,command,0.0,0.0,0.0
1787252340.394130945,1787252340.393557549,state_stamped,0.0,0.0,0.0
1787252340.394169807,1787252340.394177198,state,0.0,0.0,0.0
1787252340.395839930,1787252340.395845652,command,0.0,0.0,0.0
1787252340.464179516,1787252340.463557959,state_stamped,0.0,0.0,0.0
1787252340.464223862,1787252340.464231730,state,0.0,0.0,0.0
1787252340.465953827,1787252340.465959311,command,0.0,0.0,0.0
1787252340.524199247,1787252340.523557663,state_stamped,0.0,0.0,0.0
1787252340.524271011,1787252340.524278879,state,0.0,0.0,0.0
1787252340.525972366,1787252340.525977850,command,0.0,0.0,0.0
1787252340.594150305,1787252340.594158411,state,0.0,0.0,0.0
1787252340.594204903,1787252340.593557358,state_stamped,0.0,0.0,0.0
1787252340.596106291,1787252340.596111536,command,0.0,0.0,0.0
1787252340.664138794,1787252340.663557768,state_stamped,0.0,0.0,0.0
1787252340.664182901,1787252340.664190769,state,0.0,0.0,0.0
1787252340.666081429,1787252340.666087151,command,0.0,0.0,0.0
1787252340.724231243,1787252340.723557472,state_stamped,0.0,0.0,0.0
1787252340.724275351,1787252340.724283695,state,0.0,0.0,0.0
1787252340.726163864,1787252340.726169348,command,0.0,0.0,0.0
1787252340.794152021,1787252340.793557882,state_stamped,0.0,0.0,0.0
1787252340.794196129,1787252340.794204235,state,0.0,0.0,0.0
1787252340.796062946,1787252340.796068430,command,0.0,0.0,0.0
1787252340.864229441,1787252340.863557577,state_stamped,0.0,0.0,0.0
1787252340.864268303,1787252340.864273548,state,0.0,0.0,0.0
1787252340.866254568,1787252340.866260290,command,0.0,0.0,0.0
1787252340.924233437,1787252340.923557520,state_stamped,0.0,0.0,0.0
1787252340.924273491,1787252340.924278498,state,0.0,0.0,0.0
1787252340.926247835,1787252340.926250935,command,0.0,0.0,0.0
1787252340.994184017,1787252340.993558168,state_stamped,0.0,0.0,0.0
1787252340.994217157,1787252340.994222403,state,0.0,0.0,0.0
1787252340.996169567,1787252340.996174335,command,0.0,0.0,0.0
1787252341.064211607,1787252341.064215899,state,0.0,0.0,0.0
1787252341.064304113,1787252341.063557625,state_stamped,0.0,0.0,0.0
1787252341.066038370,1787252341.066042662,command,0.0,0.0,0.0
1787252341.124276876,1787252341.123557806,state_stamped,0.0,0.0,0.0
1787252341.124314308,1787252341.124320030,state,0.0,0.0,0.0
1787252341.126015663,1787252341.126020432,command,0.0,0.0,0.0
1787252341.194239378,1787252341.193557501,state_stamped,0.0,0.0,0.0
1787252341.194277525,1787252341.194283485,state,0.0,0.0,0.0
1787252341.195912123,1787252341.195917130,command,0.0,0.0,0.0
1787252341.264166594,1787252341.263557673,state_stamped,0.0,0.0,0.0
1787252341.264200687,1787252341.264205217,state,0.0,0.0,0.0
1787252341.265998602,1787252341.266003132,command,0.0,0.0,0.0
1787252341.324176788,1787252341.323557615,state_stamped,0.0,0.0,0.0
1787252341.324209690,1787252341.324214458,state,0.0,0.0,0.0
1787252341.326196909,1787252341.326201916,command,0.0,0.0,0.0
1787252341.394122839,1787252341.394127369,state,0.0,0.0,0.0
1787252341.394165277,1787252341.393557549,state_stamped,0.0,0.0,0.0
1787252341.396095753,1787252341.396100044,command,0.0,0.0,0.0
1787252341.464161396,1787252341.463557720,state_stamped,0.0,0.0,0.0
1787252341.464194775,1787252341.464199543,state,0.0,0.0,0.0
1787252341.466233253,1787252341.466238260,command,0.0,0.0,0.0
1787252341.524183989,1787252341.523557186,state_stamped,0.0,0.0,0.0
1787252341.524216175,1787252341.524220943,state,0.0,0.0,0.0
1787252341.526211262,1787252341.526216269,command,0.0,0.0,0.0
1787252341.594091177,1787252341.593557835,state_stamped,0.0,0.0,0.0
1787252341.594173908,1787252341.594178915,state,0.0,0.0,0.0
1787252341.596073389,1787252341.596078157,command,0.0,0.0,0.0
1787252341.664053440,1787252341.664058685,state,0.0,0.0,0.0
1787252341.664103985,1787252341.663557529,state_stamped,0.0,0.0,0.0
1787252341.666291714,1787252341.666296244,command,0.0,0.0,0.0
1787252341.724242687,1787252341.724247456,state,0.0,0.0,0.0
1787252341.724289894,1787252341.723557234,state_stamped,0.0,0.0,0.0
1787252341.726051569,1787252341.726056337,command,0.0,0.0,0.0
1787252341.794143915,1787252341.793557644,state_stamped,0.0,0.0,0.0
1787252341.794176102,1787252341.794181108,state,0.0,0.0,0.0
1787252341.796083689,1787252341.796088219,command,0.0,0.0,0.0
1787252341.864206791,1787252341.864211798,state,0.0,0.0,0.0
1787252341.864265442,1787252341.863557816,state_stamped,0.0,0.0,0.0
1787252341.866247892,1787252341.866252661,command,0.0,0.0,0.0
1787252341.924185038,1787252341.923557997,state_stamped,0.0,0.0,0.0
1787252341.924217463,1787252341.924222231,state,0.0,0.0,0.0
1787252341.926209688,1787252341.926214695,command,0.0,0.0,0.0
1787252341.994176865,1787252341.994182825,state,0.0,0.0,0.0
1787252341.994266987,1787252341.993557692,state_stamped,0.0,0.0,0.0
1787252341.996149778,1787252341.996154785,command,0.0,0.0,0.0
1787252342.064071417,1787252342.064078093,state,0.0,0.0,0.0
1787252342.064142942,1787252342.063556194,state_stamped,0.0,0.0,0.0
1787252342.066755533,1787252342.066758633,command,0.0,0.0,0.0
1787252342.124209166,1787252342.123557568,state_stamped,0.0,0.0,0.0
1787252342.124243021,1787252342.124248028,state,0.0,0.0,0.0
1787252342.126246452,1787252342.126250982,command,0.0,0.0,0.0
1787252342.194216013,1787252342.194220781,state,0.0,0.0,0.0
1787252342.194253206,1787252342.193557978,state_stamped,0.0,0.0,0.0
1787252342.196186543,1787252342.196191072,command,0.0,0.0,0.0
1787252342.264111519,1787252342.264116526,state,0.0,0.0,0.0
1787252342.264211416,1787252342.263557911,state_stamped,0.0,0.0,0.0
1787252342.266170979,1787252342.266175508,command,0.0,0.0,0.0
1787252342.324184418,1787252342.323557854,state_stamped,0.0,0.0,0.0
1787252342.324223518,1787252342.324229002,state,0.0,0.0,0.0
1787252342.326175690,1787252342.326180458,command,0.0,0.0,0.0
1787252342.394210100,1787252342.393558264,state_stamped,0.0,0.0,0.0
1787252342.394299984,1787252342.394304991,state,0.0,0.0,0.0
1787252342.396175861,1787252342.396180153,command,0.0,0.0,0.0
1787252342.464261055,1787252342.463557959,state_stamped,0.0,0.0,0.0
1787252342.464287281,1787252342.464290619,state,0.0,0.0,0.0
1787252342.466248512,1787252342.466250420,command,0.0,0.0,0.0
1787252342.524188519,1787252342.524193287,state,0.0,0.0,0.0
1787252342.524231911,1787252342.523557901,state_stamped,0.0,0.0,0.0
1787252342.526183128,1787252342.526187658,command,0.0,0.0,0.0
1787252342.594197512,1787252342.593557835,state_stamped,0.0,0.0,0.0
1787252342.594271898,1787252342.594276428,state,0.0,0.0,0.0
1787252342.596116066,1787252342.596118927,command,0.0,0.0,0.0
1787252342.664221287,1787252342.664225817,state,0.0,0.0,0.0
1787252342.664271832,1787252342.663558006,state_stamped,0.0,0.0,0.0
1787252342.666370869,1787252342.666375160,command,0.0,0.0,0.0
1787252342.724215269,1787252342.723557472,state_stamped,0.0,0.0,0.0
1787252342.724247456,1787252342.724252462,state,0.0,0.0,0.0
1787252342.726339102,1787252342.726343155,command,0.0,0.0,0.0
1787252342.794150591,1787252342.793557405,state_stamped,0.0,0.0,0.0
1787252342.794239521,1787252342.794244528,state,0.0,0.0,0.0
1787252342.796153069,1787252342.796157598,command,0.0,0.0,0.0
1787252342.864226103,1787252342.863557577,state_stamped,0.0,0.0,0.0
1787252342.864263058,1787252342.864267826,state,0.0,0.0,0.0
1787252342.866308928,1787252342.866313219,command,0.0,0.0,0.0
1787252342.924236059,1787252342.923557520,state_stamped,0.0,0.0,0.0
1787252342.924291372,1787252342.924296379,state,0.0,0.0,0.0
1787252342.926303148,1787252342.926307917,command,0.0,0.0,0.0
1787252342.994319201,1787252342.994326830,state,0.0,0.0,0.0
1787252342.994380713,1787252342.993557692,state_stamped,0.0,0.0,0.0
1787252342.996463060,1787252342.996468306,command,0.0,0.0,0.0
1787252343.064261913,1787252343.064269543,state,0.0,0.0,0.0
1787252343.064373732,1787252343.063557625,state_stamped,0.0,0.0,0.0
1787252343.066275835,1787252343.066281557,command,0.0,0.0,0.0
1787252343.124242544,1787252343.123557806,state_stamped,0.0,0.0,0.0
1787252343.124345541,1787252343.124353170,state,0.0,0.0,0.0
1787252343.126310110,1787252343.126315355,command,0.0,0.0,0.0
1787252343.194320679,1787252343.193557501,state_stamped,0.0,0.0,0.0
1787252343.194366455,1787252343.194374323,state,0.0,0.0,0.0
1787252343.196138144,1787252343.196143627,command,0.0,0.0,0.0
1787252343.264281750,1787252343.263557196,state_stamped,0.0,0.0,0.0
1787252343.264333963,1787252343.264341593,state,0.0,0.0,0.0
1787252343.266342640,1787252343.266348362,command,0.0,0.0,0.0
1787252343.324214935,1787252343.323557615,state_stamped,0.0,0.0,0.0
1787252343.324255943,1787252343.324263573,state,0.0,0.0,0.0
1787252343.326282978,1787252343.326288700,command,0.0,0.0,0.0
1787252343.394167900,1787252343.393557787,state_stamped,0.0,0.0,0.0
1787252343.394247055,1787252343.394254923,state,0.0,0.0,0.0
1787252343.396151304,1787252343.396157980,command,0.0,0.0,0.0
1787252343.464257717,1787252343.463557720,state_stamped,0.0,0.0,0.0
1787252343.464307547,1787252343.464315176,state,0.0,0.0,0.0
1787252343.466325998,1787252343.466331482,command,0.0,0.0,0.0
1787252343.524230242,1787252343.523558140,state_stamped,0.0,0.0,0.0
1787252343.524276018,1787252343.524283648,state,0.0,0.0,0.0
1787252343.526319981,1787252343.526325464,command,0.0,0.0,0.0
1787252343.594179392,1787252343.594187021,state,0.0,0.0,0.0
1787252343.594235420,1787252343.593557596,state_stamped,0.0,0.0,0.0
1787252343.596184731,1787252343.596189976,command,0.0,0.0,0.0
1787252343.664222240,1787252343.663557529,state_stamped,0.0,0.0,0.0
1787252343.664263964,1787252343.664271832,state,0.0,0.0,0.0
1787252343.666311264,1787252343.666316271,command,0.0,0.0,0.0
1787252343.724242687,1787252343.723557472,state_stamped,0.0,0.0,0.0
1787252343.724287271,1787252343.724295139,state,0.0,0.0,0.0
1787252343.726304054,1787252343.726309538,command,0.0,0.0,0.0
1787252343.794211149,1787252343.793557405,state_stamped,0.0,0.0,0.0
1787252343.794265270,1787252343.794273138,state,0.0,0.0,0.0
1787252343.796189785,1787252343.796194792,command,0.0,0.0,0.0
1787252343.864296675,1787252343.863557577,state_stamped,0.0,0.0,0.0
1787252343.864351988,1787252343.864359856,state,0.0,0.0,0.0
1787252343.866321087,1787252343.866327047,command,0.0,0.0,0.0
1787252343.924297333,1787252343.923557758,state_stamped,0.0,0.0,0.0
1787252343.924351454,1787252343.924359083,state,0.0,0.0,0.0
1787252343.926327467,1787252343.926332712,command,0.0,0.0,0.0
1787252343.994190693,1787252343.994198561,state,0.0,0.0,0.0
1787252343.994326591,1787252343.993557692,state_stamped,0.0,0.0,0.0
1787252343.996087790,1787252343.996093035,command,0.0,0.0,0.0
1787252344.064082384,1787252344.064088821,state,0.0,0.0,0.0
1787252344.064148188,1787252344.063557863,state_stamped,0.0,0.0,0.0
1787252344.066735029,1787252344.066737890,command,0.0,0.0,0.0
1787252344.124083996,1787252344.124091387,state,0.0,0.0,0.0
1787252344.124148369,1787252344.123557806,state_stamped,0.0,0.0,0.0
1787252344.127544165,1787252344.127547026,command,0.0,0.0,0.0
1787252344.194208145,1787252344.194211245,state,0.0,0.0,0.0
1787252344.194294453,1787252344.193557501,state_stamped,0.0,0.0,0.0
1787252344.196311235,1787252344.196316004,command,0.0,0.0,0.0
1787252344.264263391,1787252344.264267921,state,0.0,0.0,0.0
1787252344.264310837,1787252344.263557434,state_stamped,0.0,0.0,0.0
1787252344.266371489,1787252344.266376019,command,0.0,0.0,0.0
1787252344.324246645,1787252344.323557854,state_stamped,0.0,0.0,0.0
1787252344.324278831,1787252344.324283838,state,0.0,0.0,0.0
1787252344.326354504,1787252344.326359034,command,0.0,0.0,0.0
1787252344.394150734,1787252344.394157887,state,0.0,0.0,0.0
1787252344.394261837,1787252344.393557787,state_stamped,0.0,0.0,0.0
1787252344.396213770,1787252344.396217585,command,0.0,0.0,0.0
1787252344.464112043,1787252344.464118242,state,0.0,0.0,0.0
1787252344.464167833,1787252344.463557959,state_stamped,0.0,0.0,0.0
1787252344.466331720,1787252344.466336727,command,0.0,0.0,0.0
1787252344.524282455,1787252344.524288177,state,0.0,0.0,0.0
1787252344.524340630,1787252344.523557901,state_stamped,0.0,0.0,0.0
1787252344.526292324,1787252344.526296139,command,0.0,0.0,0.0
1787252344.594202518,1787252344.594208479,state,0.0,0.0,0.0
1787252344.594259262,1787252344.593557596,state_stamped,0.0,0.0,0.0
1787252344.596239567,1787252344.596244335,command,0.0,0.0,0.0
1787252344.664157629,1787252344.664163589,state,0.0,0.0,0.0
1787252344.664268255,1787252344.663557529,state_stamped,0.0,0.0,0.0
1787252344.665989876,1787252344.665994644,command,0.0,0.0,0.0
1787252344.724058867,1787252344.724063635,state,0.0,0.0,0.0
1787252344.724114418,1787252344.723557949,state_stamped,0.0,0.0,0.0
1787252344.725965023,1787252344.725970030,command,0.0,0.0,0.0
1787252344.794239998,1787252344.794245005,state,0.0,0.0,0.0
1787252344.794297934,1787252344.793557644,state_stamped,0.0,0.0,0.0
1787252344.795893431,1787252344.795898438,command,0.0,0.0,0.0
1787252344.864256859,1787252344.863557816,state_stamped,0.0,0.0,0.0
1787252344.864297152,1787252344.864301920,state,0.0,0.0,0.0
1787252344.866359711,1787252344.866364479,command,0.0,0.0,0.0
1787252344.924199104,1787252344.924204350,state,0.0,0.0,0.0
1787252344.924255848,1787252344.923557997,state_stamped,0.0,0.0,0.0
1787252344.926020861,1787252344.926025629,command,0.0,0.0,0.0
1787252344.994293213,1787252344.994299889,state,0.0,0.0,0.0
1787252344.994355917,1787252344.993557453,state_stamped,0.0,0.0,0.0
1787252344.996385574,1787252344.996390820,command,0.0,0.0,0.0
1787252345.064262390,1787252345.064267159,state,0.0,0.0,0.0
1787252345.064312935,1787252345.063557863,state_stamped,0.0,0.0,0.0
1787252345.066033125,1787252345.066037416,command,0.0,0.0,0.0
1787252345.124279261,1787252345.124284506,state,0.0,0.0,0.0
1787252345.124335766,1787252345.123557806,state_stamped,0.0,0.0,0.0
1787252345.126042128,1787252345.126046658,command,0.0,0.0,0.0
1787252345.194189072,1787252345.194193840,state,0.0,0.0,0.0
1787252345.194242954,1787252345.193557501,state_stamped,0.0,0.0,0.0
1787252345.195887089,1787252345.195891619,command,0.0,0.0,0.0
1787252345.264219761,1787252345.264224768,state,0.0,0.0,0.0
1787252345.264270306,1787252345.263557196,state_stamped,0.0,0.0,0.0
1787252345.265982866,1787252345.265987635,command,0.0,0.0,0.0
1787252345.324206591,1787252345.324211359,state,0.0,0.0,0.0
1787252345.324262381,1787252345.323557854,state_stamped,0.0,0.0,0.0
1787252345.325991392,1787252345.325995684,command,0.0,0.0,0.0
1787252345.394180059,1787252345.394185543,state,0.0,0.0,0.0
1787252345.394230843,1787252345.393557787,state_stamped,0.0,0.0,0.0
1787252345.395829916,1787252345.395835161,command,0.0,0.0,0.0
1787252345.464214802,1787252345.464219809,state,0.0,0.0,0.0
1787252345.464262247,1787252345.463557482,state_stamped,0.0,0.0,0.0
1787252345.465989828,1787252345.465994596,command,0.0,0.0,0.0
1787252345.524263382,1787252345.523557186,state_stamped,0.0,0.0,0.0
1787252345.524312258,1787252345.524317741,state,0.0,0.0,0.0
1787252345.526042223,1787252345.526046991,command,0.0,0.0,0.0
1787252345.594033718,1787252345.594038725,state,0.0,0.0,0.0
1787252345.594083071,1787252345.593557835,state_stamped,0.0,0.0,0.0
1787252345.595756769,1787252345.595761299,command,0.0,0.0,0.0
1787252345.663992643,1787252345.663997412,state,0.0,0.0,0.0
1787252345.664045811,1787252345.663557768,state_stamped,0.0,0.0,0.0
1787252345.665868759,1787252345.665873289,command,0.0,0.0,0.0
1787252345.724031925,1787252345.723557711,state_stamped,0.0,0.0,0.0
1787252345.724124193,1787252345.724129438,state,0.0,0.0,0.0
1787252345.725889444,1787252345.725894928,command,0.0,0.0,0.0
1787252345.794028759,1787252345.793558121,state_stamped,0.0,0.0,0.0
1787252345.794076204,1787252345.794082165,state,0.0,0.0,0.0
1787252345.795764446,1787252345.795771122,command,0.0,0.0,0.0
1787252345.864022970,1787252345.863557816,state_stamped,0.0,0.0,0.0
1787252345.864058971,1787252345.864063740,state,0.0,0.0,0.0
1787252345.865928411,1787252345.865932703,command,0.0,0.0,0.0
1787252345.924032927,1787252345.923557520,state_stamped,0.0,0.0,0.0
1787252345.924124956,1787252345.924129725,state,0.0,0.0,0.0
1787252345.925918102,1787252345.925923824,command,0.0,0.0,0.0
1787252345.994076490,1787252345.994084835,state,0.0,0.0,0.0
1787252345.994148493,1787252345.993558168,state_stamped,0.0,0.0,0.0
1787252345.996341705,1787252345.996347189,command,0.0,0.0,0.0
1787252346.064147234,1787252346.064154387,state,0.0,0.0,0.0
1787252346.064212084,1787252346.063558102,state_stamped,0.0,0.0,0.0
1787252346.066959620,1787252346.066963434,command,0.0,0.0,0.0
1787252346.124184370,1787252346.123557568,state_stamped,0.0,0.0,0.0
1787252346.124229908,1787252346.124236345,state,0.0,0.0,0.0
1787252346.126341105,1787252346.126344681,command,0.0,0.0,0.0
1787252346.194164276,1787252346.194169283,state,0.0,0.0,0.0
1787252346.194221973,1787252346.193557739,state_stamped,0.0,0.0,0.0
1787252346.196308851,1787252346.196313143,command,0.0,0.0,0.0
1787252346.264081478,1787252346.264086008,state,0.0,0.0,0.0
1787252346.264133930,1787252346.263557434,state_stamped,0.0,0.0,0.0
1787252346.265904665,1787252346.265909195,command,0.0,0.0,0.0
1787252346.324260950,1787252346.324265480,state,0.0,0.0,0.0
1787252346.324312925,1787252346.323557615,state_stamped,0.0,0.0,0.0
1787252346.326053143,1787252346.326057434,command,0.0,0.0,0.0
1787252346.394214153,1787252346.394219637,state,0.0,0.0,0.0
1787252346.394269943,1787252346.393557787,state_stamped,0.0,0.0,0.0
1787252346.395843267,1787252346.395848274,command,0.0,0.0,0.0
1787252346.464224577,1787252346.463557720,state_stamped,0.0,0.0,0.0
1787252346.464266062,1787252346.464271069,state,0.0,0.0,0.0
1787252346.465999603,1787252346.466003895,command,0.0,0.0,0.0
1787252346.524264812,1787252346.523557425,state_stamped,0.0,0.0,0.0
1787252346.524353027,1787252346.524359941,state,0.0,0.0,0.0
1787252346.526022673,1787252346.526027203,command,0.0,0.0,0.0
1787252346.594194174,1787252346.594198704,state,0.0,0.0,0.0
1787252346.594247818,1787252346.593557119,state_stamped,0.0,0.0,0.0
1787252346.595887899,1787252346.595892668,command,0.0,0.0,0.0
1787252346.664184093,1787252346.663557291,state_stamped,0.0,0.0,0.0
1787252346.664271116,1787252346.664275646,state,0.0,0.0,0.0
1787252346.666295767,1787252346.666299820,command,0.0,0.0,0.0
1787252346.724231005,1787252346.723557711,state_stamped,0.0,0.0,0.0
1787252346.724317551,1787252346.724322081,state,0.0,0.0,0.0
1787252346.726328611,1787252346.726332903,command,0.0,0.0,0.0
1787252346.794146538,1787252346.793557644,state_stamped,0.0,0.0,0.0
1787252346.794239283,1787252346.794244051,state,0.0,0.0,0.0
1787252346.796228886,1787252346.796233416,command,0.0,0.0,0.0
1787252346.864201546,1787252346.863557816,state_stamped,0.0,0.0,0.0
1787252346.864294767,1787252346.864301920,state,0.0,0.0,0.0
1787252346.866282701,1787252346.866286993,command,0.0,0.0,0.0
1787252346.924345255,1787252346.924351454,state,0.0,0.0,0.0
1787252346.924405336,1787252346.923557758,state_stamped,0.0,0.0,0.0
1787252346.926030636,1787252346.926035643,command,0.0,0.0,0.0
1787252346.994344473,1787252346.994352579,state,0.0,0.0,0.0
1787252346.994420290,1787252346.993557453,state_stamped,0.0,0.0,0.0
1787252346.996497154,1787252346.996502876,command,0.0,0.0,0.0
1787252347.064274788,1787252347.064279556,state,0.0,0.0,0.0
1787252347.064327955,1787252347.063557625,state_stamped,0.0,0.0,0.0
1787252347.066096067,1787252347.066100836,command,0.0,0.0,0.0
1787252347.124265432,1787252347.124269724,state,0.0,0.0,0.0
1787252347.124318123,1787252347.123557329,state_stamped,0.0,0.0,0.0
1787252347.126357794,1787252347.126361847,command,0.0,0.0,0.0
1787252347.194202900,1787252347.194207430,state,0.0,0.0,0.0
1787252347.194255829,1787252347.193557501,state_stamped,0.0,0.0,0.0
1787252347.195899725,1787252347.195904016,command,0.0,0.0,0.0
1787252347.264281273,1787252347.264286518,state,0.0,0.0,0.0
1787252347.264335871,1787252347.263557434,state_stamped,0.0,0.0,0.0
1787252347.266383171,1787252347.266387701,command,0.0,0.0,0.0
1787252347.324228048,1787252347.324232817,state,0.0,0.0,0.0
1787252347.324326038,1787252347.323557615,state_stamped,0.0,0.0,0.0
1787252347.326347828,1787252347.326352119,command,0.0,0.0,0.0
1787252347.394181728,1787252347.393557310,state_stamped,0.0,0.0,0.0
1787252347.394261599,1787252347.394265890,state,0.0,0.0,0.0
1787252347.396224499,1787252347.396228790,command,0.0,0.0,0.0
1787252347.464230061,1787252347.464235067,state,0.0,0.0,0.0
1787252347.464339495,1787252347.463557720,state_stamped,0.0,0.0,0.0
1787252347.466393948,1787252347.466398716,command,0.0,0.0,0.0
1787252347.524209738,1787252347.523557663,state_stamped,0.0,0.0,0.0
1787252347.524293423,1787252347.524297714,state,0.0,0.0,0.0
1787252347.526326895,1787252347.526331425,command,0.0,0.0,0.0
1787252347.594214916,1787252347.594219208,state,0.0,0.0,0.0
1787252347.594263792,1787252347.593557596,state_stamped,0.0,0.0,0.0
1787252347.596205711,1787252347.596210480,command,0.0,0.0,0.0
1787252347.664238453,1787252347.664242744,state,0.0,0.0,0.0
1787252347.664326429,1787252347.663557291,state_stamped,0.0,0.0,0.0
1787252347.666342258,1787252347.666346788,command,0.0,0.0,0.0
1787252347.724262953,1787252347.724267721,state,0.0,0.0,0.0
1787252347.724319458,1787252347.723557711,state_stamped,0.0,0.0,0.0
1787252347.726345539,1787252347.726350069,command,0.0,0.0,0.0
1787252347.794166088,1787252347.793557644,state_stamped,0.0,0.0,0.0
1787252347.794259787,1787252347.794264317,state,0.0,0.0,0.0
1787252347.795925856,1787252347.795930386,command,0.0,0.0,0.0
1787252347.864262819,1787252347.863557816,state_stamped,0.0,0.0,0.0
1787252347.864346027,1787252347.864352703,state,0.0,0.0,0.0
1787252347.866031408,1787252347.866034746,command,0.0,0.0,0.0
1787252347.924246311,1787252347.923557758,state_stamped,0.0,0.0,0.0
1787252347.924324036,1787252347.924329042,state,0.0,0.0,0.0
1787252347.925939560,1787252347.925944090,command,0.0,0.0,0.0
1787252347.994305849,1787252347.994310856,state,0.0,0.0,0.0
1787252347.994356632,1787252347.993557930,state_stamped,0.0,0.0,0.0
1787252347.996130705,1787252347.996135950,command,0.0,0.0,0.0
1787252348.064292192,1787252348.064296722,state,0.0,0.0,0.0
1787252348.064342499,1787252348.063558102,state_stamped,0.0,0.0,0.0
1787252348.066090822,1787252348.066095352,command,0.0,0.0,0.0
1787252348.124220610,1787252348.124228716,state,0.0,0.0,0.0
1787252348.124282837,1787252348.123557806,state_stamped,0.0,0.0,0.0
1787252348.126907825,1787252348.126911163,command,0.0,0.0,0.0
1787252348.194196939,1787252348.194202185,state,0.0,0.0,0.0
1787252348.194254160,1787252348.193557739,state_stamped,0.0,0.0,0.0
1787252348.196038961,1787252348.196043491,command,0.0,0.0,0.0
1787252348.264299154,1787252348.263557196,state_stamped,0.0,0.0,0.0
1787252348.264353275,1787252348.264357328,state,0.0,0.0,0.0
1787252348.266382217,1787252348.266386747,command,0.0,0.0,0.0
1787252348.324015141,1787252348.323557854,state_stamped,0.0,0.0,0.0
1787252348.324048042,1787252348.324053526,state,0.0,0.0,0.0
1787252348.326058149,1787252348.326061010,command,0.0,0.0,0.0
1787252348.394210339,1787252348.394215345,state,0.0,0.0,0.0
1787252348.394262791,1787252348.393557787,state_stamped,0.0,0.0,0.0
1787252348.396100521,1787252348.396105289,command,0.0,0.0,0.0
1787252348.464275360,1787252348.464280367,state,0.0,0.0,0.0
1787252348.464328289,1787252348.463557482,state_stamped,0.0,0.0,0.0
1787252348.466409922,1787252348.466414452,command,0.0,0.0,0.0
1787252348.524280548,1787252348.524286032,state,0.0,0.0,0.0
1787252348.524342060,1787252348.523557663,state_stamped,0.0,0.0,0.0
1787252348.526397467,1787252348.526402473,command,0.0,0.0,0.0
1787252348.594196320,1787252348.594201088,state,0.0,0.0,0.0
1787252348.594244242,1787252348.593557596,state_stamped,0.0,0.0,0.0
1787252348.595913172,1787252348.595917225,command,0.0,0.0,0.0
1787252348.664246559,1787252348.663557768,state_stamped,0.0,0.0,0.0
1787252348.664332867,1787252348.664340258,state,0.0,0.0,0.0
1787252348.666048050,1787252348.666052341,command,0.0,0.0,0.0
1787252348.724246264,1787252348.724250793,state,0.0,0.0,0.0
1787252348.724302530,1787252348.723557711,state_stamped,0.0,0.0,0.0
1787252348.726383209,1787252348.726387739,command,0.0,0.0,0.0
1787252348.794158697,1787252348.793557882,state_stamped,0.0,0.0,0.0
1787252348.794239044,1787252348.794245481,state,0.0,0.0,0.0
1787252348.795952797,1787252348.795957565,command,0.0,0.0,0.0
1787252348.864275455,1787252348.864279985,state,0.0,0.0,0.0
1787252348.864325523,1787252348.863557816,state_stamped,0.0,0.0,0.0
1787252348.866032600,1787252348.866037130,command,0.0,0.0,0.0
1787252348.924239874,1787252348.924247265,state,0.0,0.0,0.0
1787252348.924340487,1787252348.923557758,state_stamped,0.0,0.0,0.0
1787252348.926366568,1787252348.926372051,command,0.0,0.0,0.0
1787252348.994197607,1787252348.994205475,state,0.0,0.0,0.0
1787252348.994253397,1787252348.993557930,state_stamped,0.0,0.0,0.0
1787252348.996567249,1787252348.996575117,command,0.0,0.0,0.0
1787252349.064287663,1787252349.064295053,state,0.0,0.0,0.0
1787252349.064347029,1787252349.063557625,state_stamped,0.0,0.0,0.0
1787252349.066151619,1787252349.066156626,command,0.0,0.0,0.0
1787252349.124204874,1787252349.123557806,state_stamped,0.0,0.0,0.0
1787252349.124243736,1787252349.124248505,state,0.0,0.0,0.0
1787252349.125990391,1787252349.125995159,command,0.0,0.0,0.0
1787252349.194164753,1787252349.194169998,state,0.0,0.0,0.0
1787252349.194254875,1787252349.193557501,state_stamped,0.0,0.0,0.0
1787252349.195943832,1787252349.195948601,command,0.0,0.0,0.0
1787252349.264284611,1787252349.263557434,state_stamped,0.0,0.0,0.0
1787252349.264328957,1787252349.264335632,state,0.0,0.0,0.0
1787252349.266401291,1787252349.266405582,command,0.0,0.0,0.0
1787252349.324304104,1787252349.324309587,state,0.0,0.0,0.0
1787252349.324342012,1787252349.323557854,state_stamped,0.0,0.0,0.0
1787252349.326062918,1787252349.326067209,command,0.0,0.0,0.0
1787252349.394200325,1787252349.394204617,state,0.0,0.0,0.0
1787252349.394229412,1787252349.393557787,state_stamped,0.0,0.0,0.0
1787252349.395943165,1787252349.395947933,command,0.0,0.0,0.0
1787252349.464290619,1787252349.463557482,state_stamped,0.0,0.0,0.0
1787252349.464334965,1787252349.464339733,state,0.0,0.0,0.0
1787252349.466404676,1787252349.466409206,command,0.0,0.0,0.0
1787252349.524311781,1787252349.524319410,state,0.0,0.0,0.0
1787252349.524369955,1787252349.523557663,state_stamped,0.0,0.0,0.0
1787252349.526352406,1787252349.526357174,command,0.0,0.0,0.0
1787252349.594139338,1787252349.594148159,state,0.0,0.0,0.0
1787252349.594187737,1787252349.593557596,state_stamped,0.0,0.0,0.0
1787252349.595915079,1787252349.595919847,command,0.0,0.0,0.0
1787252349.664296389,1787252349.664303541,state,0.0,0.0,0.0
1787252349.664348364,1787252349.663557291,state_stamped,0.0,0.0,0.0
1787252349.666021824,1787252349.666026831,command,0.0,0.0,0.0
1787252349.724290848,1787252349.723557949,state_stamped,0.0,0.0,0.0
1787252349.724337816,1787252349.724342346,state,0.0,0.0,0.0
1787252349.726062059,1787252349.726067305,command,0.0,0.0,0.0
1787252349.794200182,1787252349.794205427,state,0.0,0.0,0.0
1787252349.794243813,1787252349.793557882,state_stamped,0.0,0.0,0.0
1787252349.795950651,1787252349.795955658,command,0.0,0.0,0.0
1787252349.864279985,1787252349.864287138,state,0.0,0.0,0.0
1787252349.864333153,1787252349.863557577,state_stamped,0.0,0.0,0.0
1787252349.865983725,1787252349.865988493,command,0.0,0.0,0.0
1787252349.924270630,1787252349.923557758,state_stamped,0.0,0.0,0.0
1787252349.924358368,1787252349.924362659,state,0.0,0.0,0.0
1787252349.926429033,1787252349.926434755,command,0.0,0.0,0.0
1787252349.994226456,1787252349.993557692,state_stamped,0.0,0.0,0.0
1787252349.994260073,1787252349.994265079,state,0.0,0.0,0.0
1787252349.996191978,1787252349.996197224,command,0.0,0.0,0.0
1787252350.064203739,1787252350.064210176,state,0.0,0.0,0.0
1787252350.064241648,1787252350.063557863,state_stamped,0.0,0.0,0.0
1787252350.066178560,1787252350.066183567,command,0.0,0.0,0.0
1787252350.124079704,1787252350.124087095,state,0.0,0.0,0.0
1787252350.124137163,1787252350.123557568,state_stamped,0.0,0.0,0.0
1787252350.126810312,1787252350.126813650,command,0.0,0.0,0.0
1787252350.194133759,1787252350.194142103,state,0.0,0.0,0.0
1787252350.194176912,1787252350.193561792,state_stamped,0.0,0.0,0.0
1787252350.196160555,1787252350.196166754,command,0.0,0.0,0.0
1787252350.264199495,1787252350.264205933,state,0.0,0.0,0.0
1787252350.264237165,1787252350.263557673,state_stamped,0.0,0.0,0.0
1787252350.266109228,1787252350.266112566,command,0.0,0.0,0.0
1787252350.324207306,1787252350.324212313,state,0.0,0.0,0.0
1787252350.324256659,1787252350.323557854,state_stamped,0.0,0.0,0.0
1787252350.326123476,1787252350.326128483,command,0.0,0.0,0.0
1787252350.393996954,1787252350.394003630,state,0.0,0.0,0.0
1787252350.394054890,1787252350.393557549,state_stamped,0.0,0.0,0.0
1787252350.395919561,1787252350.395924807,command,0.0,0.0,0.0
1787252350.464201212,1787252350.464205980,state,0.0,0.0,0.0
1787252350.464233875,1787252350.463557959,state_stamped,0.0,0.0,0.0
1787252350.466127157,1787252350.466132164,command,0.0,0.0,0.0
1787252350.524223328,1787252350.524233103,state,0.0,0.0,0.0
1787252350.524266243,1787252350.523557901,state_stamped,0.0,0.0,0.0
1787252350.526066542,1787252350.526071787,command,0.0,0.0,0.0
1787252350.594213724,1787252350.593557596,state_stamped,0.0,0.0,0.0
1787252350.594249725,1787252350.594254255,state,0.0,0.0,0.0
1787252350.595958710,1787252350.595965624,command,0.0,0.0,0.0
1787252350.664281845,1787252350.664288998,state,0.0,0.0,0.0
1787252350.664364576,1787252350.663557529,state_stamped,0.0,0.0,0.0
1787252350.666212559,1787252350.666216612,command,0.0,0.0,0.0
1787252350.724238157,1787252350.724245548,state,0.0,0.0,0.0
1787252350.724346161,1787252350.723557949,state_stamped,0.0,0.0,0.0
1787252350.726073742,1787252350.726077557,command,0.0,0.0,0.0
1787252350.794150114,1787252350.794156790,state,0.0,0.0,0.0
1787252350.794263840,1787252350.793557882,state_stamped,0.0,0.0,0.0
1787252350.795982122,1787252350.795986891,command,0.0,0.0,0.0
1787252350.864288092,1787252350.864295959,state,0.0,0.0,0.0
1787252350.864355564,1787252350.863557577,state_stamped,0.0,0.0,0.0
1787252350.866157532,1787252350.866162539,command,0.0,0.0,0.0
1787252350.924079418,1787252350.924087286,state,0.0,0.0,0.0
1787252350.924195051,1787252350.923557758,state_stamped,0.0,0.0,0.0
1787252350.926014423,1787252350.926017761,command,0.0,0.0,0.0
1787252350.994090796,1787252350.994095802,state,0.0,0.0,0.0
1787252350.994194031,1787252350.993557692,state_stamped,0.0,0.0,0.0
1787252350.996153593,1787252350.996158838,command,0.0,0.0,0.0
1787252351.064261913,1787252351.064270258,state,0.0,0.0,0.0
1787252351.064327955,1787252351.063557386,state_stamped,0.0,0.0,0.0
1787252351.066101313,1787252351.066105127,command,0.0,0.0,0.0
1787252351.124083042,1787252351.124088526,state,0.0,0.0,0.0
1787252351.124191523,1787252351.123558044,state_stamped,0.0,0.0,0.0
1787252351.125848055,1787252351.125853539,command,0.0,0.0,0.0
1787252351.194232941,1787252351.194240332,state,0.0,0.0,0.0
1787252351.194293022,1787252351.193557262,state_stamped,0.0,0.0,0.0
1787252351.196039677,1787252351.196045399,command,0.0,0.0,0.0
1787252351.264283657,1787252351.264290810,state,0.0,0.0,0.0
1787252351.264346361,1787252351.263557911,state_stamped,0.0,0.0,0.0
1787252351.266146421,1787252351.266151428,command,0.0,0.0,0.0
1787252351.324226379,1787252351.324233770,state,0.0,0.0,0.0
1787252351.324290276,1787252351.323557377,state_stamped,0.0,0.0,0.0
1787252351.326148033,1787252351.326153040,command,0.0,0.0,0.0
1787252351.394199371,1787252351.394204617,state,0.0,0.0,0.0
1787252351.394253969,1787252351.393557549,state_stamped,0.0,0.0,0.0
1787252351.395996332,1787252351.396001339,command,0.0,0.0,0.0
1787252351.464304686,1787252351.464313269,state,0.0,0.0,0.0
1787252351.464370012,1787252351.463557720,state_stamped,0.0,0.0,0.0
1787252351.466206789,1787252351.466211796,command,0.0,0.0,0.0
1787252351.524082661,1787252351.524088144,state,0.0,0.0,0.0
1787252351.524183512,1787252351.523557663,state_stamped,0.0,0.0,0.0
1787252351.525873423,1787252351.525878429,command,0.0,0.0,0.0
1787252351.593981266,1787252351.593986273,state,0.0,0.0,0.0
1787252351.594087124,1787252351.593557596,state_stamped,0.0,0.0,0.0
1787252351.595861673,1787252351.595866680,command,0.0,0.0,0.0
1787252351.664056540,1787252351.664062738,state,0.0,0.0,0.0
1787252351.664167166,1787252351.663557529,state_stamped,0.0,0.0,0.0
1787252351.665976286,1787252351.665981770,command,0.0,0.0,0.0
1787252351.724224091,1787252351.724229336,state,0.0,0.0,0.0
1787252351.724336386,1787252351.723558664,state_stamped,0.0,0.0,0.0
1787252351.726071835,1787252351.726077080,command,0.0,0.0,0.0
1787252351.794158936,1787252351.794167519,state,0.0,0.0,0.0
1787252351.794282436,1787252351.793557882,state_stamped,0.0,0.0,0.0
1787252351.795977831,1787252351.795982361,command,0.0,0.0,0.0
1787252351.864215612,1787252351.864223719,state,0.0,0.0,0.0
1787252351.864279032,1787252351.863557577,state_stamped,0.0,0.0,0.0
1787252351.866106510,1787252351.866111517,command,0.0,0.0,0.0
1787252351.924232244,1787252351.924239874,state,0.0,0.0,0.0
1787252351.924346924,1787252351.923557520,state_stamped,0.0,0.0,0.0
1787252351.926118135,1787252351.926122904,command,0.0,0.0,0.0
1787252351.994276285,1787252351.993557453,state_stamped,0.0,0.0,0.0
1787252351.994325161,1787252351.994333029,state,0.0,0.0,0.0
1787252351.996318579,1787252351.996323347,command,0.0,0.0,0.0
1787252352.064230442,1787252352.064237118,state,0.0,0.0,0.0
1787252352.064288616,1787252352.063557863,state_stamped,0.0,0.0,0.0
1787252352.066116810,1787252352.066122293,command,0.0,0.0,0.0
1787252352.124096870,1787252352.124105215,state,0.0,0.0,0.0
1787252352.124164104,1787252352.123557568,state_stamped,0.0,0.0,0.0
1787252352.126780272,1787252352.126785278,command,0.0,0.0,0.0
1787252352.194221497,1787252352.193557501,state_stamped,0.0,0.0,0.0
1787252352.194265842,1787252352.194273472,state,0.0,0.0,0.0
1787252352.196177483,1787252352.196182728,command,0.0,0.0,0.0
1787252352.264204979,1787252352.263557434,state_stamped,0.0,0.0,0.0
1787252352.264310360,1787252352.264318705,state,0.0,0.0,0.0
1787252352.266206264,1787252352.266211033,command,0.0,0.0,0.0
1787252352.324161291,1787252352.324167013,state,0.0,0.0,0.0
1787252352.324196577,1787252352.323557377,state_stamped,0.0,0.0,0.0
1787252352.326154947,1787252352.326159954,command,0.0,0.0,0.0
1787252352.394138336,1787252352.393557787,state_stamped,0.0,0.0,0.0
1787252352.394174576,1787252352.394181967,state,0.0,0.0,0.0
1787252352.396081924,1787252352.396086216,command,0.0,0.0,0.0
1787252352.464215755,1787252352.463557482,state_stamped,0.0,0.0,0.0
1787252352.464246988,1787252352.464254618,state,0.0,0.0,0.0
1787252352.466143370,1787252352.466148138,command,0.0,0.0,0.0
1787252352.524224997,1787252352.524232864,state,0.0,0.0,0.0
1787252352.524293900,1787252352.523557663,state_stamped,0.0,0.0,0.0
1787252352.526118755,1787252352.526123762,command,0.0,0.0,0.0
1787252352.594135523,1787252352.593557596,state_stamped,0.0,0.0,0.0
1787252352.594170094,1787252352.594177961,state,0.0,0.0,0.0
1787252352.596006393,1787252352.596012115,command,0.0,0.0,0.0
1787252352.664243698,1787252352.663557529,state_stamped,0.0,0.0,0.0
1787252352.664330482,1787252352.664338112,state,0.0,0.0,0.0
1787252352.666179657,1787252352.666183233,command,0.0,0.0,0.0
1787252352.724223375,1787252352.724232197,state,0.0,0.0,0.0
1787252352.724277496,1787252352.723557949,state_stamped,0.0,0.0,0.0
1787252352.726148605,1787252352.726152182,command,0.0,0.0,0.0
1787252352.794140816,1787252352.794149637,state,0.0,0.0,0.0
1787252352.794256449,1787252352.793557644,state_stamped,0.0,0.0,0.0
1787252352.795978785,1787252352.795984745,command,0.0,0.0,0.0
1787252352.864209175,1787252352.864217997,state,0.0,0.0,0.0
1787252352.864281178,1787252352.863557339,state_stamped,0.0,0.0,0.0
1787252352.866118193,1787252352.866122007,command,0.0,0.0,0.0
1787252352.924235106,1787252352.924244404,state,0.0,0.0,0.0
1787252352.924316168,1787252352.923557997,state_stamped,0.0,0.0,0.0
1787252352.926120758,1787252352.926123619,command,0.0,0.0,0.0
1787252352.994318962,1787252352.994327068,state,0.0,0.0,0.0
1787252352.994378805,1787252352.993557692,state_stamped,0.0,0.0,0.0
1787252352.996310472,1787252352.996314764,command,0.0,0.0,0.0
1787252353.064232588,1787252353.064240456,state,0.0,0.0,0.0
1787252353.064308167,1787252353.063557625,state_stamped,0.0,0.0,0.0
1787252353.066033125,1787252353.066036224,command,0.0,0.0,0.0
1787252353.124207020,1787252353.124216080,state,0.0,0.0,0.0
1787252353.124255896,1787252353.123557568,state_stamped,0.0,0.0,0.0
1787252353.126163483,1787252353.126166582,command,0.0,0.0,0.0
1787252353.194006443,1787252353.194011927,state,0.0,0.0,0.0
1787252353.194041014,1787252353.193557739,state_stamped,0.0,0.0,0.0
1787252353.195883751,1787252353.195887327,command,0.0,0.0,0.0
1787252353.264221430,1787252353.264230490,state,0.0,0.0,0.0
1787252353.264301777,1787252353.263557673,state_stamped,0.0,0.0,0.0
1787252353.266118288,1787252353.266122580,command,0.0,0.0,0.0
1787252353.324198246,1787252353.323557377,state_stamped,0.0,0.0,0.0
1787252353.324286938,1787252353.324294806,state,0.0,0.0,0.0
1787252353.326117277,1787252353.326121330,command,0.0,0.0,0.0
1787252353.394130707,1787252353.393557787,state_stamped,0.0,0.0,0.0
1787252353.394225836,1787252353.394233942,state,0.0,0.0,0.0
1787252353.396004200,1787252353.396009207,command,0.0,0.0,0.0
1787252353.464209318,1787252353.463557482,state_stamped,0.0,0.0,0.0
1787252353.464295149,1787252353.464303255,state,0.0,0.0,0.0
1787252353.466463566,1787252353.466467142,command,0.0,0.0,0.0
1787252353.524163485,1787252353.523557663,state_stamped,0.0,0.0,0.0
1787252353.524187803,1787252353.524193525,state,0.0,0.0,0.0
1787252353.526086330,1787252353.526089430,command,0.0,0.0,0.0
1787252353.594124317,1787252353.593557358,state_stamped,0.0,0.0,0.0
1787252353.594218254,1787252353.594226122,state,0.0,0.0,0.0
1787252353.595983028,1787252353.595988274,command,0.0,0.0,0.0
1787252353.664195538,1787252353.663557529,state_stamped,0.0,0.0,0.0
1787252353.664282084,1787252353.664289951,state,0.0,0.0,0.0
1787252353.666097879,1787252353.666103125,command,0.0,0.0,0.0
1787252353.724196672,1787252353.723557711,state_stamped,0.0,0.0,0.0
1787252353.724282742,1787252353.724292278,state,0.0,0.0,0.0
1787252353.726140976,1787252353.726145506,command,0.0,0.0,0.0
1787252353.794125080,1787252353.793557644,state_stamped,0.0,0.0,0.0
1787252353.794214725,1787252353.794222832,state,0.0,0.0,0.0
1787252353.795809746,1787252353.795814514,command,0.0,0.0,0.0
1787252353.864248991,1787252353.863557339,state_stamped,0.0,0.0,0.0
1787252353.864334345,1787252353.864343643,state,0.0,0.0,0.0
1787252353.865984678,1787252353.865989447,command,0.0,0.0,0.0
1787252353.924236536,1787252353.924245358,state,0.0,0.0,0.0
1787252353.924295664,1787252353.923557758,state_stamped,0.0,0.0,0.0
1787252353.925943375,1787252353.925948381,command,0.0,0.0,0.0
1787252353.994221926,1787252353.994230032,state,0.0,0.0,0.0
1787252353.994277954,1787252353.993557930,state_stamped,0.0,0.0,0.0
1787252353.996291637,1787252353.996296167,command,0.0,0.0,0.0
1787252354.064238787,1787252354.064246178,state,0.0,0.0,0.0
1787252354.064312220,1787252354.063557625,state_stamped,0.0,0.0,0.0
1787252354.066169024,1787252354.066174746,command,0.0,0.0,0.0
1787252354.124231577,1787252354.124242544,state,0.0,0.0,0.0
1787252354.124305725,1787252354.123557568,state_stamped,0.0,0.0,0.0
1787252354.126321077,1787252354.126328945,command,0.0,0.0,0.0
1787252354.194009542,1787252354.194015741,state,0.0,0.0,0.0
1787252354.194054842,1787252354.193557978,state_stamped,0.0,0.0,0.0
1787252354.196452856,1787252354.196458101,command,0.0,0.0,0.0
1787252354.264037848,1787252354.264042377,state,0.0,0.0,0.0
1787252354.264077663,1787252354.263557673,state_stamped,0.0,0.0,0.0
1787252354.266412020,1787252354.266425133,command,0.0,0.0,0.0
1787252354.324162006,1787252354.324167252,state,0.0,0.0,0.0
1787252354.324206352,1787252354.323557854,state_stamped,0.0,0.0,0.0
1787252354.326162577,1787252354.326170444,command,0.0,0.0,0.0
1787252354.394124269,1787252354.394130945,state,0.0,0.0,0.0
1787252354.394179106,1787252354.393557549,state_stamped,0.0,0.0,0.0
1787252354.396032810,1787252354.396037579,command,0.0,0.0,0.0
1787252354.464184761,1787252354.464191198,state,0.0,0.0,0.0
1787252354.464241982,1787252354.463557720,state_stamped,0.0,0.0,0.0
1787252354.466192961,1787252354.466197491,command,0.0,0.0,0.0
1787252354.524205923,1787252354.524210453,state,0.0,0.0,0.0
1787252354.524250984,1787252354.523557663,state_stamped,0.0,0.0,0.0
1787252354.525990725,1787252354.525998592,command,0.0,0.0,0.0
1787252354.594134092,1787252354.594141006,state,0.0,0.0,0.0
1787252354.594191551,1787252354.593557596,state_stamped,0.0,0.0,0.0
1787252354.596015692,1787252354.596019268,command,0.0,0.0,0.0
1787252354.664177179,1787252354.664184093,state,0.0,0.0,0.0
1787252354.664239407,1787252354.663557291,state_stamped,0.0,0.0,0.0
1787252354.666123152,1787252354.666130543,command,0.0,0.0,0.0
1787252354.724218607,1787252354.724223137,state,0.0,0.0,0.0
1787252354.724316835,1787252354.723557949,state_stamped,0.0,0.0,0.0
1787252354.726027727,1787252354.726033449,command,0.0,0.0,0.0
1787252354.794088602,1787252354.794095755,state,0.0,0.0,0.0
1787252354.794147491,1787252354.793557644,state_stamped,0.0,0.0,0.0
1787252354.796034575,1787252354.796038389,command,0.0,0.0,0.0
1787252354.864203691,1787252354.863557577,state_stamped,0.0,0.0,0.0
1787252354.864252329,1787252354.864257336,state,0.0,0.0,0.0
1787252354.866165161,1787252354.866172314,command,0.0,0.0,0.0
1787252354.924306631,1787252354.924313545,state,0.0,0.0,0.0
1787252354.924357414,1787252354.923557520,state_stamped,0.0,0.0,0.0
1787252354.926195145,1787252354.926200867,command,0.0,0.0,0.0
1787252354.994218826,1787252354.994226217,state,0.0,0.0,0.0
1787252354.994264603,1787252354.993557453,state_stamped,0.0,0.0,0.0
1787252354.996314049,1787252354.996321678,command,0.0,0.0,0.0
1787252355.064161062,1787252355.064167738,state,0.0,0.0,0.0
1787252355.064202785,1787252355.063557863,state_stamped,0.0,0.0,0.0
1787252355.065994263,1787252355.065999269,command,0.0,0.0,0.0
1787252355.124229908,1787252355.124234438,state,0.0,0.0,0.0
1787252355.124264479,1787252355.123557806,state_stamped,0.0,0.0,0.0
1787252355.126090765,1787252355.126098633,command,0.0,0.0,0.0
1787252355.194167376,1787252355.193557501,state_stamped,0.0,0.0,0.0
1787252355.194277048,1787252355.194284916,state,0.0,0.0,0.0
1787252355.195873976,1787252355.195878983,command,0.0,0.0,0.0
1787252355.264204741,1787252355.263557673,state_stamped,0.0,0.0,0.0
1787252355.264264345,1787252355.264270067,state,0.0,0.0,0.0
1787252355.266149044,1787252355.266154051,command,0.0,0.0,0.0
1787252355.324275732,1787252355.323557615,state_stamped,0.0,0.0,0.0
1787252355.324325562,1787252355.324330807,state,0.0,0.0,0.0
1787252355.326222897,1787252355.326230526,command,0.0,0.0,0.0
1787252355.394179583,1787252355.393557549,state_stamped,0.0,0.0,0.0
1787252355.394241333,1787252355.394246340,state,0.0,0.0,0.0
1787252355.396057367,1787252355.396063089,command,0.0,0.0,0.0
1787252355.464195013,1787252355.463557720,state_stamped,0.0,0.0,0.0
1787252355.464236498,1787252355.464241743,state,0.0,0.0,0.0
1787252355.466213703,1787252355.466220856,command,0.0,0.0,0.0
1787252355.524247408,1787252355.523557663,state_stamped,0.0,0.0,0.0
1787252355.524293661,1787252355.524297953,state,0.0,0.0,0.0
1787252355.526189566,1787252355.526197672,command,0.0,0.0,0.0
1787252355.594147682,1787252355.593557358,state_stamped,0.0,0.0,0.0
1787252355.594186306,1787252355.594191313,state,0.0,0.0,0.0
1787252355.596046925,1787252355.596051931,command,0.0,0.0,0.0
1787252355.664221764,1787252355.663557768,state_stamped,0.0,0.0,0.0
1787252355.664252520,1787252355.664256811,state,0.0,0.0,0.0
1787252355.666012526,1787252355.666019678,command,0.0,0.0,0.0
1787252355.724193335,1787252355.723557949,state_stamped,0.0,0.0,0.0
1787252355.724229097,1787252355.724233389,state,0.0,0.0,0.0
1787252355.726018190,1787252355.726026058,command,0.0,0.0,0.0
1787252355.794143438,1787252355.793558121,state_stamped,0.0,0.0,0.0
1787252355.794174433,1787252355.794178247,state,0.0,0.0,0.0
1787252355.795870066,1787252355.795875072,command,0.0,0.0,0.0
1787252355.864226580,1787252355.863557577,state_stamped,0.0,0.0,0.0
1787252355.864264727,1787252355.864270449,state,0.0,0.0,0.0
1787252355.866184711,1787252355.866191864,command,0.0,0.0,0.0
1787252355.924197435,1787252355.923557997,state_stamped,0.0,0.0,0.0
1787252355.924281120,1787252355.924285889,state,0.0,0.0,0.0
1787252355.926046133,1787252355.926054239,command,0.0,0.0,0.0
1787252355.994213581,1787252355.993557930,state_stamped,0.0,0.0,0.0
1787252355.994251728,1787252355.994257927,state,0.0,0.0,0.0
1787252355.996136427,1787252355.996143579,command,0.0,0.0,0.0
1787252356.064244509,1787252356.063557625,state_stamped,0.0,0.0,0.0
1787252356.064290047,1787252356.064294577,state,0.0,0.0,0.0
1787252356.066228151,1787252356.066235304,command,0.0,0.0,0.0
1787252356.124190807,1787252356.124195337,state,0.0,0.0,0.0
1787252356.124247313,1787252356.123557806,state_stamped,0.0,0.0,0.0
1787252356.126261473,1787252356.126269102,command,0.0,0.0,0.0
1787252356.194097519,1787252356.194104433,state,0.0,0.0,0.0
1787252356.194162369,1787252356.193558216,state_stamped,0.0,0.0,0.0
1787252356.196841240,1787252356.196845770,command,0.0,0.0,0.0
1787252356.264251232,1787252356.263557911,state_stamped,0.0,0.0,0.0
1787252356.264319658,1787252356.264324427,state,0.0,0.0,0.0
1787252356.266360760,1787252356.266368628,command,0.0,0.0,0.0
1787252356.324229002,1787252356.323557615,state_stamped,0.0,0.0,0.0
1787252356.324285507,1787252356.324289799,state,0.0,0.0,0.0
1787252356.326106548,1787252356.326115131,command,0.0,0.0,0.0
1787252356.394189358,1787252356.393557549,state_stamped,0.0,0.0,0.0
1787252356.394234896,1787252356.394241095,state,0.0,0.0,0.0
1787252356.396157742,1787252356.396162271,command,0.0,0.0,0.0
1787252356.464190483,1787252356.464195251,state,0.0,0.0,0.0
1787252356.464248180,1787252356.463557720,state_stamped,0.0,0.0,0.0
1787252356.466246367,1787252356.466253281,command,0.0,0.0,0.0
1787252356.524240017,1787252356.523557901,state_stamped,0.0,0.0,0.0
1787252356.524280548,1787252356.524286032,state,0.0,0.0,0.0
1787252356.526186705,1787252356.526194096,command,0.0,0.0,0.0
1787252356.594201565,1787252356.593557596,state_stamped,0.0,0.0,0.0
1787252356.594269037,1787252356.594273567,state,0.0,0.0,0.0
1787252356.596104860,1787252356.596109867,command,0.0,0.0,0.0
1787252356.664263964,1787252356.663557529,state_stamped,0.0,0.0,0.0
1787252356.664332628,1787252356.664337397,state,0.0,0.0,0.0
1787252356.666353941,1787252356.666361570,command,0.0,0.0,0.0
1787252356.724241972,1787252356.723557949,state_stamped,0.0,0.0,0.0
1787252356.724283457,1787252356.724287748,state,0.0,0.0,0.0
1787252356.726235151,1787252356.726242542,command,0.0,0.0,0.0
1787252356.794057846,1787252356.793541670,state_stamped,0.0,0.0,0.0
1787252356.794101000,1787252356.794105768,state,0.0,0.0,0.0
1787252356.796058893,1787252356.796063423,command,0.0,0.0,0.0
1787252356.864229441,1787252356.864233971,state,0.0,0.0,0.0
1787252356.864291668,1787252356.863557816,state_stamped,0.0,0.0,0.0
1787252356.866219282,1787252356.866227388,command,0.0,0.0,0.0
1787252356.924336433,1787252356.923557520,state_stamped,0.0,0.0,0.0
1787252356.924398184,1787252356.924402952,state,0.0,0.0,0.0
1787252356.926245928,1787252356.926253796,command,0.0,0.0,0.0
1787252356.994078398,1787252356.993557930,state_stamped,0.0,0.0,0.0
1787252356.994118690,1787252356.994124174,state,0.0,0.0,0.0
1787252356.996227264,1787252356.996234894,command,0.0,0.0,0.0
1787252357.064226627,1787252357.064231396,state,0.0,0.0,0.0
1787252357.064291239,1787252357.063557386,state_stamped,0.0,0.0,0.0
1787252357.066275597,1787252357.066282988,command,0.0,0.0,0.0
1787252357.124184608,1787252357.123557568,state_stamped,0.0,0.0,0.0
1787252357.124215603,1787252357.124220848,state,0.0,0.0,0.0
1787252357.126186848,1787252357.126194239,command,0.0,0.0,0.0
1787252357.194165707,1787252357.194170475,state,0.0,0.0,0.0
1787252357.194239140,1787252357.193557739,state_stamped,0.0,0.0,0.0
1787252357.195883512,1787252357.195888281,command,0.0,0.0,0.0
1787252357.264242172,1787252357.264246941,state,0.0,0.0,0.0
1787252357.264304399,1787252357.263557434,state_stamped,0.0,0.0,0.0
1787252357.266054392,1787252357.266062021,command,0.0,0.0,0.0
1787252357.324210644,1787252357.323557615,state_stamped,0.0,0.0,0.0
1787252357.324242830,1787252357.324247837,state,0.0,0.0,0.0
1787252357.325996399,1787252357.326004505,command,0.0,0.0,0.0
1787252357.394160032,1787252357.394165754,state,0.0,0.0,0.0
1787252357.394219875,1787252357.393557549,state_stamped,0.0,0.0,0.0
1787252357.396050692,1787252357.396058559,command,0.0,0.0,0.0
1787252357.464235067,1787252357.464239597,state,0.0,0.0,0.0
1787252357.464315176,1787252357.463566065,state_stamped,0.0,0.0,0.0
1787252357.466243029,1787252357.466250658,command,0.0,0.0,0.0
1787252357.524221182,1787252357.524225473,state,0.0,0.0,0.0
1787252357.524272442,1787252357.523557663,state_stamped,0.0,0.0,0.0
1787252357.526202917,1787252357.526210308,command,0.0,0.0,0.0
1787252357.594156504,1787252357.594161510,state,0.0,0.0,0.0
1787252357.594213009,1787252357.593557835,state_stamped,0.0,0.0,0.0
1787252357.595856905,1787252357.595864296,command,0.0,0.0,0.0
1787252357.664209366,1787252357.663557529,state_stamped,0.0,0.0,0.0
1787252357.664246798,1787252357.664251089,state,0.0,0.0,0.0
1787252357.666166306,1787252357.666174412,command,0.0,0.0,0.0
1787252357.724261045,1787252357.723557472,state_stamped,0.0,0.0,0.0
1787252357.724320412,1787252357.724325418,state,0.0,0.0,0.0
1787252357.726197481,1787252357.726203203,command,0.0,0.0,0.0
1787252357.793969870,1787252357.793557644,state_stamped,0.0,0.0,0.0
1787252357.794051170,1787252357.794055939,state,0.0,0.0,0.0
1787252357.795657635,1787252357.795663357,command,0.0,0.0,0.0
1787252357.864156961,1787252357.864161491,state,0.0,0.0,0.0
1787252357.864204884,1787252357.863558054,state_stamped,0.0,0.0,0.0
1787252357.865880013,1787252357.865885973,command,0.0,0.0,0.0
1787252357.924059629,1787252357.923557758,state_stamped,0.0,0.0,0.0
1787252357.924139023,1787252357.924143791,state,0.0,0.0,0.0
1787252357.925809383,1787252357.925818205,command,0.0,0.0,0.0
1787252357.994099140,1787252357.993557453,state_stamped,0.0,0.0,0.0
1787252357.994134188,1787252357.994139194,state,0.0,0.0,0.0
1787252357.996032238,1787252357.996042013,command,0.0,0.0,0.0
1787252358.064206600,1787252358.063557863,state_stamped,0.0,0.0,0.0
1787252358.064294338,1787252358.064299822,state,0.0,0.0,0.0
1787252358.065979719,1787252358.065988064,command,0.0,0.0,0.0
1787252358.124282360,1787252358.123557568,state_stamped,0.0,0.0,0.0
1787252358.124320745,1787252358.124325275,state,0.0,0.0,0.0
1787252358.126214504,1787252358.126223087,command,0.0,0.0,0.0
1787252358.193967342,1787252358.193973303,state,0.0,0.0,0.0
1787252358.194016457,1787252358.193557978,state_stamped,0.0,0.0,0.0
1787252358.196613550,1787252358.196619749,command,0.0,0.0,0.0
1787252358.264053345,1787252358.263557673,state_stamped,0.0,0.0,0.0
1787252358.264082670,1787252358.264087915,state,0.0,0.0,0.0
1787252358.265919447,1787252358.265927076,command,0.0,0.0,0.0
1787252358.324113369,1787252358.323557615,state_stamped,0.0,0.0,0.0
1787252358.324140549,1787252358.324145079,state,0.0,0.0,0.0
1787252358.325944901,1787252358.325953722,command,0.0,0.0,0.0
1787252358.394073009,1787252358.393557787,state_stamped,0.0,0.0,0.0
1787252358.394099236,1787252358.394103765,state,0.0,0.0,0.0
1787252358.395842075,1787252358.395848989,command,0.0,0.0,0.0
1787252358.464236736,1787252358.463557720,state_stamped,0.0,0.0,0.0
1787252358.464275122,1787252358.464279890,state,0.0,0.0,0.0
1787252358.466048717,1787252358.466058016,command,0.0,0.0,0.0
1787252358.524046183,1787252358.523557901,state_stamped,0.0,0.0,0.0
1787252358.524073839,1787252358.524078608,state,0.0,0.0,0.0
1787252358.525841236,1787252358.525848866,command,0.0,0.0,0.0
1787252358.593967199,1787252358.593557596,state_stamped,0.0,0.0,0.0
1787252358.593994379,1787252358.593999386,state,0.0,0.0,0.0
1787252358.595675230,1787252358.595683098,command,0.0,0.0,0.0
1787252358.664020061,1787252358.663557768,state_stamped,0.0,0.0,0.0
1787252358.664042234,1787252358.664045572,state,0.0,0.0,0.0
1787252358.665824175,1787252358.665832281,command,0.0,0.0,0.0
1787252358.724012613,1787252358.723557711,state_stamped,0.0,0.0,0.0
1787252358.724032164,1787252358.724035740,state,0.0,0.0,0.0
1787252358.725819588,1787252358.725825071,command,0.0,0.0,0.0
1787252358.794053555,1787252358.793557882,state_stamped,0.0,0.0,0.0
1787252358.794079542,1787252358.794084311,state,0.0,0.0,0.0
1787252358.795768499,1787252358.795773268,command,0.0,0.0,0.0
1787252358.864046097,1787252358.863557816,state_stamped,0.0,0.0,0.0
1787252358.864076614,1787252358.864080191,state,0.0,0.0,0.0
1787252358.865833998,1787252358.865841627,command,0.0,0.0,0.0
1787252358.924165964,1787252358.923557520,state_stamped,0.0,0.0,0.0
1787252358.924204588,1787252358.924209118,state,0.0,0.0,0.0
1787252358.925893545,1787252358.925901175,command,0.0,0.0,0.0
1787252358.994169235,1787252358.993557692,state_stamped,0.0,0.0,0.0
1787252358.994202137,1787252358.994207859,state,0.0,0.0,0.0
1787252358.996115208,1787252358.996123552,command,0.0,0.0,0.0
1787252359.064212561,1787252359.063557625,state_stamped,0.0,0.0,0.0
1787252359.064251423,1787252359.064256191,state,0.0,0.0,0.0
1787252359.065962553,1787252359.065970182,command,0.0,0.0,0.0
1787252359.124214888,1787252359.123557568,state_stamped,0.0,0.0,0.0
1787252359.124253511,1787252359.124258518,state,0.0,0.0,0.0
1787252359.125977755,1787252359.125986338,command,0.0,0.0,0.0
1787252359.194126129,1787252359.193557739,state_stamped,0.0,0.0,0.0
1787252359.194166899,1787252359.194171667,state,0.0,0.0,0.0
1787252359.195855141,1787252359.195860147,command,0.0,0.0,0.0
1787252359.264062643,1787252359.263557434,state_stamped,0.0,0.0,0.0
1787252359.264087915,1787252359.264091253,state,0.0,0.0,0.0
1787252359.265859842,1787252359.265867233,command,0.0,0.0,0.0
1787252359.324141502,1787252359.323557615,state_stamped,0.0,0.0,0.0
1787252359.324220657,1787252359.324225426,state,0.0,0.0,0.0
1787252359.325930834,1787252359.325938702,command,0.0,0.0,0.0
1787252359.394141674,1787252359.393569469,state_stamped,0.0,0.0,0.0
1787252359.394187450,1787252359.394191504,state,0.0,0.0,0.0
1787252359.395853758,1787252359.395858526,command,0.0,0.0,0.0
1787252359.454178095,1787252359.453557491,state_stamped,0.0,0.0,0.0
1787252359.454259872,1787252359.454265118,state,0.0,0.0,0.0
1787252359.455894709,1787252359.455902100,command,0.0,0.0,0.0
1787252359.524156332,1787252359.524161339,state,0.0,0.0,0.0
1787252359.524200678,1787252359.523557901,state_stamped,0.0,0.0,0.0
1787252359.525909662,1787252359.525915384,command,0.0,0.0,0.0
1787252359.594120979,1787252359.593557596,state_stamped,0.0,0.0,0.0
1787252359.594154835,1787252359.594158411,state,0.0,0.0,0.0
1787252359.595759869,1787252359.595764875,command,0.0,0.0,0.0
1787252359.664240837,1787252359.663557529,state_stamped,0.0,0.0,0.0
1787252359.664279699,1787252359.664284706,state,0.0,0.0,0.0
1787252359.665937185,1787252359.665945053,command,0.0,0.0,0.0
1787252359.724236012,1787252359.723557711,state_stamped,0.0,0.0,0.0
1787252359.724273920,1787252359.724279642,state,0.0,0.0,0.0
1787252359.725981236,1787252359.725990057,command,0.0,0.0,0.0
1787252359.794110537,1787252359.793557882,state_stamped,0.0,0.0,0.0
1787252359.794198036,1787252359.794203758,state,0.0,0.0,0.0
1787252359.795794487,1787252359.795797825,command,0.0,0.0,0.0
1787252359.854169130,1787252359.853558064,state_stamped,0.0,0.0,0.0
1787252359.854248524,1787252359.854253054,state,0.0,0.0,0.0
1787252359.855827570,1787252359.855831861,command,0.0,0.0,0.0
1787252359.924169302,1787252359.923557520,state_stamped,0.0,0.0,0.0
1787252359.924253702,1787252359.924258709,state,0.0,0.0,0.0
1787252359.925928116,1787252359.925930738,command,0.0,0.0,0.0
1787252359.994169950,1787252359.993557453,state_stamped,0.0,0.0,0.0
1787252359.994203091,1787252359.994209528,state,0.0,0.0,0.0
1787252359.996047020,1787252359.996051550,command,0.0,0.0,0.0
1787252360.064146280,1787252360.063557625,state_stamped,0.0,0.0,0.0
1787252360.064176798,1787252360.064181566,state,0.0,0.0,0.0
1787252360.065910578,1787252360.065914869,command,0.0,0.0,0.0
1787252360.124165535,1787252360.123557806,state_stamped,0.0,0.0,0.0
1787252360.124196768,1787252360.124201775,state,0.0,0.0,0.0
1787252360.125963688,1787252360.125966072,command,0.0,0.0,0.0
1787252360.194060087,1787252360.194067717,state,0.0,0.0,0.0
1787252360.194123745,1787252360.193557501,state_stamped,0.0,0.0,0.0
1787252360.196690798,1787252360.196696997,command,0.0,0.0,0.0
1787252360.264140368,1787252360.263557673,state_stamped,0.0,0.0,0.0
1787252360.264243603,1787252360.264249086,state,0.0,0.0,0.0
1787252360.266024113,1787252360.266029596,command,0.0,0.0,0.0
1787252360.324178219,1787252360.323557615,state_stamped,0.0,0.0,0.0
1787252360.324208736,1787252360.324213266,state,0.0,0.0,0.0
1787252360.326000690,1787252360.326006174,command,0.0,0.0,0.0
1787252360.394120693,1787252360.393557549,state_stamped,0.0,0.0,0.0
1787252360.394150257,1787252360.394154787,state,0.0,0.0,0.0
1787252360.395854473,1787252360.395859241,command,0.0,0.0,0.0
1787252360.464247465,1787252360.463557959,state_stamped,0.0,0.0,0.0
1787252360.464287519,1787252360.464292526,state,0.0,0.0,0.0
1787252360.466030121,1787252360.466034651,command,0.0,0.0,0.0
