wall_time_s,ros_time_s,kind,pitch_rad,yaw_rad,z
1787250991.600966215,1787250991.600417376,state_stamped,0.0,0.0,0.0
1787250991.601071835,1787250991.601079464,state,0.0,0.0,0.0
1787250991.611784697,1787250991.611790657,command,0.0004899643827229738,0.11547931283712387,0.0
1787250991.661052465,1787250991.661058187,state,0.00011760213965317234,0.027717553079128265,0.0
1787250991.661104918,1787250991.660422802,state_stamped,0.00011760213965317234,0.027717553079128265,0.0
1787250991.663319588,1787250991.663322687,command,-0.001229377230629325,0.1044340506196022,0.0
1787250991.731017828,1787250991.731023312,state,-0.0002595305850263685,0.04919694736599922,0.0
1787250991.731066942,1787250991.730418921,state_stamped,-0.0002595305850263685,0.04919694736599922,0.0
1787250991.733308315,1787250991.733311415,command,-0.05839509889483452,0.09693067520856857,0.0
1787250991.801134348,1787250991.801142216,state,-0.016537141054868698,0.06256210803985596,0.0
1787250991.801194906,1787250991.800417423,state_stamped,-0.016537141054868698,0.06256210803985596,0.0
1787250991.803279400,1787250991.803285599,command,-0.13749971985816956,0.06717921793460846,0.0
1787250991.861106396,1787250991.861114979,state,-0.04556810110807419,0.06367021054029465,0.0
1787250991.861167908,1787250991.860417366,state_stamped,-0.04556810110807419,0.06367021054029465,0.0
1787250991.863174915,1787250991.863183498,command,-0.1907912790775299,0.058288007974624634,0.0
1787250991.931109905,1787250991.930456400,state_stamped,-0.08625329285860062,0.06216235086321831,0.0
1787250991.931205750,1787250991.931215763,state,-0.08625329285860062,0.06216235086321831,0.0
1787250991.940961123,1787250991.940969467,command,-0.2507292330265045,0.05591461434960365,0.0
1787250992.001149416,1787250992.001157522,state,-0.13228730857372284,0.06041371449828148,0.0
1787250992.001212835,1787250992.000427008,state_stamped,-0.13228730857372284,0.06041371449828148,0.0
1787250992.003374100,1787250992.003380060,command,-0.2917075455188751,0.05778224766254425,0.0
1787250992.061121702,1787250992.061130285,state,-0.1705418825149536,0.05978226661682129,0.0
1787250992.061199427,1787250992.060417175,state_stamped,-0.1705418825149536,0.05978226661682129,0.0
1787250992.062918901,1787250992.062924623,command,-0.31061363220214844,0.04754171520471573,0.0
1787250992.131045341,1787250992.130417585,state_stamped,-0.20976221561431885,0.05635489150881767,0.0
1787250992.131082296,1787250992.131090641,state,-0.20976221561431885,0.05635489150881767,0.0
1787250992.133201599,1787250992.133209944,command,-0.32084378600120544,0.030862703919410706,0.0
1787250992.201124668,1787250992.200417757,state_stamped,-0.2408650815486908,0.04921707138419151,0.0
1787250992.201165199,1787250992.201173544,state,-0.2408650815486908,0.04921707138419151,0.0
1787250992.203197718,1787250992.203204870,command,-0.3151889443397522,0.017566774040460587,0.0
1787250992.261131525,1787250992.261137486,state,-0.25870281457901,0.041620999574661255,0.0
1787250992.261169672,1787250992.260417700,state_stamped,-0.25870281457901,0.041620999574661255,0.0
1787250992.263297558,1787250992.263300657,command,-0.30290529131889343,0.009000823833048344,0.0
1787250992.330884457,1787250992.330889702,state,-0.2710797190666199,0.03248719498515129,0.0
1787250992.330925465,1787250992.330418825,state_stamped,-0.2710797190666199,0.03248719498515129,0.0
1787250992.333006620,1787250992.333009720,command,-0.2869189381599426,0.0036653438583016396,0.0
1787250992.401022911,1787250992.401030540,state,-0.27551522850990295,0.024416107684373856,0.0
1787250992.401070833,1787250992.400427341,state_stamped,-0.27551522850990295,0.024416107684373856,0.0
1787250992.403667688,1787250992.403673410,command,-0.27935850620269775,-0.004183648619800806,0.0
1787250992.461079836,1787250992.460417986,state_stamped,-0.2764374613761902,0.017553243786096573,0.0
1787250992.461113930,1787250992.461122274,state,-0.2764374613761902,0.017553243786096573,0.0
1787250992.463329554,1787250992.463335752,command,-0.2813366651535034,-0.005038841161876917,0.0
1787250992.531062365,1787250992.531068087,state,-0.2778092324733734,0.011227501556277275,0.0
1787250992.531111240,1787250992.530417442,state_stamped,-0.2778092324733734,0.011227501556277275,0.0
1787250992.533173084,1787250992.533176422,command,-0.2976100742816925,-0.0067830076441168785,0.0
1787250992.601113081,1787250992.601118803,state,-0.28335344791412354,0.006184569094330072,0.0
1787250992.601163149,1787250992.600417376,state_stamped,-0.28335344791412354,0.006184569094330072,0.0
1787250992.602952957,1787250992.602958441,command,-0.3122676610946655,-0.0009654552559368312,0.0
1787250992.661116600,1787250992.661124468,state,-0.2902928590774536,0.004468564409762621,0.0
1787250992.661216736,1787250992.660417318,state_stamped,-0.2902928590774536,0.004468564409762621,0.0
1787250992.662887573,1787250992.662893295,command,-0.3193162977695465,-0.000563387235160917,0.0
1787250992.731059551,1787250992.731067896,state,-0.2984194755554199,0.0030596069991588593,0.0
1787250992.731134653,1787250992.730417728,state_stamped,-0.2984194755554199,0.0030596069991588593,0.0
1787250992.732876539,1787250992.732882023,command,-0.3240935206413269,-0.0020523639395833015,0.0
1787250992.801123619,1787250992.801131725,state,-0.30560874938964844,0.0016281461575999856,0.0
1787250992.801223278,1787250992.800423145,state_stamped,-0.30560874938964844,0.0016281461575999856,0.0
1787250992.802911282,1787250992.802919865,command,-0.32050803303718567,0.0017562946304678917,0.0
1787250992.861123562,1787250992.861131430,state,-0.3091842532157898,0.0016588990110903978,0.0
1787250992.861186981,1787250992.860417843,state_stamped,-0.3091842532157898,0.0016588990110903978,0.0
1787250992.863221407,1787250992.863227606,command,-0.31366270780563354,0.0066995578818023205,0.0
1787250992.931063414,1787250992.931071281,state,-0.3104383945465088,0.0030704664532095194,0.0
1787250992.931139946,1787250992.930426836,state_stamped,-0.3104383945465088,0.0030704664532095194,0.0
1787250992.933150768,1787250992.933156252,command,-0.3008366525173187,0.011760291643440723,0.0
1787250993.001250982,1787250993.000417471,state_stamped,-0.30775028467178345,0.005503288470208645,0.0
1787250993.001297235,1787250993.001306057,state,-0.30775028467178345,0.005503288470208645,0.0
1787250993.003493547,1787250993.003501892,command,-0.282002329826355,0.01507464237511158,0.0
1787250993.061218262,1787250993.060417891,state_stamped,-0.30157071352005005,0.007800432853400707,0.0
1787250993.061261654,1787250993.061269760,state,-0.30157071352005005,0.007800432853400707,0.0
1787250993.063355684,1787250993.063361168,command,-0.265783429145813,0.014401177875697613,0.0
1787250993.131176472,1787250993.131186962,state,-0.2915503978729248,0.009648621082305908,0.0
1787250993.131239653,1787250993.130417109,state_stamped,-0.2915503978729248,0.009648621082305908,0.0
1787250993.133208752,1787250993.133215666,command,-0.24106143414974213,0.006346515379846096,0.0
1787250993.191297054,1787250993.191305399,state,-0.27943024039268494,0.008855932392179966,0.0
1787250993.191356182,1787250993.190431118,state_stamped,-0.27943024039268494,0.008855932392179966,0.0
1787250993.193268776,1787250993.193274736,command,-0.22255875170230865,-0.00022368603094946593,0.0
1787250993.261203051,1787250993.260417461,state_stamped,-0.2635093331336975,0.006314133293926716,0.0
1787250993.261290312,1787250993.261298656,state,-0.2635093331336975,0.006314133293926716,0.0
1787250993.263311863,1787250993.263319969,command,-0.1993132382631302,0.00034741376293823123,0.0
1787250993.331139326,1787250993.330417633,state_stamped,-0.24553439021110535,0.004643448628485203,0.0
1787250993.331180096,1787250993.331188440,state,-0.24553439021110535,0.004643448628485203,0.0
1787250993.333194494,1787250993.333204985,command,-0.1728792041540146,-0.0017075269715860486,0.0
1787250993.401253223,1787250993.400417328,state_stamped,-0.22519101202487946,0.0028651822358369827,0.0
1787250993.401303053,1787250993.401311398,state,-0.22519101202487946,0.0028651822358369827,0.0
1787250993.403223276,1787250993.403231144,command,-0.1464756429195404,-0.00025201981770806015,0.0
1787250993.461209774,1787250993.460417509,state_stamped,-0.206299290060997,0.002117052674293518,0.0
1787250993.461293459,1787250993.461301804,state,-0.206299290060997,0.002117052674293518,0.0
1787250993.463225842,1787250993.463231325,command,-0.11383115500211716,-0.01958785206079483,0.0
1787250993.531167984,1787250993.530417204,state_stamped,-0.1804082989692688,-0.0039603011682629585,0.0
1787250993.531219244,1787250993.531227827,state,-0.1804082989692688,-0.0039603011682629585,0.0
1787250993.533100605,1787250993.533105850,command,-0.06421409547328949,-0.04041287675499916,0.0
1787250993.601183176,1787250993.601190805,state,-0.14787350594997406,-0.01416715420782566,0.0
1787250993.601243734,1787250993.600418091,state_stamped,-0.14787350594997406,-0.01416715420782566,0.0
1787250993.603002310,1787250993.603010654,command,-0.0008374638855457306,0.0009528624941594899,0.0
1787250993.661160469,1787250993.660428286,state_stamped,-0.11257883906364441,-0.010537732392549515,0.0
1787250993.661198139,1787250993.661206722,state,-0.11257883906364441,-0.010537732392549515,0.0
1787250993.662986517,1787250993.662994623,command,0.07233875244855881,-0.011379477567970753,0.0
1787250993.731067896,1787250993.730417967,state_stamped,-0.060809578746557236,-0.010773385874927044,0.0
1787250993.731103420,1787250993.731113672,state,-0.060809578746557236,-0.010773385874927044,0.0
1787250993.732820511,1787250993.732824802,command,0.14886417984962463,0.0021069832146167755,0.0
1787250993.801233053,1787250993.801239014,state,-0.0021013766527175903,-0.007166909985244274,0.0
1787250993.801278114,1787250993.800417423,state_stamped,-0.0021013766527175903,-0.007166909985244274,0.0
1787250993.803241014,1787250993.803246498,command,0.21504521369934082,0.008637645281851292,0.0
1787250993.861011505,1787250993.861016750,state,0.05002230033278465,-0.0033731984440237284,0.0
1787250993.861068726,1787250993.860427141,state_stamped,0.05002230033278465,-0.0033731984440237284,0.0
1787250993.863056183,1787250993.863059282,command,0.26049500703811646,0.01664026267826557,0.0
1787250993.931124687,1787250993.931132555,state,0.10894668102264404,0.002229811856523156,0.0
1787250993.931188822,1787250993.930417776,state_stamped,0.10894668102264404,0.002229811856523156,0.0
1787250993.933166027,1787250993.933168888,command,0.2958073616027832,0.05642860755324364,0.0
1787250993.991302729,1787250993.990456104,state_stamped,0.1538219004869461,0.015245834365487099,0.0
1787250993.991353750,1787250993.991363764,state,0.1538219004869461,0.015245834365487099,0.0
1787250993.993598461,1787250993.993603945,command,0.31748324632644653,0.06348028033971786,0.0
1787250994.061158419,1787250994.060417891,state_stamped,0.19962213933467865,0.028744129464030266,0.0
1787250994.061245680,1787250994.061253786,state,0.19962213933467865,0.028744129464030266,0.0
1787250994.063029766,1787250994.063035727,command,0.34098443388938904,0.0857657864689827,0.0
1787250994.131085634,1787250994.130417585,state_stamped,0.2392033487558365,0.04471009969711304,0.0
1787250994.131127834,1787250994.131135941,state,0.2392033487558365,0.04471009969711304,0.0
1787250994.132985353,1787250994.132991314,command,0.3444911539554596,0.06859764456748962,0.0
1787250994.200987339,1787250994.200417757,state_stamped,0.2686840295791626,0.051398634910583496,0.0
1787250994.201044083,1787250994.201052427,state,0.2686840295791626,0.051398634910583496,0.0
1787250994.203176022,1787250994.203184366,command,0.3513011038303375,0.09965150058269501,0.0
1787250994.260984182,1787250994.260417700,state_stamped,0.28851208090782166,0.06297928839921951,0.0
1787250994.261041880,1787250994.261050463,state,0.28851208090782166,0.06297928839921951,0.0
1787250994.262836456,1787250994.262842178,command,0.3571486473083496,0.08932291716337204,0.0
1787250994.330933809,1787250994.330426931,state_stamped,0.3077329099178314,0.07035649567842484,0.0
1787250994.330996037,1787250994.331004143,state,0.3077329099178314,0.07035649567842484,0.0
1787250994.332776546,1787250994.332782269,command,0.3450181186199188,0.10369059443473816,0.0
1787250994.400935650,1787250994.400418043,state_stamped,0.3181714415550232,0.07968885451555252,0.0
1787250994.400999784,1787250994.401009083,state,0.3181714415550232,0.07968885451555252,0.0
1787250994.403261900,1787250994.403270721,command,0.30627697706222534,0.3561769127845764,0.0
1787250994.460902691,1787250994.460417747,state_stamped,0.3153167963027954,0.14604559540748596,0.0
1787250994.460942745,1787250994.460951328,state,0.3153167963027954,0.14604559540748596,0.0
1787250994.463056087,1787250994.463059425,command,0.3005094528198242,0.38940444588661194,0.0
1787250994.530938387,1787250994.530418396,state_stamped,0.31117069721221924,0.21418669819831848,0.0
1787250994.530994415,1787250994.531002998,state,0.31117069721221924,0.21418669819831848,0.0
1787250994.532788277,1787250994.532794476,command,0.2846466898918152,0.38781601190567017,0.0
1787250994.600943804,1787250994.600417614,state_stamped,0.30374404788017273,0.26280245184898376,0.0
1787250994.601036072,1787250994.601044416,state,0.30374404788017273,0.26280245184898376,0.0
1787250994.602740526,1787250994.602746010,command,0.26343733072280884,0.3869110643863678,0.0
1787250994.661118746,1787250994.660418510,state_stamped,0.294070303440094,0.2925889492034912,0.0
1787250994.661168337,1787250994.661176920,state,0.294070303440094,0.2925889492034912,0.0
1787250994.663169384,1787250994.663177252,command,0.24448305368423462,0.3800565004348755,0.0
1787250994.730931520,1787250994.730417728,state_stamped,0.2801860272884369,0.3170795738697052,0.0
1787250994.730986834,1787250994.730994940,state,0.2801860272884369,0.3170795738697052,0.0
1787250994.732693672,1787250994.732699871,command,0.22247159481048584,0.3753880262374878,0.0
1787250994.800983667,1787250994.800992489,state,0.2640259861946106,0.3334059417247772,0.0
1787250994.801039457,1787250994.800417662,state_stamped,0.2640259861946106,0.3334059417247772,0.0
1787250994.802733660,1787250994.802739620,command,0.20026248693466187,0.36455172300338745,0.0
1787250994.860956669,1787250994.860417366,state_stamped,0.2487228363752365,0.3408808708190918,0.0
1787250994.860995531,1787250994.861004353,state,0.2487228363752365,0.3408808708190918,0.0
1787250994.862719297,1787250994.862727165,command,0.18306224048137665,0.35179880261421204,0.0
1787250994.930886745,1787250994.930417538,state_stamped,0.23033784329891205,0.3439379036426544,0.0
1787250994.930960894,1787250994.930969238,state,0.23033784329891205,0.3439379036426544,0.0
1787250994.932706356,1787250994.932716131,command,0.16091984510421753,0.3452965021133423,0.0
1787250995.000932932,1787250995.000941753,state,0.2109006941318512,0.34431830048561096,0.0
1787250995.001003504,1787250995.000417948,state_stamped,0.2109006941318512,0.34431830048561096,0.0
1787250995.002916336,1787250995.002919912,command,0.14386221766471863,0.32413917779922485,0.0
1787250995.060992718,1787250995.060417652,state_stamped,0.19481150805950165,0.3394753336906433,0.0
1787250995.061056852,1787250995.061065435,state,0.19481150805950165,0.3394753336906433,0.0
1787250995.062802076,1787250995.062807798,command,0.127163365483284,0.31658434867858887,0.0
1787250995.130916834,1787250995.130925655,state,0.17586751282215118,0.333065003156662,0.0
1787250995.130995989,1787250995.130426884,state_stamped,0.17586751282215118,0.333065003156662,0.0
1787250995.132727385,1787250995.132734299,command,0.11084287613630295,0.3005366325378418,0.0
1787250995.200978994,1787250995.200417519,state_stamped,0.157663032412529,0.32395827770233154,0.0
1787250995.201034069,1787250995.201042414,state,0.157663032412529,0.32395827770233154,0.0
1787250995.202766418,1787250995.202771902,command,0.09828365594148636,0.2830439805984497,0.0
1787250995.260939121,1787250995.260947227,state,0.1434120535850525,0.31413888931274414,0.0
1787250995.261008739,1787250995.260417223,state_stamped,0.1434120535850525,0.31413888931274414,0.0
1787250995.262717009,1787250995.262722015,command,0.08502291142940521,0.27643561363220215,0.0
1787250995.331072807,1787250995.331080198,state,0.1270630657672882,0.30358195304870605,0.0
1787250995.331138611,1787250995.330417395,state_stamped,0.1270630657672882,0.30358195304870605,0.0
1787250995.333148718,1787250995.333153963,command,0.06952975690364838,0.2422274351119995,0.0
1787250995.400956154,1787250995.400417328,state_stamped,0.11095374822616577,0.28640270233154297,0.0
1787250995.401011229,1787250995.401019573,state,0.11095374822616577,0.28640270233154297,0.0
1787250995.402736187,1787250995.402741671,command,0.056282639503479004,0.17478029429912567,0.0
1787250995.460949183,1787250995.460957766,state,0.09783272445201874,0.25961342453956604,0.0
1787250995.461026192,1787250995.460417032,state_stamped,0.09783272445201874,0.25961342453956604,0.0
1787250995.462755442,1787250995.462760210,command,0.0366615355014801,-0.03197798132896423,0.0
1787250995.531119347,1787250995.530429363,state_stamped,0.0807017907500267,0.17795351147651672,0.0
1787250995.531176090,1787250995.531184912,state,0.0807017907500267,0.17795351147651672,0.0
1787250995.533205986,1787250995.533211708,command,0.03235071152448654,-0.09518560767173767,0.0
1787250995.601035118,1787250995.601040602,state,0.06716583669185638,0.10148780792951584,0.0
1787250995.601090193,1787250995.600417376,state_stamped,0.06716583669185638,0.10148780792951584,0.0
1787250995.602935076,1787250995.602940321,command,0.021944787353277206,-0.1698523759841919,0.0
1787250995.661140919,1787250995.661146879,state,0.05631101131439209,0.03635552525520325,0.0
1787250995.661201715,1787250995.660427094,state_stamped,0.05631101131439209,0.03635552525520325,0.0
1787250995.663193941,1787250995.663199186,command,0.006110391579568386,-0.20512935519218445,0.0
1787250995.730966806,1787250995.730972528,state,0.04225670173764229,-0.03125128149986267,0.0
1787250995.731066465,1787250995.730417728,state_stamped,0.04225670173764229,-0.03125128149986267,0.0
1787250995.732839108,1787250995.732845068,command,-0.006966894492506981,-0.2077825665473938,0.0
1787250995.801021814,1787250995.800417423,state_stamped,0.028474174439907074,-0.0806797593832016,0.0
1787250995.801060915,1787250995.801069260,state,0.028474174439907074,-0.0806797593832016,0.0
1787250995.802857399,1787250995.802860737,command,0.0010887968819588423,-0.16934368014335632,0.0
1787250995.861084223,1787250995.860417604,state_stamped,0.02190166339278221,-0.10195916891098022,0.0
1787250995.861178637,1787250995.861186981,state,0.02190166339278221,-0.10195916891098022,0.0
1787250995.863174915,1787250995.863178015,command,0.004997629672288895,-0.12697646021842957,0.0
1787250995.931090355,1787250995.930417776,state_stamped,0.017168521881103516,-0.10896402597427368,0.0
1787250995.931149006,1787250995.931157351,state,0.017168521881103516,-0.10896402597427368,0.0
1787250995.932921410,1787250995.932926416,command,0.009798952378332615,-0.04324426129460335,0.0
1787250996.000952721,1787250996.000418663,state_stamped,0.015105019323527813,-0.09056228399276733,0.0
1787250996.001010656,1787250996.001020432,state,0.015105019323527813,-0.09056228399276733,0.0
1787250996.003473997,1787250996.003479719,command,0.01918390765786171,0.008258453570306301,0.0
1787250996.060996056,1787250996.060426950,state_stamped,0.0160840917378664,-0.06684194505214691,0.0
1787250996.061048746,1787250996.061055183,state,0.0160840917378664,-0.06684194505214691,0.0
1787250996.062797070,1787250996.062802076,command,0.03609997034072876,0.18106505274772644,0.0
1787250996.131030798,1787250996.130418062,state_stamped,0.021687818691134453,0.002563104033470154,0.0
1787250996.131135702,1787250996.131144047,state,0.021687818691134453,0.002563104033470154,0.0
1787250996.132920504,1787250996.132926226,command,0.040747806429862976,0.2804308533668518,0.0
1787250996.200911045,1787250996.200417519,state_stamped,0.027024565264582634,0.08036532998085022,0.0
1787250996.200957775,1787250996.200966358,state,0.027024565264582634,0.08036532998085022,0.0
1787250996.202785254,1787250996.202790737,command,0.03047807328402996,0.3585757613182068,0.0
1787250996.260982275,1787250996.260417223,state_stamped,0.027853405103087425,0.14713558554649353,0.0
1787250996.261031389,1787250996.261036396,state,0.027853405103087425,0.14713558554649353,0.0
1787250996.262733459,1787250996.262738228,command,0.015470001846551895,0.4431845247745514,0.0
1787250996.330878258,1787250996.330424786,state_stamped,0.02438567392528057,0.2300383448600769,0.0
1787250996.330965281,1787250996.330973625,state,0.02438567392528057,0.2300383448600769,0.0
1787250996.332733154,1787250996.332739115,command,0.006505083758383989,0.5049445033073425,0.0
1787250996.401004791,1787250996.400433064,state_stamped,0.019378526136279106,0.30702102184295654,0.0
1787250996.401061058,1787250996.401069403,state,0.019378526136279106,0.30702102184295654,0.0
1787250996.402766943,1787250996.402769804,command,-0.005099019035696983,0.5713448524475098,0.0
1787250996.460918665,1787250996.460927248,state,0.013505447655916214,0.3704421818256378,0.0
1787250996.460988760,1787250996.460417271,state_stamped,0.013505447655916214,0.3704421818256378,0.0
1787250996.464011192,1787250996.464015007,command,-0.02064143680036068,0.6177622675895691,0.0
1787250996.531084061,1787250996.530417681,state_stamped,0.003944278694689274,0.43969210982322693,0.0
1787250996.531130075,1787250996.531139612,state,0.003944278694689274,0.43969210982322693,0.0
1787250996.532999992,1787250996.533003330,command,-0.016441885381937027,0.6499077677726746,0.0
1787250996.601105690,1787250996.600417376,state_stamped,-0.0017638164572417736,0.4985521733760834,0.0
1787250996.601194382,1787250996.601203442,state,-0.0017638164572417736,0.4985521733760834,0.0
1787250996.603311777,1787250996.603315115,command,-0.007095248904079199,0.6492800116539001,0.0
1787250996.661114454,1787250996.660427094,state_stamped,-0.0030435696244239807,0.5347327589988708,0.0
1787250996.661203861,1787250996.661209345,state,-0.0030435696244239807,0.5347327589988708,0.0
1787250996.662895918,1787250996.662901402,command,0.000721216551028192,0.6066597104072571,0.0
1787250996.731096268,1787250996.730417967,state_stamped,-0.001989566022530198,0.5548697113990784,0.0
1787250996.731156111,1787250996.731164455,state,-0.001989566022530198,0.5548697113990784,0.0
1787250996.732863903,1787250996.732867002,command,0.008646512404084206,0.5506584048271179,0.0
1787250996.800974131,1787250996.800417900,state_stamped,0.0009885362815111876,0.5536905527114868,0.0
1787250996.801064253,1787250996.801072598,state,0.0009885362815111876,0.5536905527114868,0.0
1787250996.802678108,1787250996.802684069,command,0.01882069744169712,0.4686398506164551,0.0
1787250996.861120701,1787250996.860417128,state_stamped,0.00526819471269846,0.5332786440849304,0.0
1787250996.861205816,1787250996.861210823,state,0.00526819471269846,0.5332786440849304,0.0
1787250996.862887859,1787250996.862893820,command,0.021747715771198273,0.38391435146331787,0.0
1787250996.931061029,1787250996.930417538,state_stamped,0.009882478043437004,0.4914564788341522,0.0
1787250996.931148767,1787250996.931159735,state,0.009882478043437004,0.4914564788341522,0.0
1787250996.932826281,1787250996.932832003,command,0.02696942910552025,0.3332107663154602,0.0
1787250997.000980854,1787250997.000989676,state,0.014666838571429253,0.44714754819869995,0.0
1787250997.001054764,1787250997.000417709,state_stamped,0.014666838571429253,0.44714754819869995,0.0
1787250997.003008842,1787250997.003014565,command,0.0344109944999218,0.2506600320339203,0.0
1787250997.061097145,1787250997.061103106,state,0.019406301900744438,0.39998191595077515,0.0
1787250997.061224937,1787250997.060428619,state_stamped,0.019406301900744438,0.39998191595077515,0.0
1787250997.063017368,1787250997.063022614,command,0.03264207765460014,0.21150769293308258,0.0
1787250997.131019592,1787250997.131027937,state,0.02311173640191555,0.3472174406051636,0.0
1787250997.131128550,1787250997.130417585,state_stamped,0.02311173640191555,0.3472174406051636,0.0
1787250997.132848740,1787250997.132853985,command,0.019906867295503616,-0.029836326837539673,0.0
1787250997.200958252,1787250997.200966597,state,0.02221437729895115,0.2416428029537201,0.0
1787250997.201033115,1787250997.200417280,state_stamped,0.02221437729895115,0.2416428029537201,0.0
1787250997.202714920,1787250997.202720881,command,0.02122591808438301,-0.09623998403549194,0.0
1787250997.261146545,1787250997.260417700,state_stamped,0.021977145224809647,0.16055035591125488,0.0
1787250997.261198044,1787250997.261203289,state,0.021977145224809647,0.16055035591125488,0.0
1787250997.262829304,1787250997.262835026,command,0.017582658678293228,-0.16773957014083862,0.0
1787250997.331080198,1787250997.331088543,state,0.020746685564517975,0.06862885504961014,0.0
1787250997.331149340,1787250997.330418110,state_stamped,0.020746685564517975,0.06862885504961014,0.0
1787250997.332821608,1787250997.332826853,command,0.012808360159397125,-0.2509918510913849,0.0
1787250997.401072025,1787250997.400418043,state_stamped,0.01852395012974739,-0.02086513489484787,0.0
1787250997.401114702,1787250997.401120663,state,0.01852395012974739,-0.02086513489484787,0.0
1787250997.402863979,1787250997.402867317,command,0.0071599907241761684,-0.3514458239078522,0.0
1787250997.461100340,1787250997.461105108,state,0.015796629711985588,-0.10020364820957184,0.0
1787250997.461193562,1787250997.460417509,state_stamped,0.015796629711985588,-0.10020364820957184,0.0
1787250997.462892532,1787250997.462895632,command,0.001097625121474266,-0.4078814685344696,0.0
1787250997.531040668,1787250997.531049252,state,0.011680912226438522,-0.18635335564613342,0.0
1787250997.531112671,1787250997.530417442,state_stamped,0.011680912226438522,-0.18635335564613342,0.0
1787250997.532867432,1787250997.532872915,command,-0.004472043365240097,-0.43537500500679016,0.0
1787250997.600918293,1787250997.600927830,state,0.00715808616951108,-0.25607940554618835,0.0
1787250997.601035595,1787250997.600417376,state_stamped,0.00715808616951108,-0.25607940554618835,0.0
1787250997.602838516,1787250997.602844000,command,-0.008450683206319809,-0.42830488085746765,0.0
1787250997.660971403,1787250997.660978079,state,0.0034119533374905586,-0.29741382598876953,0.0
1787250997.661029577,1787250997.660417795,state_stamped,0.0034119533374905586,-0.29741382598876953,0.0
1787250997.662752151,1787250997.662756920,command,-0.016798265278339386,-0.3650856912136078,0.0
1787250997.730932951,1787250997.730417490,state_stamped,-0.0022468753159046173,-0.31636184453964233,0.0
1787250997.730987310,1787250997.730996132,state,-0.0022468753159046173,-0.31636184453964233,0.0
1787250997.732774973,1787250997.732780218,command,-0.014160480350255966,-0.2682456374168396,0.0
1787250997.801121712,1787250997.801130056,state,-0.005582737270742655,-0.3028891086578369,0.0
1787250997.801189423,1787250997.800418615,state_stamped,-0.005582737270742655,-0.3028891086578369,0.0
1787250997.802981615,1787250997.802987576,command,-0.002927525667473674,-0.15914776921272278,0.0
1787250997.860942602,1787250997.860951900,state,-0.004945376422256231,-0.26838523149490356,0.0
1787250997.861051083,1787250997.860429049,state_stamped,-0.004945376422256231,-0.26838523149490356,0.0
1787250997.862889051,1787250997.862894058,command,0.0036181528121232986,-0.10953287780284882,0.0
1787250997.930935860,1787250997.930944681,state,-0.0025478017050772905,-0.22391054034233093,0.0
1787250997.931005716,1787250997.930422783,state_stamped,-0.0025478017050772905,-0.22391054034233093,0.0
1787250997.932820797,1787250997.932826281,command,0.003657221794128418,-0.02848477102816105,0.0
1787250998.000971079,1787250998.000977039,state,-0.0008101727580651641,-0.16918432712554932,0.0
1787250998.001044989,1787250998.000431776,state_stamped,-0.0008101727580651641,-0.16918432712554932,0.0
1787250998.003107309,1787250998.003112078,command,0.003315378911793232,0.010772358626127243,0.0
1787250998.060950994,1787250998.060959339,state,0.00017972569912672043,-0.12600493431091309,0.0
1787250998.061019421,1787250998.060417414,state_stamped,0.00017972569912672043,-0.12600493431091309,0.0
1787250998.062969446,1787250998.062974691,command,0.008356264792382717,0.055033668875694275,0.0
1787250998.130942106,1787250998.130950928,state,0.0024691743310540915,-0.07531373202800751,0.0
1787250998.131015539,1787250998.130418062,state_stamped,0.0024691743310540915,-0.07531373202800751,0.0
1787250998.132662773,1787250998.132668257,command,0.04180389270186424,0.2974832355976105,0.0
1787250998.200977564,1787250998.200986385,state,0.01348285935819149,0.029069073498249054,0.0
1787250998.201033831,1787250998.200417757,state_stamped,0.01348285935819149,0.029069073498249054,0.0
1787250998.202890635,1787250998.202896833,command,0.042942486703395844,0.36499497294425964,0.0
1787250998.261096954,1787250998.260427237,state_stamped,0.020554274320602417,0.10970389097929001,0.0
1787250998.261145353,1787250998.261153936,state,0.020554274320602417,0.10970389097929001,0.0
1787250998.262918472,1787250998.262927055,command,0.03008118085563183,0.4548671543598175,0.0
1787250998.331091404,1787250998.330417156,state_stamped,0.02322142943739891,0.2063359022140503,0.0
1787250998.331149817,1787250998.331157923,state,0.02322142943739891,0.2063359022140503,0.0
1787250998.332885265,1787250998.332891464,command,0.027478136122226715,0.5476055145263672,0.0
1787250998.401116133,1787250998.400417328,state_stamped,0.02441330999135971,0.3018915355205536,0.0
1787250998.401160240,1787250998.401166677,state,0.02441330999135971,0.3018915355205536,0.0
1787250998.402927160,1787250998.402935982,command,0.022101538255810738,0.6189894676208496,0.0
1787250998.460945129,1787250998.460950851,state,0.02385847643017769,0.3779962360858917,0.0
1787250998.460991383,1787250998.460418224,state_stamped,0.02385847643017769,0.3779962360858917,0.0
1787250998.463594437,1787250998.463600874,command,0.03568098321557045,0.5417482256889343,0.0
1787250998.531083584,1787250998.531089067,state,0.027169188484549522,0.42385247349739075,0.0
1787250998.531136274,1787250998.530426979,state_stamped,0.027169188484549522,0.42385247349739075,0.0
1787250998.533076525,1787250998.533084869,command,0.032052766531705856,0.5484015941619873,0.0
1787250998.601010323,1787250998.601019144,state,0.028536593541502953,0.45872631669044495,0.0
1787250998.601079702,1787250998.600427151,state_stamped,0.028536593541502953,0.45872631669044495,0.0
1787250998.602847338,1787250998.602852345,command,-0.0014471682952716947,0.678033173084259,0.0
1787250998.660964012,1787250998.660969496,state,0.02134162187576294,0.5113517045974731,0.0
1787250998.661022425,1787250998.660417795,state_stamped,0.02134162187576294,0.5113517045974731,0.0
1787250998.662767887,1787250998.662773132,command,-0.00980408675968647,0.6655009984970093,0.0
1787250998.730933189,1787250998.730942011,state,0.012620886787772179,0.5545132160186768,0.0
1787250998.731004238,1787250998.730417252,state_stamped,0.012620886787772179,0.5545132160186768,0.0
1787250998.732788086,1787250998.732793570,command,-0.0007103577954694629,0.6155096888542175,0.0
1787250998.801054955,1787250998.801060677,state,0.008887351490557194,0.5715958476066589,0.0
1787250998.801123142,1787250998.800431967,state_stamped,0.008887351490557194,0.5715958476066589,0.0
1787250998.802911282,1787250998.802917004,command,-0.0030648515094071627,0.5293710231781006,0.0
1787250998.861021519,1787250998.861029863,state,0.006019066087901592,0.5614627599716187,0.0
1787250998.861085892,1787250998.860426903,state_stamped,0.006019066087901592,0.5614627599716187,0.0
1787250998.862941980,1787250998.862948179,command,-0.012716186232864857,0.45994284749031067,0.0
1787250998.930999517,1787250998.931005239,state,0.000773030798882246,0.5330362915992737,0.0
1787250998.931055546,1787250998.930429220,state_stamped,0.000773030798882246,0.5330362915992737,0.0
1787250998.932888746,1787250998.932894230,command,-0.015151138417422771,0.399361252784729,0.0
1787250999.001121044,1787250999.001129627,state,-0.0036850133910775185,0.49561333656311035,0.0
1787250999.001191854,1787250999.000417709,state_stamped,-0.0036850133910775185,0.49561333656311035,0.0
1787250999.003128767,1787250999.003134489,command,-0.011880449019372463,0.3183077573776245,0.0
1787250999.061138630,1787250999.061148882,state,-0.005651915445923805,0.4530600607395172,0.0
1787250999.061211586,1787250999.060417652,state_stamped,-0.005651915445923805,0.4530600607395172,0.0
1787250999.063002825,1787250999.063008547,command,-0.007648690603673458,0.2534075677394867,0.0
1787250999.130961180,1787250999.130418062,state_stamped,-0.0062110149301588535,0.39715713262557983,0.0
1787250999.131017208,1787250999.131025553,state,-0.0062110149301588535,0.39715713262557983,0.0
1787250999.132785082,1787250999.132790565,command,-0.030584974214434624,-0.005236584227532148,0.0
1787250999.200979471,1787250999.200989246,state,-0.01303571555763483,0.2844870090484619,0.0
1787250999.201047659,1787250999.200417757,state_stamped,-0.01303571555763483,0.2844870090484619,0.0
1787250999.202799082,1787250999.202802658,command,-0.01958255097270012,-0.04780511558055878,0.0
1787250999.261124134,1787250999.261130810,state,-0.014607288874685764,0.20472002029418945,0.0
1787250999.261184454,1787250999.260430574,state_stamped,-0.014607288874685764,0.20472002029418945,0.0
1787250999.262989283,1787250999.262994766,command,-0.012057334184646606,-0.12559394538402557,0.0
1787250999.330933809,1787250999.330942392,state,-0.013893433846533298,0.11224924027919769,0.0
1787250999.331003904,1787250999.330417633,state_stamped,-0.013893433846533298,0.11224924027919769,0.0
1787250999.332777977,1787250999.332783699,command,-0.0029255771078169346,-0.19700737297534943,0.0
1787250999.401128531,1787250999.401137114,state,-0.010821867734193802,0.025641433894634247,0.0
1787250999.401198387,1787250999.400430441,state_stamped,-0.010821867734193802,0.025641433894634247,0.0
1787250999.402997732,1787250999.403003216,command,-0.0009312817128375173,-0.2867385149002075,0.0
1787250999.461121321,1787250999.461126566,state,-0.008448163978755474,-0.04932858794927597,0.0
1787250999.461179972,1787250999.460429668,state_stamped,-0.008448163978755474,-0.04932858794927597,0.0
1787250999.462999105,1787250999.463004112,command,-0.0002974405069835484,-0.3148449659347534,0.0
1787250999.531020641,1787250999.531029224,state,-0.006165915168821812,-0.123674675822258,0.0
1787250999.531139612,1787250999.530431032,state_stamped,-0.006165915168821812,-0.123674675822258,0.0
1787250999.532984734,1787250999.532990217,command,-0.0025475146248936653,-0.2994767427444458,0.0
1787250999.600986958,1787250999.600417376,state_stamped,-0.00515295984223485,-0.17288969457149506,0.0
1787250999.601040363,1787250999.601049185,state,-0.00515295984223485,-0.17288969457149506,0.0
1787250999.602842331,1787250999.602848053,command,-0.002071754541248083,-0.194990336894989,0.0
1787250999.661040783,1787250999.661046505,state,-0.004413318354636431,-0.17819494009017944,0.0
1787250999.661103964,1787250999.660429716,state_stamped,-0.004413318354636431,-0.17819494009017944,0.0
1787250999.662949800,1787250999.662955761,command,0.005669033154845238,-0.1029047742486,0.0
1787250999.731090784,1787250999.731096506,state,-0.001590369502082467,-0.15711450576782227,0.0
1787250999.731147528,1787250999.730427027,state_stamped,-0.001590369502082467,-0.15711450576782227,0.0
1787250999.732877016,1787250999.732880592,command,0.01701335236430168,-0.036154069006443024,0.0
1787250999.800971270,1787250999.800976276,state,0.0036180682945996523,-0.12324951589107513,0.0
1787250999.801027775,1787250999.800418854,state_stamped,0.0036180682945996523,-0.12324951589107513,0.0
1787250999.802712917,1787250999.802721024,command,0.022224867716431618,0.018089644610881805,0.0
1787250999.860894442,1787250999.860900164,state,0.008084206841886044,-0.08932426571846008,0.0
1787250999.860949039,1787250999.860425711,state_stamped,0.008084206841886044,-0.08932426571846008,0.0
1787250999.862646341,1787250999.862651825,command,0.03787633776664734,0.19552111625671387,0.0
1787250999.930858850,1787250999.930864811,state,0.016425035893917084,-0.009576797485351562,0.0
1787250999.930917978,1787250999.930417538,state_stamped,0.016425035893917084,-0.009576797485351562,0.0
1787250999.933027983,1787250999.933033943,command,0.0414925180375576,0.30084028840065,0.0
1787251000.000985384,1787251000.000991344,state,0.02344394475221634,0.07734015583992004,0.0
1787251000.001044273,1787251000.000417709,state_stamped,0.02344394475221634,0.07734015583992004,0.0
1787251000.003055334,1787251000.003061056,command,0.028458639979362488,0.37503960728645325,0.0
1787251000.060949087,1787251000.060954094,state,0.024647479876875877,0.1487884819507599,0.0
1787251000.061043024,1787251000.060418129,state_stamped,0.024647479876875877,0.1487884819507599,0.0
1787251000.062867165,1787251000.062872410,command,0.015282468870282173,0.4467867910861969,0.0
1787251000.131099939,1787251000.131105185,state,0.02202530764043331,0.23222699761390686,0.0
1787251000.131160021,1787251000.130417347,state_stamped,0.02202530764043331,0.23222699761390686,0.0
1787251000.132947683,1787251000.132951021,command,0.005660728085786104,0.515523374080658,0.0
1787251000.201127768,1787251000.201133251,state,0.01744316704571247,0.3115510046482086,0.0
1787251000.201187372,1787251000.200418234,state_stamped,0.01744316704571247,0.3115510046482086,0.0
1787251000.202962160,1787251000.202967405,command,-0.0107249915599823,0.581453800201416,0.0
1787251000.261105061,1787251000.261110783,state,0.010682915337383747,0.37632665038108826,0.0
1787251000.261163235,1787251000.260417223,state_stamped,0.010682915337383747,0.37632665038108826,0.0
1787251000.262799978,1787251000.262804985,command,-0.026349402964115143,0.6368253231048584,0.0
1787251000.331091642,1787251000.331097364,state,0.00031202472746372223,0.449279248714447,0.0
1787251000.331151962,1787251000.330429554,state_stamped,0.00031202472746372223,0.449279248714447,0.0
1787251000.332991838,1787251000.332996845,command,-0.021194882690906525,0.6547637581825256,0.0
1787251000.400934219,1787251000.400939703,state,-0.0057088397443294525,0.5068047046661377,0.0
1787251000.401005983,1787251000.400417328,state_stamped,-0.0057088397443294525,0.5068047046661377,0.0
1787251000.403321028,1787251000.403330088,command,-0.013650224544107914,0.6710225939750671,0.0
1787251000.460972548,1787251000.460982800,state,-0.007614832371473312,0.54621821641922,0.0
1787251000.461091757,1787251000.460419178,state_stamped,-0.007614832371473312,0.54621821641922,0.0
1787251000.463705778,1787251000.463712215,command,-0.0020660902373492718,0.6387759447097778,0.0
1787251000.530994177,1787251000.531000614,state,-0.0060610040090978146,0.5721374154090881,0.0
1787251000.531056881,1787251000.530427217,state_stamped,-0.0060610040090978146,0.5721374154090881,0.0
1787251000.532876015,1787251000.532884598,command,0.009220768697559834,0.5860906839370728,0.0
1787251000.600934982,1787251000.600417614,state_stamped,-0.0017827018164098263,0.5760437846183777,0.0
1787251000.600969553,1787251000.600974798,state,-0.0017827018164098263,0.5760437846183777,0.0
1787251000.602887154,1787251000.602895498,command,0.01691056415438652,0.5118427276611328,0.0
1787251000.661110878,1787251000.661116362,state,0.0027072252705693245,0.5606233477592468,0.0
1787251000.661167622,1787251000.660465002,state_stamped,0.0027072252705693245,0.5606233477592468,0.0
1787251000.663044453,1787251000.663049459,command,0.020262088626623154,0.4264456331729889,0.0
1787251000.730844975,1787251000.730417252,state_stamped,0.007619244512170553,0.5230791568756104,0.0
1787251000.730880022,1787251000.730885744,state,0.007619244512170553,0.5230791568756104,0.0
1787251000.732818365,1787251000.732826948,command,0.02501075714826584,0.35576266050338745,0.0
1787251000.800904512,1787251000.800417423,state_stamped,0.01248887274414301,0.4762305021286011,0.0
1787251000.800938129,1787251000.800943613,state,0.01248887274414301,0.4762305021286011,0.0
1787251000.802824259,1787251000.802832603,command,0.032800473272800446,0.30783170461654663,0.0
1787251000.861057758,1787251000.861063242,state,0.017363712191581726,0.4358143210411072,0.0
1787251000.861114264,1787251000.860418081,state_stamped,0.017363712191581726,0.4358143210411072,0.0
1787251000.863281250,1787251000.863286495,command,0.038619514554739,0.23135404288768768,0.0
1787251000.931010008,1787251000.931015491,state,0.023315291851758957,0.37856587767601013,0.0
1787251000.931065321,1787251000.930417538,state_stamped,0.023315291851758957,0.37856587767601013,0.0
1787251000.932900667,1787251000.932906389,command,0.013562360778450966,-0.002404316095635295,0.0
1787251001.001151323,1787251001.001157284,state,0.020584411919116974,0.27189189195632935,0.0
1787251001.001228809,1787251001.000419140,state_stamped,0.020584411919116974,0.27189189195632935,0.0
1787251001.003165722,1787251001.003171444,command,0.016828931868076324,-0.052707962691783905,0.0
1787251001.061124086,1787251001.060417891,state_stamped,0.0196831151843071,0.19398948550224304,0.0
1787251001.061202288,1787251001.061209202,state,0.0196831151843071,0.19398948550224304,0.0
1787251001.062957764,1787251001.062963009,command,0.02174772322177887,-0.12801329791545868,0.0
1787251001.131114006,1787251001.131120205,state,0.020261280238628387,0.10381690412759781,0.0
1787251001.131173134,1787251001.130427122,state_stamped,0.020261280238628387,0.10381690412759781,0.0
1787251001.132940769,1787251001.132946014,command,0.015412652865052223,-0.211024209856987,0.0
1787251001.201124191,1787251001.201129436,state,0.018903646618127823,0.015660159289836884,0.0
1787251001.201198339,1787251001.200428009,state_stamped,0.018903646618127823,0.015660159289836884,0.0
1787251001.202985287,1787251001.202990770,command,0.007640354335308075,-0.30462944507598877,0.0
1787251001.261180162,1787251001.260427237,state_stamped,0.016200490295886993,-0.06120840460062027,0.0
1787251001.261229277,1787251001.261234999,state,0.016200490295886993,-0.06120840460062027,0.0
1787251001.262959957,1787251001.262964964,command,0.0034166311379522085,-0.38421082496643066,0.0
1787251001.331084967,1787251001.330417633,state_stamped,0.012621503323316574,-0.15163660049438477,0.0
1787251001.331169367,1787251001.331175327,state,0.012621503323316574,-0.15163660049438477,0.0
1787251001.332913160,1787251001.332919359,command,-0.003720891196280718,-0.43580162525177,0.0
1787251001.401124716,1787251001.401129723,state,0.008045630529522896,-0.2312028408050537,0.0
1787251001.401219606,1787251001.400417805,state_stamped,0.008045630529522896,-0.2312028408050537,0.0
1787251001.402952433,1787251001.402957678,command,-0.008336642757058144,-0.4484083652496338,0.0
1787251001.461196899,1787251001.460420847,state_stamped,0.0041136834770441055,-0.2833348512649536,0.0
1787251001.461235046,1787251001.461240530,state,0.0041136834770441055,-0.2833348512649536,0.0
1787251001.462989092,1787251001.462993860,command,-0.013011245056986809,-0.4339451491832733,0.0
1787251001.531109810,1787251001.531118870,state,-0.0006810575723648071,-0.3255036473274231,0.0
1787251001.531180859,1787251001.530417204,state_stamped,-0.0006810575723648071,-0.3255036473274231,0.0
1787251001.532902956,1787251001.532907963,command,-0.020331155508756638,-0.34952858090400696,0.0
1787251001.601140738,1787251001.601146221,state,-0.006183108314871788,-0.33223065733909607,0.0
1787251001.601202250,1787251001.600417614,state_stamped,-0.006183108314871788,-0.33223065733909607,0.0
1787251001.603032827,1787251001.603038549,command,-0.01582971401512623,-0.24376189708709717,0.0
1787251001.661132336,1787251001.660427094,state_stamped,-0.008498658426105976,-0.31099480390548706,0.0
1787251001.661205053,1787251001.661210775,state,-0.008498658426105976,-0.31099480390548706,0.0
1787251001.662990808,1787251001.662996054,command,-0.006281527690589428,-0.15701225399971008,0.0
1787251001.731060028,1787251001.731065035,state,-0.007877836003899574,-0.26787787675857544,0.0
1787251001.731118441,1787251001.730429888,state_stamped,-0.007877836003899574,-0.26787787675857544,0.0
1787251001.732949018,1787251001.732952118,command,0.004732578061521053,-0.09826981276273727,0.0
1787251001.801131248,1787251001.801136732,state,-0.004346816334873438,-0.22038622200489044,0.0
1787251001.801190376,1787251001.800431967,state_stamped,-0.004346816334873438,-0.22038622200489044,0.0
1787251001.803022146,1787251001.803027391,command,0.006312844343483448,-0.032129496335983276,0.0
1787251001.861201525,1787251001.860429525,state_stamped,-0.0017886036075651646,-0.1752064824104309,0.0
1787251001.861246109,1787251001.861251831,state,-0.0017886036075651646,-0.1752064824104309,0.0
1787251001.863048792,1787251001.863051176,command,0.005652114283293486,0.011281611397862434,0.0
1787251001.930958271,1787251001.930427074,state_stamped,0.0002947219181805849,-0.12299171090126038,0.0
1787251001.931003571,1787251001.931009054,state,0.0002947219181805849,-0.12299171090126038,0.0
1787251001.932667971,1787251001.932671070,command,0.011402695439755917,0.06668762117624283,0.0
1787251002.001006603,1787251002.001012802,state,0.003404549090191722,-0.06988842785358429,0.0
1787251002.001126766,1787251002.000417948,state_stamped,0.003404549090191722,-0.06988842785358429,0.0
1787251002.003391743,1787251002.003398180,command,0.04625138267874718,0.31120923161506653,0.0
1787251002.061089516,1787251002.061094999,state,0.013687741942703724,0.02157459408044815,0.0
1787251002.061142921,1787251002.060417652,state_stamped,0.013687741942703724,0.02157459408044815,0.0
1787251002.063060045,1787251002.063063622,command,0.04767908900976181,0.36973705887794495,0.0
1787251002.130881548,1787251002.130887270,state,0.023205388337373734,0.11906079202890396,0.0
1787251002.130972147,1787251002.130418062,state_stamped,0.023205388337373734,0.11906079202890396,0.0
1787251002.132838726,1787251002.132843971,command,0.036517251282930374,0.4609740078449249,0.0
1787251002.200934649,1787251002.200940371,state,0.026932701468467712,0.2147962749004364,0.0
1787251002.201009989,1787251002.200417995,state_stamped,0.026932701468467712,0.2147962749004364,0.0
1787251002.202840567,1787251002.202846289,command,0.03003188967704773,0.5630417466163635,0.0
1787251002.261072397,1787251002.261078119,state,0.02767651341855526,0.2983759641647339,0.0
1787251002.261129618,1787251002.260418415,state_stamped,0.02767651341855526,0.2983759641647339,0.0
1787251002.262998343,1787251002.263003588,command,0.02437199093401432,0.619779646396637,0.0
1787251002.330903292,1787251002.330908775,state,0.026751259341835976,0.3883678913116455,0.0
1787251002.331010103,1787251002.330417633,state_stamped,0.026751259341835976,0.3883678913116455,0.0
1787251002.332654238,1787251002.332659483,command,0.034859996289014816,0.5441412925720215,0.0
1787251002.400984526,1787251002.400990725,state,0.029021717607975006,0.43198466300964355,0.0
1787251002.401049137,1787251002.400418043,state_stamped,0.029021717607975006,0.43198466300964355,0.0
1787251002.402728796,1787251002.402734041,command,0.029966887086629868,0.5593521595001221,0.0
1787251002.460943699,1787251002.460949183,state,0.029248593375086784,0.46255749464035034,0.0
1787251002.461068869,1787251002.460427046,state_stamped,0.029248593375086784,0.46255749464035034,0.0
1787251002.462728500,1787251002.462733984,command,0.004369859118014574,0.6646605134010315,0.0
1787251002.530837297,1787251002.530842304,state,0.022283442318439484,0.5191390514373779,0.0
1787251002.530896187,1787251002.530418158,state_stamped,0.022283442318439484,0.5191390514373779,0.0
1787251002.533580303,1787251002.533586025,command,-0.00628699641674757,0.6447235345840454,0.0
1787251002.600960732,1787251002.600966215,state,0.014283797703683376,0.5543023347854614,0.0
1787251002.601020098,1787251002.600417376,state_stamped,0.014283797703683376,0.5543023347854614,0.0
1787251002.602901459,1787251002.602906942,command,-0.00022289800108410418,0.5705416202545166,0.0
1787251002.660950184,1787251002.660955667,state,0.010801623575389385,0.5582004189491272,0.0
1787251002.661056519,1787251002.660427332,state_stamped,0.010801623575389385,0.5582004189491272,0.0
1787251002.662973404,1787251002.662978411,command,-0.007791358046233654,0.5160572528839111,0.0
1787251002.730935812,1787251002.730941296,state,0.005596305709332228,0.5464019775390625,0.0
1787251002.730998993,1787251002.730417490,state_stamped,0.005596305709332228,0.5464019775390625,0.0
1787251002.732728243,1787251002.732733488,command,-0.01503365021198988,0.42192333936691284,0.0
1787251002.801154137,1787251002.801159620,state,-0.00018008984625339508,0.5115479230880737,0.0
1787251002.801218033,1787251002.800417662,state_stamped,-0.00018008984625339508,0.5115479230880737,0.0
1787251002.802917480,1787251002.802926064,command,-0.017783554270863533,0.3790673315525055,0.0
1787251002.860983372,1787251002.860990524,state,-0.004404925741255283,0.4797525405883789,0.0
1787251002.861046314,1787251002.860417843,state_stamped,-0.004404925741255283,0.4797525405883789,0.0
1787251002.862701416,1787251002.862706661,command,-0.012367788702249527,0.28159430623054504,0.0
1787251002.931083202,1787251002.931088686,state,-0.006634829565882683,0.4242607355117798,0.0
1787251002.931142092,1787251002.930427313,state_stamped,-0.006634829565882683,0.4242607355117798,0.0
1787251002.932958364,1787251002.932966948,command,-0.009096437133848667,0.2461068332195282,0.0
1787251003.000956774,1787251003.000962734,state,-0.007323992904275656,0.37438392639160156,0.0
1787251003.001034737,1787251003.000418425,state_stamped,-0.007323992904275656,0.37438392639160156,0.0
1787251003.003080130,1787251003.003088713,command,-0.02321958728134632,-0.01720302551984787,0.0
1787251003.060926199,1787251003.060931683,state,-0.011138876900076866,0.2804044783115387,0.0
1787251003.061000347,1787251003.060417414,state_stamped,-0.011138876900076866,0.2804044783115387,0.0
1787251003.062766790,1787251003.062772274,command,-0.0166903268545866,-0.06933562457561493,0.0
1787251003.130881071,1787251003.130886316,state,-0.012693289667367935,0.18247678875923157,0.0
1787251003.130956650,1787251003.130417824,state_stamped,-0.012693289667367935,0.18247678875923157,0.0
1787251003.132826090,1787251003.132834911,command,-0.009058804251253605,-0.1448855996131897,0.0
1787251003.200916529,1787251003.200922012,state,-0.011675618588924408,0.09081395715475082,0.0
1787251003.201033354,1787251003.200418949,state_stamped,-0.011675618588924408,0.09081395715475082,0.0
1787251003.202723742,1787251003.202732086,command,-0.005917302332818508,-0.24023692309856415,0.0
1787251003.260917425,1787251003.260922909,state,-0.010293652303516865,0.01136346161365509,0.0
1787251003.260992050,1787251003.260417461,state_stamped,-0.010293652303516865,0.01136346161365509,0.0
1787251003.262843847,1787251003.262849092,command,-0.003532707691192627,-0.29356834292411804,0.0
1787251003.330852747,1787251003.330857992,state,-0.008400330320000648,-0.07402908056974411,0.0
1787251003.330973864,1787251003.330427170,state_stamped,-0.008400330320000648,-0.07402908056974411,0.0
1787251003.332805395,1787251003.332813978,command,-0.002698522061109543,-0.3038710951805115,0.0
1787251003.400913715,1787251003.400919199,state,-0.006804045755416155,-0.1383759081363678,0.0
1787251003.401026726,1787251003.400417328,state_stamped,-0.006804045755416155,-0.1383759081363678,0.0
1787251003.402843952,1787251003.402852058,command,-0.003263781312853098,-0.22741597890853882,0.0
1787251003.460915804,1787251003.460921288,state,-0.0059543801471591,-0.15974557399749756,0.0
1787251003.460989714,1787251003.460417509,state_stamped,-0.0059543801471591,-0.15974557399749756,0.0
1787251003.462694407,1787251003.462699175,command,0.0027095561381429434,-0.14055921137332916,0.0
1787251003.530850410,1787251003.530855656,state,-0.0035284911282360554,-0.1543734222650528,0.0
1787251003.530968904,1787251003.530417204,state_stamped,-0.0035284911282360554,-0.1543734222650528,0.0
1787251003.532830238,1787251003.532838345,command,0.011373214423656464,-0.04409395530819893,0.0
1787251003.600926161,1787251003.600931644,state,0.0006447294726967812,-0.12348967045545578,0.0
1787251003.601033449,1787251003.600429535,state_stamped,0.0006447294726967812,-0.12348967045545578,0.0
1787251003.602695704,1787251003.602702618,command,0.023839881643652916,-0.007309498731046915,0.0
1787251003.660871983,1787251003.660877228,state,0.006210461258888245,-0.09561195969581604,0.0
1787251003.660927773,1787251003.660417795,state_stamped,0.006210461258888245,-0.09561195969581604,0.0
1787251003.662836790,1787251003.662842035,command,0.02564099431037903,0.03918309882283211,0.0
1787251003.731018066,1787251003.731023788,state,0.011651002801954746,-0.05786939710378647,0.0
1787251003.731067657,1787251003.730417728,state_stamped,0.011651002801954746,-0.05786939710378647,0.0
1787251003.733026981,1787251003.733035326,command,0.04763605445623398,0.28665220737457275,0.0
1787251003.800932169,1787251003.800427198,state_stamped,0.021728184074163437,0.03860974311828613,0.0
1787251003.800985813,1787251003.800992012,state,0.021728184074163437,0.03860974311828613,0.0
1787251003.802709103,1787251003.802715063,command,0.049532245844602585,0.35579559206962585,0.0
1787251003.860902071,1787251003.860905886,state,0.02840006910264492,0.11472191661596298,0.0
1787251003.860941648,1787251003.860417366,state_stamped,0.02840006910264492,0.11472191661596298,0.0
1787251003.862622499,1787251003.862627745,command,0.040079571306705475,0.4291820228099823,0.0
1787251003.930906296,1787251003.930911541,state,0.03167034313082695,0.2027711272239685,0.0
1787251003.930964231,1787251003.930417538,state_stamped,0.03167034313082695,0.2027711272239685,0.0
1787251003.932656527,1787251003.932665110,command,0.0224571842700243,0.5002216696739197,0.0
1787251004.000972033,1787251004.000977516,state,0.029090657830238342,0.2860572934150696,0.0
1787251004.001052618,1787251004.000417709,state_stamped,0.029090657830238342,0.2860572934150696,0.0
1787251004.003087044,1787251004.003096819,command,0.005143910180777311,0.558083713054657,0.0
1787251004.060972214,1787251004.060417652,state_stamped,0.023343432694673538,0.35134369134902954,0.0
1787251004.061011314,1787251004.061016560,state,0.023343432694673538,0.35134369134902954,0.0
1787251004.063024044,1787251004.063029289,command,-0.01646765135228634,0.6220417618751526,0.0
1787251004.131060123,1787251004.131065845,state,0.01219487190246582,0.42714905738830566,0.0
1787251004.131121397,1787251004.130426884,state_stamped,0.01219487190246582,0.42714905738830566,0.0
1787251004.132913351,1787251004.132922173,command,-0.02704066038131714,0.660127580165863,0.0
1787251004.200945854,1787251004.200417995,state_stamped,0.001210315153002739,0.4923747777938843,0.0
1787251004.200985432,1787251004.200991154,state,0.001210315153002739,0.4923747777938843,0.0
1787251004.202965975,1787251004.202974796,command,-0.024910811334848404,0.6839156746864319,0.0
1787251004.260938644,1787251004.260417700,state_stamped,-0.005058737006038427,0.5383444428443909,0.0
1787251004.261001110,1787251004.261005402,state,-0.005058737006038427,0.5383444428443909,0.0
1787251004.262667894,1787251004.262672901,command,-0.01829441264271736,0.6896503567695618,0.0
1787251004.330931664,1787251004.330937386,state,-0.00876676756888628,0.5807334184646606,0.0
1787251004.330989361,1787251004.330456257,state_stamped,-0.00876676756888628,0.5807334184646606,0.0
1787251004.332869291,1787251004.332877636,command,-0.0006284324917942286,0.6517232060432434,0.0
1787251004.400928259,1787251004.400417328,state_stamped,-0.006489305756986141,0.600599467754364,0.0
1787251004.400960445,1787251004.400965691,state,-0.006489305756986141,0.600599467754364,0.0
1787251004.402655602,1787251004.402663946,command,0.001045681769028306,0.5937954783439636,0.0
1787251004.460944891,1787251004.460427523,state_stamped,-0.004680597223341465,0.5989662408828735,0.0
1787251004.461006880,1787251004.461010695,state,-0.004680597223341465,0.5989662408828735,0.0
1787251004.462863684,1787251004.462868452,command,0.0066803619265556335,0.5265377759933472,0.0
1787251004.530823231,1787251004.530828476,state,-0.001500000013038516,0.5786892771720886,0.0
1787251004.530870676,1787251004.530417204,state_stamped,-0.001500000013038516,0.5786892771720886,0.0
1787251004.533538818,1787251004.533545732,command,0.008595909923315048,0.43961676955223083,0.0
1787251004.600995064,1787251004.600998878,state,0.001326870871707797,0.5397487282752991,0.0
1787251004.601101637,1787251004.600417614,state_stamped,0.001326870871707797,0.5397487282752991,0.0
1787251004.603080511,1787251004.603085518,command,0.010264639742672443,0.3816826343536377,0.0
1787251004.660973310,1787251004.660977125,state,0.003471938194707036,0.5018128156661987,0.0
1787251004.661014318,1787251004.660417795,state_stamped,0.003471938194707036,0.5018128156661987,0.0
1787251004.662724495,1787251004.662729502,command,0.0196992177516222,0.2821660339832306,0.0
1787251004.730951786,1787251004.730956793,state,0.008015572093427181,0.4403117597103119,0.0
1787251004.731057167,1787251004.730417728,state_stamped,0.008015572093427181,0.4403117597103119,0.0
1787251004.732713223,1787251004.732718706,command,0.021267129108309746,0.2583191692829132,0.0
1787251004.800924778,1787251004.800928354,state,0.01172599382698536,0.38935402035713196,0.0
1787251004.800978661,1787251004.800417423,state_stamped,0.01172599382698536,0.38935402035713196,0.0
1787251004.802725792,1787251004.802731514,command,0.006964093539863825,0.0017933706985786557,0.0
1787251004.861001015,1787251004.861006260,state,0.010583139024674892,0.2963395416736603,0.0
1787251004.861097574,1787251004.860417366,state_stamped,0.010583139024674892,0.2963395416736603,0.0
1787251004.862742901,1787251004.862746000,command,0.006688834633678198,-0.04535426199436188,0.0
1787251004.930996418,1787251004.931001902,state,0.00949273444712162,0.20066533982753754,0.0
1787251004.931099653,1787251004.930417299,state_stamped,0.00949273444712162,0.20066533982753754,0.0
1787251004.932789803,1787251004.932793617,command,0.004923213738948107,-0.11918747425079346,0.0
1787251005.000959158,1787251005.000962973,state,0.008213245309889317,0.11110492050647736,0.0
1787251005.001007795,1787251005.000418663,state_stamped,0.008213245309889317,0.11110492050647736,0.0
1787251005.002962828,1787251005.002971172,command,-0.0043416256085038185,-0.21467708051204681,0.0
1787251005.060913324,1787251005.060917139,state,0.0052000852301716805,0.032917462289333344,0.0
1787251005.061011314,1787251005.060418367,state_stamped,0.0052000852301716805,0.032917462289333344,0.0
1787251005.062706232,1787251005.062709570,command,-0.009449755772948265,-0.30118587613105774,0.0
1787251005.130872011,1787251005.130421877,state_stamped,0.0010979208163917065,-0.060636237263679504,0.0
1787251005.130903721,1787251005.130907536,state,0.0010979208163917065,-0.060636237263679504,0.0
1787251005.132586718,1787251005.132592440,command,-0.009028567932546139,-0.36022353172302246,0.0
1787251005.200942516,1787251005.200946569,state,-0.0017373512964695692,-0.14451640844345093,0.0
1787251005.200985909,1787251005.200418472,state_stamped,-0.0017373512964695692,-0.14451640844345093,0.0
1787251005.202676773,1787251005.202680588,command,-0.007011855021119118,-0.3537983000278473,0.0
1787251005.260934591,1787251005.260938644,state,-0.003003218211233616,-0.19474351406097412,0.0
1787251005.260977983,1787251005.260417700,state_stamped,-0.003003218211233616,-0.19474351406097412,0.0
1787251005.262727737,1787251005.262732506,command,-0.0069047254510223866,-0.28734442591667175,0.0
1787251005.330998898,1787251005.331002712,state,-0.004095785785466433,-0.22067523002624512,0.0
1787251005.331048250,1787251005.330427170,state_stamped,-0.004095785785466433,-0.22067523002624512,0.0
1787251005.332805872,1787251005.332811356,command,-0.007047183811664581,-0.18516595661640167,0.0
1787251005.401011705,1787251005.401015759,state,-0.004922062158584595,-0.21073400974273682,0.0
1787251005.401065111,1787251005.400417328,state_stamped,-0.004922062158584595,-0.21073400974273682,0.0
1787251005.402828455,1787251005.402837038,command,0.0016276316018775105,-0.07549341022968292,0.0
1787251005.461054325,1787251005.461058140,state,-0.003349881386384368,-0.17827101051807404,0.0
1787251005.461099863,1787251005.460427046,state_stamped,-0.003349881386384368,-0.17827101051807404,0.0
1787251005.462756395,1787251005.462760925,command,0.011744847521185875,-0.033444296568632126,0.0
1787251005.531005859,1787251005.531009674,state,0.0008760697674006224,-0.13772502541542053,0.0
1787251005.531057835,1787251005.530417442,state_stamped,0.0008760697674006224,-0.13772502541542053,0.0
1787251005.532739401,1787251005.532744408,command,0.017183497548103333,0.01927138678729534,0.0
1787251005.600940466,1787251005.600944281,state,0.005442144349217415,-0.09376607835292816,0.0
1787251005.600994349,1787251005.600417376,state_stamped,0.005442144349217415,-0.09376607835292816,0.0
1787251005.602648973,1787251005.602658033,command,0.03502487763762474,0.20625431835651398,0.0
1787251005.660978317,1787251005.660982370,state,0.012542004697024822,-0.02176114171743393,0.0
1787251005.661020279,1787251005.660417557,state_stamped,0.012542004697024822,-0.02176114171743393,0.0
1787251005.662765741,1787251005.662770510,command,0.038445424288511276,0.30741727352142334,0.0
1787251005.730897665,1787251005.730901718,state,0.019794950261712074,0.07040867209434509,0.0
1787251005.730948925,1787251005.730417490,state_stamped,0.019794950261712074,0.07040867209434509,0.0
1787251005.732878685,1787251005.732884169,command,0.03069714829325676,0.38507315516471863,0.0
1787251005.800951719,1787251005.800956011,state,0.022847577929496765,0.1585150808095932,0.0
1787251005.801005125,1787251005.800417662,state_stamped,0.022847577929496765,0.1585150808095932,0.0
1787251005.802944183,1787251005.802952290,command,0.013413870707154274,0.47420573234558105,0.0
1787251005.860959291,1787251005.860963106,state,0.020583493635058403,0.23428063094615936,0.0
1787251005.861002207,1787251005.860417604,state_stamped,0.020583493635058403,0.23428063094615936,0.0
1787251005.862903833,1787251005.862908363,command,0.006935047451406717,0.535760223865509,0.0
1787251005.930878878,1787251005.930882931,state,0.016761938109993935,0.31869471073150635,0.0
1787251005.930958986,1787251005.930417299,state_stamped,0.016761938109993935,0.31869471073150635,0.0
1787251005.932655334,1787251005.932660818,command,-0.00604623556137085,0.5893788933753967,0.0
1787251006.000978708,1787251006.000983477,state,0.010375382378697395,0.39448943734169006,0.0
1787251006.001062393,1787251006.000420332,state_stamped,0.010375382378697395,0.39448943734169006,0.0
1787251006.003259897,1787251006.003265142,command,-0.017753880470991135,0.6366141438484192,0.0
1787251006.060961485,1787251006.060965538,state,0.003624638542532921,0.4525969624519348,0.0
1787251006.061005592,1787251006.060417891,state_stamped,0.003624638542532921,0.4525969624519348,0.0
1787251006.062750101,1787251006.062753439,command,-0.023236125707626343,0.6652860045433044,0.0
1787251006.130903959,1787251006.130908012,state,-0.0038963393308222294,0.5121496319770813,0.0
1787251006.130955935,1787251006.130417347,state_stamped,-0.0038963393308222294,0.5121496319770813,0.0
1787251006.132664680,1787251006.132668495,command,-0.02126706764101982,0.6797875761985779,0.0
1787251006.200931311,1787251006.200935364,state,-0.008760149590671062,0.5590882897377014,0.0
1787251006.201009512,1787251006.200417519,state_stamped,-0.008760149590671062,0.5590882897377014,0.0
1787251006.202963352,1787251006.202968359,command,-0.011865698732435703,0.6633005738258362,0.0
1787251006.260955334,1787251006.260959387,state,-0.009505477733910084,0.5840991139411926,0.0
1787251006.260999203,1787251006.260417223,state_stamped,-0.009505477733910084,0.5840991139411926,0.0
1787251006.262978792,1787251006.262983799,command,-0.004499693866819143,0.6453378200531006,0.0
1787251006.331038713,1787251006.331044674,state,-0.008103619329631329,0.6012488603591919,0.0
1787251006.331118822,1787251006.330429077,state_stamped,-0.008103619329631329,0.6012488603591919,0.0
1787251006.332822084,1787251006.332825899,command,0.003333713859319687,0.5814322233200073,0.0
1787251006.401031017,1787251006.401034832,state,-0.004901680164039135,0.5957010984420776,0.0
1787251006.401100397,1787251006.400417805,state_stamped,-0.004901680164039135,0.5957010984420776,0.0
1787251006.402982473,1787251006.402987003,command,0.010718617588281631,0.48733875155448914,0.0
1787251006.461094618,1787251006.460417747,state_stamped,-0.0011528187897056341,0.5696942210197449,0.0
1787251006.461123466,1787251006.461127520,state,-0.0011528187897056341,0.5696942210197449,0.0
1787251006.463051081,1787251006.463055849,command,0.017404286190867424,0.4188883602619171,0.0
1787251006.530841589,1787251006.530848742,state,0.0040431516245007515,0.527468740940094,0.0
1787251006.530893087,1787251006.530417442,state_stamped,0.0040431516245007515,0.527468740940094,0.0
1787251006.533546925,1787251006.533550739,command,0.023935291916131973,0.38344883918762207,0.0
1787251006.600971937,1787251006.600976229,state,0.00961294025182724,0.48714324831962585,0.0
1787251006.601022959,1787251006.600417376,state_stamped,0.00961294025182724,0.48714324831962585,0.0
1787251006.602864742,1787251006.602867603,command,0.034975145012140274,0.27061426639556885,0.0
1787251006.660937071,1787251006.660940886,state,0.015699900686740875,0.4351760149002075,0.0
1787251006.661022186,1787251006.660417557,state_stamped,0.015699900686740875,0.4351760149002075,0.0
1787251006.662705183,1787251006.662707806,command,0.030364181846380234,0.26700812578201294,0.0
1787251006.730898619,1787251006.730902672,state,0.019805921241641045,0.38808876276016235,0.0
1787251006.730949163,1787251006.730417967,state_stamped,0.019805921241641045,0.38808876276016235,0.0
1787251006.732627869,1787251006.732633114,command,0.014333217404782772,-0.0024897728580981493,0.0
1787251006.800921440,1787251006.800926924,state,0.01827336475253105,0.27871257066726685,0.0
1787251006.800978661,1787251006.800427198,state_stamped,0.01827336475253105,0.27871257066726685,0.0
1787251006.802664518,1787251006.802668333,command,0.015884434804320335,-0.062143292278051376,0.0
1787251006.860911846,1787251006.860915899,state,0.017699994146823883,0.19690313935279846,0.0
1787251006.861001015,1787251006.860430002,state_stamped,0.017699994146823883,0.19690313935279846,0.0
1787251006.862928391,1787251006.862932205,command,0.011730513535439968,-0.1436203271150589,0.0
1787251006.930878162,1787251006.930882215,state,0.016028817743062973,0.10157247632741928,0.0
1787251006.930955172,1787251006.930418491,state_stamped,0.016028817743062973,0.10157247632741928,0.0
1787251006.932857752,1787251006.932861090,command,0.010081110522150993,-0.24052605032920837,0.0
1787251007.001013279,1787251007.001017570,state,0.014363288879394531,0.005775034427642822,0.0
1787251007.001055002,1787251007.000425577,state_stamped,0.014363288879394531,0.005775034427642822,0.0
1787251007.003225565,1787251007.003233433,command,0.011073787696659565,-0.32655179500579834,0.0
1787251007.060948372,1787251007.060956240,state,0.013573916628956795,-0.07397247105836868,0.0
1787251007.061064959,1787251007.060417414,state_stamped,0.013573916628956795,-0.07397247105836868,0.0
1787251007.063179016,1787251007.063184738,command,0.014478670433163643,-0.3927406668663025,0.0
1787251007.130917311,1787251007.130922556,state,0.013827275484800339,-0.1632373332977295,0.0
1787251007.130975723,1787251007.130424976,state_stamped,0.013827275484800339,-0.1632373332977295,0.0
1787251007.132944107,1787251007.132953167,command,0.014654997736215591,-0.4263872504234314,0.0
1787251007.201044798,1787251007.201049805,state,0.01405901275575161,-0.23691126704216003,0.0
1787251007.201101780,1787251007.200417519,state_stamped,0.01405901275575161,-0.23691126704216003,0.0
1787251007.203061342,1787251007.203070164,command,0.013838395476341248,-0.4208073019981384,0.0
1787251007.261034727,1787251007.261039734,state,0.014006064273416996,-0.28104621171951294,0.0
1787251007.261077404,1787251007.260417223,state_stamped,0.014006064273416996,-0.28104621171951294,0.0
1787251007.263021231,1787251007.263029814,command,0.014507629908621311,-0.4340583384037018,0.0
1787251007.331003428,1787251007.331008196,state,0.014146503061056137,-0.32388967275619507,0.0
1787251007.331105947,1787251007.330417395,state_stamped,0.014146503061056137,-0.32388967275619507,0.0
1787251007.332984209,1787251007.332992792,command,0.003113220911473036,-0.38261085748672485,0.0
1787251007.400924206,1787251007.400928974,state,0.011057167313992977,-0.34033170342445374,0.0
1787251007.401026011,1787251007.400417805,state_stamped,0.011057167313992977,-0.34033170342445374,0.0
1787251007.403103828,1787251007.403109074,command,-0.004763786680996418,-0.28843769431114197,0.0
1787251007.461040020,1787251007.461045027,state,0.007260126061737537,-0.32787710428237915,0.0
1787251007.461143732,1787251007.460417986,state_stamped,0.007260126061737537,-0.32787710428237915,0.0
1787251007.463104486,1787251007.463112116,command,-0.001898284419439733,-0.1881619542837143,0.0
1787251007.531007051,1787251007.531011820,state,0.004695718642324209,-0.2887560725212097,0.0
1787251007.531112909,1787251007.530419350,state_stamped,0.004695718642324209,-0.2887560725212097,0.0
1787251007.532979250,1787251007.532987595,command,0.0010093781165778637,-0.10912587493658066,0.0
1787251007.601044655,1787251007.601049423,state,0.003663519397377968,-0.23845845460891724,0.0
1787251007.601138592,1787251007.600420952,state_stamped,0.003663519397377968,-0.23845845460891724,0.0
1787251007.602988005,1787251007.602993727,command,0.0012448042398318648,-0.04760906100273132,0.0
1787251007.661041975,1787251007.661047459,state,0.0030830653849989176,-0.19265757501125336,0.0
1787251007.661142111,1787251007.660417080,state_stamped,0.0030830653849989176,-0.19265757501125336,0.0
1787251007.663061857,1787251007.663067341,command,-0.00623670918866992,-0.0005225191707722843,0.0
1787251007.731019497,1787251007.731027365,state,0.000473440857604146,-0.13885796070098877,0.0
1787251007.731085062,1787251007.730419397,state_stamped,0.000473440857604146,-0.13885796070098877,0.0
1787251007.733056545,1787251007.733062029,command,-0.009951099753379822,0.039988644421100616,0.0
1787251007.801083088,1787251007.801088810,state,-0.0024453653022646904,-0.08878202736377716,0.0
1787251007.801133633,1787251007.800417900,state_stamped,-0.0024453653022646904,-0.08878202736377716,0.0
1787251007.803084850,1787251007.803090334,command,0.019834481179714203,0.3104498088359833,0.0
1787251007.860987186,1787251007.860992432,state,0.002902524545788765,0.007046632468700409,0.0
1787251007.861033678,1787251007.860426188,state_stamped,0.002902524545788765,0.007046632468700409,0.0
1787251007.862705231,1787251007.862714291,command,0.02270173467695713,0.356253445148468,0.0
1787251007.930952311,1787251007.930959940,state,0.008445613086223602,0.1048123687505722,0.0
1787251007.931012392,1787251007.930417299,state_stamped,0.008445613086223602,0.1048123687505722,0.0
1787251007.932921410,1787251007.932924509,command,0.016971496865153313,0.42389413714408875,0.0
1787251008.001006603,1787251008.000417709,state_stamped,0.010832867585122585,0.19415554404258728,0.0
1787251008.001063108,1787251008.001072645,state,0.010832867585122585,0.19415554404258728,0.0
1787251008.003345490,1787251008.003353119,command,0.004662804305553436,0.5044773817062378,0.0
1787251008.061096191,1787251008.061102152,state,0.009352060966193676,0.26863235235214233,0.0
1787251008.061151266,1787251008.060417175,state_stamped,0.009352060966193676,0.26863235235214233,0.0
1787251008.063403368,1787251008.063411474,command,-0.005309815052896738,0.5785914659500122,0.0
1787251008.131099939,1787251008.131108522,state,0.005246714223176241,0.35542136430740356,0.0
1787251008.131171942,1787251008.130417585,state_stamped,0.005246714223176241,0.35542136430740356,0.0
1787251008.132879019,1787251008.132887125,command,-0.013632526621222496,0.6403153538703918,0.0
1787251008.201112509,1787251008.200417519,state_stamped,-3.946572542190552e-05,0.4351915717124939,0.0
1787251008.201180458,1787251008.201189518,state,-3.946572542190552e-05,0.4351915717124939,0.0
1787251008.203104496,1787251008.203111887,command,-0.0015097381547093391,0.6555701494216919,0.0
1787251008.261088848,1787251008.261097431,state,-0.0003923292097169906,0.4880821406841278,0.0
1787251008.261156797,1787251008.260417223,state_stamped,-0.0003923292097169906,0.4880821406841278,0.0
1787251008.263088942,1787251008.263097286,command,0.0011720660841092467,0.6818261742591858,0.0
1787251008.331118345,1787251008.331126690,state,4.594450001604855e-05,0.5423605442047119,0.0
1787251008.331192732,1787251008.330456018,state_stamped,4.594450001604855e-05,0.5423605442047119,0.0
1787251008.332888126,1787251008.332896948,command,0.006916810292750597,0.6863573789596558,0.0
1787251008.401119709,1787251008.400417805,state_stamped,0.0019687365274876356,0.5826576352119446,0.0
1787251008.401184797,1787251008.401194334,state,0.0019687365274876356,0.5826576352119446,0.0
1787251008.403042555,1787251008.403048277,command,0.011888101696968079,0.6578004956245422,0.0
1787251008.460981131,1787251008.460989237,state,0.00434937933459878,0.6006919145584106,0.0
1787251008.461050987,1787251008.460417747,state_stamped,0.00434937933459878,0.6006919145584106,0.0
1787251008.463058710,1787251008.463066816,command,0.014596929773688316,0.6260217428207397,0.0
1787251008.530938148,1787251008.530947924,state,0.007218765094876289,0.6077844500541687,0.0
1787251008.530998707,1787251008.530419350,state_stamped,0.007218765094876289,0.6077844500541687,0.0
1787251008.533622742,1787251008.533629656,command,0.015253892168402672,0.5559605956077576,0.0
1787251008.601064205,1787251008.601069212,state,0.009468537755310535,0.5932741761207581,0.0
1787251008.601142883,1787251008.600417376,state_stamped,0.009468537755310535,0.5932741761207581,0.0
1787251008.603273392,1787251008.603281260,command,0.015507417730987072,0.4631091356277466,0.0
1787251008.660926580,1787251008.660931587,state,0.010917886160314083,0.5620341897010803,0.0
1787251008.661031485,1787251008.660418272,state_stamped,0.010917886160314083,0.5620341897010803,0.0
1787251008.663133383,1787251008.663142920,command,0.014303727075457573,0.40211981534957886,0.0
1787251008.731050730,1787251008.731056452,state,0.011865910142660141,0.5172587037086487,0.0
1787251008.731101990,1787251008.730417252,state_stamped,0.011865910142660141,0.5172587037086487,0.0
1787251008.732764244,1787251008.732769728,command,0.01673492044210434,0.3234482705593109,0.0
1787251008.801095009,1787251008.801099062,state,0.013229236006736755,0.4629916846752167,0.0
1787251008.801135063,1787251008.800417423,state_stamped,0.013229236006736755,0.4629916846752167,0.0
1787251008.802998066,1787251008.803002596,command,0.02175111137330532,0.26455825567245483,0.0
1787251008.861130238,1787251008.861136198,state,0.01527448184788227,0.4153677523136139,0.0
1787251008.861190796,1787251008.860417366,state_stamped,0.01527448184788227,0.4153677523136139,0.0
1787251008.863015175,1787251008.863018513,command,-0.003934952430427074,0.029587477445602417,0.0
1787251008.930918932,1787251008.930926085,state,0.00989583507180214,0.30734914541244507,0.0
1787251008.930980921,1787251008.930417538,state_stamped,0.00989583507180214,0.30734914541244507,0.0
1787251008.932648420,1787251008.932651520,command,-0.0019702694844454527,-0.01525249145925045,0.0
1787251009.001121283,1787251009.000431061,state_stamped,0.006572674959897995,0.2170029878616333,0.0
1787251009.001157045,1787251009.001161098,state,0.006572674959897995,0.2170029878616333,0.0
1787251009.003245115,1787251009.003249884,command,0.0011564031010493636,-0.08989035338163376,0.0
1787251009.061086178,1787251009.060417891,state_stamped,0.005273058079183102,0.14336490631103516,0.0
1787251009.061173916,1787251009.061179876,state,0.005273058079183102,0.14336490631103516,0.0
1787251009.063131094,1787251009.063137054,command,-0.0036201169714331627,-0.1685226559638977,0.0
1787251009.131065130,1787251009.131069422,state,0.0027829743921756744,0.056036576628685,0.0
1787251009.131145239,1787251009.130417585,state_stamped,0.0027829743921756744,0.056036576628685,0.0
1787251009.132805824,1787251009.132811546,command,-0.0045968336053192616,-0.2637198865413666,0.0
1787251009.200947762,1787251009.200953245,state,0.0007166401483118534,-0.033494703471660614,0.0
1787251009.201044321,1787251009.200417280,state_stamped,0.0007166401483118534,-0.033494703471660614,0.0
1787251009.203084946,1787251009.203089952,command,-0.0032073871698230505,-0.35661348700523376,0.0
1787251009.260964870,1787251009.260417223,state_stamped,-0.00022512569557875395,-0.11104315519332886,0.0
1787251009.261004448,1787251009.261013269,state,-0.00022512569557875395,-0.11104315519332886,0.0
1787251009.262982368,1787251009.262987852,command,-0.003085468662902713,-0.3761659562587738,0.0
1787251009.330922604,1787251009.330928564,state,-0.0010260238777846098,-0.18527773022651672,0.0
1787251009.330984354,1787251009.330417395,state_stamped,-0.0010260238777846098,-0.18527773022651672,0.0
1787251009.332946062,1787251009.332951307,command,0.00012634150334633887,-0.35420671105384827,0.0
1787251009.400932789,1787251009.400938749,state,-0.0007033175206743181,-0.23258429765701294,0.0
1787251009.401027679,1787251009.400426865,state_stamped,-0.0007033175206743181,-0.23258429765701294,0.0
1787251009.402969360,1787251009.402977228,command,-0.0011880528181791306,-0.25025051832199097,0.0
1787251009.460973024,1787251009.460978746,state,-0.0008196362177841365,-0.23682354390621185,0.0
1787251009.461033821,1787251009.460417747,state_stamped,-0.0008196362177841365,-0.23682354390621185,0.0
1787251009.462947607,1787251009.462954521,command,-0.003425026312470436,-0.16785341501235962,0.0
1787251009.530879259,1787251009.530885220,state,-0.0015491442754864693,-0.21751193702220917,0.0
1787251009.530977249,1787251009.530417681,state_stamped,-0.0015491442754864693,-0.21751193702220917,0.0
1787251009.533030748,1787251009.533036232,command,0.004295396152883768,-0.07097216695547104,0.0
1787251009.600998402,1787251009.601004362,state,8.733209688216448e-05,-0.17648068070411682,0.0
1787251009.601059914,1787251009.600417852,state_stamped,8.733209688216448e-05,-0.17648068070411682,0.0
1787251009.603095770,1787251009.603101492,command,0.009968158788979053,-0.02563050016760826,0.0
1787251009.660917044,1787251009.660417318,state_stamped,0.0024587074294686317,-0.14027699828147888,0.0
1787251009.660965443,1787251009.660973072,state,0.0024587074294686317,-0.14027699828147888,0.0
1787251009.663063765,1787251009.663067341,command,0.012297472916543484,0.019443567842245102,0.0
1787251009.730925083,1787251009.730933428,state,0.005213640630245209,-0.09555394947528839,0.0
1787251009.730968475,1787251009.730419397,state_stamped,0.005213640630245209,-0.09555394947528839,0.0
1787251009.732532024,1787251009.732535124,command,0.02874905988574028,0.2093871384859085,0.0
1787251009.800986528,1787251009.800418615,state_stamped,0.01180349849164486,-0.01017121970653534,0.0
1787251009.801030636,1787251009.801039457,state,0.01180349849164486,-0.01017121970653534,0.0
1787251009.802984953,1787251009.802990198,command,0.028827005997300148,0.325358510017395,0.0
1787251009.861082315,1787251009.861088276,state,0.01588907092809677,0.07035454362630844,0.0
1787251009.861118793,1787251009.860417604,state_stamped,0.01588907092809677,0.07035454362630844,0.0
1787251009.862748384,1787251009.862751961,command,0.014674472622573376,0.3847540318965912,0.0
1787251009.931072474,1787251009.931078672,state,0.015548907220363617,0.15840598940849304,0.0
1787251009.931110382,1787251009.930433273,state_stamped,0.015548907220363617,0.15840598940849304,0.0
1787251009.932695150,1787251009.932698011,command,0.00024919150746427476,0.47934991121292114,0.0
1787251010.001011610,1787251010.001018286,state,0.011265957728028297,0.24824991822242737,0.0
1787251010.001059055,1787251010.000417471,state_stamped,0.011265957728028297,0.24824991822242737,0.0
1787251010.003201723,1787251010.003205061,command,-0.004885946866124868,0.5539174675941467,0.0
1787251010.061079025,1787251010.061084986,state,0.007389436010271311,0.32161134481430054,0.0
1787251010.061156034,1787251010.060418367,state_stamped,0.007389436010271311,0.32161134481430054,0.0
1787251010.062817097,1787251010.062819481,command,-0.015161855146288872,0.5969476699829102,0.0
1787251010.131061554,1787251010.131067753,state,0.0010745842009782791,0.39871150255203247,0.0
1787251010.131140947,1787251010.130423784,state_stamped,0.0010745842009782791,0.39871150255203247,0.0
1787251010.133064270,1787251010.133068323,command,-0.028069091960787773,0.6415321230888367,0.0
1787251010.201157808,1787251010.201166630,state,-0.007084906101226807,0.4666951298713684,0.0
1787251010.201216936,1787251010.200417519,state_stamped,-0.007084906101226807,0.4666951298713684,0.0
1787251010.202816963,1787251010.202820063,command,-0.03147338330745697,0.6685558557510376,0.0
1787251010.261060715,1787251010.260417700,state_stamped,-0.012938151136040688,0.5151417851448059,0.0
1787251010.261149645,1787251010.261158466,state,-0.012938151136040688,0.5151417851448059,0.0
1787251010.262760162,1787251010.262763262,command,-0.018765930086374283,0.6410472989082336,0.0
1787251010.331010580,1787251010.330417395,state_stamped,-0.014569927006959915,0.5503952503204346,0.0
1787251010.331087351,1787251010.331096411,state,-0.014569927006959915,0.5503952503204346,0.0
1787251010.332677841,1787251010.332680702,command,-0.005430363584309816,0.6120606064796448,0.0
1787251010.401056767,1787251010.400417566,state_stamped,-0.012010845355689526,0.5676615834236145,0.0
1787251010.401086569,1787251010.401095390,state,-0.012010845355689526,0.5676615834236145,0.0
1787251010.402711868,1787251010.402717352,command,0.0023271283134818077,0.5317972302436829,0.0
1787251010.461076498,1787251010.461083651,state,-0.00856972299516201,0.5590541362762451,0.0
1787251010.461136103,1787251010.460417747,state_stamped,-0.00856972299516201,0.5590541362762451,0.0
1787251010.463082790,1787251010.463086843,command,0.007649419829249382,0.452618807554245,0.0
1787251010.531017542,1787251010.530427217,state_stamped,-0.004027754534035921,0.5292482376098633,0.0
1787251010.531108856,1787251010.531117201,state,-0.004027754534035921,0.5292482376098633,0.0
1787251010.532714128,1787251010.532717466,command,0.01743219420313835,0.3845079839229584,0.0
1787251010.600932837,1787251010.600941658,state,0.001980183180421591,0.4887266755104065,0.0
1787251010.600999594,1787251010.600417137,state_stamped,0.001980183180421591,0.4887266755104065,0.0
1787251010.603600740,1787251010.603608608,command,0.030192716047167778,0.3203062117099762,0.0
1787251010.661113262,1787251010.660432339,state_stamped,0.00875290296971798,0.448295533657074,0.0
1787251010.661203146,1787251010.661211967,state,0.00875290296971798,0.448295533657074,0.0
1787251010.662986279,1787251010.662989616,command,0.03723834827542305,0.24786993861198425,0.0
1787251010.731065512,1787251010.731076956,state,0.01672820746898651,0.3921807110309601,0.0
1787251010.731144428,1787251010.730427027,state_stamped,0.01672820746898651,0.3921807110309601,0.0
1787251010.733165264,1787251010.733169317,command,0.020666422322392464,0.020414378494024277,0.0
1787251010.801123142,1787251010.801128387,state,0.017830751836299896,0.2881007790565491,0.0
1787251010.801172972,1787251010.800417185,state_stamped,0.017830751836299896,0.2881007790565491,0.0
1787251010.802780151,1787251010.802783251,command,0.027867982164025307,-0.026877548545598984,0.0
1787251010.861141443,1787251010.861150980,state,0.020239708945155144,0.2125053107738495,0.0
1787251010.861207008,1787251010.860417604,state_stamped,0.020239708945155144,0.2125053107738495,0.0
1787251010.862752438,1787251010.862755537,command,0.032197028398513794,-0.08131425082683563,0.0
1787251010.931016684,1787251010.930417776,state_stamped,0.02358776517212391,0.1302356719970703,0.0
1787251010.931109428,1787251010.931118250,state,0.02358776517212391,0.1302356719970703,0.0
1787251010.932680368,1787251010.932683945,command,0.033252473920583725,-0.17033906280994415,0.0
1787251011.001139641,1787251011.000429392,state_stamped,0.02629433572292328,0.046060711145401,0.0
1787251011.001178741,1787251011.001184464,state,0.02629433572292328,0.046060711145401,0.0
1787251011.003298521,1787251011.003301859,command,0.022610008716583252,-0.26958727836608887,0.0
1787251011.061091661,1787251011.060417891,state_stamped,0.02541026659309864,-0.029680296778678894,0.0
1787251011.061129808,1787251011.061138630,state,0.02541026659309864,-0.029680296778678894,0.0
1787251011.063082457,1787251011.063086033,command,0.016122154891490936,-0.3517017662525177,0.0
1787251011.131067991,1787251011.130417109,state_stamped,0.022809624671936035,-0.11984530836343765,0.0
1787251011.131115437,1787251011.131124020,state,0.022809624671936035,-0.11984530836343765,0.0
1787251011.133037090,1787251011.133040190,command,0.012403681874275208,-0.4227461814880371,0.0
1787251011.201030731,1787251011.200417995,state_stamped,0.019895929843187332,-0.20465844869613647,0.0
1787251011.201060772,1787251011.201066256,state,0.019895929843187332,-0.20465844869613647,0.0
1787251011.203024864,1787251011.203027248,command,0.010264277458190918,-0.46632465720176697,0.0
1787251011.261005640,1787251011.260417461,state_stamped,0.01758435182273388,-0.26745784282684326,0.0
1787251011.261042595,1787251011.261054039,state,0.01758435182273388,-0.26745784282684326,0.0
1787251011.263014078,1787251011.263016939,command,-0.019071519374847412,-0.6891138553619385,0.0
1787251011.331006765,1787251011.330426931,state_stamped,0.007319311611354351,-0.38553759455680847,0.0
1787251011.331120014,1787251011.331129074,state,0.007319311611354351,-0.38553759455680847,0.0
1787251011.332722664,1787251011.332725763,command,0.004657397512346506,-0.42980459332466125,0.0
1787251011.401069880,1787251011.400418043,state_stamped,0.006574071012437344,-0.397930771112442,0.0
1787251011.401100397,1787251011.401106119,state,0.006574071012437344,-0.397930771112442,0.0
1787251011.402751207,1787251011.402754307,command,0.005869728047400713,-0.34190934896469116,0.0
1787251011.461072683,1787251011.460417509,state_stamped,0.006405029911547899,-0.38448572158813477,0.0
1787251011.461109161,1787251011.461119175,state,0.006405029911547899,-0.38448572158813477,0.0
1787251011.463068247,1787251011.463070869,command,0.009944765828549862,-0.25198495388031006,0.0
1787251011.530993223,1787251011.530417681,state_stamped,0.007396156899631023,-0.3473854660987854,0.0
1787251011.531096935,1787251011.531105518,state,0.007396156899631023,-0.3473854660987854,0.0
1787251011.532723427,1787251011.532726288,command,0.004234957508742809,-0.16099677979946136,0.0
1787251011.601056576,1787251011.600417376,state_stamped,0.0065110232681035995,-0.2951967716217041,0.0
1787251011.601084232,1787251011.601089954,state,0.0065110232681035995,-0.2951967716217041,0.0
1787251011.602777243,1787251011.602780104,command,0.0008814040920697153,-0.1032676100730896,0.0
1787251011.661069155,1787251011.660436153,state_stamped,0.005159494001418352,-0.24911943078041077,0.0
1787251011.661123753,1787251011.661132812,state,0.005159494001418352,-0.24911943078041077,0.0
1787251011.663076401,1787251011.663079262,command,-0.010016168467700481,-0.02872433513402939,0.0
1787251011.731026888,1787251011.731034040,state,0.00091139180585742,-0.18742454051971436,0.0
1787251011.731094360,1787251011.730418205,state_stamped,0.00091139180585742,-0.18742454051971436,0.0
1787251011.733012199,1787251011.733016014,command,-0.01675090380012989,0.007409974932670593,0.0
1787251011.801140785,1787251011.801145792,state,-0.004034058190882206,-0.13287079334259033,0.0
1787251011.801186562,1787251011.800418377,state_stamped,-0.004034058190882206,-0.13287079334259033,0.0
1787251011.802817822,1787251011.802822828,command,-0.01768563501536846,0.07349642366170883,0.0
1787251011.861104727,1787251011.861111641,state,-0.0073103830218315125,-0.08334347605705261,0.0
1787251011.861215591,1787251011.860417366,state_stamped,-0.0073103830218315125,-0.08334347605705261,0.0
1787251011.862866163,1787251011.862874031,command,0.012438081204891205,0.29397153854370117,0.0
1787251011.930969954,1787251011.930974722,state,-0.0017807506956160069,0.022305920720100403,0.0
1787251011.931023121,1787251011.930418253,state_stamped,-0.0017807506956160069,0.022305920720100403,0.0
1787251011.933026314,1787251011.933034420,command,0.011475118808448315,0.3644144535064697,0.0
1787251012.000981569,1787251012.000989914,state,0.0019308538176119328,0.11809530854225159,0.0
1787251012.001106739,1787251012.000417471,state_stamped,0.0019308538176119328,0.11809530854225159,0.0
1787251012.002949953,1787251012.002959013,command,0.0039557782001793385,0.43945854902267456,0.0
1787251012.061175585,1787251012.061180830,state,0.0024169308599084616,0.19523757696151733,0.0
1787251012.061231375,1787251012.060429096,state_stamped,0.0024169308599084616,0.19523757696151733,0.0
1787251012.063000202,1787251012.063008785,command,-0.005406462121754885,0.527145504951477,0.0
1787251012.131052017,1787251012.131056786,state,0.00022674747742712498,0.2881562411785126,0.0
1787251012.131111145,1787251012.130417585,state_stamped,0.00022674747742712498,0.2881562411785126,0.0
1787251012.133127928,1787251012.133133411,command,-0.007698871660977602,0.5818629264831543,0.0
1787251012.200952768,1787251012.200418711,state_stamped,-0.001992465928196907,0.37039560079574585,0.0
1787251012.200979948,1787251012.200986385,state,-0.001992465928196907,0.37039560079574585,0.0
1787251012.203048468,1787251012.203051567,command,0.0015254636527970433,0.63697749376297,0.0
1787251012.260962486,1787251012.260967970,state,-0.001148174051195383,0.4343744218349457,0.0
1787251012.261009216,1787251012.260417938,state_stamped,-0.001148174051195383,0.4343744218349457,0.0
1787251012.263035059,1787251012.263040304,command,0.00966694951057434,0.659186601638794,0.0
1787251012.330889463,1787251012.330426931,state_stamped,0.001880453433841467,0.4973300099372864,0.0
1787251012.330918550,1787251012.330924034,state,0.001880453433841467,0.4973300099372864,0.0
1787251012.332661390,1787251012.332664490,command,0.015565204434096813,0.6746766567230225,0.0
1787251012.401033163,1787251012.401038408,state,0.00571168027818203,0.5469805598258972,0.0
1787251012.401073217,1787251012.400417805,state_stamped,0.00571168027818203,0.5469805598258972,0.0
1787251012.403090477,1787251012.403093576,command,0.012990206480026245,0.6789916753768921,0.0
1787251012.461068392,1787251012.461076260,state,0.007458515930920839,0.5786630511283875,0.0
1787251012.461175203,1787251012.460417509,state_stamped,0.007458515930920839,0.5786630511283875,0.0
1787251012.463078976,1787251012.463084459,command,0.013330579735338688,0.6529669165611267,0.0
1787251012.531021595,1787251012.531029940,state,0.009102700278162956,0.5994682312011719,0.0
1787251012.531124115,1787251012.530417681,state_stamped,0.009102700278162956,0.5994682312011719,0.0
1787251012.533077240,1787251012.533081055,command,0.011664405465126038,0.6093782186508179,0.0
1787251012.600930214,1787251012.600939751,state,0.00981997698545456,0.6022430062294006,0.0
1787251012.601032972,1787251012.600417614,state_stamped,0.00981997698545456,0.6022430062294006,0.0
1787251012.603547335,1787251012.603550911,command,0.0129728764295578,0.5304780602455139,0.0
1787251012.661093473,1787251012.661099195,state,0.010576672852039337,0.5850194096565247,0.0
1787251012.661200047,1787251012.660417557,state_stamped,0.010576672852039337,0.5850194096565247,0.0
1787251012.663246632,1787251012.663249731,command,0.010038151405751705,0.4505993723869324,0.0
1787251012.731075764,1787251012.731081247,state,0.010425886139273643,0.5473817586898804,0.0
1787251012.731125355,1787251012.730417728,state_stamped,0.010425886139273643,0.5473817586898804,0.0
1787251012.733109474,1787251012.733114958,command,0.0072903442196547985,0.3836512565612793,0.0
1787251012.801077604,1787251012.801082611,state,0.00954793393611908,0.5015372037887573,0.0
1787251012.801177025,1787251012.800417900,state_stamped,0.00954793393611908,0.5015372037887573,0.0
1787251012.803166389,1787251012.803172350,command,0.01411029789596796,0.2904660105705261,0.0
1787251012.861073971,1787251012.861081839,state,0.010642897337675095,0.4508802890777588,0.0
1787251012.861181259,1787251012.860417604,state_stamped,0.010642897337675095,0.4508802890777588,0.0
1787251012.863121510,1787251012.863126516,command,0.015376076102256775,0.2681333124637604,0.0
1787251012.931030512,1787251012.931037664,state,0.011968180537223816,0.39971137046813965,0.0
1787251012.931131601,1787251012.930417299,state_stamped,0.011968180537223816,0.39971137046813965,0.0
1787251012.933081865,1787251012.933087349,command,-0.009337023831903934,0.00955468975007534,0.0
1787251013.001023293,1787251013.001031637,state,0.006002678535878658,0.29046666622161865,0.0
1787251013.001139164,1787251013.000417709,state_stamped,0.006002678535878658,0.29046666622161865,0.0
1787251013.002918005,1787251013.002923489,command,-0.006167414132505655,-0.04272714629769325,0.0
1787251013.061082125,1787251013.061088562,state,0.0030818553641438484,0.21050012111663818,0.0
1787251013.061187029,1787251013.060417891,state_stamped,0.0030818553641438484,0.21050012111663818,0.0
1787251013.062805414,1787251013.062810898,command,0.001088112243451178,-0.10428447276353836,0.0
1787251013.131040335,1787251013.131045103,state,0.0025235628709197044,0.12235342711210251,0.0
1787251013.131086111,1787251013.130423307,state_stamped,0.0025235628709197044,0.12235342711210251,0.0
1787251013.132736206,1787251013.132742882,command,0.00485056871548295,-0.19643111526966095,0.0
1787251013.201097965,1787251013.200417519,state_stamped,0.003175070509314537,0.0331011638045311,0.0
1787251013.201133966,1787251013.201138735,state,0.003175070509314537,0.0331011638045311,0.0
1787251013.203151464,1787251013.203156948,command,0.003036810550838709,-0.30425670742988586,0.0
1787251013.261069298,1787251013.261074066,state,0.0031418807338923216,-0.0478828102350235,0.0
1787251013.261145592,1787251013.260431051,state_stamped,0.0031418807338923216,-0.0478828102350235,0.0
1787251013.263105392,1787251013.263110638,command,0.0030711519066244364,-0.36293548345565796,0.0
1787251013.331004858,1787251013.331009865,state,0.003122080350294709,-0.13608098030090332,0.0
1787251013.331052780,1787251013.330417871,state_stamped,0.003122080350294709,-0.13608098030090332,0.0
1787251013.332947969,1787251013.332951546,command,0.007338770665228367,-0.3740869462490082,0.0
1787251013.401077271,1787251013.401082039,state,0.0043027508072555065,-0.2027224898338318,0.0
1787251013.401174307,1787251013.400417566,state_stamped,0.0043027508072555065,-0.2027224898338318,0.0
1787251013.403112411,1787251013.403115749,command,0.012271912768483162,-0.3521701693534851,0.0
1787251013.461092949,1787251013.461097717,state,0.006215652916580439,-0.2385956197977066,0.0
1787251013.461138725,1787251013.460427046,state_stamped,0.006215652916580439,-0.2385956197977066,0.0
1787251013.463115692,1787251013.463121176,command,0.003177015343680978,-0.279583215713501,0.0
1787251013.531007767,1787251013.531012535,state,0.005364943761378527,-0.2500706613063812,0.0
1787251013.531067848,1787251013.530418158,state_stamped,0.005364943761378527,-0.2500706613063812,0.0
1787251013.533116579,1787251013.533119678,command,0.00216210400685668,-0.18980231881141663,0.0
1787251013.601058006,1787251013.601063013,state,0.004468148574233055,-0.23319552838802338,0.0
1787251013.601150990,1787251013.600418091,state_stamped,0.004468148574233055,-0.23319552838802338,0.0
1787251013.603134871,1787251013.603138208,command,0.005073602311313152,-0.08572401851415634,0.0
1787251013.661078691,1787251013.661085129,state,0.004613478668034077,-0.19779714941978455,0.0
1787251013.661118746,1787251013.660427094,state_stamped,0.004613478668034077,-0.19779714941978455,0.0
1787251013.663126230,1787251013.663129807,command,0.00822104886174202,-0.03579055517911911,0.0
1787251013.731001139,1787251013.731006622,state,0.005623457953333855,-0.15244160592556,0.0
1787251013.731053352,1787251013.730417252,state_stamped,0.005623457953333855,-0.15244160592556,0.0
1787251013.732775688,1787251013.732779026,command,0.009115333668887615,0.011371193453669548,0.0
1787251013.801112175,1787251013.800417662,state_stamped,0.006601187400519848,-0.10657381266355515,0.0
1787251013.801142216,1787251013.801147699,state,0.006601187400519848,-0.10657381266355515,0.0
1787251013.803167343,1787251013.803169966,command,0.02244110219180584,0.20336101949214935,0.0
1787251013.861108065,1787251013.860417128,state_stamped,0.010402743704617023,-0.03218991309404373,0.0
1787251013.861143589,1787251013.861148834,state,0.010402743704617023,-0.03218991309404373,0.0
1787251013.863119364,1787251013.863122463,command,0.02395244874060154,0.29553818702697754,0.0
1787251013.931040764,1787251013.930417538,state_stamped,0.01419667899608612,0.059574373066425323,0.0
1787251013.931075811,1787251013.931081057,state,0.01419667899608612,0.059574373066425323,0.0
1787251013.932835340,1787251013.932838202,command,0.010775325819849968,0.37903711199760437,0.0
1787251014.001157999,1787251014.001166582,state,0.013238569721579552,0.14903607964515686,0.0
1787251014.001214027,1787251014.000427008,state_stamped,0.013238569721579552,0.14903607964515686,0.0
1787251014.003382206,1787251014.003384590,command,-0.006827361881732941,0.468339741230011,0.0
1787251014.061153650,1787251014.061159134,state,0.008422741666436195,0.2256690263748169,0.0
1787251014.061190367,1787251014.060427189,state_stamped,0.008422741666436195,0.2256690263748169,0.0
1787251014.063167095,1787251014.063169718,command,-0.010498589836061,0.5351243019104004,0.0
1787251014.131051540,1787251014.131056547,state,0.0031254873611032963,0.3123047649860382,0.0
1787251014.131099463,1787251014.130417585,state_stamped,0.0031254873611032963,0.3123047649860382,0.0
1787251014.132824898,1787251014.132828474,command,-0.017901748418807983,0.5947121381759644,0.0
1787251014.201072693,1787251014.201077700,state,-0.002762146294116974,0.3913789391517639,0.0
1787251014.201158762,1787251014.200417757,state_stamped,-0.002762146294116974,0.3913789391517639,0.0
1787251014.203118563,1787251014.203121185,command,-0.029365085065364838,0.6388441920280457,0.0
1787251014.261135578,1787251014.261140823,state,-0.009146938100457191,0.45077142119407654,0.0
1787251014.261184216,1787251014.260418415,state_stamped,-0.009146938100457191,0.45077142119407654,0.0
1787251014.263103962,1787251014.263107061,command,-0.035628024488687515,0.6631230711936951,0.0
1787251014.331047058,1787251014.331052303,state,-0.01656154915690422,0.5102291703224182,0.0
1787251014.331094980,1787251014.330417633,state_stamped,-0.01656154915690422,0.5102291703224182,0.0
1787251014.332755566,1787251014.332759857,command,-0.019944850355386734,0.6232988834381104,0.0
1787251014.401111126,1787251014.401115894,state,-0.017508869990706444,0.5418885350227356,0.0
1787251014.401157618,1787251014.400417328,state_stamped,-0.017508869990706444,0.5418885350227356,0.0
1787251014.403147221,1787251014.403150797,command,-0.007592866197228432,0.5763501524925232,0.0
1787251014.461133718,1787251014.461138725,state,-0.015129029750823975,0.5501593351364136,0.0
1787251014.461182356,1787251014.460417271,state_stamped,-0.015129029750823975,0.5501593351364136,0.0
1787251014.463118792,1787251014.463122845,command,0.002897986676543951,0.506417989730835,0.0
1787251014.531005621,1787251014.531010628,state,-0.01008142251521349,0.5379116535186768,0.0
1787251014.531098843,1787251014.530417919,state_stamped,-0.01008142251521349,0.5379116535186768,0.0
1787251014.532761097,1787251014.532764673,command,0.01114641409367323,0.4159340262413025,0.0
1787251014.600946426,1787251014.600954771,state,-0.004136437550187111,0.5037510991096497,0.0
1787251014.601006269,1787251014.600431919,state_stamped,-0.004136437550187111,0.5037510991096497,0.0
1787251014.603571415,1787251014.603575230,command,0.024571094661951065,0.35040274262428284,0.0
1787251014.661089897,1787251014.660417557,state_stamped,0.0027517275884747505,0.4669562578201294,0.0
1787251014.661128998,1787251014.661134243,state,0.0027517275884747505,0.4669562578201294,0.0
1787251014.662992716,1787251014.662995815,command,0.0398453027009964,0.30144768953323364,0.0
1787251014.731045961,1787251014.730419159,state_stamped,0.013138153590261936,0.4206128716468811,0.0
1787251014.731092930,1787251014.731098413,state,0.013138153590261936,0.4206128716468811,0.0
1787251014.732832193,1787251014.732836008,command,0.04688891023397446,0.22713737189769745,0.0
1787251014.801111698,1787251014.801116705,state,0.0225893035531044,0.36643436551094055,0.0
1787251014.801160336,1787251014.800426006,state_stamped,0.0225893035531044,0.36643436551094055,0.0
1787251014.802790880,1787251014.802793741,command,0.033384185284376144,0.004876206163316965,0.0
1787251014.861091614,1787251014.861096621,state,0.025180332362651825,0.27965182065963745,0.0
1787251014.861139536,1787251014.860431910,state_stamped,0.025180332362651825,0.27965182065963745,0.0
1787251014.863210440,1787251014.863214493,command,0.03575839847326279,-0.03726331889629364,0.0
1787251014.931041956,1787251014.931046963,state,0.028141599148511887,0.19093333184719086,0.0
1787251014.931091547,1787251014.930418015,state_stamped,0.028141599148511887,0.19093333184719086,0.0
1787251014.932716846,1787251014.932720184,command,0.03758492320775986,-0.12407869845628738,0.0
1787251014.991212845,1787251014.990455866,state_stamped,0.030409429222345352,0.11528264731168747,0.0
1787251014.991258621,1787251014.991270542,state,0.030409429222345352,0.11528264731168747,0.0
1787251014.993033886,1787251014.993036985,command,0.0346321277320385,-0.1861787736415863,0.0
1787251015.061101675,1787251015.061106443,state,0.03159113600850105,0.03091970831155777,0.0
1787251015.061196804,1787251015.060417652,state_stamped,0.03159113600850105,0.03091970831155777,0.0
1787251015.062799454,1787251015.062802792,command,0.02834266982972622,-0.2906613051891327,0.0
1787251015.130934238,1787251015.130939484,state,0.030681388452649117,-0.05914048105478287,0.0
1787251015.130974293,1787251015.130431175,state_stamped,0.030681388452649117,-0.05914048105478287,0.0
1787251015.132745266,1787251015.132749081,command,0.01940895989537239,-0.3898314833641052,0.0
1787251015.201117992,1787251015.201123238,state,0.027525173500180244,-0.15173205733299255,0.0
1787251015.201166153,1787251015.200429678,state_stamped,0.027525173500180244,-0.15173205733299255,0.0
1787251015.202917576,1787251015.202920675,command,0.012594286352396011,-0.4439494013786316,0.0
1787251015.261141777,1787251015.261146784,state,0.023942483589053154,-0.22185006737709045,0.0
1787251015.261175632,1787251015.260417700,state_stamped,0.023942483589053154,-0.22185006737709045,0.0
1787251015.262864351,1787251015.262867212,command,-0.017078261822462082,-0.6898902058601379,0.0
1787251015.331006527,1787251015.330417395,state_stamped,0.012456724420189857,-0.35290074348449707,0.0
1787251015.331037283,1787251015.331042290,state,0.012456724420189857,-0.35290074348449707,0.0
1787251015.332683325,1787251015.332686424,command,0.00405314052477479,-0.4562520980834961,0.0
1787251015.401113033,1787251015.401118517,state,0.010103380307555199,-0.38184329867362976,0.0
1787251015.401162386,1787251015.400427341,state_stamped,0.010103380307555199,-0.38184329867362976,0.0
1787251015.402837276,1787251015.402839899,command,0.0018316848436370492,-0.36259740591049194,0.0
1787251015.461132526,1787251015.461137772,state,0.00811721570789814,-0.37722206115722656,0.0
1787251015.461172819,1787251015.460456371,state_stamped,0.00811721570789814,-0.37722206115722656,0.0
1787251015.463173628,1787251015.463177443,command,-0.003520321799442172,-0.27893856167793274,0.0
1787251015.531056404,1787251015.530429125,state_stamped,0.004859974142163992,-0.34971338510513306,0.0
1787251015.531100988,1787251015.531106234,state,0.004859974142163992,-0.34971338510513306,0.0
1787251015.532941341,1787251015.532944918,command,-0.005690278019756079,-0.17491735517978668,0.0
1787251015.591064930,1787251015.591077089,state,0.0023283762857317924,-0.3077700138092041,0.0
1787251015.591131926,1787251015.590418100,state_stamped,0.0023283762857317924,-0.3077700138092041,0.0
1787251015.594943047,1787251015.594950199,command,-0.007757544983178377,-0.11688066273927689,0.0
1787251015.660941839,1787251015.660950899,state,-0.0004956417251378298,-0.25432175397872925,0.0
1787251015.661018372,1787251015.660417080,state_stamped,-0.0004956417251378298,-0.25432175397872925,0.0
1787251015.663579464,1787251015.663588285,command,-0.011048960499465466,-0.06189475581049919,0.0
1787251015.730936289,1787251015.730417490,state_stamped,-0.00345058087259531,-0.20044201612472534,0.0
1787251015.730974197,1787251015.730983496,state,-0.00345058087259531,-0.20044201612472534,0.0
1787251015.732919455,1787251015.732924938,command,-0.0207870714366436,0.0006070757517591119,0.0
1787251015.800935984,1787251015.800942183,state,-0.008304809220135212,-0.14414814114570618,0.0
1787251015.800978422,1787251015.800417662,state_stamped,-0.008304809220135212,-0.14414814114570618,0.0
1787251015.802821398,1787251015.802825689,command,-0.02664339728653431,0.046475157141685486,0.0
1787251015.860985041,1787251015.860992193,state,-0.012707056477665901,-0.09838829189538956,0.0
1787251015.861036301,1787251015.860430956,state_stamped,-0.012707056477665901,-0.09838829189538956,0.0
1787251015.863317966,1787251015.863325834,command,0.0037297543603926897,0.2959662079811096,0.0
1787251015.930887222,1787251015.930417776,state_stamped,-0.008105624467134476,0.012009955942630768,0.0
1787251015.930926085,1787251015.930934429,state,-0.008105624467134476,0.012009955942630768,0.0
1787251015.932809830,1787251015.932814360,command,0.007157045416533947,0.35494464635849,0.0
1787251016.001007318,1787251016.001012802,state,-0.003832027316093445,0.10803278535604477,0.0
1787251016.001054525,1787251016.000418425,state_stamped,-0.003832027316093445,0.10803278535604477,0.0
1787251016.003350496,1787251016.003355503,command,0.003349524922668934,0.4280165135860443,0.0
1787251016.061120987,1787251016.060417414,state_stamped,-0.0021084845066070557,0.18482756614685059,0.0
1787251016.061164618,1787251016.061170340,state,-0.0021084845066070557,0.18482756614685059,0.0
1787251016.063027382,1787251016.063031435,command,-0.0033300721552222967,0.48903340101242065,0.0
1787251016.131033897,1787251016.131042242,state,-0.0024505285546183586,0.27000510692596436,0.0
1787251016.131097794,1787251016.130417347,state_stamped,-0.0024505285546183586,0.27000510692596436,0.0
1787251016.132936954,1787251016.132940531,command,-0.01169737521559,0.5790256857872009,0.0
1787251016.201108932,1787251016.200417757,state_stamped,-0.005039655603468418,0.35653120279312134,0.0
1787251016.201142073,1787251016.201147318,state,-0.005039655603468418,0.35653120279312134,0.0
1787251016.203254223,1787251016.203264236,command,-0.0006270456360653043,0.6133880615234375,0.0
1787251016.261178017,1787251016.260417223,state_stamped,-0.003980637062340975,0.4181763827800751,0.0
1787251016.261227369,1787251016.261235952,state,-0.003980637062340975,0.4181763827800751,0.0
1787251016.262895107,1787251016.262902737,command,0.0010360402520745993,0.6456000208854675,0.0
1787251016.331091166,1787251016.331099987,state,-0.0025759616401046515,0.48185527324676514,0.0
1787251016.331153393,1787251016.330417633,state_stamped,-0.0025759616401046515,0.48185527324676514,0.0
1787251016.333232164,1787251016.333238363,command,0.010707621462643147,0.6255205869674683,0.0
1787251016.401129723,1787251016.400418282,state_stamped,0.0011434836778789759,0.5220820307731628,0.0
1787251016.401178360,1787251016.401185513,state,0.0011434836778789759,0.5220820307731628,0.0
1787251016.402888298,1787251016.402891636,command,0.017428314313292503,0.6061720252037048,0.0
1787251016.461162329,1787251016.460417271,state_stamped,0.005051782354712486,0.5422633290290833,0.0
1787251016.461212873,1787251016.461221457,state,0.005051782354712486,0.5422633290290833,0.0
1787251016.462850332,1787251016.462857962,command,0.015343813225626945,0.5624821782112122,0.0
1787251016.531084776,1787251016.531092882,state,0.007933557033538818,0.5479246377944946,0.0
1787251016.531146526,1787251016.530417442,state_stamped,0.007933557033538818,0.5479246377944946,0.0
1787251016.532809019,1787251016.532816410,command,0.01664043217897415,0.4945635199546814,0.0
1787251016.600992441,1787251016.601001501,state,0.010371867567300797,0.5329811573028564,0.0
1787251016.601062059,1787251016.600428581,state_stamped,0.010371867567300797,0.5329811573028564,0.0
1787251016.603651762,1787251016.603657007,command,0.01645006239414215,0.38705214858055115,0.0
1787251016.660900593,1787251016.660906553,state,0.01183035783469677,0.4979648292064667,0.0
1787251016.660947084,1787251016.660417318,state_stamped,0.01183035783469677,0.4979648292064667,0.0
1787251016.662728310,1787251016.662736416,command,0.014592575840651989,0.3497464954853058,0.0
1787251016.731078386,1787251016.730417728,state_stamped,0.012603783048689365,0.45646345615386963,0.0
1787251016.731124401,1787251016.731130362,state,0.012603783048689365,0.45646345615386963,0.0
1787251016.732914686,1787251016.732920170,command,0.02093207649886608,0.252887099981308,0.0
1787251016.801121950,1787251016.801127672,state,0.0149356909096241,0.39946240186691284,0.0
1787251016.801175117,1787251016.800417185,state_stamped,0.0149356909096241,0.39946240186691284,0.0
1787251016.802858353,1787251016.802861452,command,0.023019494488835335,0.21893525123596191,0.0
1787251016.861159563,1787251016.861165285,state,0.016875814646482468,0.35613563656806946,0.0
1787251016.861217022,1787251016.860417604,state_stamped,0.016875814646482468,0.35613563656806946,0.0
1787251016.862920284,1787251016.862927198,command,0.007502301130443811,-0.015547874383628368,0.0
1787251016.931067467,1787251016.930417776,state_stamped,0.014251220971345901,0.2520638704299927,0.0
1787251016.931114435,1787251016.931120396,state,0.014251220971345901,0.2520638704299927,0.0
1787251016.932850122,1787251016.932855368,command,0.011251198127865791,-0.07512111961841583,0.0
1787251017.001129866,1787251017.000418186,state_stamped,0.013411210849881172,0.16045169532299042,0.0
1787251017.001214743,1787251017.001224995,state,0.013411210849881172,0.16045169532299042,0.0
1787251017.003099203,1787251017.003104925,command,0.009547945111989975,-0.1598483771085739,0.0
1787251017.061067820,1787251017.061074734,state,0.012484041042625904,0.08358080685138702,0.0
1787251017.061157227,1787251017.060417175,state_stamped,0.012484041042625904,0.08358080685138702,0.0
1787251017.062963247,1787251017.062968969,command,0.005353488493710756,-0.24009278416633606,0.0
1787251017.131058693,1787251017.131066799,state,0.010487482883036137,-0.0070479512214660645,0.0
1787251017.131121635,1787251017.130417347,state_stamped,0.010487482883036137,-0.0070479512214660645,0.0
1787251017.132857561,1787251017.132863045,command,0.0012564314529299736,-0.33034026622772217,0.0
1787251017.201133966,1787251017.200418234,state_stamped,0.007902756333351135,-0.09757093340158463,0.0
1787251017.201171160,1787251017.201179504,state,0.007902756333351135,-0.09757093340158463,0.0
1787251017.202919006,1787251017.202927113,command,0.00120201101526618,-0.38192492723464966,0.0
1787251017.261116982,1787251017.260417461,state_stamped,0.006294599734246731,-0.16581493616104126,0.0
1787251017.261164188,1787251017.261170149,state,0.006294599734246731,-0.16581493616104126,0.0
1787251017.262927771,1787251017.262933254,command,-0.0018885706085711718,-0.38390567898750305,0.0
1787251017.331071138,1787251017.330426931,state_stamped,0.004002999514341354,-0.22688868641853333,0.0
1787251017.331120968,1787251017.331129313,state,0.004002999514341354,-0.22688868641853333,0.0
1787251017.332845449,1787251017.332850456,command,-0.006127932574599981,-0.2920795679092407,0.0
1787251017.401128531,1787251017.401137590,state,0.0011666994541883469,-0.24513980746269226,0.0
1787251017.401181698,1787251017.400418043,state_stamped,0.0011666994541883469,-0.24513980746269226,0.0
1787251017.402804852,1787251017.402810335,command,-0.002612501149997115,-0.1787574738264084,0.0
1787251017.461117029,1787251017.460418463,state_stamped,0.0002596864942461252,-0.22920796275138855,0.0
1787251017.461166143,1787251017.461171865,state,0.0002596864942461252,-0.22920796275138855,0.0
1787251017.462910414,1787251017.462918043,command,0.004658044781535864,-0.09759066253900528,0.0
1787251017.531075001,1787251017.530417442,state_stamped,0.001491211703978479,-0.19235557317733765,0.0
1787251017.531112194,1787251017.531120539,state,0.001491211703978479,-0.19235557317733765,0.0
1787251017.532862902,1787251017.532868385,command,0.009876273572444916,-0.046680085361003876,0.0
1787251017.601058006,1787251017.601066589,state,0.0038390527479350567,-0.1515660285949707,0.0
1787251017.601120949,1787251017.600418329,state_stamped,0.0038390527479350567,-0.1515660285949707,0.0
1787251017.602877617,1787251017.602884293,command,0.013426801189780235,0.011550262570381165,0.0
1787251017.661115646,1787251017.661123753,state,0.0061400942504405975,-0.11241842806339264,0.0
1787251017.661179543,1787251017.660417795,state_stamped,0.0061400942504405975,-0.11241842806339264,0.0
1787251017.662926674,1787251017.662934542,command,0.0075593129731714725,0.041706331074237823,0.0
1787251017.730956793,1787251017.730417252,state_stamped,0.006537472829222679,-0.069263756275177,0.0
1787251017.730987549,1787251017.730993509,state,0.006537472829222679,-0.069263756275177,0.0
1787251017.732705116,1787251017.732710361,command,0.035379257053136826,0.3026440143585205,0.0
1787251017.801113129,1787251017.801116943,state,0.014613168314099312,0.034870363771915436,0.0
1787251017.801160336,1787251017.800417185,state_stamped,0.014613168314099312,0.034870363771915436,0.0
1787251017.802994728,1787251017.803001642,command,0.03910054266452789,0.3553803563117981,0.0
1787251017.861119032,1787251017.860417128,state_stamped,0.02049013040959835,0.1117926612496376,0.0
1787251017.861160517,1787251017.861163855,state,0.02049013040959835,0.1117926612496376,0.0
1787251017.862924337,1787251017.862932920,command,0.030039943754673004,0.4079977571964264,0.0
1787251017.930877686,1787251017.930880785,state,0.02316458523273468,0.19474577903747559,0.0
1787251017.930980682,1787251017.930430412,state_stamped,0.02316458523273468,0.19474577903747559,0.0
1787251017.933413744,1787251017.933423042,command,0.013912453316152096,0.49403414130210876,0.0
1787251018.001043797,1787251018.001046419,state,0.020574454218149185,0.2785314917564392,0.0
1787251018.001088619,1787251018.000417948,state_stamped,0.020574454218149185,0.2785314917564392,0.0
1787251018.003199577,1787251018.003207922,command,-0.00580581184476614,0.5932008028030396,0.0
1787251018.061168909,1787251018.061177015,state,0.014243238605558872,0.35405153036117554,0.0
1787251018.061235189,1787251018.060417414,state_stamped,0.014243238605558872,0.35405153036117554,0.0
1787251018.063009977,1787251018.063015699,command,-0.005295425653457642,0.6323965191841125,0.0
1787251018.130974054,1787251018.130982399,state,0.008772412315011024,0.4319881200790405,0.0
1787251018.131045818,1787251018.130417347,state_stamped,0.008772412315011024,0.4319881200790405,0.0
1787251018.132907867,1787251018.132914782,command,-0.008479644544422626,0.6749881505966187,0.0
1787251018.201168060,1787251018.201173067,state,0.003941816743463278,0.5000283718109131,0.0
1787251018.201223850,1787251018.200417757,state_stamped,0.003941816743463278,0.5000283718109131,0.0
1787251018.202909470,1787251018.202916145,command,-0.0020471718162298203,0.6822153925895691,0.0
1787251018.261146545,1787251018.261154652,state,0.002504457253962755,0.5437533259391785,0.0
1787251018.261214972,1787251018.260417700,state_stamped,0.002504457253962755,0.5437533259391785,0.0
1787251018.262880564,1787251018.262886286,command,0.00010375795682193711,0.6828877329826355,0.0
1787251018.331055164,1787251018.331063509,state,0.001832266803830862,0.5827106237411499,0.0
1787251018.331127882,1787251018.330417156,state_stamped,0.001832266803830862,0.5827106237411499,0.0
1787251018.332868814,1787251018.332874060,command,0.010081741958856583,0.6472241878509521,0.0
1787251018.401170492,1787251018.401175737,state,0.004142122343182564,0.6007744669914246,0.0
1787251018.401229620,1787251018.400417328,state_stamped,0.004142122343182564,0.6007744669914246,0.0
1787251018.402906656,1787251018.402911663,command,0.01021123118698597,0.5832414627075195,0.0
1787251018.461038589,1787251018.461046934,state,0.005598716903477907,0.5965664982795715,0.0
1787251018.461112499,1787251018.460417747,state_stamped,0.005598716903477907,0.5965664982795715,0.0
1787251018.462920427,1787251018.462926626,command,0.008761524222791195,0.5153310298919678,0.0
1787251018.530985832,1787251018.530994415,state,0.006484301760792732,0.5738205909729004,0.0
1787251018.531056643,1787251018.530417681,state_stamped,0.006484301760792732,0.5738205909729004,0.0
1787251018.532903910,1787251018.532909870,command,0.006345413625240326,0.430290549993515,0.0
1787251018.601176739,1787251018.601183414,state,0.006445412524044514,0.5336318016052246,0.0
1787251018.601235390,1787251018.600418091,state_stamped,0.006445412524044514,0.5336318016052246,0.0
1787251018.602914810,1787251018.602918625,command,0.0064006163738667965,0.366595059633255,0.0
1787251018.660932064,1787251018.660942554,state,0.006434661336243153,0.4935430884361267,0.0
1787251018.660999775,1787251018.660418034,state_stamped,0.006434661336243153,0.4935430884361267,0.0
1787251018.663572788,1787251018.663579226,command,0.011520260944962502,0.2799769937992096,0.0
1787251018.731000900,1787251018.731009483,state,0.007858620956540108,0.4337449073791504,0.0
1787251018.731118441,1787251018.730417728,state_stamped,0.007858620956540108,0.4337449073791504,0.0
1787251018.733105183,1787251018.733108282,command,0.006596729159355164,0.2771557569503784,0.0
1787251018.801037550,1787251018.801043272,state,0.007505291141569614,0.38989993929862976,0.0
1787251018.801128387,1787251018.800417662,state_stamped,0.007505291141569614,0.38989993929862976,0.0
1787251018.802972317,1787251018.802975893,command,-0.00815854873508215,-0.008875450119376183,0.0
1787251018.861035109,1787251018.861043215,state,0.003745970781892538,0.2941938638687134,0.0
1787251018.861106634,1787251018.860417604,state_stamped,0.003745970781892538,0.2941938638687134,0.0
1787251018.862927914,1787251018.862931728,command,-0.012144695967435837,-0.0587608739733696,0.0
1787251018.930998325,1787251018.931006432,state,-0.0007034228183329105,0.19536638259887695,0.0
1787251018.931069374,1787251018.930417776,state_stamped,-0.0007034228183329105,0.19536638259887695,0.0
1787251018.932759047,1787251018.932763100,command,-0.012655023485422134,-0.14265140891075134,0.0
1787251019.001043081,1787251019.001047134,state,-0.004049872513860464,0.10072135925292969,0.0
1787251019.001132965,1787251019.000417709,state_stamped,-0.004049872513860464,0.10072135925292969,0.0
1787251019.003082752,1787251019.003086805,command,-0.010885353200137615,-0.23576079308986664,0.0
1787251019.061046124,1787251019.061051846,state,-0.005690653808414936,0.01995255798101425,0.0
1787251019.061110735,1787251019.060427427,state_stamped,-0.005690653808414936,0.01995255798101425,0.0
1787251019.062984943,1787251019.062991858,command,-0.007577820681035519,-0.30793818831443787,0.0
1787251019.130994320,1787251019.131002903,state,-0.00621902896091342,-0.07185138761997223,0.0
1787251019.131064177,1787251019.130423307,state_stamped,-0.00621902896091342,-0.07185138761997223,0.0
1787251019.132910013,1787251019.132915974,command,-0.005796756129711866,-0.347295343875885,0.0
1787251019.201090574,1787251019.201095819,state,-0.006100786384195089,-0.14897975325584412,0.0
1787251019.201186895,1787251019.200427055,state_stamped,-0.006100786384195089,-0.14897975325584412,0.0
1787251019.202881575,1787251019.202888489,command,-0.003295756410807371,-0.32256585359573364,0.0
1787251019.261085749,1787251019.261093855,state,-0.0054275295697152615,-0.19064348936080933,0.0
1787251019.261155367,1787251019.260431290,state_stamped,-0.0054275295697152615,-0.19064348936080933,0.0
1787251019.263113737,1787251019.263120651,command,-0.007422653958201408,-0.22677016258239746,0.0
1787251019.331031084,1787251019.331037045,state,-0.005986063275486231,-0.20075713098049164,0.0
1787251019.331129313,1787251019.330418825,state_stamped,-0.005986063275486231,-0.20075713098049164,0.0
1787251019.332770586,1787251019.332776785,command,-0.00011512970377225429,-0.11337252706289291,0.0
1787251019.401085854,1787251019.401089191,state,-0.004342228174209595,-0.17628984153270721,0.0
1787251019.401172400,1787251019.400417566,state_stamped,-0.004342228174209595,-0.17628984153270721,0.0
1787251019.402892828,1787251019.402898550,command,0.013498510234057903,-0.05156169459223747,0.0
1787251019.461083412,1787251019.461089373,state,-6.043119356036186e-05,-0.14635495841503143,0.0
1787251019.461177349,1787251019.460417986,state_stamped,-6.043119356036186e-05,-0.14635495841503143,0.0
1787251019.462901592,1787251019.462906837,command,0.01962149143218994,-0.01331600733101368,0.0
1787251019.531036139,1787251019.531041861,state,0.005450532305985689,-0.10910388082265854,0.0
1787251019.531122923,1787251019.530418158,state_stamped,0.005450532305985689,-0.10910388082265854,0.0
1787251019.532845974,1787251019.532850266,command,0.03308205306529999,0.16628961265087128,0.0
1787251019.601131916,1787251019.601137877,state,0.013187306001782417,-0.031994231045246124,0.0
1787251019.601190329,1787251019.600417614,state_stamped,0.013187306001782417,-0.031994231045246124,0.0
1787251019.602894545,1787251019.602900982,command,0.04045037552714348,0.25223198533058167,0.0
1787251019.661045790,1787251019.661051750,state,0.019731495529413223,0.036231040954589844,0.0
1787251019.661135912,1787251019.660427332,state_stamped,0.019731495529413223,0.036231040954589844,0.0
1787251019.662878275,1787251019.662883520,command,0.03137659281492233,0.351643830537796,0.0
1787251019.731080294,1787251019.730417490,state_stamped,0.022991662845015526,0.12453415989875793,0.0
1787251019.731129169,1787251019.731134892,state,0.022991662845015526,0.12453415989875793,0.0
1787251019.732818127,1787251019.732822180,command,0.017515236511826515,0.43426039814949036,0.0
1787251019.801120520,1787251019.801125050,state,0.021458258852362633,0.21125775575637817,0.0
1787251019.801165104,1787251019.800417662,state_stamped,0.021458258852362633,0.21125775575637817,0.0
1787251019.802906036,1787251019.802911043,command,0.008669397793710232,0.5154762864112854,0.0
1787251019.861102104,1787251019.861107826,state,0.018388453871011734,0.28428158164024353,0.0
1787251019.861147165,1787251019.860427141,state_stamped,0.018388453871011734,0.28428158164024353,0.0
1787251019.862896919,1787251019.862900496,command,0.00024262204533442855,0.5629186034202576,0.0
1787251019.930897474,1787251019.930903196,state,0.013308306224644184,0.3622894287109375,0.0
1787251019.930981398,1787251019.930417538,state_stamped,0.013308306224644184,0.3622894287109375,0.0
1787251019.932773352,1787251019.932777882,command,-0.012367893941700459,0.6138008236885071,0.0
1787251020.000964642,1787251020.000417233,state_stamped,0.006119005382061005,0.43271225690841675,0.0
1787251020.001053810,1787251020.001064539,state,0.006119005382061005,0.43271225690841675,0.0
1787251020.003088474,1787251020.003093004,command,-0.021231690421700478,0.6529912352561951,0.0
1787251020.061147928,1787251020.061156511,state,-0.00044516799971461296,0.485579252243042,0.0
1787251020.061214209,1787251020.060417414,state_stamped,-0.00044516799971461296,0.485579252243042,0.0
1787251020.062933207,1787251020.062939882,command,-0.01969345286488533,0.6712943911552429,0.0
1787251020.131028652,1787251020.131033897,state,-0.0058347140438854694,0.5375797748565674,0.0
1787251020.131123781,1787251020.130417585,state_stamped,-0.0058347140438854694,0.5375797748565674,0.0
1787251020.132879972,1787251020.132885218,command,-0.007297278381884098,0.6528186202049255,0.0
1787251020.201038361,1787251020.200417280,state_stamped,-0.006244230084121227,0.569846510887146,0.0
1787251020.201066256,1787251020.201071501,state,-0.006244230084121227,0.569846510887146,0.0
1787251020.202992201,1787251020.202996969,command,0.00041676778346300125,0.6294440627098083,0.0
1787251020.261136293,1787251020.261141539,state,-0.004645590670406818,0.5841498970985413,0.0
1787251020.261194229,1787251020.260417461,state_stamped,-0.004645590670406818,0.5841498970985413,0.0
1787251020.262921333,1787251020.262927294,command,0.0032818529289215803,0.5757267475128174,0.0
1787251020.331058025,1787251020.331062794,state,-0.002425902523100376,0.5817914009094238,0.0
1787251020.331116915,1787251020.330417395,state_stamped,-0.002425902523100376,0.5817914009094238,0.0
1787251020.332879543,1787251020.332885504,command,0.010300038382411003,0.4836012125015259,0.0
1787251020.401042700,1787251020.401047945,state,0.001137393992394209,0.554297924041748,0.0
1787251020.401097775,1787251020.400418043,state_stamped,0.001137393992394209,0.554297924041748,0.0
1787251020.402899265,1787251020.402905703,command,0.018455417826771736,0.3975670635700226,0.0
1787251020.461136580,1787251020.461145163,state,0.0052937101572752,0.5166826248168945,0.0
1787251020.461206675,1787251020.460417986,state_stamped,0.0052937101572752,0.5166826248168945,0.0
1787251020.462932110,1787251020.462937593,command,0.023093173280358315,0.34296607971191406,0.0
1787251020.531086683,1787251020.531094551,state,0.010277505032718182,0.4680425226688385,0.0
1787251020.531154156,1787251020.530417204,state_stamped,0.010277505032718182,0.4680425226688385,0.0
1787251020.532857180,1787251020.532863140,command,0.035061661154031754,0.2531222999095917,0.0
1787251020.601037264,1787251020.601045847,state,0.01721804030239582,0.40785643458366394,0.0
1787251020.601104975,1787251020.600426912,state_stamped,0.01721804030239582,0.40785643458366394,0.0
1787251020.602924585,1787251020.602931023,command,0.039568908512592316,0.23754997551441193,0.0
1787251020.660924435,1787251020.660932779,state,0.02258198708295822,0.36698487401008606,0.0
1787251020.660982370,1787251020.660423994,state_stamped,0.02258198708295822,0.36698487401008606,0.0
1787251020.663574219,1787251020.663578272,command,0.02088898979127407,0.0027197764720767736,0.0
1787251020.731051207,1787251020.731057167,state,0.022107994183897972,0.26500043272972107,0.0
1787251020.731151342,1787251020.730417490,state_stamped,0.022107994183897972,0.26500043272972107,0.0
1787251020.733119488,1787251020.733126879,command,0.022585734724998474,-0.05602939426898956,0.0
1787251020.801071405,1787251020.801079512,state,0.022241761907935143,0.17511223256587982,0.0
1787251020.801127195,1787251020.800417185,state_stamped,0.022241761907935143,0.17511223256587982,0.0
1787251020.803018570,1787251020.803022146,command,0.0223112553358078,-0.1500454992055893,0.0
1787251020.861165047,1787251020.861171007,state,0.022258451208472252,0.09702352434396744,0.0
1787251020.861222029,1787251020.860456467,state_stamped,0.022258451208472252,0.09702352434396744,0.0
1787251020.862959862,1787251020.862966299,command,0.017667029052972794,-0.23902614414691925,0.0
1787251020.931061029,1787251020.931066513,state,0.020973563194274902,0.002981521189212799,0.0
1787251020.931158781,1787251020.930417776,state_stamped,0.020973563194274902,0.002981521189212799,0.0
1787251020.932891607,1787251020.932896137,command,0.01303785853087902,-0.3326527774333954,0.0
1787251021.001184940,1787251021.000416994,state_stamped,0.018751585856080055,-0.09099522233009338,0.0
1787251021.001229525,1787251021.001239061,state,0.018751585856080055,-0.09099522233009338,0.0
1787251021.003156424,1787251021.003162622,command,0.010785168036818504,-0.4105696380138397,0.0
1787251021.061043262,1787251021.061051607,state,0.016839634627103806,-0.16769352555274963,0.0
1787251021.061113358,1787251021.060417414,state_stamped,0.016839634627103806,-0.16769352555274963,0.0
1787251021.063039064,1787251021.063044310,command,0.008551686070859432,-0.4562903046607971,0.0
1787251021.130989552,1787251021.130998373,state,0.014519008807837963,-0.24850061535835266,0.0
1787251021.131061554,1787251021.130417347,state_stamped,0.014519008807837963,-0.24850061535835266,0.0
1787251021.132772446,1787251021.132777691,command,-0.01866106316447258,-0.6906067132949829,0.0
1787251021.201029062,1787251021.201037645,state,0.005228597670793533,-0.3722901940345764,0.0
1787251021.201086760,1787251021.200417280,state_stamped,0.005228597670793533,-0.3722901940345764,0.0
1787251021.203002691,1787251021.203007698,command,0.009824084118008614,-0.467019647359848,0.0
1787251021.261087179,1787251021.261095524,state,0.006331896875053644,-0.3950331509113312,0.0
1787251021.261175156,1787251021.260438204,state_stamped,0.006331896875053644,-0.3950331509113312,0.0
1787251021.262835026,1787251021.262840271,command,0.010163377039134502,-0.397729754447937,0.0
1787251021.330989122,1787251021.330995083,state,0.007404396776109934,-0.3957879841327667,0.0
1787251021.331047773,1787251021.330417633,state_stamped,0.007404396776109934,-0.3957879841327667,0.0
1787251021.332972527,1787251021.332979202,command,0.006243601907044649,-0.3091919422149658,0.0
1787251021.401085377,1787251021.401091337,state,0.007079373579472303,-0.3715410530567169,0.0
1787251021.401180267,1787251021.400417805,state_stamped,0.007079373579472303,-0.3715410530567169,0.0
1787251021.403009892,1787251021.403014660,command,0.0011898279190063477,-0.18844099342823029,0.0
1787251021.461050987,1787251021.461056709,state,0.005665651056915522,-0.32758983969688416,0.0
1787251021.461107492,1787251021.460427523,state_stamped,0.005665651056915522,-0.32758983969688416,0.0
1787251021.463009834,1787251021.463016987,command,0.0033853016793727875,-0.13698923587799072,0.0
1787251021.531020641,1787251021.531029224,state,0.00502724340185523,-0.2742291986942291,0.0
1787251021.531155825,1787251021.530417681,state_stamped,0.00502724340185523,-0.2742291986942291,0.0
1787251021.532795191,1787251021.532800198,command,-0.0013887921813875437,-0.07859043031930923,0.0
1787251021.601117134,1787251021.601125717,state,0.0032307638321071863,-0.21945065259933472,0.0
1787251021.601182222,1787251021.600417376,state_stamped,0.0032307638321071863,-0.21945065259933472,0.0
1787251021.602928877,1787251021.602933407,command,-0.01313650980591774,-0.012684082612395287,0.0
1787251021.661097288,1787251021.661103010,state,-0.0006974053103476763,-0.16982637345790863,0.0
1787251021.661199570,1787251021.660417557,state_stamped,-0.0006974053103476763,-0.16982637345790863,0.0
1787251021.662940264,1787251021.662946463,command,-0.01748049631714821,0.026874534785747528,0.0
1787251021.730970144,1787251021.730977297,state,-0.005396662279963493,-0.1147502139210701,0.0
1787251021.731049538,1787251021.730417490,state_stamped,-0.005396662279963493,-0.1147502139210701,0.0
1787251021.733298779,1787251021.733305931,command,-0.016720253974199295,0.0915079414844513,0.0
1787251021.801088333,1787251021.801094055,state,-0.008567260578274727,-0.05699807405471802,0.0
1787251021.801178455,1787251021.800417423,state_stamped,-0.008567260578274727,-0.05699807405471802,0.0
1787251021.803026438,1787251021.803032875,command,0.012629981152713299,0.32353097200393677,0.0
1787251021.861115694,1787251021.861121178,state,-0.00347989983856678,0.034329310059547424,0.0
1787251021.861215591,1787251021.860417604,state_stamped,-0.00347989983856678,0.034329310059547424,0.0
1787251021.863319635,1787251021.863325834,command,0.01332427654415369,0.3880017101764679,0.0
1787251021.931079626,1787251021.931089878,state,0.0012258882634341717,0.13337059319019318,0.0
1787251021.931144714,1787251021.930426836,state_stamped,0.0012258882634341717,0.13337059319019318,0.0
1787251021.934100628,1787251021.934104919,command,0.006688389927148819,0.4823998808860779,0.0
1787251022.001108885,1787251022.001115561,state,0.0027551851235330105,0.23108577728271484,0.0
1787251022.001168489,1787251022.000417471,state_stamped,0.0027551851235330105,0.23108577728271484,0.0
1787251022.003572226,1787251022.003576279,command,0.00518821831792593,0.5404301285743713,0.0
1787251022.061022043,1787251022.061029673,state,0.003339123446494341,0.30532974004745483,0.0
1787251022.061124563,1787251022.060418606,state_stamped,0.003339123446494341,0.30532974004745483,0.0
1787251022.063192606,1787251022.063197374,command,0.0028251924086362123,0.6136157512664795,0.0
1787251022.131009340,1787251022.130419254,state_stamped,0.003195221535861492,0.39165055751800537,0.0
1787251022.131090164,1787251022.131102324,state,0.003195221535861492,0.39165055751800537,0.0
1787251022.133068323,1787251022.133073568,command,0.0038155117072165012,0.6563648581504822,0.0
1787251022.201083660,1787251022.201088428,state,0.0033689006231725216,0.4657696485519409,0.0
1787251022.201121807,1787251022.200418234,state_stamped,0.0033689006231725216,0.4657696485519409,0.0
1787251022.203099489,1787251022.203105450,command,0.010690092109143734,0.6769890785217285,0.0
1787251022.261001825,1787251022.261010170,state,0.005125963129103184,0.5164616107940674,0.0
1787251022.261108875,1787251022.260417461,state_stamped,0.005125963129103184,0.5164616107940674,0.0
1787251022.262990952,1787251022.262995005,command,0.010493527166545391,0.6871629953384399,0.0
1787251022.330845356,1787251022.330418110,state_stamped,0.006628894712775946,0.5642584562301636,0.0
1787251022.330933809,1787251022.330942631,state,0.006628894712775946,0.5642584562301636,0.0
1787251022.332669020,1787251022.332672834,command,0.01947273313999176,0.6460410356521606,0.0
1787251022.401126146,1787251022.400417566,state_stamped,0.010225138626992702,0.5871573686599731,0.0
1787251022.401182890,1787251022.401191711,state,0.010225138626992702,0.5871573686599731,0.0
1787251022.403110743,1787251022.403115511,command,0.016548821702599525,0.5901183485984802,0.0
1787251022.461070776,1787251022.460427523,state_stamped,0.011743077076971531,0.5878680944442749,0.0
1787251022.461136103,1787251022.461144209,state,0.011743077076971531,0.5878680944442749,0.0
1787251022.463073730,1787251022.463077068,command,0.011183728463947773,0.5242675542831421,0.0
1787251022.531042099,1787251022.530430079,state_stamped,0.011586453765630722,0.5700592994689941,0.0
1787251022.531100988,1787251022.531109571,state,0.011586453765630722,0.5700592994689941,0.0
1787251022.533250093,1787251022.533252954,command,0.0055085145868361,0.43886446952819824,0.0
1787251022.600910664,1787251022.600914955,state,0.009884941391646862,0.5333314538002014,0.0
1787251022.600979090,1787251022.600417376,state_stamped,0.009884941391646862,0.5333314538002014,0.0
1787251022.602735519,1787251022.602741003,command,-0.001449957606382668,0.37476876378059387,0.0
1787251022.660942078,1787251022.660949945,state,0.007164527662098408,0.4952758848667145,0.0
1787251022.660990953,1787251022.660418272,state_stamped,0.007164527662098408,0.4952758848667145,0.0
1787251022.663602352,1787251022.663608313,command,0.001091847545467317,0.2929624021053314,0.0
1787251022.730822563,1787251022.730417490,state_stamped,0.0054641966708004475,0.43862876296043396,0.0
1787251022.730858564,1787251022.730864525,state,0.0054641966708004475,0.43862876296043396,0.0
1787251022.732728481,1787251022.732736826,command,-0.0033783537801355124,0.270155668258667,0.0
1787251022.800960541,1787251022.800967216,state,0.002988287014886737,0.39145636558532715,0.0
1787251022.801054716,1787251022.800417423,state_stamped,0.002988287014886737,0.39145636558532715,0.0
1787251022.802734375,1787251022.802741528,command,-0.020281288772821426,-0.00300692580640316,0.0
1787251022.860994101,1787251022.860417366,state_stamped,-0.0025964241940528154,0.2967849373817444,0.0
1787251022.861050844,1787251022.861059427,state,-0.0025964241940528154,0.2967849373817444,0.0
1787251022.862687588,1787251022.862694025,command,-0.021001918241381645,-0.053465135395526886,0.0
1787251022.930822372,1787251022.930828571,state,-0.00774996355175972,0.19871488213539124,0.0
1787251022.930876970,1787251022.930417538,state_stamped,-0.00774996355175972,0.19871488213539124,0.0
1787251022.932554483,1787251022.932559013,command,-0.021349746733903885,-0.1297660768032074,0.0
1787251023.000931263,1787251023.000938177,state,-0.011557923629879951,0.10673972219228745,0.0
1787251023.000988960,1787251023.000417948,state_stamped,-0.011557923629879951,0.10673972219228745,0.0
1787251023.003058910,1787251023.003063917,command,-0.015827601775527,-0.2246660739183426,0.0
1787251023.060951471,1787251023.060956240,state,-0.012582637369632721,0.027203060686588287,0.0
1787251023.060991049,1787251023.060417175,state_stamped,-0.012582637369632721,0.027203060686588287,0.0
1787251023.062720299,1787251023.062725067,command,-0.01324410829693079,-0.2901778519153595,0.0
1787251023.130886555,1787251023.130891085,state,-0.012767852284014225,-0.06166526675224304,0.0
1787251023.130956650,1787251023.130418539,state_stamped,-0.012767852284014225,-0.06166526675224304,0.0
1787251023.132582426,1787251023.132586002,command,-0.010842153802514076,-0.3082369267940521,0.0
1787251023.200882673,1787251023.200887203,state,-0.01222865842282772,-0.13070513308048248,0.0
1787251023.200922251,1787251023.200418472,state_stamped,-0.01222865842282772,-0.13070513308048248,0.0
1787251023.202725410,1787251023.202730179,command,-0.011325649917125702,-0.25562942028045654,0.0
1787251023.260873795,1787251023.260878325,state,-0.012011940591037273,-0.16068637371063232,0.0
1787251023.260912895,1787251023.260417223,state_stamped,-0.012011940591037273,-0.16068637371063232,0.0
1787251023.262604952,1787251023.262609005,command,-0.008981870487332344,-0.1479586511850357,0.0
1787251023.330780268,1787251023.330784082,state,-0.011163510382175446,-0.15712256729602814,0.0
1787251023.330850601,1787251023.330418110,state_stamped,-0.011163510382175446,-0.15712256729602814,0.0
1787251023.332820892,1787251023.332826376,command,0.0014778311597183347,-0.05645829439163208,0.0
1787251023.400927305,1787251023.400931835,state,-0.007623955607414246,-0.1289367377758026,0.0
1787251023.400967836,1787251023.400417805,state_stamped,-0.007623955607414246,-0.1289367377758026,0.0
1787251023.402720690,1787251023.402725697,command,0.012828556820750237,-0.006204633507877588,0.0
1787251023.460865021,1787251023.460868835,state,-0.0027153748087584972,-0.09948116540908813,0.0
1787251023.460899591,1787251023.460417509,state_stamped,-0.0027153748087584972,-0.09948116540908813,0.0
1787251023.462725878,1787251023.462730646,command,0.03375260531902313,0.15218698978424072,0.0
1787251023.530879736,1787251023.530417681,state_stamped,0.007495701778680086,-0.02901379019021988,0.0
1787251023.530916452,1787251023.530920982,state,0.007495701778680086,-0.02901379019021988,0.0
1787251023.532672405,1787251023.532675982,command,0.036758504807949066,0.20142605900764465,0.0
1787251023.600895405,1787251023.600417614,state_stamped,0.015689261257648468,0.03550916910171509,0.0
1787251023.600925922,1787251023.600930452,state,0.015689261257648468,0.03550916910171509,0.0
1787251023.602648020,1787251023.602651834,command,0.03316132724285126,0.31727471947669983,0.0
1787251023.660892487,1787251023.660896778,state,0.019882578402757645,0.10313323885202408,0.0
1787251023.660960674,1787251023.660417795,state_stamped,0.019882578402757645,0.10313323885202408,0.0
1787251023.662616491,1787251023.662620783,command,0.028455326333642006,0.40868034958839417,0.0
1787251023.730865717,1787251023.730870008,state,0.022283263504505157,0.1886976808309555,0.0
1787251023.730906010,1787251023.730427027,state_stamped,0.022283263504505157,0.1886976808309555,0.0
1787251023.732861996,1787251023.732866049,command,0.015755686908960342,0.49701541662216187,0.0
1787251023.800885201,1787251023.800417662,state_stamped,0.02045578882098198,0.2750149667263031,0.0
1787251023.800945759,1787251023.800950289,state,0.02045578882098198,0.2750149667263031,0.0
1787251023.802585840,1787251023.802589655,command,0.006003652699291706,0.5706621408462524,0.0
1787251023.860956430,1787251023.860960960,state,0.016987282782793045,0.34597015380859375,0.0
1787251023.860996962,1787251023.860417366,state_stamped,0.016987282782793045,0.34597015380859375,0.0
1787251023.862687588,1787251023.862690449,command,-0.002358881291002035,0.6102569103240967,0.0
1787251023.930876970,1787251023.930417299,state_stamped,0.011570362374186516,0.4199703633785248,0.0
1787251023.930920601,1787251023.930925131,state,0.011570362374186516,0.4199703633785248,0.0
1787251023.932567120,1787251023.932570457,command,-0.021220708265900612,0.6548795104026794,0.0
1787251024.000988722,1787251024.000993729,state,0.0023875748738646507,0.4857541620731354,0.0
1787251024.001030922,1787251024.000427246,state_stamped,0.0023875748738646507,0.4857541620731354,0.0
1787251024.002959967,1787251024.002965212,command,-0.025703009217977524,0.6570754647254944,0.0
1787251024.060936213,1787251024.060940504,state,-0.00435305992141366,0.5268645286560059,0.0
1787251024.060976028,1787251024.060417414,state_stamped,-0.00435305992141366,0.5268645286560059,0.0
1787251024.062933445,1787251024.062938213,command,-0.017262542620301247,0.6231420040130615,0.0
1787251024.130936384,1787251024.130417824,state_stamped,-0.007967744022607803,0.5538224577903748,0.0
1787251024.130980968,1787251024.130990267,state,-0.007967744022607803,0.5538224577903748,0.0
1787251024.132658958,1787251024.132662296,command,-0.00794326700270176,0.5822132229804993,0.0
1787251024.200914621,1787251024.200417757,state_stamped,-0.007960890419781208,0.5617718696594238,0.0
1787251024.200948238,1787251024.200953245,state,-0.007960890419781208,0.5617718696594238,0.0
1787251024.202903032,1787251024.202906609,command,0.004646852612495422,0.5034704804420471,0.0
1787251024.260956526,1787251024.260417938,state_stamped,-0.004935023840516806,0.5477795004844666,0.0
1787251024.261002064,1787251024.261010408,state,-0.004935023840516806,0.5477795004844666,0.0
1787251024.262689829,1787251024.262692928,command,0.01092330738902092,0.4196572005748749,0.0
1787251024.330907106,1787251024.330421925,state_stamped,-0.0004944372922182083,0.5119032263755798,0.0
1787251024.330951452,1787251024.330960274,state,-0.0004944372922182083,0.5119032263755798,0.0
1787251024.332898378,1787251024.332903385,command,0.02142331749200821,0.3413982689380646,0.0
1787251024.401017189,1787251024.400456667,state_stamped,0.005645588971674442,0.46413806080818176,0.0
1787251024.401056051,1787251024.401061058,state,0.005645588971674442,0.46413806080818176,0.0
1787251024.402746677,1787251024.402749777,command,0.036691706627607346,0.2723698616027832,0.0
1787251024.460888863,1787251024.460893631,state,0.013091802597045898,0.41814368963241577,0.0
1787251024.460929632,1787251024.460417509,state_stamped,0.013091802597045898,0.41814368963241577,0.0
1787251024.462936401,1787251024.462939978,command,0.04402971267700195,0.23041994869709015,0.0
1787251024.530890465,1787251024.530894756,state,0.021755659952759743,0.3655734956264496,0.0
1787251024.530930996,1787251024.530427694,state_stamped,0.021755659952759743,0.3655734956264496,0.0
1787251024.532841444,1787251024.532848120,command,0.02903495728969574,0.010739665478467941,0.0
1787251024.600860834,1787251024.600864172,state,0.02379356324672699,0.2662346661090851,0.0
1787251024.600894213,1787251024.600417376,state_stamped,0.02379356324672699,0.2662346661090851,0.0
1787251024.602845669,1787251024.602849245,command,0.03551496937870979,-0.040457382798194885,0.0
1787251024.660961628,1787251024.660966396,state,0.02660670317709446,0.19262850284576416,0.0
1787251024.661002636,1787251024.660417318,state_stamped,0.02660670317709446,0.19262850284576416,0.0
1787251024.663097382,1787251024.663102388,command,0.042713865637779236,-0.11453796923160553,0.0
1787251024.730927706,1787251024.730931997,state,0.031117333099246025,0.10660999268293381,0.0
1787251024.731014490,1787251024.730427027,state_stamped,0.031117333099246025,0.10660999268293381,0.0
1787251024.733299971,1787251024.733308077,command,0.033056650310754776,-0.20342938601970673,0.0
1787251024.800957441,1787251024.800417423,state_stamped,0.03166026622056961,0.01981082558631897,0.0
1787251024.800998926,1787251024.801002979,state,0.03166026622056961,0.01981082558631897,0.0
1787251024.802831888,1787251024.802838087,command,0.02418702282011509,-0.30859753489494324,0.0
1787251024.860967636,1787251024.860971928,state,0.029866404831409454,-0.05901963263750076,0.0
1787251024.861008167,1787251024.860426903,state_stamped,0.029866404831409454,-0.05901963263750076,0.0
1787251024.862714767,1787251024.862720728,command,0.02145075611770153,-0.3775614798069,0.0
1787251024.930835247,1787251024.930839777,state,0.02751033380627632,-0.14819961786270142,0.0
1787251024.930871725,1787251024.930417776,state_stamped,0.02751033380627632,-0.14819961786270142,0.0
1787251024.932849407,1787251024.932856560,command,0.015348496846854687,-0.4425619840621948,0.0
1787251025.000906706,1787251025.000910997,state,0.024105031043291092,-0.23062080144882202,0.0
1787251025.000952482,1787251025.000417471,state_stamped,0.024105031043291092,-0.23062080144882202,0.0
1787251025.003077269,1787251025.003082037,command,-0.017070485278964043,-0.6879092454910278,0.0
1787251025.061040640,1787251025.061044931,state,0.01422294694930315,-0.3403695821762085,0.0
1787251025.061089993,1787251025.060417414,state_stamped,0.01422294694930315,-0.3403695821762085,0.0
1787251025.062807083,1787251025.062811613,command,0.00719475606456399,-0.44342076778411865,0.0
1787251025.130942106,1787251025.130946875,state,0.01225503720343113,-0.3692241609096527,0.0
1787251025.130985737,1787251025.130417824,state_stamped,0.01225503720343113,-0.3692241609096527,0.0
1787251025.132687569,1787251025.132692575,command,0.005389003083109856,-0.36267873644828796,0.0
1787251025.200923443,1787251025.200427055,state_stamped,0.01033229473978281,-0.3673911988735199,0.0
1787251025.200968504,1787251025.200972795,state,0.01033229473978281,-0.3673911988735199,0.0
1787251025.202689648,1787251025.202692509,command,-0.0023643525782972574,-0.2671372592449188,0.0
1787251025.261040688,1787251025.261045218,state,0.007285591680556536,-0.3433341383934021,0.0
1787251025.261093140,1787251025.260417461,state_stamped,0.007285591680556536,-0.3433341383934021,0.0
1787251025.262755632,1787251025.262760401,command,-0.006248934660106897,-0.18098211288452148,0.0
1787251025.331030607,1787251025.330417633,state_stamped,0.003495913464576006,-0.29787543416023254,0.0
1787251025.331069469,1787251025.331074238,state,0.003495913464576006,-0.29787543416023254,0.0
1787251025.332825899,1787251025.332830429,command,-0.008709385059773922,-0.10629589855670929,0.0
1787251025.400989771,1787251025.400993824,state,7.844716310501099e-05,-0.24423342943191528,0.0
1787251025.401036263,1787251025.400417328,state_stamped,7.844716310501099e-05,-0.24423342943191528,0.0
1787251025.402729750,1787251025.402732849,command,-0.009859886020421982,-0.060936808586120605,0.0
1787251025.461041927,1787251025.461046457,state,-0.0023067656438797712,-0.20024201273918152,0.0
1787251025.461082458,1787251025.460417509,state_stamped,-0.0023067656438797712,-0.20024201273918152,0.0
1787251025.462733746,1787251025.462736845,command,-0.023231949657201767,0.0011581153376027942,0.0
1787251025.530998230,1787251025.531002998,state,-0.008165808394551277,-0.14385005831718445,0.0
1787251025.531038046,1787251025.530417442,state_stamped,-0.008165808394551277,-0.14385005831718445,0.0
1787251025.532643080,1787251025.532645702,command,-0.02757619135081768,0.0444529689848423,0.0
1787251025.600992203,1787251025.600417614,state_stamped,-0.013600723817944527,-0.09112513065338135,0.0
1787251025.601022720,1787251025.601027012,state,-0.013600723817944527,-0.09112513065338135,0.0
1787251025.602746010,1787251025.602749109,command,0.001672886312007904,0.31032827496528625,0.0
1787251025.661049366,1787251025.661053658,state,-0.00993507169187069,0.005223318934440613,0.0
1787251025.661089182,1787251025.660417318,state_stamped,-0.00993507169187069,0.005223318934440613,0.0
1787251025.662747145,1787251025.662749767,command,0.004153307992964983,0.36688268184661865,0.0
1787251025.731017113,1787251025.731021881,state,-0.005990281701087952,0.10648905485868454,0.0
1787251025.731054544,1787251025.730418205,state_stamped,-0.005990281701087952,0.10648905485868454,0.0
1787251025.732655525,1787251025.732658863,command,0.0008168035419657826,0.4452063739299774,0.0
1787251025.801027536,1787251025.801031351,state,-0.004084310028702021,0.2013292908668518,0.0
1787251025.801074505,1787251025.800417662,state_stamped,-0.004084310028702021,0.2013292908668518,0.0
1787251025.802697897,1787251025.802700520,command,-0.0058861118741333485,0.5070279240608215,0.0
1787251025.861049652,1787251025.861053944,state,-0.00451673986390233,0.2746965289115906,0.0
1787251025.861100912,1787251025.860417366,state_stamped,-0.00451673986390233,0.2746965289115906,0.0
1787251025.862682819,1787251025.862685204,command,-0.012348893098533154,0.5681609511375427,0.0
1787251025.931038380,1787251025.931042671,state,-0.006709747947752476,0.3568667769432068,0.0
1787251025.931082964,1787251025.930417538,state_stamped,-0.006709747947752476,0.3568667769432068,0.0
1787251025.932968855,1787251025.932971954,command,-0.01724540814757347,0.6208713054656982,0.0
1787251026.001058817,1787251026.000417709,state_stamped,-0.00965974759310484,0.43078839778900146,0.0
1787251026.001096487,1787251026.001101017,state,-0.00965974759310484,0.43078839778900146,0.0
1787251026.003381729,1787251026.003384829,command,-0.00951853021979332,0.6330933570861816,0.0
1787251026.061064720,1787251026.061068773,state,-0.009625855833292007,0.47934144735336304,0.0
1787251026.061115503,1787251026.060417652,state_stamped,-0.009625855833292007,0.47934144735336304,0.0
1787251026.062848806,1787251026.062851191,command,0.006282065529376268,0.584878146648407,0.0
1787251026.131069183,1787251026.131073475,state,-0.005171638913452625,0.5088917016983032,0.0
1787251026.131113291,1787251026.130417585,state_stamped,-0.005171638913452625,0.5088917016983032,0.0
1787251026.132791996,1787251026.132794619,command,0.013052836991846561,0.5302445292472839,0.0
1787251026.200949430,1787251026.200953245,state,-6.877956911921501e-05,0.5148705244064331,0.0
1787251026.201000690,1787251026.200417757,state_stamped,-6.877956911921501e-05,0.5148705244064331,0.0
1787251026.202971458,1787251026.202973604,command,0.022258367389440536,0.44570231437683105,0.0
1787251026.260954857,1787251026.260962963,state,0.005289754830300808,0.49827009439468384,0.0
1787251026.261017561,1787251026.260417938,state_stamped,0.005289754830300808,0.49827009439468384,0.0
1787251026.262953043,1787251026.262957573,command,0.02662070281803608,0.3570249378681183,0.0
1787251026.330878258,1787251026.330886126,state,0.011262358166277409,0.4587218761444092,0.0
1787251026.330939531,1787251026.330417156,state_stamped,0.011262358166277409,0.4587218761444092,0.0
1787251026.332839489,1787251026.332842827,command,0.028261708095669746,0.31742146611213684,0.0
1787251026.400910378,1787251026.400915146,state,0.016022194176912308,0.41915762424468994,0.0
1787251026.400964022,1787251026.400417328,state_stamped,0.016022194176912308,0.41915762424468994,0.0
1787251026.402878046,1787251026.402880907,command,0.037074215710163116,0.233455628156662,0.0
1787251026.460968733,1787251026.460976362,state,0.021074725314974785,0.3745887279510498,0.0
1787251026.461032867,1787251026.460417986,state_stamped,0.021074725314974785,0.3745887279510498,0.0
1787251026.462929010,1787251026.462931871,command,0.03344288095831871,0.22840376198291779,0.0
1787251026.530901670,1787251026.530910254,state,0.024539701640605927,0.33363455533981323,0.0
1787251026.530961990,1787251026.530456305,state_stamped,0.024539701640605927,0.33363455533981323,0.0
1787251026.532898903,1787251026.532902956,command,0.025203512981534004,-0.0283046942204237,0.0
1787251026.600896358,1787251026.600418091,state_stamped,0.02472546696662903,0.23234692215919495,0.0
1787251026.600929499,1787251026.600934744,state,0.02472546696662903,0.23234692215919495,0.0
1787251026.602693558,1787251026.602696896,command,0.019991640001535416,-0.11034335941076279,0.0
1787251026.661078453,1787251026.661082983,state,0.023589350283145905,0.15010139346122742,0.0
1787251026.661128521,1787251026.660417795,state_stamped,0.023589350283145905,0.15010139346122742,0.0
1787251026.662775517,1787251026.662779570,command,0.019245291128754616,-0.16528229415416718,0.0
1787251026.730979919,1787251026.730984688,state,0.022373028099536896,0.06179504841566086,0.0
1787251026.731022120,1787251026.730417013,state_stamped,0.022373028099536896,0.06179504841566086,0.0
1787251026.733611822,1787251026.733617306,command,0.01381156500428915,-0.2730146646499634,0.0
1787251026.801092386,1787251026.800417662,state_stamped,0.019975798204541206,-0.03195245563983917,0.0
1787251026.801137447,1787251026.801143408,state,0.019975798204541206,-0.03195245563983917,0.0
1787251026.803014755,1787251026.803019524,command,0.008974521420896053,-0.36398935317993164,0.0
1787251026.861094952,1787251026.861100912,state,0.01733507215976715,-0.11165394634008408,0.0
1787251026.861150980,1787251026.860427141,state_stamped,0.01733507215976715,-0.11165394634008408,0.0
1787251026.863140106,1787251026.863145590,command,0.009052522480487823,-0.424590528011322,0.0
1787251026.931095839,1787251026.931100607,state,0.015016263350844383,-0.19926464557647705,0.0
1787251026.931142807,1787251026.930418015,state_stamped,0.015016263350844383,-0.19926464557647705,0.0
1787251026.932786465,1787251026.932791471,command,-0.019890757277607918,-0.6864420175552368,0.0
1787251027.001116276,1787251027.001122713,state,0.005242367275059223,-0.33567333221435547,0.0
1787251027.001173258,1787251027.000417471,state_stamped,0.005242367275059223,-0.33567333221435547,0.0
1787251027.002981186,1787251027.002984762,command,0.00474134786054492,-0.47982731461524963,0.0
1787251027.061085701,1787251027.061089993,state,0.005122120957821608,-0.37027081847190857,0.0
1787251027.061146975,1787251027.060418367,state_stamped,0.005122120957821608,-0.37027081847190857,0.0
1787251027.062854767,1787251027.062859535,command,0.008807004429399967,-0.46226078271865845,0.0
1787251027.131117821,1787251027.131123781,state,0.006153884809464216,-0.39602792263031006,0.0
1787251027.131171227,1787251027.130418062,state_stamped,0.006153884809464216,-0.39602792263031006,0.0
1787251027.132794619,1787251027.132799625,command,0.009173170663416386,-0.3758069574832916,0.0
1787251027.201107264,1787251027.201111555,state,0.006999272853136063,-0.3903661370277405,0.0
1787251027.201154470,1787251027.200417042,state_stamped,0.006999272853136063,-0.3903661370277405,0.0
1787251027.202843904,1787251027.202847481,command,0.006477325223386288,-0.2769685387611389,0.0
1787251027.261121273,1787251027.261126995,state,0.006874005310237408,-0.3631507158279419,0.0
1787251027.261173010,1787251027.260417223,state_stamped,0.006874005310237408,-0.3631507158279419,0.0
1787251027.262784004,1787251027.262791157,command,0.004911046475172043,-0.18326784670352936,0.0
1787251027.330925226,1787251027.330931187,state,0.00632437551394105,-0.3127833902835846,0.0
1787251027.330980301,1787251027.330417395,state_stamped,0.00632437551394105,-0.3127833902835846,0.0
1787251027.332613707,1787251027.332620859,command,0.0016764909960329533,-0.125263050198555,0.0
1787251027.400945902,1787251027.400427341,state_stamped,0.00502278096973896,-0.2602701485157013,0.0
1787251027.400991678,1787251027.400998116,state,0.00502278096973896,-0.2602701485157013,0.0
1787251027.402663946,1787251027.402667284,command,-0.004223380703479052,-0.050615616142749786,0.0
1787251027.460961103,1787251027.460968018,state,0.002803593873977661,-0.20995059609413147,0.0
1787251027.461061954,1787251027.460430384,state_stamped,0.002803593873977661,-0.20995059609413147,0.0
1787251027.462663412,1787251027.462670565,command,-0.011592268943786621,-0.010691456496715546,0.0
1787251027.530930996,1787251027.530936718,state,-0.0012265187688171864,-0.15416812896728516,0.0
1787251027.530986786,1787251027.530417681,state_stamped,-0.0012265187688171864,-0.15416812896728516,0.0
1787251027.532583714,1787251027.532590866,command,-0.016211867332458496,0.0440467894077301,0.0
1787251027.600927591,1787251027.600935459,state,-0.005422411952167749,-0.09866800904273987,0.0
1787251027.600982666,1787251027.600417614,state_stamped,-0.005422411952167749,-0.09866800904273987,0.0
1787251027.602612734,1787251027.602617741,command,0.0144791966304183,0.283703088760376,0.0
1787251027.660980701,1787251027.660988331,state,-0.0006460482254624367,-0.0068993717432022095,0.0
1787251027.661042452,1787251027.660417318,state_stamped,-0.0006460482254624367,-0.0068993717432022095,0.0
1787251027.662664413,1787251027.662670374,command,0.016808047890663147,0.3361020088195801,0.0
1787251027.730987787,1787251027.730992079,state,0.004241781774908304,0.0891544446349144,0.0
1787251027.731031895,1787251027.730427027,state_stamped,0.004241781774908304,0.0891544446349144,0.0
1787251027.732851028,1787251027.732856274,command,0.009416409768164158,0.40454044938087463,0.0
1787251027.801106215,1787251027.801112890,state,0.005690483376383781,0.17745068669319153,0.0
1787251027.801158190,1787251027.800417662,state_stamped,0.005690483376383781,0.17745068669319153,0.0
1787251027.802762270,1787251027.802769184,command,-0.00587242329493165,0.5052779316902161,0.0
1787251027.861053944,1787251027.860417604,state_stamped,0.0029153863433748484,0.2561292052268982,0.0
1787251027.861093283,1787251027.861101389,state,0.0029153863433748484,0.2561292052268982,0.0
1787251027.862739086,1787251027.862744808,command,-0.010250312276184559,0.5818279385566711,0.0
1787251027.931094885,1787251027.931099415,state,-0.0007709844503551722,0.3473242521286011,0.0
1787251027.931180239,1787251027.930417299,state_stamped,-0.0007709844503551722,0.3473242521286011,0.0
1787251027.932755709,1787251027.932761431,command,-0.007281300146132708,0.6354687213897705,0.0
1787251028.001123190,1787251028.000417709,state_stamped,-0.00259388517588377,0.42800524830818176,0.0
1787251028.001214743,1787251028.001223087,state,-0.00259388517588377,0.42800524830818176,0.0
1787251028.003071308,1787251028.003077984,command,0.005404818337410688,0.649612307548523,0.0
1787251028.061051607,1787251028.061056137,state,-0.0006742028053849936,0.4811907708644867,0.0
1787251028.061099529,1787251028.060417414,state_stamped,-0.0006742028053849936,0.4811907708644867,0.0
1787251028.062754869,1787251028.062759161,command,0.0065070693381130695,0.6724960803985596,0.0
1787251028.131057739,1787251028.131062269,state,0.001336831832304597,0.5347636938095093,0.0
1787251028.131104469,1787251028.130427122,state_stamped,0.001336831832304597,0.5347636938095093,0.0
1787251028.132788897,1787251028.132793188,command,0.008272521197795868,0.6791968941688538,0.0
1787251028.201094151,1787251028.201098919,state,0.003278549760580063,0.5751992464065552,0.0
1787251028.201138973,1787251028.200417280,state_stamped,0.003278549760580063,0.5751992464065552,0.0
1787251028.202807665,1787251028.202811480,command,0.0033337411005049944,0.6740415096282959,0.0
1787251028.261050463,1787251028.261054993,state,0.003291795728728175,0.5989214777946472,0.0
1787251028.261096716,1787251028.260417461,state_stamped,0.003291795728728175,0.5989214777946472,0.0
1787251028.262812614,1787251028.262817860,command,0.00590179767459631,0.6507060527801514,0.0
1787251028.330879927,1787251028.330884695,state,0.004022595472633839,0.6134211421012878,0.0
1787251028.330924273,1787251028.330417395,state_stamped,0.004022595472633839,0.6134211421012878,0.0
1787251028.332632780,1787251028.332636118,command,0.008287777192890644,0.5786989331245422,0.0
1787251028.401054382,1787251028.401061058,state,0.005216845311224461,0.6036989092826843,0.0
1787251028.401112318,1787251028.400417328,state_stamped,0.005216845311224461,0.6036989092826843,0.0
1787251028.402845144,1787251028.402851820,command,0.007165998686105013,0.48379573225975037,0.0
1787251028.461136580,1787251028.460417509,state_stamped,0.005684643052518368,0.5749220848083496,0.0
1787251028.461215258,1787251028.461220026,state,0.005684643052518368,0.5749220848083496,0.0
1787251028.462910891,1787251028.462916136,command,0.007690312806516886,0.42531585693359375,0.0
1787251028.531095266,1787251028.531100273,state,0.006246231961995363,0.533032238483429,0.0
1787251028.531142950,1787251028.530417681,state_stamped,0.006246231961995363,0.533032238483429,0.0
1787251028.532784462,1787251028.532787561,command,0.010457727126777172,0.3635323643684387,0.0
1787251028.600973606,1787251028.600978136,state,0.007425595540553331,0.4855664372444153,0.0
1787251028.601018429,1787251028.600426197,state_stamped,0.007425595540553331,0.4855664372444153,0.0
1787251028.602674723,1787251028.602678776,command,0.01670079119503498,0.2684922218322754,0.0
1787251028.661125898,1787251028.661130905,state,0.00965131726115942,0.4334762394428253,0.0
1787251028.661175489,1787251028.660417557,state_stamped,0.00965131726115942,0.4334762394428253,0.0
1787251028.663143873,1787251028.663148642,command,0.007808354217559099,0.26436370611190796,0.0
1787251028.730849743,1787251028.730858564,state,0.009135277941823006,0.38612380623817444,0.0
1787251028.730913639,1787251028.730418921,state_stamped,0.009135277941823006,0.38612380623817444,0.0
1787251028.733468771,1787251028.733473778,command,-0.003434170503169298,-0.00876834336668253,0.0
1787251028.801107407,1787251028.801112652,state,0.0056158918887376785,0.27555587887763977,0.0
1787251028.801156282,1787251028.800417662,state_stamped,0.0056158918887376785,0.27555587887763977,0.0
1787251028.803202152,1787251028.803205490,command,-0.002876797690987587,-0.07502999156713486,0.0
1787251028.861102581,1787251028.861108065,state,0.0035776360891759396,0.19141484797000885,0.0
1787251028.861150503,1787251028.860417843,state_stamped,0.0035776360891759396,0.19141484797000885,0.0
1787251028.863154888,1787251028.863157988,command,-0.003406180301681161,-0.15370085835456848,0.0
1787251028.930909157,1787251028.930417776,state_stamped,0.0016221744008362293,0.09478279203176498,0.0
1787251028.930951118,1787251028.930956125,state,0.0016221744008362293,0.09478279203176498,0.0
1787251028.933030128,1787251028.933033466,command,-0.002201302442699671,-0.2522345781326294,0.0
1787251029.001119375,1787251029.000417709,state_stamped,0.000551599427126348,-0.00238221138715744,0.0
1787251029.001174212,1787251029.001182556,state,0.000551599427126348,-0.00238221138715744,0.0
1787251029.003253937,1787251029.003259182,command,0.002512867096811533,-0.32870540022850037,0.0
1787251029.061124086,1787251029.060427189,state_stamped,0.0010223774006590247,-0.08071204274892807,0.0
1787251029.061203718,1787251029.061209679,state,0.0010223774006590247,-0.08071204274892807,0.0
1787251029.063191414,1787251029.063196659,command,0.008668465539813042,-0.33966392278671265,0.0
1787251029.131051540,1787251029.130417585,state_stamped,0.003162987995892763,-0.15320861339569092,0.0
1787251029.131135702,1787251029.131140709,state,0.003162987995892763,-0.15320861339569092,0.0
1787251029.133115530,1787251029.133121014,command,0.013606725260615349,-0.32490047812461853,0.0
1787251029.201139212,1787251029.201143980,state,0.006087231449782848,-0.2012822926044464,0.0
1787251029.201186419,1787251029.200417519,state_stamped,0.006087231449782848,-0.2012822926044464,0.0
1787251029.203095198,1787251029.203102112,command,0.009472358971834183,-0.22725461423397064,0.0
1787251029.261109352,1787251029.260417938,state_stamped,0.006899668835103512,-0.20751570165157318,0.0
1787251029.261143208,1787251029.261148214,state,0.006899668835103512,-0.20751570165157318,0.0
1787251029.263124704,1787251029.263128281,command,0.010866856202483177,-0.1459549516439438,0.0
1787251029.331109285,1787251029.331114531,state,0.008010627701878548,-0.19027642905712128,0.0
1787251029.331156492,1787251029.330427170,state_stamped,0.008010627701878548,-0.19027642905712128,0.0
1787251029.333092451,1787251029.333097696,command,0.0157566349953413,-0.05646293982863426,0.0
1787251029.401125431,1787251029.401130199,state,0.01017921045422554,-0.15281382203102112,0.0
1787251029.401174068,1787251029.400417566,state_stamped,0.01017921045422554,-0.15281382203102112,0.0
1787251029.403071642,1787251029.403076887,command,0.01974990777671337,-0.015337214805185795,0.0
1787251029.461104870,1787251029.461109877,state,0.012476172298192978,-0.1198195219039917,0.0
1787251029.461146355,1787251029.460417271,state_stamped,0.012476172298192978,-0.1198195219039917,0.0
1787251029.463106632,1787251029.463110209,command,0.018956637009978294,0.036332935094833374,0.0
1787251029.531068563,1787251029.531073570,state,0.014290708117187023,-0.07609669119119644,0.0
1787251029.531109333,1787251029.530417681,state_stamped,0.014290708117187023,-0.07609669119119644,0.0
1787251029.533123732,1787251029.533126354,command,0.03427240997552872,0.2429608851671219,0.0
1787251029.601027012,1787251029.601032019,state,0.019885702058672905,0.013241313397884369,0.0
1787251029.601075411,1787251029.600419044,state_stamped,0.019885702058672905,0.013241313397884369,0.0
1787251029.603035212,1787251029.603037834,command,0.030699994415044785,0.33757826685905457,0.0
1787251029.661163092,1787251029.660418034,state_stamped,0.022481083869934082,0.09108074009418488,0.0
1787251029.661205053,1787251029.661209822,state,0.022481083869934082,0.09108074009418488,0.0
1787251029.663132906,1787251029.663137674,command,0.014119772240519524,0.4070468842983246,0.0
1787251029.731099606,1787251029.731104851,state,0.02013961598277092,0.17956259846687317,0.0
1787251029.731144190,1787251029.730427027,state_stamped,0.02013961598277092,0.17956259846687317,0.0
1787251029.733111143,1787251029.733116150,command,-0.004825875163078308,0.49963274598121643,0.0
1787251029.801102638,1787251029.800417662,state_stamped,0.01315020490437746,0.2691703736782074,0.0
1787251029.801177502,1787251029.801183701,state,0.01315020490437746,0.2691703736782074,0.0
1787251029.802817345,1787251029.802821875,command,-0.013206747360527515,0.5649545192718506,0.0
1787251029.861100435,1787251029.861105680,state,0.0068245213478803635,0.34015873074531555,0.0
1787251029.861157656,1787251029.860417843,state_stamped,0.0068245213478803635,0.34015873074531555,0.0
1787251029.863126993,1787251029.863130331,command,-0.02789197862148285,0.6066820025444031,0.0
1787251029.931103945,1787251029.930427074,state_stamped,-0.002897379919886589,0.41479507088661194,0.0
1787251029.931138992,1787251029.931144476,state,-0.002897379919886589,0.41479507088661194,0.0
1787251029.933377743,1787251029.933382511,command,-0.03633261099457741,0.6417463421821594,0.0
1787251030.001126766,1787251030.000417948,state_stamped,-0.01225802581757307,0.47833314538002014,0.0
1787251030.001165628,1787251030.001173735,state,-0.01225802581757307,0.47833314538002014,0.0
1787251030.003371239,1787251030.003375053,command,-0.03848981112241745,0.6815480589866638,0.0
1787251030.061126709,1787251030.060417652,state_stamped,-0.018553612753748894,0.527104377746582,0.0
1787251030.061160088,1787251030.061165333,state,-0.018553612753748894,0.527104377746582,0.0
1787251030.063192368,1787251030.063194990,command,-0.02274615690112114,0.6725611090660095,0.0
1787251030.131048679,1787251030.130417347,state_stamped,-0.019727520644664764,0.5678321123123169,0.0
1787251030.131083727,1787251030.131088734,state,-0.019727520644664764,0.5678321123123169,0.0
1787251030.133125782,1787251030.133128405,command,-0.007633660454303026,0.6462054252624512,0.0
1787251030.201100826,1787251030.200417995,state_stamped,-0.016341209411621094,0.5897768139839172,0.0
1787251030.201127768,1787251030.201133490,state,-0.016341209411621094,0.5897768139839172,0.0
1787251030.203102350,1787251030.203104496,command,0.0037853873800486326,0.6085553169250488,0.0
1787251030.261128902,1787251030.260417461,state_stamped,-0.011510863900184631,0.5942836403846741,0.0
1787251030.261163950,1787251030.261168718,state,-0.011510863900184631,0.5942836403846741,0.0
1787251030.263160229,1787251030.263164043,command,0.014166437089443207,0.5473809838294983,0.0
1787251030.331068993,1787251030.331073761,state,-0.004321205895394087,0.5811508893966675,0.0
1787251030.331111670,1787251030.330417633,state_stamped,-0.004321205895394087,0.5811508893966675,0.0
1787251030.333067894,1787251030.333070755,command,0.018530912697315216,0.45128706097602844,0.0
1787251030.401095867,1787251030.400418282,state_stamped,0.002077436540275812,0.5447887182235718,0.0
1787251030.401153088,1787251030.401157856,state,0.002077436540275812,0.5447887182235718,0.0
1787251030.403133392,1787251030.403136015,command,0.02788759022951126,0.3826431930065155,0.0
1787251030.461109161,1787251030.460417747,state_stamped,0.008271835744380951,0.5058740377426147,0.0
1787251030.461173773,1787251030.461178541,state,0.008271835744380951,0.5058740377426147,0.0
1787251030.463135481,1787251030.463138580,command,0.03837970271706581,0.31966736912727356,0.0
1787251030.531119347,1787251030.530422926,state_stamped,0.016702651977539062,0.45373237133026123,0.0
1787251030.531153679,1787251030.531158686,state,0.016702651977539062,0.45373237133026123,0.0
1787251030.533151150,1787251030.533154249,command,0.045916587114334106,0.25215232372283936,0.0
1787251030.600884199,1787251030.600417852,state_stamped,0.024881970137357712,0.39729398488998413,0.0
1787251030.600915909,1787251030.600920916,state,0.024881970137357712,0.39729398488998413,0.0
1787251030.602654934,1787251030.602657557,command,0.02268746867775917,0.024949882179498672,0.0
1787251030.661109686,1787251030.660417795,state_stamped,0.024355292320251465,0.30793172121047974,0.0
1787251030.661175489,1787251030.661180496,state,0.024355292320251465,0.30793172121047974,0.0
1787251030.663146973,1787251030.663150072,command,0.024363910779356956,-0.008917811326682568,0.0
1787251030.730951786,1787251030.730960608,state,0.024357706308364868,0.2192133218050003,0.0
1787251030.731049776,1787251030.730418205,state_stamped,0.024357706308364868,0.2192133218050003,0.0
1787251030.733654261,1787251030.733657837,command,0.027917128056287766,-0.09233612567186356,0.0
1787251030.801114321,1787251030.800417900,state_stamped,0.02535434253513813,0.13197961449623108,0.0
1787251030.801142216,1787251030.801148891,state,0.02535434253513813,0.13197961449623108,0.0
1787251030.803327084,1787251030.803329706,command,0.021655086427927017,-0.17409788072109222,0.0
1787251030.861109972,1787251030.860417604,state_stamped,0.02446652576327324,0.05852140486240387,0.0
1787251030.861143351,1787251030.861148357,state,0.02446652576327324,0.05852140486240387,0.0
1787251030.863207102,1787251030.863211155,command,0.01572655327618122,-0.26690348982810974,0.0
1787251030.931100845,1787251030.930456877,state_stamped,0.022017963230609894,-0.03264855593442917,0.0
1787251030.931135416,1787251030.931140900,state,0.022017963230609894,-0.03264855593442917,0.0
1787251030.932901859,1787251030.932904482,command,0.010785476304590702,-0.35439255833625793,0.0
1787251031.001088858,1787251031.000417471,state_stamped,0.01887463591992855,-0.12268619239330292,0.0
1787251031.001171350,1787251031.001176596,state,0.01887463591992855,-0.12268619239330292,0.0
1787251031.003282547,1787251031.003287554,command,0.007014185655862093,-0.42630240321159363,0.0
1787251031.061107874,1787251031.061113358,state,0.016028108075261116,-0.19555461406707764,0.0
1787251031.061154127,1787251031.060417891,state_stamped,0.016028108075261116,-0.19555461406707764,0.0
1787251031.063204765,1787251031.063211203,command,-0.021481506526470184,-0.6879332661628723,0.0
1787251031.131150246,1787251031.130417347,state_stamped,0.005525510758161545,-0.3334193825721741,0.0
1787251031.131190538,1787251031.131196022,state,0.005525510758161545,-0.3334193825721741,0.0
1787251031.133152008,1787251031.133157015,command,-0.0016846638172864914,-0.45928364992141724,0.0
1787251031.201179743,1787251031.201186657,state,0.003506647888571024,-0.3686616122722626,0.0
1787251031.201228142,1787251031.200417757,state_stamped,0.003506647888571024,-0.3686616122722626,0.0
1787251031.203162909,1787251031.203167915,command,-0.0021468664053827524,-0.40092360973358154,0.0
1787251031.261088848,1787251031.260417223,state_stamped,0.0021498159039765596,-0.37640443444252014,0.0
1787251031.261171103,1787251031.261176348,state,0.0021498159039765596,-0.37640443444252014,0.0
1787251031.262807608,1787251031.262814760,command,-0.008006359450519085,-0.32197293639183044,0.0
1787251031.331053257,1787251031.331058502,state,-0.0006939379964023829,-0.36116349697113037,0.0
1787251031.331102133,1787251031.330417871,state_stamped,-0.0006939379964023829,-0.36116349697113037,0.0
1787251031.333115339,1787251031.333120346,command,-0.011942937038838863,-0.2116837203502655,0.0
1787251031.401059866,1787251031.401064873,state,-0.003843636019155383,-0.31930944323539734,0.0
1787251031.401105881,1787251031.400417328,state_stamped,-0.003843636019155383,-0.31930944323539734,0.0
1787251031.403141975,1787251031.403145313,command,-0.008655628189444542,-0.13321267068386078,0.0
1787251031.461120367,1787251031.460417986,state_stamped,-0.004998526535928249,-0.27464574575424194,0.0
1787251031.461158991,1787251031.461163998,state,-0.004998526535928249,-0.27464574575424194,0.0
1787251031.462852240,1787251031.462857246,command,-0.00934315100312233,-0.08395557105541229,0.0
1787251031.531030893,1787251031.531038523,state,-0.0062150172889232635,-0.2212526798248291,0.0
1787251031.531126738,1787251031.530417681,state_stamped,-0.0062150172889232635,-0.2212526798248291,0.0
1787251031.533118248,1787251031.533122778,command,-0.015564993023872375,-0.008633292280137539,0.0
1787251031.601014614,1787251031.600418091,state_stamped,-0.008833019062876701,-0.16171905398368835,0.0
1787251031.601104498,1787251031.601109982,state,-0.008833019062876701,-0.16171905398368835,0.0
1787251031.602758884,1787251031.602764845,command,-0.0159075316041708,0.020804112777113914,0.0
1787251031.661092281,1787251031.661097527,state,-0.010530884377658367,-0.11791395395994186,0.0
1787251031.661158562,1787251031.660417318,state_stamped,-0.010530884377658367,-0.11791395395994186,0.0
1787251031.662799835,1787251031.662806988,command,-0.011280168779194355,0.09055623412132263,0.0
1787251031.731058359,1787251031.731063604,state,-0.01074068434536457,-0.059542130678892136,0.0
1787251031.731124163,1787251031.730417490,state_stamped,-0.01074068434536457,-0.059542130678892136,0.0
1787251031.732752562,1787251031.732759714,command,0.021429413929581642,0.3173286020755768,0.0
1787251031.801058769,1787251031.801064253,state,-0.001733042299747467,0.045981843024492264,0.0
1787251031.801105976,1787251031.800417662,state_stamped,-0.001733042299747467,0.045981843024492264,0.0
1787251031.803105116,1787251031.803109884,command,0.02071967162191868,0.3989787697792053,0.0
1787251031.861157656,1787251031.861162901,state,0.003655602689832449,0.1307010054588318,0.0
1787251031.861207008,1787251031.860417604,state_stamped,0.003655602689832449,0.1307010054588318,0.0
1787251031.862827301,1787251031.862834454,command,0.013064062222838402,0.4697713255882263,0.0
1787251031.931041241,1787251031.931046724,state,0.006289956625550985,0.2256401777267456,0.0
1787251031.931143761,1787251031.930417299,state_stamped,0.006289956625550985,0.2256401777267456,0.0
1787251031.932733297,1787251031.932737827,command,0.005326290614902973,0.5338908433914185,0.0
1787251032.001049995,1787251032.001055717,state,0.006020125467330217,0.3119519054889679,0.0
1787251032.001106977,1787251032.000418425,state_stamped,0.006020125467330217,0.3119519054889679,0.0
1787251032.002919436,1787251032.002923489,command,0.0006292419857345521,0.6054418087005615,0.0
1787251032.061116219,1787251032.061120987,state,0.004726335871964693,0.38238826394081116,0.0
1787251032.061200380,1787251032.060417414,state_stamped,0.004726335871964693,0.38238826394081116,0.0
1787251032.063230038,1787251032.063237190,command,0.010212967172265053,0.6428238749504089,0.0
1787251032.131107569,1787251032.131112337,state,0.006262593436986208,0.45531028509140015,0.0
1787251032.131156206,1787251032.130417585,state_stamped,0.006262593436986208,0.45531028509140015,0.0
1787251032.132794857,1787251032.132799625,command,0.006889565847814083,0.675571084022522,0.0
1787251032.201155424,1787251032.201160192,state,0.006438146345317364,0.5169834494590759,0.0
1787251032.201206207,1787251032.200417757,state_stamped,0.006438146345317364,0.5169834494590759,0.0
1787251032.202835083,1787251032.202840805,command,0.009115119464695454,0.684528648853302,0.0
1787251032.261135578,1787251032.261141062,state,0.007080615498125553,0.5571940541267395,0.0
1787251032.261183262,1787251032.260417223,state_stamped,0.007080615498125553,0.5571940541267395,0.0
1787251032.262798548,1787251032.262805462,command,0.00466105667874217,0.6642125844955444,0.0
1787251032.331038237,1787251032.331043005,state,0.0064031328074634075,0.5871595144271851,0.0
1787251032.331133127,1787251032.330417871,state_stamped,0.0064031328074634075,0.5871595144271851,0.0
1787251032.333129168,1787251032.333134651,command,0.00718303769826889,0.6183603405952454,0.0
1787251032.401125431,1787251032.401130199,state,0.006621506065130234,0.5958957076072693,0.0
1787251032.401173353,1787251032.400417805,state_stamped,0.006621506065130234,0.5958957076072693,0.0
1787251032.402822733,1787251032.402828455,command,0.005511979106813669,0.5458270907402039,0.0
1787251032.461076975,1787251032.461081743,state,0.0063552213832736015,0.583879292011261,0.0
1787251032.461184263,1787251032.460417509,state_stamped,0.0063552213832736015,0.583879292011261,0.0
1787251032.462774754,1787251032.462781668,command,0.0010109501890838146,0.4619234502315521,0.0
1787251032.531038523,1787251032.531043530,state,0.004858827218413353,0.5497316718101501,0.0
1787251032.531086683,1787251032.530417442,state_stamped,0.004858827218413353,0.5497316718101501,0.0
1787251032.533141613,1787251032.533146620,command,-0.003270976711064577,0.39030399918556213,0.0
1787251032.600962639,1787251032.600418091,state_stamped,0.002582460641860962,0.5050914883613586,0.0
1787251032.601044655,1787251032.601050854,state,0.002582460641860962,0.5050914883613586,0.0
1787251032.602648020,1787251032.602653742,command,0.004632130265235901,0.30027273297309875,0.0
1787251032.660915613,1787251032.660920858,state,0.0030743819661438465,0.45593494176864624,0.0
1787251032.660984755,1787251032.660418034,state_stamped,0.0030743819661438465,0.45593494176864624,0.0
1787251032.662621260,1787251032.662628412,command,0.010858399793505669,0.27110299468040466,0.0
1787251032.731042862,1787251032.731047869,state,0.005253913346678019,0.4041818380355835,0.0
1787251032.731093407,1787251032.730418205,state_stamped,0.005253913346678019,0.4041818380355835,0.0
1787251032.732723475,1787251032.732730627,command,-0.0120027931407094,0.018455784767866135,0.0
1787251032.801092386,1787251032.800417185,state_stamped,0.00042210938408970833,0.29618018865585327,0.0
1787251032.801133871,1787251032.801141024,state,0.00042210938408970833,0.29618018865585327,0.0
1787251032.803626299,1787251032.803631306,command,-0.003663118463009596,-0.0290837399661541,0.0
1787251032.861057043,1787251032.861062050,state,-0.0005583441816270351,0.21811693906784058,0.0
1787251032.861109734,1787251032.860417128,state_stamped,-0.0005583441816270351,0.21811693906784058,0.0
1787251032.863070488,1787251032.863076210,command,0.008263681083917618,-0.08497635275125504,0.0
1787251032.931092262,1787251032.931097507,state,0.0019132278393954039,0.13320255279541016,0.0
1787251032.931192875,1787251032.930456877,state_stamped,0.0019132278393954039,0.13320255279541016,0.0
1787251032.932926416,1787251032.932933807,command,0.008799967356026173,-0.1835961937904358,0.0
1787251033.001158476,1787251033.000417471,state_stamped,0.003840429475530982,0.04454883188009262,0.0
1787251033.001205206,1787251033.001214504,state,0.003840429475530982,0.04454883188009262,0.0
1787251033.003032207,1787251033.003040075,command,0.006839334033429623,-0.28196993470191956,0.0
1787251033.061065674,1787251033.061070442,state,0.004560279659926891,-0.033828005194664,0.0
1787251033.061114311,1787251033.060426950,state_stamped,0.004560279659926891,-0.033828005194664,0.0
1787251033.063260078,1787251033.063267469,command,0.009957732632756233,-0.3403281271457672,0.0
1787251033.131114244,1787251033.131119013,state,0.006071564741432667,-0.11964794248342514,0.0
1787251033.131167889,1787251033.130426884,state_stamped,0.006071564741432667,-0.11964794248342514,0.0
1787251033.132884502,1787251033.132892132,command,0.012174687348306179,-0.3455595076084137,0.0
1787251033.200895309,1787251033.200900078,state,0.0077802143059670925,-0.18289485573768616,0.0
1787251033.200944424,1787251033.200417757,state_stamped,0.0077802143059670925,-0.18289485573768616,0.0
1787251033.202759027,1787251033.202766418,command,0.012109948322176933,-0.3258204460144043,0.0
1787251033.261035919,1787251033.261040449,state,0.008819357492029667,-0.2171972393989563,0.0
1787251033.261083841,1787251033.260418177,state_stamped,0.008819357492029667,-0.2171972393989563,0.0
1787251033.263180494,1787251033.263185501,command,0.0038381183985620737,-0.23045089840888977,0.0
1787251033.330963135,1787251033.330967665,state,0.007424624636769295,-0.22090822458267212,0.0
1787251033.331038713,1787251033.330417395,state_stamped,0.007424624636769295,-0.22090822458267212,0.0
1787251033.333191872,1787251033.333197355,command,-6.30537178949453e-05,-0.14313597977161407,0.0
1787251033.401105404,1787251033.401109934,state,0.005328075960278511,-0.1991320103406906,0.0
1787251033.401153564,1787251033.400417328,state_stamped,0.005328075960278511,-0.1991320103406906,0.0
1787251033.403341055,1787251033.403346777,command,0.004410360008478165,-0.04195372760295868,0.0
1787251033.461121798,1787251033.461126328,state,0.005107823293656111,-0.16140905022621155,0.0
1787251033.461174011,1787251033.460417747,state_stamped,0.005107823293656111,-0.16140905022621155,0.0
1787251033.463186502,1787251033.463193893,command,0.006411078851670027,-0.018053827807307243,0.0
1787251033.531048775,1787251033.531053305,state,0.0054727341048419476,-0.12126967310905457,0.0
1787251033.531097412,1787251033.530417442,state_stamped,0.0054727341048419476,-0.12126967310905457,0.0
1787251033.532862902,1787251033.532871246,command,0.022198325023055077,0.15840879082679749,0.0
1787251033.600978374,1787251033.600983143,state,0.010155884549021721,-0.04295995086431503,0.0
1787251033.601026297,1787251033.600417376,state_stamped,0.010155884549021721,-0.04295995086431503,0.0
1787251033.602907181,1787251033.602912188,command,0.021844912320375443,0.23406009376049042,0.0
1787251033.660950422,1787251033.660955191,state,0.012961273081600666,0.02352537214756012,0.0
1787251033.661001205,1787251033.660417795,state_stamped,0.012961273081600666,0.02352537214756012,0.0
1787251033.662856340,1787251033.662864447,command,0.015269250608980656,0.3130633234977722,0.0
1787251033.730920076,1787251033.730418205,state_stamped,0.01360751036554575,0.10459648817777634,0.0
1787251033.730960369,1787251033.730967283,state,0.01360751036554575,0.10459648817777634,0.0
1787251033.732669592,1787251033.732677460,command,-0.0025238175876438618,0.4161907434463501,0.0
1787251033.800870657,1787251033.800875187,state,0.009090748615562916,0.1918426752090454,0.0
1787251033.800918579,1787251033.800417900,state_stamped,0.009090748615562916,0.1918426752090454,0.0
1787251033.802892685,1787251033.802898169,command,-0.015924934297800064,0.5061159133911133,0.0
1787251033.861125946,1787251033.861130953,state,0.003087055403739214,0.2672673761844635,0.0
1787251033.861178398,1787251033.860417366,state_stamped,0.003087055403739214,0.2672673761844635,0.0
1787251033.862841845,1787251033.862846613,command,-0.018580717965960503,0.5708189606666565,0.0
1787251033.930846214,1787251033.930850983,state,-0.0029799784533679485,0.35226261615753174,0.0
1787251033.930931091,1787251033.930418015,state_stamped,-0.0029799784533679485,0.35226261615753174,0.0
1787251033.932750702,1787251033.932755470,command,-0.025997593998908997,0.6249720454216003,0.0
1787251034.000929117,1787251034.000417471,state_stamped,-0.009424866177141666,0.42862072587013245,0.0
1787251034.000970602,1787251034.000980139,state,-0.009424866177141666,0.42862072587013245,0.0
1787251034.003090143,1787251034.003095150,command,-0.031958211213350296,0.6400874257087708,0.0
1787251034.060993433,1787251034.060998440,state,-0.014832919463515282,0.4793732166290283,0.0
1787251034.061046839,1787251034.060417891,state_stamped,-0.014832919463515282,0.4793732166290283,0.0
1787251034.062818050,1787251034.062825680,command,-0.018354862928390503,0.5936030745506287,0.0
1787251034.130941153,1787251034.130946159,state,-0.015819057822227478,0.5113574266433716,0.0
1787251034.130992413,1787251034.130417585,state_stamped,-0.015819057822227478,0.5113574266433716,0.0
1787251034.132668257,1787251034.132675886,command,-0.003375494387000799,0.5291973948478699,0.0
1787251034.200983524,1787251034.200988531,state,-0.012334859929978848,0.5163525938987732,0.0
1787251034.201033115,1787251034.200417519,state_stamped,-0.012334859929978848,0.5163525938987732,0.0
1787251034.202834845,1787251034.202842474,command,0.010376177728176117,0.4234406352043152,0.0
1787251034.261135817,1787251034.261140585,state,-0.0068842340260744095,0.49405381083488464,0.0
1787251034.261185884,1787251034.260417461,state_stamped,-0.0068842340260744095,0.49405381083488464,0.0
1787251034.262857676,1787251034.262865067,command,0.020720969885587692,0.3506675958633423,0.0
1787251034.331062555,1787251034.331067324,state,0.0008452180773019791,0.45390570163726807,0.0
1787251034.331114054,1787251034.330417395,state_stamped,0.0008452180773019791,0.45390570163726807,0.0
1787251034.332774401,1787251034.332781792,command,0.03283780813217163,0.30691757798194885,0.0
1787251034.401114464,1787251034.401119232,state,0.00980315264314413,0.4127489924430847,0.0
1787251034.401161909,1787251034.400417328,state_stamped,0.00980315264314413,0.4127489924430847,0.0
1787251034.402968645,1787251034.402973413,command,0.046534035354852676,0.22494229674339294,0.0
1787251034.461138964,1787251034.461143494,state,0.018618561327457428,0.36767539381980896,0.0
1787251034.461187601,1787251034.460417271,state_stamped,0.018618561327457428,0.36767539381980896,0.0
1787251034.462904692,1787251034.462912321,command,0.04663708060979843,0.2243279069662094,0.0
1787251034.531017065,1787251034.531021595,state,0.026463773101568222,0.3275379538536072,0.0
1787251034.531063795,1787251034.530417681,state_stamped,0.026463773101568222,0.3275379538536072,0.0
1787251034.532810926,1787251034.532816410,command,0.03975601866841316,-0.02123158611357212,0.0
1787251034.601026297,1787251034.601030827,state,0.030185578390955925,0.2298831045627594,0.0
1787251034.601074219,1787251034.600417137,state_stamped,0.030185578390955925,0.2298831045627594,0.0
1787251034.602757931,1787251034.602762699,command,0.04047703742980957,-0.10303118079900742,0.0
1787251034.661095619,1787251034.661100388,state,0.03265552967786789,0.14998364448547363,0.0
1787251034.661146164,1787251034.660417080,state_stamped,0.03265552967786789,0.14998364448547363,0.0
1787251034.662770033,1787251034.662775040,command,0.03468179330229759,-0.17119120061397552,0.0
1787251034.730908155,1787251034.730913162,state,0.03322288393974304,0.06005442142486572,0.0
1787251034.730959415,1787251034.730417490,state_stamped,0.03322288393974304,0.06005442142486572,0.0
1787251034.732734680,1787251034.732740164,command,0.02430390752851963,-0.2754715085029602,0.0
1787251034.800948381,1787251034.800957680,state,0.030725568532943726,-0.033892951905727386,0.0
1787251034.801067591,1787251034.800417423,state_stamped,0.030725568532943726,-0.033892951905727386,0.0
1787251034.803750038,1787251034.803755760,command,0.0180848129093647,-0.36483272910118103,0.0
1787251034.861056089,1787251034.861060858,state,0.027691777795553207,-0.11331874877214432,0.0
1787251034.861108780,1787251034.860417604,state_stamped,0.027691777795553207,-0.11331874877214432,0.0
1787251034.862993956,1787251034.862998247,command,0.017668025568127632,-0.4271866977214813,0.0
1787251034.930993319,1787251034.930998087,state,0.024885140359401703,-0.20120137929916382,0.0
1787251034.931043148,1787251034.930417299,state_stamped,0.024885140359401703,-0.20120137929916382,0.0
1787251034.932872534,1787251034.932877302,command,0.014293511398136616,-0.46490582823753357,0.0
1787251035.000895977,1787251035.000418186,state_stamped,0.02191944606602192,-0.27503955364227295,0.0
1787251035.000929356,1787251035.000937462,state,0.02191944606602192,-0.27503955364227295,0.0
1787251035.002947807,1787251035.002955437,command,-0.016761448234319687,-0.6907334923744202,0.0
1787251035.061168671,1787251035.060427189,state_stamped,0.012634645216166973,-0.3748209774494171,0.0
1787251035.061200619,1787251035.061205864,state,0.012634645216166973,-0.3748209774494171,0.0
1787251035.062952042,1787251035.062959194,command,0.005395096726715565,-0.4507372975349426,0.0
1787251035.131099463,1787251035.130417585,state_stamped,0.010607849806547165,-0.3960746228694916,0.0
1787251035.131134033,1787251035.131141663,state,0.010607849806547165,-0.3960746228694916,0.0
1787251035.132812262,1787251035.132819653,command,0.007294046226888895,-0.36528971791267395,0.0
1787251035.200893402,1787251035.200417280,state_stamped,0.009679988957941532,-0.38745489716529846,0.0
1787251035.200924158,1787251035.200928926,state,0.009679988957941532,-0.38745489716529846,0.0
1787251035.202803612,1787251035.202811480,command,0.0013863032218068838,-0.262960284948349,0.0
1787251035.261118650,1787251035.260426760,state_stamped,0.00768919475376606,-0.357571542263031,0.0
1787251035.261193037,1787251035.261198044,state,0.00768919475376606,-0.357571542263031,0.0
1787251035.262930870,1787251035.262938738,command,-0.003853597678244114,-0.17043310403823853,0.0
1787251035.331074238,1787251035.330417871,state_stamped,0.004457619972527027,-0.3051793873310089,0.0
1787251035.331110716,1787251035.331118345,state,0.004457619972527027,-0.3051793873310089,0.0
1787251035.332823753,1787251035.332831860,command,-0.004626013338565826,-0.12007421255111694,0.0
1787251035.401039839,1787251035.400417566,state_stamped,0.001914212480187416,-0.2533501386642456,0.0
1787251035.401072025,1787251035.401077032,state,0.001914212480187416,-0.2533501386642456,0.0
1787251035.403034687,1787251035.403039455,command,-0.010120154358446598,-0.04609020799398422,0.0
1787251035.461059809,1787251035.460417271,state_stamped,-0.0009740223176777363,-0.20360799133777618,0.0
1787251035.461086035,1787251035.461090565,state,-0.0009740223176777363,-0.20360799133777618,0.0
1787251035.462925911,1787251035.462934017,command,-0.01726657710969448,-0.004368439316749573,0.0
1787251035.530974150,1787251035.530417442,state_stamped,-0.005535950418561697,-0.14782077074050903,0.0
1787251035.531031847,1787251035.531036615,state,-0.005535950418561697,-0.14782077074050903,0.0
1787251035.532869101,1787251035.532878399,command,-0.021441370248794556,0.0503247007727623,0.0
1787251035.601143837,1787251035.600427151,state_stamped,-0.009990088641643524,-0.09233229607343674,0.0
1787251035.601172447,1787251035.601177454,state,-0.009990088641643524,-0.09233229607343674,0.0
1787251035.602845669,1787251035.602850676,command,0.009976347908377647,0.29704591631889343,0.0
1787251035.661070108,1787251035.661074877,state,-0.005197884049266577,0.0011235475540161133,0.0
1787251035.661132097,1787251035.660430431,state_stamped,-0.005197884049266577,0.0011235475540161133,0.0
1787251035.662928581,1787251035.662936926,command,0.012581605464220047,0.35873690247535706,0.0
1787251035.730982065,1787251035.730427027,state_stamped,-0.00021986942738294601,0.10125040262937546,0.0
1787251035.731015444,1787251035.731021881,state,-0.00021986942738294601,0.10125040262937546,0.0
1787251035.732856989,1787251035.732865095,command,0.0068823727779090405,0.42198067903518677,0.0
1787251035.801044941,1787251035.800417423,state_stamped,0.00176848447881639,0.19104251265525818,0.0
1787251035.801075220,1787251035.801080227,state,0.00176848447881639,0.19104251265525818,0.0
1787251035.803007126,1787251035.803012609,command,-0.00280953710898757,0.5065565705299377,0.0
1787251035.861054897,1787251035.860417128,state_stamped,0.0006697671487927437,0.2667653560638428,0.0
1787251035.861081362,1787251035.861086130,state,0.0006697671487927437,0.2667653560638428,0.0
1787251035.862958431,1787251035.862967014,command,-0.01099745836108923,0.582187294960022,0.0
1787251035.931067467,1787251035.930417776,state_stamped,-0.002597087062895298,0.3550843298435211,0.0
1787251035.931097269,1787251035.931102514,state,-0.002597087062895298,0.3550843298435211,0.0
1787251035.932890892,1787251035.932898521,command,-0.004161316901445389,0.6270286440849304,0.0
1787251036.001185179,1787251036.001194715,state,-0.0030351285822689533,0.43123871088027954,0.0
1787251036.001248837,1787251036.000426769,state_stamped,-0.0030351285822689533,0.43123871088027954,0.0
1787251036.003475428,1787251036.003484011,command,0.00018879055278375745,0.6575170159339905,0.0
1787251036.061050177,1787251036.060426950,state_stamped,-0.0022613871842622757,0.4855455458164215,0.0
1787251036.061076641,1787251036.061081648,state,-0.0022613871842622757,0.4855455458164215,0.0
1787251036.063001633,1787251036.063009739,command,0.008263517171144485,0.6556575894355774,0.0
1787251036.130976915,1787251036.130981684,state,0.0006851858925074339,0.5331704616546631,0.0
1787251036.131027937,1787251036.130417347,state_stamped,0.0006851858925074339,0.5331704616546631,0.0
1787251036.132920265,1787251036.132929087,command,0.012714555487036705,0.6322546601295471,0.0
1787251036.201060295,1787251036.200417995,state_stamped,0.004053437151014805,0.5609142780303955,0.0
1787251036.201086283,1787251036.201091051,state,0.004053437151014805,0.5609142780303955,0.0
1787251036.203051329,1787251036.203058958,command,0.016065945848822594,0.6092730760574341,0.0
1787251036.261121511,1787251036.261126041,state,0.006936986930668354,0.5725225806236267,0.0
1787251036.261198997,1787251036.260429382,state_stamped,0.006936986930668354,0.5725225806236267,0.0
1787251036.262989283,1787251036.262997866,command,0.01946086250245571,0.5399196147918701,0.0
1787251036.331068993,1787251036.330418110,state_stamped,0.010443110018968582,0.5633952021598816,0.0
1787251036.331099749,1787251036.331104755,state,0.010443110018968582,0.5633952021598816,0.0
1787251036.332836390,1787251036.332844257,command,0.01767662540078163,0.44401106238365173,0.0
1787251036.401082277,1787251036.400417566,state_stamped,0.01246847864240408,0.5299679040908813,0.0
1787251036.401147366,1787251036.401152372,state,0.01246847864240408,0.5299679040908813,0.0
1787251036.402898788,1787251036.402906656,command,0.018479233607649803,0.37263065576553345,0.0
1787251036.461105585,1787251036.460417271,state_stamped,0.013911050744354725,0.49220719933509827,0.0
1787251036.461169958,1787251036.461174488,state,0.013911050744354725,0.49220719933509827,0.0
1787251036.462927818,1787251036.462936401,command,0.023661313578486443,0.32233405113220215,0.0
1787251036.530990601,1787251036.530995131,state,0.01664113439619541,0.4446425437927246,0.0
1787251036.531033516,1787251036.530417442,state_stamped,0.01664113439619541,0.4446425437927246,0.0
1787251036.533039808,1787251036.533045769,command,0.02655339054763317,0.26161858439445496,0.0
1787251036.601013422,1787251036.601017714,state,0.01941658742725849,0.39339545369148254,0.0
1787251036.601054668,1787251036.600418091,state_stamped,0.01941658742725849,0.39339545369148254,0.0
1787251036.603008270,1787251036.603017569,command,0.0037167873233556747,0.007105597294867039,0.0
1787251036.661020517,1787251036.660418272,state_stamped,0.015648622065782547,0.3006855249404907,0.0
1787251036.661047459,1787251036.661052227,state,0.015648622065782547,0.3006855249404907,0.0
1787251036.662906647,1787251036.662914753,command,0.004559840075671673,-0.030476372689008713,0.0
1787251036.731075048,1787251036.731080770,state,0.012543790973722935,0.2079610377550125,0.0
1787251036.731129169,1787251036.730417490,state_stamped,0.012543790973722935,0.2079610377550125,0.0
1787251036.732914925,1787251036.732923031,command,0.00819526705890894,-0.10991258174180984,0.0
1787251036.800939798,1787251036.800948143,state,0.011326178908348083,0.11895454674959183,0.0
1787251036.801004887,1787251036.800419092,state_stamped,0.011326178908348083,0.11895454674959183,0.0
1787251036.803585291,1787251036.803591490,command,0.0052509307861328125,-0.1928461641073227,0.0
1787251036.861061811,1787251036.861066818,state,0.009868158027529716,0.04412434250116348,0.0
1787251036.861109972,1787251036.860417604,state_stamped,0.009868158027529716,0.04412434250116348,0.0
1787251036.863036871,1787251036.863045216,command,0.0038674036040902138,-0.27338743209838867,0.0
1787251036.930983305,1787251036.930427313,state_stamped,0.008187709376215935,-0.044791534543037415,0.0
1787251036.931013823,1787251036.931019068,state,0.008187709376215935,-0.044791534543037415,0.0
1787251036.932936192,1787251036.932944298,command,0.0010674538789317012,-0.3696921765804291,0.0
1787251037.001065969,1787251037.000417709,state_stamped,0.0061943139880895615,-0.13575111329555511,0.0
1787251037.001103640,1787251037.001112223,state,0.0061943139880895615,-0.13575111329555511,0.0
1787251037.003209591,1787251037.003217697,command,-0.0039124684408307076,-0.41724321246147156,0.0
1787251037.061057806,1787251037.060420990,state_stamped,0.003768553491681814,-0.2033129185438156,0.0
1787251037.061089039,1787251037.061096430,state,0.003768553491681814,-0.2033129185438156,0.0
1787251037.062980175,1787251037.062988043,command,-0.005324991885572672,-0.4139368236064911,0.0
1787251037.131017447,1787251037.131021976,state,0.0012223059311509132,-0.2622888684272766,0.0
1787251037.131066322,1787251037.130422592,state_stamped,0.0012223059311509132,-0.2622888684272766,0.0
1787251037.132931232,1787251037.132940292,command,-0.00808698870241642,-0.3538494110107422,0.0
1787251037.201050997,1787251037.201054096,state,-0.0013841164764016867,-0.28792405128479004,0.0
1787251037.201093912,1787251037.200417757,state_stamped,-0.0013841164764016867,-0.28792405128479004,0.0
1787251037.202919960,1787251037.202925920,command,-0.013802154920995235,-0.2612317204475403,0.0
1787251037.261077404,1787251037.261085033,state,-0.00436444953083992,-0.281517893075943,0.0
1787251037.261132956,1787251037.260417700,state_stamped,-0.00436444953083992,-0.281517893075943,0.0
1787251037.262929678,1787251037.262938023,command,-0.011994737200438976,-0.1576133668422699,0.0
1787251037.330969572,1787251037.330417395,state_stamped,-0.006500920746475458,-0.24682477116584778,0.0
1787251037.331005096,1787251037.331012964,state,-0.006500920746475458,-0.24682477116584778,0.0
1787251037.333339691,1787251037.333349466,command,-0.0008000638918019831,-0.08139612525701523,0.0
1787251037.401103973,1787251037.401109695,state,-0.004904682748019695,-0.20050480961799622,0.0
1787251037.401155233,1787251037.400417328,state_stamped,-0.004904682748019695,-0.20050480961799622,0.0
1787251037.402941704,1787251037.402947426,command,0.003247905755415559,-0.022415250539779663,0.0
1787251037.461111069,1787251037.460417747,state_stamped,-0.0029480501543730497,-0.1577630639076233,0.0
1787251037.461142302,1787251037.461147308,state,-0.0029480501543730497,-0.1577630639076233,0.0
1787251037.463276148,1787251037.463281155,command,-0.0027564396150410175,0.014726745896041393,0.0
1787251037.531072617,1787251037.531077623,state,-0.0028943989891558886,-0.10946564376354218,0.0
1787251037.531110764,1787251037.530418158,state_stamped,-0.0028943989891558886,-0.10946564376354218,0.0
1787251037.532889366,1787251037.532894135,command,-0.0039200852625072,0.06578807532787323,0.0
1787251037.601119280,1787251037.600418329,state_stamped,-0.003181592095643282,-0.06039445102214813,0.0
1787251037.601147652,1787251037.601152420,state,-0.003181592095643282,-0.06039445102214813,0.0
1787251037.602996826,1787251037.603002310,command,0.03399069607257843,0.3035565912723541,0.0
1787251037.661129236,1787251037.660417318,state_stamped,0.005739615764468908,0.026952415704727173,0.0
1787251037.661160946,1787251037.661167145,state,0.005739615764468908,0.026952415704727173,0.0
1787251037.662934780,1787251037.662939548,command,0.03391018882393837,0.36967793107032776,0.0
1787251037.731035948,1787251037.730417728,state_stamped,0.013627417385578156,0.12291605770587921,0.0
1787251037.731108189,1787251037.731114388,state,0.013627417385578156,0.12291605770587921,0.0
1787251037.732922792,1787251037.732927799,command,0.024285105988383293,0.4410788416862488,0.0
1787251037.801115751,1787251037.800417662,state_stamped,0.01661156490445137,0.2120014727115631,0.0
1787251037.801144838,1787251037.801150322,state,0.01661156490445137,0.2120014727115631,0.0
1787251037.802994013,1787251037.802999258,command,0.00919334590435028,0.5412769913673401,0.0
1787251037.861093998,1787251037.860427141,state_stamped,0.01483091339468956,0.29103997349739075,0.0
1787251037.861120462,1787251037.861125469,state,0.01483091339468956,0.29103997349739075,0.0
1787251037.862946510,1787251037.862951517,command,0.006124419625848532,0.5921683311462402,0.0
1787251037.931061745,1787251037.930417538,state_stamped,0.012393422424793243,0.3753446042537689,0.0
1787251037.931092262,1787251037.931097031,state,0.012393422424793243,0.3753446042537689,0.0
1787251037.932908297,1787251037.932913065,command,0.0031182728707790375,0.6444200873374939,0.0
1787251038.001124382,1787251038.000427246,state_stamped,0.009796028956770897,0.4506959319114685,0.0
1787251038.001208782,1787251038.001217365,state,0.009796028956770897,0.4506959319114685,0.0
1787251038.003370285,1787251038.003375530,command,0.012377907522022724,0.6686493754386902,0.0
1787251038.061068296,1787251038.061071873,state,0.01041557639837265,0.5029960870742798,0.0
1787251038.061107635,1787251038.060417175,state_stamped,0.01041557639837265,0.5029960870742798,0.0
1787251038.062899828,1787251038.062903404,command,0.008027639240026474,0.6875749826431274,0.0
1787251038.131042719,1787251038.130420685,state_stamped,0.009746919386088848,0.5546808242797852,0.0
1787251038.131117344,1787251038.131122112,state,0.009746919386088848,0.5546808242797852,0.0
1787251038.133336782,1787251038.133341789,command,0.015840942040085793,0.6610774993896484,0.0
1787251038.201095104,1787251038.200417280,state_stamped,0.011453158222138882,0.5844703912734985,0.0
1787251038.201129913,1787251038.201134682,state,0.011453158222138882,0.5844703912734985,0.0
1787251038.202953577,1787251038.202959299,command,0.02048809453845024,0.6129780411720276,0.0
1787251038.261074781,1787251038.260417700,state_stamped,0.013621559366583824,0.5913122892379761,0.0
1787251038.261106014,1787251038.261112213,state,0.013621559366583824,0.5913122892379761,0.0
1787251038.262872458,1787251038.262876749,command,0.012934554368257523,0.5473276972770691,0.0
1787251038.331025839,1787251038.330417633,state_stamped,0.013429197482764721,0.5789965987205505,0.0
1787251038.331052065,1787251038.331056833,state,0.013429197482764721,0.5789965987205505,0.0
1787251038.332834721,1787251038.332838297,command,0.003516026772558689,0.4553527235984802,0.0
1787251038.401066303,1787251038.400417566,state_stamped,0.01065351627767086,0.5443763732910156,0.0
1787251038.401141405,1787251038.401146412,state,0.01065351627767086,0.5443763732910156,0.0
1787251038.402866125,1787251038.402869463,command,-0.0019092387519776821,0.39921969175338745,0.0
1787251038.461065292,1787251038.460417509,state_stamped,0.0076384590938687325,0.5095388293266296,0.0
1787251038.461157799,1787251038.461162567,state,0.0076384590938687325,0.5095388293266296,0.0
1787251038.462893724,1787251038.462896824,command,-0.001103675807826221,0.32310181856155396,0.0
1787251038.531035900,1787251038.530417204,state_stamped,0.005190671421587467,0.4573366641998291,0.0
1787251038.531064749,1787251038.531069517,state,0.005190671421587467,0.4573366641998291,0.0
1787251038.532862425,1787251038.532866001,command,0.0054339198395609856,0.2651021480560303,0.0
1787251038.601070166,1787251038.600434542,state_stamped,0.0052587976679205894,0.40349769592285156,0.0
1787251038.601095915,1787251038.601100683,state,0.0052587976679205894,0.40349769592285156,0.0
1787251038.602946043,1787251038.602951765,command,-0.019702738150954247,0.00715466495603323,0.0
1787251038.661072016,1787251038.661077023,state,-0.0007316037081182003,0.30838119983673096,0.0
1787251038.661141157,1787251038.660430908,state_stamped,-0.0007316037081182003,0.30838119983673096,0.0
1787251038.663014889,1787251038.663022995,command,-0.015435118228197098,-0.028854675590991974,0.0
1787251038.730893373,1787251038.730897903,state,-0.004848114214837551,0.2139660120010376,0.0
1787251038.730942488,1787251038.730422735,state_stamped,-0.004848114214837551,0.2139660120010376,0.0
1787251038.732849836,1787251038.732855558,command,-0.006943793036043644,-0.10241694003343582,0.0
1787251038.800946474,1787251038.800953388,state,-0.005434862338006496,0.125385120511055,0.0
1787251038.800991774,1787251038.800417900,state_stamped,-0.005434862338006496,0.125385120511055,0.0
1787251038.803838491,1787251038.803845406,command,-0.009134097956120968,-0.19101014733314514,0.0
1787251038.861060143,1787251038.860417843,state_stamped,-0.0063226777128875256,0.0494503453373909,0.0
1787251038.861096144,1787251038.861102819,state,-0.0063226777128875256,0.0494503453373909,0.0
1787251038.863082170,1787251038.863090515,command,-0.011291150003671646,-0.2762698829174042,0.0
1787251038.931059122,1787251038.930417776,state_stamped,-0.007713848724961281,-0.04175125062465668,0.0
1787251038.931097746,1787251038.931103468,state,-0.007713848724961281,-0.04175125062465668,0.0
1787251038.933025122,1787251038.933033466,command,-0.008655086159706116,-0.3305702805519104,0.0
1787251039.001079559,1787251039.001085043,state,-0.007977393455803394,-0.12262001633644104,0.0
1787251039.001182795,1787251039.000417233,state_stamped,-0.007977393455803394,-0.12262001633644104,0.0
1787251039.003150225,1787251039.003158808,command,-0.002156929112970829,-0.3153943419456482,0.0
1787251039.061138868,1787251039.061144114,state,-0.006580471061170101,-0.1688862144947052,0.0
1787251039.061198473,1787251039.060417652,state_stamped,-0.006580471061170101,-0.1688862144947052,0.0
1787251039.062903881,1787251039.062911749,command,-0.005919561255723238,-0.23248665034770966,0.0
1787251039.131068945,1787251039.131073952,state,-0.006395407021045685,-0.18669523298740387,0.0
1787251039.131127596,1787251039.130421162,state_stamped,-0.006395407021045685,-0.18669523298740387,0.0
1787251039.133013964,1787251039.133022308,command,-0.0006513730040751398,-0.1285080462694168,0.0
1787251039.201133251,1787251039.201138258,state,-0.004787156358361244,-0.1704036146402359,0.0
1787251039.201191187,1787251039.200417757,state_stamped,-0.004787156358361244,-0.1704036146402359,0.0
1787251039.202901363,1787251039.202909231,command,0.01325267180800438,-0.044304005801677704,0.0
1787251039.261041641,1787251039.261046410,state,-0.0004576263017952442,-0.14013990759849548,0.0
1787251039.261102676,1787251039.260417461,state_stamped,-0.0004576263017952442,-0.14013990759849548,0.0
1787251039.262933969,1787251039.262942314,command,0.01639546826481819,-0.012351593002676964,0.0
1787251039.330979824,1787251039.330984354,state,0.004261269234120846,-0.10435895621776581,0.0
1787251039.331106663,1787251039.330417871,state_stamped,0.004261269234120846,-0.10435895621776581,0.0
1787251039.332931280,1787251039.332938910,command,0.019774971529841423,0.042057283222675323,0.0
1787251039.401052713,1787251039.401057243,state,0.008605086244642735,-0.06336259096860886,0.0
1787251039.401097775,1787251039.400417566,state_stamped,0.008605086244642735,-0.06336259096860886,0.0
1787251039.402929783,1787251039.402937651,command,0.03749344125390053,0.2844744324684143,0.0
1787251039.461047411,1787251039.461052418,state,0.015538308769464493,0.02011849731206894,0.0
1787251039.461106777,1787251039.460417747,state_stamped,0.015538308769464493,0.02011849731206894,0.0
1787251039.462914705,1787251039.462923765,command,0.04307998716831207,0.35670867562294006,0.0
1787251039.530974865,1787251039.530979872,state,0.023249950259923935,0.1143634021282196,0.0
1787251039.531035423,1787251039.530417442,state_stamped,0.023249950259923935,0.1143634021282196,0.0
1787251039.532865286,1787251039.532872915,command,0.03413090482354164,0.4349736273288727,0.0
1787251039.601122856,1787251039.601127625,state,0.026296626776456833,0.20413455367088318,0.0
1787251039.601179361,1787251039.600417614,state_stamped,0.026296626776456833,0.20413455367088318,0.0
1787251039.602857590,1787251039.602863312,command,0.01867021434009075,0.5123929381370544,0.0
1787251039.661135674,1787251039.661140442,state,0.024466291069984436,0.2781164050102234,0.0
1787251039.661191940,1787251039.660417557,state_stamped,0.024466291069984436,0.2781164050102234,0.0
1787251039.662993908,1787251039.663002729,command,0.007597771938890219,0.5684446692466736,0.0
1787251039.731084585,1787251039.731089354,state,0.01974310912191868,0.35940825939178467,0.0
1787251039.731142759,1787251039.730417490,state_stamped,0.01974310912191868,0.35940825939178467,0.0
1787251039.732959032,1787251039.732967138,command,-0.011411680839955807,0.6210765242576599,0.0
1787251039.801134825,1787251039.801139355,state,0.01101979985833168,0.4326751232147217,0.0
1787251039.801183701,1787251039.800417185,state_stamped,0.01101979985833168,0.4326751232147217,0.0
1787251039.803009510,1787251039.803015232,command,-0.025145307183265686,0.6606430411338806,0.0
1787251039.861147165,1787251039.861151934,state,0.0023401007056236267,0.48738789558410645,0.0
1787251039.861198187,1787251039.860417604,state_stamped,0.0023401007056236267,0.48738789558410645,0.0
1787251039.862987280,1787251039.862995625,command,-0.029763801023364067,0.6851174831390381,0.0
1787251039.931075573,1787251039.931080341,state,-0.006650214083492756,0.5427597165107727,0.0
1787251039.931175470,1787251039.930427313,state_stamped,-0.006650214083492756,0.5427597165107727,0.0
1787251039.932910442,1787251039.932918549,command,-0.023108746856451035,0.6837620735168457,0.0
1787251040.001119375,1787251040.001125097,state,-0.011257965117692947,0.5822349190711975,0.0
1787251040.001221418,1787251040.000417471,state_stamped,-0.011257965117692947,0.5822349190711975,0.0
1787251040.003183603,1787251040.003191233,command,-0.011543164029717445,0.6553842425346375,0.0
1787251040.061141014,1787251040.061145782,state,-0.011326412670314312,0.5997908115386963,0.0
1787251040.061190605,1787251040.060417652,state_stamped,-0.011326412670314312,0.5997908115386963,0.0
1787251040.062972069,1787251040.062980652,command,-0.0046685137785971165,0.6089999675750732,0.0
1787251040.131109476,1787251040.131114244,state,-0.00946195051074028,0.6023697257041931,0.0
1787251040.131165266,1787251040.130427122,state_stamped,-0.00946195051074028,0.6023697257041931,0.0
1787251040.132958174,1787251040.132966757,command,0.005068792495876551,0.5348418951034546,0.0
1787251040.201131821,1787251040.201136589,state,-0.00539335748180747,0.5834619998931885,0.0
1787251040.201184034,1787251040.200426817,state_stamped,-0.00539335748180747,0.5834619998931885,0.0
1787251040.202993870,1787251040.203003168,command,0.01041050348430872,0.43990814685821533,0.0
1787251040.261133671,1787251040.261138439,state,-0.0016010235995054245,0.5490144491195679,0.0
1787251040.261186600,1787251040.260417461,state_stamped,-0.0016010235995054245,0.5490144491195679,0.0
1787251040.262960672,1787251040.262969255,command,0.013115057721734047,0.3833128809928894,0.0
1787251040.331060410,1787251040.331065655,state,0.0025194729678332806,0.5026180744171143,0.0
1787251040.331118345,1787251040.330417395,state_stamped,0.0025194729678332806,0.5026180744171143,0.0
1787251040.332937717,1787251040.332945585,command,0.025968654081225395,0.2929396629333496,0.0
1787251040.400977612,1787251040.400982618,state,0.009085279889404774,0.44390779733657837,0.0
1787251040.401025295,1787251040.400417805,state_stamped,0.009085279889404774,0.44390779733657837,0.0
1787251040.402896881,1787251040.402903795,command,0.032599106431007385,0.27339988946914673,0.0
1787251040.461141825,1787251040.461146593,state,0.014729805290699005,0.4029771685600281,0.0
1787251040.461195707,1787251040.460430622,state_stamped,0.014729805290699005,0.4029771685600281,0.0
1787251040.462999582,1787251040.463007450,command,0.012049567885696888,0.025901103392243385,0.0
1787251040.530978203,1787251040.530981779,state,0.01397937722504139,0.2974013090133667,0.0
1787251040.531068325,1787251040.530426979,state_stamped,0.01397937722504139,0.2974013090133667,0.0
1787251040.532959461,1787251040.532968760,command,0.01268268097192049,-0.03625588119029999,0.0
1787251040.601099730,1787251040.601104975,state,0.013616350479424,0.203989639878273,0.0
1787251040.601151943,1787251040.600417852,state_stamped,0.013616350479424,0.203989639878273,0.0
1787251040.602974653,1787251040.602983952,command,0.016920655965805054,-0.10553031414747238,0.0
1787251040.661141157,1787251040.661146164,state,0.014409505762159824,0.1296934336423874,0.0
1787251040.661198854,1787251040.660427094,state_stamped,0.014409505762159824,0.1296934336423874,0.0
1787251040.663019657,1787251040.663027525,command,0.01604381948709488,-0.18963482975959778,0.0
1787251040.730870008,1787251040.730874777,state,0.014867053367197514,0.0402933731675148,0.0
1787251040.730919838,1787251040.730417728,state_stamped,0.014867053367197514,0.0402933731675148,0.0
1787251040.732890844,1787251040.732898712,command,0.010320787318050861,-0.28258216381073,0.0
1787251040.801018476,1787251040.801023006,state,0.013593930751085281,-0.05012369155883789,0.0
1787251040.801067114,1787251040.800426960,state_stamped,0.013593930751085281,-0.05012369155883789,0.0
1787251040.802944183,1787251040.802952528,command,0.010336476378142834,-0.36702442169189453,0.0
1787251040.861030817,1787251040.861040354,state,0.012812264263629913,-0.126167893409729,0.0
1787251040.861147165,1787251040.860417604,state_stamped,0.012812264263629913,-0.126167893409729,0.0
1787251040.863777876,1787251040.863786936,command,0.0078265480697155,-0.41823261976242065,0.0
1787251040.930915117,1787251040.930919886,state,0.011416267603635788,-0.2079457938671112,0.0
1787251040.930971622,1787251040.930417299,state_stamped,0.011416267603635788,-0.2079457938671112,0.0
1787251040.932857275,1787251040.932865381,command,0.004796839784830809,-0.42633065581321716,0.0
1787251041.001005173,1787251041.001010418,state,0.009562831372022629,-0.26909345388412476,0.0
1787251041.001059771,1787251041.000417233,state_stamped,0.009562831372022629,-0.26909345388412476,0.0
1787251041.002916336,1787251041.002924442,command,0.005468857008963823,-0.4004794657230377,0.0
1787251041.061061144,1787251041.061066151,state,0.008580262772738934,-0.30062657594680786,0.0
1787251041.061111927,1787251041.060418129,state_stamped,0.008580262772738934,-0.30062657594680786,0.0
1787251041.062926292,1787251041.062933922,command,-0.003032222855836153,-0.35193008184432983,0.0
1787251041.131126642,1787251041.131131649,state,0.0053287991322577,-0.31499141454696655,0.0
1787251041.131184340,1787251041.130417347,state_stamped,0.0053287991322577,-0.31499141454696655,0.0
1787251041.132992983,1787251041.132998705,command,-0.009807674214243889,-0.2552560567855835,0.0
1787251041.200927019,1787251041.200931072,state,0.0010905959643423557,-0.2982655465602875,0.0
1787251041.201010227,1787251041.200417280,state_stamped,0.0010905959643423557,-0.2982655465602875,0.0
1787251041.202670574,1787251041.202679157,command,-0.00364073202945292,-0.14776358008384705,0.0
1787251041.260949850,1787251041.260954618,state,-4.4935732148587704e-05,-0.26214465498924255,0.0
1787251041.261005878,1787251041.260417938,state_stamped,-4.4935732148587704e-05,-0.26214465498924255,0.0
1787251041.262626886,1787251041.262634993,command,-0.0018276588525623083,-0.08416050672531128,0.0
1787251041.331001759,1787251041.331006765,state,-0.0005441918619908392,-0.21229973435401917,0.0
1787251041.331051826,1787251041.330430984,state_stamped,-0.0005441918619908392,-0.21229973435401917,0.0
1787251041.332798243,1787251041.332806110,command,0.00018516837735660374,-0.030977750197052956,0.0
1787251041.401125193,1787251041.401129961,state,-0.00033998244907706976,-0.1615324318408966,0.0
1787251041.401175499,1787251041.400427103,state_stamped,-0.00033998244907706976,-0.1615324318408966,0.0
1787251041.402782679,1787251041.402791262,command,-0.004662390798330307,0.017142221331596375,0.0
1787251041.461020708,1787251041.461024284,state,-0.0013771936064586043,-0.11865741014480591,0.0
1787251041.461101055,1787251041.460417509,state_stamped,-0.0013771936064586043,-0.11865741014480591,0.0
1787251041.463032722,1787251041.463040829,command,-0.006232246290892363,0.06309141963720322,0.0
1787251041.530970812,1787251041.530975342,state,-0.0027366229332983494,-0.0677671954035759,0.0
1787251041.531011343,1787251041.530418158,state_stamped,-0.0027366229332983494,-0.0677671954035759,0.0
1787251041.532951117,1787251041.532959461,command,0.026358306407928467,0.3236258327960968,0.0
1787251041.600943327,1787251041.600945711,state,0.0054110088385641575,0.04183700680732727,0.0
1787251041.601014614,1787251041.600427151,state_stamped,0.0054110088385641575,0.04183700680732727,0.0
1787251041.602664948,1787251041.602670908,command,0.026146726682782173,0.395928293466568,0.0
1787251041.661024332,1787251041.661026478,state,0.010386791080236435,0.12680542469024658,0.0
1787251041.661062717,1787251041.660417795,state_stamped,0.010386791080236435,0.12680542469024658,0.0
1787251041.662750721,1787251041.662758827,command,0.01761596091091633,0.45229899883270264,0.0
1787251041.730952978,1787251041.730955839,state,0.012411192990839481,0.21795418858528137,0.0
1787251041.730983257,1787251041.730425835,state_stamped,0.012411192990839481,0.21795418858528137,0.0
1787251041.732676983,1787251041.732685328,command,0.0025492915883660316,0.5315350294113159,0.0
1787251041.801135302,1787251041.801138878,state,0.00965017918497324,0.3057466745376587,0.0
1787251041.801170349,1787251041.800417662,state_stamped,0.00965017918497324,0.3057466745376587,0.0
1787251041.802851677,1787251041.802860022,command,-0.004938445519655943,0.5890108942985535,0.0
1787251041.861043692,1787251041.861048937,state,0.006148902699351311,0.37373021245002747,0.0
1787251041.861099720,1787251041.860417843,state_stamped,0.006148902699351311,0.37373021245002747,0.0
1787251041.862726450,1787251041.862734556,command,-0.007675210479646921,0.634108304977417,0.0
1787251041.930957079,1787251041.930960655,state,0.002278160536661744,0.446635901927948,0.0
1787251041.930992603,1787251041.930417776,state_stamped,0.002278160536661744,0.446635901927948,0.0
1787251041.932921648,1787251041.932929754,command,-7.014790026005358e-05,0.6659317016601562,0.0
1787251042.000990868,1787251042.000995159,state,0.0016205419087782502,0.508047342300415,0.0
1787251042.001031399,1787251042.000427485,state_stamped,0.0016205419087782502,0.508047342300415,0.0
1787251042.003210306,1787251042.003219366,command,0.005456303711980581,0.68821781873703,0.0
1787251042.060962677,1787251042.060966492,state,0.002540982561185956,0.5512815713882446,0.0
1787251042.060999870,1787251042.060418129,state_stamped,0.002540982561185956,0.5512815713882446,0.0
1787251042.062931299,1787251042.062938690,command,0.009227875620126724,0.6795821785926819,0.0
1787251042.130886555,1787251042.130890131,state,0.004413287155330181,0.5872052311897278,0.0
1787251042.130922794,1787251042.130417347,state_stamped,0.004413287155330181,0.5872052311897278,0.0
1787251042.132873774,1787251042.132882357,command,0.01434221863746643,0.6464440226554871,0.0
1787251042.201141834,1787251042.200417280,state_stamped,0.007193385623395443,0.6037920713424683,0.0
1787251042.201167107,1787251042.201171160,state,0.007193385623395443,0.6037920713424683,0.0
1787251042.202837944,1787251042.202846289,command,0.013088206760585308,0.5699759125709534,0.0
1787251042.260976076,1787251042.260979414,state,0.008608145639300346,0.5956761837005615,0.0
1787251042.261011600,1787251042.260417461,state_stamped,0.008608145639300346,0.5956761837005615,0.0
1787251042.262931108,1787251042.262939453,command,0.008721278980374336,0.48423629999160767,0.0
1787251042.330991983,1787251042.330995798,state,0.008639822714030743,0.5644729733467102,0.0
1787251042.331028700,1787251042.330417395,state_stamped,0.008639822714030743,0.5644729733467102,0.0
1787251042.332680225,1787251042.332684994,command,0.007345948368310928,0.41534703969955444,0.0
1787251042.400989532,1787251042.400993109,state,0.008277538232505322,0.5227177739143372,0.0
1787251042.401057243,1787251042.400417328,state_stamped,0.008277538232505322,0.5227177739143372,0.0
1787251042.402686834,1787251042.402694941,command,0.012090434320271015,0.34487125277519226,0.0
1787251042.461116076,1787251042.461119652,state,0.009192820638418198,0.48002588748931885,0.0
1787251042.461187840,1787251042.460429430,state_stamped,0.009192820638418198,0.48002588748931885,0.0
1787251042.463003635,1787251042.463011742,command,0.017845170572400093,0.26894763112068176,0.0
1787251042.531011581,1787251042.531014919,state,0.011615579947829247,0.4209215044975281,0.0
1787251042.531046152,1787251042.530432463,state_stamped,0.011615579947829247,0.4209215044975281,0.0
1787251042.532963991,1787251042.532969236,command,-0.00970407109707594,0.033399686217308044,0.0
1787251042.601023197,1787251042.601027012,state,0.005646499339491129,0.31242305040359497,0.0
1787251042.601057768,1787251042.600427628,state_stamped,0.005646499339491129,0.31242305040359497,0.0
1787251042.602670670,1787251042.602679014,command,0.0002002032706514001,-0.013330995105206966,0.0
1787251042.661109209,1787251042.661112785,state,0.004339391831308603,0.2342422902584076,0.0
1787251042.661181211,1787251042.660427332,state_stamped,0.004339391831308603,0.2342422902584076,0.0
1787251042.662837267,1787251042.662844896,command,0.006062682252377272,-0.05799950659275055,0.0
1787251042.731005669,1787251042.731009960,state,0.004821910057216883,0.15241509675979614,0.0
1787251042.731044769,1787251042.730427027,state_stamped,0.004821910057216883,0.15241509675979614,0.0
1787251042.732656956,1787251042.732665300,command,0.005999462679028511,-0.14376984536647797,0.0
1787251042.801054478,1787251042.800427198,state_stamped,0.005151626653969288,0.06948287785053253,0.0
1787251042.801080465,1787251042.801085234,state,0.005151626653969288,0.06948287785053253,0.0
1787251042.802732706,1787251042.802741528,command,0.0028197932988405228,-0.24097156524658203,0.0
1787251042.860953331,1787251042.860960007,state,0.004591968841850758,-0.005028590559959412,0.0
1787251042.860999107,1787251042.860429287,state_stamped,0.004591968841850758,-0.005028590559959412,0.0
1787251042.863584042,1787251042.863590002,command,-0.00019277360115665942,-0.32886284589767456,0.0
1787251042.931028128,1787251042.931032181,state,0.0032521458342671394,-0.09570862352848053,0.0
1787251042.931064129,1787251042.930434227,state_stamped,0.0032521458342671394,-0.09570862352848053,0.0
1787251042.933125257,1787251042.933133364,command,-0.0019432251574471593,-0.3864826560020447,0.0
1787251043.001071453,1787251043.001074791,state,0.0017977929674088955,-0.17710570991039276,0.0
1787251043.001105070,1787251043.000417233,state_stamped,0.0017977929674088955,-0.17710570991039276,0.0
1787251043.003154516,1787251043.003162861,command,-0.0019813389517366886,-0.3804183006286621,0.0
1787251043.061060905,1787251043.061064482,state,0.000890796072781086,-0.22590100765228271,0.0
1787251043.061096430,1787251043.060417652,state_stamped,0.000890796072781086,-0.22590100765228271,0.0
1787251043.063032389,1787251043.063040972,command,-0.00718702282756567,-0.3450976312160492,0.0
1787251043.130928993,1787251043.130932570,state,-0.001371010672301054,-0.2592763304710388,0.0
1787251043.130964279,1787251043.130418301,state_stamped,-0.001371010672301054,-0.2592763304710388,0.0
1787251043.132900715,1787251043.132908821,command,-0.007662261836230755,-0.2245861142873764,0.0
1787251043.201045036,1787251043.201048613,state,-0.0031325416639447212,-0.24956317245960236,0.0
1787251043.201080084,1787251043.200417519,state_stamped,-0.0031325416639447212,-0.24956317245960236,0.0
1787251043.202960491,1787251043.202966452,command,-0.0020539811812341213,-0.13089025020599365,0.0
1787251043.261063099,1787251043.260417461,state_stamped,-0.002873686607927084,-0.22108161449432373,0.0
1787251043.261090040,1787251043.261093378,state,-0.002873686607927084,-0.22108161449432373,0.0
1787251043.262963057,1787251043.262968540,command,0.0038823445793241262,-0.0701906681060791,0.0
1787251043.331015587,1787251043.331018448,state,-0.000982000958174467,-0.17883221805095673,0.0
1787251043.331047535,1787251043.330417395,state_stamped,-0.000982000958174467,-0.17883221805095673,0.0
1787251043.332907438,1787251043.332915783,command,0.006861764471977949,-0.02509993501007557,0.0
1787251043.401041746,1787251043.401045084,state,0.0012146122753620148,-0.13578014075756073,0.0
1787251043.401077271,1787251043.400428772,state_stamped,0.0012146122753620148,-0.13578014075756073,0.0
1787251043.402730703,1787251043.402736664,command,0.019733697175979614,0.1619880497455597,0.0
1787251043.461045980,1787251043.461048603,state,0.005658416543155909,-0.06432826071977615,0.0
1787251043.461077929,1787251043.460418463,state_stamped,0.005658416543155909,-0.06432826071977615,0.0
1787251043.462759018,1787251043.462764502,command,0.026503965258598328,0.21913430094718933,0.0
1787251043.530992746,1787251043.530996561,state,0.011495081707835197,0.015040047466754913,0.0
1787251043.531059504,1787251043.530417442,state_stamped,0.011495081707835197,0.015040047466754913,0.0
1787251043.532735825,1787251043.532743454,command,0.019223229959607124,0.3383386731147766,0.0
1787251043.601043940,1787251043.601047754,state,0.013659275136888027,0.10557670891284943,0.0
1787251043.601109743,1787251043.600427389,state_stamped,0.013659275136888027,0.10557670891284943,0.0
1787251043.602772951,1787251043.602779388,command,0.005054759792983532,0.42008790373802185,0.0
1787251043.660991192,1787251043.660995245,state,0.011594343930482864,0.18105381727218628,0.0
1787251043.661028385,1787251043.660423040,state_stamped,0.011594343930482864,0.18105381727218628,0.0
1787251043.662960529,1787251043.662966490,command,-0.001315365545451641,0.49916648864746094,0.0
1787251043.731098413,1787251043.731104851,state,0.007979163900017738,0.2701367139816284,0.0
1787251043.731140614,1787251043.730431795,state_stamped,0.007979163900017738,0.2701367139816284,0.0
1787251043.732792139,1787251043.732797384,command,-0.008400636725127697,0.5653109550476074,0.0
1787251043.801055670,1787251043.800417423,state_stamped,0.0033937711268663406,0.3527683615684509,0.0
1787251043.801088333,1787251043.801093817,state,0.0033937711268663406,0.3527683615684509,0.0
1787251043.802732944,1787251043.802738905,command,-0.019797099754214287,0.6143428683280945,0.0
1787251043.860981226,1787251043.860986710,state,-0.00217207008972764,0.41554659605026245,0.0
1787251043.861019135,1787251043.860417843,state_stamped,-0.00217207008972764,0.41554659605026245,0.0
1787251043.862950087,1787251043.862958431,command,-0.03034660406410694,0.6467098593711853,0.0
1787251043.931030512,1787251043.931036472,state,-0.010060887783765793,0.4802718758583069,0.0
1787251043.931075573,1787251043.930417299,state_stamped,-0.010060887783765793,0.4802718758583069,0.0
1787251043.932780504,1787251043.932789087,command,-0.02041461691260338,0.612642765045166,0.0
1787251043.991206646,1787251043.991211176,state,-0.012546274811029434,0.5120471715927124,0.0
1787251043.991247416,1787251043.990429163,state_stamped,-0.012546274811029434,0.5120471715927124,0.0
1787251043.993453503,1787251043.993462086,command,-0.008024646900594234,0.5829469561576843,0.0
1787251044.061076880,1787251044.061082363,state,-0.011280435137450695,0.5318956971168518,0.0
1787251044.061123610,1787251044.060417175,state_stamped,-0.011280435137450695,0.5318956971168518,0.0
1787251044.062888384,1787251044.062896490,command,0.0022797805722802877,0.4897877871990204,0.0
1787251044.131023884,1787251044.131028891,state,-0.007483568973839283,0.5201054811477661,0.0
1787251044.131066084,1787251044.130417347,state_stamped,-0.007483568973839283,0.5201054811477661,0.0
1787251044.132750273,1787251044.132760048,command,0.011244973167777061,0.39760205149650574,0.0
1787251044.201003313,1787251044.200417519,state_stamped,-0.002239558845758438,0.48580440878868103,0.0
1787251044.201034069,1787251044.201040268,state,-0.002239558845758438,0.48580440878868103,0.0
1787251044.202812910,1787251044.202820778,command,0.026422910392284393,0.33527305722236633,0.0
1787251044.261019230,1787251044.260417938,state_stamped,0.004639481659978628,0.44967663288116455,0.0
1787251044.261053085,1787251044.261059999,state,0.004639481659978628,0.44967663288116455,0.0
1787251044.262720823,1787251044.262728930,command,0.04058178886771202,0.2909153699874878,0.0
1787251044.331049442,1787251044.331054688,state,0.014703307300806046,0.4052235782146454,0.0
1787251044.331096888,1787251044.330417871,state_stamped,0.014703307300806046,0.4052235782146454,0.0
1787251044.332762957,1787251044.332767725,command,0.049594447016716,0.2138819694519043,0.0
1787251044.401054144,1787251044.401057959,state,0.024474088102579117,0.3516409993171692,0.0
1787251044.401133299,1787251044.400426865,state_stamped,0.024474088102579117,0.3516409993171692,0.0
1787251044.402759075,1787251044.402768850,command,0.0375266969203949,0.001962401205673814,0.0
1787251044.461096287,1787251044.461101055,state,0.027606243267655373,0.267730712890625,0.0
1787251044.461137295,1787251044.460417986,state_stamped,0.027606243267655373,0.267730712890625,0.0
1787251044.462785244,1787251044.462793589,command,0.041646432131528854,-0.043959345668554306,0.0
1787251044.531010151,1787251044.531014681,state,0.03153747692704201,0.1804579347372055,0.0
1787251044.531098366,1787251044.530417442,state_stamped,0.03153747692704201,0.1804579347372055,0.0
1787251044.532748938,1787251044.532757044,command,0.04433630779385567,-0.12363899499177933,0.0
1787251044.600983381,1787251044.600417852,state_stamped,0.035121165215969086,0.09531041979789734,0.0
1787251044.601012230,1787251044.601017237,state,0.035121165215969086,0.09531041979789734,0.0
1787251044.603109121,1787251044.603116989,command,0.03974055126309395,-0.20361214876174927,0.0
1787251044.661085606,1787251044.661090851,state,0.03622981533408165,0.02356911450624466,0.0
1787251044.661130190,1787251044.660417795,state_stamped,0.03622981533408165,0.02356911450624466,0.0
1787251044.662795782,1787251044.662803650,command,0.031245317310094833,-0.3046279549598694,0.0
1787251044.731015205,1787251044.731020212,state,0.034834157675504684,-0.06832588464021683,0.0
1787251044.731113672,1787251044.730417490,state_stamped,0.034834157675504684,-0.06832588464021683,0.0
1787251044.732750654,1787251044.732755423,command,0.021782513707876205,-0.3893664479255676,0.0
1787251044.800941229,1787251044.800945044,state,0.031179703772068024,-0.15821707248687744,0.0
1787251044.801018715,1787251044.800417423,state_stamped,0.031179703772068024,-0.15821707248687744,0.0
1787251044.802641153,1787251044.802649021,command,0.016916770488023758,-0.45532143115997314,0.0
1787251044.860968113,1787251044.860977173,state,0.027756592258810997,-0.22952225804328918,0.0
1787251044.861082077,1787251044.860417604,state_stamped,0.027756592258810997,-0.22952225804328918,0.0
1787251044.863585949,1787251044.863592386,command,-0.015529889613389969,-0.6875293850898743,0.0
1787251044.931084871,1787251044.931090593,state,0.015636282041668892,-0.357765257358551,0.0
1787251044.931137085,1787251044.930418015,state_stamped,0.015636282041668892,-0.357765257358551,0.0
1787251044.932986021,1787251044.932994604,command,0.006667289882898331,-0.4425262212753296,0.0
1787251045.001027107,1787251045.000417709,state_stamped,0.013124982826411724,-0.38149815797805786,0.0
1787251045.001106977,1787251045.001112223,state,0.013124982826411724,-0.38149815797805786,0.0
1787251045.003245592,1787251045.003253460,command,0.004603086970746517,-0.3487304449081421,0.0
1787251045.061123371,1787251045.061128378,state,0.01107972301542759,-0.37363389134407043,0.0
1787251045.061167479,1787251045.060417652,state_stamped,0.01107972301542759,-0.37363389134407043,0.0
1787251045.063162565,1787251045.063170195,command,-0.0026826036628335714,-0.258007287979126,0.0
1787251045.131033659,1787251045.131038189,state,0.007226263172924519,-0.34125837683677673,0.0
1787251045.131119728,1787251045.130417824,state_stamped,0.007226263172924519,-0.34125837683677673,0.0
1787251045.132761955,1787251045.132769585,command,-0.009268468245863914,-0.15745313465595245,0.0
1787251045.201071978,1787251045.200436115,state_stamped,0.0026065362617373466,-0.28977951407432556,0.0
1787251045.201142788,1787251045.201147556,state,0.0026065362617373466,-0.28977951407432556,0.0
1787251045.202780247,1787251045.202788115,command,-0.01258777268230915,-0.10155972093343735,0.0
1787251045.261112928,1787251045.261117697,state,-0.0010389520321041346,-0.24462096393108368,0.0
1787251045.261155605,1787251045.260417223,state_stamped,-0.0010389520321041346,-0.24462096393108368,0.0
1787251045.262760162,1787251045.262768030,command,-0.017389051616191864,-0.04598969221115112,0.0
1787251045.331066132,1787251045.331070900,state,-0.005617002956569195,-0.18900391459465027,0.0
1787251045.331108332,1787251045.330417633,state_stamped,-0.005617002956569195,-0.18900391459465027,0.0
1787251045.332749605,1787251045.332757473,command,-0.02491653338074684,0.004503479693084955,0.0
1787251045.401084661,1787251045.401089430,state,-0.011020844802260399,-0.13482211530208588,0.0
1787251045.401125193,1787251045.400417328,state_stamped,-0.011020844802260399,-0.13482211530208588,0.0
1787251045.403178215,1787251045.403186321,command,-0.026362381875514984,0.05897269770503044,0.0
1787251045.461108208,1787251045.461113453,state,-0.014702829532325268,-0.08831116557121277,0.0
1787251045.461151123,1787251045.460417509,state_stamped,-0.014702829532325268,-0.08831116557121277,0.0
1787251045.462747097,1787251045.462755680,command,0.0034367763437330723,0.2987327575683594,0.0
1787251045.531064510,1787251045.531069756,state,-0.009623740799725056,0.020061112940311432,0.0
1787251045.531105757,1787251045.530417442,state_stamped,-0.009623740799725056,0.020061112940311432,0.0
1787251045.533067703,1787251045.533076048,command,0.008150395937263966,0.36490994691848755,0.0
1787251045.601007223,1787251045.601011038,state,-0.004646993242204189,0.1166185811161995,0.0
1787251045.601041555,1787251045.600417376,state_stamped,-0.004646993242204189,0.1166185811161995,0.0
1787251045.602803230,1787251045.602808714,command,0.004534655250608921,0.4292892813682556,0.0
1787251045.661114931,1787251045.660417318,state_stamped,-0.00244340137578547,0.19165942072868347,0.0
1787251045.661149979,1787251045.661157608,state,-0.00244340137578547,0.19165942072868347,0.0
1787251045.662823677,1787251045.662831783,command,-0.005452238954603672,0.5058510303497314,0.0
1787251045.731068373,1787251045.731073618,state,-0.0032858802005648613,0.2796335220336914,0.0
1787251045.731111526,1787251045.730417728,state_stamped,-0.0032858802005648613,0.2796335220336914,0.0
1787251045.732740164,1787251045.732747793,command,-0.011890629306435585,0.5904083847999573,0.0
1787251045.801113129,1787251045.800417423,state_stamped,-0.005695202853530645,0.36665022373199463,0.0
1787251045.801161289,1787251045.801166534,state,-0.005695202853530645,0.36665022373199463,0.0
1787251045.802750111,1787251045.802758694,command,-0.0019340633880347013,0.619956910610199,0.0
1787251045.861113787,1787251045.861119032,state,-0.004792530555278063,0.4274437725543976,0.0
1787251045.861164093,1787251045.860417366,state_stamped,-0.004792530555278063,0.4274437725543976,0.0
1787251045.862743139,1787251045.862751484,command,0.002450492698699236,0.6465118527412415,0.0
1787251045.931064606,1787251045.931069613,state,-0.0027644778601825237,0.4887830317020416,0.0
1787251045.931106091,1787251045.930417538,state_stamped,-0.0027644778601825237,0.4887830317020416,0.0
1787251045.932692289,1787251045.932697058,command,0.01269439421594143,0.6268351078033447,0.0
1787251046.001156330,1787251046.001162529,state,0.0015641492791473866,0.5274388790130615,0.0
1787251046.001218319,1787251046.000419855,state_stamped,0.0015641492791473866,0.5274388790130615,0.0
1787251046.003593922,1787251046.003602028,command,0.017748728394508362,0.6066678166389465,0.0
1787251046.061200142,1787251046.061205149,state,0.005449064541608095,0.5464568138122559,0.0
1787251046.061243534,1787251046.060429335,state_stamped,0.005449064541608095,0.5464568138122559,0.0
1787251046.062927961,1787251046.062935591,command,0.016590826213359833,0.5565167665481567,0.0
1787251046.131093502,1787251046.131098509,state,0.008568238466978073,0.5492731332778931,0.0
1787251046.131134272,1787251046.130417824,state_stamped,0.008568238466978073,0.5492731332778931,0.0
1787251046.133089066,1787251046.133093834,command,0.01760869100689888,0.4742893874645233,0.0
1787251046.201102734,1787251046.201107979,state,0.011100954376161098,0.528266191482544,0.0
1787251046.201143503,1787251046.200456142,state_stamped,0.011100954376161098,0.528266191482544,0.0
1787251046.202879667,1787251046.202887535,command,0.018377607688307762,0.38064906001091003,0.0
1787251046.261157274,1787251046.261162281,state,0.012846617959439754,0.49285295605659485,0.0
1787251046.261213303,1787251046.260431051,state_stamped,0.012846617959439754,0.49285295605659485,0.0
1787251046.262857199,1787251046.262864828,command,0.01787680573761463,0.3330466151237488,0.0
1787251046.331052780,1787251046.331058025,state,0.014254799112677574,0.4481157958507538,0.0
1787251046.331152201,1787251046.330417395,state_stamped,0.014254799112677574,0.4481157958507538,0.0
1787251046.332778215,1787251046.332782745,command,0.02493373118340969,0.24101321399211884,0.0
1787251046.401122808,1787251046.401128054,state,0.017244892194867134,0.3901272118091583,0.0
1787251046.401180267,1787251046.400417328,state_stamped,0.017244892194867134,0.3901272118091583,0.0
1787251046.402830124,1787251046.402837992,command,0.02169683203101158,0.2532096803188324,0.0
1787251046.461127520,1787251046.461132288,state,0.0183136947453022,0.3572566509246826,0.0
1787251046.461219788,1787251046.460436344,state_stamped,0.0183136947453022,0.3572566509246826,0.0
1787251046.462840080,1787251046.462847710,command,0.013236761093139648,-0.022589638829231262,0.0
1787251046.531108379,1787251046.531113386,state,0.016892526298761368,0.25092756748199463,0.0
1787251046.531156063,1787251046.530417919,state_stamped,0.016892526298761368,0.25092756748199463,0.0
1787251046.532781839,1787251046.532786369,command,0.008583568036556244,-0.09089888632297516,0.0
1787251046.601164103,1787251046.601169348,state,0.014566013589501381,0.15521596372127533,0.0
1787251046.601214647,1787251046.600418091,state_stamped,0.014566013589501381,0.15521596372127533,0.0
1787251046.602804422,1787251046.602809906,command,0.006364024709910154,-0.17854852974414825,0.0
1787251046.661143541,1787251046.661148310,state,0.012597521767020226,0.07511188834905624,0.0
1787251046.661197424,1787251046.660418510,state_stamped,0.012597521767020226,0.07511188834905624,0.0
1787251046.663253546,1787251046.663261175,command,0.005134758539497852,-0.2573641538619995,0.0
1787251046.730976105,1787251046.730425596,state_stamped,0.0105077363550663,-0.017990857362747192,0.0
1787251046.731014252,1787251046.731021404,state,0.0105077363550663,-0.017990857362747192,0.0
1787251046.732966185,1787251046.732974291,command,0.005643150303512812,-0.35054054856300354,0.0
1787251046.801070452,1787251046.800417662,state_stamped,0.009145807474851608,-0.11109412461519241,0.0
1787251046.801141024,1787251046.801146030,state,0.009145807474851608,-0.11109412461519241,0.0
1787251046.803228378,1787251046.803236008,command,0.004023687914013863,-0.4024767577648163,0.0
1787251046.861158848,1787251046.861164093,state,0.007916498929262161,-0.18102598190307617,0.0
1787251046.861196995,1787251046.860417604,state_stamped,0.007916498929262161,-0.18102598190307617,0.0
1787251046.863118172,1787251046.863126040,command,0.0025051741395145655,-0.3993827700614929,0.0
1787251046.931002855,1787251046.931009293,state,0.006401180289685726,-0.24217183887958527,0.0
1787251046.931109905,1787251046.930424452,state_stamped,0.006401180289685726,-0.24217183887958527,0.0
1787251046.933514833,1787251046.933521271,command,-0.004168128129094839,-0.3802034556865692,0.0
1787251047.001053095,1787251047.001058340,state,0.003442048327997327,-0.2808171212673187,0.0
1787251047.001104832,1787251047.000417948,state_stamped,0.003442048327997327,-0.2808171212673187,0.0
1787251047.003367662,1787251047.003375769,command,-0.007851962000131607,-0.2670922875404358,0.0
1787251047.061125517,1787251047.061130762,state,0.0007315077818930149,-0.2775231897830963,0.0
1787251047.061175823,1787251047.060417414,state_stamped,0.0007315077818930149,-0.2775231897830963,0.0
1787251047.063188076,1787251047.063197374,command,-0.004318814259022474,-0.17671740055084229,0.0
1787251047.131031990,1787251047.131036997,state,-0.0006825778400525451,-0.24929766356945038,0.0
1787251047.131128788,1787251047.130417347,state_stamped,-0.0006825778400525451,-0.24929766356945038,0.0
1787251047.133040190,1787251047.133048058,command,0.00422932393848896,-0.1055588573217392,0.0
1787251047.201114655,1787251047.201119661,state,0.0006927645299583673,-0.2090505063533783,0.0
1787251047.201154232,1787251047.200417757,state_stamped,0.0006927645299583673,-0.2090505063533783,0.0
1787251047.203069687,1787251047.203077555,command,0.0067374794743955135,-0.039887893944978714,0.0
1787251047.261055946,1787251047.261059523,state,0.002143719233572483,-0.16844522953033447,0.0
1787251047.261099815,1787251047.260426998,state_stamped,0.002143719233572483,-0.16844522953033447,0.0
1787251047.263062239,1787251047.263069868,command,0.0033527901396155357,0.004511648323386908,0.0
1787251047.331045628,1787251047.331051111,state,0.0024822126142680645,-0.1200239360332489,0.0
1787251047.331096411,1787251047.330417395,state_stamped,0.0024822126142680645,-0.1200239360332489,0.0
1787251047.333024025,1787251047.333031893,command,0.0011536215897649527,0.05375713109970093,0.0
1787251047.401144505,1787251047.400417566,state_stamped,0.0021102058235555887,-0.07136507332324982,0.0
1787251047.401189089,1787251047.401194334,state,0.0021102058235555887,-0.07136507332324982,0.0
1787251047.403069019,1787251047.403076887,command,0.03619728609919548,0.2935819923877716,0.0
1787251047.461117029,1787251047.461121798,state,0.01029111910611391,0.016222380101680756,0.0
1787251047.461169243,1787251047.460417747,state_stamped,0.01029111910611391,0.016222380101680756,0.0
1787251047.463118792,1787251047.463128090,command,0.037818245589733124,0.35794758796691895,0.0
1787251047.530942440,1787251047.530946970,state,0.01799868978559971,0.11190512776374817,0.0
1787251047.530991793,1787251047.530417442,state_stamped,0.01799868978559971,0.11190512776374817,0.0
1787251047.533019543,1787251047.533029318,command,0.026531701907515526,0.42635247111320496,0.0
1787251047.601046324,1787251047.601051807,state,0.02038804441690445,0.19995445013046265,0.0
1787251047.601092100,1787251047.600420713,state_stamped,0.02038804441690445,0.19995445013046265,0.0
1787251047.603315353,1787251047.603321075,command,0.009779292158782482,0.5185592770576477,0.0
1787251047.661059856,1787251047.661065578,state,0.01784157194197178,0.27643078565597534,0.0
1787251047.661108971,1787251047.660429478,state_stamped,0.01784157194197178,0.27643078565597534,0.0
1787251047.663065910,1787251047.663074017,command,0.0010221620323136449,0.5813519358634949,0.0
1787251047.730979681,1787251047.730984688,state,0.013132969848811626,0.3617936074733734,0.0
1787251047.731026411,1787251047.730417013,state_stamped,0.013132969848811626,0.3617936074733734,0.0
1787251047.733042002,1787251047.733050108,command,-0.004505900666117668,0.6395237445831299,0.0
1787251047.801042080,1787251047.800417423,state_stamped,0.00819406472146511,0.43955838680267334,0.0
1787251047.801076651,1787251047.801081896,state,0.00819406472146511,0.43955838680267334,0.0
1787251047.803055286,1787251047.803063154,command,-0.003447313094511628,0.6808242797851562,0.0
1787251047.861037016,1787251047.860417604,state_stamped,0.0054001277312636375,0.49746233224868774,0.0
1787251047.861072063,1787251047.861077309,state,0.0054001277312636375,0.49746233224868774,0.0
1787251047.863047361,1787251047.863055468,command,0.002009953372180462,0.6858741641044617,0.0
1787251047.931002617,1787251047.931008339,state,0.00445087905973196,0.5502176284790039,0.0
1787251047.931092739,1787251047.930417538,state_stamped,0.00445087905973196,0.5502176284790039,0.0
1787251047.933352470,1787251047.933360577,command,0.012519747018814087,0.6514341831207275,0.0
1787251048.001121759,1787251048.000417709,state_stamped,0.006710166111588478,0.5785583257675171,0.0
1787251048.001208544,1787251048.001214743,state,0.006710166111588478,0.5785583257675171,0.0
1787251048.003362417,1787251048.003370762,command,0.019141798838973045,0.5942863821983337,0.0
1787251048.061078072,1787251048.061080933,state,0.009693739004433155,0.5823330283164978,0.0
1787251048.061118603,1787251048.060417175,state_stamped,0.009693739004433155,0.5823330283164978,0.0
1787251048.063175201,1787251048.063183069,command,0.01564936339855194,0.5335789322853088,0.0
1787251048.131013155,1787251048.131015062,state,0.011361327022314072,0.5686817765235901,0.0
1787251048.131038427,1787251048.130417824,state_stamped,0.011361327022314072,0.5686817765235901,0.0
1787251048.133083582,1787251048.133091927,command,0.009125053882598877,0.4391915798187256,0.0
1787251048.201050997,1787251048.201052904,state,0.01073505450040102,0.5324178338050842,0.0
1787251048.201088905,1787251048.200430870,state_stamped,0.01073505450040102,0.5324178338050842,0.0
1787251048.203160048,1787251048.203167915,command,0.003842803416773677,0.38600048422813416,0.0
1787251048.261083364,1787251048.261085272,state,0.009081264957785606,0.4972851276397705,0.0
1787251048.261108398,1787251048.260417938,state_stamped,0.009081264957785606,0.4972851276397705,0.0
1787251048.263147831,1787251048.263155937,command,0.006596588995307684,0.3077278435230255,0.0
1787251048.330986261,1787251048.330989122,state,0.008385560475289822,0.444209486246109,0.0
1787251048.331026316,1787251048.330417633,state_stamped,0.008385560475289822,0.444209486246109,0.0
1787251048.333070993,1787251048.333080530,command,0.009614585898816586,0.25679177045822144,0.0
1787251048.401036501,1787251048.401041508,state,0.008729686960577965,0.39173266291618347,0.0
1787251048.401085615,1787251048.400417328,state_stamped,0.008729686960577965,0.39173266291618347,0.0
1787251048.403126478,1787251048.403134108,command,-0.014761635102331638,0.0012940727174282074,0.0
1787251048.461050510,1787251048.461055517,state,0.0030917879194021225,0.2980276942253113,0.0
1787251048.461099148,1787251048.460417271,state_stamped,0.0030917879194021225,0.2980276942253113,0.0
1787251048.463129044,1787251048.463138819,command,-0.01318894512951374,-0.04268166050314903,0.0
1787251048.530955315,1787251048.530959845,state,-0.001466856338083744,0.2026282548904419,0.0
1787251048.531004667,1787251048.530417681,state_stamped,-0.001466856338083744,0.2026282548904419,0.0
1787251048.533063650,1787251048.533071756,command,-0.009273035451769829,-0.12150769680738449,0.0
1787251048.601044416,1787251048.601049185,state,-0.003652580315247178,0.11187044531106949,0.0
1787251048.601093054,1787251048.600417614,state_stamped,-0.003652580315247178,0.11187044531106949,0.0
1787251048.603100777,1787251048.603106260,command,-0.01367047056555748,-0.2073511779308319,0.0
1787251048.661026955,1787251048.661030769,state,-0.006056866142898798,0.035257503390312195,0.0
1787251048.661071539,1787251048.660417318,state_stamped,-0.006056866142898798,0.035257503390312195,0.0
1787251048.663063049,1787251048.663071156,command,-0.015141251496970654,-0.2933303713798523,0.0
1787251048.730951786,1787251048.730956316,state,-0.008600495755672455,-0.05674715340137482,0.0
1787251048.731000900,1787251048.730417490,state_stamped,-0.008600495755672455,-0.05674715340137482,0.0
1787251048.733046055,1787251048.733053684,command,-0.015244515612721443,-0.3482116162776947,0.0
1787251048.801102638,1787251048.801107407,state,-0.01046082191169262,-0.1383572518825531,0.0
1787251048.801148415,1787251048.800417423,state_stamped,-0.01046082191169262,-0.1383572518825531,0.0
1787251048.802882671,1787251048.802890778,command,-0.011648857034742832,-0.33305642008781433,0.0
1787251048.861081123,1787251048.861084700,state,-0.010745995678007603,-0.18509253859519958,0.0
1787251048.861126661,1787251048.860427141,state_stamped,-0.010745995678007603,-0.18509253859519958,0.0
1787251048.862831831,1787251048.862839460,command,-0.013471599668264389,-0.24043571949005127,0.0
1787251048.930836678,1787251048.930845737,state,-0.01150907389819622,-0.20058678090572357,0.0
1787251048.930912018,1787251048.930418730,state_stamped,-0.01150907389819622,-0.20058678090572357,0.0
1787251048.933497190,1787251048.933503389,command,-0.008125212043523788,-0.13255351781845093,0.0
1787251049.000983000,1787251049.000417948,state_stamped,-0.01056160219013691,-0.1815376579761505,0.0
1787251049.001072407,1787251049.001076221,state,-0.01056160219013691,-0.1815376579761505,0.0
1787251049.003333569,1787251049.003341913,command,0.009195596911013126,-0.05188874155282974,0.0
1787251049.060976744,1787251049.060981989,state,-0.0058191088028252125,-0.15041689574718475,0.0
1787251049.061022758,1787251049.060427666,state_stamped,-0.0058191088028252125,-0.15041689574718475,0.0
1787251049.062887192,1787251049.062895060,command,0.0165540874004364,-0.018339095637202263,0.0
1787251049.131068707,1787251049.131073475,state,0.00044505205005407333,-0.11343708634376526,0.0
1787251049.131122351,1787251049.130424023,state_stamped,0.00044505205005407333,-0.11343708634376526,0.0
1787251049.133188248,1787251049.133197069,command,0.020479662343859673,0.033919986337423325,0.0
1787251049.201117754,1787251049.201122761,state,0.00605423329398036,-0.0721808522939682,0.0
1787251049.201162338,1787251049.200417519,state_stamped,0.00605423329398036,-0.0721808522939682,0.0
1787251049.203192949,1787251049.203200817,command,0.04116840660572052,0.28339576721191406,0.0
1787251049.261025429,1787251049.261030674,state,0.014481643214821815,0.013157621026039124,0.0
1787251049.261073112,1787251049.260417700,state_stamped,0.014481643214821815,0.013157621026039124,0.0
1787251049.263108253,1787251049.263116360,command,0.04997847601771355,0.34476032853126526,0.0
1787251049.330970526,1787251049.330417633,state_stamped,0.02442074939608574,0.10600630939006805,0.0
1787251049.331004858,1787251049.331009865,state,0.02442074939608574,0.10600630939006805,0.0
1787251049.333067417,1787251049.333076000,command,0.042341891676187515,0.4232199192047119,0.0
1787251049.401045322,1787251049.400418282,state_stamped,0.029438713565468788,0.1948269009590149,0.0
1787251049.401083708,1787251049.401088953,state,0.029438713565468788,0.1948269009590149,0.0
1787251049.403130054,1787251049.403137684,command,0.028033850714564323,0.5055421590805054,0.0
1787251049.461089849,1787251049.460455894,state_stamped,0.029101334512233734,0.26944541931152344,0.0
1787251049.461124420,1787251049.461129427,state,0.029101334512233734,0.26944541931152344,0.0
1787251049.462830067,1787251049.462837696,command,0.017158236354589462,0.5505452156066895,0.0
1787251049.531008005,1787251049.531013012,state,0.02575911208987236,0.3481099307537079,0.0
1787251049.531061649,1787251049.530417204,state_stamped,0.02575911208987236,0.3481099307537079,0.0
1787251049.533037901,1787251049.533045530,command,-0.0032528250012546778,0.6178200840950012,0.0
1787251049.601127386,1787251049.601132870,state,0.017635704949498177,0.42362937331199646,0.0
1787251049.601171255,1787251049.600417852,state_stamped,0.017635704949498177,0.42362937331199646,0.0
1787251049.603166103,1787251049.603174210,command,-0.01620015874505043,0.6605444550514221,0.0
1787251049.661134958,1787251049.661142111,state,0.009515142068266869,0.48048868775367737,0.0
1787251049.661192894,1787251049.660417557,state_stamped,0.009515142068266869,0.48048868775367737,0.0
1787251049.662912369,1787251049.662919998,command,-0.017345400527119637,0.6781837940216064,0.0
1787251049.731068611,1787251049.731074572,state,0.00199418468400836,0.5358433723449707,0.0
1787251049.731125593,1787251049.730417490,state_stamped,0.00199418468400836,0.5358433723449707,0.0
1787251049.732765198,1787251049.732770205,command,-0.015762506052851677,0.6885802149772644,0.0
1787251049.801028013,1787251049.801033497,state,-0.002977692987769842,0.5786097049713135,0.0
1787251049.801082134,1787251049.800417662,state_stamped,-0.002977692987769842,0.5786097049713135,0.0
1787251049.803112268,1787251049.803120136,command,-0.003715074621140957,0.6524157524108887,0.0
1787251049.861151934,1787251049.861157417,state,-0.0031546952668577433,0.5963262319564819,0.0
1787251049.861206293,1787251049.860428095,state_stamped,-0.0031546952668577433,0.5963262319564819,0.0
1787251049.862879515,1787251049.862887383,command,-0.0013796986313536763,0.6078630089759827,0.0
1787251049.931051493,1787251049.931056499,state,-0.002657768316566944,0.5995560884475708,0.0
1787251049.931156635,1787251049.930417776,state_stamped,-0.002657768316566944,0.5995560884475708,0.0
1787251049.933141947,1787251049.933146715,command,0.0013468163087964058,0.5413938164710999,0.0
1787251050.000977516,1787251050.000982523,state,-0.0015364836435765028,0.5832706689834595,0.0
1787251050.001067162,1787251050.000417948,state_stamped,-0.0015364836435765028,0.5832706689834595,0.0
1787251050.003199577,1787251050.003208160,command,0.00475727953016758,0.44592151045799255,0.0
1787251050.061125517,1787251050.061129332,state,-2.5978777557611465e-05,0.5503068566322327,0.0
1787251050.061170578,1787251050.060417891,state_stamped,-2.5978777557611465e-05,0.5503068566322327,0.0
1787251050.063211203,1787251050.063219309,command,0.006632138509303331,0.38731950521469116,0.0
1787251050.131099939,1787251050.131104946,state,0.0018382761627435684,0.5046708583831787,0.0
1787251050.131161690,1787251050.130417347,state_stamped,0.0018382761627435684,0.5046708583831787,0.0
1787251050.133160353,1787251050.133165598,command,0.014475900679826736,0.30694806575775146,0.0
1787251050.201116323,1787251050.201121569,state,0.005376814864575863,0.4493083953857422,0.0
1787251050.201169014,1787251050.200417280,state_stamped,0.005376814864575863,0.4493083953857422,0.0
1787251050.202950239,1787251050.202958107,command,0.023262813687324524,0.2800784111022949,0.0
1787251050.261137724,1787251050.261142254,state,0.009669454768300056,0.40869319438934326,0.0
1787251050.261186600,1787251050.260417461,state_stamped,0.009669454768300056,0.40869319438934326,0.0
1787251050.262847900,1787251050.262856245,command,-0.0004991554305888712,0.019710835069417953,0.0
1787251050.331078768,1787251050.331083536,state,0.006822236813604832,0.2997778654098511,0.0
1787251050.331139326,1787251050.330417633,state_stamped,0.006822236813604832,0.2997778654098511,0.0
1787251050.333128691,1787251050.333133459,command,0.0013687307946383953,-0.03744199499487877,0.0
1787251050.401152372,1787251050.401157379,state,0.005295259412378073,0.20535656809806824,0.0
1787251050.401196718,1787251050.400417328,state_stamped,0.005295259412378073,0.20535656809806824,0.0
1787251050.403281927,1787251050.403289557,command,0.014250283129513264,-0.10090842843055725,0.0
1787251050.461134195,1787251050.461138964,state,0.007444459944963455,0.1318531632423401,0.0
1787251050.461179018,1787251050.460417271,state_stamped,0.007444459944963455,0.1318531632423401,0.0
1787251050.462909698,1787251050.462917805,command,0.014384967274963856,-0.18470227718353271,0.0
1787251050.531158447,1787251050.531163454,state,0.009387805126607418,0.0432174876332283,0.0
1787251050.531200171,1787251050.530417442,state_stamped,0.009387805126607418,0.0432174876332283,0.0
1787251050.532886028,1787251050.532890797,command,0.01003196369856596,-0.28272807598114014,0.0
1787251050.601148844,1787251050.601153851,state,0.00956816878169775,-0.04804709553718567,0.0
1787251050.601197720,1787251050.600417137,state_stamped,0.00956816878169775,-0.04804709553718567,0.0
1787251050.603350163,1787251050.603358030,command,0.012359075248241425,-0.3651897609233856,0.0
1787251050.661139250,1787251050.661144257,state,0.010237989947199821,-0.12416180223226547,0.0
1787251050.661191463,1787251050.660417557,state_stamped,0.010237989947199821,-0.12416180223226547,0.0
1787251050.662895441,1787251050.662903309,command,0.011621136218309402,-0.3911891281604767,0.0
1787251050.731141806,1787251050.731146812,state,0.010625272057950497,-0.19892960786819458,0.0
1787251050.731196165,1787251050.730417728,state_stamped,0.010625272057950497,-0.19892960786819458,0.0
1787251050.732876062,1787251050.732880831,command,0.009946681559085846,-0.3816695511341095,0.0
1787251050.801143408,1787251050.801148415,state,0.010435241274535656,-0.2501036822795868,0.0
1787251050.801196098,1787251050.800427198,state_stamped,0.010435241274535656,-0.2501036822795868,0.0
1787251050.803051472,1787251050.803059816,command,0.00571777205914259,-0.3278982937335968,0.0
1787251050.861150265,1787251050.860427618,state_stamped,0.009303038939833641,-0.2687745690345764,0.0
1787251050.861188173,1787251050.861195326,state,0.009303038939833641,-0.2687745690345764,0.0
1787251050.863210917,1787251050.863218784,command,0.0030222050845623016,-0.23055998980998993,0.0
1787251050.930871487,1787251050.930881023,state,0.007544665597379208,-0.2580760717391968,0.0
1787251050.930936575,1787251050.930417299,state_stamped,0.007544665597379208,-0.2580760717391968,0.0
1787251050.933522224,1787251050.933528423,command,0.002984770108014345,-0.13391722738742828,0.0
1787251051.001080990,1787251051.001087189,state,0.006267702206969261,-0.223306342959404,0.0
1787251051.001135826,1787251051.000427961,state_stamped,0.006267702206969261,-0.223306342959404,0.0
1787251051.003498316,1787251051.003503799,command,0.0044333371333777905,-0.05794447287917137,0.0
1787251051.061074495,1787251051.060417414,state_stamped,0.0058275312185287476,-0.18362639844417572,0.0
1787251051.061106920,1787251051.061113119,state,0.0058275312185287476,-0.18362639844417572,0.0
1787251051.063182831,1787251051.063190699,command,0.003946399781852961,-0.027973562479019165,0.0
1787251051.130967617,1787251051.130974054,state,0.005300815217196941,-0.14004366099834442,0.0
1787251051.131025076,1787251051.130417347,state_stamped,0.005300815217196941,-0.14004366099834442,0.0
1787251051.132915258,1787251051.132923603,command,0.013005804270505905,0.16755814850330353,0.0
1787251051.201120853,1787251051.201126337,state,0.007458207197487354,-0.0539153590798378,0.0
1787251051.201171875,1787251051.200417280,state_stamped,0.007458207197487354,-0.0539153590798378,0.0
1787251051.203257322,1787251051.203265429,command,0.017466289922595024,0.22937361896038055,0.0
1787251051.261137247,1787251051.261143923,state,0.00986015796661377,0.014074310660362244,0.0
1787251051.261199474,1787251051.260417461,state_stamped,0.00986015796661377,0.014074310660362244,0.0
1787251051.262960911,1787251051.262968540,command,0.0013446628581732512,0.34261369705200195,0.0
1787251051.330847025,1787251051.330417633,state_stamped,0.007475813385099173,0.10606557130813599,0.0
1787251051.330881596,1787251051.330887079,state,0.007475813385099173,0.10606557130813599,0.0
1787251051.332737446,1787251051.332747459,command,-0.013260815292596817,0.4193284511566162,0.0
1787251051.401029348,1787251051.400418043,state_stamped,0.001669525634497404,0.19377964735031128,0.0
1787251051.401070118,1787251051.401076078,state,0.001669525634497404,0.19377964735031128,0.0
1787251051.403062820,1787251051.403070688,command,-0.018849380314350128,0.5086007118225098,0.0
1787251051.461127758,1787251051.461133242,state,-0.0032549845054745674,0.2693362832069397,0.0
1787251051.461189032,1787251051.460417747,state_stamped,-0.0032549845054745674,0.2693362832069397,0.0
1787251051.462914705,1787251051.462922812,command,-0.02060762792825699,0.5650304555892944,0.0
1787251051.530992746,1787251051.530997753,state,-0.008113689720630646,0.35213005542755127,0.0
1787251051.531046629,1787251051.530417204,state_stamped,-0.008113689720630646,0.35213005542755127,0.0
1787251051.533101082,1787251051.533105850,command,-0.029475435614585876,0.6186575293540955,0.0
1787251051.601119041,1787251051.601124287,state,-0.014094976708292961,0.42675772309303284,0.0
1787251051.601178169,1787251051.600417137,state_stamped,-0.014094976708292961,0.42675772309303284,0.0
1787251051.603167772,1787251051.603175640,command,-0.029796820133924484,0.6172144412994385,0.0
1787251051.661111832,1787251051.661119223,state,-0.0178634375333786,0.4724675416946411,0.0
1787251051.661174536,1787251051.660417557,state_stamped,-0.0178634375333786,0.4724675416946411,0.0
1787251051.662853479,1787251051.662861586,command,-0.01311551034450531,0.5619714856147766,0.0
1787251051.730839014,1787251051.730417490,state_stamped,-0.016534019261598587,0.49752864241600037,0.0
1787251051.730873346,1787251051.730878830,state,-0.016534019261598587,0.49752864241600037,0.0
1787251051.732778549,1787251051.732786417,command,0.0004097028577234596,0.4612079858779907,0.0
1787251051.801043272,1787251051.800426960,state_stamped,-0.011789131909608841,0.4873574674129486,0.0
1787251051.801081896,1787251051.801086664,state,-0.011789131909608841,0.4873574674129486,0.0
1787251051.803248882,1787251051.803258419,command,0.013585311360657215,0.36948689818382263,0.0
1787251051.861049175,1787251051.861054182,state,-0.005700237117707729,0.4590730369091034,0.0
1787251051.861102104,1787251051.860417366,state_stamped,-0.005700237117707729,0.4590730369091034,0.0
1787251051.863146782,1787251051.863154888,command,0.02767830900847912,0.3201279044151306,0.0
1787251051.930994034,1787251051.930999041,state,0.003645756281912327,0.420168399810791,0.0
1787251051.931047440,1787251051.930417299,state_stamped,0.003645756281912327,0.420168399810791,0.0
1787251051.932810783,1787251051.932815313,command,0.044373560696840286,0.25647422671318054,0.0
1787251052.001181602,1787251052.001187563,state,0.015049571171402931,0.374333918094635,0.0
1787251052.001243114,1787251052.000417471,state_stamped,0.015049571171402931,0.374333918094635,0.0
1787251052.003155947,1787251052.003160715,command,0.049756139516830444,0.20217254757881165,0.0
1787251052.061153173,1787251052.060432434,state_stamped,0.023381199687719345,0.33300501108169556,0.0
1787251052.061197042,1787251052.061201811,state,0.023381199687719345,0.33300501108169556,0.0
1787251052.062911987,1787251052.062917471,command,0.04268556833267212,-0.010539926588535309,0.0
1787251052.131073952,1787251052.131078959,state,0.028785306960344315,0.23683230578899384,0.0
1787251052.131166697,1787251052.130417824,state_stamped,0.028785306960344315,0.23683230578899384,0.0
1787251052.133173227,1787251052.133177996,command,0.04768776521086693,-0.06685904413461685,0.0
1787251052.201167107,1787251052.201172113,state,0.034077975898981094,0.1517990231513977,0.0
1787251052.201221466,1787251052.200417757,state_stamped,0.034077975898981094,0.1517990231513977,0.0
1787251052.203186512,1787251052.203191519,command,0.04601103439927101,-0.1508011668920517,0.0
1787251052.261136055,1787251052.261140823,state,0.036942508071660995,0.07915977388620377,0.0
1787251052.261191607,1787251052.260430336,state_stamped,0.036942508071660995,0.07915977388620377,0.0
1787251052.262884378,1787251052.262889385,command,0.04088412597775459,-0.2320263534784317,0.0
1787251052.331089258,1787251052.330417156,state_stamped,0.03804595395922661,-0.007956117391586304,0.0
1787251052.331173897,1787251052.331178665,state,0.03804595395922661,-0.007956117391586304,0.0
1787251052.333194494,1787251052.333199263,command,0.029196210205554962,-0.3340798020362854,0.0
1787251052.401145935,1787251052.401150942,state,0.0355680026113987,-0.09927161782979965,0.0
1787251052.401206493,1787251052.400417805,state_stamped,0.0355680026113987,-0.09927161782979965,0.0
1787251052.403229237,1787251052.403234005,command,0.021227193996310234,-0.41705572605133057,0.0
1787251052.461086035,1787251052.461090803,state,0.032126229256391525,-0.17553934454917908,0.0
1787251052.461171150,1787251052.460417509,state_stamped,0.032126229256391525,-0.17553934454917908,0.0
1787251052.462819338,1787251052.462824345,command,0.01376553624868393,-0.4598972201347351,0.0
1787251052.531104803,1787251052.531109571,state,0.02698453888297081,-0.2551703453063965,0.0
1787251052.531197786,1787251052.530426979,state_stamped,0.02698453888297081,-0.2551703453063965,0.0
1787251052.533174753,1787251052.533179760,command,-0.01662648655474186,-0.6870859265327454,0.0
1787251052.601130962,1787251052.601136208,state,0.014775168150663376,-0.3760896921157837,0.0
1787251052.601192951,1787251052.600417137,state_stamped,0.014775168150663376,-0.3760896921157837,0.0
1787251052.603157043,1787251052.603161812,command,0.006396758370101452,-0.4482366144657135,0.0
1787251052.661097765,1787251052.661103964,state,0.01276430394500494,-0.39340534806251526,0.0
1787251052.661159992,1787251052.660418510,state_stamped,0.01276430394500494,-0.39340534806251526,0.0
1787251052.662831783,1787251052.662837505,command,0.006929995957762003,-0.3763333261013031,0.0
1787251052.731112003,1787251052.731116772,state,0.011130725964903831,-0.38862526416778564,0.0
1787251052.731168270,1787251052.730417252,state_stamped,0.011130725964903831,-0.38862526416778564,0.0
1787251052.733198643,1787251052.733203650,command,0.0012612494174391031,-0.27486708760261536,0.0
1787251052.801133633,1787251052.801138878,state,0.008367273025214672,-0.3567729890346527,0.0
1787251052.801193476,1787251052.800417185,state_stamped,0.008367273025214672,-0.3567729890346527,0.0
1787251052.802870512,1787251052.802875280,command,-0.0017322885105386376,-0.17074847221374512,0.0
1787251052.861095667,1787251052.861100912,state,0.005942980758845806,-0.3121197819709778,0.0
1787251052.861192942,1787251052.860427141,state_stamped,0.005942980758845806,-0.3121197819709778,0.0
1787251052.862796068,1787251052.862800837,command,-0.005925387144088745,-0.12664629518985748,0.0
1787251052.931071043,1787251052.930427313,state_stamped,0.002619832521304488,-0.2601871192455292,0.0
1787251052.931111336,1787251052.931121111,state,0.002619832521304488,-0.2601871192455292,0.0
1787251052.933759928,1787251052.933766842,command,-0.013011572882533073,-0.048380929976701736,0.0
1787251053.001124382,1787251053.000417471,state_stamped,-0.001756348880007863,-0.2008896768093109,0.0
1787251053.001168489,1787251053.001177311,state,-0.001756348880007863,-0.2008896768093109,0.0
1787251053.003739595,1787251053.003745317,command,-0.02068478614091873,-0.004705776926130056,0.0
1787251053.061088085,1787251053.060417414,state_stamped,-0.006299171596765518,-0.15380556881427765,0.0
1787251053.061116934,1787251053.061123371,state,-0.006299171596765518,-0.15380556881427765,0.0
1787251053.063023329,1787251053.063028812,command,-0.021375508978962898,0.04601212963461876,0.0
1787251053.131007195,1787251053.131012917,state,-0.010520527139306068,-0.09785686433315277,0.0
1787251053.131052732,1787251053.130417109,state_stamped,-0.010520527139306068,-0.09785686433315277,0.0
1787251053.133276939,1787251053.133285046,command,0.007938234135508537,0.287272572517395,0.0
1787251053.201135397,1787251053.201140881,state,-0.005352020729333162,0.009980492293834686,0.0
1787251053.201190233,1787251053.200417757,state_stamped,-0.005352020729333162,0.009980492293834686,0.0
1787251053.202914715,1787251053.202924252,command,0.01123792864382267,0.3471338152885437,0.0
1787251053.261109829,1787251053.261115074,state,-0.001367898192256689,0.09094880521297455,0.0
1787251053.261180162,1787251053.260456085,state_stamped,-0.001367898192256689,0.09094880521297455,0.0
1787251053.263003111,1787251053.263011694,command,0.006096792872995138,0.40664082765579224,0.0
1787251053.331015587,1787251053.331021309,state,0.0007213123608380556,0.17930437624454498,0.0
1787251053.331085205,1787251053.330425739,state_stamped,0.0007213123608380556,0.17930437624454498,0.0
1787251053.332860708,1787251053.332868814,command,-0.006553423125296831,0.49788913130760193,0.0
1787251053.401110172,1787251053.400417328,state_stamped,-0.001315365545451641,0.2684972286224365,0.0
1787251053.401191235,1787251053.401196957,state,-0.001315365545451641,0.2684972286224365,0.0
1787251053.402938128,1787251053.402946234,command,-0.012907104566693306,0.5915976166725159,0.0
1787251053.461069345,1787251053.461074829,state,-0.0040974002331495285,0.34604179859161377,0.0
1787251053.461136341,1787251053.460417509,state_stamped,-0.0040974002331495285,0.34604179859161377,0.0
1787251053.462873697,1787251053.462881565,command,-0.005250818096101284,0.6275235414505005,0.0
1787251053.531027317,1787251053.530417204,state_stamped,-0.004420355893671513,0.42485636472702026,0.0
1787251053.531106710,1787251053.531116486,state,-0.004420355893671513,0.42485636472702026,0.0
1787251053.532842159,1787251053.532850266,command,0.005499187391251326,0.6494261622428894,0.0
1787251053.601089001,1787251053.600417376,state_stamped,-0.0016428823582828045,0.48773592710494995,0.0
1787251053.601166248,1787251053.601174355,state,-0.0016428823582828045,0.48773592710494995,0.0
1787251053.602900743,1787251053.602908611,command,0.011916015297174454,0.6578848361968994,0.0
1787251053.661097288,1787251053.661103010,state,0.0016113081946969032,0.5285723805427551,0.0
1787251053.661153078,1787251053.660418272,state_stamped,0.0016113081946969032,0.5285723805427551,0.0
1787251053.662914038,1787251053.662924051,command,0.009762577712535858,0.6628994345664978,0.0
1787251053.730947018,1787251053.730952978,state,0.0038936324417591095,0.5661834478378296,0.0
1787251053.731002808,1787251053.730417490,state_stamped,0.0038936324417591095,0.5661834478378296,0.0
1787251053.732793808,1787251053.732801676,command,0.01235111802816391,0.6426644921302795,0.0
1787251053.800940037,1787251053.800945759,state,0.006261729635298252,0.5875981450080872,0.0
1787251053.800991774,1787251053.800417423,state_stamped,0.006261729635298252,0.5875981450080872,0.0
1787251053.802840233,1787251053.802848101,command,0.012740322388708591,0.6105669140815735,0.0
1787251053.860949755,1787251053.860954762,state,0.007816586643457413,0.5931106209754944,0.0
1787251053.861049891,1787251053.860417128,state_stamped,0.007816586643457413,0.5931106209754944,0.0
1787251053.862705708,1787251053.862711191,command,0.01235869713127613,0.5395944118499756,0.0
1787251053.931042194,1787251053.931047440,state,0.00908839050680399,0.5781259536743164,0.0
1787251053.931135416,1787251053.930418015,state_stamped,0.00908839050680399,0.5781259536743164,0.0
1787251053.932904720,1787251053.932912827,command,0.010694339871406555,0.4357454478740692,0.0
1787251054.001019478,1787251054.001028299,state,0.009538115002214909,0.5382542014122009,0.0
1787251054.001085758,1787251054.000427008,state_stamped,0.009538115002214909,0.5382542014122009,0.0
1787251054.003085613,1787251054.003093243,command,0.010535327717661858,0.37641721963882446,0.0
1787251054.060963392,1787251054.060967922,state,0.009777408093214035,0.49941956996917725,0.0
1787251054.061012268,1787251054.060417414,state_stamped,0.009777408093214035,0.49941956996917725,0.0
1787251054.062854052,1787251054.062861919,command,0.015851059928536415,0.31481239199638367,0.0
1787251054.130921364,1787251054.130417585,state_stamped,0.011478031054139137,0.44772952795028687,0.0
1787251054.130969048,1787251054.130977392,state,0.011478031054139137,0.44772952795028687,0.0
1787251054.132822037,1787251054.132829905,command,0.020108256489038467,0.23991426825523376,0.0
1787251054.201088667,1787251054.201097012,state,0.013894514180719852,0.38954076170921326,0.0
1787251054.201159239,1787251054.200417995,state_stamped,0.013894514180719852,0.38954076170921326,0.0
1787251054.203813553,1787251054.203817129,command,1.6349573343177326e-05,9.890496585285291e-05,0.0
1787251054.260926485,1787251054.260931730,state,0.010563799180090427,0.2960759699344635,0.0
1787251054.260974407,1787251054.260417223,state_stamped,0.010563799180090427,0.2960759699344635,0.0
1787251054.263026714,1787251054.263031483,command,0.00460613751783967,-0.04085562005639076,0.0
1787251054.330989361,1787251054.330993891,state,0.008895650506019592,0.20173493027687073,0.0
1787251054.331034184,1787251054.330417395,state_stamped,0.008895650506019592,0.20173493027687073,0.0
1787251054.332873583,1787251054.332876682,command,0.011948038823902607,-0.10652018338441849,0.0
1787251054.400951147,1787251054.400956392,state,0.00975031778216362,0.11542367190122604,0.0
1787251054.401008129,1787251054.400417328,state_stamped,0.00975031778216362,0.11542367190122604,0.0
1787251054.403274775,1787251054.403279543,command,0.016947736963629723,-0.19636239111423492,0.0
1787251054.460874319,1787251054.460880041,state,0.011477726511657238,0.040593795478343964,0.0
1787251054.460979462,1787251054.460418224,state_stamped,0.011477726511657238,0.040593795478343964,0.0
1787251054.462779284,1787251054.462785006,command,0.01205366663634777,-0.27891772985458374,0.0
1787251054.530920267,1787251054.530925035,state,0.011638987809419632,-0.04886825382709503,0.0
1787251054.530968666,1787251054.530417442,state_stamped,0.011638987809419632,-0.04886825382709503,0.0
1787251054.532850266,1787251054.532853842,command,0.008065950125455856,-0.37373706698417664,0.0
1787251054.600926638,1787251054.600932121,state,0.01063853781670332,-0.13983142375946045,0.0
1787251054.601015329,1787251054.600417376,state_stamped,0.01063853781670332,-0.13983142375946045,0.0
1787251054.602854729,1787251054.602859497,command,0.004771346691995859,-0.42217811942100525,0.0
1787251054.660981655,1787251054.660989046,state,0.009230178780853748,-0.20760586857795715,0.0
1787251054.661047697,1787251054.660427332,state_stamped,0.009230178780853748,-0.20760586857795715,0.0
1787251054.663237333,1787251054.663242579,command,0.003800316946581006,-0.43223515152931213,0.0
1787251054.731005430,1787251054.730417252,state_stamped,0.0077100349590182304,-0.2704930901527405,0.0
1787251054.731050968,1787251054.731057167,state,0.0077100349590182304,-0.2704930901527405,0.0
1787251054.733200788,1787251054.733206749,command,0.0012490622466430068,-0.4396752417087555,0.0
1787251054.800970554,1787251054.800417662,state_stamped,0.005900952033698559,-0.3178643584251404,0.0
1787251054.801066637,1787251054.801071882,state,0.005900952033698559,-0.3178643584251404,0.0
1787251054.802769184,1787251054.802771568,command,-0.004663693718612194,-0.3926289975643158,0.0
1787251054.860983849,1787251054.860990047,state,0.0033654419239610434,-0.33580783009529114,0.0
1787251054.861043453,1787251054.860417604,state_stamped,0.0033654419239610434,-0.33580783009529114,0.0
1787251054.862852812,1787251054.862857819,command,-0.0039404393173754215,-0.31051018834114075,0.0
1787251054.930961370,1787251054.930967331,state,0.0013197630178183317,-0.32872438430786133,0.0
1787251054.931021452,1787251054.930418491,state_stamped,0.0013197630178183317,-0.32872438430786133,0.0
1787251054.932814121,1787251054.932819366,command,-0.0018702783854678273,-0.21427419781684875,0.0
1787251055.000949860,1787251055.000956297,state,0.0004265605821274221,-0.29667866230010986,0.0
1787251055.001013756,1787251055.000417948,state_stamped,0.0004265605821274221,-0.29667866230010986,0.0
1787251055.003687143,1787251055.003690481,command,0.0021292997989803553,-0.12275176495313644,0.0
1787251055.061017275,1787251055.061022997,state,0.0008352138102054596,-0.2549366354942322,0.0
1787251055.061078072,1787251055.060417175,state_stamped,0.0008352138102054596,-0.2549366354942322,0.0
1787251055.063010931,1787251055.063015699,command,0.004978842567652464,-0.07010502368211746,0.0
1787251055.130972385,1787251055.130976200,state,0.001995441969484091,-0.20318323373794556,0.0
1787251055.131073713,1787251055.130418062,state_stamped,0.001995441969484091,-0.20318323373794556,0.0
1787251055.132975101,1787251055.132980585,command,-0.0013628050219267607,-0.02085835486650467,0.0
1787251055.201010466,1787251055.200417280,state_stamped,0.0010551437735557556,-0.15213285386562347,0.0
1787251055.201047897,1787251055.201054573,state,0.0010551437735557556,-0.15213285386562347,0.0
1787251055.203270197,1787251055.203273773,command,-0.005985766649246216,0.035887449979782104,0.0
1787251055.261018991,1787251055.261024475,state,-0.000634680618532002,-0.10700782388448715,0.0
1787251055.261077642,1787251055.260417461,state_stamped,-0.000634680618532002,-0.10700782388448715,0.0
1787251055.262925863,1787251055.262930870,command,-0.002788619603961706,0.08763352036476135,0.0
1787251055.330837011,1787251055.330842972,state,-0.0012377838138490915,-0.05250822380185127,0.0
1787251055.330893040,1787251055.330417395,state_stamped,-0.0012377838138490915,-0.05250822380185127,0.0
1787251055.332889080,1787251055.332894325,command,0.029549773782491684,0.3262321650981903,0.0
1787251055.401042938,1787251055.401048899,state,0.007382743060588837,0.0535392127931118,0.0
1787251055.401095629,1787251055.400417566,state_stamped,0.007382743060588837,0.0535392127931118,0.0
1787251055.402966738,1787251055.402972460,command,0.029244206845760345,0.3976413607597351,0.0
1787251055.461084843,1787251055.461090326,state,0.012629654258489609,0.13612625002861023,0.0
1787251055.461140394,1787251055.460419416,state_stamped,0.012629654258489609,0.13612625002861023,0.0
1787251055.462931395,1787251055.462937117,command,0.02018764615058899,0.48905259370803833,0.0
1787251055.531076908,1787251055.530417919,state_stamped,0.014745846390724182,0.23494350910186768,0.0
1787251055.531129837,1787251055.531137466,state,0.014745846390724182,0.23494350910186768,0.0
1787251055.532979727,1787251055.532983541,command,0.01410228293389082,0.5772286653518677,0.0
1787251055.600989103,1787251055.600417376,state_stamped,0.014565650373697281,0.33078259229660034,0.0
1787251055.601035833,1787251055.601041555,state,0.014565650373697281,0.33078259229660034,0.0
1787251055.602757692,1787251055.602762461,command,0.026949461549520493,0.5285669565200806,0.0
1787251055.660922527,1787251055.660926580,state,0.017537763342261314,0.3782508075237274,0.0
1787251055.660970688,1787251055.660417318,state_stamped,0.017537763342261314,0.3782508075237274,0.0
1787251055.662899017,1787251055.662903786,command,0.028745008632540703,0.539249062538147,0.0
1787251055.730937004,1787251055.730436325,state_stamped,0.02067664824426174,0.42334261536598206,0.0
1787251055.731025696,1787251055.731033087,state,0.02067664824426174,0.42334261536598206,0.0
1787251055.732808590,1787251055.732813835,command,0.023566531017422676,0.5473824143409729,0.0
1787251055.800955057,1787251055.800960541,state,0.021485593169927597,0.4580642580986023,0.0
1787251055.801010132,1787251055.800417185,state_stamped,0.021485593169927597,0.4580642580986023,0.0
1787251055.802833319,1787251055.802838802,command,-0.002508224919438362,0.6675456166267395,0.0
1787251055.860963106,1787251055.860968113,state,0.01572704315185547,0.508340060710907,0.0
1787251055.861022472,1787251055.860417604,state_stamped,0.01572704315185547,0.508340060710907,0.0
1787251055.862795830,1787251055.862800837,command,-0.001608093036338687,0.6247203350067139,0.0
1787251055.931060076,1787251055.930428982,state_stamped,0.010872403159737587,0.5409319400787354,0.0
1787251055.931116104,1787251055.931121588,state,0.010872403159737587,0.5409319400787354,0.0
1787251055.933053017,1787251055.933056593,command,-0.0023500239476561546,0.5602788329124451,0.0
1787251056.001153469,1787251056.000430107,state_stamped,0.007170070894062519,0.5463491678237915,0.0
1787251056.001208305,1787251056.001217365,state,0.007170070894062519,0.5463491678237915,0.0
1787251056.003728390,1787251056.003734112,command,-0.004699665121734142,0.4863624572753906,0.0
1787251056.061108589,1787251056.061113596,state,0.004320081323385239,0.5319460034370422,0.0
1787251056.061163425,1787251056.060456514,state_stamped,0.004320081323385239,0.5319460034370422,0.0
1787251056.063016176,1787251056.063020945,command,-0.005370461847633123,0.4094208776950836,0.0
1787251056.130923748,1787251056.130418062,state_stamped,0.0016082222573459148,0.497657835483551,0.0
1787251056.131014109,1787251056.131021261,state,0.0016082222573459148,0.497657835483551,0.0
1787251056.132845402,1787251056.132850409,command,-0.003865012200549245,0.3500159978866577,0.0
1787251056.200994253,1787251056.200430393,state_stamped,7.544353138655424e-05,0.4563107490539551,0.0
1787251056.201091528,1787251056.201097012,state,7.544353138655424e-05,0.4563107490539551,0.0
1787251056.203629971,1787251056.203635216,command,0.005387103650718927,0.24897059798240662,0.0
1787251056.261002064,1787251056.261007071,state,0.0013499694177880883,0.4065597355365753,0.0
1787251056.261063576,1787251056.260417700,state_stamped,0.0013499694177880883,0.4065597355365753,0.0
1787251056.262977362,1787251056.262982368,command,0.005317369010299444,0.25040146708488464,0.0
1787251056.331063271,1787251056.330417871,state_stamped,0.002460843650624156,0.3628353178501129,0.0
1787251056.331122875,1787251056.331128120,state,0.002460843650624156,0.3628353178501129,0.0
1787251056.332946062,1787251056.332951069,command,-0.007912383414804935,-0.013855521567165852,0.0
1787251056.401109695,1787251056.401115417,state,-0.00044364877976477146,0.2573623061180115,0.0
1787251056.401165485,1787251056.400417566,state_stamped,-0.00044364877976477146,0.2573623061180115,0.0
1787251056.403290987,1787251056.403295994,command,-0.0039244117215275764,-0.06950434297323227,0.0
1787251056.461169958,1787251056.460417986,state_stamped,-0.001279038260690868,0.17891371250152588,0.0
1787251056.461231709,1787251056.461236954,state,-0.001279038260690868,0.17891371250152588,0.0
1787251056.462956429,1787251056.462960243,command,-0.000675965566188097,-0.1542242467403412,0.0
1787251056.530925989,1787251056.530417204,state_stamped,-0.0011101796990260482,0.08563605695962906,0.0
1787251056.530977488,1787251056.530982733,state,-0.0011101796990260482,0.08563605695962906,0.0
1787251056.532743216,1787251056.532748222,command,0.0019569997675716877,-0.23614223301410675,0.0
1787251056.600997925,1787251056.601003170,state,-0.0002513615763746202,-0.004462689161300659,0.0
1787251056.601055384,1787251056.600417852,state_stamped,-0.0002513615763746202,-0.004462689161300659,0.0
1787251056.602829933,1787251056.602834940,command,0.0023532072082161903,-0.3175865411758423,0.0
1787251056.660980225,1787251056.660417795,state_stamped,0.0003737352672033012,-0.07961244881153107,0.0
1787251056.661082029,1787251056.661087513,state,0.0003737352672033012,-0.07961244881153107,0.0
1787251056.662857771,1787251056.662863255,command,0.001493088318966329,-0.3325503170490265,0.0
1787251056.730905294,1787251056.730417490,state_stamped,0.0006871519144624472,-0.15043455362319946,0.0
1787251056.730953693,1787251056.730959177,state,0.0006871519144624472,-0.15043455362319946,0.0
1787251056.732795477,1787251056.732801199,command,-0.0028603198006749153,-0.3100726306438446,0.0
1787251056.800964355,1787251056.800418615,state_stamped,-0.0003061568131670356,-0.19513395428657532,0.0
1787251056.801055670,1787251056.801061630,state,-0.0003061568131670356,-0.19513395428657532,0.0
1787251056.802862644,1787251056.802867889,command,-0.00498459255322814,-0.19630621373653412,0.0
1787251056.860987663,1787251056.860992908,state,-0.0014289702521637082,-0.19541528820991516,0.0
1787251056.861049175,1787251056.860418081,state_stamped,-0.0014289702521637082,-0.19541528820991516,0.0
1787251056.862714767,1787251056.862719774,command,-0.0011015399359166622,-0.11270517855882645,0.0
1787251056.930925131,1787251056.930930138,state,-0.0013372722314670682,-0.17225202918052673,0.0
1787251056.930979729,1787251056.930431366,state_stamped,-0.0013372722314670682,-0.17225202918052673,0.0
1787251056.932804823,1787251056.932810307,command,0.01172588299959898,-0.04260910302400589,0.0
1787251057.000972748,1787251057.000422478,state_stamped,0.002319942694157362,-0.13595665991306305,0.0
1787251057.001018047,1787251057.001027346,state,0.002319942694157362,-0.13595665991306305,0.0
1787251057.003673315,1787251057.003677607,command,0.01753816567361355,0.0008625478367321193,0.0
1787251057.061140776,1787251057.061146736,state,0.005972001701593399,-0.10312287509441376,0.0
1787251057.061201572,1787251057.060417175,state_stamped,0.005972001701593399,-0.10312287509441376,0.0
1787251057.063165426,1787251057.063171625,command,0.02906414493918419,0.1754302680492401,0.0
1787251057.130905867,1787251057.130417824,state_stamped,0.012437863275408745,-0.02512725442647934,0.0
1787251057.130953312,1787251057.130958080,state,0.012437863275408745,-0.02512725442647934,0.0
1787251057.132868052,1787251057.132872820,command,0.036765098571777344,0.2609477639198303,0.0
1787251057.201014996,1787251057.201019764,state,0.019249461591243744,0.05497342348098755,0.0
1787251057.201069117,1787251057.200417519,state_stamped,0.019249461591243744,0.05497342348098755,0.0
1787251057.202893496,1787251057.202898026,command,0.024760233238339424,0.3695466220378876,0.0
1787251057.260944366,1787251057.260948896,state,0.020572258159518242,0.13048309087753296,0.0
1787251057.261000872,1787251057.260427237,state_stamped,0.020572258159518242,0.13048309087753296,0.0
1787251057.262888193,1787251057.262892723,command,0.00937886442989111,0.438419371843338,0.0
1787251057.330943346,1787251057.330947876,state,0.01743854023516178,0.21669334173202515,0.0
1787251057.330999136,1787251057.330417633,state_stamped,0.01743854023516178,0.21669334173202515,0.0
1787251057.332838297,1787251057.332843065,command,0.0016009071841835976,0.5193254947662354,0.0
1787251057.400960684,1787251057.400417328,state_stamped,0.01300401147454977,0.30143019556999207,0.0
1787251057.401052952,1787251057.401058912,state,0.01300401147454977,0.30143019556999207,0.0
1787251057.402850151,1787251057.402854443,command,-0.006986779626458883,0.5757610201835632,0.0
1787251057.460920334,1787251057.460925341,state,0.008206229656934738,0.36726948618888855,0.0
1787251057.461025476,1787251057.460417271,state_stamped,0.008206229656934738,0.36726948618888855,0.0
1787251057.462849379,1787251057.462853909,command,-0.01855468936264515,0.6193917989730835,0.0
1787251057.530862808,1787251057.530871153,state,0.0007131379097700119,0.4378640651702881,0.0
1787251057.530928373,1787251057.530417681,state_stamped,0.0007131379097700119,0.4378640651702881,0.0
1787251057.532803297,1787251057.532808542,command,-0.028102753683924675,0.6595964431762695,0.0
1787251057.600982189,1787251057.600426912,state_stamped,-0.007356385700404644,0.4999573826789856,0.0
1787251057.601074696,1787251057.601080894,state,-0.007356385700404644,0.4999573826789856,0.0
1787251057.602908134,1787251057.602913857,command,-0.020043404772877693,0.6584445834159851,0.0
1787251057.660997629,1787251057.661003590,state,-0.010400783270597458,0.5379882454872131,0.0
1787251057.661059141,1787251057.660417318,state_stamped,-0.010400783270597458,0.5379882454872131,0.0
1787251057.662891865,1787251057.662896633,command,-0.008941879495978355,0.6248312592506409,0.0
1787251057.730831861,1787251057.730837822,state,-0.009992281906306744,0.5623047947883606,0.0
1787251057.730888367,1787251057.730418921,state_stamped,-0.009992281906306744,0.5623047947883606,0.0
1787251057.732886076,1787251057.732893229,command,-0.0006446084589697421,0.5630229115486145,0.0
1787251057.800980806,1787251057.800987959,state,-0.007374988868832588,0.562505841255188,0.0
1787251057.801044703,1787251057.800417423,state_stamped,-0.007374988868832588,0.562505841255188,0.0
1787251057.803246737,1787251057.803254843,command,0.012501644901931286,0.477504163980484,0.0
1787251057.860983372,1787251057.860988617,state,-0.002604598179459572,0.5421054363250732,0.0
1787251057.861040831,1787251057.860417366,state_stamped,-0.002604598179459572,0.5421054363250732,0.0
1787251057.863271475,1787251057.863278151,command,0.020404761657118797,0.38699284195899963,0.0
1787251057.930909634,1787251057.930915356,state,0.003838051576167345,0.4986737072467804,0.0
1787251057.930963755,1787251057.930417538,state_stamped,0.003838051576167345,0.4986737072467804,0.0
1787251057.933218718,1787251057.933224440,command,0.027739448472857475,0.3416174650192261,0.0
1787251058.000998259,1787251058.001006126,state,0.01053045317530632,0.4546978771686554,0.0
1787251058.001118898,1787251058.000417709,state_stamped,0.01053045317530632,0.4546978771686554,0.0
1787251058.003474951,1787251058.003483057,command,0.04206058010458946,0.2516305148601532,0.0
1787251058.060945511,1787251058.060417414,state_stamped,0.018097637221217155,0.4059619903564453,0.0
1787251058.060996294,1787251058.061002493,state,0.018097637221217155,0.4059619903564453,0.0
1787251058.063373804,1787251058.063378572,command,0.043860647827386856,0.2176472246646881,0.0
1787251058.130842209,1787251058.130845547,state,0.025311270728707314,0.3532339334487915,0.0
1787251058.130945206,1787251058.130417347,state_stamped,0.025311270728707314,0.3532339334487915,0.0
1787251058.132817745,1787251058.132822275,command,0.029233479872345924,-0.003797460114583373,0.0
1787251058.200990438,1787251058.200995684,state,0.026409495621919632,0.25326457619667053,0.0
1787251058.201037884,1787251058.200417757,state_stamped,0.026409495621919632,0.25326457619667053,0.0
1787251058.203287601,1787251058.203295231,command,0.030641470104455948,-0.05487595871090889,0.0
1787251058.260957956,1787251058.260962486,state,0.027425166219472885,0.17931106686592102,0.0
1787251058.261005878,1787251058.260417461,state_stamped,0.027425166219472885,0.17931106686592102,0.0
1787251058.262800932,1787251058.262806892,command,0.034847889095544815,-0.13958637416362762,0.0
1787251058.330936670,1787251058.330417156,state_stamped,0.02950352057814598,0.09002015739679337,0.0
1787251058.330972195,1787251058.330978394,state,0.02950352057814598,0.09002015739679337,0.0
1787251058.332820892,1787251058.332828760,command,0.025475196540355682,-0.23698222637176514,0.0
1787251058.400889397,1787251058.400895119,state,0.028375571593642235,-0.0015420392155647278,0.0
1787251058.400945425,1787251058.400418282,state_stamped,0.028375571593642235,-0.0015420392155647278,0.0
1787251058.403089523,1787251058.403095007,command,0.016145829111337662,-0.3346356749534607,0.0
1787251058.460962296,1787251058.460417271,state_stamped,0.02544049173593521,-0.0814829170703888,0.0
1787251058.461044788,1787251058.461051226,state,0.02544049173593521,-0.0814829170703888,0.0
1787251058.462923288,1787251058.462926865,command,0.013731071725487709,-0.39857837557792664,0.0
1787251058.530942678,1787251058.530947447,state,0.022161835804581642,-0.1702701449394226,0.0
1787251058.530992270,1787251058.530417681,state_stamped,0.022161835804581642,-0.1702701449394226,0.0
1787251058.532877922,1787251058.532883167,command,-0.01848926581442356,-0.6830531358718872,0.0
1787251058.600962162,1787251058.600417852,state_stamped,0.010779498144984245,-0.3138497471809387,0.0
1787251058.601045132,1787251058.601049900,state,0.010779498144984245,-0.3138497471809387,0.0
1787251058.602905750,1787251058.602911234,command,-0.022135837003588676,-0.6950482726097107,0.0
1787251058.661007166,1787251058.660417557,state_stamped,0.0028798431158065796,-0.4053370952606201,0.0
1787251058.661049843,1787251058.661054373,state,0.0028798431158065796,-0.4053370952606201,0.0
1787251058.663349867,1787251058.663354397,command,0.002913606585934758,-0.46496716141700745,0.0
1787251058.730912924,1787251058.730417490,state_stamped,0.0028892969712615013,-0.42203351855278015,0.0
1787251058.731013775,1787251058.731018543,state,0.0028892969712615013,-0.42203351855278015,0.0
1787251058.732861042,1787251058.732866287,command,0.002851399825885892,-0.3819015920162201,0.0
1787251058.800867796,1787251058.800872564,state,0.002878685714676976,-0.4107966125011444,0.0
1787251058.800977707,1787251058.800417185,state_stamped,0.002878685714676976,-0.4107966125011444,0.0
1787251058.802921534,1787251058.802927017,command,-6.524224590975791e-05,-0.28318578004837036,0.0
1787251058.860873461,1787251058.860876560,state,0.002172027714550495,-0.3801650106906891,0.0
1787251058.860912323,1787251058.860427141,state_stamped,0.002172027714550495,-0.3801650106906891,0.0
1787251058.862622499,1787251058.862626076,command,-0.007181266788393259,-0.18781669437885284,0.0
1787251058.930814266,1787251058.930417776,state_stamped,-0.00044654496014118195,-0.32631468772888184,0.0
1787251058.930841923,1787251058.930846214,state,-0.00044654496014118195,-0.32631468772888184,0.0
1787251058.932796955,1787251058.932800531,command,-0.010133258998394012,-0.1312088966369629,0.0
1787251059.000946522,1787251059.000955582,state,-0.003158833598718047,-0.2716848850250244,0.0
1787251059.001024961,1787251059.000417948,state_stamped,-0.003158833598718047,-0.2716848850250244,0.0
1787251059.003791809,1787251059.003797293,command,-0.015387521125376225,-0.05716080963611603,0.0
1787251059.060933113,1787251059.060937166,state,-0.006094173528254032,-0.2201911211013794,0.0
1787251059.060988665,1787251059.060427189,state_stamped,-0.006094173528254032,-0.2201911211013794,0.0
1787251059.062834740,1787251059.062840462,command,-0.02214406430721283,-0.01251598447561264,0.0
1787251059.130929947,1787251059.130934477,state,-0.010587550699710846,-0.16204975545406342,0.0
1787251059.130999088,1787251059.130418062,state_stamped,-0.010587550699710846,-0.16204975545406342,0.0
1787251059.132940292,1787251059.132946491,command,-0.022296108305454254,0.043604329228401184,0.0
1787251059.200955391,1787251059.200961113,state,-0.013865910470485687,-0.1044672429561615,0.0
1787251059.201041698,1787251059.200417280,state_stamped,-0.013865910470485687,-0.1044672429561615,0.0
1787251059.202900648,1787251059.202908993,command,0.008566637523472309,0.29268601536750793,0.0
1787251059.260972738,1787251059.260977507,state,-0.008482102304697037,-0.00915052741765976,0.0
1787251059.261026621,1787251059.260417223,state_stamped,-0.008482102304697037,-0.00915052741765976,0.0
1787251059.262874842,1787251059.262880564,command,0.013345849700272083,0.3446149528026581,0.0
1787251059.331042290,1787251059.331047535,state,-0.0023692194372415543,0.08992093056440353,0.0
1787251059.331110477,1787251059.330429316,state_stamped,-0.0023692194372415543,0.08992093056440353,0.0
1787251059.332947254,1787251059.332952976,command,0.010652403347194195,0.4190698564052582,0.0
1787251059.400949001,1787251059.400417805,state_stamped,0.001276230439543724,0.18206733465194702,0.0
1787251059.401024580,1787251059.401031256,state,0.001276230439543724,0.18206733465194702,0.0
1787251059.402873755,1787251059.402882099,command,0.0022789575159549713,0.485893189907074,0.0
1787251059.460969210,1787251059.460973978,state,0.0015169226098805666,0.2549969553947449,0.0
1787251059.461035490,1787251059.460427046,state_stamped,0.0015169226098805666,0.2549969553947449,0.0
1787251059.462898254,1787251059.462903261,command,-0.010151486843824387,0.5709124803543091,0.0
1787251059.530918360,1787251059.530923367,state,-0.0017502291593700647,0.34345322847366333,0.0
1787251059.530964375,1787251059.530426979,state_stamped,-0.0017502291593700647,0.34345322847366333,0.0
1787251059.532810926,1787251059.532814503,command,-0.004012854304164648,0.6064962148666382,0.0
1787251059.600975275,1787251059.600417137,state_stamped,-0.0023836754262447357,0.4170949459075928,0.0
1787251059.601054430,1787251059.601059914,state,-0.0023836754262447357,0.4170949459075928,0.0
1787251059.602859497,1787251059.602864742,command,0.001482155523262918,0.6452664136886597,0.0
1787251059.660944939,1787251059.660949945,state,-0.001455872436054051,0.4718562960624695,0.0
1787251059.661010742,1787251059.660417557,state_stamped,-0.001455872436054051,0.4718562960624695,0.0
1787251059.662851095,1787251059.662854433,command,0.011302663013339043,0.640250563621521,0.0
1787251059.730888367,1787251059.730893373,state,0.0021165157668292522,0.5190066695213318,0.0
1787251059.730932951,1787251059.730417490,state_stamped,0.0021165157668292522,0.5190066695213318,0.0
1787251059.732814789,1787251059.732820749,command,0.015906279906630516,0.6157998442649841,0.0
1787251059.800947905,1787251059.800417662,state_stamped,0.005977659020572901,0.5461088418960571,0.0
1787251059.801023483,1787251059.801029682,state,0.005977659020572901,0.5461088418960571,0.0
1787251059.802874327,1787251059.802881956,command,0.016028370708227158,0.6062734127044678,0.0
1787251059.860947371,1787251059.860952616,state,0.008389825001358986,0.5605483055114746,0.0
1787251059.861057281,1787251059.860417366,state_stamped,0.008389825001358986,0.5605483055114746,0.0
1787251059.862864733,1787251059.862869978,command,0.018948659300804138,0.5481640100479126,0.0
1787251059.930908918,1787251059.930913687,state,0.011346293613314629,0.5570806860923767,0.0
1787251059.930952549,1787251059.930417299,state_stamped,0.011346293613314629,0.5570806860923767,0.0
1787251059.932827234,1787251059.932832718,command,0.019785305485129356,0.446788489818573,0.0
1787251060.000943661,1787251060.000952005,state,0.013709211722016335,0.5261989235877991,0.0
1787251060.001055479,1787251060.000417233,state_stamped,0.013709211722016335,0.5261989235877991,0.0
1787251060.003029108,1787251060.003034830,command,0.020996199920773506,0.38473185896873474,0.0
1787251060.060968637,1787251060.060973406,state,0.015458091162145138,0.4922467768192291,0.0
1787251060.061033726,1787251060.060417175,state_stamped,0.015458091162145138,0.4922467768192291,0.0
1787251060.062729836,1787251060.062736034,command,0.025837309658527374,0.33430835604667664,0.0
1787251060.130917311,1787251060.130922318,state,0.01836429163813591,0.4480237364768982,0.0
1787251060.130975008,1787251060.130417824,state_stamped,0.01836429163813591,0.4480237364768982,0.0
1787251060.132592916,1787251060.132598162,command,0.026414405554533005,0.2455464005470276,0.0
1787251060.200939178,1787251060.200943708,state,0.020618317648768425,0.3913302421569824,0.0
1787251060.201044559,1787251060.200417519,state_stamped,0.020618317648768425,0.3913302421569824,0.0
1787251060.202592611,1787251060.202596664,command,0.003096099244430661,0.004583141766488552,0.0
1787251060.260953188,1787251060.260957479,state,0.016412995755672455,0.29851117730140686,0.0
1787251060.261060715,1787251060.260417461,state_stamped,0.016412995755672455,0.29851117730140686,0.0
1787251060.262616634,1787251060.262621880,command,0.008662278763949871,-0.03605150803923607,0.0
1787251060.330893755,1787251060.330898285,state,0.014242783188819885,0.20483313500881195,0.0
1787251060.330938816,1787251060.330417871,state_stamped,0.014242783188819885,0.20483313500881195,0.0
1787251060.332557917,1787251060.332563639,command,0.007370742503553629,-0.10644155740737915,0.0
1787251060.400914669,1787251060.400919199,state,0.012318613938987255,0.11767631769180298,0.0
1787251060.400957584,1787251060.400417566,state_stamped,0.012318613938987255,0.11767631769180298,0.0
1787251060.402569771,1787251060.402575970,command,0.009479559026658535,-0.18096545338630676,0.0
1787251060.460923433,1787251060.460417986,state_stamped,0.011637236922979355,0.0460018515586853,0.0
1787251060.460950613,1787251060.460955143,state,0.011637236922979355,0.0460018515586853,0.0
1787251060.462606668,1787251060.462612152,command,0.006213907618075609,-0.2710464298725128,0.0
1787251060.530869246,1787251060.530873537,state,0.01011870987713337,-0.0427713543176651,0.0
1787251060.530976534,1787251060.530417919,state_stamped,0.01011870987713337,-0.0427713543176651,0.0
1787251060.532518148,1787251060.532523870,command,0.0018246823456138372,-0.363709032535553,0.0
1787251060.600945234,1787251060.600949764,state,0.007796399295330048,-0.132633239030838,0.0
1787251060.600989342,1787251060.600417376,state_stamped,0.007796399295330048,-0.132633239030838,0.0
1787251060.602667332,1787251060.602672815,command,-0.00229352037422359,-0.42484554648399353,0.0
1787251060.660916567,1787251060.660921097,state,0.005374805070459843,-0.2027645707130432,0.0
1787251060.660959482,1787251060.660417557,state_stamped,0.005374805070459843,-0.2027645707130432,0.0
1787251060.662627935,1787251060.662633657,command,-0.003361470066010952,-0.4290763735771179,0.0
1787251060.730879784,1787251060.730882883,state,0.0029286572244018316,-0.2661316394805908,0.0
1787251060.730910301,1787251060.730417252,state_stamped,0.0029286572244018316,-0.2661316394805908,0.0
1787251060.732597828,1787251060.732603312,command,-0.00558332446962595,-0.4090955853462219,0.0
1787251060.800925732,1787251060.800417662,state_stamped,0.0005452935583889484,-0.30616170167922974,0.0
1787251060.800953865,1787251060.800958872,state,0.0005452935583889484,-0.30616170167922974,0.0
1787251060.802617788,1787251060.802623749,command,-0.0048035806976258755,-0.32149121165275574,0.0
1787251060.860915184,1787251060.860417128,state_stamped,-0.0007384283235296607,-0.30984076857566833,0.0
1787251060.860943079,1787251060.860948324,state,-0.0007384283235296607,-0.30984076857566833,0.0
1787251060.862634659,1787251060.862639904,command,-0.0063509331084787846,-0.2272174209356308,0.0
1787251060.930866241,1787251060.930417776,state_stamped,-0.00230993889272213,-0.2867060899734497,0.0
1787251060.930898905,1787251060.930904150,state,-0.00230993889272213,-0.2867060899734497,0.0
1787251060.932576418,1787251060.932582378,command,0.001196272554807365,-0.13026714324951172,0.0
1787251061.000966549,1787251061.000973463,state,-0.001328182639554143,-0.24290242791175842,0.0
1787251061.001035452,1787251061.000418901,state_stamped,-0.001328182639554143,-0.24290242791175842,0.0
1787251061.003664732,1787251061.003670454,command,0.005825642962008715,-0.07809624820947647,0.0
1787251061.060889244,1787251061.060894012,state,0.0003887088969349861,-0.20334956049919128,0.0
1787251061.060924768,1787251061.060417891,state_stamped,0.0003887088969349861,-0.20334956049919128,0.0
1787251061.062731981,1787251061.062738419,command,0.0038102997932583094,-0.013874826021492481,0.0
1787251061.131069183,1787251061.131073952,state,0.001346752280369401,-0.15029674768447876,0.0
1787251061.131113768,1787251061.130417824,state_stamped,0.001346752280369401,-0.15029674768447876,0.0
1787251061.132917643,1787251061.132923126,command,-0.002597089856863022,0.019365787506103516,0.0
1787251061.201016903,1787251061.201021433,state,0.00024223770014941692,-0.10278096795082092,0.0
1787251061.201064110,1787251061.200433016,state_stamped,0.00024223770014941692,-0.10278096795082092,0.0
1787251061.202728271,1787251061.202736139,command,0.0010043085785582662,0.08396608382463455,0.0
1787251061.261018515,1787251061.261023283,state,0.00042508705519139767,-0.057973358780145645,0.0
1787251061.261094332,1787251061.260417223,state_stamped,0.00042508705519139767,-0.057973358780145645,0.0
1787251061.262743473,1787251061.262749672,command,0.03273093327879906,0.31028422713279724,0.0
1787251061.330993176,1787251061.330997944,state,0.009470802731812,0.045139651745557785,0.0
1787251061.331038713,1787251061.330417871,state_stamped,0.009470802731812,0.045139651745557785,0.0
1787251061.332716227,1787251061.332724810,command,0.03171267360448837,0.3815031051635742,0.0
1787251061.401076794,1787251061.401081324,state,0.01569848135113716,0.1393207460641861,0.0
1787251061.401119709,1787251061.400417328,state_stamped,0.01569848135113716,0.1393207460641861,0.0
1787251061.402771473,1787251061.402777195,command,0.019466126337647438,0.4830573797225952,0.0
1787251061.461010218,1787251061.461014986,state,0.01660294272005558,0.22183826565742493,0.0
1787251061.461053133,1787251061.460432529,state_stamped,0.01660294272005558,0.22183826565742493,0.0
1787251061.462811947,1787251061.462817907,command,0.012298342771828175,0.5632514953613281,0.0
1787251061.530940056,1787251061.530944824,state,0.01539791002869606,0.31741368770599365,0.0
1787251061.530984640,1787251061.530417681,state_stamped,0.01539791002869606,0.31741368770599365,0.0
1787251061.532680035,1787251061.532683849,command,0.0209366362541914,0.521572470664978,0.0
