wall_time_s,ros_time_s,kind,pitch_rad,yaw_rad,z
1787250410.135098219,1787250410.134298325,state_stamped,0.0,0.0,0.0
1787250410.135146856,1787250410.135154247,state,0.0,0.0,0.0
1787250410.145580769,1787250410.145586014,command,0.0,0.0,0.0
1787250410.205054998,1787250410.205062866,state,0.0,0.0,0.0
1787250410.205171347,1787250410.204297781,state_stamped,0.0,0.0,0.0
1787250410.206902981,1787250410.206905603,command,0.0,0.0,0.0
1787250410.265027046,1787250410.265032768,state,0.0,0.0,0.0
1787250410.265076399,1787250410.264298439,state_stamped,0.0,0.0,0.0
1787250410.266968012,1787250410.266971111,command,0.0,0.0,0.0
1787250410.334916830,1787250410.334922075,state,0.0,0.0,0.0
1787250410.334998131,1787250410.334297657,state_stamped,0.0,0.0,0.0
1787250410.336842060,1787250410.336844683,command,0.0,0.0,0.0
1787250410.405055046,1787250410.405060291,state,0.0,0.0,0.0
1787250410.405110121,1787250410.404297829,state_stamped,0.0,0.0,0.0
1787250410.406792164,1787250410.406796455,command,0.0,0.0,0.0
1787250410.464949131,1787250410.464954138,state,0.0,0.0,0.0
1787250410.465051651,1787250410.464297771,state_stamped,0.0,0.0,0.0
1787250410.466761589,1787250410.466766119,command,0.0,0.0,0.0
1787250410.534931898,1787250410.534938812,state,0.0,0.0,0.0
1787250410.535028696,1787250410.534298182,state_stamped,0.0,0.0,0.0
1787250410.536749601,1787250410.536752224,command,0.0,0.0,0.0
1787250410.605018616,1787250410.605025530,state,0.0,0.0,0.0
1787250410.605111122,1787250410.604298592,state_stamped,0.0,0.0,0.0
1787250410.606716156,1787250410.606720448,command,0.0,0.0,0.0
1787250410.664816856,1787250410.664824009,state,0.0,0.0,0.0
1787250410.664924383,1787250410.664297819,state_stamped,0.0,0.0,0.0
1787250410.666646242,1787250410.666650295,command,0.0,0.0,0.0
1787250410.734763622,1787250410.734297752,state_stamped,0.0,0.0,0.0
1787250410.734807968,1787250410.734816074,state,0.0,0.0,0.0
1787250410.736603975,1787250410.736608028,command,0.0,0.0,0.0
1787250410.804805994,1787250410.804298162,state_stamped,0.0,0.0,0.0
1787250410.804865837,1787250410.804873705,state,0.0,0.0,0.0
1787250410.806612253,1787250410.806616068,command,0.0,0.0,0.0
1787250410.864806175,1787250410.864298105,state_stamped,0.0,0.0,0.0
1787250410.864852428,1787250410.864859581,state,0.0,0.0,0.0
1787250410.866646767,1787250410.866649389,command,0.0,0.0,0.0
1787250410.934964895,1787250410.934298038,state_stamped,0.0,0.0,0.0
1787250410.935004711,1787250410.935012341,state,0.0,0.0,0.0
1787250410.936729908,1787250410.936732769,command,0.0,0.0,0.0
1787250411.004836559,1787250411.004845142,state,0.0,0.0,0.0
1787250411.004943848,1787250411.004298449,state_stamped,0.0,0.0,0.0
1787250411.006887674,1787250411.006891966,command,0.0,0.0,0.0
1787250411.064812899,1787250411.064297676,state_stamped,0.0,0.0,0.0
1787250411.064919710,1787250411.064927340,state,0.0,0.0,0.0
1787250411.066694498,1787250411.066698313,command,0.0,0.0,0.0
1787250411.134933949,1787250411.134297609,state_stamped,0.0,0.0,0.0
1787250411.134991169,1787250411.134999037,state,0.0,0.0,0.0
1787250411.136745214,1787250411.136747837,command,0.0,0.0,0.0
1787250411.204965830,1787250411.204297781,state_stamped,0.0,0.0,0.0
1787250411.205071688,1787250411.205080748,state,0.0,0.0,0.0
1787250411.206763744,1787250411.206767559,command,0.0,0.0,0.0
1787250411.265010118,1787250411.264298201,state_stamped,0.0,0.0,0.0
1787250411.265113592,1787250411.265121937,state,0.0,0.0,0.0
1787250411.267112732,1787250411.267115593,command,0.0,0.0,0.0
1787250411.334940195,1787250411.334297895,state_stamped,0.0,0.0,0.0
1787250411.334995508,1787250411.335004091,state,0.0,0.0,0.0
1787250411.337335110,1787250411.337337971,command,0.0,0.0,0.0
1787250411.405009985,1787250411.404298067,state_stamped,0.0,0.0,0.0
1787250411.405054569,1787250411.405062914,state,0.0,0.0,0.0
1787250411.406860828,1787250411.406863928,command,0.0,0.0,0.0
1787250411.465044260,1787250411.464298964,state_stamped,0.0,0.0,0.0
1787250411.465138197,1787250411.465146303,state,0.0,0.0,0.0
1787250411.466880322,1787250411.466884136,command,0.0,0.0,0.0
1787250411.534976006,1787250411.534297705,state_stamped,0.0,0.0,0.0
1787250411.535015106,1787250411.535019159,state,0.0,0.0,0.0
1787250411.536767006,1787250411.536769390,command,0.0,0.0,0.0
1787250411.604994535,1787250411.605002642,state,0.0,0.0,0.0
1787250411.605051041,1787250411.604297638,state_stamped,0.0,0.0,0.0
1787250411.606795549,1787250411.606798410,command,0.0,0.0,0.0
1787250411.665029049,1787250411.665037870,state,0.0,0.0,0.0
1787250411.665089369,1787250411.664298773,state_stamped,0.0,0.0,0.0
1787250411.666813374,1787250411.666816235,command,0.0,0.0,0.0
1787250411.734951973,1787250411.734958887,state,0.0,0.0,0.0
1787250411.735000372,1787250411.734298229,state_stamped,0.0,0.0,0.0
1787250411.736743689,1787250411.736746073,command,0.0,0.0,0.0
1787250411.805011034,1787250411.805019379,state,0.0,0.0,0.0
1787250411.805068254,1787250411.804298401,state_stamped,0.0,0.0,0.0
1787250411.806763411,1787250411.806766033,command,0.0,0.0,0.0
1787250411.864860535,1787250411.864868402,state,0.0,0.0,0.0
1787250411.864916086,1787250411.864298582,state_stamped,0.0,0.0,0.0
1787250411.866688013,1787250411.866690636,command,0.0,0.0,0.0
1787250411.934803724,1787250411.934807539,state,0.0,0.0,0.0
1787250411.934881687,1787250411.934298754,state_stamped,0.0,0.0,0.0
1787250411.936805010,1787250411.936807632,command,0.0,0.0,0.0
1787250411.995160341,1787250411.995167017,state,0.0,0.0,0.0
1787250411.995210171,1787250411.994299173,state_stamped,0.0,0.0,0.0
1787250411.996963024,1787250411.996965647,command,0.0,0.0,0.0
1787250412.065061808,1787250412.065069675,state,0.0,0.0,0.0
1787250412.065154552,1787250412.064298630,state_stamped,0.0,0.0,0.0
1787250412.066810608,1787250412.066813469,command,0.0,0.0,0.0
1787250412.135028124,1787250412.135032892,state,0.0,0.0,0.0
1787250412.135108709,1787250412.134299517,state_stamped,0.0,0.0,0.0
1787250412.136685848,1787250412.136688232,command,0.0,0.0,0.0
1787250412.205001116,1787250412.205010891,state,0.0,0.0,0.0
1787250412.205072880,1787250412.204298019,state_stamped,0.0,0.0,0.0
1787250412.206814766,1787250412.206817627,command,0.0,0.0,0.0
1787250412.264845848,1787250412.264854431,state,0.0,0.0,0.0
1787250412.264902115,1787250412.264297962,state_stamped,0.0,0.0,0.0
1787250412.266700983,1787250412.266704559,command,0.0,0.0,0.0
1787250412.334780931,1787250412.334785223,state,0.0,0.0,0.0
1787250412.334825039,1787250412.334300041,state_stamped,0.0,0.0,0.0
1787250412.336637020,1787250412.336639166,command,0.0,0.0,0.0
1787250412.404808998,1787250412.404818535,state,0.0,0.0,0.0
1787250412.404876232,1787250412.404297590,state_stamped,0.0,0.0,0.0
1787250412.406660080,1787250412.406663656,command,0.0,0.0,0.0
1787250412.465039015,1787250412.465048313,state,0.0,0.0,0.0
1787250412.465153694,1787250412.464310169,state_stamped,0.0,0.0,0.0
1787250412.466849327,1787250412.466852427,command,0.0,0.0,0.0
1787250412.534727573,1787250412.534730911,state,0.0,0.0,0.0
1787250412.534803629,1787250412.534298182,state_stamped,0.0,0.0,0.0
1787250412.536598682,1787250412.536601067,command,0.0,0.0,0.0
1787250412.604935884,1787250412.604941607,state,0.0,0.0,0.0
1787250412.605025530,1787250412.604298592,state_stamped,0.0,0.0,0.0
1787250412.606757641,1787250412.606761456,command,0.0,0.0,0.0
1787250412.665032625,1787250412.665038109,state,0.0,0.0,0.0
1787250412.665115118,1787250412.664298534,state_stamped,0.0,0.0,0.0
1787250412.666712523,1787250412.666715384,command,0.0,0.0,0.0
1787250412.734897614,1787250412.734900713,state,0.0,0.0,0.0
1787250412.734951735,1787250412.734298229,state_stamped,0.0,0.0,0.0
1787250412.736549139,1787250412.736552238,command,0.0,0.0,0.0
1787250412.804962158,1787250412.804965019,state,0.0,0.0,0.0
1787250412.805027246,1787250412.804298401,state_stamped,0.0,0.0,0.0
1787250412.806783676,1787250412.806786776,command,0.0,0.0,0.0
1787250412.864952564,1787250412.864958286,state,0.0,0.0,0.0
1787250412.864992142,1787250412.864297867,state_stamped,0.0,0.0,0.0
1787250412.866779804,1787250412.866783857,command,0.0,0.0,0.0
1787250412.934884787,1787250412.934887648,state,0.0,0.0,0.0
1787250412.934953928,1787250412.934298277,state_stamped,0.0,0.0,0.0
1787250412.936719418,1787250412.936721563,command,0.0,0.0,0.0
1787250413.004963875,1787250413.004969358,state,0.0,0.0,0.0
1787250413.005058289,1787250413.004298449,state_stamped,0.0,0.0,0.0
1787250413.006985188,1787250413.006988049,command,0.0,0.0,0.0
1787250413.064999580,1787250413.065002918,state,0.0,0.0,0.0
1787250413.065077305,1787250413.064297915,state_stamped,0.0,0.0,0.0
1787250413.066837072,1787250413.066839457,command,0.0,0.0,0.0
1787250413.134924173,1787250413.134926796,state,0.0,0.0,0.0
1787250413.134962082,1787250413.134298086,state_stamped,0.0,0.0,0.0
1787250413.136795759,1787250413.136797905,command,0.0,0.0,0.0
1787250413.204819202,1787250413.204298019,state_stamped,0.0,0.0,0.0
1787250413.204864502,1787250413.204872370,state,0.0,0.0,0.0
1787250413.206690788,1787250413.206693172,command,0.0,0.0,0.0
1787250413.264829397,1787250413.264297962,state_stamped,0.0,0.0,0.0
1787250413.264904976,1787250413.264914989,state,0.0,0.0,0.0
1787250413.266710043,1787250413.266713619,command,0.0,0.0,0.0
1787250413.334909201,1787250413.334915638,state,0.0,0.0,0.0
1787250413.334974051,1787250413.334297895,state_stamped,0.0,0.0,0.0
1787250413.337624073,1787250413.337627172,command,0.0,0.0,0.0
1787250413.404982805,1787250413.404991150,state,0.0,0.0,0.0
1787250413.405099630,1787250413.404298306,state_stamped,0.0,0.0,0.0
1787250413.406913280,1787250413.406916857,command,0.0,0.0,0.0
1787250413.464993715,1787250413.465001822,state,0.0,0.0,0.0
1787250413.465068102,1787250413.464298010,state_stamped,0.0,0.0,0.0
1787250413.466882229,1787250413.466886044,command,0.0,0.0,0.0
1787250413.535039425,1787250413.535048246,state,0.0,0.0,0.0
1787250413.535104752,1787250413.534298420,state_stamped,0.0,0.0,0.0
1787250413.536702394,1787250413.536705017,command,0.0,0.0,0.0
1787250413.605036736,1787250413.605043888,state,0.0,0.0,0.0
1787250413.605104685,1787250413.604298115,state_stamped,0.0,0.0,0.0
1787250413.606678724,1787250413.606680870,command,0.0,0.0,0.0
1787250413.665096760,1787250413.664298773,state_stamped,0.0,0.0,0.0
1787250413.665160418,1787250413.665169239,state,0.0,0.0,0.0
1787250413.666759014,1787250413.666760683,command,0.0,0.0,0.0
1787250413.734827518,1787250413.734835625,state,0.0,0.0,0.0
1787250413.734895945,1787250413.734297991,state_stamped,0.0,0.0,0.0
1787250413.736491203,1787250413.736493349,command,0.0,0.0,0.0
1787250413.804886818,1787250413.804894924,state,0.0,0.0,0.0
1787250413.804955721,1787250413.804298162,state_stamped,0.0,0.0,0.0
1787250413.806548834,1787250413.806550741,command,0.0,0.0,0.0
1787250413.864923477,1787250413.864933014,state,0.0,0.0,0.0
1787250413.864988565,1787250413.864299059,state_stamped,0.0,0.0,0.0
1787250413.866552591,1787250413.866555929,command,0.0,0.0,0.0
1787250413.934807777,1787250413.934815884,state,0.0,0.0,0.0
1787250413.934876680,1787250413.934298038,state_stamped,0.0,0.0,0.0
1787250413.936427832,1787250413.936438560,command,0.0,0.0,0.0
1787250414.004906893,1787250414.004914999,state,0.0,0.0,0.0
1787250414.004975557,1787250414.004297733,state_stamped,0.0,0.0,0.0
1787250414.006963968,1787250414.006971836,command,0.0,0.0,0.0
1787250414.064835548,1787250414.064844131,state,0.0,0.0,0.0
1787250414.064903736,1787250414.064298868,state_stamped,0.0,0.0,0.0
1787250414.066556692,1787250414.066563606,command,0.0,0.0,0.0
1787250414.134783745,1787250414.134791851,state,0.0,0.0,0.0
1787250414.134852171,1787250414.134297848,state_stamped,0.0,0.0,0.0
1787250414.136384249,1787250414.136387825,command,0.0,0.0,0.0
1787250414.204922676,1787250414.204927683,state,0.0,0.0,0.0
1787250414.204983234,1787250414.204298019,state_stamped,0.0,0.0,0.0
1787250414.206794977,1787250414.206801891,command,0.0,0.0,0.0
1787250414.264796019,1787250414.264804125,state,0.0,0.0,0.0
1787250414.264866590,1787250414.264297962,state_stamped,0.0,0.0,0.0
1787250414.266481638,1787250414.266489029,command,0.0,0.0,0.0
1787250414.334916830,1787250414.334311724,state_stamped,0.0,0.0,0.0
1787250414.334966183,1787250414.334974051,state,0.0,0.0,0.0
1787250414.336767435,1787250414.336771727,command,0.0,0.0,0.0
1787250414.404922962,1787250414.404928207,state,0.0,0.0,0.0
1787250414.404982805,1787250414.404298306,state_stamped,0.0,0.0,0.0
1787250414.406822920,1787250414.406829357,command,0.0,0.0,0.0
1787250414.464938164,1787250414.464946508,state,0.0,0.0,0.0
1787250414.465009212,1787250414.464298725,state_stamped,0.0,0.0,0.0
1787250414.466793537,1787250414.466800213,command,0.0,0.0,0.0
1787250414.534857988,1787250414.534865856,state,0.0,0.0,0.0
1787250414.534976959,1787250414.534267187,state_stamped,0.0,0.0,0.0
1787250414.536750078,1787250414.536754370,command,0.0,0.0,0.0
1787250414.604774952,1787250414.604783058,state,0.0,0.0,0.0
1787250414.604892015,1787250414.604298353,state_stamped,0.0,0.0,0.0
1787250414.606486559,1787250414.606490850,command,0.0,0.0,0.0
1787250414.664879084,1787250414.664887190,state,0.0,0.0,0.0
1787250414.664945602,1787250414.664298058,state_stamped,0.0,0.0,0.0
1787250414.666491508,1787250414.666495800,command,0.0,0.0,0.0
1787250414.734749794,1787250414.734299660,state_stamped,0.0,0.0,0.0
1787250414.734795809,1787250414.734803677,state,0.0,0.0,0.0
1787250414.736392498,1787250414.736396551,command,0.0,0.0,0.0
1787250414.804971695,1787250414.804980278,state,0.0,0.0,0.0
1787250414.805043697,1787250414.804311275,state_stamped,0.0,0.0,0.0
1787250414.806882858,1787250414.806888103,command,0.0,0.0,0.0
1787250414.864930153,1787250414.864298344,state_stamped,0.0,0.0,0.0
1787250414.864975929,1787250414.864984035,state,0.0,0.0,0.0
1787250414.866550446,1787250414.866553545,command,0.0,0.0,0.0
1787250414.934818268,1787250414.934298038,state_stamped,0.0,0.0,0.0
1787250414.934864998,1787250414.934873343,state,0.0,0.0,0.0
1787250414.936426163,1787250414.936428547,command,0.0,0.0,0.0
1787250415.004902840,1787250415.004911423,state,0.0,0.0,0.0
1787250415.005018950,1787250415.004297972,state_stamped,0.0,0.0,0.0
1787250415.006818295,1787250415.006823540,command,0.0,0.0,0.0
1787250415.064831734,1787250415.064298391,state_stamped,0.0,0.0,0.0
1787250415.064879656,1787250415.064887524,state,0.0,0.0,0.0
1787250415.066516161,1787250415.066519499,command,0.0,0.0,0.0
1787250415.134847403,1787250415.134855509,state,0.0,0.0,0.0
1787250415.134914160,1787250415.134297848,state_stamped,0.0,0.0,0.0
1787250415.136434793,1787250415.136437178,command,0.0,0.0,0.0
1787250415.204856873,1787250415.204861879,state,0.0,0.0,0.0
1787250415.204976559,1787250415.204298019,state_stamped,0.0,0.0,0.0
1787250415.206517696,1787250415.206519842,command,0.0,0.0,0.0
1787250415.264839888,1787250415.264847755,state,0.0,0.0,0.0
1787250415.264970779,1787250415.264298201,state_stamped,0.0,0.0,0.0
1787250415.266513348,1787250415.266515493,command,0.0,0.0,0.0
1787250415.334750414,1787250415.334756851,state,0.0,0.0,0.0
1787250415.334819078,1787250415.334298611,state_stamped,0.0,0.0,0.0
1787250415.337344170,1787250415.337347507,command,0.0,0.0,0.0
1787250415.404866457,1787250415.404875517,state,0.0,0.0,0.0
1787250415.404927015,1787250415.404298067,state_stamped,0.0,0.0,0.0
1787250415.406990528,1787250415.406993866,command,0.0,0.0,0.0
1787250415.464812994,1787250415.464298248,state_stamped,0.0,0.0,0.0
1787250415.464849710,1787250415.464857578,state,0.0,0.0,0.0
1787250415.466489553,1787250415.466492891,command,0.0,0.0,0.0
1787250415.534778595,1787250415.534298420,state_stamped,0.0,0.0,0.0
1787250415.534816504,1787250415.534824610,state,0.0,0.0,0.0
1787250415.536457777,1787250415.536461353,command,0.0,0.0,0.0
1787250415.604959488,1787250415.604967356,state,0.0,0.0,0.0
1787250415.605015278,1787250415.604298115,state_stamped,0.0,0.0,0.0
1787250415.606855154,1787250415.606857777,command,0.0,0.0,0.0
1787250415.664931059,1787250415.664298058,state_stamped,0.0,0.0,0.0
1787250415.664968252,1787250415.664975882,state,0.0,0.0,0.0
1787250415.666818857,1787250415.666821003,command,0.0,0.0,0.0
1787250415.734696150,1787250415.734703064,state,0.0,0.0,0.0
1787250415.734748602,1787250415.734297752,state_stamped,0.0,0.0,0.0
1787250415.736407995,1787250415.736410618,command,0.0,0.0,0.0
1787250415.804780722,1787250415.804787159,state,0.0,0.0,0.0
1787250415.804892302,1787250415.804297686,state_stamped,0.0,0.0,0.0
1787250415.806486130,1787250415.806491137,command,0.0,0.0,0.0
1787250415.864944220,1787250415.864952564,state,0.0,0.0,0.0
1787250415.865000010,1787250415.864298344,state_stamped,0.0,0.0,0.0
1787250415.866840601,1787250415.866845608,command,0.0,0.0,0.0
1787250415.934768677,1787250415.934776545,state,0.0,0.0,0.0
1787250415.934832335,1787250415.934297800,state_stamped,0.0,0.0,0.0
1787250415.936404943,1787250415.936410189,command,0.0,0.0,0.0
1787250416.004820824,1787250416.004829407,state,0.0,0.0,0.0
1787250416.004960775,1787250416.004297972,state_stamped,0.0,0.0,0.0
1787250416.007085323,1787250416.007093668,command,0.0,0.0,0.0
1787250416.064782858,1787250416.064790726,state,0.0,0.0,0.0
1787250416.064914227,1787250416.064300537,state_stamped,0.0,0.0,0.0
1787250416.066606045,1787250416.066611052,command,0.0,0.0,0.0
1787250416.134755850,1787250416.134298086,state_stamped,0.0,0.0,0.0
1787250416.134803534,1787250416.134811878,state,0.0,0.0,0.0
1787250416.136425495,1787250416.136430264,command,0.0,0.0,0.0
1787250416.204950571,1787250416.204955816,state,0.0,0.0,0.0
1787250416.205071211,1787250416.204298496,state_stamped,0.0,0.0,0.0
1787250416.206832886,1787250416.206838131,command,0.0,0.0,0.0
1787250416.264971256,1787250416.264979124,state,0.0,0.0,0.0
1787250416.265102625,1787250416.264297724,state_stamped,0.0,0.0,0.0
1787250416.266861200,1787250416.266866446,command,0.0,0.0,0.0
1787250416.334919691,1787250416.334927320,state,0.0,0.0,0.0
1787250416.335036755,1787250416.334298611,state_stamped,0.0,0.0,0.0
1787250416.336783886,1787250416.336788654,command,0.0,0.0,0.0
1787250416.404963017,1787250416.404971361,state,0.0,0.0,0.0
1787250416.405089617,1787250416.404298067,state_stamped,0.0,0.0,0.0
1787250416.406854391,1787250416.406859636,command,0.0,0.0,0.0
1787250416.464812756,1787250416.464820623,state,0.0,0.0,0.0
1787250416.464943171,1787250416.464298010,state_stamped,0.0,0.0,0.0
1787250416.466530085,1787250416.466535091,command,0.0,0.0,0.0
1787250416.534831762,1787250416.534840107,state,0.0,0.0,0.0
1787250416.534938097,1787250416.534298182,state_stamped,0.0,0.0,0.0
1787250416.536481619,1787250416.536486626,command,0.0,0.0,0.0
1787250416.604835987,1787250416.604844093,state,0.0,0.0,0.0
1787250416.604921103,1787250416.604282379,state_stamped,0.0,0.0,0.0
1787250416.606587172,1787250416.606595039,command,0.0,0.0,0.0
1787250416.664812565,1787250416.664820671,state,0.0,0.0,0.0
1787250416.664943933,1787250416.664298296,state_stamped,0.0,0.0,0.0
1787250416.666559696,1787250416.666564941,command,0.0,0.0,0.0
1787250416.734758377,1787250416.734766483,state,0.0,0.0,0.0
1787250416.734874725,1787250416.734298229,state_stamped,0.0,0.0,0.0
1787250416.736455441,1787250416.736460447,command,0.0,0.0,0.0
1787250416.804805040,1787250416.804813147,state,0.0,0.0,0.0
1787250416.804872274,1787250416.804297924,state_stamped,0.0,0.0,0.0
1787250416.806530237,1787250416.806535482,command,0.0,0.0,0.0
1787250416.864801884,1787250416.864809990,state,0.0,0.0,0.0
1787250416.864919186,1787250416.864299059,state_stamped,0.0,0.0,0.0
1787250416.866483927,1787250416.866487503,command,0.0,0.0,0.0
1787250416.934811831,1787250416.934817553,state,0.0,0.0,0.0
1787250416.934906960,1787250416.934298038,state_stamped,0.0,0.0,0.0
1787250416.936445951,1787250416.936450958,command,0.0,0.0,0.0
1787250417.004782915,1787250417.004788637,state,0.0,0.0,0.0
1787250417.004889965,1787250417.004298210,state_stamped,0.0,0.0,0.0
1787250417.006734848,1787250417.006739855,command,0.0,0.0,0.0
1787250417.064772367,1787250417.064778090,state,0.0,0.0,0.0
1787250417.064892054,1787250417.064302206,state_stamped,0.0,0.0,0.0
1787250417.066516399,1787250417.066522598,command,0.0,0.0,0.0
1787250417.134765625,1787250417.134771109,state,0.0,0.0,0.0
1787250417.134823799,1787250417.134297848,state_stamped,0.0,0.0,0.0
1787250417.136392593,1787250417.136400461,command,0.0,0.0,0.0
1787250417.204912901,1787250417.204917431,state,0.0,0.0,0.0
1787250417.205028057,1787250417.204297781,state_stamped,0.0,0.0,0.0
1787250417.206831455,1787250417.206835032,command,0.0,0.0,0.0
1787250417.264846087,1787250417.264851809,state,0.0,0.0,0.0
1787250417.264964819,1787250417.264297962,state_stamped,0.0,0.0,0.0
1787250417.266803503,1787250417.266808987,command,0.0,0.0,0.0
1787250417.334804058,1787250417.334813118,state,0.0,0.0,0.0
1787250417.334874153,1787250417.334298372,state_stamped,0.0,0.0,0.0
1787250417.337415695,1787250417.337419510,command,0.0,0.0,0.0
1787250417.404787779,1787250417.404791594,state,0.0,0.0,0.0
1787250417.404829502,1787250417.404298306,state_stamped,0.0,0.0,0.0
1787250417.406899452,1787250417.406903028,command,0.0,0.0,0.0
1787250417.464770555,1787250417.464776278,state,0.0,0.0,0.0
1787250417.464818478,1787250417.464298964,state_stamped,0.0,0.0,0.0
1787250417.466772079,1787250417.466777563,command,0.0,0.0,0.0
1787250417.534760237,1787250417.534298182,state_stamped,0.0,0.0,0.0
1787250417.534795046,1787250417.534801006,state,0.0,0.0,0.0
1787250417.536714554,1787250417.536720037,command,0.0,0.0,0.0
1787250417.604742289,1787250417.604748011,state,0.0,0.0,0.0
1787250417.604788542,1787250417.604297876,state_stamped,0.0,0.0,0.0
1787250417.606612444,1787250417.606616259,command,0.0,0.0,0.0
1787250417.664741278,1787250417.664747000,state,0.0,0.0,0.0
1787250417.664787292,1787250417.664298296,state_stamped,0.0,0.0,0.0
1787250417.666458607,1787250417.666464090,command,0.0,0.0,0.0
1787250417.734719515,1787250417.734725475,state,0.0,0.0,0.0
1787250417.734765530,1787250417.734298468,state_stamped,0.0,0.0,0.0
1787250417.736737728,1787250417.736745834,command,0.0,0.0,0.0
1787250417.804742098,1787250417.804746151,state,0.0,0.0,0.0
1787250417.804782867,1787250417.804297924,state_stamped,0.0,0.0,0.0
1787250417.806459665,1787250417.806464911,command,0.0,0.0,0.0
1787250417.864747524,1787250417.864753246,state,0.0,0.0,0.0
1787250417.864837646,1787250417.864297867,state_stamped,0.0,0.0,0.0
1787250417.866503239,1787250417.866509199,command,0.0,0.0,0.0
1787250417.934732914,1787250417.934738636,state,0.0,0.0,0.0
1787250417.934835911,1787250417.934298277,state_stamped,0.0,0.0,0.0
1787250417.936741114,1787250417.936748981,command,0.0,0.0,0.0
1787250418.004868031,1787250418.004878521,state,0.0,0.0,0.0
1787250418.004922867,1787250418.004298687,state_stamped,0.0,0.0,0.0
1787250418.007570982,1787250418.007574797,command,0.0,0.0,0.0
1787250418.064869881,1787250418.064875126,state,0.0,0.0,0.0
1787250418.064908743,1787250418.064298868,state_stamped,0.0,0.0,0.0
1787250418.066704750,1787250418.066707373,command,0.0,0.0,0.0
1787250418.134931564,1787250418.134937048,state,0.0,0.0,0.0
1787250418.134973288,1787250418.134298086,state_stamped,0.0,0.0,0.0
1787250418.136696339,1787250418.136704683,command,0.0,0.0,0.0
1787250418.204809189,1787250418.204813480,state,0.0,0.0,0.0
1787250418.204884529,1787250418.204298258,state_stamped,0.0,0.0,0.0
1787250418.206555605,1787250418.206561089,command,0.0,0.0,0.0
1787250418.264877558,1787250418.264883280,state,0.0,0.0,0.0
1787250418.264930248,1787250418.264297962,state_stamped,0.0,0.0,0.0
1787250418.266624689,1787250418.266628981,command,0.0,0.0,0.0
1787250418.334759951,1787250418.334765673,state,0.0,0.0,0.0
1787250418.334806204,1787250418.334298134,state_stamped,0.0,0.0,0.0
1787250418.336498499,1787250418.336506367,command,0.0,0.0,0.0
1787250418.404834032,1787250418.404838562,state,0.0,0.0,0.0
1787250418.404876947,1787250418.404298306,state_stamped,0.0,0.0,0.0
1787250418.406575203,1787250418.406580210,command,0.0,0.0,0.0
1787250418.464866877,1787250418.464871883,state,0.0,0.0,0.0
1787250418.464905024,1787250418.464298487,state_stamped,0.0,0.0,0.0
1787250418.466621161,1787250418.466627121,command,0.0,0.0,0.0
1787250418.534857512,1787250418.534298182,state_stamped,0.0,0.0,0.0
1787250418.534900665,1787250418.534909010,state,0.0,0.0,0.0
1787250418.536584854,1787250418.536590338,command,0.0,0.0,0.0
1787250418.604887009,1787250418.604892015,state,0.0,0.0,0.0
1787250418.604933262,1787250418.604298115,state_stamped,0.0,0.0,0.0
1787250418.606609821,1787250418.606615067,command,0.0,0.0,0.0
1787250418.664907932,1787250418.664915800,state,0.0,0.0,0.0
1787250418.664988995,1787250418.664298773,state_stamped,0.0,0.0,0.0
1787250418.666642189,1787250418.666647911,command,0.0,0.0,0.0
1787250418.734913826,1787250418.734919786,state,0.0,0.0,0.0
1787250418.734975815,1787250418.734297991,state_stamped,0.0,0.0,0.0
1787250418.736882687,1787250418.736890554,command,0.0,0.0,0.0
1787250418.804858446,1787250418.804862499,state,0.0,0.0,0.0
1787250418.804898977,1787250418.804298401,state_stamped,0.0,0.0,0.0
1787250418.806566000,1787250418.806571007,command,0.0,0.0,0.0
1787250418.864852190,1787250418.864857674,state,0.0,0.0,0.0
1787250418.864897013,1787250418.864297867,state_stamped,0.0,0.0,0.0
1787250418.866558790,1787250418.866564274,command,0.0,0.0,0.0
1787250418.934862375,1787250418.934297800,state_stamped,0.0,0.0,0.0
1787250418.934905767,1787250418.934914112,state,0.0,0.0,0.0
1787250418.936563015,1787250418.936571121,command,0.0,0.0,0.0
1787250419.004844427,1787250419.004850149,state,0.0,0.0,0.0
1787250419.004935026,1787250419.004297972,state_stamped,0.0,0.0,0.0
1787250419.006730795,1787250419.006733894,command,0.0,0.0,0.0
1787250419.064904928,1787250419.064912558,state,0.0,0.0,0.0
1787250419.064993382,1787250419.064302444,state_stamped,0.0,0.0,0.0
1787250419.066651821,1787250419.066658020,command,0.0,0.0,0.0
1787250419.134792566,1787250419.134798050,state,0.0,0.0,0.0
1787250419.134837866,1787250419.134298325,state_stamped,0.0,0.0,0.0
1787250419.136548042,1787250419.136556149,command,0.0,0.0,0.0
1787250419.204858065,1787250419.204864025,state,0.0,0.0,0.0
1787250419.204906940,1787250419.204298258,state_stamped,0.0,0.0,0.0
1787250419.206502199,1787250419.206507206,command,0.0,0.0,0.0
1787250419.264843702,1787250419.264852047,state,0.0,0.0,0.0
1787250419.264940500,1787250419.264298677,state_stamped,0.0,0.0,0.0
1787250419.266570807,1787250419.266576290,command,0.0,0.0,0.0
1787250419.334841967,1787250419.334300280,state_stamped,0.0,0.0,0.0
1787250419.334869862,1787250419.334876299,state,0.0,0.0,0.0
1787250419.336899042,1787250419.336904764,command,0.0,0.0,0.0
1787250419.404911518,1787250419.404298306,state_stamped,0.0,0.0,0.0
1787250419.404944658,1787250419.404950619,state,0.0,0.0,0.0
1787250419.407624245,1787250419.407627583,command,0.0,0.0,0.0
1787250419.464944363,1787250419.464950323,state,0.0,0.0,0.0
1787250419.464987278,1787250419.464298248,state_stamped,0.0,0.0,0.0
1787250419.466672182,1787250419.466675282,command,0.0,0.0,0.0
1787250419.534881592,1787250419.534298420,state_stamped,0.0,0.0,0.0
1787250419.534913063,1787250419.534919024,state,0.0,0.0,0.0
1787250419.536608696,1787250419.536612511,command,0.0,0.0,0.0
1787250419.604861259,1787250419.604866028,state,0.0,0.0,0.0
1787250419.604907513,1787250419.604297876,state_stamped,0.0,0.0,0.0
1787250419.606560469,1787250419.606566191,command,0.0,0.0,0.0
1787250419.664908171,1787250419.664916515,state,0.0,0.0,0.0
1787250419.664969921,1787250419.664298296,state_stamped,0.0,0.0,0.0
1787250419.666579485,1787250419.666585207,command,0.0,0.0,0.0
1787250419.734930277,1787250419.734938383,state,0.0,0.0,0.0
1787250419.734992981,1787250419.734298229,state_stamped,0.0,0.0,0.0
1787250419.736597776,1787250419.736605883,command,0.0,0.0,0.0
1787250419.804906130,1787250419.804910898,state,0.0,0.0,0.0
1787250419.804950714,1787250419.804297924,state_stamped,0.0,0.0,0.0
1787250419.806541204,1787250419.806547880,command,0.0,0.0,0.0
1787250419.864824533,1787250419.864827394,state,0.0,0.0,0.0
1787250419.864861012,1787250419.864298105,state_stamped,0.0,0.0,0.0
1787250419.866471052,1787250419.866479397,command,0.0,0.0,0.0
1787250419.934885740,1787250419.934888124,state,0.0,0.0,0.0
1787250419.934916496,1787250419.934298277,state_stamped,0.0,0.0,0.0
1787250419.936564922,1787250419.936574936,command,0.0,0.0,0.0
1787250420.004910231,1787250420.004917145,state,0.0,0.0,0.0
1787250420.004956961,1787250420.004297972,state_stamped,0.0,0.0,0.0
1787250420.007029057,1787250420.007036686,command,0.0,0.0,0.0
1787250420.064937830,1787250420.064940691,state,0.0,0.0,0.0
1787250420.064967394,1787250420.064298391,state_stamped,0.0,0.0,0.0
1787250420.066679478,1787250420.066687584,command,0.0,0.0,0.0
1787250420.134811401,1787250420.134814024,state,0.0,0.0,0.0
1787250420.134839296,1787250420.134298086,state_stamped,0.0,0.0,0.0
1787250420.136485100,1787250420.136493683,command,0.0,0.0,0.0
1787250420.204842806,1787250420.204844952,state,0.0,0.0,0.0
1787250420.204878807,1787250420.204298019,state_stamped,0.0,0.0,0.0
1787250420.206519127,1787250420.206526756,command,0.0,0.0,0.0
1787250420.264841557,1787250420.264843702,state,0.0,0.0,0.0
1787250420.264875412,1787250420.264298677,state_stamped,0.0,0.0,0.0
1787250420.266509056,1787250420.266516685,command,0.0,0.0,0.0
1787250420.334921122,1787250420.334923744,state,0.0,0.0,0.0
1787250420.334958553,1787250420.334298372,state_stamped,0.0,0.0,0.0
1787250420.336621046,1787250420.336629391,command,0.0,0.0,0.0
1787250420.404959202,1787250420.404962540,state,0.0,0.0,0.0
1787250420.404999495,1787250420.404297829,state_stamped,0.0,0.0,0.0
1787250420.406600237,1787250420.406605482,command,0.0,0.0,0.0
1787250420.464956522,1787250420.464959860,state,0.0,0.0,0.0
1787250420.464995861,1787250420.464297771,state_stamped,0.0,0.0,0.0
1787250420.466612577,1787250420.466618061,command,0.0,0.0,0.0
1787250420.534888268,1787250420.534891605,state,0.0,0.0,0.0
1787250420.534927130,1787250420.534298420,state_stamped,0.0,0.0,0.0
1787250420.536607742,1787250420.536616564,command,0.0,0.0,0.0
1787250420.604915380,1787250420.604920387,state,0.0,0.0,0.0
1787250420.604974031,1787250420.604298353,state_stamped,0.0,0.0,0.0
1787250420.606614828,1787250420.606622458,command,0.0,0.0,0.0
1787250420.664980173,1787250420.664984941,state,0.0,0.0,0.0
1787250420.665023565,1787250420.664298058,state_stamped,0.0,0.0,0.0
1787250420.666607380,1787250420.666612625,command,0.0,0.0,0.0
1787250420.734831333,1787250420.734836340,state,0.0,0.0,0.0
1787250420.734914780,1787250420.734297752,state_stamped,0.0,0.0,0.0
1787250420.736477375,1787250420.736482859,command,0.0,0.0,0.0
1787250420.804925919,1787250420.804931641,state,0.0,0.0,0.0
1787250420.805010796,1787250420.804298162,state_stamped,0.0,0.0,0.0
1787250420.806886435,1787250420.806891203,command,0.0,0.0,0.0
1787250420.864902973,1787250420.864298344,state_stamped,0.0,0.0,0.0
1787250420.864962339,1787250420.864971161,state,0.0,0.0,0.0
1787250420.866885662,1787250420.866889000,command,0.0,0.0,0.0
1787250420.934778690,1787250420.934298038,state_stamped,0.0,0.0,0.0
1787250420.934833765,1787250420.934841871,state,0.0,0.0,0.0
1787250420.936769962,1787250420.936775208,command,0.0,0.0,0.0
1787250421.005095482,1787250421.005105734,state,0.0,0.0,0.0
1787250421.005172968,1787250421.004298449,state_stamped,0.0,0.0,0.0
1787250421.009044886,1787250421.009055138,command,0.0,0.0,0.0
1787250421.064817905,1787250421.064826012,state,0.0,0.0,0.0
1787250421.064874172,1787250421.064298391,state_stamped,0.0,0.0,0.0
1787250421.067883730,1787250421.067892551,command,0.0,0.0,0.0
1787250421.134750366,1787250421.134756804,state,0.0,0.0,0.0
1787250421.134848118,1787250421.134298563,state_stamped,0.0,0.0,0.0
1787250421.136649132,1787250421.136657715,command,0.0,0.0,0.0
1787250421.204798937,1787250421.204804420,state,0.0,0.0,0.0
1787250421.204870939,1787250421.204298258,state_stamped,0.0,0.0,0.0
1787250421.206925869,1787250421.206932306,command,0.0,0.0,0.0
1787250421.264820576,1787250421.264825821,state,0.0,0.0,0.0
1787250421.264873028,1787250421.264298201,state_stamped,0.0,0.0,0.0
1787250421.266649246,1787250421.266657114,command,0.0,0.0,0.0
1787250421.334728003,1787250421.334736109,state,0.0,0.0,0.0
1787250421.334791422,1787250421.334297895,state_stamped,0.0,0.0,0.0
1787250421.336522102,1787250421.336527824,command,0.0,0.0,0.0
1787250421.404822826,1787250421.404298306,state_stamped,0.0,0.0,0.0
1787250421.404878139,1787250421.404885769,state,0.0,0.0,0.0
1787250421.407492161,1787250421.407497406,command,0.0,0.0,0.0
1787250421.464780569,1787250421.464785814,state,0.0,0.0,0.0
1787250421.464844227,1787250421.464297771,state_stamped,0.0,0.0,0.0
1787250421.466727018,1787250421.466732502,command,0.0,0.0,0.0
1787250421.534888506,1787250421.534893751,state,0.0,0.0,0.0
1787250421.534941673,1787250421.534297943,state_stamped,0.0,0.0,0.0
1787250421.536623955,1787250421.536632061,command,0.0,0.0,0.0
1787250421.604896545,1787250421.604903936,state,0.0,0.0,0.0
1787250421.604974747,1787250421.604297876,state_stamped,0.0,0.0,0.0
1787250421.606614113,1787250421.606619358,command,0.0,0.0,0.0
1787250421.664916992,1787250421.664922953,state,0.0,0.0,0.0
1787250421.664964437,1787250421.664298058,state_stamped,0.0,0.0,0.0
1787250421.666747570,1787250421.666755676,command,0.0,0.0,0.0
1787250421.734863281,1787250421.734868765,state,0.0,0.0,0.0
1787250421.734912157,1787250421.734297991,state_stamped,0.0,0.0,0.0
1787250421.736626863,1787250421.736635208,command,0.0,0.0,0.0
1787250421.804953098,1787250421.804298162,state_stamped,0.0,0.0,0.0
1787250421.804999113,1787250421.805007458,state,0.0,0.0,0.0
1787250421.806666851,1787250421.806671858,command,0.0,0.0,0.0
1787250421.864818573,1787250421.864824295,state,0.0,0.0,0.0
1787250421.864864349,1787250421.864298105,state_stamped,0.0,0.0,0.0
1787250421.866531610,1787250421.866536856,command,0.0,0.0,0.0
1787250421.934811592,1787250421.934818268,state,0.0,0.0,0.0
1787250421.934866190,1787250421.934297800,state_stamped,0.0,0.0,0.0
1787250421.936455488,1787250421.936461210,command,0.0,0.0,0.0
1787250422.004904747,1787250422.004910946,state,0.0,0.0,0.0
1787250422.005004883,1787250422.004298210,state_stamped,0.0,0.0,0.0
1787250422.007123232,1787250422.007130861,command,0.0,0.0,0.0
1787250422.064881325,1787250422.064297915,state_stamped,0.0,0.0,0.0
1787250422.064935684,1787250422.064941645,state,0.0,0.0,0.0
1787250422.066606998,1787250422.066612244,command,0.0,0.0,0.0
1787250422.134769440,1787250422.134774446,state,0.0,0.0,0.0
1787250422.134825706,1787250422.134298325,state_stamped,0.0,0.0,0.0
1787250422.136746168,1787250422.136752129,command,0.0,0.0,0.0
1787250422.204983473,1787250422.204988718,state,0.0,0.0,0.0
1787250422.205036402,1787250422.204298258,state_stamped,0.0,0.0,0.0
1787250422.206711769,1787250422.206717968,command,0.0,0.0,0.0
1787250422.264822006,1787250422.264826775,state,0.0,0.0,0.0
1787250422.264874458,1787250422.264299393,state_stamped,0.0,0.0,0.0
1787250422.266782999,1787250422.266788721,command,0.0,0.0,0.0
1787250422.334705591,1787250422.334710598,state,0.0,0.0,0.0
1787250422.334749222,1787250422.334298372,state_stamped,0.0,0.0,0.0
1787250422.336477041,1787250422.336484909,command,0.0,0.0,0.0
1787250422.404830694,1787250422.404836416,state,0.0,0.0,0.0
1787250422.404875278,1787250422.404298067,state_stamped,0.0,0.0,0.0
1787250422.406573296,1787250422.406579018,command,0.0,0.0,0.0
1787250422.464781046,1787250422.464788914,state,0.0,0.0,0.0
1787250422.464846611,1787250422.464298010,state_stamped,0.0,0.0,0.0
1787250422.466846466,1787250422.466856241,command,0.0,0.0,0.0
1787250422.534700394,1787250422.534706831,state,0.0,0.0,0.0
1787250422.534760714,1787250422.534298897,state_stamped,0.0,0.0,0.0
1787250422.536702871,1787250422.536709070,command,0.0,0.0,0.0
1787250422.604781628,1787250422.604787111,state,0.0,0.0,0.0
1787250422.604837418,1787250422.604298115,state_stamped,0.0,0.0,0.0
1787250422.606612682,1787250422.606618643,command,0.0,0.0,0.0
1787250422.664880753,1787250422.664886236,state,0.0,0.0,0.0
1787250422.664936304,1787250422.664299011,state_stamped,0.0,0.0,0.0
1787250422.666900396,1787250422.666908979,command,0.0,0.0,0.0
1787250422.734858751,1787250422.734862089,state,0.0,0.0,0.0
1787250422.734903097,1787250422.734297991,state_stamped,0.0,0.0,0.0
1787250422.736938000,1787250422.736946106,command,0.0,0.0,0.0
1787250422.804920435,1787250422.804925919,state,0.0,0.0,0.0
1787250422.804974318,1787250422.804298401,state_stamped,0.0,0.0,0.0
1787250422.806688070,1787250422.806693554,command,0.0,0.0,0.0
1787250422.864825487,1787250422.864833593,state,0.0,0.0,0.0
1787250422.864928961,1787250422.864298344,state_stamped,0.0,0.0,0.0
1787250422.866512537,1787250422.866518497,command,0.0,0.0,0.0
1787250422.934852123,1787250422.934857130,state,0.0,0.0,0.0
1787250422.934904337,1787250422.934298277,state_stamped,0.0,0.0,0.0
1787250422.936570883,1787250422.936579227,command,0.0,0.0,0.0
1787250423.004950047,1787250423.004957676,state,0.0,0.0,0.0
1787250423.005016327,1787250423.004297733,state_stamped,0.0,0.0,0.0
1787250423.007290602,1787250423.007298470,command,0.0,0.0,0.0
1787250423.064773798,1787250423.064297915,state_stamped,0.0,0.0,0.0
1787250423.064816713,1787250423.064824343,state,0.0,0.0,0.0
1787250423.066551208,1787250423.066559553,command,0.0,0.0,0.0
1787250423.134809971,1787250423.134813070,state,0.0,0.0,0.0
1787250423.134857893,1787250423.134298086,state_stamped,0.0,0.0,0.0
1787250423.136589527,1787250423.136597872,command,0.0,0.0,0.0
1787250423.204883337,1787250423.204889059,state,0.0,0.0,0.0
1787250423.204980850,1787250423.204298019,state_stamped,0.0,0.0,0.0
1787250423.206637621,1787250423.206642866,command,0.0,0.0,0.0
1787250423.264728546,1787250423.264735699,state,0.0,0.0,0.0
1787250423.264831543,1787250423.264298201,state_stamped,0.0,0.0,0.0
1787250423.266367435,1787250423.266373396,command,0.0,0.0,0.0
1787250423.334662676,1787250423.334666252,state,0.0,0.0,0.0
1787250423.334711552,1787250423.334297895,state_stamped,0.0,0.0,0.0
1787250423.336375237,1787250423.336380720,command,0.0,0.0,0.0
1787250423.404834747,1787250423.404843092,state,0.0,0.0,0.0
1787250423.404897213,1787250423.404298306,state_stamped,0.0,0.0,0.0
1787250423.407447100,1787250423.407452106,command,0.0,0.0,0.0
1787250423.464773655,1787250423.464781523,state,0.0,0.0,0.0
1787250423.464839458,1787250423.464298248,state_stamped,0.0,0.0,0.0
1787250423.466981411,1787250423.466986895,command,0.0,0.0,0.0
1787250423.534707308,1787250423.534711361,state,0.0,0.0,0.0
1787250423.534789085,1787250423.534298420,state_stamped,0.0,0.0,0.0
1787250423.536903143,1787250423.536911726,command,0.0,0.0,0.0
1787250423.604816914,1787250423.604824543,state,0.0,0.0,0.0
1787250423.604880810,1787250423.604298115,state_stamped,0.0,0.0,0.0
1787250423.606905460,1787250423.606913090,command,0.0,0.0,0.0
1787250423.664781332,1787250423.664784431,state,0.0,0.0,0.0
1787250423.664832830,1787250423.664297819,state_stamped,0.0,0.0,0.0
1787250423.666819096,1787250423.666826725,command,0.0,0.0,0.0
1787250423.734712839,1787250423.734716177,state,0.0,0.0,0.0
1787250423.734807968,1787250423.734297991,state_stamped,0.0,0.0,0.0
1787250423.736822367,1787250423.736828089,command,0.0,0.0,0.0
1787250423.804783344,1787250423.804786205,state,0.0,0.0,0.0
1787250423.804870129,1787250423.804297924,state_stamped,0.0,0.0,0.0
1787250423.806876659,1787250423.806880713,command,0.0,0.0,0.0
1787250423.864782572,1787250423.864785194,state,0.0,0.0,0.0
1787250423.864862680,1787250423.864298344,state_stamped,0.0,0.0,0.0
1787250423.866869211,1787250423.866874933,command,0.0,0.0,0.0
1787250423.934731722,1787250423.934734583,state,0.0,0.0,0.0
1787250423.934789181,1787250423.934298038,state_stamped,0.0,0.0,0.0
1787250423.937115908,1787250423.937124252,command,0.0,0.0,0.0
1787250424.004978895,1787250424.004987240,state,0.0,0.0,0.0
1787250424.005046844,1787250424.004298210,state_stamped,0.0,0.0,0.0
1787250424.007223129,1787250424.007228374,command,0.0,0.0,0.0
1787250424.064816952,1787250424.064821720,state,0.0,0.0,0.0
1787250424.064889669,1787250424.064297915,state_stamped,0.0,0.0,0.0
1787250424.066597462,1787250424.066605568,command,0.0,0.0,0.0
1787250424.134848595,1787250424.134855747,state,0.0,0.0,0.0
1787250424.134912014,1787250424.134298086,state_stamped,0.0,0.0,0.0
1787250424.136573076,1787250424.136578798,command,0.0,0.0,0.0
1787250424.204849720,1787250424.204853296,state,0.0,0.0,0.0
1787250424.204895973,1787250424.204298496,state_stamped,0.0,0.0,0.0
1787250424.206849337,1787250424.206854343,command,0.0,0.0,0.0
1787250424.264842033,1787250424.264844894,state,0.0,0.0,0.0
1787250424.264889956,1787250424.264298201,state_stamped,0.0,0.0,0.0
1787250424.266852856,1787250424.266861200,command,0.0,0.0,0.0
1787250424.334878445,1787250424.334881306,state,0.0,0.0,0.0
1787250424.334928274,1787250424.334297895,state_stamped,0.0,0.0,0.0
1787250424.336602449,1787250424.336607933,command,0.0,0.0,0.0
1787250424.404893398,1787250424.404895782,state,0.0,0.0,0.0
1787250424.404942513,1787250424.404297829,state_stamped,0.0,0.0,0.0
1787250424.406600237,1787250424.406605482,command,0.0,0.0,0.0
1787250424.464895964,1787250424.464898109,state,0.0,0.0,0.0
1787250424.464946985,1787250424.464298248,state_stamped,0.0,0.0,0.0
1787250424.466609955,1787250424.466618061,command,0.0,0.0,0.0
1787250424.534686804,1787250424.534689426,state,0.0,0.0,0.0
1787250424.534778833,1787250424.534298182,state_stamped,0.0,0.0,0.0
1787250424.536377192,1787250424.536382437,command,0.0,0.0,0.0
1787250424.604873419,1787250424.604875565,state,0.0,0.0,0.0
1787250424.604950190,1787250424.604298353,state_stamped,0.0,0.0,0.0
1787250424.606851101,1787250424.606856108,command,0.0,0.0,0.0
1787250424.664757252,1787250424.664759636,state,0.0,0.0,0.0
1787250424.664791346,1787250424.664297819,state_stamped,0.0,0.0,0.0
1787250424.666511297,1787250424.666519880,command,0.0,0.0,0.0
1787250424.734881163,1787250424.734884977,state,0.0,0.0,0.0
1787250424.734931707,1787250424.734297991,state_stamped,0.0,0.0,0.0
1787250424.736587048,1787250424.736592531,command,0.0,0.0,0.0
1787250424.804898024,1787250424.804901123,state,0.0,0.0,0.0
1787250424.804942369,1787250424.804297686,state_stamped,0.0,0.0,0.0
1787250424.806592464,1787250424.806597948,command,0.0,0.0,0.0
1787250424.864907026,1787250424.864909887,state,0.0,0.0,0.0
1787250424.864955187,1787250424.864298105,state_stamped,0.0,0.0,0.0
1787250424.866636515,1787250424.866644621,command,0.0,0.0,0.0
1787250424.934842825,1787250424.934846163,state,0.0,0.0,0.0
1787250424.934888601,1787250424.934297800,state_stamped,0.0,0.0,0.0
1787250424.936554909,1787250424.936560869,command,0.0,0.0,0.0
1787250425.004943132,1787250425.004951477,state,0.0,0.0,0.0
1787250425.005006552,1787250425.004298210,state_stamped,0.0,0.0,0.0
1787250425.006905794,1787250425.006911516,command,0.0,0.0,0.0
1787250425.064932346,1787250425.064936638,state,0.0,0.0,0.0
1787250425.064974546,1787250425.064298391,state_stamped,0.0,0.0,0.0
1787250425.066671371,1787250425.066676140,command,0.0,0.0,0.0
1787250425.134713173,1787250425.134716511,state,0.0,0.0,0.0
1787250425.134760618,1787250425.134298086,state_stamped,0.0,0.0,0.0
1787250425.136428118,1787250425.136443615,command,0.0,0.0,0.0
1787250425.204747200,1787250425.204750776,state,0.0,0.0,0.0
1787250425.204795599,1787250425.204298019,state_stamped,0.0,0.0,0.0
1787250425.206851721,1787250425.206859589,command,0.0,0.0,0.0
1787250425.264742851,1787250425.264745951,state,0.0,0.0,0.0
1787250425.264794588,1787250425.264298201,state_stamped,0.0,0.0,0.0
1787250425.266907215,1787250425.266915321,command,0.0,0.0,0.0
1787250425.334672689,1787250425.334675789,state,0.0,0.0,0.0
1787250425.334721804,1787250425.334298134,state_stamped,0.0,0.0,0.0
1787250425.336478710,1787250425.336483955,command,0.0,0.0,0.0
1787250425.404857635,1787250425.404866219,state,0.0,0.0,0.0
1787250425.404970169,1787250425.404298782,state_stamped,0.0,0.0,0.0
1787250425.407444954,1787250425.407450914,command,0.0,0.0,0.0
1787250425.464971066,1787250425.464975595,state,0.0,0.0,0.0
1787250425.465023994,1787250425.464298248,state_stamped,0.0,0.0,0.0
1787250425.467193365,1787250425.467201948,command,0.0,0.0,0.0
1787250425.534862995,1787250425.534867525,state,0.0,0.0,0.0
1787250425.534912825,1787250425.534298420,state_stamped,0.0,0.0,0.0
1787250425.536714554,1787250425.536722660,command,0.0,0.0,0.0
1787250425.604786634,1787250425.604789734,state,0.0,0.0,0.0
1787250425.604884624,1787250425.604298115,state_stamped,0.0,0.0,0.0
1787250425.606905699,1787250425.606913805,command,0.0,0.0,0.0
1787250425.664834023,1787250425.664838076,state,0.0,0.0,0.0
1787250425.664874792,1787250425.664298296,state_stamped,0.0,0.0,0.0
1787250425.666980505,1787250425.666989088,command,0.0,0.0,0.0
1787250425.734783411,1787250425.734789371,state,0.0,0.0,0.0
1787250425.734867096,1787250425.734297752,state_stamped,0.0,0.0,0.0
1787250425.736925125,1787250425.736933470,command,0.0,0.0,0.0
1787250425.804964066,1787250425.804966927,state,0.0,0.0,0.0
1787250425.805014610,1787250425.804298162,state_stamped,0.0,0.0,0.0
1787250425.807044506,1787250425.807053089,command,0.0,0.0,0.0
1787250425.864834785,1787250425.864837170,state,0.0,0.0,0.0
1787250425.864931822,1787250425.864298344,state_stamped,0.0,0.0,0.0
1787250425.866923571,1787250425.866928577,command,0.0,0.0,0.0
1787250425.934758663,1787250425.934761763,state,0.0,0.0,0.0
1787250425.934806108,1787250425.934298277,state_stamped,0.0,0.0,0.0
1787250425.936900139,1787250425.936908245,command,0.0,0.0,0.0
1787250426.004991531,1787250426.004997492,state,0.0,0.0,0.0
1787250426.005066395,1787250426.004298449,state_stamped,0.0,0.0,0.0
1787250426.007550001,1787250426.007557869,command,0.0,0.0,0.0
1787250426.064918280,1787250426.064921856,state,0.0,0.0,0.0
1787250426.064964771,1787250426.064298153,state_stamped,0.0,0.0,0.0
1787250426.067032814,1787250426.067040443,command,0.0,0.0,0.0
1787250426.134857416,1787250426.134860516,state,0.0,0.0,0.0
1787250426.134957790,1787250426.134298325,state_stamped,0.0,0.0,0.0
1787250426.136980534,1787250426.136988640,command,0.0,0.0,0.0
1787250426.204916716,1787250426.204919338,state,0.0,0.0,0.0
1787250426.204967022,1787250426.204298019,state_stamped,0.0,0.0,0.0
1787250426.207000732,1787250426.207009077,command,0.0,0.0,0.0
1787250426.264756441,1787250426.264759541,state,0.0,0.0,0.0
1787250426.264843941,1787250426.264298201,state_stamped,0.0,0.0,0.0
1787250426.266893148,1787250426.266901255,command,0.0,0.0,0.0
1787250426.334700584,1787250426.334703207,state,0.0,0.0,0.0
1787250426.334750175,1787250426.334298849,state_stamped,0.0,0.0,0.0
1787250426.336531162,1787250426.336538792,command,0.0,0.0,0.0
1787250426.404743671,1787250426.404746294,state,0.0,0.0,0.0
1787250426.404793262,1787250426.404297829,state_stamped,0.0,0.0,0.0
1787250426.406566143,1787250426.406571865,command,0.0,0.0,0.0
1787250426.464762688,1787250426.464764833,state,0.0,0.0,0.0
1787250426.464813232,1787250426.464298010,state_stamped,0.0,0.0,0.0
1787250426.466605425,1787250426.466613293,command,0.0,0.0,0.0
1787250426.534669876,1787250426.534672737,state,0.0,0.0,0.0
1787250426.534751892,1787250426.534298182,state_stamped,0.0,0.0,0.0
1787250426.536502123,1787250426.536507368,command,0.0,0.0,0.0
1787250426.604743481,1787250426.604747057,state,0.0,0.0,0.0
1787250426.604790926,1787250426.604298592,state_stamped,0.0,0.0,0.0
1787250426.606545687,1787250426.606553793,command,0.0,0.0,0.0
1787250426.664765835,1787250426.664769173,state,0.0,0.0,0.0
1787250426.664805889,1787250426.664298773,state_stamped,0.0,0.0,0.0
1787250426.666581869,1787250426.666589737,command,0.0,0.0,0.0
1787250426.734681368,1787250426.734685421,state,0.0,0.0,0.0
1787250426.734728813,1787250426.734297991,state_stamped,0.0,0.0,0.0
1787250426.736529827,1787250426.736538410,command,0.0,0.0,0.0
1787250426.804742575,1787250426.804745913,state,0.0,0.0,0.0
1787250426.804789543,1787250426.804297686,state_stamped,0.0,0.0,0.0
1787250426.806550264,1787250426.806558609,command,0.0,0.0,0.0
1787250426.864735603,1787250426.864739418,state,0.0,0.0,0.0
1787250426.864809990,1787250426.864297867,state_stamped,0.0,0.0,0.0
1787250426.866525650,1787250426.866530657,command,0.0,0.0,0.0
1787250426.934670687,1787250426.934674740,state,0.0,0.0,0.0
1787250426.934759855,1787250426.934297800,state_stamped,0.0,0.0,0.0
1787250426.936465740,1787250426.936474085,command,0.0,0.0,0.0
1787250427.004954815,1787250427.004963398,state,0.0,0.0,0.0
1787250427.005024672,1787250427.004298449,state_stamped,0.0,0.0,0.0
1787250427.007574320,1787250427.007582664,command,0.0,0.0,0.0
1787250427.064920425,1787250427.064924955,state,0.0,0.0,0.0
1787250427.065009356,1787250427.064298153,state_stamped,0.0,0.0,0.0
1787250427.067017794,1787250427.067025661,command,0.0,0.0,0.0
1787250427.134854794,1787250427.134858131,state,0.0,0.0,0.0
1787250427.134902239,1787250427.134298325,state_stamped,0.0,0.0,0.0
1787250427.136943340,1787250427.136952162,command,0.0,0.0,0.0
1787250427.204898119,1787250427.204900980,state,0.0,0.0,0.0
1787250427.204987764,1787250427.204297781,state_stamped,0.0,0.0,0.0
1787250427.206992865,1787250427.206997871,command,0.0,0.0,0.0
1787250427.264798403,1787250427.264803410,state,0.0,0.0,0.0
1787250427.264861584,1787250427.264298201,state_stamped,0.0,0.0,0.0
1787250427.266651630,1787250427.266656399,command,0.0,0.0,0.0
1787250427.334815264,1787250427.334819317,state,0.0,0.0,0.0
1787250427.334878922,1787250427.334297895,state_stamped,0.0,0.0,0.0
1787250427.336955786,1787250427.336961508,command,0.0,0.0,0.0
1787250427.404871702,1787250427.404880047,state,0.0,0.0,0.0
1787250427.404926300,1787250427.404297590,state_stamped,0.0,0.0,0.0
1787250427.406723738,1787250427.406728029,command,0.0,0.0,0.0
1787250427.464779854,1787250427.464786291,state,0.0,0.0,0.0
1787250427.464824677,1787250427.464298248,state_stamped,0.0,0.0,0.0
1787250427.467102289,1787250427.467107296,command,0.0,0.0,0.0
1787250427.534801245,1787250427.534806490,state,0.0,0.0,0.0
1787250427.534847498,1787250427.534298182,state_stamped,0.0,0.0,0.0
1787250427.536674738,1787250427.536679029,command,0.0,0.0,0.0
1787250427.604890347,1787250427.604297876,state_stamped,0.0,0.0,0.0
1787250427.604942799,1787250427.604951143,state,0.0,0.0,0.0
1787250427.606602430,1787250427.606607676,command,0.0,0.0,0.0
1787250427.664881706,1787250427.664889574,state,0.0,0.0,0.0
1787250427.664935350,1787250427.664298058,state_stamped,0.0,0.0,0.0
1787250427.666633368,1787250427.666638851,command,0.0,0.0,0.0
1787250427.734894753,1787250427.734899521,state,0.0,0.0,0.0
1787250427.734948397,1787250427.734297752,state_stamped,0.0,0.0,0.0
1787250427.736665249,1787250427.736671448,command,0.0,0.0,0.0
1787250427.804973841,1787250427.804979801,state,0.0,0.0,0.0
1787250427.805030107,1787250427.804298162,state_stamped,0.0,0.0,0.0
1787250427.806880951,1787250427.806889296,command,0.0,0.0,0.0
1787250427.864953279,1787250427.864958525,state,0.0,0.0,0.0
1787250427.864996672,1787250427.864298582,state_stamped,0.0,0.0,0.0
1787250427.866781950,1787250427.866790295,command,0.0,0.0,0.0
1787250427.934864998,1787250427.934867859,state,0.0,0.0,0.0
1787250427.934911728,1787250427.934298038,state_stamped,0.0,0.0,0.0
1787250427.936709404,1787250427.936717272,command,0.0,0.0,0.0
1787250428.004944563,1787250428.004950285,state,0.0,0.0,0.0
1787250428.004999399,1787250428.004297733,state_stamped,0.0,0.0,0.0
1787250428.006887436,1787250428.006892443,command,0.0,0.0,0.0
1787250428.064817667,1787250428.064821005,state,0.0,0.0,0.0
1787250428.064855099,1787250428.064297915,state_stamped,0.0,0.0,0.0
1787250428.066538811,1787250428.066543818,command,0.0,0.0,0.0
1787250428.134698153,1787250428.134701014,state,0.0,0.0,0.0
1787250428.134746313,1787250428.134298086,state_stamped,0.0,0.0,0.0
1787250428.136436939,1787250428.136444330,command,0.0,0.0,0.0
1787250428.204785347,1787250428.204787970,state,0.0,0.0,0.0
1787250428.204864979,1787250428.204298019,state_stamped,0.0,0.0,0.0
1787250428.206611633,1787250428.206619740,command,0.0,0.0,0.0
1787250428.264899015,1787250428.264902115,state,0.0,0.0,0.0
1787250428.264935017,1787250428.264298201,state_stamped,0.0,0.0,0.0
1787250428.267010927,1787250428.267018318,command,0.0,0.0,0.0
1787250428.334733963,1787250428.334736586,state,0.0,0.0,0.0
1787250428.334808350,1787250428.334299088,state_stamped,0.0,0.0,0.0
1787250428.336581707,1787250428.336589336,command,0.0,0.0,0.0
1787250428.404889822,1787250428.404892206,state,0.0,0.0,0.0
1787250428.404935360,1787250428.404298306,state_stamped,0.0,0.0,0.0
1787250428.407010317,1787250428.407015085,command,0.0,0.0,0.0
1787250428.464889526,1787250428.464891911,state,0.0,0.0,0.0
1787250428.464921951,1787250428.464287996,state_stamped,0.0,0.0,0.0
1787250428.466981649,1787250428.466989756,command,0.0,0.0,0.0
1787250428.534871340,1787250428.534875154,state,0.0,0.0,0.0
1787250428.534905434,1787250428.534297943,state_stamped,0.0,0.0,0.0
1787250428.536990404,1787250428.536998987,command,0.0,0.0,0.0
1787250428.604907513,1787250428.604911089,state,0.0,0.0,0.0
1787250428.604948282,1787250428.604298115,state_stamped,0.0,0.0,0.0
1787250428.607017517,1787250428.607023001,command,0.0,0.0,0.0
1787250428.664893627,1787250428.664896250,state,0.0,0.0,0.0
1787250428.664926529,1787250428.664298058,state_stamped,0.0,0.0,0.0
1787250428.667022705,1787250428.667027950,command,0.0,0.0,0.0
1787250428.734880924,1787250428.734884262,state,0.0,0.0,0.0
1787250428.735003710,1787250428.734297991,state_stamped,0.0,0.0,0.0
1787250428.736690760,1787250428.736695766,command,0.0,0.0,0.0
1787250428.804941654,1787250428.804298162,state_stamped,0.0,0.0,0.0
1787250428.804983854,1787250428.804991961,state,0.0,0.0,0.0
1787250428.806982517,1787250428.806990147,command,0.0,0.0,0.0
1787250428.864891529,1787250428.864896536,state,0.0,0.0,0.0
1787250428.864943266,1787250428.864298582,state_stamped,0.0,0.0,0.0
1787250428.866722584,1787250428.866730213,command,0.0,0.0,0.0
1787250428.934863091,1787250428.934871435,state,0.0,0.0,0.0
1787250428.934926033,1787250428.934298038,state_stamped,0.0,0.0,0.0
1787250428.936619759,1787250428.936624527,command,0.0,0.0,0.0
1787250429.004939795,1787250429.004297972,state_stamped,0.0,0.0,0.0
1787250429.004980326,1787250429.004989147,state,0.0,0.0,0.0
1787250429.007178068,1787250429.007186174,command,0.0,0.0,0.0
1787250429.064930201,1787250429.064935446,state,0.0,0.0,0.0
1787250429.064978600,1787250429.064298868,state_stamped,0.0,0.0,0.0
1787250429.067012548,1787250429.067021370,command,0.0,0.0,0.0
1787250429.134751797,1787250429.134314775,state_stamped,0.0,0.0,0.0
1787250429.134788752,1787250429.134797335,state,0.0,0.0,0.0
1787250429.136566162,1787250429.136574268,command,0.0,0.0,0.0
1787250429.204781532,1787250429.204298019,state_stamped,0.0,0.0,0.0
1787250429.204820395,1787250429.204828978,state,0.0,0.0,0.0
1787250429.206593752,1787250429.206600666,command,0.0,0.0,0.0
1787250429.264755964,1787250429.264760733,state,0.0,0.0,0.0
1787250429.264802217,1787250429.264298201,state_stamped,0.0,0.0,0.0
1787250429.266577721,1787250429.266582727,command,0.0,0.0,0.0
1787250429.334867954,1787250429.334297657,state_stamped,0.0,0.0,0.0
1787250429.334905863,1787250429.334915400,state,0.0,0.0,0.0
1787250429.336647272,1787250429.336654902,command,0.0,0.0,0.0
1787250429.404780388,1787250429.404298067,state_stamped,0.0,0.0,0.0
1787250429.404818773,1787250429.404826880,state,0.0,0.0,0.0
1787250429.406574965,1787250429.406582594,command,0.0,0.0,0.0
1787250429.464811802,1787250429.464819431,state,0.0,0.0,0.0
1787250429.464880228,1787250429.464298487,state_stamped,0.0,0.0,0.0
1787250429.467372656,1787250429.467379570,command,0.0,0.0,0.0
1787250429.534920692,1787250429.534298420,state_stamped,0.0,0.0,0.0
1787250429.534983397,1787250429.534991264,state,0.0,0.0,0.0
1787250429.536867142,1787250429.536874771,command,0.0,0.0,0.0
1787250429.605033636,1787250429.604298592,state_stamped,0.0,0.0,0.0
1787250429.605080843,1787250429.605089188,state,0.0,0.0,0.0
1787250429.607124329,1787250429.607134104,command,0.0,0.0,0.0
1787250429.664934158,1787250429.664940119,state,0.0,0.0,0.0
1787250429.664987564,1787250429.664298296,state_stamped,0.0,0.0,0.0
1787250429.666752100,1787250429.666759968,command,0.0,0.0,0.0
1787250429.734848738,1787250429.734297991,state_stamped,0.0,0.0,0.0
1787250429.734887362,1787250429.734895706,state,0.0,0.0,0.0
1787250429.737060785,1787250429.737066269,command,0.0,0.0,0.0
1787250429.804947138,1787250429.804297686,state_stamped,0.0,0.0,0.0
1787250429.804985046,1787250429.804993391,state,0.0,0.0,0.0
1787250429.806802034,1787250429.806809664,command,0.0,0.0,0.0
1787250429.864934206,1787250429.864939213,state,0.0,0.0,0.0
1787250429.864983797,1787250429.864297867,state_stamped,0.0,0.0,0.0
1787250429.866664648,1787250429.866669893,command,0.0,0.0,0.0
1787250429.934856892,1787250429.934298515,state_stamped,0.0,0.0,0.0
1787250429.934895039,1787250429.934903383,state,0.0,0.0,0.0
1787250429.936548710,1787250429.936552286,command,0.0,0.0,0.0
1787250430.004961491,1787250430.004298210,state_stamped,0.0,0.0,0.0
1787250430.005000353,1787250430.005009174,state,0.0,0.0,0.0
1787250430.006883860,1787250430.006889582,command,0.0,0.0,0.0
1787250430.064828873,1787250430.064834118,state,0.0,0.0,0.0
1787250430.064877033,1787250430.064298391,state_stamped,0.0,0.0,0.0
1787250430.066583157,1787250430.066591024,command,0.0,0.0,0.0
1787250430.134857178,1787250430.134298563,state_stamped,0.0,0.0,0.0
1787250430.134896994,1787250430.134905338,state,0.0,0.0,0.0
1787250430.136570692,1787250430.136578083,command,0.0,0.0,0.0
1787250430.204915762,1787250430.204300642,state_stamped,0.0,0.0,0.0
1787250430.204973221,1787250430.204981804,state,0.0,0.0,0.0
1787250430.206555128,1787250430.206560373,command,0.0,0.0,0.0
1787250430.264892101,1787250430.264897108,state,0.0,0.0,0.0
1787250430.264954567,1787250430.264298916,state_stamped,0.0,0.0,0.0
1787250430.266615152,1787250430.266619921,command,0.0,0.0,0.0
1787250430.334868908,1787250430.334298372,state_stamped,0.0,0.0,0.0
1787250430.334971189,1787250430.334979534,state,0.0,0.0,0.0
1787250430.336576223,1787250430.336584806,command,0.0,0.0,0.0
1787250430.405075788,1787250430.404298067,state_stamped,0.0,0.0,0.0
1787250430.405125856,1787250430.405133963,state,0.0,0.0,0.0
1787250430.406744242,1787250430.406752110,command,0.0,0.0,0.0
1787250430.464927912,1787250430.464932919,state,0.0,0.0,0.0
1787250430.464977980,1787250430.464298248,state_stamped,0.0,0.0,0.0
1787250430.466634512,1787250430.466638088,command,0.0,0.0,0.0
1787250430.534861088,1787250430.534297705,state_stamped,0.0,0.0,0.0
1787250430.534901857,1787250430.534909725,state,0.0,0.0,0.0
1787250430.536563873,1787250430.536571980,command,0.0,0.0,0.0
1787250430.605095625,1787250430.605103254,state,0.0,0.0,0.0
1787250430.605157852,1787250430.604298115,state_stamped,0.0,0.0,0.0
1787250430.606784821,1787250430.606792927,command,0.0,0.0,0.0
1787250430.664997339,1787250430.665003300,state,0.0,0.0,0.0
1787250430.665057421,1787250430.664298296,state_stamped,0.0,0.0,0.0
1787250430.666732311,1787250430.666737318,command,0.0,0.0,0.0
1787250430.734776258,1787250430.734784603,state,0.0,0.0,0.0
1787250430.734834909,1787250430.734297752,state_stamped,0.0,0.0,0.0
1787250430.736514091,1787250430.736518621,command,0.0,0.0,0.0
1787250430.805026770,1787250430.804297924,state_stamped,0.0,0.0,0.0
1787250430.805070162,1787250430.805078030,state,0.0,0.0,0.0
1787250430.806780100,1787250430.806784868,command,0.0,0.0,0.0
1787250430.864953995,1787250430.864298582,state_stamped,0.0,0.0,0.0
1787250430.864994764,1787250430.865003586,state,0.0,0.0,0.0
1787250430.866660833,1787250430.866665840,command,0.0,0.0,0.0
1787250430.934765100,1787250430.934769869,state,0.0,0.0,0.0
1787250430.934811592,1787250430.934298038,state_stamped,0.0,0.0,0.0
1787250430.936477900,1787250430.936482906,command,0.0,0.0,0.0
1787250431.004914284,1787250431.004297733,state_stamped,0.0,0.0,0.0
1787250431.004951239,1787250431.004956245,state,0.0,0.0,0.0
1787250431.006843805,1787250431.006852388,command,0.0,0.0,0.0
1787250431.064809561,1787250431.064814568,state,0.0,0.0,0.0
1787250431.064856291,1787250431.064298868,state_stamped,0.0,0.0,0.0
1787250431.066542864,1787250431.066546679,command,0.0,0.0,0.0
1787250431.134690762,1787250431.134695530,state,0.0,0.0,0.0
1787250431.134794950,1787250431.134297848,state_stamped,0.0,0.0,0.0
1787250431.136405706,1787250431.136410713,command,0.0,0.0,0.0
1787250431.204926014,1787250431.204930544,state,0.0,0.0,0.0
1787250431.204972506,1787250431.204298258,state_stamped,0.0,0.0,0.0
1787250431.206763744,1787250431.206769466,command,0.0,0.0,0.0
1787250431.264772415,1787250431.264298439,state_stamped,0.0,0.0,0.0
1787250431.264800072,1787250431.264803648,state,0.0,0.0,0.0
1787250431.266682148,1787250431.266686916,command,0.0,0.0,0.0
1787250431.334896088,1787250431.334901094,state,0.0,0.0,0.0
1787250431.334941149,1787250431.334297895,state_stamped,0.0,0.0,0.0
1787250431.336705685,1787250431.336710930,command,0.0,0.0,0.0
1787250431.404986620,1787250431.404991388,state,0.0,0.0,0.0
1787250431.405032158,1787250431.404297829,state_stamped,0.0,0.0,0.0
1787250431.406725645,1787250431.406733274,command,0.0,0.0,0.0
1787250431.464822054,1787250431.464829206,state,0.0,0.0,0.0
1787250431.464889765,1787250431.464299202,state_stamped,0.0,0.0,0.0
1787250431.467450142,1787250431.467456579,command,0.0,0.0,0.0
1787250431.534870386,1787250431.534875870,state,0.0,0.0,0.0
1787250431.534920454,1787250431.534297943,state_stamped,0.0,0.0,0.0
1787250431.536895752,1787250431.536904097,command,0.0,0.0,0.0
1787250431.604961395,1787250431.604968548,state,0.0,0.0,0.0
1787250431.605057240,1787250431.604297638,state_stamped,0.0,0.0,0.0
1787250431.606845617,1787250431.606854200,command,0.0,0.0,0.0
1787250431.664794683,1787250431.664799452,state,0.0,0.0,0.0
1787250431.664843082,1787250431.664297819,state_stamped,0.0,0.0,0.0
1787250431.666694164,1787250431.666702032,command,0.0,0.0,0.0
1787250431.734750986,1787250431.734757662,state,0.0,0.0,0.0
1787250431.734805584,1787250431.734297752,state_stamped,0.0,0.0,0.0
1787250431.736657143,1787250431.736665249,command,0.0,0.0,0.0
1787250431.804841757,1787250431.804847717,state,0.0,0.0,0.0
1787250431.804890633,1787250431.804297686,state_stamped,0.0,0.0,0.0
1787250431.806730747,1787250431.806738853,command,0.0,0.0,0.0
1787250431.864983082,1787250431.864988089,state,0.0,0.0,0.0
1787250431.865028620,1787250431.864298582,state_stamped,0.0,0.0,0.0
1787250431.866854668,1787250431.866862535,command,0.0,0.0,0.0
1787250431.934795856,1787250431.934801340,state,0.0,0.0,0.0
1787250431.934843540,1787250431.934298038,state_stamped,0.0,0.0,0.0
1787250431.936680555,1787250431.936688662,command,0.0,0.0,0.0
1787250432.004893303,1787250432.004902124,state,0.0,0.0,0.0
1787250432.004960775,1787250432.004297733,state_stamped,0.0,0.0,0.0
1787250432.006987810,1787250432.006995916,command,0.0,0.0,0.0
1787250432.065035820,1787250432.065044165,state,0.0,0.0,0.0
1787250432.065099716,1787250432.064298391,state_stamped,0.0,0.0,0.0
1787250432.066887856,1787250432.066895962,command,0.0,0.0,0.0
1787250432.134880304,1787250432.134298563,state_stamped,0.0,0.0,0.0
1787250432.134968042,1787250432.134976625,state,0.0,0.0,0.0
1787250432.136787891,1787250432.136794567,command,0.0,0.0,0.0
1787250432.205013037,1787250432.205021381,state,0.0,0.0,0.0
1787250432.205072403,1787250432.204298496,state_stamped,0.0,0.0,0.0
1787250432.206765175,1787250432.206767797,command,0.0,0.0,0.0
1787250432.264971495,1787250432.264283419,state_stamped,0.0,0.0,0.0
1787250432.265027761,1787250432.265036583,state,0.0,0.0,0.0
1787250432.266749382,1787250432.266752243,command,0.0,0.0,0.0
1787250432.334726810,1787250432.334298134,state_stamped,0.0,0.0,0.0
1787250432.334816933,1787250432.334825277,state,0.0,0.0,0.0
1787250432.336616516,1787250432.336619854,command,0.0,0.0,0.0
1787250432.404973269,1787250432.404297829,state_stamped,0.0,0.0,0.0
1787250432.405028820,1787250432.405037403,state,0.0,0.0,0.0
1787250432.406784773,1787250432.406789541,command,0.0,0.0,0.0
1787250432.464851379,1787250432.464859724,state,0.0,0.0,0.0
1787250432.464915991,1787250432.464298248,state_stamped,0.0,0.0,0.0
1787250432.466667414,1787250432.466672659,command,0.0,0.0,0.0
1787250432.534924507,1787250432.534932852,state,0.0,0.0,0.0
1787250432.534991026,1787250432.534298182,state_stamped,0.0,0.0,0.0
1787250432.536753416,1787250432.536758184,command,0.0,0.0,0.0
1787250432.604981422,1787250432.604989767,state,0.0,0.0,0.0
1787250432.605046272,1787250432.604297876,state_stamped,0.0,0.0,0.0
1787250432.606765032,1787250432.606770277,command,0.0,0.0,0.0
1787250432.664872408,1787250432.664880753,state,0.0,0.0,0.0
1787250432.664938688,1787250432.664298058,state_stamped,0.0,0.0,0.0
1787250432.666693926,1787250432.666698933,command,0.0,0.0,0.0
1787250432.734820843,1787250432.734298229,state_stamped,0.0,0.0,0.0
1787250432.734874487,1787250432.734882832,state,0.0,0.0,0.0
1787250432.736607552,1787250432.736612558,command,0.0,0.0,0.0
1787250432.804849625,1787250432.804298401,state_stamped,0.0,0.0,0.0
1787250432.804903269,1787250432.804911852,state,0.0,0.0,0.0
1787250432.806645155,1787250432.806650639,command,0.0,0.0,0.0
1787250432.864859819,1787250432.864298105,state_stamped,0.0,0.0,0.0
1787250432.864903450,1787250432.864912033,state,0.0,0.0,0.0
1787250432.866639614,1787250432.866644621,command,0.0,0.0,0.0
1787250432.934790134,1787250432.934798002,state,0.0,0.0,0.0
1787250432.934857368,1787250432.934298038,state_stamped,0.0,0.0,0.0
1787250432.936599255,1787250432.936604500,command,0.0,0.0,0.0
1787250433.004836082,1787250433.004844904,state,0.0,0.0,0.0
1787250433.004905224,1787250433.004297733,state_stamped,0.0,0.0,0.0
1787250433.006813526,1787250433.006821394,command,0.0,0.0,0.0
1787250433.064808369,1787250433.064816713,state,0.0,0.0,0.0
1787250433.064873934,1787250433.064298391,state_stamped,0.0,0.0,0.0
1787250433.066712141,1787250433.066716909,command,0.0,0.0,0.0
1787250433.134902477,1787250433.134910822,state,0.0,0.0,0.0
1787250433.134975195,1787250433.134297848,state_stamped,0.0,0.0,0.0
1787250433.136738777,1787250433.136747360,command,0.0,0.0,0.0
1787250433.204953194,1787250433.204961300,state,0.0,0.0,0.0
1787250433.205016375,1787250433.204297781,state_stamped,0.0,0.0,0.0
1787250433.206797838,1787250433.206805468,command,0.0,0.0,0.0
1787250433.264918804,1787250433.264297962,state_stamped,0.0,0.0,0.0
1787250433.264971018,1787250433.264979124,state,0.0,0.0,0.0
1787250433.266775131,1787250433.266785383,command,0.0,0.0,0.0
1787250433.334901810,1787250433.334909678,state,0.0,0.0,0.0
1787250433.334964514,1787250433.334298134,state_stamped,0.0,0.0,0.0
1787250433.336752892,1787250433.336761236,command,0.0,0.0,0.0
1787250433.404913187,1787250433.404921055,state,0.0,0.0,0.0
1787250433.404976130,1787250433.404298306,state_stamped,0.0,0.0,0.0
1787250433.406806946,1787250433.406815290,command,0.0,0.0,0.0
1787250433.465034962,1787250433.464298487,state_stamped,0.0,0.0,0.0
1787250433.465097427,1787250433.465106249,state,0.0,0.0,0.0
1787250433.467597961,1787250433.467607260,command,0.0,0.0,0.0
1787250433.534878492,1787250433.534298182,state_stamped,0.0,0.0,0.0
1787250433.534969091,1787250433.534977436,state,0.0,0.0,0.0
1787250433.537001371,1787250433.537010193,command,0.0,0.0,0.0
1787250433.604984760,1787250433.604297876,state_stamped,0.0,0.0,0.0
1787250433.605087996,1787250433.605095863,state,0.0,0.0,0.0
1787250433.606863976,1787250433.606869459,command,0.0,0.0,0.0
1787250433.664997578,1787250433.664298296,state_stamped,0.0,0.0,0.0
1787250433.665050268,1787250433.665058613,state,0.0,0.0,0.0
1787250433.666862488,1787250433.666870832,command,0.0,0.0,0.0
1787250433.734878778,1787250433.734886646,state,0.0,0.0,0.0
1787250433.734938622,1787250433.734297752,state_stamped,0.0,0.0,0.0
1787250433.736776114,1787250433.736783981,command,0.0,0.0,0.0
1787250433.804918289,1787250433.804310560,state_stamped,0.0,0.0,0.0
1787250433.804977894,1787250433.804985762,state,0.0,0.0,0.0
1787250433.806741238,1787250433.806748867,command,0.0,0.0,0.0
1787250433.865029812,1787250433.864298344,state_stamped,0.0,0.0,0.0
1787250433.865085602,1787250433.865093708,state,0.0,0.0,0.0
1787250433.866845369,1787250433.866850853,command,0.0,0.0,0.0
1787250433.934925318,1787250433.934298277,state_stamped,0.0,0.0,0.0
1787250433.935013294,1787250433.935022354,state,0.0,0.0,0.0
1787250433.936773300,1787250433.936781406,command,0.0,0.0,0.0
1787250434.004865170,1787250434.004298210,state_stamped,0.0,0.0,0.0
1787250434.004909754,1787250434.004918098,state,0.0,0.0,0.0
1787250434.006966591,1787250434.006974936,command,0.0,0.0,0.0
1787250434.065088987,1787250434.064297915,state_stamped,0.0,0.0,0.0
1787250434.065139771,1787250434.065148115,state,0.0,0.0,0.0
1787250434.066924572,1787250434.066929579,command,0.0,0.0,0.0
1787250434.134856224,1787250434.134297848,state_stamped,0.0,0.0,0.0
1787250434.134906530,1787250434.134914875,state,0.0,0.0,0.0
1787250434.136691570,1787250434.136700153,command,0.0,0.0,0.0
1787250434.204954147,1787250434.204298258,state_stamped,0.0,0.0,0.0
1787250434.205061674,1787250434.205069780,state,0.0,0.0,0.0
1787250434.206825495,1787250434.206834793,command,0.0,0.0,0.0
1787250434.265042782,1787250434.264297962,state_stamped,0.0,0.0,0.0
1787250434.265095472,1787250434.265103579,state,0.0,0.0,0.0
1787250434.266824722,1787250434.266832829,command,0.0,0.0,0.0
1787250434.334941864,1787250434.334297657,state_stamped,0.0,0.0,0.0
1787250434.334995747,1787250434.335004568,state,0.0,0.0,0.0
1787250434.336743832,1787250434.336752415,command,0.0,0.0,0.0
1787250434.404982567,1787250434.404990673,state,0.0,0.0,0.0
1787250434.405101776,1787250434.404298067,state_stamped,0.0,0.0,0.0
1787250434.406840324,1787250434.406845093,command,0.0,0.0,0.0
1787250434.464974880,1787250434.464297771,state_stamped,0.0,0.0,0.0
1787250434.465024710,1787250434.465033054,state,0.0,0.0,0.0
1787250434.466825485,1787250434.466833353,command,0.0,0.0,0.0
1787250434.534890890,1787250434.534297943,state_stamped,0.0,0.0,0.0
1787250434.534956694,1787250434.534964800,state,0.0,0.0,0.0
1787250434.536729336,1787250434.536737680,command,0.0,0.0,0.0
1787250434.604983568,1787250434.604298115,state_stamped,0.0,0.0,0.0
1787250434.605047226,1787250434.605055094,state,0.0,0.0,0.0
1787250434.606823921,1787250434.606832266,command,0.0,0.0,0.0
1787250434.664860249,1787250434.664299250,state_stamped,0.0,0.0,0.0
1787250434.664910316,1787250434.664918900,state,0.0,0.0,0.0
1787250434.666710615,1787250434.666718960,command,0.0,0.0,0.0
1787250434.734758377,1787250434.734297752,state_stamped,0.0,0.0,0.0
1787250434.734841585,1787250434.734849691,state,0.0,0.0,0.0
1787250434.736440897,1787250434.736446381,command,0.0,0.0,0.0
1787250434.804985762,1787250434.804993868,state,0.0,0.0,0.0
1787250434.805040598,1787250434.804298162,state_stamped,0.0,0.0,0.0
1787250434.806809187,1787250434.806813955,command,0.0,0.0,0.0
1787250434.864997625,1787250434.865003347,state,0.0,0.0,0.0
1787250434.865057230,1787250434.864298344,state_stamped,0.0,0.0,0.0
1787250434.866799116,1787250434.866803169,command,0.0,0.0,0.0
1787250434.934909105,1787250434.934917688,state,0.0,0.0,0.0
1787250434.934976339,1787250434.934298038,state_stamped,0.0,0.0,0.0
1787250434.936733246,1787250434.936738491,command,0.0,0.0,0.0
1787250435.004992247,1787250435.005000591,state,0.0,0.0,0.0
1787250435.005062580,1787250435.004297733,state_stamped,0.0,0.0,0.0
1787250435.007014513,1787250435.007019520,command,0.0,0.0,0.0
1787250435.065035820,1787250435.064298391,state_stamped,0.0,0.0,0.0
1787250435.065078735,1787250435.065087080,state,0.0,0.0,0.0
1787250435.066848040,1787250435.066853046,command,0.0,0.0,0.0
1787250435.134895563,1787250435.134904385,state,0.0,0.0,0.0
1787250435.134962082,1787250435.134298325,state_stamped,0.0,0.0,0.0
1787250435.136744499,1787250435.136749506,command,0.0,0.0,0.0
1787250435.205004215,1787250435.205012083,state,0.0,0.0,0.0
1787250435.205071926,1787250435.204298258,state_stamped,0.0,0.0,0.0
1787250435.206830740,1787250435.206836224,command,0.0,0.0,0.0
1787250435.264970779,1787250435.264297962,state_stamped,0.0,0.0,0.0
1787250435.265057325,1787250435.265067577,state,0.0,0.0,0.0
1787250435.266798019,1787250435.266803741,command,0.0,0.0,0.0
1787250435.334860086,1787250435.334297895,state_stamped,0.0,0.0,0.0
1787250435.334961891,1787250435.334970713,state,0.0,0.0,0.0
1787250435.336556435,1787250435.336561680,command,0.0,0.0,0.0
1787250435.404990435,1787250435.404998302,state,0.0,0.0,0.0
1787250435.405047894,1787250435.404298306,state_stamped,0.0,0.0,0.0
1787250435.406793833,1787250435.406798601,command,0.0,0.0,0.0
1787250435.465007782,1787250435.465016365,state,0.0,0.0,0.0
1787250435.465076685,1787250435.464298248,state_stamped,0.0,0.0,0.0
1787250435.466834784,1787250435.466840029,command,0.0,0.0,0.0
1787250435.534727335,1787250435.534734964,state,0.0,0.0,0.0
1787250435.534802198,1787250435.534298420,state_stamped,0.0,0.0,0.0
1787250435.537478685,1787250435.537484646,command,0.0,0.0,0.0
1787250435.605026007,1787250435.604298115,state_stamped,0.0,0.0,0.0
1787250435.605053186,1787250435.605101347,state,0.0,0.0,0.0
1787250435.607030869,1787250435.607036829,command,0.0,0.0,0.0
1787250435.664937258,1787250435.664298058,state_stamped,0.0,0.0,0.0
1787250435.664983034,1787250435.664987087,state,0.0,0.0,0.0
1787250435.666914225,1787250435.666922331,command,0.0,0.0,0.0
1787250435.734858751,1787250435.734298229,state_stamped,0.0,0.0,0.0
1787250435.734935045,1787250435.734938622,state,0.0,0.0,0.0
1787250435.736812830,1787250435.736820698,command,0.0,0.0,0.0
1787250435.804921627,1787250435.804298162,state_stamped,0.0,0.0,0.0
1787250435.804960728,1787250435.804965973,state,0.0,0.0,0.0
1787250435.806850195,1787250435.806858778,command,0.0,0.0,0.0
1787250435.864948750,1787250435.864298820,state_stamped,0.0,0.0,0.0
1787250435.864979029,1787250435.864984274,state,0.0,0.0,0.0
1787250435.866712570,1787250435.866720200,command,0.0,0.0,0.0
1787250435.934895277,1787250435.934297800,state_stamped,0.0,0.0,0.0
1787250435.934937000,1787250435.934944153,state,0.0,0.0,0.0
1787250435.937081814,1787250435.937087297,command,0.0,0.0,0.0
1787250436.004955053,1787250436.004960775,state,0.0,0.0,0.0
1787250436.005006075,1787250436.004298449,state_stamped,0.0,0.0,0.0
1787250436.007117033,1787250436.007125139,command,0.0,0.0,0.0
1787250436.065039873,1787250436.065045595,state,0.0,0.0,0.0
1787250436.065102100,1787250436.064297915,state_stamped,0.0,0.0,0.0
1787250436.066779137,1787250436.066786766,command,0.0,0.0,0.0
1787250436.134855270,1787250436.134298325,state_stamped,0.0,0.0,0.0
1787250436.134889841,1787250436.134894609,state,0.0,0.0,0.0
1787250436.136758327,1787250436.136766195,command,0.0,0.0,0.0
1787250436.204813242,1787250436.204298019,state_stamped,0.0,0.0,0.0
1787250436.204853296,1787250436.204859018,state,0.0,0.0,0.0
1787250436.206596613,1787250436.206604719,command,0.0,0.0,0.0
1787250436.264824390,1787250436.264831781,state,0.0,0.0,0.0
1787250436.264873981,1787250436.264297962,state_stamped,0.0,0.0,0.0
1787250436.266532183,1787250436.266537189,command,0.0,0.0,0.0
1787250436.334983110,1787250436.334988117,state,0.0,0.0,0.0
1787250436.335026503,1787250436.334297895,state_stamped,0.0,0.0,0.0
1787250436.336822987,1787250436.336828709,command,0.0,0.0,0.0
1787250436.404983997,1787250436.404298306,state_stamped,0.0,0.0,0.0
1787250436.405025959,1787250436.405031443,state,0.0,0.0,0.0
1787250436.406863213,1787250436.406871080,command,0.0,0.0,0.0
1787250436.464875460,1787250436.464880705,state,0.0,0.0,0.0
1787250436.464967728,1787250436.464298248,state_stamped,0.0,0.0,0.0
1787250436.466672659,1787250436.466679096,command,0.0,0.0,0.0
1787250436.534734011,1787250436.534298420,state_stamped,0.0,0.0,0.0
1787250436.534786701,1787250436.534795284,state,0.0,0.0,0.0
1787250436.536500692,1787250436.536507607,command,0.0,0.0,0.0
1787250436.604852200,1787250436.604298353,state_stamped,0.0,0.0,0.0
1787250436.604897261,1787250436.604907513,state,0.0,0.0,0.0
1787250436.606617928,1787250436.606626034,command,0.0,0.0,0.0
1787250436.664837122,1787250436.664842129,state,0.0,0.0,0.0
1787250436.664898157,1787250436.664297819,state_stamped,0.0,0.0,0.0
1787250436.666519880,1787250436.666528225,command,0.0,0.0,0.0
1787250436.734907150,1787250436.734298229,state_stamped,0.0,0.0,0.0
1787250436.734962463,1787250436.734970570,state,0.0,0.0,0.0
1787250436.736805201,1787250436.736813545,command,0.0,0.0,0.0
1787250436.804829836,1787250436.804297686,state_stamped,0.0,0.0,0.0
1787250436.804876089,1787250436.804883718,state,0.0,0.0,0.0
1787250436.806764126,1787250436.806772470,command,0.0,0.0,0.0
1787250436.865007401,1787250436.864298105,state_stamped,0.0,0.0,0.0
1787250436.865046740,1787250436.865051985,state,0.0,0.0,0.0
1787250436.866869688,1787250436.866878033,command,0.0,0.0,0.0
1787250436.934931755,1787250436.934297800,state_stamped,0.0,0.0,0.0
1787250436.934982538,1787250436.934988499,state,0.0,0.0,0.0
1787250436.936799049,1787250436.936803818,command,0.0,0.0,0.0
1787250437.004872084,1787250437.004297733,state_stamped,0.0,0.0,0.0
1787250437.004953146,1787250437.004961014,state,0.0,0.0,0.0
1787250437.006924391,1787250437.006932259,command,0.0,0.0,0.0
1787250437.064816713,1787250437.064821959,state,0.0,0.0,0.0
1787250437.064915419,1787250437.064298391,state_stamped,0.0,0.0,0.0
1787250437.066793919,1787250437.066802263,command,0.0,0.0,0.0
1787250437.134758234,1787250437.134297848,state_stamped,0.0,0.0,0.0
1787250437.134814501,1787250437.134822845,state,0.0,0.0,0.0
1787250437.136685371,1787250437.136693716,command,0.0,0.0,0.0
1787250437.204828262,1787250437.204298019,state_stamped,0.0,0.0,0.0
1787250437.204895496,1787250437.204903603,state,0.0,0.0,0.0
1787250437.206765652,1787250437.206775188,command,0.0,0.0,0.0
1787250437.264862537,1787250437.264867067,state,0.0,0.0,0.0
1787250437.264910698,1787250437.264298201,state_stamped,0.0,0.0,0.0
1787250437.266728878,1787250437.266733646,command,0.0,0.0,0.0
1787250437.334765196,1787250437.334297895,state_stamped,0.0,0.0,0.0
1787250437.334813833,1787250437.334819555,state,0.0,0.0,0.0
1787250437.336681843,1787250437.336691380,command,0.0,0.0,0.0
1787250437.404823303,1787250437.404297829,state_stamped,0.0,0.0,0.0
1787250437.404865503,1787250437.404872894,state,0.0,0.0,0.0
1787250437.406745911,1787250437.406754017,command,0.0,0.0,0.0
1787250437.465027809,1787250437.465032339,state,0.0,0.0,0.0
1787250437.465077400,1787250437.464298487,state_stamped,0.0,0.0,0.0
1787250437.466877460,1787250437.466882229,command,0.0,0.0,0.0
1787250437.534695864,1787250437.534298658,state_stamped,0.0,0.0,0.0
1787250437.534735203,1787250437.534742117,state,0.0,0.0,0.0
1787250437.537291288,1787250437.537296295,command,0.0,0.0,0.0
1787250437.604848146,1787250437.604298592,state_stamped,0.0,0.0,0.0
1787250437.604909658,1787250437.604917526,state,0.0,0.0,0.0
1787250437.606902599,1787250437.606907606,command,0.0,0.0,0.0
1787250437.664786339,1787250437.664276123,state_stamped,0.0,0.0,0.0
1787250437.664816856,1787250437.664821386,state,0.0,0.0,0.0
1787250437.666520834,1787250437.666529179,command,0.0,0.0,0.0
1787250437.734755278,1787250437.734298468,state_stamped,0.0,0.0,0.0
1787250437.734797716,1787250437.734805822,state,0.0,0.0,0.0
1787250437.736857891,1787250437.736867189,command,0.0,0.0,0.0
1787250437.804835081,1787250437.804298162,state_stamped,0.0,0.0,0.0
1787250437.804880857,1787250437.804888487,state,0.0,0.0,0.0
1787250437.806891203,1787250437.806896210,command,0.0,0.0,0.0
1787250437.864888668,1787250437.864298582,state_stamped,0.0,0.0,0.0
1787250437.864944220,1787250437.864949703,state,0.0,0.0,0.0
1787250437.866822720,1787250437.866830587,command,0.0,0.0,0.0
1787250437.934779644,1787250437.934298754,state_stamped,0.0,0.0,0.0
1787250437.934823513,1787250437.934831142,state,0.0,0.0,0.0
1787250437.936739683,1787250437.936747789,command,0.0,0.0,0.0
1787250438.004861116,1787250438.004298210,state_stamped,0.0,0.0,0.0
1787250438.004893541,1787250438.004901171,state,0.0,0.0,0.0
1787250438.006855011,1787250438.006863356,command,0.0,0.0,0.0
1787250438.064816475,1787250438.064298153,state_stamped,0.0,0.0,0.0
1787250438.064895391,1787250438.064899683,state,0.0,0.0,0.0
1787250438.066581964,1787250438.066590071,command,0.0,0.0,0.0
1787250438.134713173,1787250438.134298325,state_stamped,0.0,0.0,0.0
1787250438.134749413,1787250438.134757280,state,0.0,0.0,0.0
1787250438.136453629,1787250438.136458397,command,0.0,0.0,0.0
1787250438.204814911,1787250438.204298258,state_stamped,0.0,0.0,0.0
1787250438.204864740,1787250438.204872370,state,0.0,0.0,0.0
1787250438.206538439,1787250438.206546545,command,0.0,0.0,0.0
1787250438.264793873,1787250438.264298201,state_stamped,0.0,0.0,0.0
1787250438.264832020,1787250438.264839888,state,0.0,0.0,0.0
1787250438.266513586,1787250438.266519308,command,0.0,0.0,0.0
1787250438.334743977,1787250438.334297895,state_stamped,0.0,0.0,0.0
1787250438.334782362,1787250438.334790230,state,0.0,0.0,0.0
1787250438.336453676,1787250438.336461782,command,0.0,0.0,0.0
1787250438.404814482,1787250438.404298067,state_stamped,0.0,0.0,0.0
1787250438.404851198,1787250438.404860020,state,0.0,0.0,0.0
1787250438.406526804,1787250438.406534672,command,0.0,0.0,0.0
1787250438.464810133,1787250438.464297771,state_stamped,0.0,0.0,0.0
1787250438.464846611,1787250438.464856148,state,0.0,0.0,0.0
1787250438.466463327,1787250438.466468096,command,0.0,0.0,0.0
1787250438.534719229,1787250438.534297943,state_stamped,0.0,0.0,0.0
1787250438.534765244,1787250438.534770250,state,0.0,0.0,0.0
1787250438.536841631,1787250438.536846638,command,0.0,0.0,0.0
1787250438.604808092,1787250438.604298115,state_stamped,0.0,0.0,0.0
1787250438.604834795,1787250438.604839563,state,0.0,0.0,0.0
1787250438.606521130,1787250438.606524229,command,0.0,0.0,0.0
1787250438.664744854,1787250438.664298296,state_stamped,0.0,0.0,0.0
1787250438.664820910,1787250438.664826870,state,0.0,0.0,0.0
1787250438.666562080,1787250438.666566849,command,0.0,0.0,0.0
1787250438.734782457,1787250438.734297991,state_stamped,0.0,0.0,0.0
1787250438.734815836,1787250438.734822035,state,0.0,0.0,0.0
1787250438.736436129,1787250438.736440659,command,0.0,0.0,0.0
1787250438.804842710,1787250438.804298401,state_stamped,0.0,0.0,0.0
1787250438.804880381,1787250438.804889441,state,0.0,0.0,0.0
1787250438.806519508,1787250438.806524277,command,0.0,0.0,0.0
1787250438.864810944,1787250438.864297867,state_stamped,0.0,0.0,0.0
1787250438.864841223,1787250438.864845753,state,0.0,0.0,0.0
1787250438.866435528,1787250438.866440535,command,0.0,0.0,0.0
1787250438.934718609,1787250438.934723616,state,0.0,0.0,0.0
1787250438.934755564,1787250438.934298038,state_stamped,0.0,0.0,0.0
1787250438.936431885,1787250438.936436653,command,0.0,0.0,0.0
1787250439.004841566,1787250439.004298210,state_stamped,0.0,0.0,0.0
1787250439.004879475,1787250439.004889488,state,0.0,0.0,0.0
1787250439.006737947,1787250439.006745577,command,0.0,0.0,0.0
1787250439.064757586,1787250439.064298868,state_stamped,0.0,0.0,0.0
1787250439.064784288,1787250439.064789772,state,0.0,0.0,0.0
1787250439.066458702,1787250439.066464424,command,0.0,0.0,0.0
1787250439.134771824,1787250439.134297848,state_stamped,0.0,0.0,0.0
1787250439.134810448,1787250439.134818792,state,0.0,0.0,0.0
1787250439.136425018,1787250439.136430264,command,0.0,0.0,0.0
1787250439.204838514,1787250439.204298019,state_stamped,0.0,0.0,0.0
1787250439.204875946,1787250439.204884291,state,0.0,0.0,0.0
1787250439.206509590,1787250439.206515551,command,0.0,0.0,0.0
1787250439.264773607,1787250439.264779568,state,0.0,0.0,0.0
1787250439.264814615,1787250439.264298439,state_stamped,0.0,0.0,0.0
1787250439.266431808,1787250439.266437769,command,0.0,0.0,0.0
1787250439.334690809,1787250439.334694386,state,0.0,0.0,0.0
1787250439.334723234,1787250439.334298611,state_stamped,0.0,0.0,0.0
1787250439.336405039,1787250439.336410761,command,0.0,0.0,0.0
1787250439.404834986,1787250439.404298782,state_stamped,0.0,0.0,0.0
1787250439.404872656,1787250439.404881239,state,0.0,0.0,0.0
1787250439.406523228,1787250439.406528234,command,0.0,0.0,0.0
1787250439.464844704,1787250439.464299202,state_stamped,0.0,0.0,0.0
1787250439.464924574,1787250439.464933157,state,0.0,0.0,0.0
1787250439.466523170,1787250439.466528416,command,0.0,0.0,0.0
1787250439.534757614,1787250439.534298420,state_stamped,0.0,0.0,0.0
1787250439.534792185,1787250439.534799576,state,0.0,0.0,0.0
1787250439.537327051,1787250439.537331343,command,0.0,0.0,0.0
1787250439.604858875,1787250439.604297876,state_stamped,0.0,0.0,0.0
1787250439.604888916,1787250439.604897261,state,0.0,0.0,0.0
1787250439.606701374,1787250439.606704473,command,0.0,0.0,0.0
1787250439.664823294,1787250439.664297819,state_stamped,0.0,0.0,0.0
1787250439.664891243,1787250439.664899588,state,0.0,0.0,0.0
1787250439.666516304,1787250439.666518927,command,0.0,0.0,0.0
1787250439.734815121,1787250439.734297752,state_stamped,0.0,0.0,0.0
1787250439.734853029,1787250439.734861374,state,0.0,0.0,0.0
1787250439.736479044,1787250439.736482859,command,0.0,0.0,0.0
1787250439.804909229,1787250439.804917574,state,0.0,0.0,0.0
1787250439.804966927,1787250439.804297924,state_stamped,0.0,0.0,0.0
1787250439.806525469,1787250439.806529522,command,0.0,0.0,0.0
1787250439.864890575,1787250439.864298105,state_stamped,0.0,0.0,0.0
1787250439.864923716,1787250439.864930630,state,0.0,0.0,0.0
1787250439.866486311,1787250439.866490126,command,0.0,0.0,0.0
1787250439.934807539,1787250439.934298038,state_stamped,0.0,0.0,0.0
1787250439.934844494,1787250439.934853792,state,0.0,0.0,0.0
1787250439.936450481,1787250439.936454773,command,0.0,0.0,0.0
1787250440.004820824,1787250440.004298210,state_stamped,0.0,0.0,0.0
1787250440.004855871,1787250440.004864454,state,0.0,0.0,0.0
1787250440.006759405,1787250440.006764889,command,0.0,0.0,0.0
1787250440.064824343,1787250440.064301014,state_stamped,0.0,0.0,0.0
1787250440.064901352,1787250440.064909458,state,0.0,0.0,0.0
1787250440.066552401,1787250440.066557646,command,0.0,0.0,0.0
1787250440.134744167,1787250440.134298325,state_stamped,0.0,0.0,0.0
1787250440.134814978,1787250440.134822845,state,0.0,0.0,0.0
1787250440.136442184,1787250440.136447668,command,0.0,0.0,0.0
1787250440.204802752,1787250440.204298019,state_stamped,0.0,0.0,0.0
1787250440.204836369,1787250440.204844475,state,0.0,0.0,0.0
1787250440.206530094,1787250440.206535339,command,0.0,0.0,0.0
1787250440.264798641,1787250440.264298201,state_stamped,0.0,0.0,0.0
1787250440.264870405,1787250440.264878988,state,0.0,0.0,0.0
1787250440.266488791,1787250440.266492367,command,0.0,0.0,0.0
1787250440.334783792,1787250440.334298372,state_stamped,0.0,0.0,0.0
1787250440.334825516,1787250440.334834099,state,0.0,0.0,0.0
1787250440.336429119,1787250440.336434841,command,0.0,0.0,0.0
1787250440.404802084,1787250440.404298067,state_stamped,0.0,0.0,0.0
1787250440.404836178,1787250440.404844046,state,0.0,0.0,0.0
1787250440.406506300,1787250440.406510353,command,0.0,0.0,0.0
1787250440.464860201,1787250440.464298010,state_stamped,0.0,0.0,0.0
1787250440.464898109,1787250440.464909554,state,0.0,0.0,0.0
1787250440.466461420,1787250440.466467142,command,0.0,0.0,0.0
1787250440.534724236,1787250440.534729481,state,0.0,0.0,0.0
1787250440.534763813,1787250440.534297943,state_stamped,0.0,0.0,0.0
1787250440.536402702,1787250440.536408663,command,0.0,0.0,0.0
1787250440.604775906,1787250440.604298115,state_stamped,0.0,0.0,0.0
1787250440.604814053,1787250440.604822636,state,0.0,0.0,0.0
1787250440.606458426,1787250440.606464624,command,0.0,0.0,0.0
1787250440.664804935,1787250440.664302111,state_stamped,0.0,0.0,0.0
1787250440.664906263,1787250440.664914131,state,0.0,0.0,0.0
1787250440.666485548,1787250440.666490555,command,0.0,0.0,0.0
1787250440.734766960,1787250440.734297991,state_stamped,0.0,0.0,0.0
1787250440.734869480,1787250440.734877586,state,0.0,0.0,0.0
1787250440.736449003,1787250440.736453295,command,0.0,0.0,0.0
1787250440.804797888,1787250440.804298401,state_stamped,0.0,0.0,0.0
1787250440.804899931,1787250440.804908514,state,0.0,0.0,0.0
1787250440.806474924,1787250440.806479692,command,0.0,0.0,0.0
1787250440.864785671,1787250440.864297867,state_stamped,0.0,0.0,0.0
1787250440.864817381,1787250440.864822388,state,0.0,0.0,0.0
1787250440.866463900,1787250440.866468191,command,0.0,0.0,0.0
1787250440.934761286,1787250440.934297800,state_stamped,0.0,0.0,0.0
1787250440.934823513,1787250440.934831858,state,0.0,0.0,0.0
1787250440.936422110,1787250440.936426401,command,0.0,0.0,0.0
1787250441.004771948,1787250441.004297972,state_stamped,0.0,0.0,0.0
1787250441.004818916,1787250441.004827499,state,0.0,0.0,0.0
1787250441.006917477,1787250441.006922007,command,0.0,0.0,0.0
1787250441.064804077,1787250441.064298391,state_stamped,0.0,0.0,0.0
1787250441.064889669,1787250441.064898014,state,0.0,0.0,0.0
1787250441.066527843,1787250441.066532135,command,0.0,0.0,0.0
1787250441.134756088,1787250441.134297848,state_stamped,0.0,0.0,0.0
1787250441.134811401,1787250441.134819031,state,0.0,0.0,0.0
1787250441.136440039,1787250441.136444092,command,0.0,0.0,0.0
1787250441.204785347,1787250441.204298258,state_stamped,0.0,0.0,0.0
1787250441.204857588,1787250441.204865694,state,0.0,0.0,0.0
1787250441.206465244,1787250441.206469536,command,0.0,0.0,0.0
1787250441.264797449,1787250441.264297962,state_stamped,0.0,0.0,0.0
1787250441.264831543,1787250441.264839649,state,0.0,0.0,0.0
1787250441.266540051,1787250441.266545057,command,0.0,0.0,0.0
1787250441.334887266,1787250441.334298134,state_stamped,0.0,0.0,0.0
1787250441.334960699,1787250441.334969044,state,0.0,0.0,0.0
1787250441.336591959,1787250441.336597919,command,0.0,0.0,0.0
1787250441.404916763,1787250441.404298067,state_stamped,0.0,0.0,0.0
1787250441.404943943,1787250441.404948711,state,0.0,0.0,0.0
1787250441.406608582,1787250441.406615019,command,0.0,0.0,0.0
1787250441.464945555,1787250441.464297771,state_stamped,0.0,0.0,0.0
1787250441.464993954,1787250441.465003014,state,0.0,0.0,0.0
1787250441.466647387,1787250441.466655493,command,0.0,0.0,0.0
1787250441.534927607,1787250441.534297943,state_stamped,0.0,0.0,0.0
1787250441.534980536,1787250441.534987926,state,0.0,0.0,0.0
1787250441.537267685,1787250441.537271738,command,0.0,0.0,0.0
1787250441.604959965,1787250441.604298115,state_stamped,0.0,0.0,0.0
1787250441.605018377,1787250441.605026007,state,0.0,0.0,0.0
1787250441.607084990,1787250441.607091427,command,0.0,0.0,0.0
1787250441.664931536,1787250441.664297819,state_stamped,0.0,0.0,0.0
1787250441.665037155,1787250441.665045738,state,0.0,0.0,0.0
1787250441.666711092,1787250441.666716099,command,0.0,0.0,0.0
1787250441.734848976,1787250441.734297991,state_stamped,0.0,0.0,0.0
1787250441.734879971,1787250441.734887838,state,0.0,0.0,0.0
1787250441.736601114,1787250441.736604929,command,0.0,0.0,0.0
1787250441.804937363,1787250441.804298401,state_stamped,0.0,0.0,0.0
1787250441.805038452,1787250441.805047989,state,0.0,0.0,0.0
1787250441.806668043,1787250441.806673050,command,0.0,0.0,0.0
1787250441.864905119,1787250441.864297867,state_stamped,0.0,0.0,0.0
1787250441.864941359,1787250441.864949465,state,0.0,0.0,0.0
1787250441.866619110,1787250441.866624355,command,0.0,0.0,0.0
1787250441.934818029,1787250441.934298277,state_stamped,0.0,0.0,0.0
1787250441.934859514,1787250441.934869051,state,0.0,0.0,0.0
1787250441.936472654,1787250441.936477661,command,0.0,0.0,0.0
1787250442.004910946,1787250442.004297733,state_stamped,0.0,0.0,0.0
1787250442.004955053,1787250442.004963636,state,0.0,0.0,0.0
1787250442.006712914,1787250442.006716490,command,0.0,0.0,0.0
1787250442.064833641,1787250442.064298153,state_stamped,0.0,0.0,0.0
1787250442.064927578,1787250442.064933062,state,0.0,0.0,0.0
1787250442.066571236,1787250442.066576719,command,0.0,0.0,0.0
1787250442.134785652,1787250442.134297848,state_stamped,0.0,0.0,0.0
1787250442.134848356,1787250442.134856462,state,0.0,0.0,0.0
1787250442.136510372,1787250442.136515617,command,0.0,0.0,0.0
1787250442.204831600,1787250442.204298019,state_stamped,0.0,0.0,0.0
1787250442.204887152,1787250442.204895258,state,0.0,0.0,0.0
1787250442.206543446,1787250442.206548214,command,0.0,0.0,0.0
1787250442.264829636,1787250442.264835358,state,0.0,0.0,0.0
1787250442.264871120,1787250442.264298439,state_stamped,0.0,0.0,0.0
1787250442.266858578,1787250442.266863823,command,0.0,0.0,0.0
1787250442.334914207,1787250442.334297895,state_stamped,0.0,0.0,0.0
1787250442.334952354,1787250442.334960461,state,0.0,0.0,0.0
1787250442.336605549,1787250442.336610794,command,0.0,0.0,0.0
1787250442.404935360,1787250442.404297829,state_stamped,0.0,0.0,0.0
1787250442.404981852,1787250442.404986858,state,0.0,0.0,0.0
1787250442.406637669,1787250442.406642675,command,0.0,0.0,0.0
1787250442.464823961,1787250442.464297771,state_stamped,0.0,0.0,0.0
1787250442.464919806,1787250442.464928150,state,0.0,0.0,0.0
1787250442.466530323,1787250442.466535091,command,0.0,0.0,0.0
1787250442.534885883,1787250442.534298182,state_stamped,0.0,0.0,0.0
1787250442.534974098,1787250442.534982443,state,0.0,0.0,0.0
1787250442.536582947,1787250442.536587715,command,0.0,0.0,0.0
1787250442.604808807,1787250442.604298115,state_stamped,0.0,0.0,0.0
1787250442.604863644,1787250442.604871750,state,0.0,0.0,0.0
1787250442.606500864,1787250442.606505632,command,0.0,0.0,0.0
1787250442.664786577,1787250442.664298534,state_stamped,0.0,0.0,0.0
1787250442.664821148,1787250442.664830208,state,0.0,0.0,0.0
1787250442.666470289,1787250442.666475296,command,0.0,0.0,0.0
1787250442.734732389,1787250442.734297991,state_stamped,0.0,0.0,0.0
1787250442.734816313,1787250442.734824896,state,0.0,0.0,0.0
1787250442.736413479,1787250442.736425161,command,0.0,0.0,0.0
1787250442.804823399,1787250442.804297686,state_stamped,0.0,0.0,0.0
1787250442.804928064,1787250442.804936409,state,0.0,0.0,0.0
1787250442.806533098,1787250442.806539059,command,0.0,0.0,0.0
1787250442.864929199,1787250442.864298344,state_stamped,0.0,0.0,0.0
1787250442.865032911,1787250442.865041494,state,0.0,0.0,0.0
1787250442.866643906,1787250442.866649389,command,0.0,0.0,0.0
1787250442.934734106,1787250442.934298515,state_stamped,0.0,0.0,0.0
1787250442.934812307,1787250442.934817314,state,0.0,0.0,0.0
1787250442.936389208,1787250442.936394453,command,0.0,0.0,0.0
1787250442.994978666,1787250442.994297981,state_stamped,0.0,0.0,0.0
1787250442.995032072,1787250442.995040178,state,0.0,0.0,0.0
1787250442.996846914,1787250442.996851921,command,0.0,0.0,0.0
1787250443.064990997,1787250443.064298153,state_stamped,0.0,0.0,0.0
1787250443.065019131,1787250443.065024853,state,0.0,0.0,0.0
1787250443.066647530,1787250443.066651583,command,0.0,0.0,0.0
1787250443.134878874,1787250443.134297848,state_stamped,0.0,0.0,0.0
1787250443.134905815,1787250443.134911537,state,0.0,0.0,0.0
1787250443.136567354,1787250443.136571169,command,0.0,0.0,0.0
1787250443.194890976,1787250443.194297791,state_stamped,0.0,0.0,0.0
1787250443.194945097,1787250443.194953442,state,0.0,0.0,0.0
1787250443.196909428,1787250443.196914434,command,0.0,0.0,0.0
1787250443.264864445,1787250443.264298201,state_stamped,0.0,0.0,0.0
1787250443.264890671,1787250443.264895678,state,0.0,0.0,0.0
1787250443.266530514,1787250443.266536474,command,0.0,0.0,0.0
1787250443.334932804,1787250443.334298134,state_stamped,0.0,0.0,0.0
1787250443.334997654,1787250443.335005999,state,0.0,0.0,0.0
1787250443.336934328,1787250443.336937904,command,0.0,0.0,0.0
1787250443.404949427,1787250443.404297829,state_stamped,0.0,0.0,0.0
1787250443.404978991,1787250443.404987335,state,0.0,0.0,0.0
1787250443.406934023,1787250443.406939030,command,0.0,0.0,0.0
1787250443.464993715,1787250443.464298248,state_stamped,0.0,0.0,0.0
1787250443.465020895,1787250443.465026855,state,0.0,0.0,0.0
1787250443.466978550,1787250443.466984510,command,0.0,0.0,0.0
1787250443.534856558,1787250443.534298182,state_stamped,0.0,0.0,0.0
1787250443.534940958,1787250443.534949064,state,0.0,0.0,0.0
1787250443.536524296,1787250443.536529779,command,0.0,0.0,0.0
1787250443.604968786,1787250443.604298115,state_stamped,0.0,0.0,0.0
1787250443.605004549,1787250443.605012894,state,0.0,0.0,0.0
1787250443.607503414,1787250443.607508659,command,0.0,0.0,0.0
1787250443.665003061,1787250443.664298058,state_stamped,0.0,0.0,0.0
1787250443.665027142,1787250443.665032864,state,0.0,0.0,0.0
1787250443.667055607,1787250443.667062759,command,0.0,0.0,0.0
1787250443.734868288,1787250443.734298229,state_stamped,0.0,0.0,0.0
1787250443.734913826,1787250443.734921932,state,0.0,0.0,0.0
1787250443.736570597,1787250443.736576319,command,0.0,0.0,0.0
1787250443.804879189,1787250443.804297686,state_stamped,0.0,0.0,0.0
1787250443.804921150,1787250443.804929018,state,0.0,0.0,0.0
1787250443.806872606,1787250443.806877136,command,0.0,0.0,0.0
1787250443.864982605,1787250443.864297867,state_stamped,0.0,0.0,0.0
1787250443.865038395,1787250443.865046740,state,0.0,0.0,0.0
1787250443.866669416,1787250443.866674185,command,0.0,0.0,0.0
1787250443.934895754,1787250443.934298038,state_stamped,0.0,0.0,0.0
1787250443.934976816,1787250443.934981585,state,0.0,0.0,0.0
1787250443.936586380,1787250443.936589479,command,0.0,0.0,0.0
1787250444.004997969,1787250444.005004406,state,0.0,0.0,0.0
1787250444.005045652,1787250444.004298210,state_stamped,0.0,0.0,0.0
1787250444.006942034,1787250444.006948948,command,0.0,0.0,0.0
1787250444.065047026,1787250444.065052748,state,0.0,0.0,0.0
1787250444.065085411,1787250444.064298153,state_stamped,0.0,0.0,0.0
1787250444.066733837,1787250444.066742182,command,0.0,0.0,0.0
1787250444.134919643,1787250444.134297848,state_stamped,0.0,0.0,0.0
1787250444.134959221,1787250444.134966612,state,0.0,0.0,0.0
1787250444.136591434,1787250444.136599064,command,0.0,0.0,0.0
1787250444.205096722,1787250444.204298019,state_stamped,0.0,0.0,0.0
1787250444.205196381,1787250444.205203772,state,0.0,0.0,0.0
1787250444.206784964,1787250444.206792593,command,0.0,0.0,0.0
1787250444.265178680,1787250444.265181780,state,0.0,0.0,0.0
1787250444.265208483,1787250444.264298201,state_stamped,0.0,0.0,0.0
1787250444.266913891,1787250444.266921520,command,0.0,0.0,0.0
1787250444.334913254,1787250444.334297895,state_stamped,0.0,0.0,0.0
1787250444.334996462,1787250444.335004330,state,0.0,0.0,0.0
1787250444.336598158,1787250444.336603642,command,0.0,0.0,0.0
1787250444.405064821,1787250444.404298306,state_stamped,0.0,0.0,0.0
1787250444.405166626,1787250444.405174732,state,0.0,0.0,0.0
1787250444.406773806,1787250444.406780958,command,0.0,0.0,0.0
1787250444.465073347,1787250444.464297771,state_stamped,0.0,0.0,0.0
1787250444.465100288,1787250444.465104818,state,0.0,0.0,0.0
1787250444.466765881,1787250444.466773748,command,0.0,0.0,0.0
1787250444.534892559,1787250444.534298420,state_stamped,0.0,0.0,0.0
1787250444.534980059,1787250444.534987926,state,0.0,0.0,0.0
1787250444.536569118,1787250444.536572456,command,0.0,0.0,0.0
1787250444.605034590,1787250444.604298115,state_stamped,0.0,0.0,0.0
1787250444.605080128,1787250444.605087757,state,0.0,0.0,0.0
1787250444.606751442,1787250444.606758595,command,0.0,0.0,0.0
1787250444.665086985,1787250444.664302111,state_stamped,0.0,0.0,0.0
1787250444.665126562,1787250444.665134430,state,0.0,0.0,0.0
1787250444.666792870,1787250444.666798115,command,0.0,0.0,0.0
1787250444.735074282,1787250444.735079765,state,0.0,0.0,0.0
1787250444.735122442,1787250444.734297752,state_stamped,0.0,0.0,0.0
1787250444.736695290,1787250444.736699104,command,0.0,0.0,0.0
1787250444.805108309,1787250444.804297686,state_stamped,0.0,0.0,0.0
1787250444.805196285,1787250444.805201292,state,0.0,0.0,0.0
1787250444.806759119,1787250444.806764126,command,0.0,0.0,0.0
1787250444.865113258,1787250444.864299059,state_stamped,0.0,0.0,0.0
1787250444.865155935,1787250444.865163326,state,0.0,0.0,0.0
1787250444.867018223,1787250444.867023468,command,0.0,0.0,0.0
1787250444.935011864,1787250444.934297800,state_stamped,0.0,0.0,0.0
1787250444.935100555,1787250444.935108662,state,0.0,0.0,0.0
1787250444.936704159,1787250444.936707497,command,0.0,0.0,0.0
1787250445.005109310,1787250445.004297733,state_stamped,0.0,0.0,0.0
1787250445.005194902,1787250445.005203247,state,0.0,0.0,0.0
1787250445.007033348,1787250445.007040977,command,0.0,0.0,0.0
1787250445.065168142,1787250445.065175772,state,0.0,0.0,0.0
1787250445.065282583,1787250445.064301729,state_stamped,0.0,0.0,0.0
1787250445.066855907,1787250445.066863298,command,0.0,0.0,0.0
1787250445.135013342,1787250445.134298325,state_stamped,0.0,0.0,0.0
1787250445.135092020,1787250445.135099649,state,0.0,0.0,0.0
1787250445.136710644,1787250445.136715889,command,0.0,0.0,0.0
1787250445.205094814,1787250445.204298496,state_stamped,0.0,0.0,0.0
1787250445.205181837,1787250445.205189943,state,0.0,0.0,0.0
1787250445.206766129,1787250445.206773520,command,0.0,0.0,0.0
1787250445.265006304,1787250445.264297962,state_stamped,0.0,0.0,0.0
1787250445.265111208,1787250445.265119076,state,0.0,0.0,0.0
1787250445.266674757,1787250445.266680241,command,0.0,0.0,0.0
1787250445.334894180,1787250445.334297895,state_stamped,0.0,0.0,0.0
1787250445.334988117,1787250445.334995747,state,0.0,0.0,0.0
1787250445.336538553,1787250445.336541653,command,0.0,0.0,0.0
1787250445.405049086,1787250445.404297829,state_stamped,0.0,0.0,0.0
1787250445.405143261,1787250445.405151129,state,0.0,0.0,0.0
1787250445.407004118,1787250445.407008886,command,0.0,0.0,0.0
1787250445.465145588,1787250445.464297771,state_stamped,0.0,0.0,0.0
1787250445.465181351,1787250445.465191603,state,0.0,0.0,0.0
1787250445.467035532,1787250445.467038870,command,0.0,0.0,0.0
1787250445.534897089,1787250445.534297943,state_stamped,0.0,0.0,0.0
1787250445.534992695,1787250445.535000086,state,0.0,0.0,0.0
1787250445.536903620,1787250445.536906958,command,0.0,0.0,0.0
1787250445.604981422,1787250445.604989529,state,0.0,0.0,0.0
1787250445.605052710,1787250445.604297876,state_stamped,0.0,0.0,0.0
1787250445.607562065,1787250445.607567549,command,0.0,0.0,0.0
1787250445.665174007,1787250445.665179253,state,0.0,0.0,0.0
1787250445.665229321,1787250445.664298296,state_stamped,0.0,0.0,0.0
1787250445.666949749,1787250445.666953325,command,0.0,0.0,0.0
1787250445.735070467,1787250445.735078335,state,0.0,0.0,0.0
1787250445.735132694,1787250445.734297752,state_stamped,0.0,0.0,0.0
1787250445.736798048,1787250445.736801386,command,0.0,0.0,0.0
1787250445.805114985,1787250445.804297924,state_stamped,0.0,0.0,0.0
1787250445.805182219,1787250445.805189610,state,0.0,0.0,0.0
1787250445.807066679,1787250445.807070255,command,0.0,0.0,0.0
1787250445.865159273,1787250445.864297867,state_stamped,0.0,0.0,0.0
1787250445.865207434,1787250445.865215302,state,0.0,0.0,0.0
1787250445.866763830,1787250445.866768360,command,0.0,0.0,0.0
1787250445.935050726,1787250445.934298038,state_stamped,0.0,0.0,0.0
1787250445.935110331,1787250445.935118437,state,0.0,0.0,0.0
1787250445.937022209,1787250445.937025785,command,0.0,0.0,0.0
1787250446.005135298,1787250446.005144119,state,0.0,0.0,0.0
1787250446.005212784,1787250446.004297972,state_stamped,0.0,0.0,0.0
1787250446.007189035,1787250446.007191896,command,0.0,0.0,0.0
1787250446.065001726,1787250446.064297915,state_stamped,0.0,0.0,0.0
1787250446.065044880,1787250446.065052986,state,0.0,0.0,0.0
1787250446.066705704,1787250446.066708565,command,0.0,0.0,0.0
1787250446.134890079,1787250446.134298086,state_stamped,0.0,0.0,0.0
1787250446.134933949,1787250446.134942293,state,0.0,0.0,0.0
1787250446.136512518,1787250446.136515379,command,0.0,0.0,0.0
1787250446.205005407,1787250446.204298019,state_stamped,0.0,0.0,0.0
1787250446.205056190,1787250446.205064535,state,0.0,0.0,0.0
1787250446.206671953,1787250446.206676483,command,0.0,0.0,0.0
1787250446.264988661,1787250446.264996529,state,0.0,0.0,0.0
1787250446.265048742,1787250446.264298916,state_stamped,0.0,0.0,0.0
1787250446.266631365,1787250446.266637087,command,0.0,0.0,0.0
1787250446.334998131,1787250446.335003138,state,0.0,0.0,0.0
1787250446.335039139,1787250446.334298372,state_stamped,0.0,0.0,0.0
1787250446.336652994,1787250446.336656094,command,0.0,0.0,0.0
1787250446.405121803,1787250446.404298306,state_stamped,0.0,0.0,0.0
1787250446.405158281,1787250446.405166388,state,0.0,0.0,0.0
1787250446.406776667,1787250446.406779289,command,0.0,0.0,0.0
1787250446.464988708,1787250446.464996576,state,0.0,0.0,0.0
1787250446.465116501,1787250446.464298487,state_stamped,0.0,0.0,0.0
1787250446.466635704,1787250446.466639042,command,0.0,0.0,0.0
1787250446.535011053,1787250446.534298658,state_stamped,0.0,0.0,0.0
1787250446.535084963,1787250446.535093307,state,0.0,0.0,0.0
1787250446.536650419,1787250446.536653519,command,0.0,0.0,0.0
1787250446.605126381,1787250446.604298353,state_stamped,0.0,0.0,0.0
1787250446.605219841,1787250446.605227947,state,0.0,0.0,0.0
1787250446.606760740,1787250446.606763601,command,0.0,0.0,0.0
1787250446.665140390,1787250446.664297819,state_stamped,0.0,0.0,0.0
1787250446.665185213,1787250446.665193319,state,0.0,0.0,0.0
1787250446.666729212,1787250446.666732073,command,0.0,0.0,0.0
1787250446.734925270,1787250446.734297752,state_stamped,0.0,0.0,0.0
1787250446.734972239,1787250446.734981775,state,0.0,0.0,0.0
1787250446.736530542,1787250446.736533165,command,0.0,0.0,0.0
1787250446.804960966,1787250446.804969072,state,0.0,0.0,0.0
1787250446.805043221,1787250446.804298162,state_stamped,0.0,0.0,0.0
1787250446.806600332,1787250446.806603193,command,0.0,0.0,0.0
1787250446.864948034,1787250446.864952803,state,0.0,0.0,0.0
1787250446.865017891,1787250446.864298105,state_stamped,0.0,0.0,0.0
1787250446.866587162,1787250446.866589785,command,0.0,0.0,0.0
1787250446.934914351,1787250446.934298038,state_stamped,0.0,0.0,0.0
1787250446.934960127,1787250446.934969664,state,0.0,0.0,0.0
1787250446.936472654,1787250446.936475039,command,0.0,0.0,0.0
1787250447.004949808,1787250447.004957676,state,0.0,0.0,0.0
1787250447.005070448,1787250447.004298210,state_stamped,0.0,0.0,0.0
1787250447.006831169,1787250447.006833076,command,0.0,0.0,0.0
1787250447.064926624,1787250447.064931631,state,0.0,0.0,0.0
1787250447.064977169,1787250447.064297915,state_stamped,0.0,0.0,0.0
1787250447.066595316,1787250447.066597939,command,0.0,0.0,0.0
1787250447.134860754,1787250447.134864807,state,0.0,0.0,0.0
1787250447.134964943,1787250447.134298325,state_stamped,0.0,0.0,0.0
1787250447.136512995,1787250447.136515617,command,0.0,0.0,0.0
1787250447.205081701,1787250447.205086231,state,0.0,0.0,0.0
1787250447.205142498,1787250447.204298019,state_stamped,0.0,0.0,0.0
1787250447.206786633,1787250447.206789494,command,0.0,0.0,0.0
1787250447.265042067,1787250447.265048504,state,0.0,0.0,0.0
1787250447.265097380,1787250447.264298677,state_stamped,0.0,0.0,0.0
1787250447.266769171,1787250447.266771793,command,0.0,0.0,0.0
1787250447.335069895,1787250447.334297895,state_stamped,0.0,0.0,0.0
1787250447.335114002,1787250447.335121870,state,0.0,0.0,0.0
1787250447.336654186,1787250447.336658955,command,0.0,0.0,0.0
1787250447.405047894,1787250447.404297829,state_stamped,0.0,0.0,0.0
1787250447.405085802,1787250447.405093908,state,0.0,0.0,0.0
1787250447.407040834,1787250447.407043934,command,0.0,0.0,0.0
1787250447.465108156,1787250447.464298010,state_stamped,0.0,0.0,0.0
1787250447.465188980,1787250447.465196609,state,0.0,0.0,0.0
1787250447.467022657,1787250447.467025518,command,0.0,0.0,0.0
1787250447.535013676,1787250447.534298182,state_stamped,0.0,0.0,0.0
1787250447.535096407,1787250447.535101414,state,0.0,0.0,0.0
1787250447.536989689,1787250447.536992788,command,0.0,0.0,0.0
1787250447.604946136,1787250447.604298353,state_stamped,0.0,0.0,0.0
1787250447.604999781,1787250447.605007887,state,0.0,0.0,0.0
1787250447.607540846,1787250447.607544422,command,0.0,0.0,0.0
1787250447.664910555,1787250447.664298534,state_stamped,0.0,0.0,0.0
1787250447.665019751,1787250447.665027857,state,0.0,0.0,0.0
1787250447.666738510,1787250447.666741133,command,0.0,0.0,0.0
1787250447.734966755,1787250447.734298229,state_stamped,0.0,0.0,0.0
1787250447.735043526,1787250447.735051632,state,0.0,0.0,0.0
1787250447.737055302,1787250447.737058163,command,0.0,0.0,0.0
1787250447.805092096,1787250447.804297924,state_stamped,0.0,0.0,0.0
1787250447.805178404,1787250447.805186272,state,0.0,0.0,0.0
1787250447.807082176,1787250447.807084799,command,0.0,0.0,0.0
1787250447.864872456,1787250447.864877224,state,0.0,0.0,0.0
1787250447.864926577,1787250447.864298582,state_stamped,0.0,0.0,0.0
1787250447.866649151,1787250447.866652250,command,0.0,0.0,0.0
1787250447.934921265,1787250447.934298038,state_stamped,0.0,0.0,0.0
1787250447.934957743,1787250447.934967995,state,0.0,0.0,0.0
1787250447.937263727,1787250447.937266350,command,0.0,0.0,0.0
1787250448.005085230,1787250448.004297972,state_stamped,0.0,0.0,0.0
1787250448.005194187,1787250448.005202770,state,0.0,0.0,0.0
1787250448.007235050,1787250448.007238150,command,0.0,0.0,0.0
1787250448.064928293,1787250448.064297915,state_stamped,0.0,0.0,0.0
1787250448.064969063,1787250448.064974070,state,0.0,0.0,0.0
1787250448.067015648,1787250448.067019224,command,0.0,0.0,0.0
1787250448.134752035,1787250448.134298563,state_stamped,0.0,0.0,0.0
1787250448.134844065,1787250448.134852171,state,0.0,0.0,0.0
1787250448.136492014,1787250448.136494637,command,0.0,0.0,0.0
1787250448.204906940,1787250448.204298258,state_stamped,0.0,0.0,0.0
1787250448.204994917,1787250448.205002546,state,0.0,0.0,0.0
1787250448.206928015,1787250448.206930876,command,0.0,0.0,0.0
1787250448.264859200,1787250448.264299393,state_stamped,0.0,0.0,0.0
1787250448.264902353,1787250448.264909983,state,0.0,0.0,0.0
1787250448.266938210,1787250448.266941071,command,0.0,0.0,0.0
1787250448.334951878,1787250448.334298134,state_stamped,0.0,0.0,0.0
1787250448.335036516,1787250448.335044146,state,0.0,0.0,0.0
1787250448.336999893,1787250448.337002993,command,0.0,0.0,0.0
1787250448.404999971,1787250448.404298067,state_stamped,0.0,0.0,0.0
1787250448.405101299,1787250448.405106544,state,0.0,0.0,0.0
1787250448.407070160,1787250448.407073259,command,0.0,0.0,0.0
1787250448.464823008,1787250448.464298248,state_stamped,0.0,0.0,0.0
1787250448.464925528,1787250448.464933395,state,0.0,0.0,0.0
1787250448.466599464,1787250448.466602325,command,0.0,0.0,0.0
1787250448.534845352,1787250448.534298182,state_stamped,0.0,0.0,0.0
1787250448.534883022,1787250448.534889460,state,0.0,0.0,0.0
1787250448.536561012,1787250448.536563635,command,0.0,0.0,0.0
1787250448.604846001,1787250448.604853153,state,0.0,0.0,0.0
1787250448.604961634,1787250448.604298115,state_stamped,0.0,0.0,0.0
1787250448.606609583,1787250448.606613159,command,0.0,0.0,0.0
1787250448.664807796,1787250448.664298058,state_stamped,0.0,0.0,0.0
1787250448.664910793,1787250448.664918900,state,0.0,0.0,0.0
1787250448.666590214,1787250448.666593313,command,0.0,0.0,0.0
1787250448.734821558,1787250448.734297752,state_stamped,0.0,0.0,0.0
1787250448.734864473,1787250448.734874487,state,0.0,0.0,0.0
1787250448.736536503,1787250448.736539125,command,0.0,0.0,0.0
1787250448.804930925,1787250448.804297924,state_stamped,0.0,0.0,0.0
1787250448.804980516,1787250448.804988384,state,0.0,0.0,0.0
1787250448.806600809,1787250448.806604385,command,0.0,0.0,0.0
1787250448.864910603,1787250448.864298344,state_stamped,0.0,0.0,0.0
1787250448.864963770,1787250448.864971876,state,0.0,0.0,0.0
1787250448.866592884,1787250448.866595745,command,0.0,0.0,0.0
1787250448.934783220,1787250448.934298038,state_stamped,0.0,0.0,0.0
1787250448.934877157,1787250448.934885263,state,0.0,0.0,0.0
1787250448.936573744,1787250448.936576605,command,0.0,0.0,0.0
1787250449.004844427,1787250449.004297972,state_stamped,0.0,0.0,0.0
1787250449.004948378,1787250449.004957199,state,0.0,0.0,0.0
1787250449.006778955,1787250449.006782055,command,0.0,0.0,0.0
1787250449.064839602,1787250449.064298153,state_stamped,0.0,0.0,0.0
1787250449.064879417,1787250449.064884901,state,0.0,0.0,0.0
1787250449.066582203,1787250449.066585064,command,0.0,0.0,0.0
1787250449.134763241,1787250449.134298086,state_stamped,0.0,0.0,0.0
1787250449.134803534,1787250449.134808779,state,0.0,0.0,0.0
1787250449.136518002,1787250449.136520147,command,0.0,0.0,0.0
1787250449.204840422,1787250449.204298019,state_stamped,0.0,0.0,0.0
1787250449.204957724,1787250449.204965830,state,0.0,0.0,0.0
1787250449.206599951,1787250449.206603050,command,0.0,0.0,0.0
1787250449.264793396,1787250449.264298201,state_stamped,0.0,0.0,0.0
1787250449.264831066,1787250449.264838696,state,0.0,0.0,0.0
1787250449.266547680,1787250449.266550541,command,0.0,0.0,0.0
1787250449.334762812,1787250449.334297895,state_stamped,0.0,0.0,0.0
1787250449.334854126,1787250449.334862232,state,0.0,0.0,0.0
1787250449.336548805,1787250449.336551189,command,0.0,0.0,0.0
1787250449.404846668,1787250449.404297829,state_stamped,0.0,0.0,0.0
1787250449.404942751,1787250449.404947996,state,0.0,0.0,0.0
1787250449.406590223,1787250449.406593084,command,0.0,0.0,0.0
1787250449.464814901,1787250449.464298248,state_stamped,0.0,0.0,0.0
1787250449.464849234,1787250449.464856386,state,0.0,0.0,0.0
1787250449.466593742,1787250449.466598034,command,0.0,0.0,0.0
1787250449.534771442,1787250449.534298420,state_stamped,0.0,0.0,0.0
1787250449.534807920,1787250449.534815311,state,0.0,0.0,0.0
1787250449.536571026,1787250449.536575317,command,0.0,0.0,0.0
1787250449.604871988,1787250449.604301214,state_stamped,0.0,0.0,0.0
1787250449.604917288,1787250449.604924917,state,0.0,0.0,0.0
1787250449.606915236,1787250449.606919527,command,0.0,0.0,0.0
1787250449.665043354,1787250449.664298296,state_stamped,0.0,0.0,0.0
1787250449.665093899,1787250449.665102243,state,0.0,0.0,0.0
1787250449.667247057,1787250449.667250872,command,0.0,0.0,0.0
1787250449.734882832,1787250449.734298468,state_stamped,0.0,0.0,0.0
1787250449.734982729,1787250449.734990835,state,0.0,0.0,0.0
1787250449.736630201,1787250449.736632824,command,0.0,0.0,0.0
1787250449.805000544,1787250449.804297924,state_stamped,0.0,0.0,0.0
1787250449.805106878,1787250449.805116177,state,0.0,0.0,0.0
1787250449.806694746,1787250449.806697369,command,0.0,0.0,0.0
1787250449.864982367,1787250449.864298105,state_stamped,0.0,0.0,0.0
1787250449.865039825,1787250449.865048170,state,0.0,0.0,0.0
1787250449.866644382,1787250449.866647005,command,0.0,0.0,0.0
1787250449.934779406,1787250449.934298277,state_stamped,0.0,0.0,0.0
1787250449.934809923,1787250449.934814930,state,0.0,0.0,0.0
1787250449.936450005,1787250449.936457157,command,0.0,0.0,0.0
1787250450.005052567,1787250450.004297972,state_stamped,0.0,0.0,0.0
1787250450.005155563,1787250450.005163670,state,0.0,0.0,0.0
1787250450.007262707,1787250450.007268190,command,0.0,0.0,0.0
1787250450.065033674,1787250450.064298391,state_stamped,0.0,0.0,0.0
1787250450.065133572,1787250450.065141439,state,0.0,0.0,0.0
1787250450.067106485,1787250450.067111731,command,0.0,0.0,0.0
1787250450.134828806,1787250450.134298086,state_stamped,0.0,0.0,0.0
1787250450.134857416,1787250450.134865761,state,0.0,0.0,0.0
1787250450.136631250,1787250450.136634588,command,0.0,0.0,0.0
1787250450.205029488,1787250450.204297781,state_stamped,0.0,0.0,0.0
1787250450.205132723,1787250450.205142021,state,0.0,0.0,0.0
1787250450.207070827,1787250450.207075119,command,0.0,0.0,0.0
1787250450.264960289,1787250450.264297962,state_stamped,0.0,0.0,0.0
1787250450.264998436,1787250450.265003443,state,0.0,0.0,0.0
1787250450.266657591,1787250450.266662121,command,0.0,0.0,0.0
1787250450.334982872,1787250450.334990501,state,0.0,0.0,0.0
1787250450.335041761,1787250450.334297895,state_stamped,0.0,0.0,0.0
1787250450.336746454,1787250450.336750031,command,0.0,0.0,0.0
1787250450.404925585,1787250450.404298067,state_stamped,0.0,0.0,0.0
1787250450.405038834,1787250450.405047178,state,0.0,0.0,0.0
1787250450.406696796,1787250450.406700373,command,0.0,0.0,0.0
1787250450.465065241,1787250450.465073347,state,0.0,0.0,0.0
1787250450.465178251,1787250450.464298248,state_stamped,0.0,0.0,0.0
1787250450.466728687,1787250450.466732740,command,0.0,0.0,0.0
1787250450.535009384,1787250450.534297705,state_stamped,0.0,0.0,0.0
1787250450.535058022,1787250450.535066605,state,0.0,0.0,0.0
1787250450.536761999,1787250450.536766052,command,0.0,0.0,0.0
1787250450.605108261,1787250450.604298353,state_stamped,0.0,0.0,0.0
1787250450.605161905,1787250450.605170965,state,0.0,0.0,0.0
1787250450.607116699,1787250450.607119799,command,0.0,0.0,0.0
1787250450.665055037,1787250450.665062666,state,0.0,0.0,0.0
1787250450.665169954,1787250450.664298058,state_stamped,0.0,0.0,0.0
1787250450.667058468,1787250450.667061090,command,0.0,0.0,0.0
1787250450.734998465,1787250450.734297752,state_stamped,0.0,0.0,0.0
1787250450.735048294,1787250450.735056639,state,0.0,0.0,0.0
1787250450.736707926,1787250450.736712456,command,0.0,0.0,0.0
1787250450.804987431,1787250450.804297924,state_stamped,0.0,0.0,0.0
1787250450.805032492,1787250450.805041075,state,0.0,0.0,0.0
1787250450.807054281,1787250450.807058334,command,0.0,0.0,0.0
1787250450.864989996,1787250450.864997625,state,0.0,0.0,0.0
1787250450.865050554,1787250450.864297867,state_stamped,0.0,0.0,0.0
1787250450.867047071,1787250450.867050409,command,0.0,0.0,0.0
1787250450.934903383,1787250450.934908152,state,0.0,0.0,0.0
1787250450.934948683,1787250450.934298038,state_stamped,0.0,0.0,0.0
1787250450.936709166,1787250450.936712265,command,0.0,0.0,0.0
1787250451.004956245,1787250451.004964590,state,0.0,0.0,0.0
1787250451.005022526,1787250451.004297733,state_stamped,0.0,0.0,0.0
1787250451.006945133,1787250451.006950617,command,0.0,0.0,0.0
1787250451.064934969,1787250451.064298153,state_stamped,0.0,0.0,0.0
1787250451.064986229,1787250451.064993620,state,0.0,0.0,0.0
1787250451.066631794,1787250451.066635370,command,0.0,0.0,0.0
1787250451.134889841,1787250451.134298563,state_stamped,0.0,0.0,0.0
1787250451.134922504,1787250451.134930372,state,0.0,0.0,0.0
1787250451.136695623,1787250451.136701584,command,0.0,0.0,0.0
1787250451.204988003,1787250451.204298019,state_stamped,0.0,0.0,0.0
1787250451.205017567,1787250451.205023289,state,0.0,0.0,0.0
1787250451.207093716,1787250451.207099676,command,0.0,0.0,0.0
1787250451.265182972,1787250451.265186548,state,0.0,0.0,0.0
1787250451.265216351,1787250451.264298439,state_stamped,0.0,0.0,0.0
1787250451.266871214,1787250451.266876936,command,0.0,0.0,0.0
1787250451.334905148,1787250451.334298372,state_stamped,0.0,0.0,0.0
1787250451.334936142,1787250451.334944010,state,0.0,0.0,0.0
1787250451.336872339,1787250451.336878777,command,0.0,0.0,0.0
1787250451.405050278,1787250451.404298067,state_stamped,0.0,0.0,0.0
1787250451.405078888,1787250451.405086756,state,0.0,0.0,0.0
1787250451.407161951,1787250451.407169104,command,0.0,0.0,0.0
1787250451.465043306,1787250451.464298248,state_stamped,0.0,0.0,0.0
1787250451.465121031,1787250451.465126038,state,0.0,0.0,0.0
1787250451.466899157,1787250451.466906309,command,0.0,0.0,0.0
1787250451.534753323,1787250451.534759998,state,0.0,0.0,0.0
1787250451.534808636,1787250451.534298420,state_stamped,0.0,0.0,0.0
1787250451.536636353,1787250451.536643028,command,0.0,0.0,0.0
1787250451.604966640,1787250451.604298115,state_stamped,0.0,0.0,0.0
1787250451.605013609,1787250451.605021477,state,0.0,0.0,0.0
1787250451.606640816,1787250451.606646776,command,0.0,0.0,0.0
1787250451.664866924,1787250451.664874554,state,0.0,0.0,0.0
1787250451.664933681,1787250451.664297819,state_stamped,0.0,0.0,0.0
1787250451.667446613,1787250451.667449951,command,0.0,0.0,0.0
1787250451.734856129,1787250451.734297991,state_stamped,0.0,0.0,0.0
1787250451.734902620,1787250451.734910727,state,0.0,0.0,0.0
1787250451.736597776,1787250451.736600637,command,0.0,0.0,0.0
1787250451.804952860,1787250451.804958105,state,0.0,0.0,0.0
1787250451.804999352,1787250451.804298162,state_stamped,0.0,0.0,0.0
1787250451.806718111,1787250451.806720495,command,0.0,0.0,0.0
1787250451.865047216,1787250451.865052223,state,0.0,0.0,0.0
1787250451.865093708,1787250451.864298582,state_stamped,0.0,0.0,0.0
1787250451.866850853,1787250451.866853952,command,0.0,0.0,0.0
1787250451.934858799,1787250451.934863567,state,0.0,0.0,0.0
1787250451.934898138,1787250451.934298515,state_stamped,0.0,0.0,0.0
1787250451.936634779,1787250451.936637402,command,0.0,0.0,0.0
1787250452.005012035,1787250452.004298449,state_stamped,0.0,0.0,0.0
1787250452.005054235,1787250452.005063057,state,0.0,0.0,0.0
1787250452.006930828,1787250452.006933689,command,0.0,0.0,0.0
1787250452.064894438,1787250452.064297676,state_stamped,0.0,0.0,0.0
1787250452.064981699,1787250452.064986944,state,0.0,0.0,0.0
1787250452.066717863,1787250452.066720486,command,0.0,0.0,0.0
1787250452.134926319,1787250452.134932041,state,0.0,0.0,0.0
1787250452.134974957,1787250452.134297848,state_stamped,0.0,0.0,0.0
1787250452.136719465,1787250452.136721611,command,0.0,0.0,0.0
1787250452.195087671,1787250452.195091963,state,0.0,0.0,0.0
1787250452.195130825,1787250452.194300652,state_stamped,0.0,0.0,0.0
1787250452.197115421,1787250452.197118521,command,0.0,0.0,0.0
1787250452.264999151,1787250452.264298201,state_stamped,0.0,0.0,0.0
1787250452.265037298,1787250452.265045166,state,0.0,0.0,0.0
1787250452.266810417,1787250452.266813517,command,0.0,0.0,0.0
1787250452.334884882,1787250452.334298134,state_stamped,0.0,0.0,0.0
1787250452.334916353,1787250452.334921360,state,0.0,0.0,0.0
1787250452.336716175,1787250452.336719036,command,0.0,0.0,0.0
1787250452.404949188,1787250452.404298067,state_stamped,0.0,0.0,0.0
1787250452.404990673,1787250452.404998302,state,0.0,0.0,0.0
1787250452.406702280,1787250452.406704426,command,0.0,0.0,0.0
1787250452.464955091,1787250452.464298010,state_stamped,0.0,0.0,0.0
1787250452.464986324,1787250452.464992762,state,0.0,0.0,0.0
1787250452.466742992,1787250452.466746092,command,0.0,0.0,0.0
1787250452.534985542,1787250452.534297705,state_stamped,0.0,0.0,0.0
1787250452.535019159,1787250452.535027742,state,0.0,0.0,0.0
1787250452.536758900,1787250452.536761284,command,0.0,0.0,0.0
1787250452.604999065,1787250452.604298592,state_stamped,0.0,0.0,0.0
1787250452.605099440,1787250452.605107784,state,0.0,0.0,0.0
1787250452.606784582,1787250452.606786489,command,0.0,0.0,0.0
1787250452.664978743,1787250452.664298058,state_stamped,0.0,0.0,0.0
1787250452.665006638,1787250452.665011644,state,0.0,0.0,0.0
1787250452.666777134,1787250452.666778803,command,0.0,0.0,0.0
1787250452.735031128,1787250452.735038757,state,0.0,0.0,0.0
1787250452.735090971,1787250452.734297991,state_stamped,0.0,0.0,0.0
1787250452.736835957,1787250452.736839056,command,0.0,0.0,0.0
1787250452.805087090,1787250452.804297924,state_stamped,0.0,0.0,0.0
1787250452.805171490,1787250452.805179596,state,0.0,0.0,0.0
1787250452.806763887,1787250452.806768656,command,0.0,0.0,0.0
1787250452.865069389,1787250452.864298344,state_stamped,0.0,0.0,0.0
1787250452.865112066,1787250452.865120173,state,0.0,0.0,0.0
1787250452.866740227,1787250452.866744757,command,0.0,0.0,0.0
1787250452.935040474,1787250452.934297800,state_stamped,0.0,0.0,0.0
1787250452.935085773,1787250452.935094118,state,0.0,0.0,0.0
1787250452.936662436,1787250452.936667204,command,0.0,0.0,0.0
1787250453.004975796,1787250453.004984856,state,0.0,0.0,0.0
1787250453.005039930,1787250453.004298210,state_stamped,0.0,0.0,0.0
1787250453.007295132,1787250453.007297993,command,0.0,0.0,0.0
1787250453.065017462,1787250453.064298153,state_stamped,0.0,0.0,0.0
1787250453.065108776,1787250453.065116405,state,0.0,0.0,0.0
1787250453.066928387,1787250453.066930771,command,0.0,0.0,0.0
1787250453.134945393,1787250453.134298563,state_stamped,0.0,0.0,0.0
1787250453.134997606,1787250453.135005236,state,0.0,0.0,0.0
1787250453.136784554,1787250453.136786699,command,0.0,0.0,0.0
1787250453.204938412,1787250453.204297781,state_stamped,0.0,0.0,0.0
1787250453.204978943,1787250453.204986572,state,0.0,0.0,0.0
1787250453.206763268,1787250453.206767797,command,0.0,0.0,0.0
1787250453.264872789,1787250453.264297724,state_stamped,0.0,0.0,0.0
1787250453.264970064,1787250453.264977694,state,0.0,0.0,0.0
1787250453.266816854,1787250453.266821384,command,0.0,0.0,0.0
1787250453.334790707,1787250453.334795237,state,0.0,0.0,0.0
1787250453.334849834,1787250453.334298372,state_stamped,0.0,0.0,0.0
1787250453.336720467,1787250453.336725235,command,0.0,0.0,0.0
1787250453.404883623,1787250453.404894352,state,0.0,0.0,0.0
1787250453.404957771,1787250453.404298067,state_stamped,0.0,0.0,0.0
1787250453.407608747,1787250453.407612324,command,0.0,0.0,0.0
1787250453.465029716,1787250453.465038776,state,0.0,0.0,0.0
1787250453.465108633,1787250453.464298010,state_stamped,0.0,0.0,0.0
1787250453.467148304,1787250453.467151165,command,0.0,0.0,0.0
1787250453.534977674,1787250453.534985781,state,0.0,0.0,0.0
1787250453.535086870,1787250453.534298658,state_stamped,0.0,0.0,0.0
1787250453.536892653,1787250453.536894798,command,0.0,0.0,0.0
1787250453.605030775,1787250453.605038643,state,0.0,0.0,0.0
1787250453.605142355,1787250453.604298115,state_stamped,0.0,0.0,0.0
1787250453.606894732,1787250453.606899261,command,0.0,0.0,0.0
1787250453.664878368,1787250453.664886475,state,0.0,0.0,0.0
1787250453.664943933,1787250453.664298534,state_stamped,0.0,0.0,0.0
1787250453.667455673,1787250453.667459488,command,0.0,0.0,0.0
1787250453.734975338,1787250453.734982967,state,0.0,0.0,0.0
1787250453.735035181,1787250453.734297991,state_stamped,0.0,0.0,0.0
1787250453.736986160,1787250453.736990690,command,0.0,0.0,0.0
1787250453.805012703,1787250453.805022478,state,0.0,0.0,0.0
1787250453.805087090,1787250453.804298401,state_stamped,0.0,0.0,0.0
1787250453.806969166,1787250453.806971788,command,0.0,0.0,0.0
1787250453.864912271,1787250453.864297867,state_stamped,0.0,0.0,0.0
1787250453.864953995,1787250453.864962578,state,0.0,0.0,0.0
1787250453.866803646,1787250453.866805553,command,0.0,0.0,0.0
1787250453.934852600,1787250453.934298277,state_stamped,0.0,0.0,0.0
1787250453.934893131,1787250453.934900761,state,0.0,0.0,0.0
1787250453.936681032,1787250453.936682940,command,0.0,0.0,0.0
1787250454.004905701,1787250454.004911900,state,0.0,0.0,0.0
1787250454.004952669,1787250454.004297972,state_stamped,0.0,0.0,0.0
1787250454.006943941,1787250454.006947279,command,0.0,0.0,0.0
1787250454.065044641,1787250454.064297676,state_stamped,0.0,0.0,0.0
1787250454.065081358,1787250454.065091372,state,0.0,0.0,0.0
1787250454.066929579,1787250454.066934824,command,0.0,0.0,0.0
1787250454.134971142,1787250454.134298086,state_stamped,0.0,0.0,0.0
1787250454.135028362,1787250454.135036469,state,0.0,0.0,0.0
1787250454.136817694,1787250454.136820316,command,0.0,0.0,0.0
1787250454.205035686,1787250454.204298019,state_stamped,0.0,0.0,0.0
1787250454.205092192,1787250454.205100060,state,0.0,0.0,0.0
1787250454.206865311,1787250454.206868172,command,0.0,0.0,0.0
1787250454.265037298,1787250454.264297962,state_stamped,0.0,0.0,0.0
1787250454.265095234,1787250454.265102863,state,0.0,0.0,0.0
1787250454.266840458,1787250454.266843319,command,0.0,0.0,0.0
1787250454.334960699,1787250454.334297895,state_stamped,0.0,0.0,0.0
1787250454.334990025,1787250454.334998131,state,0.0,0.0,0.0
1787250454.336777210,1787250454.336779356,command,0.0,0.0,0.0
1787250454.405013323,1787250454.404298067,state_stamped,0.0,0.0,0.0
1787250454.405063152,1787250454.405072689,state,0.0,0.0,0.0
1787250454.406840801,1787250454.406842947,command,0.0,0.0,0.0
1787250454.465024948,1787250454.464298248,state_stamped,0.0,0.0,0.0
1787250454.465131283,1787250454.465139389,state,0.0,0.0,0.0
1787250454.466848612,1787250454.466850996,command,0.0,0.0,0.0
1787250454.534962416,1787250454.534297943,state_stamped,0.0,0.0,0.0
1787250454.535010099,1787250454.535015106,state,0.0,0.0,0.0
1787250454.536762953,1787250454.536765099,command,0.0,0.0,0.0
1787250454.605012655,1787250454.604297876,state_stamped,0.0,0.0,0.0
1787250454.605061054,1787250454.605070353,state,0.0,0.0,0.0
1787250454.606822729,1787250454.606824398,command,0.0,0.0,0.0
1787250454.664880037,1787250454.664297819,state_stamped,0.0,0.0,0.0
1787250454.664956093,1787250454.664964437,state,0.0,0.0,0.0
1787250454.666733742,1787250454.666735649,command,0.0,0.0,0.0
1787250454.734959364,1787250454.734298229,state_stamped,0.0,0.0,0.0
1787250454.735014677,1787250454.735022306,state,0.0,0.0,0.0
1787250454.736783981,1787250454.736786604,command,0.0,0.0,0.0
1787250454.805063486,1787250454.804298162,state_stamped,0.0,0.0,0.0
1787250454.805104733,1787250454.805112839,state,0.0,0.0,0.0
1787250454.806821585,1787250454.806823969,command,0.0,0.0,0.0
1787250454.865056992,1787250454.864297867,state_stamped,0.0,0.0,0.0
1787250454.865098000,1787250454.865106106,state,0.0,0.0,0.0
1787250454.866835594,1787250454.866838217,command,0.0,0.0,0.0
1787250454.934983730,1787250454.934298277,state_stamped,0.0,0.0,0.0
1787250454.935016632,1787250454.935024500,state,0.0,0.0,0.0
1787250454.936779737,1787250454.936782122,command,0.0,0.0,0.0
1787250455.005095243,1787250455.004297972,state_stamped,0.0,0.0,0.0
1787250455.005136728,1787250455.005145311,state,0.0,0.0,0.0
1787250455.006999493,1787250455.007002592,command,0.0,0.0,0.0
1787250455.065057516,1787250455.064298391,state_stamped,0.0,0.0,0.0
1787250455.065126896,1787250455.065134764,state,0.0,0.0,0.0
1787250455.066874743,1787250455.066876650,command,0.0,0.0,0.0
1787250455.135002851,1787250455.135010242,state,0.0,0.0,0.0
1787250455.135048389,1787250455.134297848,state_stamped,0.0,0.0,0.0
1787250455.136786938,1787250455.136788845,command,0.0,0.0,0.0
1787250455.195126057,1787250455.194298029,state_stamped,0.0,0.0,0.0
1787250455.195168972,1787250455.195177078,state,0.0,0.0,0.0
1787250455.196778297,1787250455.196782827,command,0.0,0.0,0.0
1787250455.265023470,1787250455.264297962,state_stamped,0.0,0.0,0.0
1787250455.265111923,1787250455.265119791,state,0.0,0.0,0.0
1787250455.266854763,1787250455.266857147,command,0.0,0.0,0.0
1787250455.334902525,1787250455.334298372,state_stamped,0.0,0.0,0.0
1787250455.334994078,1787250455.335001945,state,0.0,0.0,0.0
1787250455.336760759,1787250455.336763144,command,0.0,0.0,0.0
1787250455.404984951,1787250455.404297590,state_stamped,0.0,0.0,0.0
1787250455.405012846,1787250455.405020714,state,0.0,0.0,0.0
1787250455.406844139,1787250455.406846285,command,0.0,0.0,0.0
1787250455.464986086,1787250455.464298248,state_stamped,0.0,0.0,0.0
1787250455.465017080,1787250455.465022802,state,0.0,0.0,0.0
1787250455.466700554,1787250455.466703892,command,0.0,0.0,0.0
1787250455.534908772,1787250455.534298182,state_stamped,0.0,0.0,0.0
1787250455.534939289,1787250455.534944773,state,0.0,0.0,0.0
1787250455.536776304,1787250455.536778688,command,0.0,0.0,0.0
1787250455.604973078,1787250455.604297876,state_stamped,0.0,0.0,0.0
1787250455.605001688,1787250455.605007410,state,0.0,0.0,0.0
1787250455.606823206,1787250455.606826067,command,0.0,0.0,0.0
1787250455.665056467,1787250455.665064096,state,0.0,0.0,0.0
1787250455.665112495,1787250455.664298534,state_stamped,0.0,0.0,0.0
1787250455.667806387,1787250455.667812109,command,0.0,0.0,0.0
1787250455.734773397,1787250455.734779119,state,0.0,0.0,0.0
1787250455.734813690,1787250455.734297991,state_stamped,0.0,0.0,0.0
1787250455.736615658,1787250455.736619949,command,0.0,0.0,0.0
1787250455.805065393,1787250455.805070639,state,0.0,0.0,0.0
1787250455.805115223,1787250455.804297686,state_stamped,0.0,0.0,0.0
1787250455.806912422,1787250455.806919098,command,0.0,0.0,0.0
1787250455.865022659,1787250455.865027666,state,0.0,0.0,0.0
1787250455.865123510,1787250455.864298582,state_stamped,0.0,0.0,0.0
1787250455.866906643,1787250455.866914511,command,0.0,0.0,0.0
1787250455.934926987,1787250455.934298038,state_stamped,0.0,0.0,0.0
1787250455.934959650,1787250455.934967279,state,0.0,0.0,0.0
1787250455.936846256,1787250455.936853170,command,0.0,0.0,0.0
1787250455.995098591,1787250455.995107651,state,0.0,0.0,0.0
1787250455.995178461,1787250455.994298458,state_stamped,0.0,0.0,0.0
1787250455.997821093,1787250455.997829437,command,0.0,0.0,0.0
1787250456.065034151,1787250456.064298153,state_stamped,0.0,0.0,0.0
1787250456.065110922,1787250456.065118790,state,0.0,0.0,0.0
1787250456.067006111,1787250456.067010880,command,0.0,0.0,0.0
1787250456.134931803,1787250456.134297848,state_stamped,0.0,0.0,0.0
1787250456.134959221,1787250456.134964466,state,0.0,0.0,0.0
1787250456.136908531,1787250456.136916161,command,0.0,0.0,0.0
1787250456.204971075,1787250456.204976320,state,0.0,0.0,0.0
1787250456.205014467,1787250456.204298258,state_stamped,0.0,0.0,0.0
1787250456.206957817,1787250456.206965923,command,0.0,0.0,0.0
1787250456.264825344,1787250456.264830351,state,0.0,0.0,0.0
1787250456.264862061,1787250456.264298201,state_stamped,0.0,0.0,0.0
1787250456.266584158,1787250456.266589165,command,0.0,0.0,0.0
1787250456.334944010,1787250456.334948778,state,0.0,0.0,0.0
1787250456.334988117,1787250456.334298611,state_stamped,0.0,0.0,0.0
1787250456.336830139,1787250456.336835623,command,0.0,0.0,0.0
1787250456.405017614,1787250456.405022383,state,0.0,0.0,0.0
1787250456.405122519,1787250456.404298306,state_stamped,0.0,0.0,0.0
1787250456.406930208,1787250456.406934738,command,0.0,0.0,0.0
1787250456.465005398,1787250456.465011597,state,0.0,0.0,0.0
1787250456.465049744,1787250456.464302540,state_stamped,0.0,0.0,0.0
1787250456.466730356,1787250456.466733456,command,0.0,0.0,0.0
1787250456.534956694,1787250456.534298182,state_stamped,0.0,0.0,0.0
1787250456.535008907,1787250456.535016775,state,0.0,0.0,0.0
1787250456.536674976,1787250456.536679983,command,0.0,0.0,0.0
1787250456.605022430,1787250456.604298115,state_stamped,0.0,0.0,0.0
1787250456.605112076,1787250456.605119705,state,0.0,0.0,0.0
1787250456.606755733,1787250456.606760263,command,0.0,0.0,0.0
1787250456.665005922,1787250456.665011644,state,0.0,0.0,0.0
1787250456.665054798,1787250456.664298058,state_stamped,0.0,0.0,0.0
1787250456.666693926,1787250456.666699886,command,0.0,0.0,0.0
1787250456.734931946,1787250456.734937906,state,0.0,0.0,0.0
1787250456.735027552,1787250456.734297991,state_stamped,0.0,0.0,0.0
1787250456.736851931,1787250456.736857176,command,0.0,0.0,0.0
1787250456.804800272,1787250456.804805994,state,0.0,0.0,0.0
1787250456.804843187,1787250456.804298401,state_stamped,0.0,0.0,0.0
1787250456.806849480,1787250456.806854963,command,0.0,0.0,0.0
1787250456.864962339,1787250456.864967346,state,0.0,0.0,0.0
1787250456.865003347,1787250456.864299297,state_stamped,0.0,0.0,0.0
1787250456.866784573,1787250456.866792440,command,0.0,0.0,0.0
1787250456.934906960,1787250456.934910297,state,0.0,0.0,0.0
1787250456.934964895,1787250456.934298277,state_stamped,0.0,0.0,0.0
1787250456.936857939,1787250456.936862469,command,0.0,0.0,0.0
1787250457.005020857,1787250457.005024195,state,0.0,0.0,0.0
1787250457.005064249,1787250457.004297733,state_stamped,0.0,0.0,0.0
1787250457.007136583,1787250457.007144451,command,0.0,0.0,0.0
1787250457.065016270,1787250457.065019369,state,0.0,0.0,0.0
1787250457.065057993,1787250457.064297676,state_stamped,0.0,0.0,0.0
1787250457.066957712,1787250457.066966057,command,0.0,0.0,0.0
1787250457.134946823,1787250457.134951591,state,0.0,0.0,0.0
1787250457.134994745,1787250457.134297848,state_stamped,0.0,0.0,0.0
1787250457.136853218,1787250457.136858702,command,0.0,0.0,0.0
1787250457.205031157,1787250457.205037832,state,0.0,0.0,0.0
1787250457.205080509,1787250457.204299688,state_stamped,0.0,0.0,0.0
1787250457.206804276,1787250457.206812143,command,0.0,0.0,0.0
1787250457.265027761,1787250457.264297724,state_stamped,0.0,0.0,0.0
1787250457.265079975,1787250457.265085220,state,0.0,0.0,0.0
1787250457.266767979,1787250457.266775608,command,0.0,0.0,0.0
1787250457.334967136,1787250457.334298134,state_stamped,0.0,0.0,0.0
1787250457.335021019,1787250457.335028172,state,0.0,0.0,0.0
1787250457.336674929,1787250457.336679220,command,0.0,0.0,0.0
1787250457.405018330,1787250457.404297829,state_stamped,0.0,0.0,0.0
1787250457.405067444,1787250457.405074835,state,0.0,0.0,0.0
1787250457.406764507,1787250457.406768799,command,0.0,0.0,0.0
1787250457.465009689,1787250457.465014696,state,0.0,0.0,0.0
1787250457.465058088,1787250457.464298248,state_stamped,0.0,0.0,0.0
1787250457.466931105,1787250457.466938734,command,0.0,0.0,0.0
1787250457.534899473,1787250457.534905434,state,0.0,0.0,0.0
1787250457.534951925,1787250457.534298182,state_stamped,0.0,0.0,0.0
1787250457.536870241,1787250457.536875248,command,0.0,0.0,0.0
1787250457.604971409,1787250457.604977846,state,0.0,0.0,0.0
1787250457.605023146,1787250457.604297876,state_stamped,0.0,0.0,0.0
1787250457.606905699,1787250457.606909513,command,0.0,0.0,0.0
1787250457.664962530,1787250457.664968729,state,0.0,0.0,0.0
1787250457.665030479,1787250457.664298058,state_stamped,0.0,0.0,0.0
1787250457.666926384,1787250457.666931152,command,0.0,0.0,0.0
1787250457.734764576,1787250457.734772921,state,0.0,0.0,0.0
1787250457.734828234,1787250457.734297752,state_stamped,0.0,0.0,0.0
1787250457.737614393,1787250457.737620831,command,0.0,0.0,0.0
1787250457.804978848,1787250457.804983377,state,0.0,0.0,0.0
1787250457.805026293,1787250457.804297924,state_stamped,0.0,0.0,0.0
1787250457.807064056,1787250457.807072163,command,0.0,0.0,0.0
1787250457.864954472,1787250457.864958525,state,0.0,0.0,0.0
1787250457.865002871,1787250457.864297867,state_stamped,0.0,0.0,0.0
1787250457.866924047,1787250457.866931677,command,0.0,0.0,0.0
1787250457.934899092,1787250457.934902668,state,0.0,0.0,0.0
1787250457.934932947,1787250457.934298277,state_stamped,0.0,0.0,0.0
1787250457.936682701,1787250457.936687946,command,0.0,0.0,0.0
1787250457.995070696,1787250457.995076656,state,0.0,0.0,0.0
1787250457.995122194,1787250457.994297981,state_stamped,0.0,0.0,0.0
1787250457.997255564,1787250457.997263432,command,0.0,0.0,0.0
1787250458.064986467,1787250458.064993143,state,0.0,0.0,0.0
1787250458.065084934,1787250458.064297915,state_stamped,0.0,0.0,0.0
1787250458.066928387,1787250458.066935778,command,0.0,0.0,0.0
1787250458.134960175,1787250458.134964943,state,0.0,0.0,0.0
1787250458.135006189,1787250458.134298325,state_stamped,0.0,0.0,0.0
1787250458.136644363,1787250458.136649370,command,0.0,0.0,0.0
1787250458.195063353,1787250458.195068598,state,0.0,0.0,0.0
1787250458.195116758,1787250458.194297791,state_stamped,0.0,0.0,0.0
1787250458.196941614,1787250458.196949244,command,0.0,0.0,0.0
1787250458.264984608,1787250458.264989614,state,0.0,0.0,0.0
1787250458.265036583,1787250458.264297962,state_stamped,0.0,0.0,0.0
1787250458.266885996,1787250458.266890764,command,0.0,0.0,0.0
1787250458.334953070,1787250458.334959269,state,0.0,0.0,0.0
1787250458.334992886,1787250458.334297895,state_stamped,0.0,0.0,0.0
1787250458.336647749,1787250458.336655378,command,0.0,0.0,0.0
1787250458.404979467,1787250458.404982090,state,0.0,0.0,0.0
1787250458.405037165,1787250458.404297829,state_stamped,0.0,0.0,0.0
1787250458.406754255,1787250458.406762600,command,0.0,0.0,0.0
1787250458.464870453,1787250458.464875460,state,0.0,0.0,0.0
1787250458.464916229,1787250458.464298248,state_stamped,0.0,0.0,0.0
1787250458.466577768,1787250458.466581345,command,0.0,0.0,0.0
1787250458.534954548,1787250458.534298182,state_stamped,0.0,0.0,0.0
1787250458.534984589,1787250458.534987450,state,0.0,0.0,0.0
1787250458.536632061,1787250458.536637068,command,0.0,0.0,0.0
1787250458.604963303,1787250458.604297876,state_stamped,0.0,0.0,0.0
1787250458.605001688,1787250458.605006695,state,0.0,0.0,0.0
1787250458.606642008,1787250458.606649160,command,0.0,0.0,0.0
1787250458.664854050,1787250458.664857149,state,0.0,0.0,0.0
1787250458.664927244,1787250458.664298058,state_stamped,0.0,0.0,0.0
1787250458.666822433,1787250458.666830540,command,0.0,0.0,0.0
1787250458.734886408,1787250458.734891176,state,0.0,0.0,0.0
1787250458.734930038,1787250458.734298468,state_stamped,0.0,0.0,0.0
1787250458.736569405,1787250458.736574888,command,0.0,0.0,0.0
1787250458.805007458,1787250458.805010319,state,0.0,0.0,0.0
1787250458.805042982,1787250458.804298162,state_stamped,0.0,0.0,0.0
1787250458.806733131,1787250458.806738615,command,0.0,0.0,0.0
1787250458.864866257,1787250458.864868641,state,0.0,0.0,0.0
1787250458.864927769,1787250458.864298105,state_stamped,0.0,0.0,0.0
1787250458.866608143,1787250458.866616011,command,0.0,0.0,0.0
1787250458.934939146,1787250458.934941292,state,0.0,0.0,0.0
1787250458.935002327,1787250458.934297800,state_stamped,0.0,0.0,0.0
1787250458.936684132,1787250458.936693192,command,0.0,0.0,0.0
1787250459.004909277,1787250459.004914284,state,0.0,0.0,0.0
1787250459.004985571,1787250459.004297733,state_stamped,0.0,0.0,0.0
1787250459.006822109,1787250459.006829977,command,0.0,0.0,0.0
1787250459.064896345,1787250459.064898729,state,0.0,0.0,0.0
1787250459.064960003,1787250459.064297915,state_stamped,0.0,0.0,0.0
1787250459.066667080,1787250459.066674948,command,0.0,0.0,0.0
1787250459.134965658,1787250459.134971142,state,0.0,0.0,0.0
1787250459.135005951,1787250459.134297848,state_stamped,0.0,0.0,0.0
1787250459.136626720,1787250459.136634350,command,0.0,0.0,0.0
1787250459.205035925,1787250459.205134392,state,0.0,0.0,0.0
1787250459.205063820,1787250459.204298258,state_stamped,0.0,0.0,0.0
1787250459.206627607,1787250459.206635475,command,0.0,0.0,0.0
1787250459.264959812,1787250459.264965296,state,0.0,0.0,0.0
1787250459.265002251,1787250459.264298201,state_stamped,0.0,0.0,0.0
1787250459.266610146,1787250459.266615868,command,0.0,0.0,0.0
1787250459.334899664,1787250459.334903479,state,0.0,0.0,0.0
1787250459.334944725,1787250459.334297895,state_stamped,0.0,0.0,0.0
1787250459.336552382,1787250459.336557150,command,0.0,0.0,0.0
1787250459.404923677,1787250459.404928923,state,0.0,0.0,0.0
1787250459.404968023,1787250459.404297829,state_stamped,0.0,0.0,0.0
1787250459.406598806,1787250459.406606913,command,0.0,0.0,0.0
1787250459.464926958,1787250459.464933157,state,0.0,0.0,0.0
1787250459.464975119,1787250459.464298487,state_stamped,0.0,0.0,0.0
1787250459.466579437,1787250459.466584206,command,0.0,0.0,0.0
1787250459.534891844,1787250459.534895658,state,0.0,0.0,0.0
1787250459.534924746,1787250459.534298658,state_stamped,0.0,0.0,0.0
1787250459.536549330,1787250459.536556959,command,0.0,0.0,0.0
1787250459.604949236,1787250459.604298353,state_stamped,0.0,0.0,0.0
1787250459.605018377,1787250459.605024099,state,0.0,0.0,0.0
1787250459.606633902,1787250459.606642008,command,0.0,0.0,0.0
1787250459.664921761,1787250459.664297819,state_stamped,0.0,0.0,0.0
1787250459.664957285,1787250459.664962530,state,0.0,0.0,0.0
1787250459.666610003,1787250459.666615009,command,0.0,0.0,0.0
1787250459.734754324,1787250459.734297991,state_stamped,0.0,0.0,0.0
1787250459.734813452,1787250459.734820604,state,0.0,0.0,0.0
1787250459.737337828,1787250459.737343550,command,0.0,0.0,0.0
1787250459.804955721,1787250459.804961205,state,0.0,0.0,0.0
1787250459.805000544,1787250459.804298162,state_stamped,0.0,0.0,0.0
1787250459.806776047,1787250459.806781769,command,0.0,0.0,0.0
1787250459.865004778,1787250459.864318132,state_stamped,0.0,0.0,0.0
1787250459.865047216,1787250459.865052700,state,0.0,0.0,0.0
1787250459.866732836,1787250459.866740465,command,0.0,0.0,0.0
1787250459.934861422,1787250459.934298038,state_stamped,0.0,0.0,0.0
1787250459.934929609,1787250459.934937000,state,0.0,0.0,0.0
1787250459.936588526,1787250459.936596155,command,0.0,0.0,0.0
1787250459.994971275,1787250459.994976044,state,0.0,0.0,0.0
1787250459.995056152,1787250459.994297981,state_stamped,0.0,0.0,0.0
1787250459.997071266,1787250459.997079611,command,0.0,0.0,0.0
1787250460.064939737,1787250460.064299107,state_stamped,0.0,0.0,0.0
1787250460.065020561,1787250460.065028429,state,0.0,0.0,0.0
1787250460.066727638,1787250460.066735268,command,0.0,0.0,0.0
1787250460.134915829,1787250460.134297848,state_stamped,0.0,0.0,0.0
1787250460.134954929,1787250460.134959698,state,0.0,0.0,0.0
1787250460.136682987,1787250460.136691093,command,0.0,0.0,0.0
1787250460.195007801,1787250460.195013285,state,0.0,0.0,0.0
1787250460.195092678,1787250460.194298744,state_stamped,0.0,0.0,0.0
1787250460.196676970,1787250460.196684837,command,0.0,0.0,0.0
1787250460.264889240,1787250460.264302731,state_stamped,0.0,0.0,0.0
1787250460.264928579,1787250460.264937162,state,0.0,0.0,0.0
1787250460.266505480,1787250460.266513348,command,0.0,0.0,0.0
1787250460.334911585,1787250460.334298372,state_stamped,0.0,0.0,0.0
1787250460.334939718,1787250460.334945202,state,0.0,0.0,0.0
1787250460.336552620,1787250460.336558104,command,0.0,0.0,0.0
1787250460.395021200,1787250460.395026922,state,0.0,0.0,0.0
1787250460.395060301,1787250460.394298077,state_stamped,0.0,0.0,0.0
1787250460.396653891,1787250460.396661282,command,0.0,0.0,0.0
1787250460.464882851,1787250460.464302063,state_stamped,0.0,0.0,0.0
1787250460.464919567,1787250460.464927912,state,0.0,0.0,0.0
1787250460.466511726,1787250460.466518879,command,0.0,0.0,0.0
1787250460.534900427,1787250460.534904003,state,0.0,0.0,0.0
1787250460.534979582,1787250460.534298182,state_stamped,0.0,0.0,0.0
1787250460.536557198,1787250460.536565065,command,0.0,0.0,0.0
1787250460.604938507,1787250460.604298115,state_stamped,0.0,0.0,0.0
1787250460.605024099,1787250460.605031490,state,0.0,0.0,0.0
1787250460.606845379,1787250460.606853485,command,0.0,0.0,0.0
1787250460.664922953,1787250460.664298058,state_stamped,0.0,0.0,0.0
1787250460.664948940,1787250460.664954662,state,0.0,0.0,0.0
1787250460.666883230,1787250460.666891098,command,0.0,0.0,0.0
1787250460.734914541,1787250460.734918118,state,0.0,0.0,0.0
1787250460.734981060,1787250460.734297991,state_stamped,0.0,0.0,0.0
1787250460.736592054,1787250460.736597776,command,0.0,0.0,0.0
1787250460.804930449,1787250460.804935932,state,0.0,0.0,0.0
1787250460.804974794,1787250460.804297924,state_stamped,0.0,0.0,0.0
1787250460.806785345,1787250460.806789875,command,0.0,0.0,0.0
1787250460.864915133,1787250460.864302158,state_stamped,0.0,0.0,0.0
1787250460.864950895,1787250460.864958525,state,0.0,0.0,0.0
1787250460.866804361,1787250460.866809130,command,0.0,0.0,0.0
1787250460.934819937,1787250460.934823513,state,0.0,0.0,0.0
1787250460.934922695,1787250460.934297800,state_stamped,0.0,0.0,0.0
1787250460.936427593,1787250460.936430931,command,0.0,0.0,0.0
1787250461.004919052,1787250461.004923582,state,0.0,0.0,0.0
1787250461.004973650,1787250461.004297733,state_stamped,0.0,0.0,0.0
1787250461.006968021,1787250461.006971359,command,0.0,0.0,0.0
1787250461.064920664,1787250461.064302206,state_stamped,0.0,0.0,0.0
1787250461.064961433,1787250461.064969540,state,0.0,0.0,0.0
1787250461.066769123,1787250461.066774130,command,0.0,0.0,0.0
1787250461.134862423,1787250461.134870291,state,0.0,0.0,0.0
1787250461.134930372,1787250461.134297848,state_stamped,0.0,0.0,0.0
1787250461.136415482,1787250461.136420965,command,0.0,0.0,0.0
1787250461.204905510,1787250461.204910517,state,0.0,0.0,0.0
1787250461.204956532,1787250461.204298019,state_stamped,0.0,0.0,0.0
1787250461.206782103,1787250461.206787109,command,0.0,0.0,0.0
1787250461.264979601,1787250461.264301777,state_stamped,0.0,0.0,0.0
1787250461.265030861,1787250461.265036345,state,0.0,0.0,0.0
1787250461.266788244,1787250461.266793013,command,0.0,0.0,0.0
1787250461.334845066,1787250461.334849119,state,0.0,0.0,0.0
1787250461.334892988,1787250461.334297895,state_stamped,0.0,0.0,0.0
1787250461.336725950,1787250461.336730480,command,0.0,0.0,0.0
1787250461.404912710,1787250461.404917955,state,0.0,0.0,0.0
1787250461.404966354,1787250461.404297829,state_stamped,0.0,0.0,0.0
1787250461.406545162,1787250461.406550169,command,0.0,0.0,0.0
1787250461.464978933,1787250461.464301825,state_stamped,0.0,0.0,0.0
1787250461.465030193,1787250461.465035439,state,0.0,0.0,0.0
1787250461.466565371,1787250461.466569901,command,0.0,0.0,0.0
1787250461.534854650,1787250461.534860373,state,0.0,0.0,0.0
1787250461.534902096,1787250461.534298182,state_stamped,0.0,0.0,0.0
1787250461.536482811,1787250461.536486626,command,0.0,0.0,0.0
1787250461.604918242,1787250461.604925871,state,0.0,0.0,0.0
1787250461.604978085,1787250461.604298115,state_stamped,0.0,0.0,0.0
1787250461.606521368,1787250461.606525660,command,0.0,0.0,0.0
1787250461.664954424,1787250461.664298534,state_stamped,0.0,0.0,0.0
1787250461.665000200,1787250461.665005684,state,0.0,0.0,0.0
1787250461.666523695,1787250461.666528463,command,0.0,0.0,0.0
1787250461.734775543,1787250461.734781742,state,0.0,0.0,0.0
1787250461.734837055,1787250461.734297991,state_stamped,0.0,0.0,0.0
1787250461.737399578,1787250461.737405300,command,0.0,0.0,0.0
1787250461.804936647,1787250461.804944038,state,0.0,0.0,0.0
1787250461.804997683,1787250461.804298162,state_stamped,0.0,0.0,0.0
1787250461.806711912,1787250461.806715250,command,0.0,0.0,0.0
1787250461.865048170,1787250461.865053415,state,0.0,0.0,0.0
1787250461.865092754,1787250461.864298582,state_stamped,0.0,0.0,0.0
1787250461.866694689,1787250461.866698027,command,0.0,0.0,0.0
1787250461.934889555,1787250461.934298038,state_stamped,0.0,0.0,0.0
1787250461.934931993,1787250461.934936523,state,0.0,0.0,0.0
1787250461.936822891,1787250461.936826944,command,0.0,0.0,0.0
1787250462.004905462,1787250462.004911661,state,0.0,0.0,0.0
1787250462.004966974,1787250462.004298449,state_stamped,0.0,0.0,0.0
1787250462.006998062,1787250462.007002115,command,0.0,0.0,0.0
1787250462.064917803,1787250462.064925194,state,0.0,0.0,0.0
1787250462.064970732,1787250462.064298391,state_stamped,0.0,0.0,0.0
1787250462.066604853,1787250462.066609621,command,0.0,0.0,0.0
1787250462.134862185,1787250462.134869814,state,0.0,0.0,0.0
1787250462.134929180,1787250462.134297848,state_stamped,0.0,0.0,0.0
1787250462.136432171,1787250462.136436939,command,0.0,0.0,0.0
1787250462.204979420,1787250462.204986811,state,0.0,0.0,0.0
1787250462.205035925,1787250462.204297781,state_stamped,0.0,0.0,0.0
1787250462.206899643,1787250462.206902742,command,0.0,0.0,0.0
1787250462.265005589,1787250462.264298677,state_stamped,0.0,0.0,0.0
1787250462.265095711,1787250462.265103102,state,0.0,0.0,0.0
1787250462.266613483,1787250462.266616106,command,0.0,0.0,0.0
1787250462.334866524,1787250462.334871531,state,0.0,0.0,0.0
1787250462.334921122,1787250462.334297895,state_stamped,0.0,0.0,0.0
1787250462.336822748,1787250462.336826324,command,0.0,0.0,0.0
1787250462.404921293,1787250462.404298067,state_stamped,0.0,0.0,0.0
1787250462.404952765,1787250462.404959917,state,0.0,0.0,0.0
1787250462.406855106,1787250462.406859159,command,0.0,0.0,0.0
1787250462.464958668,1787250462.464963675,state,0.0,0.0,0.0
1787250462.465001822,1787250462.464301825,state_stamped,0.0,0.0,0.0
1787250462.466911793,1787250462.466916323,command,0.0,0.0,0.0
1787250462.534869671,1787250462.534873247,state,0.0,0.0,0.0
1787250462.534910202,1787250462.534298658,state_stamped,0.0,0.0,0.0
1787250462.536880970,1787250462.536885500,command,0.0,0.0,0.0
1787250462.604924917,1787250462.604297876,state_stamped,0.0,0.0,0.0
1787250462.604954004,1787250462.604959726,state,0.0,0.0,0.0
1787250462.606870413,1787250462.606875658,command,0.0,0.0,0.0
1787250462.664830446,1787250462.664835930,state,0.0,0.0,0.0
1787250462.664876223,1787250462.664298296,state_stamped,0.0,0.0,0.0
1787250462.666507483,1787250462.666512728,command,0.0,0.0,0.0
1787250462.734894753,1787250462.734898090,state,0.0,0.0,0.0
1787250462.734929562,1787250462.734297752,state_stamped,0.0,0.0,0.0
1787250462.736518383,1787250462.736523628,command,0.0,0.0,0.0
1787250462.804965973,1787250462.804970503,state,0.0,0.0,0.0
1787250462.805016279,1787250462.804297924,state_stamped,0.0,0.0,0.0
1787250462.806940556,1787250462.806946278,command,0.0,0.0,0.0
1787250462.864854813,1787250462.864859343,state,0.0,0.0,0.0
1787250462.864905119,1787250462.864298344,state_stamped,0.0,0.0,0.0
1787250462.866819143,1787250462.866824389,command,0.0,0.0,0.0
1787250462.934749365,1787250462.934754133,state,0.0,0.0,0.0
1787250462.934853554,1787250462.934297800,state_stamped,0.0,0.0,0.0
1787250462.936462164,1787250462.936466932,command,0.0,0.0,0.0
1787250463.004966736,1787250463.004298210,state_stamped,0.0,0.0,0.0
1787250463.005008459,1787250463.005016327,state,0.0,0.0,0.0
1787250463.007067442,1787250463.007071495,command,0.0,0.0,0.0
1787250463.064858437,1787250463.064863920,state,0.0,0.0,0.0
1787250463.064960003,1787250463.064299107,state_stamped,0.0,0.0,0.0
1787250463.066862345,1787250463.066868782,command,0.0,0.0,0.0
1787250463.134860039,1787250463.134864569,state,0.0,0.0,0.0
1787250463.134906054,1787250463.134297848,state_stamped,0.0,0.0,0.0
1787250463.136612415,1787250463.136617422,command,0.0,0.0,0.0
1787250463.204948902,1787250463.204954624,state,0.0,0.0,0.0
1787250463.205002785,1787250463.204298019,state_stamped,0.0,0.0,0.0
1787250463.206961870,1787250463.206967354,command,0.0,0.0,0.0
1787250463.264985800,1787250463.264991283,state,0.0,0.0,0.0
1787250463.265089512,1787250463.264297962,state_stamped,0.0,0.0,0.0
1787250463.266672611,1787250463.266677618,command,0.0,0.0,0.0
1787250463.334782124,1787250463.334786892,state,0.0,0.0,0.0
1787250463.334836483,1787250463.334298372,state_stamped,0.0,0.0,0.0
1787250463.336766720,1787250463.336771488,command,0.0,0.0,0.0
1787250463.404827118,1787250463.404298306,state_stamped,0.0,0.0,0.0
1787250463.404865265,1787250463.404873133,state,0.0,0.0,0.0
1787250463.406862497,1787250463.406867266,command,0.0,0.0,0.0
1787250463.464823008,1787250463.464828730,state,0.0,0.0,0.0
1787250463.464940310,1787250463.464298010,state_stamped,0.0,0.0,0.0
1787250463.466843367,1787250463.466848373,command,0.0,0.0,0.0
1787250463.534912825,1787250463.534918308,state,0.0,0.0,0.0
1787250463.534993410,1787250463.534298182,state_stamped,0.0,0.0,0.0
1787250463.536897421,1787250463.536903143,command,0.0,0.0,0.0
1787250463.604956150,1787250463.604962111,state,0.0,0.0,0.0
1787250463.605011940,1787250463.604306221,state_stamped,0.0,0.0,0.0
1787250463.606950045,1787250463.606955528,command,0.0,0.0,0.0
1787250463.665000916,1787250463.665006399,state,0.0,0.0,0.0
1787250463.665111542,1787250463.664298296,state_stamped,0.0,0.0,0.0
1787250463.666974783,1787250463.666979551,command,0.0,0.0,0.0
1787250463.734796047,1787250463.734803677,state,0.0,0.0,0.0
1787250463.734861135,1787250463.734298706,state_stamped,0.0,0.0,0.0
1787250463.737554789,1787250463.737560272,command,0.0,0.0,0.0
1787250463.804831982,1787250463.804837942,state,0.0,0.0,0.0
1787250463.804886818,1787250463.804298639,state_stamped,0.0,0.0,0.0
1787250463.806753874,1787250463.806758881,command,0.0,0.0,0.0
1787250463.864792347,1787250463.864795685,state,0.0,0.0,0.0
1787250463.864840269,1787250463.864302158,state_stamped,0.0,0.0,0.0
1787250463.866610289,1787250463.866615295,command,0.0,0.0,0.0
1787250463.934727907,1787250463.934731007,state,0.0,0.0,0.0
1787250463.934767008,1787250463.934297800,state_stamped,0.0,0.0,0.0
1787250463.936803818,1787250463.936806917,command,0.0,0.0,0.0
1787250464.005006313,1787250464.005011797,state,0.0,0.0,0.0
1787250464.005066156,1787250464.004298687,state_stamped,0.0,0.0,0.0
1787250464.007113934,1787250464.007119179,command,0.0,0.0,0.0
1787250464.064932108,1787250464.064937830,state,0.0,0.0,0.0
1787250464.064987659,1787250464.064298391,state_stamped,0.0,0.0,0.0
1787250464.066670418,1787250464.066675425,command,0.0,0.0,0.0
1787250464.134865046,1787250464.134870768,state,0.0,0.0,0.0
1787250464.134935141,1787250464.134298325,state_stamped,0.0,0.0,0.0
1787250464.136923313,1787250464.136926889,command,0.0,0.0,0.0
1787250464.204900503,1787250464.204905272,state,0.0,0.0,0.0
1787250464.204951286,1787250464.204298258,state_stamped,0.0,0.0,0.0
1787250464.206895113,1787250464.206900120,command,0.0,0.0,0.0
1787250464.264889717,1787250464.264894247,state,0.0,0.0,0.0
1787250464.264932871,1787250464.264298201,state_stamped,0.0,0.0,0.0
1787250464.266576290,1787250464.266580820,command,0.0,0.0,0.0
1787250464.334825039,1787250464.334828377,state,0.0,0.0,0.0
1787250464.334867477,1787250464.334297895,state_stamped,0.0,0.0,0.0
1787250464.336892366,1787250464.336896181,command,0.0,0.0,0.0
1787250464.404926538,1787250464.404931068,state,0.0,0.0,0.0
1787250464.404978514,1787250464.404298544,state_stamped,0.0,0.0,0.0
1787250464.406617880,1787250464.406623125,command,0.0,0.0,0.0
1787250464.464929342,1787250464.464933872,state,0.0,0.0,0.0
1787250464.464990377,1787250464.464298487,state_stamped,0.0,0.0,0.0
1787250464.466643095,1787250464.466648102,command,0.0,0.0,0.0
1787250464.534873009,1787250464.534876347,state,0.0,0.0,0.0
1787250464.534972668,1787250464.534298182,state_stamped,0.0,0.0,0.0
1787250464.536936760,1787250464.536941290,command,0.0,0.0,0.0
1787250464.604955435,1787250464.604959965,state,0.0,0.0,0.0
1787250464.605006695,1787250464.604298592,state_stamped,0.0,0.0,0.0
1787250464.606963158,1787250464.606968164,command,0.0,0.0,0.0
1787250464.664890289,1787250464.664895058,state,0.0,0.0,0.0
1787250464.664939404,1787250464.664298058,state_stamped,0.0,0.0,0.0
1787250464.666921139,1787250464.666926384,command,0.0,0.0,0.0
1787250464.734737635,1787250464.734742165,state,0.0,0.0,0.0
1787250464.734840870,1787250464.734297991,state_stamped,0.0,0.0,0.0
1787250464.736849070,1787250464.736853838,command,0.0,0.0,0.0
1787250464.804805994,1787250464.804813147,state,0.0,0.0,0.0
1787250464.804883718,1787250464.804297924,state_stamped,0.0,0.0,0.0
1787250464.806846380,1787250464.806851625,command,0.0,0.0,0.0
1787250464.864787102,1787250464.864794254,state,0.0,0.0,0.0
1787250464.864851236,1787250464.864298105,state_stamped,0.0,0.0,0.0
1787250464.866827250,1787250464.866832972,command,0.0,0.0,0.0
1787250464.934691429,1787250464.934695721,state,0.0,0.0,0.0
1787250464.934784412,1787250464.934298038,state_stamped,0.0,0.0,0.0
1787250464.936779976,1787250464.936784744,command,0.0,0.0,0.0
1787250465.004821301,1787250465.004826069,state,0.0,0.0,0.0
1787250465.004916668,1787250465.004297972,state_stamped,0.0,0.0,0.0
1787250465.007044554,1787250465.007049799,command,0.0,0.0,0.0
1787250465.064914465,1787250465.064297915,state_stamped,0.0,0.0,0.0
1787250465.064961910,1787250465.064966917,state,0.0,0.0,0.0
1787250465.066882372,1787250465.066887140,command,0.0,0.0,0.0
1787250465.134769440,1787250465.134773016,state,0.0,0.0,0.0
1787250465.134853363,1787250465.134298325,state_stamped,0.0,0.0,0.0
1787250465.136813641,1787250465.136818171,command,0.0,0.0,0.0
1787250465.204982519,1787250465.204987049,state,0.0,0.0,0.0
1787250465.205080032,1787250465.204298258,state_stamped,0.0,0.0,0.0
1787250465.206974268,1787250465.206978798,command,0.0,0.0,0.0
1787250465.265069485,1787250465.264298439,state_stamped,0.0,0.0,0.0
1787250465.265099525,1787250465.265107870,state,0.0,0.0,0.0
1787250465.266979218,1787250465.266983986,command,0.0,0.0,0.0
1787250465.334913015,1787250465.334917068,state,0.0,0.0,0.0
1787250465.334996462,1787250465.334298372,state_stamped,0.0,0.0,0.0
1787250465.336930037,1787250465.336934328,command,0.0,0.0,0.0
1787250465.405001640,1787250465.405006409,state,0.0,0.0,0.0
1787250465.405085325,1787250465.404298067,state_stamped,0.0,0.0,0.0
1787250465.406978369,1787250465.406982899,command,0.0,0.0,0.0
1787250465.465080738,1787250465.464298964,state_stamped,0.0,0.0,0.0
1787250465.465110779,1787250465.465115547,state,0.0,0.0,0.0
1787250465.466993093,1787250465.466998100,command,0.0,0.0,0.0
1787250465.534919500,1787250465.534922600,state,0.0,0.0,0.0
1787250465.535002470,1787250465.534297943,state_stamped,0.0,0.0,0.0
1787250465.536931992,1787250465.536936760,command,0.0,0.0,0.0
1787250465.604965925,1787250465.604970455,state,0.0,0.0,0.0
1787250465.605057001,1787250465.604298353,state_stamped,0.0,0.0,0.0
1787250465.607047081,1787250465.607052803,command,0.0,0.0,0.0
1787250465.665091515,1787250465.664298058,state_stamped,0.0,0.0,0.0
1787250465.665123224,1787250465.665131092,state,0.0,0.0,0.0
1787250465.667002439,1787250465.667006969,command,0.0,0.0,0.0
1787250465.734859705,1787250465.734862804,state,0.0,0.0,0.0
1787250465.734900236,1787250465.734298229,state_stamped,0.0,0.0,0.0
1787250465.736569643,1787250465.736572504,command,0.0,0.0,0.0
1787250465.804953814,1787250465.804298401,state_stamped,0.0,0.0,0.0
1787250465.804997921,1787250465.805004120,state,0.0,0.0,0.0
1787250465.807652950,1787250465.807657242,command,0.0,0.0,0.0
1787250465.864885330,1787250465.864889860,state,0.0,0.0,0.0
1787250465.864931583,1787250465.864299297,state_stamped,0.0,0.0,0.0
1787250465.867057323,1787250465.867062330,command,0.0,0.0,0.0
1787250465.934766054,1787250465.934771299,state,0.0,0.0,0.0
1787250465.934863806,1787250465.934298038,state_stamped,0.0,0.0,0.0
1787250465.936988592,1787250465.936991453,command,0.0,0.0,0.0
1787250466.005089283,1787250466.004297972,state_stamped,0.0,0.0,0.0
1787250466.005137444,1787250466.005143404,state,0.0,0.0,0.0
1787250466.007334232,1787250466.007339239,command,0.0,0.0,0.0
1787250466.065045595,1787250466.064298391,state_stamped,0.0,0.0,0.0
1787250466.065070152,1787250466.065074921,state,0.0,0.0,0.0
1787250466.066746473,1787250466.066749811,command,0.0,0.0,0.0
1787250466.134776592,1787250466.134779453,state,0.0,0.0,0.0
1787250466.134863853,1787250466.134298086,state_stamped,0.0,0.0,0.0
1787250466.136843443,1787250466.136846542,command,0.0,0.0,0.0
1787250466.204766512,1787250466.204771757,state,0.0,0.0,0.0
1787250466.204814196,1787250466.204297781,state_stamped,0.0,0.0,0.0
1787250466.207183361,1787250466.207186460,command,0.0,0.0,0.0
1787250466.265055418,1787250466.265060902,state,0.0,0.0,0.0
1787250466.265090704,1787250466.264298201,state_stamped,0.0,0.0,0.0
1787250466.267318249,1787250466.267321348,command,0.0,0.0,0.0
1787250466.334852934,1787250466.334856272,state,0.0,0.0,0.0
1787250466.334895134,1787250466.334298372,state_stamped,0.0,0.0,0.0
1787250466.336643219,1787250466.336648226,command,0.0,0.0,0.0
1787250466.404989243,1787250466.404993773,state,0.0,0.0,0.0
1787250466.405080795,1787250466.404298306,state_stamped,0.0,0.0,0.0
1787250466.406996489,1787250466.407001257,command,0.0,0.0,0.0
1787250466.465073109,1787250466.465078115,state,0.0,0.0,0.0
1787250466.465118170,1787250466.464298725,state_stamped,0.0,0.0,0.0
1787250466.466835499,1787250466.466840267,command,0.0,0.0,0.0
1787250466.534903765,1787250466.534907341,state,0.0,0.0,0.0
1787250466.534993649,1787250466.534297943,state_stamped,0.0,0.0,0.0
1787250466.536965609,1787250466.536970377,command,0.0,0.0,0.0
1787250466.604950190,1787250466.604954958,state,0.0,0.0,0.0
1787250466.605042696,1787250466.604298115,state_stamped,0.0,0.0,0.0
1787250466.606981277,1787250466.606987000,command,0.0,0.0,0.0
1787250466.665049791,1787250466.664298534,state_stamped,0.0,0.0,0.0
1787250466.665082693,1787250466.665090561,state,0.0,0.0,0.0
1787250466.666986942,1787250466.666991949,command,0.0,0.0,0.0
1787250466.734882355,1787250466.734885216,state,0.0,0.0,0.0
1787250466.734966755,1787250466.734298229,state_stamped,0.0,0.0,0.0
1787250466.736925364,1787250466.736930370,command,0.0,0.0,0.0
1787250466.804963112,1787250466.804967642,state,0.0,0.0,0.0
1787250466.805053949,1787250466.804297686,state_stamped,0.0,0.0,0.0
1787250466.807009697,1787250466.807014704,command,0.0,0.0,0.0
1787250466.865101337,1787250466.864298820,state_stamped,0.0,0.0,0.0
1787250466.865129948,1787250466.865134954,state,0.0,0.0,0.0
1787250466.866989851,1787250466.866994619,command,0.0,0.0,0.0
1787250466.934918165,1787250466.934921265,state,0.0,0.0,0.0
1787250466.935001373,1787250466.934298038,state_stamped,0.0,0.0,0.0
1787250466.936946392,1787250466.936951637,command,0.0,0.0,0.0
1787250467.005032301,1787250467.005037069,state,0.0,0.0,0.0
1787250467.005132198,1787250467.004298210,state_stamped,0.0,0.0,0.0
1787250467.007161617,1787250467.007166386,command,0.0,0.0,0.0
1787250467.065003872,1787250467.065010786,state,0.0,0.0,0.0
1787250467.065096855,1787250467.064302444,state_stamped,0.0,0.0,0.0
1787250467.067028761,1787250467.067033291,command,0.0,0.0,0.0
1787250467.134787321,1787250467.134790421,state,0.0,0.0,0.0
1787250467.134866476,1787250467.134297848,state_stamped,0.0,0.0,0.0
1787250467.136597872,1787250467.136602402,command,0.0,0.0,0.0
1787250467.204913616,1787250467.204298019,state_stamped,0.0,0.0,0.0
1787250467.204948902,1787250467.204957485,state,0.0,0.0,0.0
1787250467.206936121,1787250467.206940889,command,0.0,0.0,0.0
1787250467.264929295,1787250467.264297962,state_stamped,0.0,0.0,0.0
1787250467.264964581,1787250467.264970303,state,0.0,0.0,0.0
1787250467.266915321,1787250467.266920090,command,0.0,0.0,0.0
1787250467.335019350,1787250467.335024595,state,0.0,0.0,0.0
1787250467.335066557,1787250467.334298134,state_stamped,0.0,0.0,0.0
1787250467.336965799,1787250467.336968422,command,0.0,0.0,0.0
1787250467.405042171,1787250467.405047178,state,0.0,0.0,0.0
1787250467.405077219,1787250467.404298306,state_stamped,0.0,0.0,0.0
1787250467.407003164,1787250467.407005787,command,0.0,0.0,0.0
1787250467.465072870,1787250467.465078354,state,0.0,0.0,0.0
1787250467.465107679,1787250467.464298725,state_stamped,0.0,0.0,0.0
1787250467.466997385,1787250467.467000008,command,0.0,0.0,0.0
1787250467.534889936,1787250467.534896374,state,0.0,0.0,0.0
1787250467.534934759,1787250467.534297943,state_stamped,0.0,0.0,0.0
1787250467.536962271,1787250467.536967278,command,0.0,0.0,0.0
1787250467.605009317,1787250467.604298353,state_stamped,0.0,0.0,0.0
1787250467.605046272,1787250467.605055332,state,0.0,0.0,0.0
1787250467.606974363,1787250467.606977224,command,0.0,0.0,0.0
1787250467.665024281,1787250467.665029526,state,0.0,0.0,0.0
1787250467.665066957,1787250467.664298773,state_stamped,0.0,0.0,0.0
1787250467.666964769,1787250467.666967392,command,0.0,0.0,0.0
1787250467.734812498,1787250467.734819651,state,0.0,0.0,0.0
1787250467.734863758,1787250467.734298229,state_stamped,0.0,0.0,0.0
1787250467.736529589,1787250467.736532211,command,0.0,0.0,0.0
1787250467.804826260,1787250467.804298639,state_stamped,0.0,0.0,0.0
1787250467.804886341,1787250467.804894209,state,0.0,0.0,0.0
1787250467.807502747,1787250467.807506084,command,0.0,0.0,0.0
1787250467.865060806,1787250467.864299059,state_stamped,0.0,0.0,0.0
1787250467.865098715,1787250467.865104437,state,0.0,0.0,0.0
1787250467.867070675,1787250467.867075682,command,0.0,0.0,0.0
1787250467.934892654,1787250467.934898376,state,0.0,0.0,0.0
1787250467.935006857,1787250467.934298038,state_stamped,0.0,0.0,0.0
1787250467.936604977,1787250467.936609507,command,0.0,0.0,0.0
1787250468.004948378,1787250468.004953623,state,0.0,0.0,0.0
1787250468.005002260,1787250468.004297733,state_stamped,0.0,0.0,0.0
1787250468.007184744,1787250468.007189751,command,0.0,0.0,0.0
1787250468.065025568,1787250468.065030098,state,0.0,0.0,0.0
1787250468.065068245,1787250468.064299107,state_stamped,0.0,0.0,0.0
1787250468.067041874,1787250468.067046404,command,0.0,0.0,0.0
1787250468.134904385,1787250468.134907722,state,0.0,0.0,0.0
1787250468.134942770,1787250468.134297848,state_stamped,0.0,0.0,0.0
1787250468.136961460,1787250468.136966467,command,0.0,0.0,0.0
1787250468.204950571,1787250468.204955101,state,0.0,0.0,0.0
1787250468.205039501,1787250468.204298258,state_stamped,0.0,0.0,0.0
1787250468.206947088,1787250468.206951618,command,0.0,0.0,0.0
1787250468.264909744,1787250468.264914513,state,0.0,0.0,0.0
1787250468.264954567,1787250468.264299154,state_stamped,0.0,0.0,0.0
1787250468.267006397,1787250468.267011166,command,0.0,0.0,0.0
1787250468.334767103,1787250468.334771872,state,0.0,0.0,0.0
1787250468.334858656,1787250468.334300518,state_stamped,0.0,0.0,0.0
1787250468.336547375,1787250468.336552143,command,0.0,0.0,0.0
1787250468.404958010,1787250468.404962778,state,0.0,0.0,0.0
1787250468.405041933,1787250468.404298067,state_stamped,0.0,0.0,0.0
1787250468.406987190,1787250468.406992197,command,0.0,0.0,0.0
1787250468.465020657,1787250468.465025425,state,0.0,0.0,0.0
1787250468.465068340,1787250468.464298725,state_stamped,0.0,0.0,0.0
1787250468.466993332,1787250468.466998339,command,0.0,0.0,0.0
1787250468.534912109,1787250468.534915209,state,0.0,0.0,0.0
1787250468.535002708,1787250468.534297943,state_stamped,0.0,0.0,0.0
1787250468.536641598,1787250468.536646366,command,0.0,0.0,0.0
1787250468.604934216,1787250468.604938745,state,0.0,0.0,0.0
1787250468.605011463,1787250468.604298115,state_stamped,0.0,0.0,0.0
1787250468.607000589,1787250468.607005358,command,0.0,0.0,0.0
1787250468.665066004,1787250468.665070772,state,0.0,0.0,0.0
1787250468.665110588,1787250468.664299011,state_stamped,0.0,0.0,0.0
1787250468.667008400,1787250468.667013407,command,0.0,0.0,0.0
1787250468.734965324,1787250468.734969854,state,0.0,0.0,0.0
1787250468.735055685,1787250468.734298229,state_stamped,0.0,0.0,0.0
1787250468.736749411,1787250468.736755133,command,0.0,0.0,0.0
1787250468.805027008,1787250468.805031776,state,0.0,0.0,0.0
1787250468.805093050,1787250468.804297924,state_stamped,0.0,0.0,0.0
1787250468.807074785,1787250468.807079315,command,0.0,0.0,0.0
1787250468.864989281,1787250468.864993811,state,0.0,0.0,0.0
1787250468.865050793,1787250468.864298820,state_stamped,0.0,0.0,0.0
1787250468.867010117,1787250468.867014647,command,0.0,0.0,0.0
1787250468.934895039,1787250468.934900045,state,0.0,0.0,0.0
1787250468.934938669,1787250468.934298277,state_stamped,0.0,0.0,0.0
1787250468.936689615,1787250468.936692953,command,0.0,0.0,0.0
1787250469.004986525,1787250469.004991531,state,0.0,0.0,0.0
1787250469.005099773,1787250469.004297733,state_stamped,0.0,0.0,0.0
1787250469.007231712,1787250469.007236719,command,0.0,0.0,0.0
1787250469.065098286,1787250469.065103054,state,0.0,0.0,0.0
1787250469.065140963,1787250469.064299107,state_stamped,0.0,0.0,0.0
1787250469.066782951,1787250469.066785574,command,0.0,0.0,0.0
1787250469.134923935,1787250469.134927034,state,0.0,0.0,0.0
1787250469.134963512,1787250469.134298086,state_stamped,0.0,0.0,0.0
1787250469.137051344,1787250469.137056112,command,0.0,0.0,0.0
1787250469.204861879,1787250469.204866648,state,0.0,0.0,0.0
1787250469.204951286,1787250469.204298258,state_stamped,0.0,0.0,0.0
1787250469.206573963,1787250469.206578732,command,0.0,0.0,0.0
1787250469.265034914,1787250469.265039921,state,0.0,0.0,0.0
1787250469.265078306,1787250469.264302731,state_stamped,0.0,0.0,0.0
1787250469.266723156,1787250469.266725779,command,0.0,0.0,0.0
1787250469.334934473,1787250469.334937811,state,0.0,0.0,0.0
1787250469.335012436,1787250469.334298372,state_stamped,0.0,0.0,0.0
1787250469.336699486,1787250469.336702824,command,0.0,0.0,0.0
1787250469.404824495,1787250469.404827833,state,0.0,0.0,0.0
1787250469.404912472,1787250469.404298067,state_stamped,0.0,0.0,0.0
1787250469.406541824,1787250469.406546593,command,0.0,0.0,0.0
1787250469.464909077,1787250469.464914083,state,0.0,0.0,0.0
1787250469.465006351,1787250469.464300394,state_stamped,0.0,0.0,0.0
1787250469.466637611,1787250469.466640472,command,0.0,0.0,0.0
1787250469.534854650,1787250469.534858465,state,0.0,0.0,0.0
1787250469.534953117,1787250469.534297943,state_stamped,0.0,0.0,0.0
1787250469.536719561,1787250469.536722183,command,0.0,0.0,0.0
1787250469.604962826,1787250469.604967117,state,0.0,0.0,0.0
1787250469.605051279,1787250469.604298115,state_stamped,0.0,0.0,0.0
1787250469.606754541,1787250469.606759310,command,0.0,0.0,0.0
1787250469.665068150,1787250469.664302588,state_stamped,0.0,0.0,0.0
1787250469.665100813,1787250469.665107012,state,0.0,0.0,0.0
1787250469.666745186,1787250469.666750193,command,0.0,0.0,0.0
1787250469.734881878,1787250469.734885216,state,0.0,0.0,0.0
1787250469.734963179,1787250469.734297752,state_stamped,0.0,0.0,0.0
1787250469.736685753,1787250469.736690760,command,0.0,0.0,0.0
1787250469.804820776,1787250469.804829597,state,0.0,0.0,0.0
1787250469.804892302,1787250469.804298162,state_stamped,0.0,0.0,0.0
1787250469.807472706,1787250469.807476044,command,0.0,0.0,0.0
1787250469.865086794,1787250469.864302158,state_stamped,0.0,0.0,0.0
1787250469.865126133,1787250469.865129709,state,0.0,0.0,0.0
1787250469.866897821,1787250469.866900921,command,0.0,0.0,0.0
1787250469.934917927,1787250469.934921503,state,0.0,0.0,0.0
1787250469.934953451,1787250469.934298038,state_stamped,0.0,0.0,0.0
1787250469.936733007,1787250469.936735630,command,0.0,0.0,0.0
1787250470.005017757,1787250470.005022764,state,0.0,0.0,0.0
1787250470.005114317,1787250470.004298210,state_stamped,0.0,0.0,0.0
1787250470.007237196,1787250470.007240772,command,0.0,0.0,0.0
1787250470.065058708,1787250470.065063715,state,0.0,0.0,0.0
1787250470.065104246,1787250470.064302444,state_stamped,0.0,0.0,0.0
1787250470.067048550,1787250470.067051172,command,0.0,0.0,0.0
1787250470.134920359,1787250470.134923935,state,0.0,0.0,0.0
1787250470.135005236,1787250470.134298325,state_stamped,0.0,0.0,0.0
1787250470.136707306,1787250470.136712074,command,0.0,0.0,0.0
1787250470.204937696,1787250470.204942942,state,0.0,0.0,0.0
1787250470.205039501,1787250470.204297781,state_stamped,0.0,0.0,0.0
1787250470.206723213,1787250470.206728220,command,0.0,0.0,0.0
1787250470.265065432,1787250470.265070677,state,0.0,0.0,0.0
1787250470.265111208,1787250470.264302254,state_stamped,0.0,0.0,0.0
1787250470.266728163,1787250470.266730547,command,0.0,0.0,0.0
1787250470.334899664,1787250470.334906816,state,0.0,0.0,0.0
1787250470.334992647,1787250470.334298134,state_stamped,0.0,0.0,0.0
1787250470.336688042,1787250470.336693048,command,0.0,0.0,0.0
1787250470.404967308,1787250470.404972315,state,0.0,0.0,0.0
1787250470.405058861,1787250470.404298306,state_stamped,0.0,0.0,0.0
1787250470.406719685,1787250470.406724691,command,0.0,0.0,0.0
1787250470.465094090,1787250470.464302540,state_stamped,0.0,0.0,0.0
1787250470.465125322,1787250470.465130329,state,0.0,0.0,0.0
1787250470.466736555,1787250470.466741562,command,0.0,0.0,0.0
1787250470.534935474,1787250470.534940958,state,0.0,0.0,0.0
1787250470.535030127,1787250470.534297943,state_stamped,0.0,0.0,0.0
1787250470.536720276,1787250470.536725283,command,0.0,0.0,0.0
1787250470.605015755,1787250470.605020761,state,0.0,0.0,0.0
1787250470.605079651,1787250470.604298353,state_stamped,0.0,0.0,0.0
1787250470.607028008,1787250470.607032776,command,0.0,0.0,0.0
1787250470.664996624,1787250470.665001392,state,0.0,0.0,0.0
1787250470.665033817,1787250470.664302588,state_stamped,0.0,0.0,0.0
1787250470.667017221,1787250470.667020082,command,0.0,0.0,0.0
1787250470.734892368,1787250470.734897137,state,0.0,0.0,0.0
1787250470.734939337,1787250470.734298229,state_stamped,0.0,0.0,0.0
1787250470.736748219,1787250470.736753941,command,0.0,0.0,0.0
1787250470.804999590,1787250470.805004597,state,0.0,0.0,0.0
1787250470.805096865,1787250470.804297924,state_stamped,0.0,0.0,0.0
1787250470.806742430,1787250470.806747437,command,0.0,0.0,0.0
1787250470.865010500,1787250470.865015268,state,0.0,0.0,0.0
1787250470.865104437,1787250470.864302397,state_stamped,0.0,0.0,0.0
1787250470.867050409,1787250470.867053032,command,0.0,0.0,0.0
1787250470.934745073,1787250470.934748411,state,0.0,0.0,0.0
1787250470.934780121,1787250470.934297800,state_stamped,0.0,0.0,0.0
1787250470.936609030,1787250470.936612606,command,0.0,0.0,0.0
1787250471.005054235,1787250471.005059242,state,0.0,0.0,0.0
1787250471.005153179,1787250471.004298210,state_stamped,0.0,0.0,0.0
1787250471.007243633,1787250471.007246733,command,0.0,0.0,0.0
1787250471.065012932,1787250471.065018177,state,0.0,0.0,0.0
1787250471.065058470,1787250471.064302444,state_stamped,0.0,0.0,0.0
1787250471.066740513,1787250471.066743135,command,0.0,0.0,0.0
1787250471.134895802,1787250471.134899139,state,0.0,0.0,0.0
1787250471.134989023,1787250471.134298086,state_stamped,0.0,0.0,0.0
1787250471.136704206,1787250471.136708260,command,0.0,0.0,0.0
1787250471.205041170,1787250471.205045938,state,0.0,0.0,0.0
1787250471.205084324,1787250471.204298019,state_stamped,0.0,0.0,0.0
1787250471.206797838,1787250471.206802607,command,0.0,0.0,0.0
1787250471.264998436,1787250471.265003204,state,0.0,0.0,0.0
1787250471.265043259,1787250471.264297962,state_stamped,0.0,0.0,0.0
1787250471.266745567,1787250471.266750574,command,0.0,0.0,0.0
1787250471.334926367,1787250471.334929943,state,0.0,0.0,0.0
1787250471.334981918,1787250471.334298372,state_stamped,0.0,0.0,0.0
1787250471.336754322,1787250471.336759090,command,0.0,0.0,0.0
1787250471.404980183,1787250471.404985189,state,0.0,0.0,0.0
1787250471.405076027,1787250471.404298067,state_stamped,0.0,0.0,0.0
1787250471.406782866,1787250471.406787634,command,0.0,0.0,0.0
1787250471.464964867,1787250471.464970350,state,0.0,0.0,0.0
1787250471.465013266,1787250471.464312077,state_stamped,0.0,0.0,0.0
1787250471.466789961,1787250471.466794729,command,0.0,0.0,0.0
1787250471.534905672,1787250471.534910202,state,0.0,0.0,0.0
1787250471.535004854,1787250471.534297943,state_stamped,0.0,0.0,0.0
1787250471.536734819,1787250471.536739588,command,0.0,0.0,0.0
1787250471.605021715,1787250471.605026484,state,0.0,0.0,0.0
1787250471.605109930,1787250471.604298115,state_stamped,0.0,0.0,0.0
1787250471.606812239,1787250471.606817007,command,0.0,0.0,0.0
1787250471.665047646,1787250471.665053844,state,0.0,0.0,0.0
1787250471.665097952,1787250471.664298296,state_stamped,0.0,0.0,0.0
1787250471.666672707,1787250471.666675091,command,0.0,0.0,0.0
1787250471.734951496,1787250471.734956264,state,0.0,0.0,0.0
1787250471.734999180,1787250471.734297991,state_stamped,0.0,0.0,0.0
1787250471.736722708,1787250471.736727238,command,0.0,0.0,0.0
1787250471.804854155,1787250471.804861069,state,0.0,0.0,0.0
1787250471.804913759,1787250471.804298639,state_stamped,0.0,0.0,0.0
1787250471.807498455,1787250471.807503939,command,0.0,0.0,0.0
1787250471.864844799,1787250471.864297867,state_stamped,0.0,0.0,0.0
1787250471.864875793,1787250471.864881754,state,0.0,0.0,0.0
1787250471.866799831,1787250471.866802692,command,0.0,0.0,0.0
1787250471.934891939,1787250471.934896469,state,0.0,0.0,0.0
1787250471.934950829,1787250471.934298038,state_stamped,0.0,0.0,0.0
1787250471.936790466,1787250471.936793804,command,0.0,0.0,0.0
1787250472.005008221,1787250472.005013704,state,0.0,0.0,0.0
1787250472.005115509,1787250472.004297972,state_stamped,0.0,0.0,0.0
1787250472.006941080,1787250472.006944656,command,0.0,0.0,0.0
1787250472.064846992,1787250472.064852715,state,0.0,0.0,0.0
1787250472.064928770,1787250472.064298630,state_stamped,0.0,0.0,0.0
1787250472.066732883,1787250472.066738129,command,0.0,0.0,0.0
1787250472.134887457,1787250472.134892702,state,0.0,0.0,0.0
1787250472.134937525,1787250472.134298325,state_stamped,0.0,0.0,0.0
1787250472.136748552,1787250472.136752129,command,0.0,0.0,0.0
1787250472.204995155,1787250472.204298258,state_stamped,0.0,0.0,0.0
1787250472.205049276,1787250472.205054522,state,0.0,0.0,0.0
1787250472.206823111,1787250472.206830502,command,0.0,0.0,0.0
1787250472.264958858,1787250472.264964104,state,0.0,0.0,0.0
1787250472.265043020,1787250472.264298439,state_stamped,0.0,0.0,0.0
1787250472.266813517,1787250472.266823053,command,0.0,0.0,0.0
1787250472.334792376,1787250472.334797859,state,0.0,0.0,0.0
1787250472.334863186,1787250472.334297895,state_stamped,0.0,0.0,0.0
1787250472.336653233,1787250472.336658955,command,0.0,0.0,0.0
1787250472.404895544,1787250472.404298306,state_stamped,0.0,0.0,0.0
1787250472.404986620,1787250472.404994726,state,0.0,0.0,0.0
1787250472.406704664,1787250472.406708956,command,0.0,0.0,0.0
1787250472.464979887,1787250472.464298010,state_stamped,0.0,0.0,0.0
1787250472.465066433,1787250472.465071440,state,0.0,0.0,0.0
1787250472.466789961,1787250472.466795444,command,0.0,0.0,0.0
1787250472.534977198,1787250472.534985065,state,0.0,0.0,0.0
1787250472.535068750,1787250472.534297705,state_stamped,0.0,0.0,0.0
1787250472.536824465,1787250472.536831379,command,0.0,0.0,0.0
1787250472.605046272,1787250472.605054140,state,0.0,0.0,0.0
1787250472.605135202,1787250472.604297638,state_stamped,0.0,0.0,0.0
1787250472.606772900,1787250472.606780529,command,0.0,0.0,0.0
1787250472.664964437,1787250472.664298534,state_stamped,0.0,0.0,0.0
1787250472.665049314,1787250472.665053844,state,0.0,0.0,0.0
1787250472.666749954,1787250472.666755676,command,0.0,0.0,0.0
1787250472.734927416,1787250472.734297991,state_stamped,0.0,0.0,0.0
1787250472.735025406,1787250472.735033512,state,0.0,0.0,0.0
1787250472.736773968,1787250472.736780405,command,0.0,0.0,0.0
1787250472.804924965,1787250472.804933310,state,0.0,0.0,0.0
1787250472.804995060,1787250472.804297924,state_stamped,0.0,0.0,0.0
1787250472.806739569,1787250472.806744814,command,0.0,0.0,0.0
1787250472.864852190,1787250472.864857197,state,0.0,0.0,0.0
1787250472.864897013,1787250472.864298344,state_stamped,0.0,0.0,0.0
1787250472.866682053,1787250472.866687298,command,0.0,0.0,0.0
1787250472.934766293,1787250472.934297800,state_stamped,0.0,0.0,0.0
1787250472.934825659,1787250472.934833765,state,0.0,0.0,0.0
1787250472.936635971,1787250472.936639547,command,0.0,0.0,0.0
1787250473.004949093,1787250473.004298210,state_stamped,0.0,0.0,0.0
1787250473.005008221,1787250473.005016327,state,0.0,0.0,0.0
1787250473.006976604,1787250473.006984234,command,0.0,0.0,0.0
1787250473.064969540,1787250473.064974070,state,0.0,0.0,0.0
1787250473.065004110,1787250473.064297915,state_stamped,0.0,0.0,0.0
1787250473.066818476,1787250473.066823721,command,0.0,0.0,0.0
1787250473.134909630,1787250473.134298325,state_stamped,0.0,0.0,0.0
1787250473.135001183,1787250473.135009289,state,0.0,0.0,0.0
1787250473.136782646,1787250473.136787891,command,0.0,0.0,0.0
1787250473.195017576,1787250473.194298029,state_stamped,0.0,0.0,0.0
1787250473.195071697,1787250473.195080042,state,0.0,0.0,0.0
1787250473.196856499,1787250473.196861506,command,0.0,0.0,0.0
1787250473.265043497,1787250473.265048027,state,0.0,0.0,0.0
1787250473.265092134,1787250473.264297962,state_stamped,0.0,0.0,0.0
1787250473.266799688,1787250473.266804218,command,0.0,0.0,0.0
1787250473.334975958,1787250473.334984303,state,0.0,0.0,0.0
1787250473.335033894,1787250473.334297895,state_stamped,0.0,0.0,0.0
1787250473.336774826,1787250473.336779833,command,0.0,0.0,0.0
1787250473.404990911,1787250473.404998541,state,0.0,0.0,0.0
1787250473.405089378,1787250473.404298306,state_stamped,0.0,0.0,0.0
1787250473.406834841,1787250473.406839609,command,0.0,0.0,0.0
1787250473.464875937,1787250473.464880943,state,0.0,0.0,0.0
1787250473.464924097,1787250473.464297771,state_stamped,0.0,0.0,0.0
1787250473.466537237,1787250473.466542244,command,0.0,0.0,0.0
1787250473.534986973,1787250473.534298420,state_stamped,0.0,0.0,0.0
1787250473.535031080,1787250473.535039186,state,0.0,0.0,0.0
1787250473.536777020,1787250473.536782503,command,0.0,0.0,0.0
1787250473.604969025,1787250473.604297876,state_stamped,0.0,0.0,0.0
1787250473.605059624,1787250473.605067730,state,0.0,0.0,0.0
1787250473.606866360,1787250473.606871605,command,0.0,0.0,0.0
1787250473.665034294,1787250473.664297819,state_stamped,0.0,0.0,0.0
1787250473.665072203,1787250473.665076971,state,0.0,0.0,0.0
1787250473.666821003,1787250473.666826725,command,0.0,0.0,0.0
1787250473.734864950,1787250473.734298229,state_stamped,0.0,0.0,0.0
1787250473.734908581,1787250473.734916687,state,0.0,0.0,0.0
1787250473.736747742,1787250473.736753464,command,0.0,0.0,0.0
1787250473.805036545,1787250473.804311275,state_stamped,0.0,0.0,0.0
1787250473.805115938,1787250473.805123568,state,0.0,0.0,0.0
1787250473.806833506,1787250473.806838989,command,0.0,0.0,0.0
1787250473.864816189,1787250473.864824295,state,0.0,0.0,0.0
1787250473.864882946,1787250473.864297867,state_stamped,0.0,0.0,0.0
1787250473.867518902,1787250473.867524862,command,0.0,0.0,0.0
1787250473.934907913,1787250473.934298038,state_stamped,0.0,0.0,0.0
1787250473.934955359,1787250473.934962988,state,0.0,0.0,0.0
1787250473.936907291,1787250473.936913252,command,0.0,0.0,0.0
1787250474.005006075,1787250474.004298210,state_stamped,0.0,0.0,0.0
1787250474.005106688,1787250474.005114794,state,0.0,0.0,0.0
1787250474.007041931,1787250474.007049799,command,0.0,0.0,0.0
1787250474.064954996,1787250474.064298391,state_stamped,0.0,0.0,0.0
1787250474.064986229,1787250474.064991236,state,0.0,0.0,0.0
1787250474.066841364,1787250474.066846132,command,0.0,0.0,0.0
1787250474.134857893,1787250474.134298325,state_stamped,0.0,0.0,0.0
1787250474.134887934,1787250474.134895802,state,0.0,0.0,0.0
1787250474.136730671,1787250474.136735201,command,0.0,0.0,0.0
1787250474.204972506,1787250474.204298258,state_stamped,0.0,0.0,0.0
1787250474.205068111,1787250474.205075741,state,0.0,0.0,0.0
1787250474.206813097,1787250474.206817865,command,0.0,0.0,0.0
1787250474.265025377,1787250474.264297724,state_stamped,0.0,0.0,0.0
1787250474.265115499,1787250474.265120268,state,0.0,0.0,0.0
1787250474.266856670,1787250474.266861677,command,0.0,0.0,0.0
1787250474.334945440,1787250474.334298134,state_stamped,0.0,0.0,0.0
1787250474.335040331,1787250474.335048199,state,0.0,0.0,0.0
1787250474.336798906,1787250474.336803913,command,0.0,0.0,0.0
1787250474.404967785,1787250474.404298306,state_stamped,0.0,0.0,0.0
1787250474.405007124,1787250474.405014992,state,0.0,0.0,0.0
1787250474.406839371,1787250474.406843901,command,0.0,0.0,0.0
1787250474.465011358,1787250474.464298010,state_stamped,0.0,0.0,0.0
1787250474.465107918,1787250474.465112925,state,0.0,0.0,0.0
1787250474.466850996,1787250474.466856241,command,0.0,0.0,0.0
1787250474.534998894,1787250474.534297943,state_stamped,0.0,0.0,0.0
1787250474.535047054,1787250474.535054922,state,0.0,0.0,0.0
1787250474.536806583,1787250474.536811590,command,0.0,0.0,0.0
1787250474.595026731,1787250474.594298124,state_stamped,0.0,0.0,0.0
1787250474.595064878,1787250474.595072985,state,0.0,0.0,0.0
1787250474.596887112,1787250474.596891880,command,0.0,0.0,0.0
1787250474.665025473,1787250474.664298058,state_stamped,0.0,0.0,0.0
1787250474.665067434,1787250474.665076256,state,0.0,0.0,0.0
1787250474.666841507,1787250474.666846514,command,0.0,0.0,0.0
1787250474.734977722,1787250474.734985590,state,0.0,0.0,0.0
1787250474.735040665,1787250474.734297991,state_stamped,0.0,0.0,0.0
1787250474.736776114,1787250474.736781120,command,0.0,0.0,0.0
1787250474.804969311,1787250474.804298162,state_stamped,0.0,0.0,0.0
1787250474.805007458,1787250474.805014849,state,0.0,0.0,0.0
1787250474.806765556,1787250474.806770325,command,0.0,0.0,0.0
1787250474.865004778,1787250474.864298105,state_stamped,0.0,0.0,0.0
1787250474.865041971,1787250474.865050077,state,0.0,0.0,0.0
1787250474.866806030,1787250474.866810799,command,0.0,0.0,0.0
1787250474.934886694,1787250474.934298038,state_stamped,0.0,0.0,0.0
1787250474.934924841,1787250474.934932470,state,0.0,0.0,0.0
1787250474.936778545,1787250474.936783314,command,0.0,0.0,0.0
1787250475.005021334,1787250475.004298210,state_stamped,0.0,0.0,0.0
1787250475.005121708,1787250475.005129814,state,0.0,0.0,0.0
1787250475.007015467,1787250475.007020473,command,0.0,0.0,0.0
1787250475.065028191,1787250475.065035820,state,0.0,0.0,0.0
1787250475.065090418,1787250475.064297915,state_stamped,0.0,0.0,0.0
1787250475.066657782,1787250475.066662550,command,0.0,0.0,0.0
1787250475.134840012,1787250475.134298325,state_stamped,0.0,0.0,0.0
1787250475.134884834,1787250475.134892702,state,0.0,0.0,0.0
1787250475.136488438,1787250475.136492968,command,0.0,0.0,0.0
1787250475.204983711,1787250475.204991579,state,0.0,0.0,0.0
1787250475.205040455,1787250475.204297781,state_stamped,0.0,0.0,0.0
1787250475.206658840,1787250475.206663609,command,0.0,0.0,0.0
1787250475.264923811,1787250475.264297962,state_stamped,0.0,0.0,0.0
1787250475.264962912,1787250475.264970779,state,0.0,0.0,0.0
1787250475.266776085,1787250475.266781330,command,0.0,0.0,0.0
1787250475.334828854,1787250475.334836721,state,0.0,0.0,0.0
1787250475.334905624,1787250475.334299088,state_stamped,0.0,0.0,0.0
1787250475.336754084,1787250475.336759090,command,0.0,0.0,0.0
1787250475.404977560,1787250475.404985428,state,0.0,0.0,0.0
1787250475.405051470,1787250475.404297829,state_stamped,0.0,0.0,0.0
1787250475.406770468,1787250475.406775236,command,0.0,0.0,0.0
1787250475.464891672,1787250475.464899302,state,0.0,0.0,0.0
1787250475.464966059,1787250475.464298248,state_stamped,0.0,0.0,0.0
1787250475.466581583,1787250475.466586351,command,0.0,0.0,0.0
1787250475.534844637,1787250475.534852266,state,0.0,0.0,0.0
1787250475.534914017,1787250475.534297943,state_stamped,0.0,0.0,0.0
1787250475.536737204,1787250475.536742210,command,0.0,0.0,0.0
1787250475.604923725,1787250475.604931593,state,0.0,0.0,0.0
1787250475.604979992,1787250475.604298353,state_stamped,0.0,0.0,0.0
1787250475.606786489,1787250475.606791496,command,0.0,0.0,0.0
1787250475.664891720,1787250475.664896250,state,0.0,0.0,0.0
1787250475.664937496,1787250475.664314032,state_stamped,0.0,0.0,0.0
1787250475.666767120,1787250475.666771889,command,0.0,0.0,0.0
1787250475.734822989,1787250475.734828711,state,0.0,0.0,0.0
1787250475.734868050,1787250475.734298229,state_stamped,0.0,0.0,0.0
1787250475.736603498,1787250475.736608267,command,0.0,0.0,0.0
1787250475.804924965,1787250475.804932594,state,0.0,0.0,0.0
1787250475.805004597,1787250475.804298401,state_stamped,0.0,0.0,0.0
1787250475.806803703,1787250475.806808233,command,0.0,0.0,0.0
1787250475.864738226,1787250475.864744663,state,0.0,0.0,0.0
1787250475.864786148,1787250475.864259958,state_stamped,0.0,0.0,0.0
1787250475.867334604,1787250475.867341280,command,0.0,0.0,0.0
1787250475.934894562,1787250475.934902430,state,0.0,0.0,0.0
1787250475.934984922,1787250475.934298277,state_stamped,0.0,0.0,0.0
1787250475.936956167,1787250475.936960697,command,0.0,0.0,0.0
1787250476.005002975,1787250476.004298687,state_stamped,0.0,0.0,0.0
1787250476.005043268,1787250476.005051136,state,0.0,0.0,0.0
1787250476.007182598,1787250476.007188559,command,0.0,0.0,0.0
1787250476.064940691,1787250476.064945221,state,0.0,0.0,0.0
1787250476.064985752,1787250476.064297915,state_stamped,0.0,0.0,0.0
1787250476.066899776,1787250476.066904306,command,0.0,0.0,0.0
1787250476.135011435,1787250476.135019064,state,0.0,0.0,0.0
1787250476.135071278,1787250476.134297848,state_stamped,0.0,0.0,0.0
1787250476.136843681,1787250476.136848688,command,0.0,0.0,0.0
1787250476.204976797,1787250476.204984665,state,0.0,0.0,0.0
1787250476.205052137,1787250476.204299212,state_stamped,0.0,0.0,0.0
1787250476.206890821,1787250476.206895351,command,0.0,0.0,0.0
1787250476.264947414,1787250476.264952183,state,0.0,0.0,0.0
1787250476.264994860,1787250476.264298439,state_stamped,0.0,0.0,0.0
1787250476.266838551,1787250476.266844273,command,0.0,0.0,0.0
1787250476.334862709,1787250476.334870338,state,0.0,0.0,0.0
1787250476.334920883,1787250476.334298134,state_stamped,0.0,0.0,0.0
1787250476.336789846,1787250476.336794615,command,0.0,0.0,0.0
1787250476.404958010,1787250476.404965639,state,0.0,0.0,0.0
1787250476.405015707,1787250476.404299021,state_stamped,0.0,0.0,0.0
1787250476.406837225,1787250476.406842470,command,0.0,0.0,0.0
1787250476.464870691,1787250476.464878559,state,0.0,0.0,0.0
1787250476.464927435,1787250476.464298248,state_stamped,0.0,0.0,0.0
1787250476.466756344,1787250476.466762066,command,0.0,0.0,0.0
1787250476.534820557,1787250476.534828186,state,0.0,0.0,0.0
1787250476.534879208,1787250476.534298182,state_stamped,0.0,0.0,0.0
1787250476.536772490,1787250476.536777496,command,0.0,0.0,0.0
1787250476.604927063,1787250476.604934692,state,0.0,0.0,0.0
1787250476.604984522,1787250476.604298353,state_stamped,0.0,0.0,0.0
1787250476.607208967,1787250476.607213974,command,0.0,0.0,0.0
1787250476.664867878,1787250476.664872169,state,0.0,0.0,0.0
1787250476.664912701,1787250476.664298296,state_stamped,0.0,0.0,0.0
1787250476.666774511,1787250476.666780233,command,0.0,0.0,0.0
1787250476.734877110,1787250476.734884977,state,0.0,0.0,0.0
1787250476.734936476,1787250476.734298229,state_stamped,0.0,0.0,0.0
1787250476.736781120,1787250476.736788034,command,0.0,0.0,0.0
1787250476.804931164,1787250476.804938793,state,0.0,0.0,0.0
1787250476.805049896,1787250476.804298639,state_stamped,0.0,0.0,0.0
1787250476.806834221,1787250476.806841612,command,0.0,0.0,0.0
1787250476.864880562,1787250476.864885569,state,0.0,0.0,0.0
1787250476.864928484,1787250476.864297867,state_stamped,0.0,0.0,0.0
1787250476.866779566,1787250476.866786242,command,0.0,0.0,0.0
1787250476.934939146,1787250476.934298277,state_stamped,0.0,0.0,0.0
1787250476.934983015,1787250476.934990883,state,0.0,0.0,0.0
1787250476.936776161,1787250476.936783552,command,0.0,0.0,0.0
1787250477.004954100,1787250477.004297733,state_stamped,0.0,0.0,0.0
1787250477.004991531,1787250477.004999399,state,0.0,0.0,0.0
1787250477.007086039,1787250477.007092237,command,0.0,0.0,0.0
1787250477.064880371,1787250477.064297915,state_stamped,0.0,0.0,0.0
1787250477.064907312,1787250477.064912319,state,0.0,0.0,0.0
1787250477.066852808,1787250477.066858530,command,0.0,0.0,0.0
1787250477.134848356,1787250477.134298086,state_stamped,0.0,0.0,0.0
1787250477.134885311,1787250477.134892941,state,0.0,0.0,0.0
1787250477.136810780,1787250477.136816502,command,0.0,0.0,0.0
1787250477.204989433,1787250477.204297781,state_stamped,0.0,0.0,0.0
1787250477.205078602,1787250477.205083132,state,0.0,0.0,0.0
1787250477.206906796,1787250477.206912518,command,0.0,0.0,0.0
1787250477.264948130,1787250477.264298201,state_stamped,0.0,0.0,0.0
1787250477.265026569,1787250477.265030861,state,0.0,0.0,0.0
1787250477.266876221,1787250477.266881466,command,0.0,0.0,0.0
1787250477.334849119,1787250477.334297895,state_stamped,0.0,0.0,0.0
1787250477.334878683,1787250477.334882736,state,0.0,0.0,0.0
1787250477.336793423,1787250477.336798668,command,0.0,0.0,0.0
1787250477.404914618,1787250477.404298067,state_stamped,0.0,0.0,0.0
1787250477.404950380,1787250477.404958248,state,0.0,0.0,0.0
1787250477.406876087,1787250477.406881332,command,0.0,0.0,0.0
1787250477.464895725,1787250477.464298010,state_stamped,0.0,0.0,0.0
1787250477.464919567,1787250477.464924097,state,0.0,0.0,0.0
1787250477.466858387,1787250477.466864347,command,0.0,0.0,0.0
1787250477.534846544,1787250477.534298182,state_stamped,0.0,0.0,0.0
1787250477.534883738,1787250477.534891605,state,0.0,0.0,0.0
1787250477.536846161,1787250477.536851645,command,0.0,0.0,0.0
1787250477.604912281,1787250477.604298115,state_stamped,0.0,0.0,0.0
1787250477.604941845,1787250477.604947567,state,0.0,0.0,0.0
1787250477.606867790,1787250477.606872797,command,0.0,0.0,0.0
1787250477.664895773,1787250477.664298296,state_stamped,0.0,0.0,0.0
1787250477.664920330,1787250477.664925098,state,0.0,0.0,0.0
1787250477.666850090,1787250477.666855335,command,0.0,0.0,0.0
1787250477.734856367,1787250477.734297991,state_stamped,0.0,0.0,0.0
1787250477.734899044,1787250477.734907150,state,0.0,0.0,0.0
1787250477.736826897,1787250477.736832142,command,0.0,0.0,0.0
1787250477.804976225,1787250477.804301500,state_stamped,0.0,0.0,0.0
1787250477.805018902,1787250477.805026770,state,0.0,0.0,0.0
1787250477.806891918,1787250477.806897640,command,0.0,0.0,0.0
1787250477.864878654,1787250477.864885807,state,0.0,0.0,0.0
1787250477.864934921,1787250477.864298105,state_stamped,0.0,0.0,0.0
1787250477.867498159,1787250477.867502689,command,0.0,0.0,0.0
1787250477.934854507,1787250477.934860706,state,0.0,0.0,0.0
1787250477.934909582,1787250477.934298515,state_stamped,0.0,0.0,0.0
1787250477.937171459,1787250477.937177420,command,0.0,0.0,0.0
1787250478.004990578,1787250478.004298210,state_stamped,0.0,0.0,0.0
1787250478.005028963,1787250478.005036831,state,0.0,0.0,0.0
1787250478.007171869,1787250478.007177830,command,0.0,0.0,0.0
1787250478.064910173,1787250478.064298153,state_stamped,0.0,0.0,0.0
1787250478.064942837,1787250478.064948320,state,0.0,0.0,0.0
1787250478.066858053,1787250478.066863298,command,0.0,0.0,0.0
1787250478.134867907,1787250478.134297848,state_stamped,0.0,0.0,0.0
1787250478.134897947,1787250478.134904861,state,0.0,0.0,0.0
1787250478.136803627,1787250478.136809826,command,0.0,0.0,0.0
1787250478.204977512,1787250478.204298019,state_stamped,0.0,0.0,0.0
1787250478.205012083,1787250478.205019951,state,0.0,0.0,0.0
1787250478.206897259,1787250478.206902504,command,0.0,0.0,0.0
1787250478.264728785,1787250478.264732122,state,0.0,0.0,0.0
1787250478.264776945,1787250478.264297724,state_stamped,0.0,0.0,0.0
1787250478.266453028,1787250478.266458035,command,0.0,0.0,0.0
1787250478.334750891,1787250478.334756374,state,0.0,0.0,0.0
1787250478.334799528,1787250478.334297895,state_stamped,0.0,0.0,0.0
1787250478.336488724,1787250478.336495161,command,0.0,0.0,0.0
1787250478.404929638,1787250478.404937506,state,0.0,0.0,0.0
1787250478.404989719,1787250478.404302597,state_stamped,0.0,0.0,0.0
1787250478.406861067,1787250478.406866789,command,0.0,0.0,0.0
1787250478.464738131,1787250478.464741468,state,0.0,0.0,0.0
1787250478.464780807,1787250478.464298248,state_stamped,0.0,0.0,0.0
1787250478.466457367,1787250478.466462612,command,0.0,0.0,0.0
1787250478.534789562,1787250478.534795046,state,0.0,0.0,0.0
1787250478.534840345,1787250478.534298182,state_stamped,0.0,0.0,0.0
1787250478.536522865,1787250478.536528111,command,0.0,0.0,0.0
1787250478.604915857,1787250478.604921579,state,0.0,0.0,0.0
1787250478.604965210,1787250478.604302406,state_stamped,0.0,0.0,0.0
1787250478.606858969,1787250478.606864452,command,0.0,0.0,0.0
1787250478.664738894,1787250478.664298296,state_stamped,0.0,0.0,0.0
1787250478.664796591,1787250478.664800406,state,0.0,0.0,0.0
1787250478.666421175,1787250478.666426420,command,0.0,0.0,0.0
1787250478.734782696,1787250478.734789848,state,0.0,0.0,0.0
1787250478.734851837,1787250478.734298229,state_stamped,0.0,0.0,0.0
1787250478.736512423,1787250478.736519337,command,0.0,0.0,0.0
1787250478.804832935,1787250478.804302216,state_stamped,0.0,0.0,0.0
1787250478.804864407,1787250478.804871798,state,0.0,0.0,0.0
1787250478.806597710,1787250478.806603432,command,0.0,0.0,0.0
1787250478.864742756,1787250478.864297867,state_stamped,0.0,0.0,0.0
1787250478.864763975,1787250478.864767313,state,0.0,0.0,0.0
1787250478.866464615,1787250478.866469383,command,0.0,0.0,0.0
1787250478.934778690,1787250478.934297800,state_stamped,0.0,0.0,0.0
1787250478.934816360,1787250478.934821367,state,0.0,0.0,0.0
1787250478.936512470,1787250478.936518431,command,0.0,0.0,0.0
1787250479.004832983,1787250479.004838467,state,0.0,0.0,0.0
1787250479.004876614,1787250479.004302263,state_stamped,0.0,0.0,0.0
1787250479.007029772,1787250479.007036686,command,0.0,0.0,0.0
1787250479.064796925,1787250479.064297915,state_stamped,0.0,0.0,0.0
1787250479.064817429,1787250479.064821005,state,0.0,0.0,0.0
1787250479.066806555,1787250479.066811562,command,0.0,0.0,0.0
1787250479.134786367,1787250479.134298086,state_stamped,0.0,0.0,0.0
1787250479.134823799,1787250479.134828806,state,0.0,0.0,0.0
1787250479.136512995,1787250479.136518478,command,0.0,0.0,0.0
1787250479.204861879,1787250479.204866886,state,0.0,0.0,0.0
1787250479.204915047,1787250479.204302549,state_stamped,0.0,0.0,0.0
1787250479.206611395,1787250479.206617117,command,0.0,0.0,0.0
1787250479.264779806,1787250479.264785290,state,0.0,0.0,0.0
1787250479.264850378,1787250479.264297962,state_stamped,0.0,0.0,0.0
1787250479.266479254,1787250479.266484976,command,0.0,0.0,0.0
1787250479.334800482,1787250479.334805965,state,0.0,0.0,0.0
1787250479.334849119,1787250479.334298372,state_stamped,0.0,0.0,0.0
1787250479.336502552,1787250479.336507797,command,0.0,0.0,0.0
1787250479.404869795,1787250479.404875517,state,0.0,0.0,0.0
1787250479.404919386,1787250479.404301882,state_stamped,0.0,0.0,0.0
1787250479.406607389,1787250479.406612873,command,0.0,0.0,0.0
1787250479.464788914,1787250479.464794636,state,0.0,0.0,0.0
1787250479.464834929,1787250479.464297771,state_stamped,0.0,0.0,0.0
1787250479.466489792,1787250479.466495275,command,0.0,0.0,0.0
1787250479.534848213,1787250479.534853458,state,0.0,0.0,0.0
1787250479.534896851,1787250479.534298182,state_stamped,0.0,0.0,0.0
1787250479.536571741,1787250479.536577463,command,0.0,0.0,0.0
1787250479.604893684,1787250479.604899406,state,0.0,0.0,0.0
1787250479.604933977,1787250479.604302406,state_stamped,0.0,0.0,0.0
1787250479.606633902,1787250479.606639624,command,0.0,0.0,0.0
1787250479.664828777,1787250479.664834261,state,0.0,0.0,0.0
1787250479.664864540,1787250479.664298058,state_stamped,0.0,0.0,0.0
1787250479.666547060,1787250479.666552305,command,0.0,0.0,0.0
1787250479.734889030,1787250479.734298229,state_stamped,0.0,0.0,0.0
1787250479.734921694,1787250479.734928846,state,0.0,0.0,0.0
1787250479.736558676,1787250479.736564398,command,0.0,0.0,0.0
1787250479.804881334,1787250479.804885149,state,0.0,0.0,0.0
1787250479.804924250,1787250479.804298162,state_stamped,0.0,0.0,0.0
1787250479.806650639,1787250479.806655884,command,0.0,0.0,0.0
1787250479.864825010,1787250479.864830494,state,0.0,0.0,0.0
1787250479.864877224,1787250479.864297867,state_stamped,0.0,0.0,0.0
1787250479.866506100,1787250479.866508722,command,0.0,0.0,0.0
1787250479.934840918,1787250479.934849024,state,0.0,0.0,0.0
1787250479.934903622,1787250479.934298038,state_stamped,0.0,0.0,0.0
1787250479.937344074,1787250479.937348843,command,0.0,0.0,0.0
1787250480.004924059,1787250480.004930258,state,0.0,0.0,0.0
1787250480.004984379,1787250480.004297733,state_stamped,0.0,0.0,0.0
1787250480.007074833,1787250480.007078171,command,0.0,0.0,0.0
1787250480.064796686,1787250480.064801931,state,0.0,0.0,0.0
1787250480.064845324,1787250480.064297915,state_stamped,0.0,0.0,0.0
1787250480.066597700,1787250480.066603422,command,0.0,0.0,0.0
